-1.60994e-08 -1.21828e-07 4.53034e-06
0.957098 -0.00935491 0.0314176
1.9447 0.0426761 0.0263308
2.94649 0.081413 0.0374453
3.89486 0.105673 0.0439598
4.92348 0.118175 0.0417939
5.90769 0.149172 0.0452129
6.87046 0.20805 0.0543817
7.84398 0.230257 0.0652067
8.8163 0.285825 0.0504907
9.81281 0.353093 0.0536313
10.8079 0.39871 0.0617594
11.8035 0.46492 0.0766787
12.8199 0.533396 0.0898536
13.7962 0.610861 0.0812081
14.7833 0.683529 0.0769716
15.7784 0.757205 0.0824726
16.7673 0.864045 0.0833467
17.7657 0.930569 0.082475
18.7484 1.03619 0.0856634
19.7468 1.09746 0.0795716
20.7361 1.2025 0.074628
21.7357 1.28878 0.088302
22.7292 1.35022 0.084111
23.7258 1.4421 0.0751868
24.7239 1.53379 0.084406
23.719 1.47053 -3.06008
22.7263 1.36846 -3.0601
21.7458 1.26932 -3.06758
20.7337 1.19071 -3.05797
19.7422 1.1257 -3.06107
19.6561 2.11517 1.6569
19.5475 3.10387 1.6555
19.4245 4.08528 1.64113
19.3848 5.0818 1.63923
19.335 6.10111 1.63468
20.3521 6.13355 0.0711965
21.3431 6.20685 0.0714495
22.3475 6.2805 0.0774878
23.3603 6.37023 0.0754384
24.3511 6.44699 0.0940081
25.3381 6.54274 0.0996999
26.3451 6.65953 0.0895513
27.3723 6.73038 0.0916575
28.3455 6.84158 0.0885382
29.3337 6.93088 0.0769625
30.2996 7.00981 0.0764097
31.2976 7.07711 0.0840503
32.2905 7.1766 0.0684101
33.3117 7.24711 0.057783
34.2983 7.29688 0.0621485
35.3212 7.35928 0.0597345
36.3323 7.44566 0.070392
37.354 7.5313 0.0784663
38.3516 7.58673 0.0620943
39.3469 7.64798 0.0629854
40.3546 7.69417 0.0743457
41.337 7.77713 0.0738192
42.335 7.85071 0.0675776
43.3464 7.94025 0.0676092
44.3549 8.01282 0.055883
45.3481 8.06925 0.0651303
46.332 8.14182 0.0631806
47.3384 8.24683 0.0812536
48.3271 8.34152 0.0830369
49.3536 8.39909 0.0810258
49.2766 9.41874 1.65511
49.2262 10.4227 1.64391
49.1567 11.4159 1.64711
49.0778 12.419 1.64208
48.9968 13.4081 1.63837
48.9117 14.4039 1.64272
48.8486 15.3722 1.64423
48.8037 16.4019 1.63864
48.7409 17.4133 1.6379
48.6847 18.3995 1.63284
48.615 19.415 1.63811
48.5689 20.3927 1.63914
48.4901 21.4115 1.62931
48.4077 22.4154 1.6471
48.3472 23.4143 1.64738
48.2865 24.4369 1.64825
48.2242 25.4136 1.64333
48.1267 26.4226 1.64328
48.0337 27.421 1.64068
47.9904 28.4079 1.63965
47.9052 29.3803 1.63501
47.8187 30.3605 1.6346
47.7499 31.3447 1.63252
47.6771 32.3196 1.63602
47.5858 33.2296 1.60805
46.5497 33.0743 -3.13204
45.5625 32.856 3.05965
44.5772 32.6963 2.9375
43.5797 34.0095 -2.87997
42.6381 33.5969 -2.98747
42.5216 34.5353 1.69345
42.4293 35.4236 1.6508
42.3115 36.462 1.66663
42.2157 37.4434 1.64361
42.1398 38.4047 1.65673
42.0736 39.4137 1.65373
41.972 40.4219 1.65923
41.8863 41.4099 1.65574
41.8119 42.3696 1.66362
41.7223 43.3862 1.65484
41.6276 44.3953 1.65526
41.5783 45.3678 1.64939
41.489 46.3527 1.64383
41.4344 47.3083 1.6446
41.3501 48.3261 1.64709
41.2533 49.3329 1.64416
41.1603 50.3083 1.6522
41.1119 51.315 1.66076
41.0255 52.3165 1.65075
40.9507 53.3057 1.65667
39.9584 53.2045 -3.05806
38.954 53.1315 -3.05719
37.9385 53.0612 -3.05548
36.9371 52.9626 -3.04917
35.9296 52.9027 -3.05328
36.0241 51.8826 -1.48299
36.0991 50.8815 -1.48175
36.1784 49.884 -1.48618
36.2597 48.8982 -1.47199
36.3336 47.8916 -1.48915
36.3973 46.9114 -1.49666
36.4692 45.9285 -1.49432
36.5535 44.9446 -1.49737
36.6305 43.9394 -1.48726
36.7285 42.9493 -1.48258
37.7294 43.0081 0.0869307
38.7214 43.1141 0.0943804
39.7505 43.2229 0.0891306
40.7442 43.3109 0.0807114
41.724 43.3906 0.0792302
41.8122 42.388 -1.47908
41.9083 41.4154 -1.47832
41.9795 40.4245 -1.48415
42.0559 39.4288 -1.47921
42.1279 38.4201 -1.48919
42.2416 37.4524 -1.49233
42.2956 36.5019 -1.45967
42.393 35.5458 -1.43971
42.4918 34.5763 -1.41918
42.6461 33.5709 -1.42636
42.819 32.6194 -1.41276
43.0382 31.7037 -1.41824
43.1489 30.6394 -1.5245
43.1276 29.5456 -1.51919
43.153 28.528 -1.52114
42.1503 28.4997 -3.10081
41.1871 28.5358 3.1349
40.2473 28.5621 3.11055
39.2622 28.7048 3.00242
37.4678 27.5301 -2.58878
36.6611 27.1413 -2.67346
35.8065 26.7572 -2.75518
34.8941 26.4812 -2.8324
33.9455 26.2703 -2.88993
33.0099 26.1426 -2.94338
32.0574 26.0488 -2.97601
31.0911 26.0106 -3.00298
30.0908 26.0275 -3.03158
29.1165 26.0176 -3.05259
28.153 26.0319 -3.05966
27.1662 26.0526 -3.04457
26.1864 25.9777 -3.06383
25.219 25.9541 -3.06138
24.1949 25.8976 -3.06477
23.2002 25.8379 -3.0717
23.1561 26.8108 1.63193
23.0906 27.8418 1.63483
23.0419 28.8749 1.6408
22.9682 29.8915 1.63592
22.9216 30.8964 1.63979
22.8604 31.9203 1.64532
22.814 32.9545 1.64017
22.7667 33.94 1.65464
22.6895 34.974 1.65306
22.6004 35.9872 1.65907
22.5101 36.982 1.68323
22.4243 37.9889 1.68037
22.3268 38.9745 1.67449
22.2218 39.9664 1.66886
22.1349 40.9868 1.66138
22.0021 41.9714 1.66738
21.9135 42.9417 1.66741
21.7919 43.9435 1.665
21.6875 44.9429 1.67405
21.587 45.9564 1.68762
21.4544 46.9527 1.69367
21.3358 47.9494 1.68631
21.1837 48.9205 1.68805
21.0772 49.8877 1.68603
20.9499 50.8934 1.68355
19.9446 50.7668 -3.0215
18.9468 50.6563 -3.03685
17.9575 50.5164 -3.04627
16.939 50.4214 -3.05043
15.9569 50.3148 -3.06602
14.9545 50.2213 -3.05437
13.9605 50.1159 -3.05744
12.9452 50.0333 -3.05471
11.9225 49.9452 -3.03805
10.9535 49.858 -3.04317
9.95154 49.7351 -3.04149
8.95045 49.6653 -3.04722
7.94162 49.533 -3.05884
6.92876 49.464 -3.07533
5.93315 49.3781 -3.07252
4.93927 49.2901 -3.06916
3.95288 49.2202 -3.08315
2.9453 49.1822 -3.06526
1.94432 49.1277 -3.07706
0.931099 49.0136 -3.09362
-0.0583398 48.9869 -3.09993
-1.06786 48.9338 -3.10538
-2.06774 48.9183 -3.10762
-3.07427 48.871 -3.10448
-4.09668 48.8493 -3.10823
-5.11317 48.8365 -3.09511
-6.10697 48.8147 -3.08351
-7.10913 48.7665 -3.09325
-8.09992 48.7506 -3.09458
-9.09657 48.6781 -3.09534
-10.0882 48.6522 -3.08771
-11.1183 48.5938 -3.06996
-12.1249 48.5568 -3.05451
-13.115 48.486 -3.06854
-14.1082 48.4214 -3.07258
-15.1027 48.347 -3.06864
-16.0806 48.2777 -3.07226
-17.0705 48.2254 -3.08102
-18.0791 48.1561 -3.07765
-19.0956 48.0349 -3.0801
-20.1009 47.9952 -3.07458
-21.118 47.9535 -3.0664
-22.1161 47.8669 -3.06274
-23.1218 47.8181 -3.07203
-24.1106 47.7177 -3.0618
-25.1235 47.6414 -3.06446
-26.1069 47.547 -3.07732
-27.1259 47.4576 -3.06871
-28.1145 47.4167 -3.07125
-29.1098 47.3151 -3.06888
-30.1123 47.241 -3.06254
-31.1208 47.1647 -3.06595
-32.1071 47.0918 -3.0682
-33.1325 47.0472 -3.05838
-34.1193 46.9597 -3.06135
-35.1151 46.8857 -3.05438
-36.1279 46.8052 -3.04854
-37.1359 46.7158 -3.05664
-38.1263 46.6525 -3.05939
-39.1409 46.5223 -3.05693
-40.1477 46.4849 -3.05971
-41.1546 46.407 -3.07041
-42.1646 46.3519 -3.06108
-43.1659 46.2986 -3.05101
-44.1409 46.2355 -3.04163
-45.1525 46.1713 -3.04476
-46.1486 46.0598 -3.06939
-47.1528 45.9969 -3.05396
-48.1505 45.9152 -3.04563
-49.1051 45.8309 -3.04242
-50.0743 45.7321 -3.04566
-51.1103 45.6485 -3.05263
-52.109 45.5689 -3.05433
-53.129 45.4814 -3.04902
-54.1684 45.4143 -3.0447
-54.0828 44.4161 -1.4668
-53.9946 43.394 -1.46019
-53.8739 42.3708 -1.47852
-53.781 41.3792 -1.48119
-53.6778 40.365 -1.47991
-53.6108 39.3445 -1.47955
-53.5132 38.3268 -1.49529
-53.4569 37.3139 -1.48519
-53.3824 36.3283 -1.49359
-53.3132 35.337 -1.49445
-53.2218 34.3312 -1.48333
-53.127 33.334 -1.49193
-53.0599 32.3257 -1.50522
-52.9646 31.3348 -1.50023
-52.8858 30.3252 -1.49649
-52.7925 29.3262 -1.48723
-52.7249 28.3056 -1.48497
-52.6331 27.2975 -1.49067
-52.5407 26.284 -1.4735
-52.437 25.2921 -1.46958
-52.3156 24.296 -1.47862
-52.2309 23.2739 -1.48472
-52.1475 22.2969 -1.48284
-52.0472 21.3052 -1.48256
-51.9668 20.2984 -1.47793
-51.8831 19.3184 -1.4786
-51.7727 18.3124 -1.47944
-51.6768 17.3062 -1.48171
-51.5732 16.3147 -1.47691
-51.4988 15.3122 -1.47879
-51.404 14.3027 -1.48892
-51.3441 13.3099 -1.48962
-51.2863 12.2917 -1.4856
-51.194 11.3035 -1.48319
-51.0786 10.2896 -1.47649
-50.0736 10.3972 0.0986531
-49.0739 10.4772 0.096634
-48.0831 10.5569 0.0897926
-47.0992 10.6689 0.0930894
-46.1126 10.768 0.0690077
-45.1183 10.8297 0.0873888
-44.1238 10.8918 0.0782479
-43.1233 10.9592 0.0666028
-42.1286 11.0271 0.0595197
-41.1323 11.0873 0.0537346
-40.1388 11.141 0.0426659
-39.1298 11.1814 0.0439097
-38.1256 11.2264 0.0499194
-37.1748 11.2868 0.0650137
-36.1663 11.3624 0.0739211
-35.1561 11.48 0.0752035
-34.1725 11.5228 0.0894094
-33.2112 11.622 0.106792
-32.2257 11.7132 0.123197
-31.2454 11.8117 0.108906
-30.2447 11.9031 0.112193
-29.2461 12.0732 0.101699
-28.2356 12.181 0.102717
-27.254 12.2741 0.0965852
-26.2603 12.38 0.094104
-25.2527 12.4521 0.101602
-24.2552 12.574 0.0992171
-23.2617 12.7157 0.0934746
-22.2607 12.824 0.0881913
-21.2676 12.9243 0.0859956
-20.274 12.967 0.0996112
-19.274 13.0597 0.0916828
-18.2646 13.1403 0.0792385
-17.2614 13.2134 0.074672
-16.2303 13.3233 0.0793908
-15.2488 13.3887 0.0802676
-14.2444 13.4758 0.0816612
-13.2409 13.56 0.0609376
-12.2346 13.6015 0.0716045
-11.2385 13.708 0.0787299
-10.2308 13.7959 0.0703962
-9.20587 13.8828 0.0715578
-8.23552 13.962 0.0797204
-7.25418 14.0405 0.082304
-6.24005 14.0936 0.0861418
-6.31479 15.1128 1.65801
-6.34671 16.1194 1.64597
-6.40395 17.0801 1.65177
-6.48101 18.0487 1.64877
-6.58523 19.0538 1.66498
-6.66907 20.0567 1.67581
-6.75039 21.0809 1.66622
-6.89086 22.0602 1.65427
-6.96575 23.0299 1.64474
-7.05432 24.0424 1.63862
-7.10339 25.0361 1.64666
-7.18669 26.04 1.62771
-7.25676 27.0229 1.63274
-7.35181 28.0159 1.64959
-7.41733 29.0306 1.65069
-7.50912 30.0305 1.64316
-7.58736 31.0346 1.65816
-7.69338 32.032 1.66374
-7.79258 32.9897 1.66339
-7.90731 33.9774 1.69712
-8.03285 34.9572 1.68936
-8.17769 35.9613 1.69138
-8.30445 36.9443 1.69296
-8.41156 37.9084 1.69946
-8.5276 38.8461 1.69534
-8.65885 39.8069 1.65537
-8.71427 40.809 1.64317
-8.74427 41.8149 1.6445
-8.81861 42.8123 1.63326
-8.84157 43.7915 1.6321
-8.89299 44.7698 1.63554
-8.95971 45.7907 1.62292
-8.99494 46.7674 1.62315
-9.05305 47.7371 1.61698
-9.09689 48.7268 1.62185
-10.1112 48.6515 -3.08464
-11.0997 48.6001 -3.09336
-12.1095 48.5369 -3.09156
-13.1293 48.4853 -3.0712
-14.1058 48.4295 -3.06938
-15.0918 48.3552 -3.07425
-16.0988 48.2868 -3.076
-17.0785 48.2369 -3.07364
-18.0825 48.1465 -3.07053
-19.1023 48.0839 -3.07092
-20.0984 48.0274 -3.07487
-21.0979 47.9407 -3.06684
-22.0885 47.8558 -3.07091
-23.109 47.7949 -3.06795
-24.1093 47.7163 -3.07217
-25.1106 47.6149 -3.06693
-26.1112 47.5431 -3.0665
-27.1335 47.461 -3.05673
-28.1224 47.3798 -3.06482
-29.104 47.2983 -3.07487
-30.1013 47.2545 -3.0698
-31.1168 47.1961 -3.05948
-32.1284 47.116 -3.05513
-33.1336 47.0329 -3.05304
-34.1052 46.9599 -3.04748
-35.0929 46.8665 -3.04261
-36.0512 46.7701 -3.04966
-37.0555 46.6752 -3.04883
-38.0457 46.539 -3.05286
-39.068 46.4733 -3.05056
-40.0706 46.4017 -3.0649
-41.0844 46.3259 -3.06833
-42.098 46.247 -3.08389
-43.096 46.1753 -3.08778
-44.0998 46.1163 -3.06471
-45.1122 46.049 -3.06989
-46.0913 46.0026 -3.06801
-47.1084 45.9398 -3.07255
-48.1304 45.8846 -3.07557
-49.1273 45.8111 -3.06306
-50.1396 45.7401 -3.07538
-51.1261 45.6539 -3.09023
-52.1345 45.601 -3.06984
-53.1176 45.5182 -3.06064
-54.0941 45.4141 -3.06195
-54.0332 44.3717 -1.4834
-53.9473 43.3634 -1.48495
-53.8613 42.3469 -1.4868
-53.7805 41.3391 -1.48134
-53.7189 40.3602 -1.49123
-53.6446 39.3544 -1.494
-53.538 38.3434 -1.48731
-53.4483 37.3485 -1.48474
-53.3929 36.3384 -1.47973
-53.3131 35.3201 -1.48476
-53.2141 34.3078 -1.47762
-53.1249 33.2974 -1.47932
-53.0132 32.2981 -1.48368
-52.9311 31.313 -1.48978
-52.8857 30.3348 -1.48506
-52.7846 29.3195 -1.48822
-52.6881 28.3372 -1.48589
-52.6056 27.3221 -1.48709
-52.4909 26.3183 -1.48797
-52.4193 25.2814 -1.49002
-52.3281 24.3024 -1.487
-52.271 23.3194 -1.49369
-52.1666 22.2992 -1.48215
-52.0772 21.3137 -1.47836
-51.9584 20.3269 -1.4879
-51.8785 19.3166 -1.48506
-51.7815 18.3079 -1.46955
-51.6898 17.3099 -1.4828
-51.6049 16.2923 -1.4852
-51.5083 15.2987 -1.48143
-51.4128 14.3027 -1.47474
-51.3002 13.3208 -1.47931
-51.2636 12.3267 -1.47318
-51.1635 11.2723 -1.47767
-51.0641 10.2823 -1.4788
-50.9475 9.2789 -1.4713
-50.8433 8.29134 -1.4682
-50.7401 7.29771 -1.46704
-50.646 6.28325 -1.47928
-50.5975 5.3139 -1.48227
-50.5088 4.30256 -1.47767
-50.4192 3.26205 -1.48998
-50.336 2.27668 -1.49829
-50.2574 1.2681 -1.50298
-50.1557 0.254637 -1.52154
-50.0719 -0.771491 -1.5271
-49.9759 -1.80192 -1.54904
-49.9058 -2.83696 -1.57273
-49.8342 -3.9073 -1.60961
-49.8055 -4.93755 -1.63984
-49.8218 -6.03106 -1.69533
-49.903 -7.13933 -1.74234
-50.0486 -8.18694 -1.79766
-50.2168 -9.25397 -1.85894
-50.4504 -10.2984 -1.92477
-50.7031 -11.309 -1.988
-50.0654 -11.269 -1.29399
-49.764 -12.3266 -1.36543
-49.484 -13.3561 -1.44012
-49.3528 -14.3791 -1.47318
-49.2582 -15.4069 -1.47736
-49.1873 -16.4006 -1.48531
-49.1264 -17.3875 -1.48031
-49.0033 -18.4015 -1.4792
-48.9055 -19.4017 -1.47731
-48.8113 -20.3834 -1.47761
-48.7281 -21.4287 -1.49719
-48.6366 -22.4236 -1.50927
-48.5405 -23.4138 -1.51313
-48.5097 -24.4537 -1.50371
-48.4096 -25.4506 -1.51557
-48.3832 -26.4507 -1.49617
-48.3322 -27.4313 -1.49844
-48.2404 -28.447 -1.4903
-48.1476 -29.4119 -1.49069
-48.0823 -30.3955 -1.49054
-47.9966 -31.3945 -1.48627
-47.9366 -32.3827 -1.48582
-47.8407 -33.3727 -1.48565
-47.7525 -34.3573 -1.47821
-47.6712 -35.3406 -1.46652
-47.5737 -36.3151 -1.46446
-47.4663 -37.2866 -1.46965
-47.4122 -38.3065 -1.48789
-47.3579 -39.33 -1.4831
-47.289 -40.354 -1.48636
-47.2399 -41.3783 -1.48306
-47.1543 -42.3806 -1.48118
-47.0463 -43.3854 -1.48793
-46.9971 -44.3454 -1.49494
-46.8866 -45.3304 -1.48631
-46.8044 -46.3087 -1.4926
-46.6847 -47.2905 -1.48729
-46.5744 -48.3062 -1.4857
-46.5114 -49.2972 -1.48237
-46.4428 -50.3218 -1.47133
-46.3546 -51.3209 -1.47191
-46.2298 -52.3321 -1.47698
-46.1138 -53.3226 -1.47028
-46.031 -54.3303 -1.47493
-45.0332 -54.2358 0.0955194
-44.0196 -54.1151 0.0999193
-43.0167 -53.9964 0.0937527
-42.0099 -53.9193 0.0936202
-41.0117 -53.8232 0.101394
-39.998 -53.7134 0.0948109
-39.0004 -53.6381 0.0912096
-37.9889 -53.5709 0.0908344
-36.9929 -53.4528 0.106071
-36.008 -53.3524 0.102164
-34.9902 -53.2356 0.100275
-33.9798 -53.0989 0.10654
-32.952 -53.0186 0.109545
-31.9809 -52.8852 0.121002
-30.965 -52.7644 0.0971725
-29.9617 -52.6649 0.10129
-28.9717 -52.5674 0.0953674
-27.9698 -52.4168 0.0989955
-26.9887 -52.3049 0.0815524
-26.0007 -52.2097 0.0942121
-25.8767 -53.2151 -1.46965
-25.7603 -54.1827 -1.4683
-25.6752 -55.1692 -1.47753
-25.6547 -56.1708 -1.4938
-25.5863 -57.1786 -1.49634
-24.5529 -57.1257 0.079409
-23.5697 -57.0066 0.0793292
-22.5775 -56.9703 0.0935596
-21.551 -56.8589 0.07899
-20.5624 -56.7632 0.0843425
-19.5461 -56.6901 0.0800405
-18.5715 -56.6218 0.0722626
-17.5485 -56.5406 0.0895398
-16.5644 -56.4238 0.0920526
-15.5312 -56.3476 0.0870321
-14.535 -56.2576 0.0859885
-13.5453 -56.1689 0.0783846
-12.581 -56.0784 0.0684491
-11.598 -56.004 0.0634907
-10.5989 -55.9252 0.0649821
-9.59162 -55.8566 0.0699141
-8.60814 -55.7905 0.0770157
-7.59315 -55.7012 0.0709658
-6.59255 -55.6545 0.0740917
-5.59557 -55.5722 0.0861201
-4.54513 -55.51 0.106434
-3.57909 -55.428 0.109025
-2.58628 -55.358 0.0901879
-1.5693 -55.2567 0.0840769
-0.607631 -55.1479 0.0894615
0.379636 -55.0667 0.0881968
1.3688 -54.977 0.0909134
2.36923 -54.8925 0.0856636
3.3518 -54.849 0.0769079
4.36226 -54.756 0.0844805
5.35 -54.6558 0.0823363
6.34576 -54.5962 0.088779
7.3462 -54.5328 0.0808136
8.30251 -54.4283 0.0727734
9.32765 -54.3711 0.07607
10.3419 -54.3198 0.0694566
11.3458 -54.2095 0.0684774
12.32 -54.1313 0.0813621
13.3442 -54.0457 0.0827631
14.3639 -53.9902 0.0765709
15.3576 -53.8895 0.0869884
16.3625 -53.7959 0.0721208
17.3473 -53.7471 0.0847004
18.3579 -53.6693 0.081351
19.3382 -53.5709 0.0876838
20.3282 -53.49 0.0746004
21.3421 -53.4147 0.0735408
22.3343 -53.3302 0.0681642
23.3303 -53.2721 0.0589536
24.3232 -53.2152 0.0637754
25.2985 -53.1477 0.0503547
26.2826 -53.088 0.044169
27.2996 -53.0328 0.0502343
28.3016 -53.0007 0.045461
29.3074 -52.9215 0.0419457
30.303 -52.8796 0.0387865
31.3083 -52.8051 0.0327556
32.3045 -52.7805 0.0536262
33.2973 -52.7625 0.0540483
34.3127 -52.6707 0.0626995
35.277 -52.5963 0.0563699
36.2834 -52.5636 0.0484377
37.3067 -52.4915 0.0273728
38.3237 -52.4461 0.0295489
39.3912 -52.3671 0.0396368
40.424 -52.3537 0.0489235
41.4254 -52.267 0.0581287
42.4367 -52.1978 0.0617959
43.421 -52.1374 0.0625832
44.402 -52.0485 0.074888
45.4187 -51.9663 0.0850659
46.4082 -51.8969 0.0848148
47.405 -51.8439 0.0771264
48.3867 -51.7839 0.0682723
49.3989 -51.7124 0.0811763
50.3843 -51.6319 0.0752663
51.3917 -51.5349 0.0802473
52.4067 -51.4356 0.068704
53.3878 -51.3475 0.0799151
54.3838 -51.2826 0.0867038
54.294 -50.287 1.66441
54.1966 -49.2733 1.6594
54.1185 -48.274 1.65851
54.0507 -47.2455 1.65024
53.9813 -46.2258 1.65373
53.9108 -45.2405 1.64788
53.8385 -44.2302 1.65198
53.7627 -43.2346 1.65242
53.6771 -42.2295 1.65228
53.6092 -41.2414 1.6513
53.5198 -40.245 1.66016
53.431 -39.2876 1.65819
53.3706 -38.2651 1.6674
53.278 -37.2842 1.67044
53.1763 -36.2775 1.66175
53.0995 -35.2595 1.66256
52.9762 -34.2497 1.66199
52.895 -33.2673 1.68521
52.7838 -32.2657 1.68227
52.6438 -31.2496 1.7074
52.402 -30.0683 1.79377
52.118 -28.9425 1.85988
51.5485 -29.4325 1.23192
51.8349 -28.346 1.29562
52.0288 -27.254 1.36706
52.1734 -26.144 1.44331
52.2112 -25.0264 1.50517
52.1911 -23.9113 1.56139
52.1085 -22.7615 1.60392
51.9531 -21.601 1.63917
51.8678 -20.5252 1.65271
51.7884 -19.5007 1.66372
51.6787 -18.5151 1.6602
51.6062 -17.5168 1.66158
51.5356 -16.5198 1.65914
51.4505 -15.5192 1.66738
51.3303 -14.5101 1.65896
51.2399 -13.4825 1.66717
51.1387 -12.5023 1.65945
51.04 -11.4997 1.66538
50.9887 -10.5166 1.66545
50.8886 -9.49691 1.66047
50.784 -8.50751 1.66421
50.676 -7.48334 1.65551
50.5848 -6.50993 1.65728
50.4978 -5.49297 1.65676
50.4075 -4.51068 1.66438
50.3367 -3.52219 1.66437
50.2394 -2.53906 1.66567
50.115 -1.52487 1.65522
49.1205 -1.60973 -3.05225
48.1284 -1.72275 -3.05001
47.1072 -1.8173 -3.06463
46.0923 -1.92622 -3.05279
45.0696 -2.00014 -3.06371
45.0324 -0.993544 1.64799
44.9381 0.0104673 1.65931
44.8382 1.02875 1.65455
44.7561 2.0198 1.64369
44.6739 3.01905 1.64648
44.586 4.01215 1.6484
44.5291 4.99971 1.64417
44.469 6.01164 1.63001
44.4011 6.9914 1.6374
44.3639 7.99175 1.63873
44.2811 9.01482 1.64058
44.222 10.0193 1.63511
44.1618 11.0232 1.62994
44.119 12.0313 1.63462
44.0341 13.0259 1.62373
43.9702 14.0314 1.61744
43.9135 15.0186 1.62047
43.8472 16.0379 1.63057
43.8048 17.0276 1.63137
43.7591 18.0635 1.62895
43.6793 19.1512 1.62731
43.6193 20.1953 1.62963
43.5867 21.1977 1.63161
43.5466 22.2387 1.63088
43.4959 23.2798 1.63233
43.4141 24.3259 1.62439
43.35 25.3988 1.61544
43.3033 26.4633 1.61647
43.2494 27.4627 1.61672
43.1615 28.5264 1.62186
43.0986 29.5266 1.62364
43.0182 30.5508 1.64857
42.9031 31.5383 1.66679
42.7524 32.4428 1.63998
42.6364 33.3491 1.57823
42.5395 34.4423 1.63276
42.4334 35.483 1.66246
42.2861 36.5121 1.68646
42.2277 37.4509 1.66143
42.1339 38.4527 1.65539
42.0583 39.4402 1.65128
41.9868 40.4215 1.65122
41.8996 41.3839 1.65424
41.8127 42.4062 1.65424
41.7234 43.38 1.6611
41.6278 44.3749 1.66017
41.5061 45.3924 1.64802
41.4581 46.3912 1.64715
41.3888 47.3701 1.64757
41.3217 48.3351 1.63837
41.2555 49.3277 1.66321
41.1831 50.3356 1.65461
41.0912 51.3134 1.65112
41.0235 52.3055 1.65687
40.9557 53.2915 1.65616
41.952 53.3785 0.0837487
42.9272 53.4695 0.0872044
43.9202 53.5716 0.0792511
44.9221 53.6209 0.0834295
45.9269 53.7332 0.0783762
46.015 52.7038 -1.48939
46.0725 51.7028 -1.48684
46.178 50.6916 -1.48199
46.2515 49.6903 -1.48774
46.3298 48.6853 -1.50436
45.3428 48.6053 -3.07222
44.3368 48.5165 -3.0714
43.3732 48.4695 -3.05858
42.3471 48.4118 -3.07226
41.321 48.3521 -3.06741
41.3841 47.3629 -1.49228
41.4623 46.3483 -1.49124
41.536 45.3344 -1.48149
41.6488 44.3813 -1.48178
41.7382 43.3721 -1.48776
41.8352 42.3869 -1.48363
41.9011 41.4022 -1.48312
42.0093 40.4191 -1.46867
42.0873 39.4146 -1.4769
42.1862 38.4313 -1.46847
42.3182 37.4352 -1.46445
42.4167 36.4538 -1.47762
42.5074 35.4761 -1.49103
42.568 34.4627 -1.49444
42.6431 33.4612 -1.48016
41.6411 33.3836 -3.05191
40.6786 33.3166 -3.0516
39.6393 33.2132 -3.03543
38.6653 33.0932 -3.04208
37.649 33.0016 -3.03484
37.7463 32.0045 -1.46881
37.8252 31.0059 -1.46521
37.9026 30.0943 -1.43411
38.0169 29.1581 -1.4025
38.1338 28.2561 -1.36477
38.2825 27.3582 -1.31772
38.5116 26.4401 -1.2827
38.7268 25.5762 -1.22895
39.0398 24.7383 -1.17199
39.6203 22.369 -1.82426
39.3373 21.4288 -1.75521
39.1053 20.5448 -1.68349
38.9135 19.6255 -1.60283
38.8492 18.6669 -1.55563
38.8446 17.6636 -1.54147
38.892 16.6437 -1.52752
38.9255 15.6424 -1.53086
38.9513 14.6418 -1.53278
39.0145 13.656 -1.51412
39.064 12.6707 -1.51755
39.0963 11.6557 -1.52791
39.1561 10.6546 -1.5242
39.2153 9.65954 -1.50725
39.2954 8.64727 -1.50777
39.357 7.641 -1.51625
39.4142 6.64497 -1.51122
39.4705 5.63763 -1.51383
39.5013 4.6418 -1.50099
39.5691 3.66672 -1.51565
39.5995 2.66197 -1.50919
38.6069 2.57336 -3.09158
37.618 2.53019 -3.08934
36.6286 2.47579 -3.07976
35.6081 2.39204 -3.08157
34.5852 2.3348 -3.08316
34.6433 1.32506 -1.51792
34.6755 0.327074 -1.51332
34.7262 -0.643899 -1.50865
34.8001 -1.68377 -1.51074
34.8976 -2.64901 -1.4983
35.0124 -3.63656 -1.48659
35.1229 -4.65988 -1.47713
35.2176 -5.62924 -1.47511
35.3165 -6.60657 -1.47369
35.4804 -7.59607 -1.479
35.595 -8.5928 -1.48592
35.7194 -9.55898 -1.46894
35.8332 -10.5439 -1.46475
35.9324 -11.5316 -1.47564
36.0614 -12.5507 -1.50443
36.1332 -13.5224 -1.48668
36.2409 -14.5003 -1.48909
36.3086 -15.4862 -1.50364
36.385 -16.4791 -1.51554
36.448 -17.4465 -1.51042
36.523 -18.4636 -1.49201
36.5757 -19.4716 -1.49695
36.6647 -20.4525 -1.48377
36.765 -21.4552 -1.47425
36.8802 -22.4288 -1.48035
37.0135 -23.4467 -1.48935
37.1077 -24.4261 -1.4962
37.1749 -25.3952 -1.47939
37.2384 -26.4013 -1.48615
37.3383 -27.426 -1.48353
37.3974 -28.4211 -1.47017
37.4803 -29.4301 -1.47122
37.6144 -30.4107 -1.48345
37.7023 -31.3847 -1.48815
37.7814 -32.3839 -1.48794
37.8515 -33.389 -1.48131
37.9326 -34.3656 -1.49057
38.0215 -35.3864 -1.487
38.1416 -36.4089 -1.49551
38.1908 -37.3673 -1.4976
38.2647 -38.3622 -1.48465
38.3425 -39.3392 -1.48211
38.4231 -40.3484 -1.49141
38.5374 -41.3656 -1.49598
38.6223 -42.3554 -1.48793
38.6941 -43.3392 -1.49473
38.7558 -44.3178 -1.49906
38.8373 -45.3459 -1.50198
38.9196 -46.352 -1.49506
39.0014 -47.3237 -1.50002
38.0006 -47.3983 -3.06499
37.0025 -47.4625 -3.0703
35.9862 -47.5277 -3.06843
34.9867 -47.6114 -3.0717
33.9824 -47.6827 -3.07302
33.0002 -47.7445 -3.07981
31.9847 -47.8033 -3.08202
30.9636 -47.8532 -3.08233
29.9475 -47.914 -3.08645
28.9699 -47.9921 -3.07384
27.9493 -48.0569 -3.06856
26.9343 -48.1355 -3.06773
25.9313 -48.1747 -3.08265
24.9032 -48.1962 -3.0792
23.9188 -48.2481 -3.0781
22.9064 -48.3101 -3.08562
21.9216 -48.3449 -3.08288
20.9303 -48.4323 -3.08316
19.9293 -48.4804 -3.0777
18.9293 -48.5366 -3.06543
17.9273 -48.5817 -3.06431
16.9472 -48.65 -3.07247
15.9553 -48.7194 -3.07723
14.966 -48.7563 -3.059
13.9665 -48.8369 -3.06129
13.8849 -47.8564 1.65175
13.8199 -46.8599 1.66405
13.7155 -45.8411 1.64893
13.662 -44.8207 1.64088
13.5873 -43.8092 1.64721
13.5132 -42.8123 1.65259
13.4389 -41.7952 1.63405
13.3676 -40.7602 1.64108
13.3057 -39.7613 1.63794
13.2369 -38.7458 1.63931
13.1687 -37.6805 1.63919
13.107 -36.6368 1.65019
13.0236 -35.5783 1.65452
12.8761 -34.526 1.63644
12.809 -33.4983 1.62237
12.7323 -32.4868 1.60236
12.6957 -31.49 1.60139
12.6925 -30.4476 1.59827
12.6889 -29.3355 1.56674
12.7041 -28.2596 1.52707
12.7539 -27.2009 1.52403
12.8059 -26.1296 1.52958
12.8662 -25.0522 1.52617
12.9249 -23.9404 1.50906
13.0085 -22.8645 1.50381
13.086 -21.7524 1.48093
13.1936 -20.6761 1.48111
13.2797 -19.5987 1.47265
13.371 -18.5513 1.46842
13.5069 -17.4978 1.47116
13.6372 -16.4059 1.46434
13.7195 -15.329 1.47523
13.7918 -14.2696 1.47794
13.9102 -13.1812 1.46898
13.9796 -12.0937 1.46047
14.1275 -11.0104 1.45196
14.2224 -9.95972 1.46485
14.3576 -8.88123 1.47293
14.4738 -7.82674 1.47642
14.5918 -6.7726 1.47186
14.6528 -5.69718 1.48382
14.7421 -4.6103 1.46607
14.8631 -3.56658 1.455
14.9539 -2.46532 1.44793
15.1124 -1.36345 1.45175
15.2298 -0.331617 1.46932
15.3174 0.757334 1.47593
15.4219 1.81729 1.45545
15.583 2.87428 1.45749
15.7016 3.92288 1.46197
15.8316 4.97344 1.48249
15.9463 6.05724 1.48854
16.025 7.12378 1.50375
16.0716 8.21371 1.51221
16.128 9.32527 1.51169
15.1419 9.46627 3.09307
14.1521 9.60831 3.11981
13.1869 9.74089 -3.13913
12.2096 9.82108 -3.09993
11.2072 9.87137 -3.06407
11.1547 10.9539 1.68687
11.0464 12.0857 1.72487
10.9112 13.1801 1.76727
10.736 14.2579 1.82535
10.4672 15.3036 1.87398
10.164 16.3306 1.92623
9.86034 17.3801 1.97896
9.49025 18.3876 2.051
9.03235 19.3413 2.12557
8.54981 20.2714 2.1946
7.96256 21.1833 2.2766
7.3121 21.9994 2.36655
6.60117 22.8027 2.46152
5.84146 23.4986 2.54459
5.07253 24.1427 2.62539
4.21755 24.7246 2.72712
3.32389 25.2193 2.85322
1.28242 24.2914 0.755248
2.06155 25.0756 0.87695
2.75263 25.9027 0.992761
3.30748 26.7917 1.12023
3.75748 27.7739 1.24786
4.10032 28.7687 1.29336
4.39986 29.762 1.32617
4.62879 30.779 1.33429
5.5667 30.5443 -0.210408
6.51044 30.3651 -0.18788
7.39652 30.216 -0.16681
8.28378 30.0801 -0.145603
9.25798 29.9402 -0.132919
10.2078 29.8559 -0.126121
11.1609 29.7497 -0.0868991
12.1356 29.6867 -0.0578432
13.0713 29.6661 -0.0331286
14.0297 29.6658 -0.00497896
15.0491 29.6513 0.023541
16.0285 29.6898 0.0409686
17.0176 29.7387 0.0585192
17.9943 29.7782 0.0665039
18.9606 29.8365 0.0827699
19.9411 29.9387 0.0973838
20.9484 30.0619 0.120651
21.9447 30.22 0.132714
22.9256 30.3556 0.122813
23.9141 30.5009 0.135622
24.9126 30.6278 0.140974
25.8847 30.7695 0.147842
26.8449 30.9248 0.170129
27.8007 31.1208 0.148091
28.7781 31.2926 0.168545
29.787 31.4842 0.164943
30.762 31.6888 0.165334
31.7318 31.8563 0.168292
32.6988 32.0053 0.165262
33.6541 32.2348 0.148977
33.488 33.2682 1.72323
33.3226 34.28 1.73206
33.1682 35.2775 1.72531
32.982 36.2854 1.71629
32.7995 37.2864 1.71494
32.6399 38.2852 1.71429
32.4843 39.2865 1.70623
32.374 40.2981 1.70622
32.2398 41.2856 1.69715
32.1097 42.2728 1.69987
32.0292 43.2896 1.7017
31.8915 44.2961 1.69677
31.762 45.3003 1.68296
31.6526 46.2957 1.68644
31.5135 47.2894 1.68807
31.404 48.2683 1.68294
31.315 49.263 1.69774
31.1798 50.2684 1.70028
31.0727 51.2435 1.70297
30.9206 52.2521 1.69774
31.9461 52.3784 0.129269
32.9314 52.4879 0.117989
33.9069 52.6438 0.106612
34.9118 52.7789 0.104322
35.9066 52.8694 0.120802
36.9123 52.9532 0.103247
37.9457 53.0312 0.0961175
38.9457 53.1128 0.0775449
39.926 53.1928 0.0846181
40.9411 53.2631 0.0878258
41.9471 53.3675 0.0855474
42.9329 53.4637 0.0805408
43.9414 53.5428 0.085283
44.94 53.629 0.0767234
45.9424 53.7044 0.0835886
46.0184 52.6837 -1.48253
46.1126 51.6773 -1.48881
46.1855 50.7013 -1.49369
46.258 49.6964 -1.48557
46.3427 48.6962 -1.48603
47.3417 48.7701 0.0884972
48.3263 48.838 0.0641518
49.3313 48.8893 0.0725489
50.3527 48.9672 0.0780514
51.3665 49.0415 0.0896772
51.3082 50.0297 1.66272
51.1804 50.9941 1.65614
51.1168 51.985 1.63734
51.0422 53.028 1.63096
50.9854 54.0618 1.66152
49.9641 54.0225 -3.053
48.9379 53.97 -3.05886
47.9411 53.8476 -3.08123
46.9339 53.7936 -3.05456
45.9323 53.697 -3.05788
44.9362 53.6406 -3.05863
43.9681 53.5687 -3.07031
42.9742 53.4566 -3.06191
41.9726 53.3916 -3.04972
40.9355 53.2985 -3.05019
39.9371 53.1816 -3.05252
38.9343 53.1083 -3.05704
37.9312 53.0321 -3.05953
36.9127 52.9529 -3.04631
35.9194 52.8623 -3.05189
34.8903 52.7542 -3.03134
33.9029 52.6488 -3.02514
32.9143 52.5272 -3.02281
31.922 52.3844 -3.01513
30.929 52.2359 -3.01237
29.9336 52.0857 -3.00994
28.8949 51.9661 -3.02184
27.9065 51.836 -3.00909
26.9229 51.7414 -3.00419
25.9401 51.596 -3.00815
24.9349 51.4545 -3.00014
23.9438 51.2889 -3.00449
22.9457 51.1712 -3.00543
21.9422 51.0518 -2.99685
20.9546 50.9229 -3.00374
19.9784 50.791 -3.01291
18.9645 50.6515 -3.02824
17.9498 50.5467 -3.04474
16.958 50.4158 -3.05243
15.9618 50.3297 -3.04765
14.9346 50.2292 -3.05415
13.9416 50.1377 -3.04406
12.9304 50.0456 -3.04605
11.9498 49.9678 -3.05078
10.9648 49.8537 -3.04761
9.95698 49.7427 -3.04785
8.95922 49.634 -3.0537
7.95287 49.5166 -3.0623
6.98873 49.4566 -3.06028
5.96042 49.3662 -3.07192
4.95094 49.3024 -3.06789
3.95221 49.2277 -3.08523
2.95294 49.1398 -3.07999
1.95658 49.0694 -3.09087
0.962143 49.0253 -3.10498
-0.0490927 48.9805 -3.09802
-1.0413 48.9453 -3.10233
-2.04797 48.9151 -3.10255
-3.0842 48.8741 -3.10462
-4.07283 48.862 -3.12282
-5.07315 48.8377 -3.10205
-6.09618 48.8156 -3.08721
-7.09233 48.7373 -3.07974
-8.09731 48.6624 -3.09433
-9.08196 48.6091 -3.10456
-10.1125 48.5793 -3.11556
-11.0832 48.5443 -3.11044
-12.0852 48.5183 -3.09834
-13.0569 48.455 -3.09962
-14.0797 48.4164 -3.0924
-14.0203 47.4168 -1.5189
-13.9783 46.4124 -1.52458
-13.9215 45.4389 -1.50755
-13.8715 44.4678 -1.49998
-13.8061 43.4599 -1.49741
-13.7245 42.4776 -1.48778
-13.6537 41.4817 -1.49487
-13.5671 40.4732 -1.4943
-13.4897 39.4723 -1.49152
-13.3999 38.503 -1.48685
-13.3309 37.5143 -1.47269
-13.2314 36.5046 -1.48099
-13.1199 35.5095 -1.47874
-13.0398 34.5072 -1.48873
-12.9661 33.5092 -1.47702
-12.8349 32.5218 -1.46634
-12.6985 31.5127 -1.46505
-12.5763 30.5124 -1.46972
-12.4923 29.5429 -1.46413
-12.4061 28.573 -1.4821
-12.3286 27.5694 -1.48527
-12.2865 26.5894 -1.48155
-12.2027 25.6094 -1.48149
-12.088 24.6256 -1.48092
-11.999 23.6022 -1.48495
-11.9132 22.5968 -1.4884
-11.8262 21.6167 -1.47987
-11.758 20.6643 -1.49405
-11.6668 19.658 -1.50028
-11.6096 18.7032 -1.49249
-11.5203 17.7161 -1.49028
-11.4102 16.7149 -1.49395
-11.359 15.7069 -1.49637
-11.3122 14.7296 -1.48712
-11.237 13.7302 -1.48828
-11.1561 12.7348 -1.49785
-11.0884 11.7407 -1.48572
-10.995 10.7373 -1.49087
-10.9243 9.75508 -1.47633
-10.8697 8.78474 -1.46583
-10.7703 7.8097 -1.45947
-10.656 6.7997 -1.48142
-10.5854 5.8246 -1.47054
-10.4941 4.83095 -1.47117
-10.4035 3.82786 -1.47939
-9.42118 3.92125 0.088404
-8.39959 3.99632 0.0873892
-7.40741 4.05877 0.0925705
-6.36782 4.14955 0.111184
-5.33586 4.27544 0.112354
-5.44084 5.23649 1.67327
-5.568 6.2157 1.66478
-5.66096 7.17933 1.66573
-5.74984 8.16836 1.66752
-5.83163 9.14893 1.64369
-5.90656 10.1524 1.65218
-6.00431 11.1221 1.65143
-6.0851 12.118 1.65204
-6.15766 13.1035 1.63892
-6.22267 14.0825 1.64821
-6.28962 15.0786 1.63498
-6.33256 16.0382 1.65499
-6.41694 17.0541 1.64527
-6.48515 18.0494 1.66074
-6.56071 19.0394 1.6603
-6.64876 20.0502 1.64628
-6.7106 21.0539 1.63908
-6.75649 22.0692 1.63585
-6.80108 23.0757 1.61506
-6.85083 24.0697 1.64062
-5.79808 24.1473 0.0745064
-4.75986 24.2048 0.0577746
-3.72402 24.2959 0.0634484
-2.68791 24.3808 0.0767669
-1.65851 24.4807 0.0713536
-0.622059 24.593 0.0722225
0.401808 24.674 0.0821316
1.40532 24.7826 0.0731657
2.40308 24.8609 0.0535853
3.40828 24.9616 0.0391325
4.42906 25.0039 0.0419917
5.47613 25.0859 0.0221017
6.48976 25.1156 0.00158222
7.50051 25.1451 -0.0047229
8.48133 25.1319 -0.00349782
9.47154 25.1247 -0.00604332
10.4155 25.1832 0.0152002
11.3999 25.1991 0.0326047
12.3852 25.2416 0.0387325
13.3715 25.2988 0.0572602
14.3456 25.3377 0.044682
15.3542 25.3804 0.0403108
16.3656 25.4196 0.0494587
17.3372 25.4772 0.0438876
18.2898 25.5086 0.0605187
19.2883 25.5629 0.0711622
20.2294 25.5924 0.083302
21.2373 25.6631 0.0853846
22.2259 25.7504 0.0765117
23.228 25.818 0.0807756
24.2044 25.8886 0.0747086
25.1846 25.9654 0.0822315
26.1786 26.0622 0.0942894
27.2018 26.1406 0.0916899
28.2239 26.217 0.0997946
29.2128 26.3579 0.113378
30.2197 26.4809 0.122775
31.2207 26.6516 0.128985
32.2191 26.814 0.144684
33.2236 27.0035 0.152892
34.2303 27.1502 0.133
35.2271 27.2833 0.156637
36.2274 27.5291 0.139676
37.2236 27.7138 0.121117
38.2063 27.8664 0.112435
39.1712 27.975 0.103876
40.1386 28.0537 0.097515
41.1323 28.1145 0.0842799
42.1176 28.1815 0.0627511
43.1116 28.2411 0.0530596
44.0598 28.2513 0.0473817
45.0392 28.2905 0.0554402
45.9997 28.3305 0.0738582
46.9919 28.4134 0.0673992
47.9754 28.4389 0.0701032
47.9357 29.3898 1.63924
47.8867 30.3688 1.6356
47.8077 31.3667 1.63729
47.7289 32.3712 1.64277
47.6672 33.3466 1.63865
47.5678 34.3588 1.63021
47.5168 35.3214 1.62013
47.4461 36.3182 1.62558
47.3794 37.3804 1.63556
47.3016 38.4502 1.65518
47.2146 39.4953 1.66653
47.109 40.5259 1.65259
47.0077 41.5119 1.6555
46.9118 42.5631 1.63566
46.8273 43.5986 1.6431
46.7008 44.604 1.65872
46.6225 45.6273 1.66518
46.5119 46.6532 1.65369
46.4383 47.6692 1.66731
46.3398 48.6941 1.65847
46.2344 49.674 1.65007
46.1756 50.6826 1.64491
46.0981 51.6836 1.65152
46.0251 52.6921 1.66045
45.9277 53.7111 1.64547
44.9253 53.6085 -3.06304
43.924 53.5368 -3.0599
42.9264 53.4555 -3.059
41.9318 53.3914 -3.05793
40.9199 53.3265 -3.07383
39.9021 53.246 -3.07021
38.9108 53.1955 -3.06475
37.9244 53.0958 -3.04364
36.9314 52.9641 -3.04078
35.9115 52.8755 -3.04036
36.006 51.8936 -1.47856
36.1132 50.8815 -1.48575
36.1953 49.882 -1.48722
36.285 48.8787 -1.49741
36.3492 47.9165 -1.49655
36.4277 46.9045 -1.49316
36.5142 45.8929 -1.47614
36.5712 44.8991 -1.48176
36.6408 43.9119 -1.48753
36.7158 42.9261 -1.48971
36.8045 41.9148 -1.49927
36.8845 40.9265 -1.49522
36.9751 39.9511 -1.49122
37.0714 38.9699 -1.48204
37.1296 37.9467 -1.47969
37.2438 36.9518 -1.47101
37.3414 35.9364 -1.46926
37.4317 34.967 -1.47798
37.5188 33.982 -1.46824
37.6204 32.9593 -1.46195
37.7275 31.9408 -1.46665
37.8405 30.939 -1.4761
37.9668 29.942 -1.46443
38.0793 28.9182 -1.47305
38.1965 27.8889 -1.47207
38.3139 26.8472 -1.46713
38.3941 25.86 -1.48405
38.4885 24.8133 -1.49365
38.561 23.7771 -1.50217
38.632 22.7496 -1.51067
38.7026 21.7353 -1.51701
38.7283 20.7434 -1.51744
38.8036 19.6995 -1.52165
38.8345 18.6912 -1.52666
38.8646 17.6799 -1.53697
38.8868 16.6642 -1.53024
38.9218 15.6516 -1.52797
38.9657 14.6439 -1.52871
39.0129 13.6588 -1.52551
39.0634 12.6841 -1.51874
39.1245 11.6568 -1.51499
39.1747 10.65 -1.51359
39.2408 9.66074 -1.5129
39.2957 8.64991 -1.51107
39.3316 7.63713 -1.51825
39.4095 6.64745 -1.50875
39.4744 5.64218 -1.52236
39.5208 4.63584 -1.52692
39.6009 3.61668 -1.51263
39.6541 2.64391 -1.50036
39.6922 1.63117 -1.51411
39.7404 0.625885 -1.52
39.7962 -0.339187 -1.51786
39.8348 -1.34173 -1.52574
39.8964 -2.36059 -1.51039
38.9315 -2.40399 -3.08606
37.9096 -2.41026 -3.08857
36.8964 -2.50665 -3.08932
35.857 -2.57525 -3.08507
34.8052 -2.63058 -3.08442
33.7255 -2.70906 -3.1024
32.6125 -2.76152 -3.11739
31.54 -2.79435 -3.13074
30.4294 -2.81067 -3.1373
29.3201 -2.86039 -3.13186
28.2116 -2.89118 3.13877
27.0775 -2.89211 3.12036
26.0025 -2.91707 3.10537
24.931 -2.90991 3.08425
23.8679 -2.83892 3.06533
22.7936 -2.76915 3.05008
21.7046 -2.6653 3.03241
20.6289 -2.56307 3.01753
19.5451 -2.43453 2.9846
18.4866 -2.2833 2.95441
17.4079 -2.11121 2.92403
16.375 -1.90908 2.89193
15.3361 -1.69728 2.86191
14.2759 -1.43022 2.83086
13.2258 -1.12396 2.78314
12.1942 -0.829376 2.72945
11.2239 -0.442046 2.66471
10.2477 -0.0422946 2.61705
9.30295 0.452869 2.54821
8.3911 1.03734 2.48727
7.50832 1.66821 2.41621
6.68935 2.31851 2.3442
5.90289 3.02846 2.27329
5.14993 3.7619 2.17525
4.4979 4.56747 2.06049
3.18053 3.33178 -2.05939
2.64236 2.45978 -2.13757
2.0484 1.61193 -2.22056
1.34104 0.769452 -2.30209
0.600283 -0.0102819 -2.37432
-0.206251 -0.741402 -2.4235
-1.07451 -1.43819 -2.47929
-1.94459 -2.08288 -2.52698
-2.85128 -2.69365 -2.58388
-3.78443 -3.27098 -2.63956
-4.745 -3.77141 -2.69016
-5.73865 -4.24516 -2.72731
-6.75056 -4.66185 -2.77577
-7.72639 -5.06587 -2.82526
-8.74466 -5.37119 -2.85148
-9.77813 -5.6664 -2.88408
-10.8069 -5.93087 -2.91451
-11.8816 -6.17511 -2.95677
-12.9284 -6.37195 -2.97842
-13.9374 -6.51089 -2.97365
-14.9385 -6.70047 -2.97799
-15.9704 -6.87584 -2.99009
-16.9985 -7.00938 -3.01698
-18.0465 -7.13677 -3.00458
-19.086 -7.25462 -3.01358
-20.1316 -7.38142 -3.01859
-21.1385 -7.46296 -3.03233
-22.153 -7.57653 -3.03606
-23.1797 -7.69006 -3.05933
-24.2079 -7.74562 -3.06802
-25.254 -7.81074 -3.06605
-26.2838 -7.90351 -3.06651
-27.2861 -7.95882 -3.05998
-28.2985 -8.02923 -3.06473
-29.3244 -8.11908 -3.07404
-30.3376 -8.17196 -3.08413
-31.383 -8.26089 -3.08077
-32.4209 -8.31419 -3.0974
-33.4503 -8.36244 -3.09428
-34.4883 -8.41161 -3.09435
-35.5419 -8.48967 -3.09044
-36.5643 -8.5252 -3.09636
-37.6093 -8.55637 -3.08636
-38.6173 -8.60108 -3.08201
-39.6632 -8.67211 -3.0697
-40.6689 -8.73584 -3.07508
-41.6893 -8.82881 -3.06902
-42.7217 -8.90721 -3.08314
-43.712 -8.95395 -3.07865
-44.7165 -9.04903 -3.07017
-44.6427 -10.015 -1.49272
-44.5797 -11.0168 -1.49073
-44.4725 -12.0115 -1.49164
-44.3956 -12.9961 -1.50919
-44.3131 -13.9976 -1.49518
-44.2653 -14.9986 -1.49126
-44.2065 -16.0335 -1.48935
-44.129 -16.9932 -1.49099
-44.0484 -18.0003 -1.48766
-43.9706 -18.9956 -1.48812
-43.9006 -19.9989 -1.49103
-43.8287 -20.986 -1.4879
-43.7634 -21.9903 -1.47666
-43.6654 -22.9895 -1.49276
-43.5937 -23.9874 -1.48805
-44.5875 -24.075 -3.06203
-45.5712 -24.1663 -3.06719
-46.5758 -24.2445 -3.07479
-47.5519 -24.3198 -3.07121
-48.5438 -24.4066 -3.0801
-48.6036 -23.4463 1.65581
-48.6726 -22.4254 1.65908
-48.745 -21.424 1.66444
-48.8324 -20.3997 1.66214
-48.9518 -19.3859 1.64826
-49.0036 -18.3828 1.6384
-49.051 -17.3974 1.65609
-49.1143 -16.398 1.6647
-49.2145 -15.4221 1.6657
-49.3106 -14.3887 1.67449
-49.4252 -13.3804 1.6729
-49.4869 -12.381 1.67042
-49.5765 -11.4029 1.64294
-49.6332 -10.3912 1.65014
-49.6944 -9.39606 1.64548
-48.6779 -9.3326 0.0687944
-47.6724 -9.29138 0.0745109
-46.7098 -9.19247 0.0840307
-45.7149 -9.06848 0.0806973
-44.7302 -9.02043 0.0668231
-44.6309 -10.0318 -1.49841
-44.5519 -10.9847 -1.49006
-44.4815 -11.9854 -1.49106
-44.3922 -12.9971 -1.49946
-44.3282 -14.0111 -1.50181
-44.2713 -15.0127 -1.50336
-44.2166 -16.007 -1.49666
-44.1272 -17.0059 -1.48848
-44.0446 -17.9871 -1.49176
-43.9915 -18.9958 -1.49481
-43.8767 -19.9827 -1.48186
-43.8212 -20.9754 -1.48353
-43.7357 -21.9728 -1.48467
-43.6576 -22.9797 -1.49152
-43.5899 -23.977 -1.48751
-43.5031 -24.9715 -1.49113
-43.4116 -25.975 -1.4909
-43.3327 -26.9998 -1.48431
-43.295 -27.9857 -1.47905
-43.1872 -28.9936 -1.47439
-43.0889 -29.9847 -1.46616
-43.0118 -31.0018 -1.47031
-42.9539 -32.0183 -1.47372
-42.8559 -32.989 -1.47532
-42.7447 -33.9823 -1.47731
-42.671 -34.9874 -1.48016
-42.6028 -35.9642 -1.49514
-42.5339 -36.9599 -1.49511
-42.4778 -37.9534 -1.49143
-42.3997 -38.9552 -1.48642
-42.301 -39.9542 -1.48358
-42.2442 -40.9269 -1.47779
-42.1494 -41.9279 -1.47637
-42.0577 -42.9072 -1.47556
-41.9987 -43.8925 -1.47041
-41.0404 -43.7852 0.112793
-40.0564 -43.6806 0.120464
-39.0705 -43.5388 0.107947
-38.0587 -43.4554 0.103609
-37.0788 -43.323 0.0914129
-36.0831 -43.2341 0.0950044
-35.1253 -43.1586 0.105266
-34.1451 -43.0199 0.108327
-33.1665 -42.9071 0.117555
-32.1698 -42.7934 0.128425
-31.177 -42.6793 0.125703
-30.2022 -42.5784 0.112472
-29.2041 -42.4624 0.10454
-28.1909 -42.3653 0.0831925
-27.2134 -42.2922 0.0704548
-26.1787 -42.2439 0.0604446
-25.171 -42.1771 0.0686427
-24.1698 -42.0771 0.0610498
-23.1791 -42.0158 0.0631367
-22.1572 -41.9299 0.0564351
-21.1908 -41.8933 0.0436755
-20.1941 -41.8205 0.0385648
-19.2025 -41.8 0.0457779
-18.2254 -41.7445 0.0564903
-17.2288 -41.6788 0.0565956
-17.2459 -40.6836 1.63747
-17.3079 -39.7253 1.64282
-17.362 -38.7463 1.64955
-17.4449 -37.7429 1.65879
-17.5108 -36.7566 1.65141
-17.574 -35.7813 1.64276
-17.6208 -34.7719 1.64552
-17.6649 -33.7892 1.6464
-17.7725 -32.8318 1.64326
-17.8295 -31.8163 1.64637
-17.9059 -30.8484 1.64517
-17.982 -29.8718 1.66022
-18.0883 -28.8754 1.66791
-18.202 -27.8858 1.68713
-18.2975 -26.8904 1.68966
-18.4217 -25.8777 1.67905
-18.5179 -24.8769 1.67809
-18.6298 -23.8575 1.67491
-18.7428 -22.8533 1.66541
-18.8543 -21.8258 1.63907
-19.861 -21.8971 -3.07662
-20.8647 -21.9836 -3.06866
-21.8528 -22.0332 -3.07127
-22.863 -22.1166 -3.07859
-23.8604 -22.2201 -3.0648
-24.8794 -22.3078 -3.06922
-25.8851 -22.3698 -3.07285
-26.8817 -22.487 -3.07058
-27.8694 -22.5631 -3.0701
-28.861 -22.6665 -3.06765
-29.8178 -22.727 -3.07622
-30.8333 -22.7999 -3.08577
-31.8496 -22.8222 -3.09029
-32.8427 -22.9008 -3.08386
-33.8521 -22.9206 -3.08346
-33.776 -23.9276 -1.51645
-33.7366 -24.903 -1.51704
-33.7068 -25.9192 -1.49597
-33.6258 -26.9029 -1.50487
-33.5399 -27.8714 -1.50194
-33.4831 -28.8597 -1.50098
-33.4234 -29.8425 -1.51193
-33.348 -30.8362 -1.4971
-33.2796 -31.8239 -1.48401
-33.2058 -32.8186 -1.47243
-33.1271 -33.7852 -1.48709
-33.0377 -34.8163 -1.47515
-32.9162 -35.8259 -1.47285
-32.8141 -36.8361 -1.46516
-32.7141 -37.8283 -1.46688
-32.6242 -38.8109 -1.47036
-32.5147 -39.7991 -1.46372
-32.416 -40.7832 -1.46984
-32.3091 -41.7543 -1.45539
-32.1796 -42.7668 -1.44207
-32.0486 -43.746 -1.44556
-31.93 -44.7257 -1.44309
-31.7846 -45.7331 -1.44167
-31.6378 -46.7422 -1.44644
-31.5299 -47.7352 -1.44558
-31.3937 -48.7362 -1.45337
-31.2859 -49.7545 -1.45342
-31.2026 -50.7597 -1.45241
-31.0884 -51.7834 -1.46049
-30.9859 -52.7715 -1.48604
-31.9877 -52.8478 -3.0417
-32.9668 -52.9207 -3.0143
-33.9597 -53.0347 -3.01215
-34.9463 -53.1743 -3.01367
-35.9338 -53.2878 -3.01544
-36.0585 -52.3196 1.70551
-36.171 -51.3474 1.68305
-36.2673 -50.3649 1.68363
-36.3572 -49.3387 1.69498
-36.4862 -48.3633 1.70843
-35.4866 -48.2446 0.135306
-34.5173 -48.1326 0.140944
-33.5062 -47.9921 0.143298
-32.5106 -47.819 0.159418
-31.5019 -47.6555 0.164133
-28.8183 -48.5458 -0.481135
-27.9461 -48.9247 -0.402519
-27.0492 -49.2745 -0.340386
-26.1421 -49.5554 -0.260882
-25.2174 -49.7659 -0.187851
-24.2813 -49.8449 -0.131274
-23.3558 -49.8838 -0.0658423
-22.4147 -49.8934 -1.9089e-05
-21.4635 -49.8189 0.0341188
-20.4995 -49.7197 0.067084
-19.5486 -49.5812 0.114146
-18.578 -49.4136 0.167572
-17.5998 -49.1645 0.191931
-16.6702 -48.8813 0.219376
-15.7522 -48.5674 0.228226
-14.802 -48.2646 0.223152
-13.8697 -47.9581 0.220327
-12.9255 -47.6932 0.21626
-11.9871 -47.4205 0.19743
-11.0604 -47.1247 0.178312
-10.0863 -46.9002 0.17289
-9.09378 -46.6838 0.164525
-8.1231 -46.5092 0.164975
-7.12211 -46.312 0.154491
-6.13719 -46.1443 0.147899
-6.30284 -45.1675 1.72312
-6.45778 -44.1652 1.71948
-6.57396 -43.14 1.69588
-6.71236 -42.0926 1.69467
-6.82582 -41.0743 1.71358
-6.93296 -40.0403 1.71214
-7.07858 -39.0288 1.69803
-7.22126 -37.9897 1.69392
-7.33396 -36.9597 1.68867
-7.45122 -35.9278 1.68706
-7.56747 -34.926 1.67981
-7.66691 -33.9421 1.6855
-7.78975 -32.9227 1.68537
-7.89465 -31.8993 1.67325
-8.01756 -30.9077 1.67195
-8.12688 -29.909 1.65945
-8.23653 -28.8892 1.65896
-8.29984 -27.8645 1.63646
-8.3334 -26.8717 1.63665
-8.38593 -25.8266 1.61714
-8.44534 -24.8326 1.62875
-8.50314 -23.8391 1.61099
-8.49858 -22.8081 1.59417
-8.56249 -21.7845 1.58567
-8.55969 -20.7985 1.57847
-8.55072 -19.7986 1.57405
-8.53217 -18.7695 1.55299
-8.49673 -17.7566 1.54041
-8.46722 -16.7035 1.51865
-8.42059 -15.6745 1.49825
-8.37691 -14.6618 1.46827
-8.27059 -13.6223 1.40811
-8.1205 -12.6077 1.36775
-7.92496 -11.5796 1.32489
-7.67525 -10.5839 1.29731
-7.44649 -9.62513 1.254
-7.18008 -8.66262 1.22858
-7.61476 -7.81015 1.97446
-8.0427 -6.9132 1.939
-8.46114 -5.95559 1.89661
-8.79881 -4.98003 1.84595
-9.09135 -3.98896 1.8178
-9.34682 -3.01078 1.7787
-9.56063 -2.00976 1.73788
-9.71198 -1.01224 1.71469
-9.87492 -0.0387831 1.71631
-10.0125 0.922185 1.7146
-10.1565 1.87732 1.69828
-10.2957 2.86894 1.66637
-10.3908 3.84256 1.66882
-10.4873 4.81168 1.65599
-10.5614 5.79964 1.66107
-10.658 6.7839 1.66758
-10.7347 7.80581 1.66949
-10.8333 8.80619 1.677
-10.9451 9.78372 1.6648
-11.0115 10.751 1.67334
-11.0906 11.7331 1.66086
-11.1809 12.7303 1.65277
-11.2087 13.732 1.64279
-11.2979 14.7424 1.65672
-11.3935 15.7268 1.64558
-11.4528 16.6944 1.64553
-11.4959 17.67 1.65219
-11.5564 18.6996 1.64589
-10.5436 18.7883 0.0742869
-9.52444 18.8218 0.0773289
-8.56107 18.8911 0.0812203
-7.55675 18.9618 0.0827495
-6.5592 19.0627 0.0821712
-5.58022 19.143 0.0672687
-4.57528 19.1692 0.080638
-3.60153 19.2192 0.0866894
-2.61986 19.2851 0.0953143
-1.60431 19.3811 0.107967
-0.594066 19.4492 0.115965
0.407928 19.4731 0.133377
1.46167 19.5266 0.176017
2.50042 19.6398 0.213607
3.50743 19.805 0.271777
3.81182 18.687 -1.15377
3.29958 18.7183 -1.75338
3.21637 17.664 -1.69194
3.19804 16.6271 -1.64618
3.18912 15.5951 -1.62158
3.16339 14.5838 -1.58086
3.17609 13.5576 -1.5564
3.21605 12.5532 -1.53341
3.27128 11.5704 -1.54208
3.28011 10.5757 -1.53241
2.30551 10.5081 -3.10294
1.30701 10.4578 -3.08693
0.306424 10.4047 -3.07241
-0.644339 10.335 -3.07498
-1.55801 10.2374 -3.07008
-2.54194 10.1445 -3.05993
-3.52006 10.0511 -3.04339
-4.48895 9.94603 -3.0541
-5.44206 9.85888 -3.025
-6.40485 9.73637 -3.01588
-7.35221 9.60896 -3.01044
-8.30732 9.45899 -3.00843
-9.26633 9.29961 -3.01287
-10.2246 9.19595 -3.0077
-11.134 9.06337 -2.99131
-12.08 8.9374 -3.00359
-13.0059 8.74578 -2.99958
-13.9736 8.57933 -3.0264
-14.9306 8.45096 -3.02829
-15.9373 8.33926 -3.01714
-16.8993 8.20713 -3.02851
-17.8777 8.0931 -3.01832
-18.8495 7.93385 -3.02941
-19.8479 7.84134 -3.05098
-20.8396 7.72828 -3.04695
-21.7898 7.67756 -3.04396
-22.7835 7.58236 -3.06168
-23.7832 7.50589 -3.06074
-24.7933 7.39834 -3.04526
-25.7946 7.31641 -3.06298
-26.7899 7.25572 -3.05727
-27.7883 7.18915 -3.06547
-28.7608 7.08872 -3.05302
-29.7807 7.00241 -3.02745
-30.8099 6.90188 -3.03231
-31.7809 6.76261 -3.031
-32.7779 6.68038 -3.06324
-33.773 6.64445 -3.07242
-34.7542 6.56652 -3.08051
-35.7561 6.49095 -3.08083
-35.8299 7.47986 1.63713
-35.8786 8.5053 1.64189
-35.9725 9.55433 1.63921
-36.0379 10.5541 1.63969
-36.0932 11.5414 1.65098
-36.1775 12.5381 1.65199
-36.2592 13.5313 1.66084
-36.3279 14.5222 1.67077
-36.4419 15.5083 1.68771
-36.5552 16.5186 1.67484
-36.6644 17.5326 1.66706
-36.7826 18.5244 1.67113
-36.8628 19.5195 1.67158
-36.9638 20.5639 1.66467
-37.071 21.5504 1.65044
-37.1527 22.515 1.65439
-37.2504 23.5429 1.65326
-37.3249 24.535 1.649
-37.393 25.5553 1.65695
-37.4696 26.5599 1.65292
-37.5679 27.5484 1.64427
-37.6642 28.5516 1.65716
-37.7671 29.559 1.6639
-37.872 30.5419 1.65789
-37.9469 31.5394 1.6682
-38.0375 32.5532 1.67825
-38.113 33.5026 1.66967
-38.2414 34.4802 1.65336
-38.3282 35.4851 1.65171
-38.4402 36.4908 1.64125
-38.5248 37.5021 1.63991
-38.5889 38.5178 1.64146
-38.615 39.5042 1.63578
-38.6619 40.519 1.64755
-38.7073 41.5372 1.64642
-39.7256 41.4518 -3.07292
-40.7323 41.3773 -3.05679
-41.7578 41.3062 -3.05675
-42.7618 41.2151 -3.05379
-43.7796 41.121 -3.05858
-44.7626 41.0209 -3.06438
-45.7459 40.9587 -3.06573
-46.7581 40.8989 -3.07325
-47.7554 40.8273 -3.06241
-48.7588 40.744 -3.05213
-49.7439 40.6543 -3.05567
-50.7433 40.5576 -3.06242
-51.7123 40.4865 -3.06628
-52.7005 40.4004 -3.06905
-53.7159 40.3485 -3.05913
-53.6115 39.3168 -1.49321
-53.5369 38.3134 -1.4853
-53.4594 37.3051 -1.47345
-53.3627 36.314 -1.47664
-53.2871 35.3061 -1.47262
-53.1931 34.297 -1.4812
-53.1004 33.2892 -1.48479
-53.0274 32.2771 -1.49185
-52.9591 31.3019 -1.47874
-52.8346 30.2966 -1.48058
-52.7512 29.3087 -1.4929
-52.723 28.2868 -1.4821
-52.5988 27.292 -1.48202
-52.5011 26.2861 -1.47354
-52.4333 25.2944 -1.48858
-52.3256 24.2868 -1.47704
-52.2304 23.2983 -1.48821
-52.1364 22.298 -1.47877
-52.0524 21.3037 -1.49234
-51.9626 20.3122 -1.48543
-51.8692 19.3276 -1.48701
-51.7604 18.3191 -1.48717
-51.6945 17.3158 -1.48662
-51.5996 16.3029 -1.48739
-51.4965 15.2974 -1.48336
-51.4324 14.2896 -1.48361
-51.3583 13.2947 -1.48545
-51.2582 12.2816 -1.47279
-51.1609 11.2822 -1.47709
-51.0644 10.2877 -1.46753
-50.9662 9.28342 -1.47196
-50.8407 8.28941 -1.47879
-50.7427 7.29364 -1.49755
-50.6545 6.28058 -1.4815
-50.5726 5.27165 -1.48887
-50.488 4.27173 -1.4985
-50.4211 3.28066 -1.49711
-50.3334 2.30758 -1.49764
-50.2463 1.26062 -1.49984
-50.1421 0.254042 -1.51363
-50.1168 -0.757364 -1.50702
-50.0309 -1.74044 -1.52352
-49.993 -2.74427 -1.53362
-49.9606 -3.65997 -1.5287
-49.9125 -4.60092 -1.54437
-49.9117 -5.54327 -1.52577
-49.873 -6.5183 -1.52982
-49.8451 -7.45517 -1.5052
-49.7832 -8.44448 -1.50643
-49.704 -9.43556 -1.49492
-49.6533 -10.4324 -1.47964
-49.5893 -11.4204 -1.47752
-49.4793 -12.4118 -1.47483
-49.4063 -13.4069 -1.48423
-49.3301 -14.4087 -1.48166
-48.3262 -14.3188 0.0826312
-47.3289 -14.2418 0.092038
-46.3462 -14.1646 0.0799452
-45.3396 -14.0686 0.074075
-44.3568 -13.9972 0.0713403
-43.3475 -13.928 0.0610618
-42.2984 -13.8946 0.0489345
-41.2983 -13.8182 0.0541149
-40.2848 -13.7754 0.0624423
-39.3061 -13.6958 0.0664385
-39.3837 -12.6989 1.65039
-39.4484 -11.7247 1.64645
-39.5149 -10.7035 1.64788
-39.5788 -9.69244 1.63437
-39.6739 -8.67551 1.62768
-39.7151 -7.69054 1.63901
-39.7986 -6.69311 1.63916
-39.8437 -5.69504 1.63965
-39.9102 -4.73007 1.62193
-39.9438 -3.75018 1.62716
-40.0118 -2.73768 1.63302
-40.0749 -1.71229 1.63961
-40.1489 -0.734355 1.6404
-40.2244 0.268632 1.64009
-40.3017 1.29163 1.65382
-40.4105 2.31026 1.66772
-40.5106 3.30143 1.65848
-40.6079 4.28812 1.65297
-40.6952 5.27034 1.6614
-40.8354 6.27711 1.66214
-40.9402 7.27999 1.66314
-41.0269 8.27831 1.6497
-41.0722 9.26878 1.66145
-41.1637 10.2375 1.66706
-41.2658 11.2239 1.65708
-41.3532 12.2251 1.66545
-41.438 13.2145 1.64124
-41.5272 14.2145 1.63978
-41.632 15.2085 1.64924
-41.74 16.2066 1.65585
-41.8233 17.1636 1.67017
-41.9106 18.1464 1.66027
-41.9674 19.1621 1.66378
-42.0559 20.17 1.66727
-42.1562 21.2024 1.66009
-42.2597 22.1923 1.64364
-42.3479 23.1943 1.62909
-42.4029 24.1625 1.64132
-42.4938 25.1536 1.63939
-42.5189 26.1573 1.64916
-42.6303 27.1494 1.64248
-42.7454 28.1484 1.63738
-42.794 29.1346 1.63396
-42.8523 30.1373 1.64033
-42.9001 31.1349 1.63632
-41.8994 31.1734 0.0758272
-40.8938 31.2594 0.0824837
-39.9209 31.35 0.0968377
-38.9527 31.4576 0.0995956
-37.9549 31.5499 0.0891894
-37.8505 30.5633 -1.47667
-37.7548 29.5399 -1.4728
-37.6639 28.5335 -1.4916
-37.5685 27.5557 -1.48925
-37.4929 26.5408 -1.48332
-37.407 25.5452 -1.47926
-37.3145 24.5471 -1.4796
-37.2276 23.5551 -1.48882
-37.1506 22.5332 -1.48592
-37.0799 21.5495 -1.4704
-36.9943 20.5309 -1.47124
-36.888 19.5343 -1.45699
-36.7714 18.5038 -1.4654
-36.6762 17.5199 -1.46938
-36.5548 16.541 -1.47112
-36.4644 15.5341 -1.48146
-36.3729 14.5549 -1.48106
-36.2661 13.5319 -1.49226
-36.1806 12.5291 -1.47907
-36.0669 11.5366 -1.48815
-36.0064 10.526 -1.47774
-35.9239 9.53202 -1.46356
-35.7788 8.54945 -1.47822
-35.6843 7.54087 -1.48657
-35.6055 6.55403 -1.48939
-35.5611 5.53681 -1.50253
-35.5122 4.574 -1.49607
-35.4227 3.60518 -1.49607
-35.3344 2.61981 -1.50153
-35.2585 1.61205 -1.50827
-35.1892 0.601848 -1.50026
-35.1437 -0.39618 -1.49124
-35.0694 -1.40867 -1.50419
-35.0244 -2.37642 -1.49344
-34.8872 -3.381 -1.50051
-34.8739 -4.35802 -1.48485
-34.7861 -5.32085 -1.49525
-34.7083 -6.28546 -1.49617
-34.6183 -7.281 -1.50647
-34.5494 -8.25786 -1.50714
-34.5128 -9.30635 -1.50609
-34.439 -10.3273 -1.50338
-34.3545 -11.3237 -1.51164
-34.2689 -12.3143 -1.51268
-34.2144 -13.3204 -1.51456
-35.2139 -13.3676 -3.08523
-36.2506 -13.4227 -3.07292
-37.2728 -13.499 -3.08481
-38.2815 -13.6052 -3.06853
-39.2809 -13.6921 -3.06822
-40.3114 -13.7627 -3.0837
-41.3045 -13.795 -3.0722
-42.3429 -13.8775 -3.06971
-43.3637 -13.927 -3.05959
-44.3297 -13.9943 -3.06324
-45.3503 -14.0846 -3.0559
-46.3263 -14.1493 -3.04298
-47.3353 -14.2601 -3.05211
-48.3539 -14.3103 -3.05887
-49.3518 -14.3968 -3.05871
-49.2612 -15.4006 -1.48636
-49.1868 -16.3777 -1.48585
-49.1145 -17.3822 -1.49168
-49.0021 -18.4051 -1.48318
-48.9073 -19.3995 -1.4723
-48.8143 -20.4052 -1.47764
-48.7443 -21.4317 -1.4886
-48.6499 -22.421 -1.48289
-48.5808 -23.4181 -1.50267
-48.508 -24.4336 -1.50305
-48.4453 -25.4564 -1.48587
-48.3783 -26.4763 -1.49626
-48.3008 -27.414 -1.4941
-48.2024 -28.4087 -1.49356
-48.1328 -29.3911 -1.49985
-48.098 -30.3541 -1.49211
-48.0046 -31.358 -1.48708
-47.9231 -32.3567 -1.48563
-47.8267 -33.3666 -1.4818
-47.7631 -34.3696 -1.488
-47.6792 -35.3569 -1.47751
-47.6009 -36.3496 -1.48015
-47.5291 -37.339 -1.49186
-47.4585 -38.34 -1.49778
-47.3763 -39.3185 -1.48865
-47.2972 -40.3416 -1.48355
-47.2071 -41.3536 -1.4859
-47.1264 -42.3428 -1.48622
-47.03 -43.3388 -1.46857
-46.8451 -44.2841 -1.45605
-46.7425 -45.2601 -1.44642
-46.7363 -46.3033 -1.46976
-46.6668 -47.2855 -1.47544
-46.6086 -48.2841 -1.47757
-46.5252 -49.3067 -1.48021
-46.4577 -50.325 -1.4928
-46.3593 -51.311 -1.46978
-46.2416 -52.3082 -1.46955
-46.1379 -53.3158 -1.4748
-46.04 -54.3081 -1.4718
-45.0237 -54.2279 0.101215
-44.0196 -54.112 0.0979688
-43.0226 -54.0075 0.0943039
-42.0004 -53.8949 0.0754749
-40.9803 -53.8014 0.0912169
-39.9977 -53.6919 0.0951031
-38.9835 -53.6366 0.0883434
-37.9924 -53.5312 0.0864807
-36.998 -53.4205 0.10494
-35.9999 -53.3287 0.120347
-34.9845 -53.2116 0.107497
-33.9706 -53.0932 0.101296
-32.9442 -52.9849 0.113388
-31.9635 -52.8847 0.107047
-30.946 -52.7365 0.100976
-29.9824 -52.6545 0.101671
-28.9377 -52.5584 0.108534
-27.9498 -52.4301 0.10204
-26.9449 -52.3237 0.100034
-25.9583 -52.2382 0.106975
-24.9713 -52.1243 0.101079
-23.9896 -52.0287 0.102553
-22.9992 -51.9134 0.0975834
-21.9851 -51.8033 0.0878938
-21.0011 -51.7313 0.0970092
-19.9934 -51.6455 0.0928437
-18.9861 -51.5456 0.090042
-17.9807 -51.4614 0.0699761
-16.9718 -51.3882 0.0705637
-16.0046 -51.3508 0.0784228
-15.0151 -51.2883 0.0749281
-14.0248 -51.1825 0.0901484
-13.0327 -51.0667 0.0919362
-12.0158 -51.03 0.0787184
-11.0028 -50.9582 0.0861132
-10.0029 -50.8375 0.0991847
-9.00689 -50.7217 0.102587
-8.00044 -50.6131 0.0773653
-6.98925 -50.5395 0.0695501
-5.97015 -50.4728 0.0589671
-4.97686 -50.4524 0.0513367
-3.96399 -50.4044 0.0648898
-2.95056 -50.345 0.088972
-1.96722 -50.2929 0.0843478
-0.975235 -50.2345 0.0902346
0.0430224 -50.1502 0.0889774
1.03109 -50.0565 0.100561
2.00948 -49.9472 0.0941832
3.01016 -49.825 0.0793322
3.99169 -49.7725 0.0559082
4.07198 -50.7902 -1.52588
4.11864 -51.7647 -1.5043
4.20708 -52.7736 -1.50297
4.2597 -53.7823 -1.5049
4.34434 -54.7727 -1.49452
5.34784 -54.6954 0.0721048
6.34284 -54.6125 0.0707349
7.34257 -54.5148 0.0783949
8.35591 -54.4381 0.0727037
9.32954 -54.38 0.0762684
10.3522 -54.2979 0.0738404
11.3405 -54.2101 0.079981
12.3442 -54.1331 0.0772644
13.3616 -54.0629 0.0798542
14.3433 -53.9768 0.0794704
15.3434 -53.8962 0.0848734
16.3404 -53.7968 0.0771661
17.3296 -53.7274 0.0898642
18.3194 -53.6534 0.0717933
19.3266 -53.5724 0.0741826
20.3218 -53.506 0.0808901
21.3356 -53.4101 0.0776184
22.344 -53.3231 0.0745713
23.3281 -53.2664 0.0572218
24.3107 -53.1924 0.0627089
25.3193 -53.1532 0.0444874
26.2929 -53.0984 0.0548071
27.306 -53.0496 0.0436219
28.3441 -53.0129 0.0582246
29.3276 -52.9463 0.06782
30.3393 -52.8717 0.059099
31.326 -52.8441 0.0466387
32.3157 -52.8178 0.0550709
33.2931 -52.7396 0.0600252
34.2882 -52.6825 0.0521819
34.2195 -51.6822 1.61456
34.173 -50.668 1.62266
34.1135 -49.6837 1.63012
34.0708 -48.6866 1.63781
33.9658 -47.6917 1.63558
33.8994 -46.6912 1.65095
33.8246 -45.6799 1.6519
33.7646 -44.6764 1.64402
33.6603 -43.7303 1.63289
33.5848 -42.7013 1.63189
33.5021 -41.7263 1.62958
33.4377 -40.7169 1.63434
33.3848 -39.705 1.63475
33.3425 -38.6999 1.63346
33.2663 -37.7205 1.64946
33.1952 -36.7112 1.65061
33.1163 -35.6972 1.64187
33.0315 -34.7052 1.63179
32.965 -33.6858 1.6359
32.8532 -32.6412 1.6244
31.8398 -32.7351 -3.08484
30.849 -32.7856 -3.09083
29.8349 -32.8121 -3.07617
28.8126 -32.8626 -3.08321
27.8272 -32.9568 -3.08477
26.8445 -33.0315 -3.07804
25.865 -33.0819 -3.06921
24.8706 -33.1393 -3.06623
23.8832 -33.2226 -3.07563
22.8738 -33.2732 -3.06832
22.7828 -32.2907 1.6299
22.7393 -31.3167 1.64002
22.6219 -30.2991 1.64648
22.5458 -29.3364 1.64364
22.4784 -28.384 1.63798
22.4252 -27.4147 1.65454
22.3577 -26.4496 1.6436
22.2521 -25.4791 1.65887
22.1798 -24.4989 1.67486
22.108 -23.5158 1.68485
21.9598 -22.544 1.67941
21.8413 -21.5833 1.67402
21.7728 -20.6033 1.66024
21.6391 -19.6153 1.65669
21.5559 -18.6223 1.66044
21.4608 -17.5872 1.64636
21.356 -16.5753 1.6439
21.3058 -15.5847 1.65242
21.1943 -14.6168 1.64349
21.1186 -13.6412 1.64701
21.0804 -12.6621 1.66455
20.9539 -11.705 1.66772
20.8708 -10.6974 1.67125
20.7698 -9.73237 1.6681
20.6817 -8.74923 1.67101
20.5585 -7.78948 1.67025
20.4881 -6.8056 1.66141
20.4048 -5.79747 1.65982
20.3039 -4.7932 1.65492
20.2337 -3.84106 1.67236
20.1353 -2.87471 1.66165
20.0415 -1.86248 1.64497
19.9688 -0.886638 1.65745
19.8471 0.113352 1.65137
19.7615 1.11067 1.65375
19.6515 2.09419 1.65541
19.5461 3.09655 1.64923
19.4932 4.11392 1.64815
19.4248 5.12579 1.64224
19.3346 6.0957 1.62473
19.3196 7.09371 1.64143
19.2404 8.06772 1.63153
19.1848 9.01981 1.63687
19.1088 9.9671 1.63467
19.0372 10.9439 1.64661
18.9667 11.9418 1.63032
18.9381 12.9119 1.62661
18.9089 13.875 1.63108
18.8814 14.8078 1.62392
18.8241 15.7696 1.63768
18.7605 16.7861 1.64283
18.6719 17.75 1.64218
18.6311 18.7514 1.62968
18.5911 19.7151 1.62356
18.5415 20.6649 1.62577
18.4792 21.6147 1.63146
18.4296 22.5903 1.62888
18.3889 23.5732 1.62831
18.3169 24.5521 1.63083
18.2642 25.5374 1.63137
18.2038 26.5828 1.62962
18.1484 27.5578 1.63701
18.1045 28.5885 1.65368
18.0281 29.5731 1.65731
17.928 30.5252 1.65628
17.8539 31.5119 1.65644
17.7685 32.544 1.65526
17.6859 33.5785 1.66269
17.608 34.5705 1.67098
17.4881 35.5561 1.66185
17.4182 36.5654 1.64749
17.3387 37.5294 1.66593
17.2148 38.5398 1.65118
17.1196 39.5162 1.66618
16.9841 40.4935 1.66066
16.8879 41.4741 1.65568
16.7937 42.4747 1.64517
16.6955 43.4804 1.657
16.609 44.4226 1.66669
16.5046 45.4048 1.67116
16.3795 46.3605 1.66553
16.2707 47.3311 1.67433
16.1514 48.3259 1.66494
16.0213 49.3101 1.66711
15.949 50.3328 1.66715
14.943 50.2283 -3.04943
13.9302 50.1353 -3.05192
12.9459 50.0323 -3.05131
11.9427 49.9445 -3.04734
10.9378 49.8528 -3.03691
9.94705 49.7239 -3.03458
8.95185 49.6577 -3.03859
7.97132 49.5645 -3.04016
6.95696 49.4604 -3.0479
5.94611 49.3513 -3.05834
4.95609 49.2744 -3.07078
3.94929 49.2083 -3.08122
2.95847 49.1357 -3.08859
1.94027 49.1014 -3.08123
0.944685 49.0199 -3.1006
0.995213 48.0234 -1.53015
1.03347 46.9766 -1.55088
1.02364 45.9018 -1.59031
0.583744 45.176 -0.887103
1.14024 44.2981 -0.946372
1.63879 43.3779 -1.00513
2.13197 42.4556 -1.06257
2.58348 41.5292 -1.0963
3.00674 40.545 -1.10919
3.41822 39.5431 -1.12147
3.82421 38.5534 -1.13867
4.1926 37.5916 -1.14808
4.54012 36.5987 -1.14453
6.25212 36.7449 -1.83859
5.96322 35.7243 -1.83318
5.68395 34.688 -1.8272
5.40851 33.6844 -1.82245
5.15089 32.694 -1.80659
4.90621 31.721 -1.80853
4.6685 30.7103 -1.83217
4.42317 29.687 -1.82923
4.20543 28.7418 -1.79771
4.06245 27.7227 -1.7712
3.91059 26.7081 -1.73255
3.80517 25.6938 -1.70077
3.72791 24.6715 -1.6894
3.67276 23.6348 -1.68227
3.61322 22.627 -1.66809
3.58873 21.6308 -1.66255
3.56587 20.5893 -1.66118
3.47675 19.4402 -1.61209
3.50105 18.3332 -1.5711
3.55895 17.2348 -1.53939
3.58893 16.125 -1.51373
3.67028 15.1357 -1.52098
3.7074 14.1036 -1.51958
3.71698 13.0992 -1.5235
3.78529 12.1271 -1.52035
3.85039 11.0911 -1.50488
3.91117 10.082 -1.51958
3.96182 9.04158 -1.53118
3.99648 8.04048 -1.51827
4.04135 7.05697 -1.52345
4.12086 6.07082 -1.49563
4.19559 5.05292 -1.48436
5.228 5.11361 0.0811934
6.23344 5.20325 0.0673886
7.23248 5.22938 0.06286
8.2045 5.2594 0.0592854
9.22414 5.34085 0.0712411
10.2069 5.42179 0.0655696
11.2526 5.51804 0.0604077
12.2956 5.55428 0.0585861
13.2824 5.59448 0.0611123
14.2916 5.6355 0.0764229
15.3083 5.70871 0.0833964
16.3157 5.80486 0.0793333
17.2991 5.89763 0.0744456
18.268 5.98924 0.0711023
19.2501 6.06036 0.0861987
20.2457 6.15526 0.0833508
21.2634 6.24936 0.0823476
22.2656 6.3532 0.0954894
23.281 6.42979 0.101193
24.2763 6.51059 0.0996673
25.2658 6.58872 0.109208
26.2559 6.71135 0.0890461
27.2859 6.78062 0.0871925
28.2983 6.86748 0.0893629
29.3077 6.92698 0.0836528
30.3392 7.02019 0.0680986
31.3357 7.09166 0.0684976
32.3232 7.15888 0.0741819
33.322 7.26598 0.0709838
34.3055 7.3515 0.0856766
35.3054 7.4251 0.078943
36.3316 7.44544 0.0782972
37.3551 7.51157 0.0719016
38.3471 7.56583 0.0631291
39.3331 7.6394 0.0667282
40.34 7.7025 0.0723524
41.3321 7.78659 0.0687856
42.3027 7.84003 0.080486
43.281 7.92218 0.0786637
44.3014 7.97691 0.0765051
45.3429 8.0659 0.0731965
46.3539 8.15834 0.084192
47.3345 8.24243 0.0823239
48.3545 8.33778 0.0727993
49.3508 8.40432 0.080526
49.4176 7.4231 -1.49474
49.5149 6.4117 -1.48831
49.5744 5.44812 -1.49675
49.6212 4.47628 -1.48158
49.7023 3.46439 -1.48007
49.7835 2.48054 -1.47761
49.8735 1.46173 -1.49122
49.953 0.480316 -1.47947
50.0445 -0.5054 -1.48453
50.119 -1.5348 -1.4828
50.2336 -2.52177 -1.48131
50.324 -3.52891 -1.47783
50.4182 -4.51001 -1.48884
50.5235 -5.49114 -1.48615
50.5958 -6.51479 -1.4934
50.6664 -7.49129 -1.48655
50.7657 -8.501 -1.47732
50.8523 -9.48953 -1.47696
50.9541 -10.4972 -1.46081
51.0549 -11.4969 -1.46225
51.1334 -12.5188 -1.46876
51.2416 -13.5102 -1.47097
51.3134 -14.4962 -1.47702
51.4299 -15.495 -1.48145
51.5084 -16.4953 -1.49176
51.577 -17.4947 -1.48004
51.67 -18.4862 -1.49859
51.731 -19.4923 -1.48886
51.8157 -20.488 -1.50004
51.8978 -21.4693 -1.48637
52.0032 -22.4676 -1.49393
52.0803 -23.4797 -1.49418
52.1257 -24.457 -1.50479
52.1709 -25.4153 -1.49564
52.2767 -26.4152 -1.49248
51.26 -26.5018 -3.07105
50.2693 -26.5787 -3.07351
49.3114 -26.6344 -3.07702
48.3327 -26.6872 -3.06793
47.3139 -26.7657 -3.08359
46.2954 -26.8038 -3.08968
45.3096 -26.8288 -3.09081
44.324 -26.9169 -3.08318
43.3533 -26.9861 -3.06727
42.3306 -27.0934 -3.07176
42.4258 -28.0837 -1.49867
42.5028 -29.0706 -1.49646
42.6051 -30.061 -1.49439
42.6742 -31.0594 -1.49608
42.7382 -32.0633 -1.49736
41.7901 -32.1306 -3.0709
40.8022 -32.2094 -3.08843
39.7976 -32.2634 -3.06601
38.7972 -32.3196 -3.05891
37.7981 -32.3868 -3.06666
36.8103 -32.4392 -3.06858
35.8033 -32.4989 -3.07971
34.8422 -32.6071 -3.07905
33.8496 -32.6359 -3.07469
32.8284 -32.6904 -3.08414
31.8462 -32.7517 -3.09329
30.8382 -32.7753 -3.08671
29.8453 -32.8223 -3.07345
28.8524 -32.9018 -3.07748
27.8601 -32.9908 -3.08516
26.86 -33.0425 -3.07601
25.8938 -33.085 -3.06815
24.8904 -33.1565 -3.07352
23.9429 -33.2384 -3.08299
22.9509 -33.2379 -3.09323
23.0248 -34.1968 -1.52063
23.0797 -35.1993 -1.5234
23.1362 -36.2253 -1.5332
23.1979 -37.2097 -1.53662
23.2281 -38.1971 -1.52774
23.2944 -39.1771 -1.52207
23.318 -40.1876 -1.51481
23.4307 -41.2038 -1.50657
23.5201 -42.1826 -1.49906
23.5855 -43.2093 -1.50385
22.584 -43.2882 -3.0956
21.6102 -43.3178 -3.09315
20.5847 -43.3523 -3.08278
19.5724 -43.3972 -3.0823
18.5641 -43.4318 -3.08906
17.5548 -43.5168 -3.06994
16.5791 -43.5892 -3.06858
15.6151 -43.6848 -3.06355
14.5971 -43.7406 -3.06623
13.5895 -43.8055 -3.07219
13.5102 -42.8092 1.65138
13.4386 -41.8021 1.63921
13.3696 -40.7908 1.63535
13.3169 -39.7629 1.6389
13.2219 -38.7567 1.64048
14.2378 -38.705 0.0624669
15.2221 -38.6259 0.0724143
16.2189 -38.5802 0.0738099
17.1992 -38.495 0.0617812
18.1835 -38.4261 0.0673244
19.2006 -38.3609 0.0586177
20.2168 -38.335 0.0500247
21.2363 -38.2823 0.0486844
22.2074 -38.2398 0.0411369
23.2133 -38.1801 0.0450399
24.1861 -38.142 0.0385554
25.1697 -38.0932 0.0513877
26.1631 -38.0222 0.0361241
27.1737 -37.9353 0.0506919
28.2089 -37.9509 0.0630333
28.1331 -36.9449 1.63866
28.0634 -35.958 1.64353
27.9927 -34.9877 1.64818
27.917 -33.9822 1.63438
27.8637 -32.9709 1.63489
27.7786 -31.9569 1.62769
27.73 -30.9347 1.62163
27.6655 -29.957 1.62781
27.6111 -28.9439 1.63198
27.5235 -27.948 1.6446
27.4399 -26.9831 1.63938
27.3536 -25.9525 1.64043
27.2806 -24.9885 1.64771
27.1803 -23.9795 1.65343
27.0939 -22.9768 1.65049
28.0629 -22.9089 0.0636032
29.0502 -22.8369 0.0784952
30.0291 -22.7613 0.087696
31.0289 -22.6759 0.0777498
32.0523 -22.6071 0.0738116
33.0834 -22.5719 0.0678759
34.0922 -22.555 0.0753685
35.0598 -22.4675 0.0559509
36.0545 -22.4182 0.0581537
37.0428 -22.3606 0.0474969
38.0391 -22.3378 0.0414061
39.0031 -22.2903 0.0444912
39.9926 -22.2314 0.0561388
40.944 -22.1916 0.0639928
41.9523 -22.1275 0.0623584
42.9388 -22.0949 0.0590131
43.9372 -22.0282 0.0781742
44.9823 -21.9311 0.0874738
46.0116 -21.848 0.0978648
46.9711 -21.765 0.0917955
46.8666 -20.7631 1.64637
46.7908 -19.7491 1.65437
46.7149 -18.7473 1.65118
46.6474 -17.7692 1.63748
46.5572 -16.7944 1.65113
46.4535 -15.7945 1.65592
46.375 -14.7773 1.63922
46.2781 -13.8066 1.65652
46.167 -12.8175 1.65174
46.0652 -11.8376 1.65288
45.935 -10.8528 1.66762
45.8614 -9.87581 1.65679
45.7538 -8.93188 1.67103
45.6456 -7.93169 1.67
45.5513 -6.94125 1.66795
45.4659 -5.937 1.66653
45.3572 -4.95707 1.67113
45.2698 -3.94616 1.66512
45.1867 -2.93752 1.66575
45.1216 -1.94223 1.67342
45.0725 -0.947571 1.66644
44.977 0.0827928 1.66826
44.8377 1.0646 1.65851
44.7659 2.04576 1.6517
44.6544 3.02959 1.65625
45.6791 3.1402 0.0851275
46.7017 3.21039 0.0771582
47.6761 3.28999 0.0843238
48.6663 3.39127 0.0820161
49.6796 3.48748 0.0798942
49.7793 2.47045 -1.48635
49.8453 1.4618 -1.48602
49.9296 0.483166 -1.49104
50.0418 -0.517253 -1.49475
50.1315 -1.51573 -1.4852
50.2445 -2.51702 -1.48191
50.3201 -3.53438 -1.48593
50.4147 -4.51467 -1.48405
50.4879 -5.50995 -1.4852
50.5974 -6.49918 -1.48625
50.6607 -7.49421 -1.47471
50.7696 -8.49761 -1.48147
50.8274 -9.51314 -1.48946
50.9277 -10.4787 -1.47644
51.042 -11.495 -1.47994
51.1316 -12.4982 -1.47914
51.2132 -13.5169 -1.47704
51.3283 -14.4921 -1.48003
51.4216 -15.4902 -1.47823
51.5091 -16.4723 -1.48714
51.5798 -17.5087 -1.48318
51.6758 -18.4847 -1.49254
51.7581 -19.4837 -1.49857
51.8405 -20.502 -1.49015
51.9265 -21.5026 -1.48664
51.9843 -22.4788 -1.49761
52.0567 -23.4603 -1.4993
52.1452 -24.4443 -1.49565
52.1997 -25.443 -1.49243
52.2682 -26.4263 -1.4899
52.3722 -27.3805 -1.48698
52.4608 -28.3806 -1.4778
52.5245 -29.3622 -1.48593
52.6197 -30.3217 -1.47387
52.697 -31.2954 -1.46912
53.6872 -31.1973 0.102329
54.6823 -31.1066 0.0947061
55.6949 -31.0051 0.101913
56.6935 -30.8879 0.0776551
57.7033 -30.7993 0.0799414
57.7645 -31.814 -1.48827
57.8787 -32.7947 -1.50401
57.9946 -33.806 -1.50566
58.0551 -34.8136 -1.49146
58.1338 -35.8028 -1.48947
58.2347 -36.8159 -1.4932
58.3252 -37.8162 -1.49396
58.404 -38.8331 -1.49287
58.4731 -39.843 -1.49262
58.5646 -40.8229 -1.47921
58.6608 -41.8291 -1.47379
58.7456 -42.8461 -1.48495
58.8311 -43.8227 -1.48726
58.9142 -44.816 -1.50192
58.9879 -45.8002 -1.49144
57.9983 -45.8692 -3.05998
56.9928 -45.9755 -3.05691
55.9969 -46.0624 -3.06438
54.9966 -46.1438 -3.06452
54.0191 -46.2385 -3.0525
53.0078 -46.316 -3.06231
52.0044 -46.4138 -3.06025
51.0142 -46.4873 -3.05945
50.0418 -46.5745 -3.06334
49.0224 -46.6314 -3.0599
48.0371 -46.7297 -3.06157
47.0238 -46.7723 -3.06
46.0647 -46.8395 -3.05431
45.0369 -46.8947 -3.06131
44.0262 -46.9955 -3.0583
43.025 -47.0835 -3.06698
42.0148 -47.1354 -3.07682
40.9946 -47.2029 -3.07575
39.9943 -47.2504 -3.06901
39.0272 -47.3304 -3.05953
38.9255 -46.3341 1.64862
38.8565 -45.329 1.64845
38.7543 -44.3361 1.6388
38.6904 -43.3482 1.63646
38.6068 -42.3505 1.64336
37.6068 -42.4355 -3.0625
36.6127 -42.5112 -3.06227
35.618 -42.5893 -3.05501
34.5979 -42.6508 -3.0648
33.5837 -42.6981 -3.07381
32.604 -42.7642 -3.07796
31.6135 -42.8133 -3.09551
30.6106 -42.8413 -3.09024
29.6106 -42.8876 -3.07937
28.6344 -42.9126 -3.08523
27.6007 -42.9718 -3.08595
26.6099 -43.0067 -3.08569
25.6078 -43.0736 -3.08477
24.5771 -43.1437 -3.08285
23.5725 -43.211 -3.07875
23.6413 -44.2092 -1.51925
23.7065 -45.2149 -1.51004
23.7962 -46.2323 -1.5051
23.8848 -47.2237 -1.51532
23.9172 -48.2124 -1.50962
22.9271 -48.2737 -3.06741
21.9305 -48.3599 -3.07732
20.9395 -48.4216 -3.08547
19.9244 -48.4926 -3.07613
18.9539 -48.5381 -3.09102
17.9691 -48.6021 -3.09007
16.9908 -48.6571 -3.08827
15.9531 -48.7143 -3.08164
14.9752 -48.761 -3.07276
13.9645 -48.8393 -3.05691
12.9736 -48.92 -3.06052
12.0034 -49.0054 -3.06578
11.0122 -49.0957 -3.06527
10.0092 -49.1456 -3.05751
8.99367 -49.2217 -3.04067
7.98847 -49.3336 -3.04753
6.99441 -49.4401 -3.05016
5.99452 -49.5635 -3.06131
5.01717 -49.6801 -3.06099
4.03584 -49.7845 -3.05248
3.0249 -49.8774 -3.05809
2.05694 -49.9541 -3.04183
1.0393 -50.0798 -3.04515
0.0384925 -50.1696 -3.0553
-0.981663 -50.263 -3.0574
-1.98688 -50.3653 -3.03316
-2.95604 -50.4837 -3.02605
-3.97842 -50.6085 -3.0267
-4.97029 -50.7386 -3.01787
-5.98383 -50.8768 -3.02355
-6.97171 -50.9853 -3.04419
-7.97987 -51.1106 -3.05031
-8.97286 -51.2214 -3.04383
-9.94641 -51.3455 -3.06051
-10.9658 -51.4596 -3.07032
-11.0256 -50.4571 1.63699
-11.1006 -49.4691 1.62419
-11.1735 -48.4755 1.62592
-11.2009 -47.455 1.62429
-11.2517 -46.4472 1.6159
-11.2759 -45.3963 1.62899
-11.3232 -44.3913 1.61198
-11.3722 -43.4254 1.62294
-11.4084 -42.4315 1.59991
-11.4476 -41.4657 1.59786
-11.4856 -40.4242 1.59744
-11.4854 -39.4423 1.60478
-11.5143 -38.415 1.61454
-11.575 -37.4151 1.6179
-11.6191 -36.4362 1.62757
-11.6631 -35.412 1.61358
-11.7124 -34.4329 1.62789
-11.7572 -33.4415 1.62169
-11.8065 -32.4269 1.62487
-11.8666 -31.4216 1.63705
-11.976 -30.4172 1.62942
-12.0093 -29.422 1.63871
-12.0471 -28.4399 1.64661
-12.1371 -27.4759 1.6503
-12.2304 -26.4789 1.6514
-12.3353 -25.498 1.63877
-12.4038 -24.4999 1.63766
-12.493 -23.4798 1.63045
-12.5622 -22.449 1.62674
-12.586 -21.4497 1.63711
-12.6739 -20.449 1.61202
-12.7036 -19.4711 1.62499
-12.769 -18.4745 1.62589
-12.7904 -17.4724 1.6507
-12.8655 -16.4592 1.65126
-12.9149 -15.4689 1.65427
-13.0017 -14.4642 1.65183
-13.0998 -13.4691 1.65535
-13.2143 -12.439 1.66598
-13.3093 -11.4886 1.67274
-13.4354 -10.5085 1.68943
-13.5255 -9.53035 1.70253
-13.6663 -8.51104 1.70575
-13.82 -7.53134 1.71603
-13.9771 -6.54088 1.72084
-13.0186 -6.37724 0.139405
-12.0519 -6.26412 0.142626
-11.0584 -6.13226 0.135804
-10.0833 -5.99997 0.129113
-9.12414 -5.9041 0.121185
-8.12083 -5.79796 0.107586
-7.17068 -5.73074 0.105494
-6.20092 -5.6545 0.101746
-5.2258 -5.514 0.0953583
-4.26367 -5.42261 0.104652
-3.29761 -5.314 0.104516
-2.28338 -5.19409 0.0996771
-1.3072 -5.12098 0.114177
-0.331798 -5.01181 0.116318
0.645733 -4.88588 0.114635
0.530801 -3.9286 1.67875
0.402929 -2.91362 1.65556
0.297691 -1.90411 1.66036
0.19982 -0.878391 1.66023
0.12706 0.138655 1.65854
-0.853005 0.0221586 -3.05335
-1.83014 -0.05421 -3.0488
-2.81094 -0.151555 -3.03931
-3.7493 -0.279924 -3.0261
-4.76118 -0.371625 -3.02304
-5.7548 -0.494357 -3.02184
-6.76011 -0.617479 -3.01155
-7.74801 -0.75025 -3.01627
-8.72095 -0.86255 -3.00706
-9.71485 -1.00276 -3.00134
-10.7257 -1.14673 -3.00112
-11.7023 -1.29396 -3.00043
-12.6849 -1.41697 -3.0145
-13.6787 -1.56268 -3.02181
-14.6759 -1.66495 -3.0126
-15.6564 -1.7632 -3.01296
-16.664 -1.88858 -3.01402
-17.6664 -1.98095 -3.01033
-18.6546 -2.1381 -3.01384
-19.6474 -2.25544 -3.0184
-20.6443 -2.34401 -3.04331
-21.6406 -2.38241 -3.03346
-22.6331 -2.47321 -3.04865
-23.6288 -2.57753 -3.06001
-24.6706 -2.67524 -3.06799
-25.6811 -2.72273 -3.07108
-26.7164 -2.80901 -3.0696
-27.7533 -2.8576 -3.06748
-28.7899 -2.92463 -3.06548
-29.7957 -3.02217 -3.04965
-30.8284 -3.1408 -3.06756
-31.8274 -3.1829 -3.07932
-32.8554 -3.26967 -3.06191
-33.8888 -3.33357 -3.06156
-34.9467 -3.39218 -3.05873
-35.954 -3.46143 -3.056
-36.9644 -3.53231 -3.06342
-37.9731 -3.59719 -3.07172
-38.9402 -3.66862 -3.07455
-39.9587 -3.72526 -3.06979
-39.8855 -4.72922 -1.50668
-39.8438 -5.71477 -1.50032
-39.7821 -6.70549 -1.50521
-39.7228 -7.69359 -1.50479
-39.6378 -8.68998 -1.50381
-40.6697 -8.75848 -3.06645
-41.6844 -8.82091 -3.06864
-42.6807 -8.87964 -3.06885
-43.6833 -8.93729 -3.06706
-44.7022 -9.01893 -3.05856
-45.7289 -9.09081 -3.06605
-46.7229 -9.18602 -3.06646
-47.7099 -9.26637 -3.05286
-48.7112 -9.32842 -3.062
-49.7179 -9.42731 -3.0512
-49.6392 -10.4043 -1.49521
-49.562 -11.3918 -1.48718
-49.4882 -12.4005 -1.48607
-49.4032 -13.4052 -1.48507
-49.3474 -14.4004 -1.4834
-48.3617 -14.2955 0.080264
-47.3518 -14.2246 0.08726
-46.3615 -14.1605 0.0719889
-45.345 -14.0943 0.0665654
-44.3324 -14.0215 0.0743366
-44.2573 -15.014 -1.49684
-44.2048 -16.0069 -1.48536
-44.125 -16.9927 -1.49847
-44.0694 -17.9967 -1.49667
-43.9988 -18.9968 -1.4972
-43.9118 -19.9846 -1.4928
-43.8287 -21.0222 -1.47412
-43.7324 -21.9963 -1.48594
-43.6808 -22.9774 -1.47406
-43.579 -23.9911 -1.47617
-43.4919 -24.9868 -1.47662
-43.4087 -25.991 -1.48455
-43.3428 -26.9878 -1.49312
-43.2624 -27.9679 -1.4891
-43.1886 -28.9722 -1.47549
-43.0908 -29.9663 -1.4733
-43.0132 -30.9555 -1.47288
-42.9176 -31.9712 -1.4868
-42.8164 -32.9813 -1.48916
-42.7149 -33.9726 -1.48357
-42.6533 -34.9874 -1.49241
-42.5801 -35.9545 -1.49608
-42.5165 -36.9626 -1.49338
-42.4793 -37.9341 -1.48741
-42.3669 -38.9384 -1.49699
-42.2976 -39.9483 -1.48666
-42.2386 -40.9183 -1.47436
-42.1417 -41.9314 -1.47449
-42.0544 -42.9251 -1.45762
-41.9488 -43.9275 -1.45819
-41.8859 -44.8913 -1.45989
-41.7545 -45.8781 -1.47818
-41.6705 -46.867 -1.47052
-41.5704 -47.87 -1.47368
-41.4551 -48.8829 -1.46321
-40.4596 -48.7642 0.114449
-39.4499 -48.6748 0.111244
-38.4816 -48.5527 0.103974
-37.4974 -48.4543 0.118253
-36.4873 -48.3584 0.132974
-35.499 -48.2296 0.136697
-34.505 -48.1497 0.151041
-33.5185 -48.0121 0.125325
-32.5134 -47.8552 0.1236
-31.5239 -47.7364 0.123418
-31.6619 -46.7147 1.71041
-31.8226 -45.7283 1.70132
-31.9618 -44.7305 1.70361
-32.06 -43.7602 1.69882
-32.1697 -42.7605 1.69692
-32.2963 -41.7804 1.68965
-32.4171 -40.7861 1.68249
-32.5183 -39.797 1.68594
-32.6025 -38.7999 1.6782
-32.7202 -37.799 1.66784
-32.8488 -36.8126 1.6609
-32.9385 -35.8356 1.67052
-33.0117 -34.8321 1.66035
-33.1152 -33.844 1.66208
-33.1741 -32.8232 1.65576
-33.2499 -31.8414 1.65414
-33.3328 -30.8529 1.65268
-33.4114 -29.8355 1.64185
-33.4857 -28.8563 1.6485
-33.5495 -27.8764 1.64186
-33.6164 -26.8934 1.63633
-33.6828 -25.9051 1.62697
-33.7425 -24.9179 1.61776
-33.8194 -23.9081 1.61228
-33.861 -22.9109 1.6204
-33.8993 -21.918 1.62588
-33.9525 -20.923 1.63191
-34.0348 -19.9361 1.64818
-34.0912 -18.9329 1.6465
-34.1391 -17.9653 1.64229
-35.1188 -18.041 -3.07549
-36.1179 -18.1058 -3.0698
-37.0716 -18.1638 -3.07096
-38.0699 -18.2503 -3.0582
-39.0447 -18.3927 -3.05391
-40.0397 -18.4948 -3.05411
-40.9949 -18.6428 -3.06468
-41.964 -18.7185 -3.06971
-42.9627 -18.8563 -3.05695
-43.9561 -18.9482 -3.05325
-44.9705 -19.0571 -3.0601
-45.9511 -19.1472 -3.06193
-46.9423 -19.224 -3.05593
-47.9091 -19.2987 -3.04683
-48.9199 -19.3982 -3.05594
-48.9898 -18.4141 1.65704
-49.0952 -17.404 1.6566
-49.1722 -16.4116 1.65549
-49.2629 -15.4092 1.65639
-49.3434 -14.4108 1.65654
-49.438 -13.3613 1.66625
-49.5344 -12.397 1.66769
-49.6114 -11.4047 1.65779
-49.683 -10.415 1.6587
-49.7412 -9.43355 1.6548
-49.795 -8.42623 1.6453
-49.8576 -7.48774 1.64761
-49.8957 -6.51689 1.64904
-49.9477 -5.54127 1.64016
-49.9868 -4.55033 1.63973
-50.0472 -3.57633 1.64519
-50.1092 -2.61389 1.64339
-50.1644 -1.61413 1.65458
-50.2299 -0.640308 1.65729
-50.2989 0.327824 1.6537
-50.3328 1.33135 1.64264
-50.3905 2.30416 1.63914
-50.4344 3.30521 1.64585
-50.4907 4.29963 1.65369
-50.5694 5.30185 1.66294
-50.6433 6.31696 1.66809
-50.7448 7.31652 1.65276
-50.8291 8.27555 1.67233
-50.9553 9.28201 1.66249
-51.0707 10.2802 1.66406
-51.1699 11.2931 1.66475
-51.2614 12.2912 1.66899
-51.371 13.2894 1.64909
-51.4506 14.2725 1.65291
-51.5402 15.2777 1.65234
-51.6044 16.2891 1.6567
-51.6607 17.3031 1.67013
-51.7709 18.3257 1.66277
-51.8365 19.3177 1.65749
-51.9437 20.3019 1.65768
-52.0373 21.2991 1.66126
-52.1453 22.3131 1.65472
-52.231 23.2968 1.65136
-52.3006 24.2777 1.64581
-52.4122 25.2964 1.66038
-52.5022 26.2995 1.65814
-52.582 27.2715 1.66447
-52.672 28.2448 1.65687
-52.7743 29.2416 1.65688
-52.838 30.2225 1.64725
-51.8411 30.3149 0.0845899
-50.8488 30.3899 0.0928834
-49.8229 30.4657 0.0898153
-48.8548 30.5559 0.0983023
-47.8659 30.6647 0.0908589
-46.8829 30.741 0.0812921
-45.8873 30.8011 0.0873142
-44.9192 30.9047 0.0832855
-43.9382 31.0123 0.0720527
-42.9233 31.1159 0.06863
-41.915 31.1819 0.075388
-40.9246 31.2739 0.0763609
-39.9387 31.3857 0.084563
-38.9403 31.4506 0.0860011
-37.9411 31.5532 0.0894795
-36.9406 31.6635 0.0934879
-35.9736 31.7681 0.101659
-34.9535 31.8015 0.0826557
-33.9497 31.8723 0.086873
-32.9415 31.9351 0.0949022
-31.9393 32.0358 0.0941766
-30.9489 32.1391 0.088838
-29.9535 32.2241 0.0925348
-28.9535 32.317 0.0817505
-27.9611 32.4075 0.0808216
-26.9362 32.4753 0.0815792
-25.8976 32.5391 0.0728663
-24.9074 32.6233 0.0802554
-23.9111 32.6961 0.0832105
-22.9011 32.7838 0.0914715
-23.0043 33.7887 1.64072
-23.052 34.7761 1.64659
-23.1421 35.7605 1.64772
-23.2146 36.758 1.63938
-23.3396 37.7625 1.6408
-23.4406 38.771 1.65105
-23.5427 39.7459 1.65025
-23.6157 40.7201 1.65128
-23.6979 41.7218 1.64716
-23.7799 42.69 1.64894
-23.8592 43.7011 1.64324
-23.9232 44.6821 1.63389
-23.9725 45.7112 1.63747
-24.047 46.7244 1.64359
-24.1228 47.6896 1.64849
-25.1133 47.6326 -3.04858
-26.1263 47.5318 -3.05305
-27.1226 47.4644 -3.06077
-28.1213 47.3774 -3.06554
-29.1242 47.3012 -3.0602
-29.044 46.3094 -1.49997
-28.9875 45.3102 -1.49741
-28.9674 44.3146 -1.48611
-28.8805 43.3143 -1.47959
-28.8172 42.3294 -1.48622
-28.7372 41.3077 -1.49742
-28.6727 40.3044 -1.49202
-28.564 39.3213 -1.48083
-28.4683 38.3099 -1.47619
-28.3607 37.3105 -1.46615
-28.2686 36.2975 -1.47509
-28.1976 35.307 -1.48169
-28.1334 34.3346 -1.47027
-28.0218 33.3847 -1.47861
-27.9251 32.4044 -1.4781
-27.8254 31.4006 -1.47924
-27.7503 30.3969 -1.47827
-27.6555 29.3816 -1.50449
-27.5405 28.3589 -1.50414
-27.4714 27.3394 -1.50143
-27.3837 26.3585 -1.50411
-27.3243 25.3766 -1.50478
-27.263 24.3955 -1.51311
-27.1821 23.3483 -1.49204
-27.0914 22.3226 -1.49787
-27.0542 21.3192 -1.48756
-26.9648 20.2992 -1.4729
-26.8456 19.2975 -1.48401
-26.7943 18.3013 -1.47919
-26.7124 17.3346 -1.48249
-26.6716 16.3479 -1.46452
-26.572 15.3488 -1.45756
-26.4466 14.367 -1.45688
-26.3371 13.4035 -1.47429
-26.244 12.3633 -1.48055
-26.1483 11.3645 -1.47134
-26.0515 10.3799 -1.46539
-25.9697 9.31448 -1.47561
-25.8698 8.33307 -1.49179
-25.7845 7.33888 -1.494
-25.692 6.3659 -1.48334
-25.5793 5.40254 -1.47026
-25.4764 4.43113 -1.45584
-25.3498 3.42598 -1.4559
-25.2286 2.41592 -1.45471
-25.0847 1.39073 -1.47524
-24.9555 0.43984 -1.47484
-24.8459 -0.589995 -1.46486
-24.7121 -1.61034 -1.47397
-24.6008 -2.64098 -1.48858
-24.5328 -3.64606 -1.49131
-24.45 -4.65398 -1.49098
-24.381 -5.65381 -1.48997
-24.2892 -6.68758 -1.51902
-24.2276 -7.67233 -1.53535
-24.2401 -8.66174 -1.54488
-24.2145 -9.66052 -1.53167
-24.1603 -10.6662 -1.53485
-24.1332 -11.6393 -1.53158
-24.1145 -12.655 -1.53686
-24.1094 -13.6796 -1.52983
-24.0616 -14.6848 -1.54199
-24.0472 -15.6948 -1.53806
-24.0252 -16.6918 -1.51908
-23.9912 -17.6901 -1.52811
-24.9794 -17.7004 -3.1209
-25.9704 -17.7176 -3.13748
-27.0197 -17.7404 -3.11692
-28.0927 -17.7387 -3.11097
-29.101 -17.7993 -3.09816
-30.1105 -17.8426 -3.09948
-31.1283 -17.8686 -3.10901
-32.102 -17.8871 -3.10366
-33.0829 -17.9184 -3.1009
-34.1111 -17.9444 -3.07599
-34.0595 -18.9688 -1.4978
-33.9686 -19.9446 -1.50646
-33.9677 -20.9319 -1.50069
-33.914 -21.9105 -1.51154
-33.8334 -22.9087 -1.51951
-33.7633 -23.9005 -1.51684
-33.741 -24.9015 -1.50696
-33.6921 -25.8909 -1.50295
-33.6221 -26.8761 -1.50924
-33.5655 -27.8791 -1.50552
-33.4757 -28.852 -1.49861
-33.4058 -29.8372 -1.49535
-33.3412 -30.8195 -1.49112
-33.2712 -31.7977 -1.48639
-33.1774 -32.8242 -1.48808
-33.1213 -33.8246 -1.47831
-33.02 -34.8301 -1.47458
-32.9187 -35.8209 -1.47854
-32.811 -36.812 -1.4755
-32.7509 -37.8096 -1.46627
-32.6521 -38.8216 -1.45404
-32.5047 -39.7964 -1.4606
-32.3973 -40.8072 -1.45623
-32.2924 -41.7913 -1.45653
-32.1803 -42.7636 -1.45427
-32.0715 -43.7599 -1.44482
-31.9187 -44.7147 -1.43573
-31.7971 -45.7178 -1.44785
-31.6751 -46.7309 -1.44368
-31.5364 -47.7431 -1.44014
-31.4071 -48.7446 -1.44723
-31.2697 -49.7694 -1.46698
-31.1883 -50.7919 -1.46796
-31.0807 -51.7729 -1.47651
-30.965 -52.7719 -1.47135
-31.9823 -52.8584 -3.02939
-32.9954 -52.973 -3.02949
-34.0009 -53.1095 -3.02645
-34.986 -53.2438 -3.04496
-35.9837 -53.3528 -3.04209
-36.9919 -53.4576 -3.04202
-37.9947 -53.5623 -3.04522
-38.985 -53.6532 -3.05101
-40.0097 -53.7206 -3.04306
-40.9966 -53.7988 -3.04377
-41.9726 -53.8831 -3.03994
-42.979 -53.9928 -3.04986
-43.9804 -54.0735 -3.02692
-45.0009 -54.207 -3.04396
-46.0083 -54.3035 -3.04766
-45.9081 -55.3194 -1.46778
-45.7693 -56.2943 -1.46176
-45.6513 -57.2971 -1.46451
-45.5618 -58.2856 -1.46444
-45.472 -59.2759 -1.45681
-44.4759 -59.1843 0.104767
-43.5079 -59.1044 0.0968452
-42.5259 -58.9905 0.0726217
-41.5103 -58.9129 0.0933025
-40.5237 -58.8245 0.081406
-40.6037 -57.7926 1.66374
-40.7147 -56.8198 1.67333
-40.7878 -55.8263 1.67363
-40.9061 -54.8013 1.66476
-40.9809 -53.8131 1.66093
-41.0659 -52.83 1.65086
-41.1598 -51.8224 1.66397
-41.2737 -50.8265 1.66823
-41.356 -49.8218 1.65769
-41.4582 -48.8682 1.66617
-40.4731 -48.7934 0.106343
-39.5079 -48.6847 0.118233
-38.4857 -48.545 0.112651
-37.5144 -48.4587 0.120446
-36.507 -48.354 0.123336
-35.5323 -48.2353 0.123992
-34.5257 -48.1289 0.127654
-33.5365 -48.0014 0.126727
-32.5073 -47.8753 0.142298
-31.5139 -47.7518 0.124702
-30.512 -47.6409 0.104701
-29.5173 -47.5689 0.0768315
-28.5197 -47.5732 0.0640304
-27.5071 -47.5031 0.0685578
-26.4822 -47.4996 0.0374904
-25.4493 -47.4935 0.0225103
-24.3819 -47.5174 0.0230577
-23.3492 -47.5327 0.0236307
-22.3398 -47.5357 0.0217621
-21.341 -47.557 0.0112094
-20.2994 -47.5619 0.0235816
-19.2833 -47.5731 0.0331616
-18.2356 -47.5841 0.0387024
-17.196 -47.6096 0.0695756
-16.1675 -47.5637 0.072895
-15.1292 -47.5248 0.0871963
-14.115 -47.4334 0.115785
-13.0859 -47.348 0.136863
-12.0635 -47.2495 0.160241
-11.0805 -47.0362 0.159314
-10.0906 -46.8411 0.160949
-9.11259 -46.6571 0.162303
-8.13036 -46.487 0.158525
-7.1383 -46.3273 0.170233
-6.14814 -46.1314 0.16356
-5.15832 -45.9868 0.162536
-4.1711 -45.8381 0.164746
-3.20142 -45.6742 0.151439
-2.24261 -45.5155 0.148221
-1.2398 -45.3638 0.150566
-0.288009 -45.2181 0.129856
0.670863 -45.0878 0.114344
1.6562 -44.9655 0.112628
2.66778 -44.8337 0.107748
3.65926 -44.7654 0.121949
4.68084 -44.643 0.118678
5.63182 -44.506 0.107723
6.60644 -44.3874 0.0816745
7.60188 -44.3051 0.0889618
8.63617 -44.214 0.0928603
9.61445 -44.1292 0.0739569
10.6132 -44.035 0.0835963
11.5908 -43.9712 0.0819747
12.5718 -43.8494 0.0803654
13.5683 -43.7923 0.0754075
14.572 -43.7328 0.0812218
15.5915 -43.6504 0.0808025
16.5631 -43.6009 0.0835233
17.5665 -43.5182 0.0741712
18.5798 -43.4802 0.0687136
19.5709 -43.4199 0.0699713
20.5718 -43.3521 0.0615182
21.5938 -43.3085 0.0623404
22.5963 -43.2662 0.0584103
23.5814 -43.1996 0.0670445
24.594 -43.1212 0.0765107
25.6071 -43.0586 0.0692635
26.6086 -43.0153 0.0570354
27.5867 -42.9534 0.0666678
28.6174 -42.9032 0.0707341
28.678 -43.9302 -1.50456
28.7485 -44.9365 -1.50321
28.8253 -45.9825 -1.50146
28.8972 -46.9633 -1.50877
28.946 -47.9632 -1.50417
29.9333 -47.9256 0.0731873
30.9361 -47.8596 0.0665221
31.9456 -47.8178 0.0708622
32.9853 -47.7344 0.0609484
34.0007 -47.6779 0.0588241
34.9981 -47.6226 0.059272
36.0066 -47.5614 0.0741762
36.9869 -47.4926 0.077608
37.9907 -47.4139 0.0740367
39.0004 -47.3188 0.0772989
39.9943 -47.2557 0.0691522
41.0461 -47.1964 0.0649965
42.0518 -47.1233 0.0674417
43.0328 -47.0506 0.0762159
44.0367 -46.9961 0.0710644
45.0694 -46.9153 0.0869998
46.0754 -46.8578 0.0879889
47.0292 -46.7829 0.0804614
48.027 -46.7132 0.0721378
49.0049 -46.6327 0.0827808
50.0209 -46.5632 0.0784457
51.0171 -46.4789 0.0789463
52.003 -46.3915 0.0774229
52.9932 -46.324 0.0800415
53.994 -46.2328 0.0831296
53.9413 -45.2428 1.64967
53.838 -44.2285 1.65223
53.7786 -43.24 1.66398
53.7185 -42.2492 1.66711
53.6442 -41.2429 1.66883
53.5206 -40.2541 1.65956
53.4358 -39.2638 1.66455
53.368 -38.2731 1.66706
53.2726 -37.2636 1.66632
53.1674 -36.2874 1.66361
53.1011 -35.2791 1.67294
52.993 -34.2648 1.67285
52.8617 -33.2618 1.67831
52.7601 -32.2565 1.67461
52.6628 -31.2537 1.6899
52.5546 -30.2804 1.71005
52.4476 -29.2875 1.68913
52.4188 -28.3428 1.67201
52.3208 -27.3966 1.65097
52.2479 -26.3982 1.64874
52.1757 -25.424 1.63909
52.1171 -24.4466 1.63897
52.0452 -23.4341 1.64529
51.9861 -22.4567 1.64034
51.9245 -21.4519 1.63817
51.8442 -20.471 1.63911
51.7511 -19.5102 1.64489
51.6827 -18.477 1.63633
51.5998 -17.4719 1.6481
51.4971 -16.4908 1.65926
51.406 -15.4868 1.6847
51.334 -14.4945 1.66984
51.2453 -13.5002 1.66729
51.1403 -12.4905 1.67124
51.0537 -11.4988 1.66495
50.9563 -10.4893 1.66998
50.8323 -9.49251 1.67428
50.7382 -8.50965 1.67253
50.6594 -7.5084 1.66734
50.5856 -6.50358 1.66598
50.5057 -5.5235 1.67409
50.4139 -4.51781 1.66903
50.3244 -3.50682 1.65377
50.2162 -2.53979 1.66265
50.15 -1.54774 1.66382
50.0374 -0.530514 1.65359
49.944 0.489752 1.65922
49.8766 1.48987 1.65837
49.78 2.48923 1.65801
49.7089 3.46721 1.66627
48.6815 3.37612 -3.05655
47.6858 3.31235 -3.05286
46.7023 3.22047 -3.0569
45.6907 3.13914 -3.06623
44.7008 3.04591 -3.06513
43.6804 2.97862 -3.0668
42.6594 2.88433 -3.07109
41.6522 2.7851 -3.08575
40.6519 2.71054 -3.0744
39.6273 2.64009 -3.07857
38.5938 2.56453 -3.09436
37.6085 2.51312 -3.08077
36.6202 2.47062 -3.09113
35.6072 2.40493 -3.08918
34.6046 2.33796 -3.08026
33.6074 2.27596 -3.06594
32.574 2.18577 -3.0649
31.6073 2.08074 -3.05728
30.6177 2.00067 -3.05886
29.6228 1.91319 -3.06672
28.6567 1.81697 -3.07063
27.6512 1.76539 -3.07392
26.6719 1.72463 -3.06398
25.7077 1.65629 -3.05843
24.714 1.56064 -3.05934
23.7488 1.4523 -3.06189
22.7425 1.38791 -3.04582
21.7434 1.29437 -3.05465
20.7467 1.20202 -3.06331
19.7607 1.12432 -3.06158
18.7409 1.01925 -3.05903
17.7539 0.937188 -3.04913
16.7632 0.846173 -3.04851
15.7859 0.769363 -3.05787
14.7615 0.681244 -3.07132
14.6988 1.67002 1.64185
14.6195 2.69157 1.65577
14.4962 3.65675 1.65921
14.4125 4.64033 1.65958
14.2989 5.63795 1.65989
14.2275 6.6347 1.65407
14.0999 7.60173 1.63788
14.0039 8.57659 1.62027
13.9764 9.58514 1.61945
13.9057 10.5573 1.61883
13.8396 11.4968 1.62912
13.788 12.4692 1.62011
13.7534 13.4209 1.60077
13.7167 14.4061 1.6133
13.6777 15.3956 1.60225
13.652 16.3755 1.59262
13.6047 17.3858 1.60155
13.5826 18.3501 1.60716
13.5711 19.3236 1.60714
13.5392 20.3109 1.60512
13.5063 21.2801 1.61112
13.4807 22.3093 1.61205
13.4338 23.2807 1.61789
13.3719 24.29 1.61571
13.3524 25.2924 1.6195
14.3488 25.3329 0.0437458
15.3391 25.3796 0.0514713
16.3076 25.4138 0.0589089
17.2751 25.4871 0.0634045
18.283 25.5233 0.0670022
19.2889 25.608 0.0672783
20.25 25.6418 0.061373
21.2098 25.6749 0.0784336
22.2083 25.7494 0.0902432
23.1763 25.8291 0.0820488
24.1886 25.8738 0.0902643
25.1902 25.9586 0.0909339
26.2014 25.9878 0.102954
27.1576 26.0736 0.0993429
28.2048 26.2008 0.116411
29.2083 26.3701 0.124966
30.2197 26.5275 0.138609
31.2182 26.6983 0.135525
32.2133 26.8633 0.139515
33.2074 27.0459 0.142927
34.1934 27.2557 0.134623
35.1658 27.4199 0.131201
36.1737 27.5706 0.133482
37.1807 27.7148 0.125816
38.1703 27.8942 0.112279
39.1841 28.0783 0.119756
40.19 28.2721 0.0886354
41.1708 28.396 0.064573
42.1577 28.4589 0.0510458
43.1601 28.4826 0.0538053
44.1231 28.4659 0.0387556
45.0983 28.4463 0.0310014
46.0382 28.3806 0.0312276
47.0035 28.368 0.0632421
47.97 28.4061 0.0630089
47.897 29.3922 1.63462
47.8187 30.3597 1.63406
47.7756 31.358 1.63276
47.6936 32.3251 1.62998
47.6092 33.305 1.6258
47.5408 34.3032 1.62044
47.4776 35.288 1.61983
47.4258 36.3311 1.6168
47.3801 37.3513 1.62764
47.3088 38.4014 1.64033
47.219 39.4398 1.63794
47.1328 40.4968 1.65165
47.0266 41.529 1.65195
46.8851 42.5845 1.659
46.81 43.6108 1.65757
46.7654 44.6082 1.6418
46.6893 45.6082 1.64589
46.5448 46.6223 1.65476
46.445 47.6666 1.66911
46.3395 48.6902 1.65591
46.2556 49.6894 1.65507
46.1833 50.6764 1.65969
46.0985 51.6736 1.65031
46.0173 52.6997 1.6539
45.9329 53.721 1.65222
44.9351 53.6033 -3.04929
43.9402 53.5086 -3.05548
42.9332 53.442 -3.06553
41.9428 53.3707 -3.05781
40.9566 53.292 -3.05673
39.9599 53.1943 -3.06228
38.9527 53.1214 -3.05996
37.952 53.0481 -3.06298
36.925 52.9512 -3.05632
35.9334 52.8708 -3.05227
34.9358 52.7637 -3.04312
33.9217 52.6401 -3.04412
32.9073 52.5378 -3.02244
31.9137 52.4035 -3.02599
30.9158 52.2503 -3.01203
29.9404 52.1021 -3.00574
28.9304 51.9516 -3.0051
27.917 51.8188 -3.01683
26.9192 51.7011 -3.00186
25.9212 51.5935 -3.01112
24.9156 51.4303 -3.00905
23.9324 51.3092 -3.00657
22.9667 51.1789 -3.00118
21.9812 51.0422 -3.01744
20.9762 50.9201 -3.02725
19.9708 50.7539 -3.03763
18.9601 50.6311 -3.03817
17.9705 50.5186 -3.04624
16.9614 50.4291 -3.04618
15.9528 50.336 -3.05859
14.9441 50.2448 -3.04299
13.9549 50.1312 -3.04895
12.9455 50.0563 -3.04999
11.9248 49.9661 -3.05439
10.9354 49.8586 -3.04829
9.96195 49.7424 -3.05145
8.96177 49.6438 -3.04282
7.95736 49.5554 -3.04261
6.92555 49.4544 -3.06492
5.94475 49.3949 -3.07361
4.95206 49.3016 -3.0698
3.94735 49.2252 -3.06747
2.94706 49.1735 -3.08137
1.95864 49.1016 -3.08292
0.949091 49.0288 -3.09437
-0.060163 49.0141 -3.0864
-1.07709 48.9603 -3.09328
-2.09307 48.9371 -3.09739
-3.08165 48.894 -3.10215
-4.08062 48.8682 -3.11232
-5.08534 48.8263 -3.09553
-6.09644 48.7921 -3.10234
-7.11556 48.7588 -3.08769
-8.09508 48.7174 -3.08433
-9.08451 48.6757 -3.07475
-10.1038 48.6569 -3.07917
-11.1244 48.579 -3.08972
-12.1266 48.5161 -3.09955
-13.1108 48.4904 -3.09095
-14.0979 48.4406 -3.08589
-15.0793 48.3495 -3.0796
-16.0865 48.3046 -3.08182
-17.0707 48.2457 -3.06936
-18.0674 48.1559 -3.07304
-19.0977 48.0606 -3.06789
-20.1007 48.0121 -3.06678
-21.0926 47.9159 -3.07796
-22.0887 47.8573 -3.06592
-23.1074 47.772 -3.07163
-24.1114 47.693 -3.07162
-24.0474 46.699 -1.50394
-23.983 45.7069 -1.50468
-23.9182 44.7095 -1.50498
-23.8668 43.6849 -1.493
-23.7882 42.7378 -1.48689
-22.7886 42.8286 0.0769631
-21.7849 42.9276 0.0752928
-20.7911 42.9832 0.0630008
-19.8056 43.0523 0.073476
-18.7926 43.1238 0.0717358
-17.8071 43.1799 0.0765632
-16.8213 43.2606 0.0798301
-15.8193 43.3372 0.0662379
-14.8089 43.3893 0.076832
-13.8033 43.4713 0.0820691
-13.7314 42.4725 -1.49139
-13.6509 41.4661 -1.49037
-13.5491 40.4722 -1.49178
-13.49 39.4657 -1.48751
-13.4029 38.4723 -1.48524
-13.3228 37.4711 -1.48461
-13.2541 36.488 -1.47674
-13.1644 35.5152 -1.47268
-13.047 34.5206 -1.47041
-12.9162 33.5147 -1.45279
-12.7997 32.4909 -1.45572
-12.6894 31.511 -1.47899
-12.6034 30.5158 -1.47105
-12.5128 29.536 -1.48145
-12.441 28.5536 -1.47696
-12.3682 27.5758 -1.47305
-12.2844 26.579 -1.47158
-12.1499 25.5793 -1.47359
-12.0919 24.5888 -1.47298
-11.9865 23.5947 -1.46599
-13.0043 23.524 -3.04967
-14.0158 23.432 -3.04169
-14.9888 23.3506 -3.05137
-16.0041 23.2731 -3.05208
-17.0367 23.1955 -3.0605
-16.9621 22.158 -1.49467
-16.877 21.1649 -1.49671
-16.8164 20.1572 -1.48786
-16.7266 19.1938 -1.48792
-16.6238 18.1884 -1.49757
-16.5338 17.199 -1.50765
-16.504 16.1976 -1.48019
-16.4054 15.2525 -1.4766
-16.3351 14.2978 -1.48319
-16.2301 13.3053 -1.49065
-15.2443 13.3851 0.0756741
-14.2208 13.4877 0.0793529
-13.252 13.5613 0.07668
-12.2556 13.6403 0.0793281
-11.2283 13.731 0.0819718
-10.2269 13.8152 0.0794688
-9.23262 13.9151 0.0797363
-8.24124 13.9668 0.0767102
-7.23983 14.0481 0.0800092
-6.24116 14.1146 0.0826629
-5.24491 14.2048 0.0795537
-4.24907 14.2592 0.0876175
-3.24865 14.3324 0.0868098
-2.25594 14.4321 0.0934599
-1.27813 14.5366 0.0850672
-1.32593 15.5405 1.66122
-1.39764 16.5004 1.65823
-1.40991 17.3923 1.67038
-1.49937 18.3354 1.67594
-1.60961 19.3408 1.66693
-0.573384 19.4068 0.118958
0.425871 19.4448 0.143682
1.45303 19.5304 0.169236
2.47699 19.6172 0.207644
3.4759 19.7864 0.16523
4.47244 19.9211 0.120568
5.49082 20.0468 0.0880914
6.51736 20.13 0.0399387
7.51105 20.1729 0.0304983
8.51338 20.1812 0.0192514
9.51245 20.1837 0.021306
10.5243 20.2097 0.0246685
11.5177 20.2405 0.0366334
12.5172 20.3004 0.0342922
13.5373 20.3202 0.0333698
13.5148 21.3036 1.6175
13.485 22.2962 1.60876
13.4292 23.2911 1.62343
13.3734 24.3159 1.61797
13.3879 25.3121 1.62555
13.3032 26.2984 1.63221
13.2463 27.2713 1.62413
13.1952 28.2368 1.62933
13.1137 29.2304 1.64262
13.0608 30.2153 1.65534
12.9758 31.2015 1.67142
12.8497 32.1877 1.66676
12.7524 33.164 1.66724
12.6558 34.1776 1.66978
12.5642 35.1861 1.67339
12.434 36.1616 1.66717
12.3497 37.1229 1.68639
12.2281 38.1393 1.68523
12.096 39.1355 1.689
11.9554 40.1405 1.70077
11.8437 41.0892 1.70151
11.749 42.0559 1.69917
11.6031 43.0065 1.68343
11.5063 43.9957 1.68181
11.3982 44.9586 1.68862
11.2897 45.9209 1.68107
11.206 46.9063 1.67197
11.119 47.8509 1.66645
11.0409 48.8344 1.66049
10.945 49.8457 1.65788
11.94 49.9452 0.0815786
12.9433 50.0522 0.0875868
13.9461 50.1641 0.0873495
14.9417 50.2555 0.0789242
15.9609 50.3234 0.0911139
16.9567 50.4116 0.101482
17.9402 50.5458 0.113323
18.964 50.6602 0.124345
19.9815 50.7804 0.125929
20.9482 50.9002 0.133961
21.9538 51.0312 0.136787
22.9715 51.1889 0.133405
23.9592 51.3056 0.138653
24.92 51.4336 0.146078
25.9525 51.5782 0.14025
26.9335 51.7093 0.123817
27.9305 51.8338 0.131887
28.9497 51.9611 0.14061
29.9503 52.1211 0.122366
30.948 52.2485 0.113039
31.0685 51.2506 -1.4582
31.1688 50.2455 -1.4527
31.2846 49.2664 -1.45378
31.4072 48.2895 -1.45134
31.551 47.3205 -1.45015
31.666 46.3069 -1.45275
31.7846 45.294 -1.46027
31.9077 44.2974 -1.4672
32.0374 43.2951 -1.46918
32.1444 42.2922 -1.45299
32.2586 41.2591 -1.43829
32.3756 40.2705 -1.43107
32.502 39.3002 -1.42382
32.6246 38.2709 -1.43075
32.7244 37.2673 -1.42796
31.7271 37.106 -2.99799
30.7269 36.9401 -3.00108
29.7096 36.7643 -3.01105
28.6959 36.6756 -3.0128
27.6767 36.5187 -3.02032
26.6702 36.3781 -3.02705
25.6455 36.2517 -3.05191
24.63 36.1796 -3.05123
23.6078 36.112 -3.05853
22.634 36.0352 -3.04087
21.6033 35.9154 -3.05262
20.5813 35.821 -3.04075
19.5497 35.7443 -3.04568
18.5373 35.6438 -3.05342
17.5183 35.5362 -3.05581
16.496 35.4795 -3.05337
15.4855 35.4034 -3.05165
14.5068 35.3529 -3.04044
13.5267 35.2638 -3.04301
12.5624 35.1791 -3.03929
11.5523 35.0584 -3.03336
10.5403 34.9563 -3.04764
9.54193 34.8747 -3.06622
8.5434 34.8191 -3.07431
7.51709 34.7626 -3.077
6.5099 34.6838 -3.08384
5.55608 34.6262 -3.09193
4.54696 34.5201 -3.0974
3.54941 34.4857 -3.09296
2.5172 34.4495 -3.10419
1.54213 34.3881 -3.09547
0.503803 34.3609 -3.09095
-0.53389 34.3101 -3.08252
-1.56575 34.2682 -3.09351
-2.57729 34.2598 -3.0933
-2.52358 33.257 -1.51979
-2.46077 32.2332 -1.52865
-2.40342 31.241 -1.51339
-2.38767 30.2624 -1.52301
-2.34741 29.2701 -1.51337
-3.34603 29.2491 -3.08688
-4.36023 29.2145 -3.07701
-5.39625 29.1422 -3.06757
-6.43483 29.104 -3.06333
-7.42935 29.0267 -3.06601
-8.40291 28.9583 -3.0641
-9.43395 28.842 -3.05684
-10.4224 28.7614 -3.06574
-11.4303 28.6977 -3.04517
-12.4569 28.5714 -3.061
-13.4499 28.4876 -3.04313
-14.4085 28.3943 -3.04146
-15.3816 28.289 -3.04593
-16.3957 28.1924 -3.0377
-17.3976 28.1151 -3.04688
-18.4159 28.011 -3.06132
-19.3948 27.9077 -3.04605
-20.4151 27.8 -3.05582
-21.445 27.7075 -3.05894
-22.4401 27.6231 -3.06809
-23.4318 27.5416 -3.0756
-24.425 27.4564 -3.08273
-25.442 27.4214 -3.08127
-26.4434 27.3468 -3.08165
-27.4582 27.3284 -3.07396
-28.4528 27.2908 -3.06956
-29.4819 27.164 -3.06442
-30.4759 27.0849 -3.05052
-31.4956 27.0277 -3.05919
-32.4699 26.9565 -3.05109
-33.483 26.8779 -3.06714
-34.4891 26.8021 -3.06044
-35.4833 26.7233 -3.07232
-36.4804 26.6311 -3.05516
-37.4819 26.5484 -3.06244
-38.4844 26.4455 -3.05427
-39.479 26.3732 -3.05333
-40.4797 26.2866 -3.07994
-41.5197 26.2241 -3.0681
-42.5383 26.1615 -3.07335
-43.5187 26.0936 -3.05307
-44.4992 25.97 -3.06044
-45.4744 25.8923 -3.05403
-46.51 25.8065 -3.05317
-47.5069 25.7007 -3.06003
-48.5002 25.6274 -3.05315
-49.4894 25.5396 -3.06606
-50.4975 25.4979 -3.06606
-51.4868 25.4139 -3.06735
-52.4819 25.3525 -3.06512
-52.5722 26.3421 1.65125
-52.6492 27.3265 1.65651
-52.7462 28.2991 1.63577
-52.794 29.3169 1.63275
-52.8736 30.3041 1.64602
-52.9282 31.3034 1.65345
-53.037 32.3154 1.64736
-53.1092 33.3109 1.64659
-53.2087 34.3301 1.64755
-53.2755 35.2967 1.65983
-53.3754 36.3365 1.64654
-53.476 37.3305 1.64191
-53.5344 38.3377 1.6487
-53.638 39.3309 1.63885
-53.6982 40.3222 1.64407
-52.7288 40.4043 0.0772047
-51.7454 40.4872 0.0807853
-50.7592 40.5762 0.0780682
-49.7588 40.662 0.0773705
-48.7598 40.7324 0.0751333
-47.7782 40.8222 0.0768582
-46.7676 40.8783 0.0821118
-45.7525 40.9404 0.0775521
-44.7693 41.0354 0.0857669
-43.7716 41.119 0.0992879
-42.748 41.2131 0.0899332
-41.7489 41.3134 0.0938439
-40.7387 41.3778 0.0867188
-39.7555 41.437 0.0741832
-38.7471 41.5239 0.0732873
-37.7366 41.5896 0.0821469
-36.7319 41.6712 0.0828307
-35.7589 41.7393 0.0623702
-34.7534 41.8221 0.0671311
-33.7394 41.9018 0.0783072
-32.7505 41.9804 0.0805285
-31.8005 42.0667 0.0848479
-30.816 42.1527 0.0827992
-29.824 42.1901 0.0688995
-28.8215 42.2923 0.0662293
-27.8283 42.3845 0.0786154
-26.824 42.457 0.0831647
-25.786 42.5671 0.0854355
-24.7713 42.6581 0.0901862
-23.7685 42.743 0.0827513
-22.768 42.7989 0.074811
-21.7751 42.8833 0.0760916
-20.7849 42.9643 0.0768933
-19.7653 43.0531 0.0744054
-18.7937 43.135 0.0734825
-17.8024 43.167 0.0780065
-16.82 43.2263 0.0764315
-15.8051 43.307 0.0801806
-14.8032 43.3927 0.0845421
-13.7986 43.4776 0.0745455
-12.838 43.5343 0.0613989
-11.8794 43.608 0.0597253
-10.8729 43.6693 0.0537603
-9.87463 43.7219 0.0651082
-8.88202 43.7932 0.0706563
-7.86102 43.8552 0.0588371
-6.89928 43.9133 0.0223437
-5.88216 43.9379 0.0222822
-4.91971 43.9723 0.00751032
-3.90872 43.9982 -0.000896314
-2.92376 44.0233 -0.00127866
-1.94571 44.0155 -0.00477501
-0.981759 43.9813 -0.0086847
0.0732685 44.0087 -0.000192314
1.11233 44.0242 0.00195237
2.16495 44.0687 0.0244871
3.20048 44.1703 0.0320053
4.22566 44.2307 0.0542199
5.25031 44.3021 0.0742564
6.23736 44.3967 0.0869049
7.24824 44.5155 0.0951803
8.29224 44.6282 0.0885059
9.3562 44.7339 0.103241
10.364 44.8574 0.121578
11.3808 44.9975 0.122781
11.5186 43.9936 -1.45098
11.6289 43.047 -1.43659
11.7565 42.0728 -1.44665
11.8955 41.0986 -1.45122
11.9932 40.1195 -1.4484
12.1039 39.1413 -1.46437
12.2105 38.1464 -1.45678
12.3504 37.1423 -1.45908
12.4381 36.1632 -1.46933
12.5668 35.1684 -1.47405
12.6579 34.1929 -1.46975
12.7589 33.1725 -1.47176
12.8439 32.2123 -1.47525
12.9467 31.2053 -1.48298
13.0692 30.2006 -1.48438
13.1753 29.2163 -1.50603
13.2269 28.2503 -1.52598
13.2663 27.2804 -1.5287
13.3021 26.293 -1.51829
13.3733 25.3072 -1.52656
13.4047 24.3065 -1.53294
13.4457 23.3065 -1.53004
13.4601 22.3073 -1.52787
13.503 21.3168 -1.54226
13.5308 20.3109 -1.52864
13.5956 19.3121 -1.54228
13.6293 18.3486 -1.55234
13.616 17.3791 -1.54556
13.6455 16.3926 -1.54341
13.6863 15.3847 -1.54602
12.662 15.3507 -3.10468
11.6611 15.3586 -3.11893
10.6639 15.3476 -3.11514
9.64796 15.2955 -3.1166
8.63117 15.2835 -3.12195
7.5962 15.2865 -3.13115
6.50125 15.3309 3.13889
5.40175 15.37 3.12047
4.27201 15.4485 3.08777
3.21251 15.552 3.06927
3.20041 16.576 1.49133
3.23791 17.6068 1.46809
3.34808 18.5836 1.46188
3.47265 19.612 1.46829
3.58115 20.6429 1.43755
3.67645 21.6108 1.47061
3.77129 22.6205 1.47288
3.79662 23.6399 1.47028
3.88729 24.6784 1.46894
3.9399 25.6913 1.45218
4.02343 26.6951 1.42863
4.11238 27.6936 1.40331
4.22387 28.7153 1.36799
4.40724 29.7383 1.35335
4.64871 30.7098 1.34339
4.91527 31.6792 1.32385
5.1952 32.6622 1.3237
5.43732 33.7134 1.31155
5.70727 34.7561 1.30087
5.97999 35.7435 1.31977
6.25756 36.749 1.34645
6.46496 37.6974 1.34234
6.64396 38.6799 1.35452
6.83943 39.6112 1.37685
7.02605 40.5783 1.37889
7.20175 41.5497 1.37268
7.37538 42.5034 1.37866
7.54524 43.4904 1.39043
7.68941 44.4885 1.40495
7.83956 45.4906 1.40878
7.97085 46.4966 1.40409
8.15631 47.4493 1.40716
8.28231 48.4694 1.40832
8.41628 49.4762 1.42378
8.57155 50.4988 1.41253
9.57906 50.3344 -0.180455
10.5428 50.1798 -0.178107
11.5075 50.0018 -0.190959
12.4752 49.7896 -0.184758
13.4544 49.6155 -0.185842
13.2459 48.6039 -1.76222
13.0603 47.6216 -1.77043
12.867 46.6182 -1.78893
12.6655 45.6744 -1.78372
12.439 44.7092 -1.77357
12.2061 43.7445 -1.77449
12.0136 42.7696 -1.79718
11.7911 41.7988 -1.80455
11.5842 40.809 -1.79422
11.3289 39.8438 -1.78703
11.0999 38.8544 -1.78656
10.8518 37.9019 -1.78821
10.6167 36.8896 -1.78691
10.3774 35.9404 -1.80231
10.1534 34.9557 -1.78568
9.93275 33.9953 -1.76977
9.72054 32.9859 -1.74994
9.52874 32.0049 -1.74154
9.34148 30.9907 -1.72142
9.16299 30.0173 -1.69323
8.94235 29.0595 -1.67433
8.72784 28.0865 -1.65175
8.51339 27.1235 -1.59092
8.48517 26.1266 -1.57731
8.50028 25.1197 -1.57102
8.46138 24.1323 -1.57567
8.48321 23.1369 -1.58138
8.44657 22.1827 -1.55685
8.48402 21.1849 -1.55994
8.48053 20.1805 -1.53695
8.53448 19.1886 -1.53059
8.56205 18.2124 -1.52957
8.60846 17.2581 -1.54654
8.62878 16.3015 -1.54399
8.63296 15.2843 -1.54805
8.62733 14.2693 -1.55707
8.64658 13.2787 -1.54852
8.73788 12.2692 -1.53404
8.7897 11.3133 -1.52863
8.85054 10.3262 -1.53149
8.90633 9.3434 -1.53365
8.9552 8.33059 -1.52405
9.05052 7.34599 -1.50571
9.14725 6.32311 -1.49308
9.24299 5.32611 -1.48033
9.36715 4.33035 -1.46988
9.48031 3.32903 -1.46301
9.61441 2.33312 -1.47467
9.72466 1.33139 -1.48094
9.83553 0.359006 -1.50656
9.8851 -0.650905 -1.50037
9.91473 -1.63886 -1.49798
9.99872 -2.68388 -1.49325
10.1003 -3.68154 -1.48626
10.1973 -4.68645 -1.50301
10.26 -5.70635 -1.50921
10.3194 -6.71052 -1.50101
10.3729 -7.68546 -1.49709
10.4518 -8.67388 -1.48193
10.5269 -9.63985 -1.48198
11.539 -9.50125 0.0872171
12.5606 -9.42568 0.0900384
13.5329 -9.34891 0.0982554
14.4926 -9.28136 0.0968846
15.433 -9.18871 0.0987594
16.4431 -9.1081 0.0923148
17.4789 -9.00906 0.0833271
18.5296 -8.90961 0.0792167
19.5414 -8.80824 0.0780169
20.4707 -8.74607 0.0588941
21.4824 -8.62162 0.0599945
22.4936 -8.5418 0.0671645
23.4579 -8.46836 0.0649285
24.4851 -8.41651 0.0738789
25.5059 -8.32812 0.0819885
26.5036 -8.23626 0.0786731
27.5227 -8.12929 0.0716628
28.5141 -8.07886 0.0717459
29.5109 -8.02905 0.0603354
30.528 -7.95399 0.0787064
31.5277 -7.8932 0.0641285
32.5422 -7.81713 0.0680752
33.5119 -7.73715 0.0701207
34.4912 -7.67592 0.0691889
35.4951 -7.59913 0.0890219
36.5212 -7.51954 0.0693301
37.5534 -7.49741 0.0749009
38.5463 -7.42842 0.0657783
39.5692 -7.38979 0.0597941
40.5727 -7.32582 0.0607536
41.5737 -7.26806 0.074132
42.5692 -7.20662 0.082797
43.5734 -7.13681 0.0923938
44.576 -7.0528 0.08816
45.5495 -6.95512 0.0947503
46.56 -6.85309 0.104434
47.5768 -6.7638 0.0967097
48.5756 -6.70527 0.0879316
49.591 -6.60052 0.0938131
50.5887 -6.49916 0.0888192
50.6875 -7.49872 -1.47874
50.7648 -8.49405 -1.47228
50.8584 -9.48243 -1.48158
50.9432 -10.4909 -1.47312
51.0228 -11.4884 -1.47879
51.1415 -12.4838 -1.48154
51.2407 -13.4876 -1.47784
51.3284 -14.485 -1.47348
51.4038 -15.4811 -1.48008
51.5099 -16.4994 -1.49254
51.6071 -17.526 -1.48033
51.6812 -18.5226 -1.48226
51.7423 -19.497 -1.47945
51.8086 -20.478 -1.47397
51.8583 -21.4662 -1.47692
51.9703 -22.4765 -1.48718
52.029 -23.4449 -1.4786
52.1268 -24.446 -1.48519
52.1944 -25.4346 -1.49198
52.2774 -26.4057 -1.49221
52.3626 -27.4028 -1.47528
52.4732 -28.3885 -1.48433
52.5072 -29.3625 -1.48463
52.5994 -30.3564 -1.48539
52.6726 -31.3059 -1.48237
52.7665 -32.2786 -1.47286
52.8951 -33.2709 -1.46833
52.9828 -34.2475 -1.46782
53.0906 -35.2551 -1.46972
53.2037 -36.2731 -1.48025
53.2627 -37.2504 -1.48036
53.3235 -38.2851 -1.47527
53.4206 -39.2703 -1.47768
53.5244 -40.2529 -1.48014
53.6102 -41.251 -1.48552
53.6947 -42.2359 -1.49094
53.7936 -43.2284 -1.50137
53.8423 -44.2573 -1.50701
53.9252 -45.246 -1.48793
53.9859 -46.2474 -1.48276
52.985 -46.3372 -3.06211
51.9976 -46.4 -3.06019
51.0038 -46.4836 -3.05914
49.9935 -46.554 -3.072
48.9999 -46.639 -3.06877
49.0992 -47.6293 -1.49555
49.1696 -48.6541 -1.49773
49.2348 -49.6835 -1.50288
49.28 -50.6845 -1.48896
49.3656 -51.7006 -1.49048
50.3868 -51.6357 0.0938925
51.3739 -51.5351 0.0901283
52.3783 -51.4294 0.0778534
53.3542 -51.3452 0.0782057
54.3595 -51.3029 0.0895882
54.3021 -50.2686 1.66353
54.2166 -49.2517 1.66143
54.1118 -48.2657 1.6542
54.0492 -47.258 1.65493
53.9804 -46.251 1.66022
53.9156 -45.2647 1.65384
53.8152 -44.2451 1.6509
53.747 -43.248 1.64646
53.6791 -42.2562 1.64579
53.6014 -41.2481 1.64836
53.5086 -40.2823 1.65174
53.4594 -39.2578 1.66023
53.3632 -38.2544 1.66665
53.2759 -37.265 1.67313
53.1764 -36.2758 1.66691
53.0615 -35.2855 1.65581
52.9932 -34.2619 1.66331
52.8879 -33.268 1.67042
52.7725 -32.2675 1.67829
52.6869 -31.2855 1.68534
52.569 -30.3017 1.67244
52.4744 -29.3042 1.67872
52.349 -28.3172 1.67198
52.2937 -27.3673 1.65431
52.2338 -26.382 1.66245
52.1813 -25.4073 1.66141
52.1073 -24.4047 1.65025
52.043 -23.4161 1.6496
51.9825 -22.4515 1.64074
51.9299 -21.4679 1.63725
51.8612 -20.495 1.63804
51.7637 -19.5051 1.63678
51.6902 -18.4853 1.64474
51.6031 -17.4822 1.64673
51.5274 -16.4918 1.65607
51.4027 -15.4962 1.65903
51.3233 -14.499 1.66535
51.2472 -13.4991 1.67136
51.1292 -12.5057 1.66914
51.0375 -11.4993 1.66178
50.9301 -10.5083 1.66243
50.8466 -9.50278 1.66672
50.7807 -8.49786 1.6668
50.6762 -7.5131 1.67266
50.5779 -6.50701 1.67688
50.4935 -5.52095 1.66567
50.3969 -4.514 1.66209
50.3322 -3.5064 1.66457
50.2489 -2.54711 1.6611
50.1386 -1.52703 1.66092
50.075 -0.52569 1.6668
49.967 0.473849 1.65927
49.878 1.47824 1.66327
49.7801 2.47151 1.6639
49.6863 3.4726 1.66287
48.7024 3.39213 -3.05503
47.7155 3.32413 -3.05337
46.7025 3.21974 -3.04847
45.7051 3.13339 -3.05422
44.7007 3.03916 -3.06038
43.6679 2.94838 -3.0703
42.6681 2.88102 -3.0679
41.6821 2.78132 -3.07143
40.6595 2.71904 -3.08902
39.6465 2.66315 -3.08564
38.6544 2.58814 -3.08781
37.6427 2.53565 -3.08823
36.6082 2.48127 -3.0858
35.6218 2.39706 -3.08063
34.595 2.32664 -3.08393
33.5793 2.26457 -3.08037
32.5945 2.22045 -3.07911
31.6574 2.1351 -3.04366
30.6455 2.03276 -3.04291
29.6505 1.91753 -3.05367
28.6517 1.83547 -3.07438
27.6875 1.74235 -3.07639
26.6672 1.69118 -3.07263
25.691 1.61173 -3.07087
24.7092 1.5399 -3.08138
23.7317 1.45678 -3.06899
22.7004 1.37077 -3.05328
21.7157 1.301 -3.06071
20.722 1.20022 -3.05105
19.7326 1.10075 -3.05389
18.7483 1.02896 -3.05706
17.7716 0.93661 -3.05682
16.7659 0.841067 -3.06354
15.7916 0.794914 -3.05874
14.7923 0.68602 -3.06605
13.7882 0.577123 -3.0675
12.7914 0.516941 -3.06407
11.8203 0.456903 -3.06815
10.8169 0.387126 -3.0748
9.80939 0.32004 -3.07626
8.8118 0.267379 -3.08431
7.81875 0.237116 -3.07997
6.82547 0.189214 -3.08676
5.88094 0.171693 -3.08497
4.90229 0.149397 -3.09911
3.91782 0.0757223 -3.0973
2.94628 0.054767 -3.11182
1.96276 0.0207283 -3.11566
0.97192 0.0217056 -3.11043
0.0285513 -0.0310797 -3.11725
-0.91588 -0.0455979 -3.09898
-1.89366 -0.0818122 -3.06317
-2.84965 -0.159287 -3.04258
-3.81082 -0.258847 -3.03492
-4.82144 -0.360403 -3.01877
-5.77601 -0.475153 -3.03187
-6.74258 -0.580754 -3.02027
-7.73126 -0.715114 -3.01677
-8.71797 -0.861497 -2.99929
-9.72904 -1.01777 -3.01337
-10.7065 -1.16447 -3.00107
-11.7169 -1.30716 -2.99477
-12.7151 -1.40656 -3.0005
-13.6784 -1.53389 -3.0084
-14.6724 -1.66078 -3.01874
-15.6646 -1.81137 -3.0185
-16.6723 -1.93633 -3.0227
-17.655 -2.06747 -3.03351
-18.663 -2.16281 -3.02708
-19.6555 -2.26526 -3.02377
-19.5426 -3.26344 -1.45461
-19.4329 -4.25394 -1.4568
-19.2936 -5.25804 -1.44381
-19.1866 -6.27575 -1.43772
-19.0274 -7.26992 -1.41879
-18.0238 -7.12119 0.144096
-17.0008 -6.98553 0.147327
-15.9773 -6.8483 0.139584
-14.9398 -6.69993 0.155431
-13.9585 -6.52704 0.155373
-14.1209 -5.5467 1.72814
-14.2415 -4.5709 1.7326
-14.4165 -3.63064 1.71533
-14.5467 -2.65519 1.70116
-14.6809 -1.66602 1.70822
-14.7823 -0.675224 1.71635
-14.9201 0.329748 1.69863
-15.0363 1.35152 1.68785
-15.1934 2.33816 1.68595
-15.3203 3.3405 1.69907
-15.4363 4.37153 1.68737
-15.5977 5.35053 1.66993
-15.6802 6.3526 1.66504
-15.7949 7.36126 1.66477
-15.8991 8.3257 1.67618
-15.9816 9.32235 1.67818
-16.0571 10.3402 1.66627
-16.1144 11.3302 1.66061
-16.1784 12.307 1.65385
-16.2417 13.2924 1.65002
-15.2297 13.3794 0.0724859
-14.2205 13.4765 0.0744632
-13.2278 13.5498 0.0749255
-12.2254 13.6451 0.0642913
-11.211 13.723 0.0775779
-10.218 13.7942 0.0709854
-9.20981 13.8636 0.064661
-8.21449 13.9673 0.0730508
-7.23954 14.028 0.0797731
-6.24871 14.0903 0.0796166
-5.24048 14.1868 0.0809196
-4.26373 14.2715 0.081898
-3.25292 14.3454 0.0857178
-2.24722 14.4276 0.0845275
-1.2639 14.5536 0.0897156
-0.309086 14.7663 0.0681635
0.688421 14.9095 0.0590892
1.65692 14.9951 0.0542099
2.65853 15.0725 0.0416001
3.64633 15.1436 0.0349606
4.61845 15.1781 0.0296931
5.61007 15.2632 0.0192254
6.62633 15.2531 0.0161112
7.62076 15.2756 0.0142738
8.61916 15.2717 0.0228842
9.66148 15.2982 0.0219612
10.6555 15.3087 0.0259555
11.6515 15.321 0.0291455
12.6667 15.3578 0.0383484
13.7048 15.3949 0.0388508
14.6704 15.4633 0.0400082
15.7231 15.5428 0.0421808
16.7664 15.5966 0.0492809
17.8093 15.6755 0.0581796
18.7778 15.7579 0.0651743
19.8222 15.8514 0.0655702
20.8533 15.9185 0.0623833
21.869 16.0087 0.0689746
22.866 16.0829 0.0878293
23.8732 16.2106 0.0962207
24.8525 16.3295 0.0972187
25.84 16.4532 0.109869
26.867 16.5462 0.109683
27.8861 16.6772 0.115469
28.8784 16.831 0.120813
29.891 16.9435 0.117694
30.8452 17.0375 0.0959586
31.8037 17.1626 0.0830805
32.8149 17.2457 0.083632
33.825 17.342 0.0779871
34.819 17.4791 0.0510804
35.8291 17.5341 0.0433088
36.8361 17.5758 0.0392499
37.8706 17.606 0.0374024
38.8311 17.6499 0.0416826
39.8144 17.7553 0.0476664
40.8142 17.8355 0.051335
41.7922 17.9067 0.0564581
42.7526 17.9533 0.0581046
43.7326 18.026 0.0626895
44.7339 18.097 0.0745699
45.7145 18.1808 0.0645765
46.684 18.2486 0.0650844
47.6789 18.3293 0.0637618
48.6838 18.3758 0.0581933
48.7254 17.3844 -1.51207
48.7889 16.3904 -1.49629
48.8651 15.4058 -1.49227
48.9417 14.4112 -1.50226
48.9917 13.4238 -1.50187
47.9839 13.3436 -3.07987
46.9812 13.2826 -3.07724
45.9908 13.1734 -3.07566
44.9884 13.0734 -3.07816
43.9791 13.0103 -3.07855
43.0119 12.9215 -3.08754
42.0121 12.8746 -3.08397
41.0276 12.8141 -3.08278
40.0389 12.7249 -3.09396
39.0564 12.6758 -3.09995
38.0605 12.6125 -3.09213
37.0716 12.5746 -3.0836
36.0613 12.5132 -3.08469
35.0883 12.4274 -3.07638
34.0583 12.3661 -3.05931
33.0454 12.2772 -3.07769
32.0665 12.192 -3.07617
31.0582 12.1125 -3.07684
30.0595 12.0473 -3.0683
29.0784 11.9603 -3.0716
29.1412 10.9711 -1.4987
29.1626 9.96222 -1.50187
29.2112 8.95582 -1.50818
29.2497 7.94523 -1.48709
29.3387 6.92044 -1.48215
30.3257 6.99505 0.0721343
31.3053 7.08411 0.0742431
32.3113 7.1683 0.0676231
33.3353 7.23274 0.0715145
34.3348 7.30155 0.0642183
35.3322 7.36719 0.0671056
36.3362 7.45189 0.059421
37.3519 7.52303 0.0638365
38.3343 7.57521 0.0599005
39.3355 7.63195 0.059035
39.2976 8.63705 1.62279
39.248 9.65518 1.63414
39.2036 10.6428 1.6215
39.1429 11.6379 1.63261
39.0697 12.6377 1.62609
39.0019 13.6415 1.61699
38.9521 14.6421 1.6096
38.9432 15.6603 1.61238
38.8781 16.6446 1.61019
38.8565 17.6538 1.60104
38.825 18.6577 1.58542
38.8106 19.6697 1.60204
38.753 20.7136 1.62112
38.6825 21.7235 1.61508
38.6464 22.7857 1.6241
38.5534 23.7917 1.64398
38.4792 24.8085 1.65042
38.4072 25.8257 1.65848
38.292 26.8426 1.66484
38.2019 27.8633 1.66548
38.0697 28.8998 1.67523
37.9663 29.9189 1.68602
37.8567 30.9638 1.68707
37.744 31.9495 1.68233
37.6427 32.985 1.67317
37.5261 33.9925 1.66842
37.4385 34.9923 1.67041
37.3489 35.9976 1.67773
37.2483 36.9756 1.6532
37.143 37.9643 1.65787
37.0653 38.9614 1.65298
36.9736 39.943 1.66207
36.9075 40.9462 1.66081
36.8072 41.9202 1.65727
36.7221 42.9229 1.6528
36.6332 43.9234 1.65305
36.5717 44.9325 1.66417
36.4831 45.9269 1.66004
36.3985 46.9161 1.65769
36.3182 47.8934 1.6522
36.239 48.9097 1.64724
36.1931 49.9007 1.65543
36.0982 50.8801 1.65181
36.038 51.8593 1.66033
35.9386 52.881 1.64151
36.9487 52.9337 0.0814737
37.9399 53.0417 0.0807133
38.927 53.1469 0.0795188
39.9276 53.232 0.0827657
40.9238 53.2907 0.0813085
41.9195 53.3624 0.0780031
42.9501 53.439 0.0850166
43.9454 53.5136 0.086389
44.9318 53.5956 0.0798605
45.9323 53.679 0.0794839
46.0276 52.6823 -1.48681
46.0852 51.7014 -1.4823
46.2014 50.6807 -1.49973
46.2806 49.7002 -1.48875
46.3511 48.6807 -1.48988
45.3476 48.5858 -3.05635
44.3372 48.5236 -3.06262
43.3214 48.4884 -3.07018
42.3367 48.4302 -3.05753
41.3427 48.3431 -3.06654
41.404 47.3611 -1.48587
41.4709 46.3752 -1.4869
41.5358 45.3835 -1.48668
41.6249 44.3904 -1.49149
41.7168 43.3845 -1.4809
41.7984 42.4199 -1.47126
41.8954 41.4276 -1.4722
41.9796 40.4264 -1.4801
42.0673 39.4437 -1.4756
42.1698 38.4237 -1.49237
43.1751 38.3781 0.0574166
44.2134 38.3719 0.0623179
45.2688 38.3745 0.0674543
46.2902 38.3816 0.0630792
47.3022 38.4007 0.0737457
47.3816 37.3666 -1.5059
47.4541 36.2989 -1.51231
47.5327 35.2282 -1.52876
47.5848 34.2935 -1.52329
47.6244 33.333 -1.51422
47.7045 32.3384 -1.50902
47.7989 31.3751 -1.50885
47.8728 30.4115 -1.51151
47.903 29.4096 -1.50064
47.9787 28.4095 -1.49867
48.0696 27.4132 -1.49846
48.1204 26.4285 -1.49923
48.1969 25.3987 -1.50223
48.2855 24.4128 -1.5002
48.3424 23.4164 -1.4933
48.4101 22.4296 -1.48845
48.4905 21.4144 -1.4929
48.5736 20.3984 -1.50664
48.6397 19.3959 -1.50737
48.6963 18.3922 -1.51974
48.7485 17.3889 -1.51209
48.8035 16.4047 -1.50328
48.8864 15.4222 -1.51176
48.921 14.4198 -1.50731
48.9836 13.4022 -1.49524
50.0072 13.4782 0.0727852
51.0056 13.5393 0.0853523
52.0251 13.5991 0.0864264
53.0392 13.6922 0.0855985
54.0333 13.7857 0.0920266
54.1243 12.7949 -1.47504
54.2285 11.7951 -1.472
54.324 10.8197 -1.47318
54.3967 9.83283 -1.47417
54.5005 8.84753 -1.45404
54.6413 7.83434 -1.45213
54.7574 6.83661 -1.45269
54.8798 5.85137 -1.46172
54.9813 4.83228 -1.45451
55.0936 3.85283 -1.45842
55.2142 2.90015 -1.45285
55.3237 1.91984 -1.4592
55.4415 0.904179 -1.44971
55.5539 -0.110781 -1.45064
55.6576 -1.0852 -1.47151
55.7383 -2.0803 -1.48351
55.8262 -3.05985 -1.49655
55.9007 -4.07163 -1.4939
55.9724 -5.07171 -1.52414
56.0116 -6.082 -1.53433
56.0252 -7.06554 -1.52756
56.0755 -8.04674 -1.53047
56.1162 -9.03059 -1.53012
56.1885 -10.0425 -1.54064
56.1847 -11.0871 -1.53291
56.2198 -12.035 -1.53725
56.2606 -13.0242 -1.52697
56.3123 -13.9957 -1.50827
56.3385 -14.9568 -1.49436
56.4402 -15.9115 -1.49615
56.5312 -16.8664 -1.51069
56.5984 -17.8949 -1.50231
56.6407 -18.9046 -1.50021
56.7099 -19.9054 -1.50703
56.7708 -20.9026 -1.50617
56.8212 -21.879 -1.48599
56.8829 -22.9137 -1.48135
56.9732 -23.9053 -1.47496
57.0369 -24.8763 -1.47683
57.1699 -25.9055 -1.48907
57.2561 -26.906 -1.48263
57.3631 -27.8787 -1.46969
57.4594 -28.8439 -1.47443
57.5852 -29.8326 -1.49038
57.6642 -30.8373 -1.47992
57.7948 -31.8023 -1.50365
57.8654 -32.802 -1.49481
57.9401 -33.805 -1.48708
57.9995 -34.8122 -1.49035
58.1145 -35.8351 -1.49557
58.2353 -36.8249 -1.49822
58.3043 -37.8284 -1.49762
58.3882 -38.8192 -1.48701
58.483 -39.8324 -1.48305
58.597 -40.8465 -1.47998
58.6645 -41.827 -1.48404
58.7388 -42.7959 -1.47658
58.8378 -43.8184 -1.47861
58.9103 -44.8021 -1.47676
58.9917 -45.7856 -1.477
57.9791 -45.8652 -3.04827
56.9938 -45.9873 -3.05935
56.0012 -46.059 -3.05408
54.9963 -46.142 -3.05972
53.996 -46.2192 -3.05756
52.9966 -46.3012 -3.05699
52.0042 -46.4105 -3.06338
51.0103 -46.4976 -3.06814
50.0039 -46.5608 -3.07347
49.0029 -46.6323 -3.07533
48.939 -45.6294 1.63806
48.8297 -44.6313 1.64439
48.7595 -43.6368 1.64566
48.7022 -42.6573 1.66378
48.6 -41.6739 1.65473
48.5007 -40.6974 1.65382
48.4096 -39.6987 1.65233
48.3489 -38.6991 1.6467
48.269 -37.6834 1.65345
48.1584 -36.7217 1.65261
48.0798 -35.6943 1.6494
47.9788 -34.7049 1.65548
47.9169 -33.7287 1.64926
47.8118 -32.7052 1.64162
47.7564 -31.7148 1.64092
47.6858 -30.7093 1.66265
47.6136 -29.711 1.67278
47.5011 -28.7131 1.65704
47.4501 -27.7526 1.66295
47.3251 -26.7585 1.64457
47.2671 -25.7508 1.6449
47.1785 -24.7476 1.63512
47.125 -23.7482 1.63978
47.0352 -22.7323 1.64286
46.9917 -21.7418 1.66693
46.8831 -20.7481 1.66247
46.7893 -19.7532 1.66601
46.6919 -18.7886 1.65763
46.6215 -17.7522 1.65495
46.5334 -16.7776 1.64834
45.5379 -16.8529 -3.05798
44.5373 -16.9704 -3.05713
43.5129 -17.0117 -3.06707
42.5414 -17.0647 -3.07648
41.5298 -17.1461 -3.08752
40.5105 -17.2277 -3.08798
39.4978 -17.2867 -3.09586
38.4622 -17.3483 -3.09137
37.4506 -17.377 -3.08591
36.4274 -17.4612 -3.07395
35.4215 -17.5413 -3.0686
34.4342 -17.5989 -3.06948
33.4445 -17.6515 -3.05951
32.4426 -17.694 -3.05568
31.4528 -17.7893 -3.05176
30.4427 -17.8934 -3.06076
29.4424 -17.9887 -3.06102
28.4317 -18.0584 -3.05674
27.4438 -18.1017 -3.05059
26.4828 -18.1719 -3.0396
25.503 -18.2824 -3.04836
24.5317 -18.3906 -3.04313
23.5234 -18.4614 -3.04567
22.5297 -18.5119 -3.0473
21.5394 -18.6277 -3.04316
20.559 -18.7091 -3.03737
19.5711 -18.8288 -3.03894
18.5942 -18.9497 -3.02088
17.5935 -19.0754 -3.03185
16.5693 -19.1997 -3.06162
15.5654 -19.2777 -3.03719
14.5554 -19.3674 -3.03634
13.5787 -19.4924 -3.02864
12.59 -19.6081 -3.03579
11.5899 -19.7088 -3.06257
10.5942 -19.768 -3.06015
9.58535 -19.8294 -3.06467
8.58576 -19.9102 -3.06301
7.57131 -19.9971 -3.07948
6.54837 -20.0761 -3.08338
5.54169 -20.1154 -3.08295
4.52997 -20.1619 -3.06922
3.51242 -20.2201 -3.08168
2.51265 -20.2633 -3.09532
1.52688 -20.3325 -3.09792
0.497559 -20.3928 -3.08928
-0.520259 -20.4526 -3.08956
-1.52525 -20.5209 -3.09894
-2.50029 -20.5716 -3.09091
-3.50509 -20.6261 -3.11221
-4.54671 -20.6788 -3.09481
-5.5184 -20.7431 -3.1231
-6.5369 -20.764 -3.1174
-7.53792 -20.7815 -3.12712
-8.55924 -20.7749 3.13584
-8.57058 -21.8113 -1.55372
-8.54228 -22.8395 -1.54915
-8.47937 -23.8652 -1.54108
-8.44911 -24.8066 -1.54169
-8.39955 -25.804 -1.52612
-8.3326 -26.8512 -1.50483
-8.24241 -27.8716 -1.51618
-8.20141 -28.8615 -1.50182
-8.10074 -29.8854 -1.48348
-8.03461 -30.8979 -1.47642
-7.90027 -31.9087 -1.46474
-7.79115 -32.9384 -1.46973
-7.68282 -33.9253 -1.45826
-7.56264 -34.9265 -1.45466
-7.44691 -35.9456 -1.45413
-6.4378 -35.7942 0.117751
-5.4009 -35.6904 0.135286
-4.39373 -35.5117 0.139961
-3.39002 -35.3825 0.1421
-2.37573 -35.2236 0.151998
-1.34447 -35.0503 0.161597
-0.330384 -34.8754 0.144344
0.652416 -34.723 0.155977
1.65318 -34.5358 0.153649
2.65109 -34.3667 0.140301
3.63801 -34.2006 0.120401
4.63214 -34.0447 0.104571
5.63653 -33.9155 0.0955772
6.66557 -33.8256 0.0892635
7.69477 -33.7643 0.087118
8.72102 -33.6591 0.0735007
9.74023 -33.5691 0.0626077
10.7472 -33.5074 0.0455308
11.7694 -33.4982 0.0450168
12.7776 -33.4832 0.0215854
13.7637 -33.4582 0.0187129
14.778 -33.4681 0.0209025
15.7792 -33.4806 0.0292906
16.8054 -33.4761 0.022245
17.8176 -33.4659 0.0226175
18.8207 -33.4425 0.0400714
19.8225 -33.4355 0.0401953
20.8279 -33.3787 0.0508626
21.8294 -33.3567 0.0626734
22.8497 -33.2677 0.0548328
23.8707 -33.2135 0.0621613
24.861 -33.1664 0.071745
25.8612 -33.1008 0.0664489
26.8477 -33.0075 0.0761283
27.8439 -32.9229 0.0704575
28.8536 -32.8837 0.0489456
29.8405 -32.817 0.0528396
30.8311 -32.7778 0.056646
31.8438 -32.7336 0.0593855
32.8368 -32.6726 0.0712873
33.8243 -32.6107 0.0527387
34.8371 -32.5488 0.054424
35.8144 -32.5162 0.0642718
36.7939 -32.4678 0.0842577
37.799 -32.3644 0.0829096
37.8761 -33.3742 -1.49382
37.9544 -34.364 -1.49569
38.0583 -35.3616 -1.49323
38.1455 -36.3636 -1.49477
38.1975 -37.3941 -1.48827
39.1701 -37.3166 0.0816882
40.1439 -37.2278 0.0651941
41.145 -37.1414 0.0675821
42.1677 -37.1074 0.0594625
43.1708 -37.0597 0.0668784
44.1614 -36.9992 0.0777423
45.1674 -36.9316 0.0822476
46.1494 -36.8846 0.08195
47.1631 -36.789 0.0720998
48.1734 -36.7267 0.0792233
49.1671 -36.5948 0.0748825
50.1841 -36.529 0.0915315
51.1831 -36.4556 0.0844624
52.2035 -36.3688 0.098082
53.1959 -36.2531 0.0930064
53.0847 -35.2565 1.67054
52.9781 -34.24 1.67264
52.8771 -33.2606 1.67257
52.7806 -32.259 1.67533
52.6717 -31.2763 1.67251
52.5666 -30.2703 1.67375
52.502 -29.3288 1.67013
52.4289 -28.3342 1.6702
52.3501 -27.3655 1.66821
52.2273 -26.3827 1.65835
51.2451 -26.4779 -3.04874
50.2504 -26.5503 -3.05788
49.2696 -26.6153 -3.05792
48.2808 -26.7048 -3.06285
47.3104 -26.7667 -3.06074
46.32 -26.8221 -3.06666
45.3291 -26.8922 -3.08624
44.3387 -26.9622 -3.08098
43.3297 -27.0161 -3.08186
42.351 -27.0684 -3.08175
41.3423 -27.1465 -3.07704
40.3157 -27.1903 -3.0699
39.3426 -27.2874 -3.06825
38.3355 -27.3411 -3.05996
37.341 -27.4241 -3.06234
37.444 -28.4141 -1.48265
37.5352 -29.3978 -1.4872
37.6147 -30.4186 -1.50053
37.7123 -31.3878 -1.49924
37.8024 -32.37 -1.48788
37.8736 -33.366 -1.48545
37.9474 -34.3675 -1.49899
38.0299 -35.3842 -1.49978
38.099 -36.3917 -1.48927
38.174 -37.381 -1.48863
38.2615 -38.373 -1.49383
38.3435 -39.342 -1.49463
38.4568 -40.3347 -1.50416
38.5487 -41.337 -1.49502
38.6339 -42.3459 -1.49245
38.6887 -43.3708 -1.49012
38.7719 -44.3598 -1.49134
38.8353 -45.3463 -1.49124
38.9523 -46.3246 -1.49821
38.9765 -47.3425 -1.4973
37.9693 -47.3989 -3.076
36.9826 -47.4725 -3.07146
35.9941 -47.5621 -3.06874
35.0024 -47.6358 -3.07947
33.9746 -47.6784 -3.06685
32.9892 -47.7481 -3.07064
31.9722 -47.8177 -3.06779
30.9648 -47.8642 -3.06727
29.9654 -47.93 -3.06134
28.9402 -47.969 -3.06276
27.9527 -48.0371 -3.07334
26.926 -48.1481 -3.08352
25.9226 -48.1791 -3.08565
24.9118 -48.2115 -3.08942
23.927 -48.2397 -3.07792
22.9298 -48.2779 -3.0835
21.931 -48.3697 -3.07906
20.9031 -48.4132 -3.0854
19.9257 -48.5003 -3.0681
18.9301 -48.5498 -3.05858
18.9945 -49.5484 -1.4871
19.0888 -50.5813 -1.49453
19.1854 -51.5883 -1.49559
19.2434 -52.561 -1.48782
19.3155 -53.5736 -1.48046
18.3298 -53.6321 -3.05837
17.3425 -53.7261 -3.05978
16.3433 -53.8217 -3.05995
15.3279 -53.8872 -3.05585
14.3239 -53.9553 -3.05425
13.3596 -54.0483 -3.06758
12.3364 -54.1418 -3.07104
11.3634 -54.2299 -3.05706
10.3378 -54.2879 -3.0589
9.3462 -54.3716 -3.06636
8.35662 -54.4595 -3.06178
7.34147 -54.5339 -3.06099
6.35421 -54.5999 -3.05241
5.3603 -54.679 -3.05748
4.35956 -54.7532 -3.04921
3.35421 -54.8236 -3.06186
2.34058 -54.9265 -3.06682
1.35758 -54.991 -3.06627
0.386878 -55.0402 -3.05958
-0.614242 -55.1351 -3.05777
-1.58113 -55.2379 -3.05674
-2.57934 -55.3194 -3.05007
-3.57057 -55.4333 -3.06424
-4.56214 -55.4973 -3.07201
-5.56879 -55.5779 -3.0798
-6.59013 -55.6475 -3.08989
-7.59651 -55.698 -3.06851
-8.57416 -55.7756 -3.07136
-9.57585 -55.8477 -3.06318
-10.5828 -55.9341 -3.06559
-11.6027 -56.0357 -3.06317
-12.6084 -56.1135 -3.06527
-13.5717 -56.1895 -3.07918
-14.5628 -56.2381 -3.06337
-15.5359 -56.3238 -3.06329
-16.5388 -56.402 -3.06074
-17.5242 -56.5045 -3.05409
-18.5386 -56.5912 -3.04816
-19.567 -56.6606 -3.04513
-20.5476 -56.7557 -3.0559
-20.6107 -55.7528 1.66148
-20.7043 -54.7573 1.66803
-20.8178 -53.7345 1.65887
-20.9216 -52.7234 1.66131
-20.9836 -51.7214 1.66225
-21.988 -51.8064 -3.04805
-22.9587 -51.8733 -3.04243
-23.9339 -51.9964 -3.04764
-24.9485 -52.1059 -3.04188
-25.9375 -52.2207 -3.04919
-26.9207 -52.2892 -3.04391
-27.9119 -52.41 -3.04288
-28.9118 -52.5118 -3.03462
-29.8919 -52.6471 -3.04359
-30.8737 -52.7837 -3.03593
-30.7546 -53.7598 -1.46918
-30.6559 -54.7296 -1.46587
-30.5468 -55.7554 -1.45485
-30.4375 -56.7398 -1.45569
-30.3459 -57.6979 -1.45294
-31.3174 -57.8048 -3.02489
-32.3306 -57.9551 -3.01901
-33.3436 -58.0775 -3.04058
-34.3059 -58.1872 -3.04592
-35.2864 -58.3231 -3.04174
-36.2884 -58.4261 -3.04546
-37.2975 -58.537 -3.05504
-38.3202 -58.6273 -3.04691
-39.3248 -58.7338 -3.06691
-40.3437 -58.799 -3.05966
-41.3469 -58.9294 -3.06097
-42.3563 -59.047 -3.06646
-43.3923 -59.1421 -3.05614
-44.3758 -59.2572 -3.07846
-45.4017 -59.3592 -3.08511
-45.47 -58.3627 1.62815
-45.5445 -57.3567 1.63117
-45.6076 -56.3792 1.6265
-45.7027 -55.3752 1.62117
-45.7312 -54.363 1.61288
-45.742 -53.3476 1.60662
-45.7657 -52.3444 1.6204
-45.7694 -51.2784 1.63515
-45.7654 -50.2465 1.64406
-45.7789 -49.226 1.6357
-45.8513 -48.2216 1.62229
-45.9119 -47.2116 1.62858
-46.0367 -46.2483 1.60121
-46.0836 -45.3035 1.603
-46.1373 -44.3071 1.59066
-46.1967 -43.31 1.58884
-46.2506 -42.3223 1.59381
-46.2253 -41.3385 1.59246
-46.2871 -40.3373 1.58476
-46.3341 -39.329 1.56567
-45.2674 -39.3028 0.0128758
-44.2742 -39.2664 0.0214275
-43.2761 -39.2056 0.0261702
-42.2569 -39.167 0.0219872
-41.3306 -39.122 0.0564041
-41.5818 -38.0978 1.67478
-41.925 -37.0759 1.68911
-42.2635 -36.0398 1.68556
-42.6056 -34.9994 1.6637
-42.738 -33.9944 1.65323
-42.8216 -33.017 1.66455
-42.8898 -32.0188 1.668
-42.9931 -30.9795 1.66472
-43.0866 -30.0059 1.67571
-43.2164 -29.0001 1.66738
-43.2847 -27.9867 1.66809
-43.339 -27.0044 1.67124
-43.4292 -26.0096 1.64739
-43.5066 -25.0145 1.65791
-43.5932 -24.0108 1.65408
-43.6745 -23.0211 1.65309
-43.7523 -22.0368 1.66067
-43.8476 -21.0241 1.65554
-43.9318 -20.0413 1.65542
-43.9877 -19.0134 1.66167
-44.0962 -18.0218 1.65359
-44.1654 -17.0592 1.65822
-44.2497 -16.0687 1.65506
