-1.07435e-19 -4.14962e-20 -1.00809e-18
0.993521 -0.00673303 0.00308467
0.993233 -0.00702035 0.00298862
1.99211 0.0171056 -0.00572523
1.99116 0.0161311 -0.00589663
2.99566 0.0210674 0.00282705
2.99444 0.0197239 0.00263702
3.96936 0.0153916 0.00375055
3.96722 0.0132427 0.00385887
5.0054 -0.014594 -0.00115466
5.00295 -0.0166208 -0.000873439
5.99976 -0.0275584 0.000143001
5.9969 -0.0292484 0.000645829
6.98691 -0.0118656 0.00231925
6.98739 -0.011011 0.00252281
6.98718 -0.0114141 0.00241991
6.98765 -0.0105678 0.0026226
6.9831 -0.0133311 0.0035817
6.98357 -0.012478 0.00378665
6.98337 -0.0128781 0.00368326
6.98383 -0.0120337 0.00388729
7.98341 -0.0417698 0.00552129
7.98403 -0.0406466 0.00574536
7.98376 -0.0411829 0.00562843
7.98436 -0.0400695 0.00585216
7.97859 -0.0419911 0.00771734
7.97919 -0.0408683 0.00794386
7.97893 -0.0414018 0.00782576
7.97952 -0.0402894 0.00805192
8.96333 -0.0466551 -0.0070026
8.96402 -0.0452798 -0.00678026
8.96372 -0.0459452 -0.00689837
8.96439 -0.0445806 -0.00667598
8.95796 -0.0448024 -0.00434035
8.95863 -0.0434255 -0.00411499
8.95834 -0.0440889 -0.00423464
8.95899 -0.0427232 -0.00400924
9.97775 -0.0300752 -0.00438377
9.97847 -0.0284866 -0.0041558
9.97815 -0.0292659 -0.00427666
9.97886 -0.0276879 -0.00404875
9.97233 -0.025751 -0.00167335
9.97303 -0.0241579 -0.00144238
9.97273 -0.0249366 -0.00156477
9.97342 -0.0233546 -0.00133386
10.9664 -0.0478502 -0.0035167
10.9671 -0.0460231 -0.00329458
10.9668 -0.0469282 -0.00341372
10.9675 -0.0451119 -0.00319139
10.9608 -0.0407595 -0.000618526
10.9615 -0.0389247 -0.000393088
10.9612 -0.0398309 -0.000513975
10.9619 -0.0380074 -0.000288339
11.9705 -0.0409628 0.00544559
11.9713 -0.0389074 0.0056639
11.971 -0.0399335 0.005547
11.9717 -0.0378889 0.00576545
11.9649 -0.0306491 0.00840934
11.9656 -0.0285829 0.00863084
11.9653 -0.0296117 0.00851224
11.966 -0.0275568 0.00873387
13.0012 -0.0414578 0.0191671
13.0021 -0.0391868 0.0193794
13.0017 -0.0403268 0.019266
13.0026 -0.0380668 0.0194784
12.9954 -0.0278772 0.0223556
12.9962 -0.0255922 0.0225711
12.9958 -0.0267366 0.0224559
12.9967 -0.0244632 0.0226715
13.9924 -0.0295758 0.00923591
13.9935 -0.0271038 0.00944512
13.993 -0.0283496 0.00933323
13.994 -0.0258888 0.00954251
13.9863 -0.012624 0.0125968
13.9873 -0.010135 0.0128092
13.9869 -0.0113868 0.0126956
13.9879 -0.00890962 0.012908
14.9971 -0.027539 0.000611304
14.9983 -0.0248659 0.000814983
14.9977 -0.0262177 0.000705342
14.9989 -0.0235561 0.000909163
14.9906 -0.00696525 0.00417433
14.9918 -0.00427199 0.00438139
14.9913 -0.00563158 0.00426983
14.9924 -0.00295039 0.00447705
15.9973 -0.0307056 0.00292561
15.9986 -0.0278318 0.00313181
15.998 -0.0292912 0.00302077
15.9993 -0.0264288 0.0032271
15.9908 -0.00645127 0.00652561
15.992 -0.00355382 0.00673523
15.9915 -0.00502295 0.00662224
15.9927 -0.00213752 0.00683199
16.9896 -0.00367151 0.00262156
16.9909 -0.000599252 0.0028278
16.9903 -0.00216499 0.0027169
16.9916 0.000895759 0.00292321
16.9829 0.0240839 0.00628122
16.9842 0.027183 0.00649096
16.9836 0.0256056 0.00637806
16.9849 0.0286927 0.00658788
17.9897 -0.0186662 0.00127022
17.9911 -0.0153955 0.0014791
17.9905 -0.0170674 0.0013668
17.9918 -0.0138083 0.00157573
17.9831 0.0126947 0.00502835
17.9844 0.0159957 0.00524094
17.9838 0.0143102 0.00512652
17.9851 0.017599 0.00533918
18.9775 0.00521551 0.00447152
18.979 0.00869197 0.00468384
18.9783 0.00691017 0.00456953
18.9797 0.0103749 0.00478193
18.9707 0.0403506 0.00835421
18.9721 0.0438611 0.00857055
18.9715 0.0420635 0.00845395
18.9729 0.0455618 0.00867038
19.9773 -0.0162224 -0.00216035
19.9788 -0.0125343 -0.00194478
19.9782 -0.0144294 -0.00206119
19.9796 -0.0107531 -0.00184546
19.9705 0.0228566 0.00183177
19.972 0.026583 0.0020517
19.9714 0.0246698 0.00193281
19.9728 0.0283839 0.00215292
20.9717 0.0027053 -0.0086766
20.9732 0.00660153 -0.00845436
20.9725 0.00459464 -0.00857343
20.974 0.00847889 -0.00835126
20.9648 0.0455352 -0.00464018
20.9663 0.0494737 -0.00441355
20.9656 0.0474464 -0.00453511
20.9671 0.0513724 -0.00430853
21.9765 0.00278318 0.00245964
21.978 0.0068986 0.00268863
21.9773 0.00477478 0.00256642
21.9788 0.00887797 0.00279524
21.9695 0.0495585 0.00656475
21.971 0.0537202 0.00679827
21.9704 0.0515737 0.0066735
21.9718 0.0557227 0.00690686
22.9741 -0.0238719 -0.00185718
22.9757 -0.0195366 -0.00163293
22.9749 -0.0217767 -0.0017517
22.9765 -0.017454 -0.00152786
22.9672 0.0271728 0.00237208
22.9687 0.0315593 0.00260097
22.968 0.0292938 0.00247957
22.9695 0.0336672 0.00270807
23.973 -0.018279 -0.00982219
23.9746 -0.0137223 -0.00959929
23.9738 -0.0160792 -0.0097172
23.9754 -0.0115356 -0.00949476
23.9661 0.0370835 -0.00557722
23.9676 0.0416963 -0.00534968
23.9669 0.0393112 -0.00547022
23.9684 0.0439103 -0.00524311
24.9728 -0.0134537 -0.00137883
24.9744 -0.00867684 -0.00115635
24.9737 -0.0111496 -0.0012739
24.9753 -0.0063865 -0.00105191
24.9659 0.0461968 0.00287903
24.9674 0.0510343 0.00310616
24.9667 0.0485307 0.00298597
24.9682 0.0533541 0.00321264
23.9703 0.00743905 3.13465
23.9718 0.0119901 3.13487
23.9711 0.00963715 3.13475
23.9727 0.0141749 3.13497
23.9632 0.062864 3.13893
23.9648 0.0674711 3.13915
23.9641 0.06509 3.13903
23.9656 0.0696834 3.13926
22.9693 -0.00555002 3.13547
22.9709 -0.00121573 3.13569
22.9702 -0.00345529 3.13557
22.9717 0.000866396 3.13579
22.9624 0.0455193 3.13964
22.9639 0.0499048 3.13987
22.9632 0.0476397 3.13975
22.9647 0.0520122 3.13998
21.9814 -0.0168003 3.1305
21.9829 -0.0126815 3.13072
21.9822 -0.0148073 3.1306
21.9837 -0.0107006 3.13083
21.9745 0.0300973 3.13456
21.976 0.0342627 3.13479
21.9753 0.032114 3.13467
21.9768 0.0362669 3.1349
20.9689 -0.00874403 3.14006
20.9705 -0.00484694 3.14028
20.9698 -0.00685415 3.14016
20.9713 -0.00296904 3.14038
20.9621 0.0341301 -3.13909
20.9636 0.0380695 -3.13887
20.9629 0.0360419 -3.13899
20.9644 0.0399688 -3.13876
19.9746 0.0122084 3.13764
19.9762 0.0158962 3.13786
19.9755 0.0140014 3.13774
19.977 0.0176773 3.13796
19.9677 0.0512856 -3.14153
19.9692 0.0550116 -3.14131
19.9686 0.0530988 -3.14143
19.97 0.0568124 -3.14121
19.9679 1.0037 1.5762
19.9692 1.0074 1.57642
19.9686 1.0055 1.5763
19.9699 1.00918 1.57652
19.957 1.04297 1.58022
19.9583 1.04671 1.58044
19.9577 1.04479 1.58032
19.959 1.04851 1.58054
19.9412 1.997 1.57321
19.9423 2.00069 1.57342
19.9418 1.99879 1.5733
19.9429 2.00247 1.57351
19.9264 2.03628 1.57723
19.9274 2.04001 1.57745
19.927 2.03809 1.57733
19.928 2.04181 1.57755
19.905 2.99084 1.56061
19.9059 2.99455 1.56082
19.9055 2.99264 1.56071
19.9064 2.99635 1.56092
19.8862 3.03075 1.5647
19.8871 3.0345 1.56492
19.8868 3.03258 1.5648
19.8875 3.03632 1.56502
19.951 3.99293 1.56206
19.9517 3.99669 1.56227
19.9514 3.99476 1.56216
19.9521 3.9985 1.56237
19.9282 4.03382 1.56622
19.9288 4.03761 1.56644
19.9286 4.03566 1.56632
19.9292 4.03944 1.56654
19.9659 5.01064 1.56342
19.9663 5.01442 1.56365
19.9662 5.01248 1.56353
19.9667 5.01624 1.56375
19.9388 5.05204 1.56775
19.9392 5.05585 1.56797
19.9391 5.05389 1.56785
19.9395 5.05769 1.56808
20.9811 4.98241 0.00188238
20.9817 4.98644 0.00211162
20.9815 4.98437 0.0019898
20.982 4.98838 0.00221881
20.954 5.02863 0.00641189
20.9545 5.03269 0.00664593
20.9544 5.0306 0.00652139
20.9548 5.03466 0.00675522
21.9652 4.97881 -0.00287589
21.9657 4.98307 -0.00264163
21.9656 4.98088 -0.00276556
21.9661 4.98512 -0.00253165
21.9381 5.02955 0.00173031
21.9385 5.03385 0.00196944
21.9384 5.03163 0.00184276
21.9389 5.03592 0.00208156
22.9749 4.96307 0.00625738
22.9755 4.96759 0.00651638
22.9753 4.96527 0.00638308
22.9759 4.96977 0.00664088
22.9476 5.0188 0.0112093
22.9481 5.02337 0.0114734
22.948 5.02102 0.0113372
22.9485 5.02557 0.0116001
23.9849 4.9769 -0.00407281
23.9855 4.98169 -0.00380941
23.9853 4.97922 -0.00394438
23.9859 4.984 -0.00368233
23.9575 5.03779 0.000940587
23.958 5.04264 0.00120909
23.9579 5.04014 0.00107127
23.9584 5.04498 0.00133845
24.9751 4.97851 0.00301303
24.9757 4.98358 0.00328756
24.9755 4.98098 0.00314827
24.9761 4.98603 0.00342109
24.9475 5.04462 0.00818708
24.948 5.04975 0.00846687
24.9479 5.04712 0.00832465
24.9484 5.05223 0.00860274
25.9782 4.96369 0.00121581
25.9789 4.96905 0.00149673
25.9787 4.9663 0.00135495
25.9793 4.97165 0.00163395
25.9506 5.03521 0.00649399
25.9512 5.04064 0.00678029
25.951 5.03785 0.00663551
25.9516 5.04326 0.00691989
26.9719 4.95286 0.00126413
26.9726 4.95853 0.00154986
26.9724 4.95563 0.00140613
26.9731 4.96127 0.00168978
26.9442 5.02993 0.00664254
26.9448 5.03567 0.0069339
26.9447 5.03273 0.006787
26.9452 5.03844 0.00707629
27.9937 4.92836 0.00489906
27.9944 4.93435 0.00517858
27.9942 4.93129 0.00503805
27.9949 4.93725 0.0053156
27.9658 5.01122 0.0103225
27.9665 5.01729 0.010608
27.9663 5.01419 0.010464
27.9669 5.02023 0.0107476
28.9899 4.93475 0.00190935
28.9907 4.94102 0.00219152
28.9905 4.93782 0.00204891
28.9912 4.94407 0.00232919
28.9619 5.02309 0.0073102
28.9626 5.02945 0.00759829
28.9624 5.0262 0.00745231
28.963 5.03254 0.00773852
29.9991 4.91808 -0.00414308
29.9999 4.92464 -0.00385921
29.9996 4.92129 -0.00400389
30.0004 4.92783 -0.0037218
29.971 5.01195 0.00121613
29.9717 5.01861 0.0015058
29.9715 5.01521 0.00135782
29.9722 5.02183 0.00164573
30.9713 4.91895 -0.00450555
30.9721 4.92579 -0.00422343
30.9718 4.9223 -0.00436812
30.9726 4.92911 -0.00408761
30.9431 5.01811 0.000801792
30.9438 5.02505 0.00108958
30.9436 5.02151 0.000941679
30.9443 5.02841 0.00122787
31.9741 4.9082 -0.00167519
31.9749 4.91533 -0.00139362
31.9746 4.91169 -0.00153903
31.9754 4.91879 -0.00125888
31.9457 5.01276 0.00356835
31.9464 5.01999 0.00385538
31.9462 5.0163 0.0037069
31.9469 5.0235 0.00399252
32.9551 4.9322 -0.00644491
32.9559 4.93961 -0.00616404
32.9556 4.93583 -0.00631025
32.9565 4.9432 -0.00603058
32.9263 5.04199 -0.00128436
32.927 5.04951 -0.000998266
32.9268 5.04567 -0.00114738
32.9275 5.05316 -0.000862474
33.9771 4.92875 -0.00706384
33.978 4.93644 -0.00677622
33.9777 4.93251 -0.00693061
33.9786 4.94017 -0.00664401
33.9482 5.04383 -0.00197886
33.949 5.05164 -0.00168622
33.9487 5.04765 -0.00184338
33.9495 5.05542 -0.00155174
34.96 4.90786 -0.00712687
34.961 4.91582 -0.00685237
34.9606 4.91175 -0.00699537
34.9615 4.91969 -0.00672163
34.931 5.02795 -0.00212364
34.9318 5.03604 -0.00184419
34.9315 5.03191 -0.00198995
34.9323 5.03996 -0.00171125
35.9797 4.89279 -0.0148833
35.9807 4.90104 -0.0146224
35.9804 4.89683 -0.0147538
35.9813 4.90504 -0.0144935
35.9506 5.01801 -0.00996646
35.9514 5.02639 -0.00970076
35.9512 5.02211 -0.00983486
35.952 5.03044 -0.00956963
36.9905 4.8996 -0.00339318
36.9914 4.90813 -0.00312374
36.9911 4.90377 -0.00326697
36.992 4.91226 -0.00299775
36.9611 5.02981 0.00139563
36.9619 5.03847 0.00166985
36.9617 5.03404 0.00152392
36.9625 5.04266 0.00179793
38.0098 4.90577 0.00515963
38.0108 4.91458 0.0054151
38.0105 4.91007 0.00527957
38.0114 4.91885 0.0055353
37.9802 5.04091 0.00976964
37.9811 5.04986 0.0100297
37.9808 5.04527 0.00989155
37.9816 5.05418 0.0101519
39.0196 4.89784 -0.00186502
39.0206 4.90691 -0.00160464
39.0202 4.90226 -0.00174596
39.0212 4.9113 -0.00148525
38.9899 5.03771 0.00272595
38.9908 5.04692 0.00299097
38.9905 5.0422 0.00284699
38.9914 5.05137 0.00311236
40.0172 4.89632 0.00362741
40.0182 4.90565 0.00389309
40.0179 4.90087 0.00374838
40.0188 4.91016 0.00401428
39.9875 5.04078 0.00824267
39.9884 5.05025 0.00851294
39.9881 5.04539 0.00836561
39.989 5.05482 0.00863614
41.0203 4.90141 0.00966175
41.0213 4.91102 0.0099349
41.0209 4.90608 0.00978739
41.0219 4.91566 0.0100606
40.9906 5.05065 0.0143498
40.9914 5.06042 0.0146275
40.9911 5.0554 0.0144774
40.992 5.06512 0.0147552
42.0003 4.90126 0.00913525
42.0013 4.91118 0.00942557
42.001 4.90608 0.00927057
42.0019 4.91596 0.00956062
41.9704 5.05548 0.01395
41.9713 5.06556 0.0142449
41.971 5.06038 0.0140873
41.9719 5.07041 0.0143819
42.9976 4.89936 0.000263028
42.9986 4.9096 0.000562378
42.9982 4.90433 0.00040309
42.9992 4.91453 0.00070208
42.9676 5.05871 0.00511193
42.9685 5.06911 0.00541577
42.9682 5.06376 0.00525392
42.969 5.07412 0.00555741
44.0096 4.90652 0.00219821
44.0107 4.9171 0.0024961
44.0103 4.91166 0.00233625
44.0113 4.92219 0.00263402
43.9794 5.07124 0.00692387
43.9803 5.08198 0.00722613
43.98 5.07645 0.00706374
43.9809 5.08715 0.00736589
45.021 4.90239 -0.00656961
45.022 4.91331 -0.00625685
45.0216 4.90769 -0.00642424
45.0226 4.91856 -0.00611175
44.9906 5.07219 -0.00186309
44.9915 5.08327 -0.00154619
44.9912 5.07756 -0.001716
44.992 5.0886 -0.00139936
46.0053 4.90072 -0.00421352
46.0063 4.91196 -0.00389663
46.0059 4.90617 -0.00406603
46.0069 4.91737 -0.00374945
45.9748 5.07526 0.00050479
45.9757 5.08667 0.000825805
45.9754 5.08079 0.000653986
45.9763 5.09215 0.000974687
46.9896 4.90146 -0.00467619
46.9906 4.91302 -0.00435277
46.9902 4.90706 -0.00452483
46.9912 4.91858 -0.00420191
46.9591 5.08075 9.6217e-05
46.9601 5.09249 0.000423715
46.9597 5.08643 0.000249278
46.9606 5.09813 0.00057628
47.9994 4.92902 0.0142459
48.0004 4.94096 0.0145751
48 4.9348 0.0144001
48.001 4.94669 0.0147287
47.9687 5.11346 0.0190046
47.9696 5.12558 0.0193378
47.9693 5.11932 0.0191604
47.9702 5.13139 0.019493
48.991 4.94835 0.0159278
48.992 4.96065 0.016252
48.9916 4.95431 0.0160787
48.9926 4.96657 0.0164024
48.9601 5.13783 0.0205916
48.961 5.15032 0.0209196
48.9607 5.14387 0.020744
48.9616 5.15631 0.0210716
50.0177 4.92815 0.0128053
50.0187 4.94084 0.0131132
50.0184 4.93429 0.0129466
50.0193 4.94692 0.0132545
49.9868 5.12275 0.017291
49.9877 5.13562 0.0176027
49.9874 5.12897 0.0174338
49.9882 5.14179 0.0177456
50.0047 5.95156 1.58703
50.0055 5.96406 1.58731
50.0053 5.9576 1.58715
50.006 5.97006 1.58744
49.9695 6.14547 1.59148
49.9702 6.15815 1.59176
49.97 6.15159 1.59161
49.9706 6.16423 1.59189
50.0148 6.95588 1.5764
50.0153 6.96815 1.57665
50.0152 6.96179 1.57651
50.0157 6.97402 1.57676
49.9756 7.14911 1.58083
49.9759 7.16157 1.58109
49.9759 7.15511 1.58095
49.9763 7.16753 1.58121
50.0047 7.95088 1.57924
50.005 7.96291 1.57948
50.005 7.95666 1.57935
50.0053 7.96866 1.57959
49.9615 8.14336 1.58376
49.9616 8.15558 1.584
49.9617 8.14922 1.58387
49.9619 8.16141 1.58411
49.9899 8.95663 1.57556
49.99 8.96851 1.57579
49.9902 8.96233 1.57566
49.9902 8.97418 1.57589
49.9424 9.14845 1.58007
49.9424 9.16052 1.5803
49.9426 9.15423 1.58017
49.9425 9.16627 1.58041
49.9744 9.94554 1.57068
49.9743 9.9574 1.57092
49.9746 9.95123 1.57079
49.9744 9.96306 1.57103
49.9225 10.1373 1.57525
49.9222 10.1493 1.5755
49.9226 10.143 1.57536
49.9223 10.1551 1.57561
49.9552 10.9433 1.57612
49.9548 10.9551 1.57633
49.9552 10.949 1.57621
49.9548 10.9608 1.57642
49.8988 11.1347 1.58052
49.8983 11.1467 1.58074
49.8988 11.1404 1.58061
49.8983 11.1524 1.58083
49.9556 11.912 1.57771
49.9551 11.9237 1.5779
49.9556 11.9176 1.57779
49.955 11.9293 1.57799
49.8951 12.1031 1.58198
49.8945 12.115 1.58217
49.8951 12.1088 1.58206
49.8943 12.1207 1.58226
49.9781 12.9406 1.57087
49.9774 12.9522 1.57104
49.978 12.9462 1.57094
49.9773 12.9578 1.57112
49.9134 13.1315 1.57503
49.9125 13.1433 1.57521
49.9132 13.1372 1.57511
49.9123 13.149 1.57529
49.9829 13.952 1.56756
49.982 13.9637 1.56772
49.9827 13.9576 1.56762
49.9818 13.9692 1.56779
49.9141 14.1427 1.57166
49.9131 14.1545 1.57183
49.9139 14.1483 1.57173
49.9128 14.1601 1.5719
49.9922 14.9381 1.56614
49.9912 14.9497 1.56629
49.992 14.9436 1.5662
49.9909 14.9552 1.56636
49.9195 15.1285 1.57018
49.9184 15.1403 1.57034
49.9193 15.1342 1.57025
49.918 15.1459 1.57041
49.9907 15.9543 1.57174
49.9896 15.9658 1.57188
49.9904 15.9598 1.57179
49.9892 15.9712 1.57193
49.9141 16.1443 1.57569
49.9128 16.156 1.57584
49.9138 16.1499 1.57575
49.9124 16.1615 1.57589
50.0137 16.9315 1.57406
50.0124 16.9429 1.57418
50.0134 16.937 1.5741
50.0121 16.9484 1.57423
49.9333 17.1214 1.57792
49.9319 17.133 1.57805
49.933 17.1269 1.57797
49.9315 17.1384 1.57809
50.0054 17.9517 1.56451
50.0041 17.963 1.56462
50.0051 17.9571 1.56455
50.0037 17.9684 1.56466
49.9213 18.1412 1.56832
49.9197 18.1527 1.56843
49.9209 18.1467 1.56835
49.9193 18.1582 1.56847
49.9924 18.9574 1.58159
49.9909 18.9686 1.58169
49.992 18.9627 1.58162
49.9905 18.974 1.58172
49.9045 19.1465 1.58537
49.9029 19.1579 1.58547
49.9041 19.152 1.5854
49.9024 19.1634 1.5855
49.9983 19.9556 1.58194
49.9967 19.9668 1.58203
49.9979 19.9609 1.58197
49.9963 19.9721 1.58206
49.9067 20.1446 1.5857
49.9049 20.156 1.5858
49.9062 20.15 1.58573
49.9044 20.1614 1.58583
50.0053 20.9774 1.58266
50.0037 20.9886 1.58276
50.0049 20.9827 1.58269
50.0032 20.9939 1.58279
49.91 21.1664 1.58643
49.9081 21.1777 1.58653
49.9095 21.1718 1.58646
49.9076 21.1831 1.58656
50.0086 21.9554 1.5795
50.0069 21.9665 1.5796
50.0082 21.9607 1.57953
50.0064 21.9717 1.57963
49.9097 22.144 1.58332
49.9078 22.1552 1.58342
49.9092 22.1493 1.58335
49.9072 22.1606 1.58345
49.9771 22.9677 1.58223
49.9754 22.9787 1.58233
49.9767 22.9729 1.58226
49.9748 22.9839 1.58237
49.8744 23.1558 1.58613
49.8725 23.1669 1.58623
49.8739 23.161 1.58616
49.8718 23.1722 1.58627
49.9519 23.9694 1.58002
49.95 23.9803 1.58011
49.9514 23.9745 1.58005
49.9494 23.9855 1.58015
49.8453 24.1572 1.58392
49.8432 24.1684 1.58402
49.8447 24.1625 1.58395
49.8426 24.1736 1.58405
49.9747 24.9619 1.57799
49.9727 24.9728 1.57808
49.9742 24.967 1.57802
49.9721 24.9779 1.57811
49.8643 25.1497 1.58192
49.8621 25.1608 1.58202
49.8637 25.155 1.58195
49.8614 25.166 1.58205
49.9728 25.962 1.57178
49.9708 25.9728 1.57187
49.9723 25.9671 1.57181
49.9702 25.978 1.5719
49.8585 26.1497 1.57574
49.8562 26.1608 1.57583
49.8579 26.1549 1.57576
49.8555 26.166 1.57586
49.958 26.964 1.57289
49.9559 26.9749 1.57297
49.9575 26.9691 1.57291
49.9552 26.98 1.573
49.8397 27.1516 1.57685
49.8374 27.1627 1.57694
49.8391 27.1569 1.57688
49.8366 27.1679 1.57697
49.9694 27.9667 1.57678
49.9672 27.9775 1.57686
49.9689 27.9718 1.5768
49.9665 27.9826 1.57689
49.8472 28.1543 1.58075
49.8448 28.1653 1.58084
49.8466 28.1595 1.58078
49.844 28.1705 1.58087
49.9777 28.9625 1.58731
49.9754 28.9733 1.58739
49.9771 28.9676 1.58733
49.9747 28.9784 1.58742
49.8515 29.1501 1.59129
49.849 29.1611 1.59139
49.8508 29.1553 1.59132
49.8482 29.1663 1.59142
49.9651 29.9396 1.57203
49.9627 29.9504 1.57212
49.9645 29.9447 1.57206
49.962 29.9555 1.57215
49.835 30.1271 1.57604
49.8324 30.138 1.57613
49.8343 30.1322 1.57607
49.8316 30.1432 1.57617
48.9645 29.925 -3.13449
48.9621 29.9356 -3.1344
48.9639 29.93 -3.13446
48.9614 29.9407 -3.13436
48.8345 30.1084 -3.13045
48.8319 30.1192 -3.13035
48.8338 30.1135 -3.13042
48.8311 30.1244 -3.13031
47.9599 29.952 -3.12804
47.9575 29.9625 -3.12793
47.9593 29.957 -3.128
47.9568 29.9675 -3.12789
47.8298 30.1311 -3.12395
47.8272 30.1418 -3.12383
47.8291 30.1362 -3.12391
47.8264 30.1469 -3.12379
46.9487 29.9384 -3.13089
46.9463 29.9488 -3.13079
46.9481 29.9433 -3.13085
46.9456 29.9537 -3.13075
46.8188 30.1132 -3.12679
46.8161 30.1237 -3.12669
46.8181 30.1182 -3.12676
46.8153 30.1287 -3.12665
45.9526 29.9205 -3.13813
45.9502 29.9307 -3.13804
45.952 29.9254 -3.1381
45.9495 29.9356 -3.13801
45.8228 30.0912 -3.13406
45.8201 30.1015 -3.13396
45.822 30.0961 -3.13403
45.8193 30.1065 -3.13393
44.9568 29.9256 -3.13719
44.9544 29.9357 -3.13711
44.9562 29.9305 -3.13717
44.9537 29.9406 -3.13708
44.827 30.0922 -3.13313
44.8243 30.1025 -3.13303
44.8263 30.0971 -3.1331
44.8235 30.1074 -3.133
44.9521 30.9191 1.57285
44.9496 30.9292 1.57293
44.9514 30.9239 1.57287
44.9488 30.934 1.57295
44.8182 31.0856 1.5769
44.8155 31.0959 1.57698
44.8175 31.0905 1.57692
44.8146 31.1007 1.57701
44.9442 31.8985 1.58201
44.9417 31.9086 1.58209
44.9436 31.9033 1.58204
44.9409 31.9134 1.58212
44.8064 32.065 1.58606
44.8036 32.0752 1.58615
44.8056 32.0699 1.58609
44.8027 32.0801 1.58618
44.9256 32.9168 1.56991
44.923 32.9269 1.56998
44.925 32.9216 1.56993
44.9222 32.9317 1.57
44.7837 33.0832 1.57394
44.7808 33.0935 1.57402
44.7829 33.0881 1.57396
44.7799 33.0983 1.57404
44.9289 33.9317 1.55392
44.9262 33.9418 1.55398
44.9282 33.9365 1.55393
44.9254 33.9466 1.554
44.7829 34.0981 1.55793
44.7799 34.1083 1.558
44.7821 34.103 1.55795
44.779 34.1132 1.55802
44.9452 34.917 1.57022
44.9425 34.9271 1.57028
44.9445 34.9218 1.57023
44.9416 34.9319 1.5703
44.7952 35.0835 1.57423
44.7922 35.0937 1.5743
44.7944 35.0884 1.57424
44.7913 35.0986 1.57431
44.9625 35.9293 1.56559
44.9597 35.9394 1.56565
44.9618 35.9342 1.5656
44.9588 35.9442 1.56566
44.8085 36.0958 1.5696
44.8054 36.1061 1.56966
44.8076 36.1007 1.56961
44.8044 36.1109 1.56968
44.9484 36.9417 1.5716
44.9455 36.9517 1.57166
44.9476 36.9465 1.57161
44.9446 36.9565 1.57167
44.7903 37.1081 1.57561
44.7872 37.1183 1.57567
44.7895 37.113 1.57562
44.7862 37.1232 1.57569
44.9462 37.9385 1.56834
44.9433 37.9486 1.5684
44.9455 37.9434 1.56835
44.9424 37.9534 1.56842
44.7841 38.1049 1.57235
44.7809 38.1152 1.57241
44.7833 38.1098 1.57236
44.78 38.12 1.57243
44.9566 38.9122 1.57337
44.9537 38.9222 1.57343
44.9559 38.917 1.57338
44.9528 38.927 1.57345
44.7907 39.0786 1.57738
44.7875 39.0888 1.57745
44.7899 39.0835 1.5774
44.7865 39.0937 1.57747
44.9573 39.9332 1.56567
44.9543 39.9432 1.56574
44.9566 39.938 1.56569
44.9534 39.948 1.56576
44.7873 40.0996 1.5697
44.784 40.1098 1.56977
44.7864 40.1045 1.56972
44.783 40.1146 1.5698
44.9515 40.9485 1.56874
44.9484 40.9585 1.5688
44.9507 40.9533 1.56875
44.9475 40.9633 1.56882
44.7774 41.1149 1.57276
44.774 41.1251 1.57283
44.7765 41.1197 1.57277
44.773 41.1299 1.57285
44.9752 41.939 1.56524
44.972 41.949 1.56531
44.9744 41.9438 1.56526
44.9711 41.9538 1.56534
44.7971 42.1054 1.56927
44.7937 42.1156 1.56935
44.7962 42.1103 1.56929
44.7926 42.1205 1.56937
44.9593 42.94 1.56152
44.9561 42.95 1.56159
44.9585 42.9448 1.56154
44.9551 42.9548 1.56161
44.7772 43.1064 1.56555
44.7737 43.1166 1.56563
44.7763 43.1112 1.56557
44.7726 43.1214 1.56565
44.9736 43.9091 1.56237
44.9703 43.9192 1.56245
44.9728 43.9139 1.56239
44.9694 43.9239 1.56247
44.7876 44.0756 1.56641
44.784 44.0858 1.56649
44.7867 44.0804 1.56643
44.7829 44.0906 1.56651
44.9833 44.9232 1.56266
44.9799 44.9332 1.56274
44.9825 44.928 1.56268
44.9789 44.938 1.56276
44.7932 45.0896 1.5667
44.7895 45.0998 1.56678
44.7923 45.0945 1.56672
44.7884 45.1047 1.56681
44.9692 45.9437 1.55534
44.9658 45.9537 1.55543
44.9684 45.9485 1.55537
44.9648 45.9585 1.55546
44.7751 46.1101 1.5594
44.7713 46.1203 1.5595
44.7741 46.1149 1.55944
44.7702 46.1251 1.55954
44.9608 46.9329 1.5603
44.9574 46.9429 1.56041
44.96 46.9376 1.56034
44.9563 46.9476 1.56045
44.7627 47.0992 1.5644
44.7589 47.1093 1.56451
44.7617 47.104 1.56444
44.7577 47.1141 1.56456
44.9997 47.9367 1.55925
44.9961 47.9467 1.55937
44.9988 47.9415 1.55929
44.9951 47.9515 1.55941
44.7975 48.1032 1.56336
44.7936 48.1133 1.56349
44.7964 48.108 1.56341
44.7923 48.1181 1.56354
45.0056 48.9452 1.55813
45.002 48.9552 1.55825
45.0047 48.95 1.55817
45.0009 48.96 1.5583
44.7993 49.1117 1.56225
44.7952 49.1218 1.56238
44.7982 49.1165 1.5623
44.794 49.1266 1.56243
45.0159 49.9401 1.57042
45.0122 49.9501 1.57055
45.015 49.9449 1.57047
45.011 49.9549 1.5706
44.8055 50.1066 1.57455
44.8013 50.1167 1.57468
44.8044 50.1114 1.5746
44.8 50.1216 1.57474
44.0168 49.9178 3.13687
44.013 49.9277 3.13701
44.0158 49.9225 3.13693
44.0119 49.9324 3.13706
43.8064 50.0802 3.14101
43.8023 50.0902 3.14115
43.8053 50.085 3.14106
43.801 50.095 3.14121
43.0245 49.9436 3.13576
43.0207 49.9533 3.13589
43.0235 49.9483 3.13582
43.0196 49.958 3.13594
42.814 50.1018 3.1399
42.8099 50.1117 3.14003
42.8129 50.1066 3.13996
42.8086 50.1164 3.14009
42.0065 49.9581 3.13615
42.0027 49.9676 3.13628
42.0056 49.9627 3.13621
42.0016 49.9722 3.13634
41.796 50.1121 3.1403
41.7919 50.1218 3.14044
41.7949 50.1168 3.14036
41.7906 50.1264 3.1405
41.012 49.9545 -3.13994
41.0082 49.964 -3.13981
41.0111 49.9591 -3.13989
41.0071 49.9685 -3.13975
40.8016 50.1044 -3.13579
40.7974 50.114 -3.13565
40.8005 50.109 -3.13573
40.7961 50.1186 -3.13559
40.0034 49.9736 3.13245
39.9996 49.9829 3.13259
40.0025 49.9781 3.13251
39.9985 49.9874 3.13265
39.7929 50.1193 3.13661
39.7887 50.1288 3.13675
39.7918 50.1239 3.13667
39.7874 50.1333 3.13681
40.0095 48.9625 -1.57713
40.0059 48.9718 -1.57698
40.0087 48.967 -1.57707
40.0048 48.9763 -1.57692
39.8032 49.1082 -1.57296
39.7992 49.1177 -1.57281
39.8022 49.1128 -1.57289
39.798 49.1222 -1.57274
39.9971 47.9687 -1.57797
39.9936 47.978 -1.57782
39.9963 47.9732 -1.5779
39.9926 47.9824 -1.57775
39.795 48.1143 -1.57379
39.7912 48.1237 -1.57363
39.794 48.1189 -1.57372
39.79 48.1283 -1.57356
39.9818 46.9626 -1.57659
39.9784 46.9719 -1.57648
39.981 46.9671 -1.57655
39.9774 46.9764 -1.57643
39.7838 47.1082 -1.57247
39.7801 47.1177 -1.57235
39.7829 47.1128 -1.57242
39.7789 47.1222 -1.5723
39.9796 45.9699 -1.55915
39.9763 45.9792 -1.55906
39.9788 45.9744 -1.55912
39.9754 45.9837 -1.55902
39.7856 46.1156 -1.55507
39.782 46.125 -1.55497
39.7847 46.1201 -1.55504
39.7809 46.1296 -1.55493
39.9715 44.9571 -1.57442
39.9683 44.9664 -1.57434
39.9708 44.9616 -1.5744
39.9674 44.9709 -1.57431
39.7816 45.1028 -1.57037
39.778 45.1123 -1.57028
39.7807 45.1074 -1.57034
39.777 45.1168 -1.57025
39.9583 43.9585 -1.58044
39.9552 43.9678 -1.58037
39.9576 43.963 -1.58042
39.9543 43.9723 -1.58035
39.7724 44.1042 -1.57641
39.7689 44.1137 -1.57633
39.7716 44.1088 -1.57639
39.7679 44.1182 -1.57631
39.9457 42.969 -1.57586
39.9425 42.9784 -1.57579
39.9449 42.9736 -1.57585
39.9416 42.9829 -1.57577
39.7637 43.1147 -1.57184
39.7603 43.1242 -1.57176
39.7629 43.1193 -1.57182
39.7593 43.1288 -1.57174
39.9455 41.9714 -1.57989
39.9425 41.9809 -1.57983
39.9448 41.976 -1.57988
39.9416 41.9854 -1.57981
39.7676 42.1172 -1.57587
39.7642 42.1267 -1.57581
39.7667 42.1218 -1.57586
39.7632 42.1313 -1.57579
39.9369 40.9621 -1.57161
39.9339 40.9716 -1.57155
39.9362 40.9667 -1.5716
39.9331 40.9761 -1.57153
39.763 41.1078 -1.5676
39.7597 41.1174 -1.56753
39.7622 41.1125 -1.56758
39.7587 41.122 -1.56751
39.9504 39.9655 -1.5679
39.9474 39.975 -1.56784
39.9497 39.9701 -1.56789
39.9466 39.9796 -1.56782
39.7804 40.1114 -1.56388
39.7772 40.121 -1.56381
39.7796 40.116 -1.56386
39.7762 40.1256 -1.56378
40.946 39.9301 0.000271832
40.943 39.9397 0.000344639
40.9453 39.9348 0.00029003
40.9422 39.9443 0.000366619
40.7762 40.08 0.00430512
40.7729 40.0897 0.00438424
40.7753 40.0847 0.00432578
40.7719 40.0944 0.0044088
41.9427 39.9407 0.00616417
41.9398 39.9504 0.00624709
41.942 39.9454 0.00618868
41.9389 39.9551 0.0062751
41.7728 40.0947 0.0102162
41.7695 40.1046 0.0103053
41.772 40.0995 0.0102432
41.7685 40.1093 0.0103358
42.9765 39.9493 -2.32078e-05
42.9735 39.9591 5.06615e-05
42.9758 39.954 -3.32056e-06
42.9726 39.9639 7.42661e-05
42.8065 40.1076 0.00401126
42.8032 40.1177 0.0040914
42.8056 40.1124 0.00403359
42.8022 40.1224 0.00411757
43.9614 39.9309 -0.00779185
43.9583 39.9409 -0.0077231
43.9606 39.9357 -0.00777478
43.9575 39.9456 -0.00770217
43.7914 40.0933 -0.00376736
43.7881 40.1034 -0.00369226
43.7905 40.0981 -0.00374782
43.787 40.1082 -0.00366874
44.9527 39.9246 -0.0103118
44.9497 39.9347 -0.0102491
44.952 39.9294 -0.0102981
44.9488 39.9395 -0.0102314
44.7827 40.091 -0.00629862
44.7794 40.1012 -0.00622947
44.7818 40.0959 -0.00628245
44.7784 40.1061 -0.00620915
44.9529 38.9275 -1.57004
44.95 38.9375 -1.56998
44.9522 38.9323 -1.57003
44.9491 38.9423 -1.56996
44.7869 39.0939 -1.56603
44.7837 39.1041 -1.56596
44.7861 39.0988 -1.56602
44.7827 39.109 -1.56595
44.9684 37.9427 -1.56865
44.9655 37.9527 -1.56859
44.9677 37.9475 -1.56864
44.9646 37.9575 -1.56858
44.8064 38.1092 -1.56464
44.8032 38.1194 -1.56458
44.8055 38.1141 -1.56463
44.8022 38.1243 -1.56456
44.9558 36.943 -1.57264
44.9529 36.9531 -1.57258
44.9551 36.9478 -1.57263
44.9521 36.9578 -1.57256
44.7977 37.1094 -1.56863
44.7946 37.1197 -1.56856
44.7969 37.1143 -1.56862
44.7936 37.1245 -1.56855
44.949 35.9432 -1.56707
44.9462 35.9533 -1.56701
44.9483 35.9481 -1.56706
44.9453 35.9581 -1.56699
44.7949 36.1097 -1.56306
44.7918 36.1199 -1.56299
44.7941 36.1146 -1.56304
44.7909 36.1248 -1.56297
44.932 34.92 -1.57949
44.9293 34.9301 -1.57943
44.9313 34.9248 -1.57948
44.9285 34.9349 -1.57941
44.7821 35.0864 -1.57548
44.7791 35.0966 -1.57541
44.7813 35.0913 -1.57546
44.7781 35.1015 -1.57539
44.9655 33.9326 -1.57905
44.9628 33.9426 -1.57898
44.9648 33.9374 -1.57903
44.962 33.9475 -1.57896
44.8195 34.0991 -1.57502
44.8166 34.1094 -1.57495
44.8187 34.104 -1.57501
44.8156 34.1142 -1.57493
44.9559 32.9225 -1.56815
44.9533 32.9326 -1.56808
44.9552 32.9273 -1.56813
44.9525 32.9374 -1.56806
44.8139 33.089 -1.56412
44.811 33.0992 -1.56405
44.8131 33.0939 -1.5641
44.8101 33.1041 -1.56402
44.9548 31.9315 -1.56495
44.9522 31.9416 -1.56488
44.9541 31.9363 -1.56493
44.9515 31.9464 -1.56485
44.8168 32.098 -1.56091
44.814 32.1083 -1.56083
44.8161 32.103 -1.56089
44.8131 32.1132 -1.5608
44.9455 30.924 -1.56577
44.943 30.9341 -1.5657
44.9448 30.9288 -1.56575
44.9422 30.9389 -1.56567
44.8116 31.0905 -1.56173
44.8088 31.1007 -1.56164
44.8108 31.0954 -1.56171
44.808 31.1056 -1.56162
44.9448 29.9106 -1.57242
44.9424 29.9207 -1.57233
44.9442 29.9154 -1.57239
44.9416 29.9255 -1.5723
44.815 30.0771 -1.56835
44.8123 30.0873 -1.56826
44.8143 30.082 -1.56832
44.8115 30.0922 -1.56823
44.9398 28.9201 -1.57661
44.9375 28.9302 -1.57651
44.9392 28.925 -1.57658
44.9368 28.935 -1.57647
44.8141 29.0866 -1.57252
44.8115 29.0968 -1.57241
44.8134 29.0915 -1.57248
44.8107 29.1017 -1.57236
44.9624 27.9309 -1.57274
44.9601 27.941 -1.57264
44.9618 27.9357 -1.57271
44.9595 27.9458 -1.5726
44.8406 28.0974 -1.56865
44.8381 28.1077 -1.56854
44.8399 28.1024 -1.56861
44.8374 28.1126 -1.56849
44.9769 26.9133 -1.5757
44.9748 26.9234 -1.57558
44.9764 26.9181 -1.57566
44.9741 26.9283 -1.57553
44.8592 27.0799 -1.57155
44.8569 27.0902 -1.57142
44.8586 27.0848 -1.5715
44.8561 27.0951 -1.57137
44.973 25.9367 -1.5707
44.9709 25.9469 -1.57057
44.9725 25.9416 -1.57065
44.9703 25.9517 -1.57052
44.8592 26.1035 -1.56656
44.8569 26.1138 -1.56642
44.8586 26.1084 -1.56651
44.8562 26.1187 -1.56637
44.9704 24.939 -1.57109
44.9685 24.9492 -1.57095
44.9699 24.9439 -1.57104
44.9679 24.954 -1.5709
44.8608 25.1058 -1.56694
44.8586 25.1161 -1.5668
44.8602 25.1107 -1.56688
44.858 25.121 -1.56674
43.9615 24.9301 -3.12904
43.9596 24.9401 -3.12891
43.961 24.9349 -3.12899
43.959 24.9449 -3.12885
43.8519 25.0926 -3.12489
43.8498 25.1028 -3.12475
43.8514 25.0975 -3.12484
43.8492 25.1076 -3.1247
42.9672 24.9478 3.14154
42.9652 24.9577 -3.14151
42.9667 24.9526 3.14159
42.9647 24.9624 -3.14146
42.8576 25.1061 -3.1375
42.8555 25.1161 -3.13737
42.8571 25.1109 -3.13745
42.8548 25.1209 -3.13731
41.9957 24.9212 -3.13631
41.9938 24.931 -3.13618
41.9952 24.9259 -3.13626
41.9932 24.9356 -3.13612
41.8863 25.0754 -3.1322
41.8842 25.0853 -3.13206
41.8857 25.0802 -3.13215
41.8835 25.09 -3.13201
40.9903 24.9021 3.13696
40.9884 24.9117 3.1371
40.9898 24.9067 3.13701
40.9878 24.9163 3.13715
40.8811 25.0521 3.14107
40.879 25.0618 3.14122
40.8805 25.0568 3.14113
40.8783 25.0665 3.14128
39.9935 24.9038 3.13512
39.9917 24.9133 3.13526
39.9931 24.9084 3.13518
39.9911 24.9178 3.13532
39.8844 25.0497 3.13924
39.8823 25.0593 3.13939
39.8838 25.0544 3.1393
39.8816 25.0639 3.13945
39.0065 24.9178 -3.14022
39.0046 24.9271 -3.14007
39.006 24.9223 -3.14016
39.0041 24.9316 -3.14001
38.8973 25.0595 -3.13611
38.8952 25.069 -3.13596
38.8968 25.0641 -3.13605
38.8946 25.0735 -3.1359
37.9956 24.8929 -3.13834
37.9938 24.902 -3.13816
37.9952 24.8973 -3.13827
37.9932 24.9064 -3.13809
37.8867 25.0304 -3.13422
37.8846 25.0397 -3.13404
37.8861 25.035 -3.13415
37.884 25.0442 -3.13396
36.9937 24.9066 3.13366
36.9919 24.9155 3.13387
36.9933 24.9109 3.13376
36.9914 24.9198 3.13398
36.885 25.0399 3.13794
36.883 25.049 3.13816
36.8845 25.0443 3.13804
36.8824 25.0534 3.13826
35.9804 24.9052 3.13781
35.9786 24.9139 3.13804
35.9799 24.9094 3.13792
35.978 24.9181 3.13815
35.8719 25.0342 -3.14104
35.8699 25.043 -3.1408
35.8714 25.0385 -3.14092
35.8693 25.0473 -3.14069
34.9872 24.9112 3.13735
34.9854 24.9196 3.13761
34.9868 24.9153 3.13748
34.9849 24.9237 3.13774
34.879 25.0358 -3.14141
34.877 25.0444 -3.14115
34.8785 25.04 -3.14128
34.8764 25.0485 -3.14102
33.9841 24.8907 3.13702
33.9823 24.8989 3.13728
33.9837 24.8947 3.13715
33.9818 24.9028 3.13741
33.8759 25.0109 3.14144
33.8739 25.0192 -3.14148
33.8754 25.0149 3.14157
33.8733 25.0232 -3.14135
32.9847 24.9061 3.13329
32.9829 24.914 3.13357
32.9843 24.9099 3.13343
32.9824 24.9178 3.13371
32.8767 25.0218 3.13776
32.8747 25.0298 3.13804
32.8762 25.0257 3.1379
32.8741 25.0337 3.13818
31.969 24.9457 3.13499
31.9672 24.9533 3.13527
31.9685 24.9494 3.13513
31.9667 24.957 3.13542
31.861 25.0568 3.13949
31.859 25.0645 3.13978
31.8605 25.0606 3.13964
31.8584 25.0683 3.13992
30.9738 24.9247 3.12917
30.972 24.932 3.12946
30.9734 24.9283 3.12932
30.9715 24.9356 3.12961
30.8661 25.0313 3.13369
30.8642 25.0387 3.13399
30.8656 25.0349 3.13384
30.8636 25.0423 3.13414
29.9788 24.9432 3.12739
29.9771 24.9502 3.12768
29.9784 24.9466 3.12753
29.9766 24.9536 3.12783
29.8712 25.0453 3.13191
29.8692 25.0524 3.13221
29.8707 25.0487 3.13206
29.8687 25.0558 3.13235
28.9566 24.96 3.13692
28.9548 24.9667 3.13721
28.9562 24.9633 3.13707
28.9543 24.97 3.13735
28.8491 25.0574 3.14144
28.8471 25.0642 -3.14146
28.8486 25.0607 3.14158
28.8466 25.0675 -3.14131
27.9654 24.9545 3.12824
27.9636 24.9609 3.12852
27.965 24.9576 3.12838
27.9631 24.964 3.12865
27.8581 25.0474 3.13274
27.8562 25.0539 3.13302
27.8577 25.0505 3.13288
27.8556 25.057 3.13316
26.9911 24.9883 3.13748
26.9893 24.9944 3.13774
26.9907 24.9913 3.13761
26.9889 24.9974 3.13787
26.8839 25.0768 -3.14123
26.882 25.083 -3.14096
26.8835 25.0798 -3.1411
26.8814 25.086 -3.14083
25.9575 24.9877 3.13691
25.9558 24.9935 3.13716
25.9571 24.9905 3.13703
25.9553 24.9963 3.13728
25.8505 25.0715 3.14135
25.8486 25.0774 -3.14158
25.8501 25.0744 3.14147
25.8481 25.0803 -3.14146
24.9583 24.9963 3.1329
24.9566 25.0019 3.13313
24.9579 24.999 3.13301
24.9561 25.0046 3.13324
24.8514 25.0757 3.13726
24.8496 25.0813 3.13749
24.851 25.0784 3.13737
24.849 25.0841 3.1376
24.9843 25.9542 1.55666
24.9824 25.9597 1.55687
24.9838 25.9569 1.55676
24.9819 25.9624 1.55696
24.8735 26.0336 1.56097
24.8714 26.0392 1.56118
24.8729 26.0363 1.56107
24.8708 26.042 1.56128
24.9901 26.9713 1.56322
24.988 26.9768 1.56342
24.9896 26.974 1.56331
24.9874 26.9795 1.56351
24.875 27.0507 1.56753
24.8728 27.0564 1.56774
24.8744 27.0534 1.56763
24.8721 27.0591 1.56783
25.0145 27.9853 1.56861
25.0123 27.9909 1.56877
25.0139 27.988 1.56868
25.0117 27.9935 1.56884
24.8954 28.065 1.57279
24.893 28.0706 1.57295
24.8948 28.0677 1.57286
24.8923 28.0733 1.57302
25.0134 28.9848 1.564
25.0112 28.9903 1.56414
25.0129 28.9874 1.56406
25.0105 28.993 1.5642
24.8905 29.0645 1.56813
24.8881 29.0702 1.56827
24.8899 29.0673 1.56819
24.8874 29.0729 1.56833
25.0287 29.9686 1.56814
25.0264 29.9742 1.56825
25.0281 29.9713 1.56818
25.0256 29.9769 1.56829
24.9018 30.0486 1.57221
24.8993 30.0542 1.57233
24.9011 30.0513 1.57225
24.8985 30.0569 1.57237
25.0305 30.9725 1.57239
25.0281 30.9781 1.57249
25.0299 30.9752 1.57243
25.0274 30.9808 1.57253
24.8996 31.0526 1.57644
24.897 31.0582 1.57655
24.8989 31.0553 1.57648
24.8962 31.061 1.57658
25.049 31.9856 1.56447
25.0466 31.9911 1.56456
25.0484 31.9883 1.5645
25.0459 31.9938 1.56459
24.9142 32.0658 1.56852
24.9116 32.0715 1.56862
24.9135 32.0686 1.56855
24.9107 32.0742 1.56865
25.0659 32.9502 1.57472
25.0634 32.9558 1.57482
25.0653 32.9529 1.57475
25.0627 32.9585 1.57486
24.9272 33.0307 1.5788
24.9245 33.0363 1.5789
24.9265 33.0334 1.57883
24.9237 33.039 1.57894
25.0609 33.9653 1.56735
25.0584 33.9709 1.56747
25.0603 33.968 1.56739
25.0577 33.9736 1.56751
24.9183 34.0459 1.57147
24.9155 34.0515 1.5716
24.9175 34.0486 1.57152
24.9146 34.0542 1.57165
25.0503 34.9685 1.56723
25.0477 34.9741 1.56735
25.0497 34.9712 1.56728
25.0469 34.9768 1.5674
24.9035 35.0491 1.57141
24.9007 35.0548 1.57153
24.9028 35.0519 1.57146
24.8998 35.0575 1.57158
25.0539 35.9601 1.58882
25.0512 35.9658 1.58891
25.0532 35.9629 1.58885
25.0504 35.9685 1.58894
24.9029 36.0408 1.59301
24.9 36.0465 1.5931
24.9022 36.0436 1.59303
24.8991 36.0493 1.59313
25.0657 36.9634 1.58358
25.063 36.969 1.58364
25.0651 36.9661 1.58359
25.0622 36.9717 1.58365
24.9106 37.0442 1.58777
24.9076 37.0499 1.58783
24.9098 37.047 1.58778
24.9066 37.0527 1.58785
25.0662 37.9464 1.57548
25.0634 37.9521 1.57551
25.0656 37.9492 1.57547
25.0626 37.9548 1.57551
24.907 38.0274 1.57967
24.9039 38.0331 1.57971
24.9062 38.0301 1.57967
24.903 38.0358 1.57971
25.0622 38.9366 1.5678
25.0594 38.9422 1.56782
25.0615 38.9393 1.56778
25.0586 38.945 1.56781
24.8987 39.0175 1.57199
24.8957 39.0233 1.57201
24.898 39.0203 1.57198
24.8947 39.0261 1.57201
25.0809 39.9532 1.55845
25.0781 39.9588 1.55846
25.0803 39.9559 1.55843
25.0773 39.9616 1.55845
24.9132 40.0343 1.56264
24.9101 40.04 1.56266
24.9125 40.0371 1.56262
24.9092 40.0428 1.56265
25.0524 40.9389 1.56274
25.0496 40.9446 1.56275
25.0518 40.9417 1.56272
25.0489 40.9474 1.56273
24.8806 41.02 1.56693
24.8775 41.0258 1.56695
24.8799 41.0228 1.56691
24.8766 41.0286 1.56693
25.0679 41.906 1.56122
25.0651 41.9117 1.56124
25.0673 41.9087 1.56121
25.0644 41.9144 1.56123
24.892 41.9872 1.56541
24.8889 41.993 1.56543
24.8913 41.99 1.5654
24.8881 41.9958 1.56543
25.0555 42.9076 1.55742
25.0528 42.9134 1.55745
25.055 42.9104 1.55741
25.0521 42.9161 1.55744
24.8754 42.9889 1.56161
24.8724 42.9947 1.56164
24.8748 42.9917 1.5616
24.8716 42.9975 1.56164
25.0613 43.9052 1.56526
25.0586 43.9109 1.5653
25.0608 43.908 1.56526
25.0579 43.9137 1.5653
24.8771 43.9866 1.56944
24.874 43.9924 1.56949
24.8764 43.9894 1.56944
24.8732 43.9952 1.5695
25.0738 44.9162 1.57779
25.0711 44.922 1.57786
25.0733 44.919 1.57781
25.0704 44.9248 1.57788
24.8853 44.9977 1.58197
24.8822 45.0036 1.58204
24.8847 45.0006 1.58199
24.8814 45.0064 1.58206
25.0535 45.9138 1.58296
25.0507 45.9196 1.58306
25.0531 45.9166 1.583
25.0501 45.9224 1.5831
24.8608 45.9953 1.58713
24.8577 46.0012 1.58724
24.8602 45.9981 1.58717
24.8569 46.004 1.58727
25.0481 46.9102 1.57488
25.0452 46.916 1.57502
25.0476 46.913 1.57494
25.0446 46.9188 1.57508
24.8513 46.9917 1.57904
24.8481 46.9976 1.57919
24.8506 46.9946 1.5791
24.8472 47.0004 1.57924
25.0074 47.885 1.57604
25.0045 47.8908 1.57622
25.0069 47.8878 1.57612
25.0037 47.8936 1.5763
24.8065 47.9664 1.58019
24.8032 47.9723 1.58037
24.8059 47.9693 1.58027
24.8023 47.9751 1.58046
25.01 48.8635 1.57705
25.0069 48.8693 1.57726
25.0094 48.8663 1.57715
25.0061 48.8721 1.57735
24.8051 48.945 1.58122
24.8016 48.9509 1.58143
24.8043 48.9479 1.58131
24.8006 48.9538 1.58152
24.999 49.8566 1.56737
24.9957 49.8625 1.56757
24.9983 49.8595 1.56746
24.9948 49.8653 1.56767
24.7899 49.9381 1.57153
24.7862 49.944 1.57174
24.7891 49.941 1.57163
24.7852 49.9468 1.57183
23.996 49.8512 -3.13852
23.9927 49.8568 -3.13833
23.9954 49.8539 -3.13843
23.9919 49.8595 -3.13824
23.787 49.9285 -3.13438
23.7833 49.9341 -3.13418
23.7862 49.9312 -3.13429
23.7823 49.9369 -3.13409
22.9994 49.8628 3.13409
22.9961 49.8682 3.13426
22.9987 49.8654 3.13417
22.9953 49.8708 3.13434
22.7904 49.9359 3.13818
22.7867 49.9414 3.13836
22.7896 49.9386 3.13826
22.7857 49.944 3.13844
21.9998 49.8368 3.12642
21.9966 49.842 3.12658
21.9992 49.8393 3.12649
21.9958 49.8445 3.12665
21.791 49.9058 3.13048
21.7874 49.911 3.13064
21.7902 49.9083 3.13055
21.7864 49.9136 3.13072
20.9901 49.8647 3.12603
20.9869 49.8698 3.12618
20.9895 49.8672 3.12609
20.9861 49.8722 3.12625
20.7812 49.9296 3.13005
20.7777 49.9347 3.13021
20.7805 49.9321 3.13012
20.7767 49.9372 3.13028
20.0028 49.8649 3.11124
19.9996 49.8697 3.11139
20.0022 49.8672 3.11131
19.9988 49.8721 3.11146
19.7939 49.9258 3.11524
19.7904 49.9307 3.1154
19.7932 49.9282 3.11531
19.7894 49.9331 3.11547
18.9969 49.8805 3.12467
18.9937 49.8852 3.12482
18.9963 49.8828 3.12474
18.9929 49.8875 3.12489
18.788 49.9374 3.12867
18.7844 49.9421 3.12882
18.7872 49.9397 3.12873
18.7835 49.9445 3.12889
17.9985 49.8927 3.13121
17.9953 49.8973 3.13135
17.9979 49.895 3.13127
17.9945 49.8995 3.13141
17.7895 49.9456 3.13518
17.786 49.9502 3.13533
17.7888 49.9479 3.13524
17.785 49.9525 3.13539
16.9893 49.9034 3.12842
16.9861 49.9078 3.12855
16.9887 49.9056 3.12847
16.9854 49.91 3.1286
16.7803 49.9523 3.13236
16.7768 49.9568 3.1325
16.7796 49.9545 3.13242
16.7759 49.959 3.13256
15.9787 49.934 3.13874
15.9757 49.9382 3.13886
15.9782 49.9361 3.13878
15.9749 49.9403 3.1389
15.7697 49.9789 -3.14057
15.7662 49.9832 -3.14045
15.769 49.9811 -3.14052
15.7653 49.9853 -3.1404
15.0051 49.9492 -3.13376
15.002 49.9534 -3.13366
15.0046 49.9513 -3.13373
15.0013 49.9554 -3.13362
14.796 49.9904 -3.12993
14.7926 49.9946 -3.12982
14.7953 49.9925 -3.12989
14.7917 49.9967 -3.12978
13.9945 49.9142 -3.13513
13.9915 49.9182 -3.13503
13.994 49.9162 -3.1351
13.9908 49.9202 -3.135
13.7856 49.9515 -3.13131
13.7822 49.9555 -3.1312
13.7849 49.9535 -3.13127
13.7813 49.9576 -3.13116
12.9914 49.9406 -3.13783
12.9884 49.9445 -3.13774
12.9909 49.9426 -3.1378
12.9877 49.9465 -3.13771
12.7824 49.974 -3.13403
12.7791 49.978 -3.13394
12.7818 49.9761 -3.134
12.7782 49.98 -3.13391
11.9823 49.9109 -3.13943
11.9794 49.9147 -3.13935
11.9818 49.9129 -3.13941
11.9787 49.9167 -3.13933
11.7734 49.9406 -3.13565
11.7701 49.9444 -3.13557
11.7728 49.9426 -3.13562
11.7693 49.9464 -3.13554
10.9731 49.9197 3.13804
10.9702 49.9234 3.1381
10.9727 49.9216 3.13806
10.9695 49.9253 3.13812
10.7642 49.9456 -3.14138
10.7609 49.9493 -3.14131
10.7636 49.9475 -3.14137
10.7601 49.9512 -3.14129
9.98282 49.9218 -3.14099
9.97993 49.9255 -3.14094
9.98238 49.9237 -3.14098
9.97927 49.9274 -3.14092
9.77393 49.944 -3.13724
9.77068 49.9476 -3.13717
9.77335 49.9459 -3.13722
9.76988 49.9495 -3.13716
8.97396 49.9145 -3.13533
8.9711 49.9182 -3.13529
8.97354 49.9164 -3.13533
8.97046 49.92 -3.13528
8.76512 49.9329 -3.13159
8.7619 49.9365 -3.13154
8.76456 49.9348 -3.13158
8.76111 49.9384 -3.13153
7.98784 49.9103 3.13911
7.98501 49.9138 3.13915
7.98744 49.9122 3.13911
7.98439 49.9157 3.13915
7.77901 49.925 -3.14035
7.77582 49.9285 -3.14031
7.77847 49.9269 -3.14035
7.77505 49.9304 -3.1403
6.98416 49.911 -3.13372
6.98135 49.9145 -3.13369
6.98377 49.9129 -3.13373
6.98073 49.9164 -3.13369
6.77532 49.922 -3.13001
6.77215 49.9255 -3.12997
6.77479 49.9239 -3.13001
6.77139 49.9274 -3.12997
5.97977 49.9239 -3.13355
5.97698 49.9274 -3.13353
5.97939 49.9258 -3.13356
5.97638 49.9292 -3.13354
5.77086 49.9311 -3.12987
5.76771 49.9346 -3.12984
5.77034 49.9331 -3.12988
5.76696 49.9365 -3.12985
4.97849 49.8905 -3.13259
4.97574 49.894 -3.13259
4.97813 49.8924 -3.13261
4.97516 49.8959 -3.1326
4.76972 49.8942 -3.1289
4.76661 49.8976 -3.12889
4.76922 49.8961 -3.12892
4.76589 49.8995 -3.1289
3.99876 49.8945 -3.13327
3.99604 49.8979 -3.13327
3.99842 49.8964 -3.13329
3.99549 49.8998 -3.13329
3.78996 49.8946 -3.1296
3.78688 49.898 -3.1296
3.78948 49.8965 -3.12962
3.78618 49.8999 -3.12962
2.99647 49.8794 -3.13763
2.99381 49.8829 -3.13766
2.99617 49.8814 -3.13767
2.99328 49.8848 -3.13769
2.78752 49.876 -3.13413
2.78449 49.8795 -3.13415
2.78707 49.878 -3.13416
2.78382 49.8814 -3.13418
2.00039 49.8913 -3.14041
1.99778 49.8948 -3.14046
2.00012 49.8933 -3.14046
1.99727 49.8967 -3.1405
1.79126 49.8844 -3.13698
1.78828 49.8879 -3.13701
1.79084 49.8864 -3.13702
1.78762 49.8898 -3.13705
0.988505 49.8722 -3.13999
0.985948 49.8758 -3.14005
0.988263 49.8743 -3.14005
0.985476 49.8778 -3.14011
0.77926 49.862 -3.13661
0.776338 49.8656 -3.13667
0.778874 49.8641 -3.13667
0.775714 49.8675 -3.13672
-0.0215909 49.8891 3.1415
-0.0241078 49.8927 3.14142
-0.0218088 49.8912 3.14144
-0.0245575 49.8947 3.14136
-0.230997 49.8755 -3.13832
-0.23388 49.8791 -3.13839
-0.231359 49.8776 -3.13839
-0.234481 49.8811 -3.13845
-1.03639 49.8922 -3.12568
-1.03883 49.8959 -3.12578
-1.03656 49.8943 -3.12576
-1.03924 49.898 -3.12586
-1.246 49.8754 -3.1223
-1.24882 49.879 -3.1224
-1.24632 49.8775 -3.12238
-1.24938 49.8811 -3.12247
-2.03977 49.8906 -3.12099
-2.04216 49.8944 -3.1211
-2.03991 49.8929 -3.12108
-2.04254 49.8966 -3.12119
-2.24951 49.8706 -3.11757
-2.25227 49.8743 -3.11768
-2.2498 49.8728 -3.11766
-2.25281 49.8764 -3.11776
-3.03868 49.8788 -3.13753
-3.04101 49.8827 -3.13766
-3.03879 49.8811 -3.13763
-3.04135 49.8849 -3.13775
-3.24855 49.8555 -3.13402
-3.25124 49.8593 -3.13415
-3.2488 49.8578 -3.13412
-3.25174 49.8616 -3.13424
-4.02381 49.8921 3.13916
-4.02605 49.8961 3.13901
-4.02386 49.8945 3.13905
-4.02634 49.8984 3.1389
-4.23388 49.8657 -3.14037
-4.2365 49.8696 -3.14051
-4.23409 49.8681 -3.14048
-4.23695 49.8719 -3.14061
-5.02404 49.8659 3.13164
-5.02624 49.87 3.13146
-5.02407 49.8684 3.13151
-5.02651 49.8725 3.13134
-5.23427 49.8358 3.13535
-5.23684 49.8399 3.13519
-5.23445 49.8383 3.13523
-5.23727 49.8423 3.13507
-6.01014 49.8989 3.1341
-6.01228 49.9032 3.13391
-6.01013 49.9015 3.13396
-6.01252 49.9058 3.13377
-6.22072 49.8653 3.13791
-6.22324 49.8695 3.13773
-6.22087 49.8679 3.13777
-6.22364 49.872 3.1376
-7.02697 49.8952 -3.13402
-7.02909 49.8998 -3.13423
-7.02695 49.898 -3.13417
-7.02931 49.9025 -3.13437
-7.23766 49.8578 -3.13016
-7.24016 49.8622 -3.13036
-7.23779 49.8606 -3.1303
-7.24055 49.8649 -3.13049
-8.02847 49.918 -3.12134
-8.03057 49.9228 -3.12155
-8.02844 49.921 -3.12149
-8.03079 49.9256 -3.1217
-8.23932 49.8768 -3.11743
-8.24181 49.8814 -3.11764
-8.23944 49.8797 -3.11758
-8.24218 49.8842 -3.11778
-9.01581 49.909 -3.1384
-9.0179 49.914 -3.13862
-9.01577 49.9121 -3.13856
-9.01811 49.917 -3.13877
-9.2267 49.8639 -3.13445
-9.22917 49.8688 -3.13466
-9.22681 49.867 -3.1346
-9.22954 49.8717 -3.1348
-10.0249 49.9228 3.13926
-10.0269 49.928 3.13903
-10.0248 49.926 3.13909
-10.0271 49.9311 3.13887
-10.236 49.8737 -3.13985
-10.2384 49.8788 -3.14007
-10.2361 49.8769 -3.14001
-10.2388 49.8819 -3.14022
-11.0151 49.9332 3.14153
-11.0171 49.9386 3.14128
-11.015 49.9366 3.14136
-11.0173 49.9419 3.14112
-11.2264 49.8801 -3.13749
-11.2288 49.8854 -3.13773
-11.2265 49.8835 -3.13766
-11.2292 49.8887 -3.13789
-11.9959 49.9132 3.13946
-11.9979 49.9189 3.13919
-11.9958 49.9168 3.13927
-11.998 49.9223 3.13902
-12.2073 49.8561 -3.1395
-12.2097 49.8616 -3.13975
-12.2073 49.8597 -3.13968
-12.21 49.865 -3.13991
-12.9841 49.9318 3.1317
-12.986 49.9378 3.13143
-12.9839 49.9356 3.13151
-12.9862 49.9414 3.13125
-13.1958 49.8705 3.13602
-13.1981 49.8763 3.13576
-13.1958 49.8743 3.13583
-13.1984 49.8799 3.13558
-13.9914 49.935 3.13423
-13.9934 49.9412 3.13394
-13.9913 49.939 3.13403
-13.9935 49.945 3.13375
-14.2034 49.8693 3.13863
-14.2057 49.8754 3.13836
-14.2034 49.8732 3.13844
-14.206 49.8791 3.13817
-15.0103 49.8879 3.13007
-15.0122 49.8945 3.12978
-15.0101 49.8921 3.12987
-15.0123 49.8985 3.12958
-15.2223 49.8177 3.13456
-15.2246 49.8241 3.13427
-15.2223 49.8219 3.13436
-15.2248 49.828 3.13408
-16.0124 49.921 3.13326
-16.0142 49.9279 3.13296
-16.0122 49.9255 3.13305
-16.0143 49.9321 3.13276
-16.2246 49.8463 3.13777
-16.2269 49.853 3.13748
-16.2246 49.8507 3.13757
-16.2271 49.8571 3.13729
-17.0258 49.9556 -3.1413
-17.0276 49.9628 3.14159
-17.0256 49.9603 -3.14151
-17.0277 49.9672 3.14139
-17.2384 49.8763 -3.13675
-17.2406 49.8833 -3.13704
-17.2384 49.8809 -3.13695
-17.2409 49.8876 -3.13723
-18.0233 49.9448 -3.1381
-18.0251 49.9523 -3.13839
-18.0231 49.9497 -3.1383
-18.0251 49.9569 -3.13858
-18.2362 49.8609 -3.13352
-18.2384 49.8682 -3.13379
-18.2361 49.8657 -3.13371
-18.2386 49.8727 -3.13398
-19.0254 49.9724 3.13333
-19.0271 49.9802 3.13305
-19.0251 49.9775 3.13313
-19.0271 49.985 3.13287
-19.2388 49.8839 3.13794
-19.2409 49.8914 3.13768
-19.2387 49.8889 3.13775
-19.241 49.8962 3.1375
-20.0151 49.9489 -3.14151
-20.0168 49.957 3.1414
-20.0148 49.9542 3.14149
-20.0168 49.962 3.14123
-20.2287 49.8558 -3.13684
-20.2308 49.8636 -3.1371
-20.2286 49.861 -3.13702
-20.2309 49.8685 -3.13727
-21.0273 49.9538 3.14055
-21.029 49.9622 3.14028
-21.027 49.9593 3.14037
-21.029 49.9674 3.14011
-21.241 49.856 -3.13794
-21.2431 49.8641 -3.1382
-21.2409 49.8614 -3.13812
-21.2433 49.8692 -3.13836
-22.0116 49.9369 3.12683
-22.0133 49.9456 3.12657
-22.0113 49.9426 3.12665
-22.0132 49.9509 3.1264
-22.2254 49.8344 3.13154
-22.2274 49.8428 3.13129
-22.2253 49.84 3.13137
-22.2276 49.8481 3.13113
-23.031 49.9289 3.13411
-23.0326 49.9378 3.13385
-23.0307 49.9347 3.13394
-23.0326 49.9434 3.13369
-23.2448 49.8215 3.13885
-23.2469 49.8302 3.1386
-23.2447 49.8273 3.13868
-23.247 49.8357 3.13845
-24.0168 49.9673 3.13264
-24.0185 49.9765 3.13238
-24.0165 49.9734 3.13247
-24.0184 49.9822 3.13222
-24.231 49.8553 3.13739
-24.233 49.8642 3.13715
-24.2308 49.8613 3.13722
-24.2331 49.8698 3.13699
-25.0146 49.9449 3.13671
-25.0162 49.9544 3.13646
-25.0143 49.9511 3.13655
-25.0162 49.9603 3.13631
-25.2287 49.8281 3.1415
-25.2308 49.8373 3.14126
-25.2286 49.8343 3.14133
-25.2309 49.8431 3.14111
-26.0158 49.9477 -3.14003
-26.0174 49.9574 -3.14028
-26.0155 49.9541 -3.1402
-26.0173 49.9635 -3.14043
-26.23 49.8261 -3.1351
-26.2321 49.8354 -3.13534
-26.2299 49.8323 -3.13527
-26.2322 49.8414 -3.13549
-27.0234 49.9489 3.14
-27.025 49.9589 3.13975
-27.0231 49.9554 3.13984
-27.025 49.965 3.13961
-27.2379 49.8222 -3.13807
-27.2399 49.8318 -3.1383
-27.2377 49.8286 -3.13823
-27.2401 49.8379 -3.13844
-28.0087 49.9516 3.1374
-28.0103 49.9618 3.13715
-28.0084 49.9583 3.13724
-28.0103 49.9681 3.13701
-28.2234 49.8197 -3.14051
-28.2254 49.8296 -3.14073
-28.2233 49.8263 -3.14066
-28.2256 49.8358 -3.14087
-29.0286 49.9854 -3.13508
-29.0302 49.9958 -3.13532
-29.0283 49.9923 -3.13523
-29.0302 50.0023 -3.13546
-29.2435 49.8481 -3.12973
-29.2456 49.8582 -3.12996
-29.2434 49.8548 -3.12988
-29.2457 49.8645 -3.13009
-30.0112 49.9727 -3.13752
-30.0128 49.9834 -3.13778
-30.0109 49.9797 -3.13767
-30.0128 49.99 -3.13791
-30.2262 49.8301 -3.13207
-30.2282 49.8404 -3.13231
-30.2261 49.8369 -3.13221
-30.2284 49.8468 -3.13243
-31.0018 49.9736 -3.1318
-31.0034 49.9845 -3.13204
-31.0015 49.9808 -3.13195
-31.0034 49.9913 -3.13217
-31.2169 49.8255 -3.12625
-31.219 49.8361 -3.12647
-31.2168 49.8325 -3.12639
-31.2191 49.8427 -3.12659
-31.9979 49.9632 -3.12488
-31.9996 49.9744 -3.12511
-31.9976 49.9705 -3.12503
-31.9995 49.9813 -3.12524
-32.2131 49.8095 -3.11925
-32.2152 49.8203 -3.11946
-32.213 49.8167 -3.11938
-32.2154 49.827 -3.11958
-32.99 49.9426 -3.13389
-32.9916 49.954 -3.13411
-32.9897 49.9501 -3.13403
-32.9916 49.961 -3.13424
-33.2052 49.7833 -3.12818
-33.2073 49.7942 -3.12839
-33.2051 49.7906 -3.12832
-33.2075 49.8011 -3.12851
-33.9804 49.9512 -3.13693
-33.9821 49.9629 -3.13715
-33.9801 49.9588 -3.13707
-33.9821 49.97 -3.13727
-34.1959 49.7861 -3.13116
-34.198 49.7973 -3.13136
-34.1958 49.7936 -3.13128
-34.1982 49.8043 -3.13147
-35.0001 49.8954 -3.13576
-35.0017 49.9072 -3.13597
-34.9998 49.9031 -3.13589
-35.0017 49.9145 -3.13609
-35.2154 49.7243 -3.12992
-35.2175 49.7357 -3.13012
-35.2153 49.7319 -3.13005
-35.2177 49.7428 -3.13022
-36.0048 49.9324 -3.1409
-36.0064 49.9445 -3.14111
-36.0045 49.9403 -3.14102
-36.0064 49.9519 -3.14121
-36.2205 49.7555 -3.13502
-36.2226 49.7671 -3.13521
-36.2204 49.7631 -3.13514
-36.2228 49.7742 -3.13531
-37.0127 49.9317 3.1282
-37.0143 49.944 3.128
-37.0124 49.9397 3.12808
-37.0143 49.9514 3.12789
-37.2286 49.7487 3.13409
-37.2307 49.7605 3.13391
-37.2285 49.7565 3.13398
-37.2309 49.7678 3.13381
-38.0256 49.9537 3.13374
-38.0273 49.9662 3.13354
-38.0254 49.9618 3.13362
-38.0273 49.9737 3.13343
-38.2418 49.7647 3.13963
-38.2438 49.7767 3.13944
-38.2417 49.7726 3.13952
-38.244 49.784 3.13935
-39.0261 49.9884 -3.14141
-39.0278 50.0011 3.14158
-39.0259 49.9966 -3.14153
-39.0278 50.0088 3.14147
-39.2426 49.7935 -3.13554
-39.2447 49.8056 -3.13572
-39.2426 49.8015 -3.13565
-39.2449 49.8131 -3.13582
-40.0014 50.0131 -3.13404
-40.0031 50.026 -3.13423
-40.0012 50.0214 -3.13415
-40.0031 50.0337 -3.13433
-40.2182 49.8124 -3.12821
-40.2203 49.8247 -3.12838
-40.2182 49.8205 -3.12831
-40.2205 49.8322 -3.12848
-41.015 50.0307 -3.13509
-41.0166 50.0438 -3.13528
-41.0147 50.0391 -3.1352
-41.0166 50.0516 -3.13538
-41.232 49.824 -3.12929
-41.234 49.8365 -3.12947
-41.2319 49.8322 -3.1294
-41.2342 49.8441 -3.12956
-42.0172 49.9979 3.12281
-42.0188 50.0112 3.12262
-42.0169 50.0065 3.1227
-42.0188 50.0191 3.12252
-42.2341 49.7854 3.12856
-42.2362 49.7981 3.12839
-42.2341 49.7937 3.12846
-42.2364 49.8058 3.1283
-43.0232 50.0146 3.13479
-43.0248 50.0281 3.1346
-43.0229 50.0233 3.13468
-43.0248 50.0362 3.13451
-43.2403 49.7963 3.14049
-43.2424 49.8092 3.14032
-43.2403 49.8048 3.14039
-43.2426 49.817 3.14024
-44.0188 50.0295 3.14023
-44.0204 50.0432 3.14005
-44.0185 50.0383 3.14012
-44.0204 50.0513 3.13995
-44.2362 49.8054 -3.13735
-44.2382 49.8185 -3.13752
-44.2361 49.814 -3.13745
-44.2385 49.8264 -3.1376
-44.9865 50.0404 3.1392
-44.9881 50.0542 3.13902
-44.9862 50.0492 3.1391
-44.9881 50.0624 3.13893
-45.2041 49.8108 -3.1385
-45.2062 49.824 -3.13866
-45.2041 49.8194 -3.1386
-45.2064 49.8319 -3.13875
-45.9491 50.0308 3.14099
-45.9506 50.0448 3.14082
-45.9488 50.0397 3.14089
-45.9507 50.0531 3.14073
-46.1668 49.7959 -3.13682
-46.1689 49.8092 -3.13697
-46.1668 49.8046 -3.13691
-46.1691 49.8173 -3.13706
-46.9765 50.0378 3.1368
-46.9781 50.052 3.13663
-46.9763 50.0469 3.1367
-46.9781 50.0604 3.13655
-47.1944 49.7974 -3.14113
-47.1965 49.8109 -3.14128
-47.1944 49.8062 -3.14122
-47.1967 49.819 -3.14136
-47.9666 50.0425 3.13572
-47.9682 50.0568 3.13555
-47.9663 50.0517 3.13562
-47.9682 50.0653 3.13547
-48.1847 49.7968 3.14085
-48.1867 49.8105 3.1407
-48.1846 49.8057 3.14076
-48.187 49.8187 3.14062
-48.9785 50.0407 3.13941
-48.9801 50.0552 3.13925
-48.9783 50.05 3.13931
-48.9801 50.0638 3.13916
-49.1967 49.7898 -3.13878
-49.1988 49.8036 -3.13892
-49.1967 49.7988 -3.13887
-49.199 49.8119 -3.139
-50.0078 50.0626 3.13989
-50.0093 50.0773 3.13974
-50.0075 50.072 3.13979
-50.0094 50.086 3.13965
-50.2262 49.8065 -3.13844
-50.2283 49.8205 -3.13858
-50.2262 49.8156 -3.13853
-50.2285 49.8289 -3.13866
-50.0124 49.0549 -1.57072
-50.0141 49.0696 -1.57087
-50.0122 49.0643 -1.57082
-50.0142 49.0783 -1.57096
-50.2261 48.7988 -1.56597
-50.2283 48.8128 -1.56611
-50.2262 48.8079 -1.56606
-50.2286 48.8211 -1.56619
-50.0243 48.0272 -1.5663
-50.0261 48.0419 -1.56645
-50.0242 48.0366 -1.56639
-50.0264 48.0505 -1.56653
-50.2334 47.7709 -1.56169
-50.2357 47.7849 -1.56182
-50.2336 47.78 -1.56177
-50.2361 47.7932 -1.5619
-49.999 46.9999 -1.57656
-50.001 47.0146 -1.5767
-49.999 47.0093 -1.57665
-50.0013 47.0233 -1.57678
-50.2035 46.7437 -1.57199
-50.2059 46.7577 -1.57212
-50.2037 46.7528 -1.57207
-50.2064 46.766 -1.57219
-50.0023 46.0077 -1.57206
-50.0045 46.0223 -1.5722
-50.0025 46.017 -1.57215
-50.0048 46.031 -1.57228
-50.2025 45.7514 -1.56749
-50.2051 45.7653 -1.56762
-50.2028 45.7605 -1.56757
-50.2056 45.7737 -1.56769
-50.0035 44.9893 -1.57489
-50.0057 45.004 -1.57503
-50.0037 44.9987 -1.57497
-50.0062 45.0126 -1.5751
-50.199 44.733 -1.57029
-50.2017 44.7469 -1.57042
-50.1995 44.7421 -1.57037
-50.2024 44.7553 -1.57049
-50.0184 43.9921 -1.57092
-50.0208 44.0068 -1.57106
-50.0187 44.0015 -1.57101
-50.0214 44.0154 -1.57114
-50.2095 43.7357 -1.56636
-50.2123 43.7497 -1.56649
-50.21 43.7448 -1.56644
-50.213 43.758 -1.56657
-50.0209 43.0008 -1.5755
-50.0234 43.0155 -1.57565
-50.0213 43.0102 -1.57559
-50.024 43.0241 -1.57573
-50.2075 42.7444 -1.57095
-50.2104 42.7584 -1.57109
-50.208 42.7535 -1.57104
-50.2112 42.7667 -1.57116
-50.0333 41.9816 -1.56889
-50.0361 41.9963 -1.56904
-50.0338 41.991 -1.56898
-50.0368 42.005 -1.56912
-50.2154 41.7252 -1.56438
-50.2185 41.7391 -1.56452
-50.216 41.7343 -1.56447
-50.2193 41.7475 -1.5646
-50.0286 40.9908 -1.56899
-50.0315 41.0055 -1.56915
-50.0292 41.0002 -1.56908
-50.0323 41.0141 -1.56923
-50.2062 40.7343 -1.5645
-50.2095 40.7482 -1.56464
-50.207 40.7434 -1.56459
-50.2104 40.7566 -1.56472
-50.0281 39.9953 -1.57498
-50.0311 40.01 -1.57514
-50.0287 40.0047 -1.57508
-50.032 40.0186 -1.57522
-50.2012 39.7388 -1.57051
-50.2046 39.7527 -1.57066
-50.2021 39.7479 -1.5706
-50.2056 39.7611 -1.57074
-50.0282 38.9964 -1.56807
-50.0314 39.011 -1.56823
-50.029 39.0057 -1.56816
-50.0323 39.0197 -1.56832
-50.197 38.7398 -1.56361
-50.2005 38.7537 -1.56376
-50.1979 38.7489 -1.5637
-50.2016 38.7621 -1.56385
-50.0327 37.9984 -1.56892
-50.036 38.0131 -1.56908
-50.0335 38.0078 -1.56901
-50.0371 38.0217 -1.56917
-50.197 37.7418 -1.56445
-50.2007 37.7557 -1.56461
-50.198 37.7509 -1.56455
-50.2019 37.7641 -1.5647
-50.045 36.9945 -1.57799
-50.0485 37.0092 -1.57817
-50.0459 37.0039 -1.57809
-50.0496 37.0178 -1.57826
-50.2049 36.7379 -1.57346
-50.2088 36.7518 -1.57362
-50.2061 36.747 -1.57355
-50.2101 36.7602 -1.57371
-50.0329 35.9976 -1.58348
-50.0366 36.0123 -1.58367
-50.0339 36.007 -1.58359
-50.0378 36.0209 -1.58376
-50.1883 35.741 -1.57901
-50.1923 35.7549 -1.57918
-50.1895 35.75 -1.57911
-50.1937 35.7632 -1.57927
-50.0436 34.9854 -1.58031
-50.0474 35.0001 -1.58049
-50.0447 34.9947 -1.58041
-50.0488 35.0087 -1.58059
-50.1945 34.7287 -1.57579
-50.1987 34.7426 -1.57597
-50.1958 34.7378 -1.5759
-50.2002 34.7509 -1.57606
-50.0451 33.9907 -1.57465
-50.0492 34.0054 -1.57486
-50.0464 34 -1.57477
-50.0506 34.014 -1.57497
-50.1917 33.7339 -1.5702
-50.1961 33.7478 -1.5704
-50.1931 33.7429 -1.57031
-50.1976 33.7561 -1.5705
-50.0592 32.9849 -1.57114
-50.0635 32.9995 -1.57135
-50.0606 32.9942 -1.57126
-50.065 33.0082 -1.57146
-50.2013 32.7279 -1.56671
-50.2059 32.7418 -1.5669
-50.2028 32.737 -1.56682
-50.2076 32.7502 -1.56701
-50.0605 31.9902 -1.57723
-50.0651 32.0049 -1.57745
-50.0621 31.9996 -1.57736
-50.0667 32.0135 -1.57756
-50.1983 31.7333 -1.5728
-50.2031 31.7472 -1.57301
-50.1999 31.7423 -1.57292
-50.2049 31.7555 -1.57312
-50.0582 30.9903 -1.56725
-50.0629 31.0049 -1.56749
-50.0598 30.9996 -1.56739
-50.0647 31.0136 -1.56762
-50.1915 30.7332 -1.56283
-50.1965 30.7471 -1.56306
-50.1933 30.7423 -1.56296
-50.1985 30.7554 -1.56318
-50.0571 29.9993 -1.5662
-50.0621 30.014 -1.56647
-50.0589 30.0087 -1.56635
-50.0641 30.0226 -1.5666
-50.1861 29.7422 -1.5618
-50.1914 29.756 -1.56205
-50.188 29.7512 -1.56194
-50.1934 29.7644 -1.56218
-50.0507 29.0049 -1.57465
-50.056 29.0196 -1.57493
-50.0527 29.0143 -1.57481
-50.0581 29.0282 -1.57508
-50.1754 28.7477 -1.57025
-50.181 28.7616 -1.57052
-50.1775 28.7567 -1.5704
-50.1832 28.7699 -1.57066
-50.0671 27.9967 -1.57883
-50.0728 28.0113 -1.57913
-50.0693 28.006 -1.57899
-50.075 28.0199 -1.57929
-50.1874 27.7393 -1.57443
-50.1933 27.7532 -1.57472
-50.1897 27.7483 -1.57459
-50.1956 27.7615 -1.57487
-50.0732 27.01 -1.57663
-50.0791 27.0247 -1.57695
-50.0755 27.0193 -1.5768
-50.0815 27.0333 -1.57711
-50.1891 26.7525 -1.57225
-50.1953 26.7663 -1.57255
-50.1915 26.7615 -1.57242
-50.1978 26.7746 -1.57272
-50.0603 26.0154 -1.57492
-50.0665 26.03 -1.57526
-50.0628 26.0247 -1.5751
-50.0691 26.0386 -1.57544
-50.1719 25.7578 -1.57056
-50.1784 25.7716 -1.57089
-50.1745 25.7668 -1.57074
-50.181 25.7799 -1.57107
-50.0709 25.0073 -1.57167
-50.0775 25.0219 -1.57201
-50.0736 25.0166 -1.57186
-50.0803 25.0305 -1.5722
-50.1782 24.7497 -1.56731
-50.185 24.7635 -1.56765
-50.181 24.7587 -1.5675
-50.1878 24.7718 -1.56782
-50.0815 24.0298 -1.5716
-50.0885 24.0444 -1.57198
-50.0844 24.0391 -1.57181
-50.0914 24.053 -1.57217
-50.1845 23.772 -1.56726
-50.1917 23.7858 -1.56763
-50.1875 23.781 -1.56746
-50.1947 23.7941 -1.56782
-50.072 23.025 -1.57114
-50.0794 23.0396 -1.57154
-50.0751 23.0343 -1.57136
-50.0826 23.0481 -1.57176
-50.1708 22.767 -1.5668
-50.1783 22.7808 -1.5672
-50.174 22.776 -1.56702
-50.1816 22.789 -1.56741
-50.0626 22.0243 -1.57292
-50.0705 22.0388 -1.57336
-50.066 22.0335 -1.57316
-50.0739 22.0474 -1.57359
-50.1571 21.7661 -1.56859
-50.1651 21.7799 -1.56901
-50.1605 21.7751 -1.56882
-50.1686 21.7881 -1.56924
-50.06 21.0311 -1.57145
-50.0683 21.0457 -1.57192
-50.0636 21.0404 -1.5717
-50.0719 21.0542 -1.57217
-50.1502 20.7727 -1.56709
-50.1586 20.7865 -1.56755
-50.1538 20.7817 -1.56734
-50.1623 20.7947 -1.56779
-50.0688 20.0241 -1.56838
-50.0777 20.0387 -1.56887
-50.0727 20.0334 -1.56864
-50.0816 20.0472 -1.56912
-50.1547 19.7657 -1.56402
-50.1636 19.7794 -1.56449
-50.1586 19.7746 -1.56427
-50.1676 19.7876 -1.56473
-50.0631 19.0098 -1.57449
-50.0724 19.0243 -1.57499
-50.0672 19.019 -1.57476
-50.0765 19.0328 -1.57525
-50.1445 18.7512 -1.5701
-50.1539 18.765 -1.57058
-50.1487 18.7602 -1.57036
-50.1581 18.7732 -1.57084
-50.0756 18.0226 -1.57612
-50.0854 18.0371 -1.57666
-50.08 18.0318 -1.57641
-50.0898 18.0456 -1.57693
-50.1526 17.7637 -1.57166
-50.1625 17.7774 -1.57218
-50.1571 17.7727 -1.57194
-50.167 17.7856 -1.57245
-50.0817 17.0121 -1.57311
-50.0921 17.0266 -1.57367
-50.0864 17.0214 -1.57341
-50.0968 17.0351 -1.57395
-50.1542 16.7531 -1.5686
-50.1647 16.7668 -1.56915
-50.159 16.7621 -1.56889
-50.1695 16.775 -1.56942
-50.0845 16.0123 -1.56036
-50.0954 16.0268 -1.56095
-50.0895 16.0215 -1.56066
-50.1004 16.0353 -1.56124
-50.1525 15.7531 -1.55576
-50.1635 15.7668 -1.55633
-50.1576 15.762 -1.55606
-50.1686 15.7749 -1.55662
-50.0627 14.9994 -1.55968
-50.0743 15.0139 -1.56028
-50.0681 15.0086 -1.55999
-50.0796 15.0223 -1.56057
-50.1262 14.7402 -1.55503
-50.1378 14.7538 -1.55561
-50.1315 14.7491 -1.55533
-50.1431 14.762 -1.5559
-49.0629 15.02 0.00913746
-49.0745 15.0339 0.00853436
-49.0683 15.0289 0.00883143
-49.0798 15.042 0.00824013
-49.1265 14.7655 0.0138404
-49.1381 14.7785 0.0132557
-49.1318 14.774 0.0135408
-49.1434 14.7864 0.0129682
-48.0664 15.0187 0.0106259
-48.0779 15.032 0.010036
-48.0717 15.0273 0.0103358
-48.0832 15.0399 0.00975836
-48.1302 14.769 0.0155473
-48.1418 14.7815 0.014977
-48.1356 14.7773 0.0152644
-48.1471 14.7891 0.0147068
-47.0647 15.0127 0.00535957
-47.0757 15.0256 0.00505106
-47.0697 15.0212 0.00524411
-47.0807 15.0334 0.0049475
-47.1287 14.7685 0.0108508
-47.1397 14.7807 0.0105622
-47.1338 14.7767 0.0107437
-47.1448 14.7882 0.0104674
-46.0671 15.0409 0.0105002
-46.0775 15.0538 0.0104222
-46.0718 15.0494 0.0105227
-46.0823 15.0616 0.0104563
-46.1314 14.8028 0.016413
-46.142 14.815 0.0163547
-46.1363 14.8111 0.0164448
-46.1467 14.8225 0.0163985
-45.0681 15.0579 -0.0114967
-45.078 15.0709 -0.0114048
-45.0726 15.0666 -0.0113741
-45.0825 15.0789 -0.0112711
-45.1327 14.8263 -0.0053091
-45.1427 14.8386 -0.00519782
-45.1373 14.8347 -0.0051768
-45.1473 14.8464 -0.00505394
-44.0645 15.0392 0.00915184
-44.0739 15.0526 0.00935041
-44.0687 15.0482 0.00933422
-44.0781 15.0609 0.00954341
-44.1292 14.8144 0.0154685
-44.1387 14.8271 0.015686
-44.1335 14.8231 0.0156606
-44.143 14.8352 0.0158893
-43.0606 15.0232 0.00246255
-43.0694 15.037 0.00270319
-43.0645 15.0325 0.00266444
-43.0734 15.0456 0.00291515
-43.1254 14.8053 0.00876253
-43.1344 14.8184 0.0090219
-43.1294 14.8143 0.00897398
-43.1384 14.8269 0.00924392
-42.0505 15.0144 -0.00653452
-42.0588 15.0287 -0.00630239
-42.0541 15.024 -0.00635358
-42.0625 15.0377 -0.00611162
-42.1155 14.8034 -0.000398234
-42.1239 14.8171 -0.000148971
-42.1192 14.8129 -0.000208326
-42.1277 14.8259 5.1243e-05
-41.0459 15.0093 -0.0107678
-41.0538 15.0241 -0.0106175
-41.0493 15.0193 -0.0106466
-41.0572 15.0334 -0.010487
-41.1111 14.8051 -0.00494182
-41.119 14.8193 -0.0047749
-41.1146 14.8149 -0.00481251
-41.1225 14.8284 -0.00463592
-40.0405 14.9991 -0.0135148
-40.0478 15.0143 -0.0134953
-40.0436 15.0094 -0.0134938
-40.0509 15.024 -0.013465
-40.1058 14.8014 -0.00814583
-40.1132 14.816 -0.00811147
-40.109 14.8115 -0.0081181
-40.1164 14.8254 -0.00807405
-39.034 14.9803 -0.0140895
-39.041 14.9957 -0.0141099
-39.037 14.9907 -0.0141092
-39.044 15.0055 -0.0141198
-39.0997 14.7883 -0.00882135
-39.1067 14.8031 -0.00882733
-39.1027 14.7985 -0.00883473
-39.1098 14.8127 -0.00883049
-38.0102 14.9663 -0.0164787
-38.0167 14.9818 -0.0166047
-38.0129 14.9767 -0.0165801
-38.0195 14.9916 -0.0166946
-38.0761 14.7801 -0.0112522
-38.0828 14.795 -0.0113633
-38.079 14.7904 -0.0113476
-38.0857 14.8047 -0.0114469
-36.9953 14.9528 -0.0163273
-37.0014 14.9681 -0.0164569
-36.9978 14.9631 -0.0164365
-37.004 14.9779 -0.0165543
-37.0614 14.7728 -0.0111802
-37.0676 14.7876 -0.0112954
-37.064 14.783 -0.0112837
-37.0703 14.7972 -0.011387
-36.0326 14.9524 -0.00745811
-36.0382 14.9675 -0.00757448
-36.0349 14.9626 -0.00756045
-36.0406 14.9771 -0.00766669
-36.0989 14.7782 -0.00259176
-36.1046 14.7928 -0.00269554
-36.1013 14.7882 -0.00268935
-36.107 14.8022 -0.00278269
-35.0317 14.9397 -0.00358158
-35.0372 14.9547 -0.00370984
-35.0339 14.9497 -0.0036932
-35.0395 14.9641 -0.00381069
-35.0981 14.7705 0.00135512
-35.1037 14.785 0.00123981
-35.1004 14.7804 0.00124836
-35.106 14.7943 0.00114413
-34.0259 14.9636 -0.00345419
-34.0313 14.9784 -0.00358724
-34.0281 14.9735 -0.00356988
-34.0335 14.9878 -0.00369194
-34.0925 14.7996 0.00150298
-34.098 14.8139 0.00138295
-34.0948 14.8094 0.00139213
-34.1003 14.8232 0.0012834
-33.0325 14.9284 -0.0029824
-33.0377 14.9431 -0.00315695
-33.0346 14.9382 -0.00312603
-33.0399 14.9523 -0.00328848
-33.0992 14.7697 0.00207381
-33.1046 14.7839 0.00191289
-33.1014 14.7793 0.0019351
-33.1068 14.793 0.00178661
-32.0633 14.9358 0.0123113
-32.0683 14.9501 0.0120117
-32.0653 14.9453 0.0120775
-32.0703 14.9592 0.0117957
-32.1303 14.7826 0.0179287
-32.1354 14.7965 0.0176455
-32.1323 14.792 0.0177005
-32.1375 14.8054 0.0174355
-31.0709 14.931 0.0274183
-31.0756 14.9449 0.0270271
-31.0727 14.9402 0.0271191
-31.0775 14.9536 0.0267498
-31.1381 14.7841 0.0334271
-31.1429 14.7976 0.0330541
-31.14 14.7932 0.033134
-31.1449 14.8062 0.0327833
-30.0831 14.9326 0.0126212
-30.0874 14.946 0.0121721
-30.0847 14.9414 0.0122817
-30.0891 14.9543 0.0118568
-30.1505 14.7923 0.0188519
-30.155 14.8053 0.018422
-30.1523 14.801 0.0185186
-30.1568 14.8136 0.0181134
-29.0755 14.9248 0.0162046
-29.0796 14.9376 0.01573
-29.077 14.9331 0.0158498
-29.0812 14.9455 0.0154002
-29.1432 14.7915 0.0224849
-29.1474 14.8039 0.0220296
-29.1448 14.7997 0.0221363
-29.149 14.8117 0.0217065
-28.0626 14.9955 0.00685634
-28.0664 15.0077 0.00639597
-28.0639 15.0034 0.00651434
-28.0678 15.0152 0.00607788
-28.1309 14.8693 0.0130085
-28.1348 14.8811 0.0125668
-28.1323 14.8771 0.0126724
-28.1363 14.8885 0.0122551
-27.0437 15.0044 0.00983896
-27.0472 15.016 0.00942795
-27.0449 15.0119 0.00953584
-27.0484 15.0231 0.00914595
-27.1123 14.8851 0.0156877
-27.1159 14.8964 0.0152938
-27.1136 14.8925 0.01539
-27.1172 14.9034 0.0150176
-26.0549 15.0035 0.00646355
-26.0581 15.0145 0.00613758
-26.056 15.0105 0.00622407
-26.0592 15.0212 0.00591461
-26.1238 14.8906 0.0118396
-26.1271 14.9013 0.0115282
-26.1249 14.8976 0.0116048
-26.1283 14.908 0.0113103
-25.0574 15.0183 0.0047811
-25.0604 15.029 0.0044263
-25.0583 15.0251 0.00452628
-25.0615 15.0355 0.00418816
-25.1265 14.9112 0.0101923
-25.1297 14.9216 0.00985224
-25.1275 14.9179 0.00994218
-25.1308 14.9279 0.00961921
-24.0491 14.9993 0.0106548
-24.052 15.0095 0.0102815
-24.05 15.0058 0.0103924
-24.053 15.0157 0.0100353
-24.1183 14.8979 0.0160173
-24.1213 14.9079 0.0156586
-24.1192 14.9043 0.0157596
-24.1223 14.914 0.0154174
-23.045 15.0253 0.00603067
-23.0478 15.035 0.00558996
-23.0458 15.0314 0.00573318
-23.0487 15.0409 0.0053091
-23.1144 14.9298 0.0114372
-23.1172 14.9393 0.0110115
-23.1153 14.9358 0.0111443
-23.1182 14.9451 0.0107357
-22.0455 15.066 0.00267559
-22.0481 15.0751 0.00212384
-22.0463 15.0717 0.00231558
-22.049 15.0806 0.0017821
-22.1148 14.9763 0.00826628
-22.1175 14.9852 0.00773034
-22.1156 14.9819 0.00791094
-22.1184 14.9906 0.0073937
-21.0417 15.0753 -0.000380788
-21.0441 15.0837 -0.000998548
-21.0424 15.0806 -0.000779561
-21.0449 15.0888 -0.00137824
-21.1106 14.9916 0.00528722
-21.1132 14.9999 0.00468583
-21.1114 14.9969 0.00489311
-21.114 15.0049 0.00431123
-20.0464 15.0796 -0.000513292
-20.0488 15.0872 -0.00115836
-20.0471 15.0844 -0.00092744
-20.0495 15.0918 -0.00155334
-20.1151 15.002 0.00512577
-20.1176 15.0095 0.00449713
-20.1158 15.0067 0.00471619
-20.1183 15.014 0.00410715
-19.0556 15.0287 0.0149526
-19.0578 15.0356 0.0143169
-19.0562 15.033 0.0145457
-19.0585 15.0397 0.0139285
-19.1237 14.9571 0.0204522
-19.126 14.9638 0.0198326
-19.1243 14.9614 0.0200497
-19.1267 14.9679 0.019449
-18.054 15.0287 0.0087071
-18.0561 15.0348 0.00811962
-18.0546 15.0325 0.00833086
-18.0567 15.0385 0.00776048
-18.1218 14.9631 0.0139598
-18.124 14.9691 0.0133874
-18.1224 14.9669 0.0135877
-18.1246 14.9726 0.0130328
-17.0441 15.0177 -0.00223281
-17.046 15.023 -0.00273221
-17.0446 15.021 -0.00255484
-17.0466 15.0262 -0.0030392
-17.1115 14.9578 0.00266324
-17.1136 14.963 0.00217754
-17.1121 14.9611 0.00234512
-17.1142 14.9661 0.00187481
-16.0409 15.0011 -0.00547681
-16.0427 15.0058 -0.00584833
-16.0414 15.004 -0.00572111
-16.0433 15.0086 -0.00608047
-16.1079 14.9466 -0.0010473
-16.1098 14.9512 -0.0014069
-16.1084 14.9495 -0.00128805
-16.1104 14.9539 -0.00163521
-15.0069 15.0203 0.000417017
-15.0086 15.0244 0.000205377
-15.0074 15.0228 0.000271
-15.0091 15.0269 6.78446e-05
-15.0737 14.9708 0.00427088
-15.0755 14.9748 0.00406832
-15.0742 14.9733 0.00412772
-15.076 14.9772 0.00393387
-14.0292 15.0059 0.00115435
-14.0308 15.0098 0.000992329
-14.0296 15.0083 0.00104026
-14.0313 15.0121 0.000885301
-14.0957 14.9601 0.00475268
-14.0974 14.9639 0.00459867
-14.0962 14.9625 0.00464117
-14.098 14.9662 0.00449442
-13.0284 15.0138 -0.00179324
-13.03 15.0175 -0.00190809
-13.0289 15.016 -0.00187845
-13.0305 15.0196 -0.00198738
-13.0948 14.9714 0.00159981
-13.0965 14.975 0.00149206
-13.0953 14.9736 0.00151694
-13.097 14.9772 0.00141528
-12.0288 15.0142 -0.0224216
-12.0304 15.0178 -0.0225117
-12.0292 15.0164 -0.0224915
-12.0309 15.0199 -0.0225763
-12.0951 14.9752 -0.0191541
-12.0968 14.9787 -0.0192376
-12.0955 14.9773 -0.0192218
-12.0973 14.9808 -0.0192999
-11.03 14.9721 -0.0116299
-11.0316 14.9756 -0.0116944
-11.0305 14.9742 -0.0116841
-11.0321 14.9776 -0.0117438
-11.096 14.9362 -0.00846599
-11.0977 14.9396 -0.00852425
-11.0965 14.9383 -0.00851806
-11.0982 14.9416 -0.00857143
-10.036 14.9955 -0.00437953
-10.0375 14.999 -0.00441723
-10.0364 14.9976 -0.00441769
-10.038 15.001 -0.00445113
-10.1019 14.9627 -0.00129538
-10.1036 14.9661 -0.0013272
-10.1024 14.9647 -0.00133145
-10.1041 14.968 -0.00135886
-9.03485 15.0043 -0.00925987
-9.03641 15.0077 -0.00929343
-9.03527 15.0063 -0.00929469
-9.03689 15.0096 -0.00932429
-9.10084 14.9744 -0.00629758
-9.10249 14.9777 -0.00632559
-9.1013 14.9764 -0.00633043
-9.10301 14.9796 -0.00635435
-8.02079 15.0093 -0.00333949
-8.02234 15.0127 -0.00337349
-8.0212 15.0113 -0.0033743
-8.02282 15.0146 -0.00340439
-8.0868 14.9822 -0.000399809
-8.08846 14.9854 -0.000428318
-8.08726 14.9841 -0.000432663
-8.08898 14.9873 -0.000457131
-7.05775 15.0216 -0.000954059
-7.05929 15.0249 -0.000981583
-7.05816 15.0235 -0.000983128
-7.05976 15.0267 -0.00100738
-7.12389 14.9964 0.00174035
-7.12552 14.9997 0.00171761
-7.12434 14.9984 0.00171295
-7.12604 15.0015 0.00169359
-6.08121 15.0226 0.00126539
-6.08273 15.0259 0.00124312
-6.08162 15.0245 0.00123967
-6.0832 15.0277 0.0012205
-6.14739 14.9997 0.00392593
-6.14901 15.0029 0.00390829
-6.14783 15.0016 0.00390183
-6.14951 15.0047 0.0038874
-5.07112 14.9942 -0.000361948
-5.07263 14.9975 -0.000372669
-5.07152 14.9961 -0.000382122
-5.07309 14.9993 -0.000389623
-5.13724 14.9737 0.00246469
-5.13885 14.9769 0.00245891
-5.13769 14.9756 0.0024463
-5.13936 14.9787 0.00244385
-5.05542 16.0096 1.56893
-5.05693 16.0129 1.56893
-5.05581 16.0115 1.56892
-5.05738 16.0147 1.56891
-5.12462 15.9888 1.5718
-5.12624 15.992 1.5718
-5.12506 15.9907 1.57179
-5.12674 15.9939 1.57179
-5.042 17.0181 1.56028
-5.04351 17.0214 1.56028
-5.04237 17.02 1.56026
-5.04395 17.0232 1.56027
-5.11423 16.9972 1.56323
-5.11585 17.0004 1.56324
-5.11465 16.9991 1.56322
-5.11634 17.0022 1.56323
-5.04001 18.0112 1.56964
-5.04153 18.0145 1.56965
-5.04038 18.0131 1.56963
-5.04197 18.0163 1.56964
-5.11536 17.99 1.57266
-5.117 17.9932 1.57267
-5.11578 17.9919 1.57265
-5.11748 17.995 1.57266
-5.04448 19.0017 1.57256
-5.04601 19.005 1.57256
-5.04484 19.0036 1.57255
-5.04644 19.0069 1.57256
-5.12304 18.9801 1.57558
-5.1247 18.9833 1.57559
-5.12345 18.982 1.57557
-5.12518 18.9852 1.57559
-5.06979 19.9998 1.58524
-5.07134 20.0032 1.58525
-5.07014 20.0018 1.58523
-5.07177 20.005 1.58525
-5.15152 19.9781 1.58834
-5.1532 19.9813 1.58835
-5.15192 19.98 1.58833
-5.15368 19.9832 1.58835
-5.07153 20.9942 1.59166
-5.07311 20.9975 1.59168
-5.07188 20.9961 1.59166
-5.07354 20.9994 1.59168
-5.15648 20.9723 1.59479
-5.15818 20.9756 1.59482
-5.15688 20.9742 1.59479
-5.15867 20.9775 1.59481
-5.05878 22.0108 1.57954
-5.06038 22.0141 1.57955
-5.05913 22.0127 1.57953
-5.06081 22.016 1.57955
-5.147 21.9889 1.58268
-5.14874 21.9922 1.5827
-5.14741 21.9908 1.58268
-5.14923 21.994 1.5827
-5.10462 23.0003 1.56977
-5.10628 23.0036 1.56981
-5.10498 23.0022 1.56978
-5.10673 23.0055 1.56981
-5.19655 22.9777 1.57308
-5.19835 22.981 1.57312
-5.19697 22.9796 1.57309
-5.19886 22.9828 1.57313
-5.08829 23.9745 1.56305
-5.09002 23.9779 1.56309
-5.08868 23.9765 1.56306
-5.0905 23.9798 1.5631
-5.18404 23.9514 1.56638
-5.18592 23.9547 1.56642
-5.18449 23.9534 1.56639
-5.18647 23.9566 1.56643
-5.09152 24.9995 1.56089
-5.09334 25.003 1.56095
-5.09194 25.0015 1.56091
-5.09385 25.0049 1.56097
-5.19106 24.9764 1.56448
-5.19304 24.9797 1.56455
-5.19154 24.9784 1.5645
-5.19361 24.9816 1.56457
-5.05696 26.0013 1.56724
-5.05892 26.0048 1.56731
-5.05744 26.0034 1.56725
-5.0595 26.0068 1.56733
-5.16081 25.9778 1.57112
-5.16294 25.9812 1.5712
-5.16136 25.9799 1.57114
-5.16359 25.9832 1.57123
-5.05391 27.016 1.54657
-5.05604 27.0196 1.54663
-5.05445 27.0181 1.54658
-5.05668 27.0217 1.54665
-5.16243 26.992 1.55057
-5.16473 26.9955 1.55064
-5.16304 26.9941 1.55059
-5.16545 26.9975 1.55066
-5.0377 28.0087 1.54984
-5.03998 28.0124 1.54987
-5.0383 28.0109 1.54983
-5.04068 28.0145 1.54986
-5.15092 27.9842 1.55378
-5.15337 27.9878 1.55381
-5.15159 27.9864 1.55377
-5.15416 27.9899 1.55382
-5.04919 29.0086 1.56748
-5.05153 29.0122 1.56749
-5.0498 29.0107 1.56746
-5.05225 29.0144 1.56748
-5.16675 28.9836 1.57123
-5.16928 28.9872 1.57125
-5.16744 28.9858 1.57122
-5.17008 28.9893 1.57124
-5.02949 30.0244 1.56685
-5.03186 30.0281 1.56686
-5.0301 30.0266 1.56683
-5.03258 30.0302 1.56684
-5.15105 29.9994 1.57057
-5.15361 30.003 1.57058
-5.15173 30.0016 1.57055
-5.15442 30.0051 1.57057
-5.03276 31.0264 1.55666
-5.03515 31.0301 1.55667
-5.03336 31.0286 1.55664
-5.03587 31.0322 1.55666
-5.1582 31.0014 1.56052
-5.1608 31.0051 1.56054
-5.15888 31.0036 1.56051
-5.1616 31.0072 1.56053
-5.01955 32.0313 1.57112
-5.02196 32.0351 1.57113
-5.02014 32.0336 1.5711
-5.02268 32.0372 1.57112
-5.14903 32.0065 1.57508
-5.15167 32.0102 1.5751
-5.14971 32.0087 1.57507
-5.15247 32.0123 1.57509
-5.03169 33.0415 1.57062
-5.03415 33.0453 1.57065
-5.03228 33.0438 1.57061
-5.03487 33.0475 1.57065
-5.1654 33.0163 1.57487
-5.16808 33.02 1.5749
-5.16608 33.0185 1.57486
-5.16889 33.0222 1.57491
-5.03463 34.0117 1.56566
-5.03713 34.0155 1.5657
-5.03523 34.014 1.56566
-5.03786 34.0177 1.56571
-5.17268 33.9862 1.57015
-5.17541 33.9899 1.5702
-5.17337 33.9884 1.57015
-5.17624 33.9921 1.57021
-5.04562 35.0132 1.59633
-5.04818 35.017 1.59638
-5.04622 35.0155 1.59634
-5.04892 35.0193 1.59639
-5.18838 34.9872 1.601
-5.19117 34.991 1.60105
-5.18908 34.9895 1.601
-5.19202 34.9932 1.60107
-5.06505 36.0079 1.58704
-5.06767 36.0118 1.58709
-5.06567 36.0102 1.58705
-5.06844 36.014 1.5871
-5.21266 35.9815 1.59183
-5.21554 35.9853 1.59189
-5.21338 35.9838 1.59184
-5.21641 35.9875 1.5919
-5.09963 37.0288 1.58914
-5.10232 37.0327 1.58919
-5.10026 37.0311 1.58915
-5.10311 37.0349 1.5892
-5.25234 37.0019 1.59399
-5.25529 37.0057 1.59405
-5.25308 37.0042 1.594
-5.25619 37.0079 1.59406
-5.11851 38.0267 1.59234
-5.12127 38.0307 1.59238
-5.11916 38.0291 1.59234
-5.12208 38.0329 1.59238
-5.27628 37.9994 1.5972
-5.27931 38.0033 1.59724
-5.27704 38.0018 1.5972
-5.28023 38.0055 1.59725
-5.12139 39.0041 1.60196
-5.1242 39.0081 1.60198
-5.12204 39.0065 1.60195
-5.12502 39.0104 1.60198
-5.28412 38.9764 1.60677
-5.28721 38.9803 1.6068
-5.28489 38.9788 1.60676
-5.28815 38.9826 1.6068
-5.13872 39.9559 1.60242
-5.14157 39.9599 1.60243
-5.13938 39.9583 1.6024
-5.1424 39.9623 1.60241
-5.30625 39.9278 1.60713
-5.30939 39.9317 1.60714
-5.30702 39.9302 1.60711
-5.31034 39.934 1.60713
-5.17334 40.9321 1.56856
-5.17622 40.9361 1.56854
-5.17399 40.9345 1.56852
-5.17704 40.9385 1.56852
-5.34568 40.9035 1.5731
-5.34885 40.9074 1.5731
-5.34645 40.9059 1.57307
-5.34981 40.9097 1.57308
-5.13504 41.9424 1.56393
-5.13793 41.9464 1.56389
-5.13567 41.9448 1.56388
-5.13874 41.9488 1.56385
-5.3122 41.9136 1.56827
-5.31539 41.9176 1.56824
-5.31295 41.916 1.56822
-5.31633 41.9199 1.5682
-5.07879 42.9547 1.57427
-5.08166 42.9588 1.5742
-5.07938 42.9572 1.5742
-5.08244 42.9612 1.57414
-5.26056 42.9258 1.57834
-5.26374 42.9298 1.57828
-5.26128 42.9283 1.57828
-5.26466 42.9322 1.57822
-5.07867 43.9567 1.56762
-5.08147 43.9608 1.56753
-5.0792 43.9592 1.56755
-5.0822 43.9632 1.56747
-5.26466 43.9277 1.57159
-5.26778 43.9317 1.57151
-5.26532 43.9302 1.57152
-5.26865 43.9341 1.57145
-5.03559 44.9371 1.56852
-5.03831 44.9412 1.56843
-5.03605 44.9396 1.56844
-5.03898 44.9436 1.56836
-5.22556 44.908 1.57249
-5.22861 44.912 1.5724
-5.22615 44.9105 1.57241
-5.22941 44.9144 1.57234
-5.02289 45.9183 1.57516
-5.02553 45.9225 1.57506
-5.02328 45.9208 1.57507
-5.02613 45.9248 1.57498
-5.21684 45.8891 1.5791
-5.21981 45.8931 1.57901
-5.21736 45.8916 1.57902
-5.22055 45.8955 1.57894
-5.02596 46.943 1.56694
-5.0285 46.9471 1.56683
-5.02626 46.9455 1.56685
-5.02902 46.9495 1.56675
-5.22404 46.9136 1.57084
-5.22692 46.9176 1.57074
-5.22448 46.916 1.57076
-5.22759 46.92 1.57067
-5.00862 47.9335 1.56872
-5.01107 47.9376 1.56859
-5.00885 47.936 1.56862
-5.01153 47.94 1.5685
-5.21089 47.9039 1.57261
-5.2137 47.908 1.57249
-5.21126 47.9064 1.57252
-5.2143 47.9103 1.5724
-5.01595 48.9183 1.56375
-5.01829 48.9225 1.5636
-5.01609 48.9208 1.56363
-5.01867 48.9249 1.56349
-5.22238 48.8885 1.56756
-5.22509 48.8925 1.56741
-5.22266 48.891 1.56744
-5.22561 48.8949 1.56731
-5.00255 49.9108 1.56797
-5.00472 49.915 1.56779
-5.00256 49.9133 1.56784
-5.00497 49.9174 1.56767
-5.213 49.881 1.57178
-5.21555 49.8851 1.5716
-5.21316 49.8836 1.57165
-5.21595 49.8875 1.57148
-6.02387 49.8923 3.14033
-6.02601 49.8967 3.14014
-6.02386 49.895 3.14019
-6.02625 49.8992 3.14
-6.23443 49.8587 -3.13902
-6.23695 49.863 -3.13921
-6.23457 49.8614 -3.13916
-6.23734 49.8655 -3.13934
-7.01159 49.897 3.13332
-7.01372 49.9015 3.13312
-7.01158 49.8998 3.13318
-7.01395 49.9042 3.13299
-7.22222 49.8596 3.13716
-7.22472 49.864 3.13697
-7.22235 49.8624 3.13702
-7.22511 49.8667 3.13683
-8.01199 49.8844 3.13065
-8.01408 49.8891 3.13044
-8.01196 49.8873 3.1305
-8.0143 49.8919 3.1303
-8.22271 49.8433 3.13457
-8.22519 49.8479 3.13437
-8.22283 49.8462 3.13442
-8.22556 49.8507 3.13423
-9.02253 49.9075 -3.13739
-9.02462 49.9125 -3.13762
-9.02249 49.9106 -3.13755
-9.02483 49.9155 -3.13777
-9.23343 49.8625 -3.13342
-9.23591 49.8673 -3.13364
-9.23355 49.8655 -3.13358
-9.23628 49.8702 -3.13379
-10.008 49.8964 3.13951
-10.01 49.9015 3.13928
-10.0079 49.8996 3.13934
-10.0102 49.9046 3.13912
-10.2191 49.8475 -3.13958
-10.2215 49.8525 -3.1398
-10.2191 49.8507 -3.13975
-10.2218 49.8556 -3.13995
-11.0047 49.9085 3.13334
-11.0067 49.914 3.13309
-11.0046 49.912 3.13316
-11.0068 49.9172 3.13292
-11.216 49.8556 3.13754
-11.2184 49.8609 3.1373
-11.216 49.859 3.13737
-11.2187 49.8641 3.13713
-12.0138 49.9204 3.13396
-12.0158 49.9261 3.1337
-12.0137 49.924 3.13378
-12.0159 49.9295 3.13353
-12.2252 49.8632 3.13818
-12.2276 49.8687 3.13793
-12.2253 49.8668 3.138
-12.2279 49.8721 3.13777
-12.9943 49.9387 3.13687
-12.9962 49.9446 3.13661
-12.9942 49.9424 3.13669
-12.9964 49.9482 3.13643
-13.2058 49.8773 3.14113
-13.2082 49.8831 3.14088
-13.2059 49.8811 3.14095
-13.2085 49.8867 3.14071
-13.9969 49.9204 3.13731
-13.9988 49.9266 3.13702
-13.9967 49.9244 3.13711
-13.9989 49.9304 3.13683
-14.2087 49.8547 -3.14149
-14.211 49.8608 3.14142
-14.2087 49.8586 3.1415
-14.2113 49.8645 3.14124
-15.0142 49.9338 3.13595
-15.016 49.9403 3.13566
-15.014 49.938 3.13575
-15.0161 49.9443 3.13546
-15.2263 49.8636 3.14041
-15.2286 49.87 3.14013
-15.2263 49.8678 3.14021
-15.2289 49.8739 3.13994
-16.0074 49.9524 3.13164
-16.0093 49.9592 3.13134
-16.0072 49.9568 3.13143
-16.0093 49.9634 3.13114
-16.22 49.8777 3.13616
-16.2222 49.8844 3.13587
-16.2199 49.8821 3.13596
-16.2224 49.8885 3.13568
-17.0069 49.9407 3.1387
-17.0087 49.9479 3.13841
-17.0067 49.9453 3.1385
-17.0087 49.9523 3.13821
-17.2194 49.8615 -3.13994
-17.2216 49.8684 -3.14022
-17.2194 49.8661 -3.14014
-17.2219 49.8728 -3.14041
-17.9975 49.9317 3.13438
-17.9993 49.9392 3.13408
-17.9973 49.9366 3.13417
-17.9994 49.9438 3.13389
-18.2101 49.848 3.13893
-18.2123 49.8552 3.13865
-18.2101 49.8528 3.13873
-18.2125 49.8598 3.13846
-19.0155 49.9493 3.13638
-19.0173 49.9571 3.13609
-19.0153 49.9544 3.13618
-19.0173 49.9619 3.13591
-19.2284 49.8609 3.14097
-19.2306 49.8684 3.14069
-19.2284 49.8659 3.14078
-19.2308 49.8732 3.14051
-20.0147 49.9488 3.13376
-20.0164 49.9569 3.13348
-20.0144 49.9541 3.13356
-20.0164 49.9619 3.1333
-20.2279 49.8557 3.13836
-20.23 49.8635 3.1381
-20.2278 49.8609 3.13818
-20.2302 49.8684 3.13793
-21.0164 49.9256 3.1375
-21.018 49.9339 3.13724
-21.0161 49.931 3.13732
-21.018 49.9391 3.13707
-21.2297 49.8278 -3.14105
-21.2318 49.8359 -3.1413
-21.2296 49.8331 -3.14123
-21.232 49.841 -3.14147
-22.0162 49.933 3.13597
-22.0178 49.9417 3.13571
-22.0159 49.9387 3.13579
-22.0178 49.9471 3.13554
-22.2299 49.8305 3.14067
-22.2319 49.8389 3.14042
-22.2297 49.8361 3.1405
-22.2321 49.8442 3.14026
-23.0378 49.9335 -3.13709
-23.0395 49.9424 -3.13734
-23.0375 49.9393 -3.13726
-23.0394 49.948 -3.1375
-23.2517 49.8261 -3.13238
-23.2538 49.8348 -3.13262
-23.2516 49.8319 -3.13255
-23.2539 49.8402 -3.13278
-24.0274 49.9319 3.14012
-24.029 49.9411 3.13987
-24.0271 49.9379 3.13995
-24.029 49.9468 3.13971
-24.2414 49.8198 -3.1383
-24.2434 49.8287 -3.13854
-24.2413 49.8258 -3.13847
-24.2436 49.8344 -3.13869
-25.0091 49.9273 3.13186
-25.0107 49.9367 3.13161
-25.0088 49.9335 3.13169
-25.0107 49.9426 3.13145
-25.2232 49.8105 3.13673
-25.2252 49.8197 3.1365
-25.223 49.8166 3.13657
-25.2254 49.8254 3.13635
-26.0035 49.9595 3.13575
-26.0051 49.9692 3.1355
-26.0032 49.9658 3.13559
-26.0051 49.9752 3.13535
-26.2179 49.8378 3.14074
-26.2199 49.8472 3.1405
-26.2177 49.8441 3.14058
-26.2201 49.8532 3.14036
-27.0168 49.979 -3.13783
-27.0184 49.989 -3.13808
-27.0165 49.9855 -3.13799
-27.0184 49.9951 -3.13823
-27.2314 49.8523 -3.1327
-27.2335 49.8619 -3.13293
-27.2313 49.8587 -3.13285
-27.2336 49.868 -3.13307
-28.0279 49.9773 -3.13361
-28.0295 49.9875 -3.13386
-28.0276 49.984 -3.13377
-28.0295 49.9939 -3.134
-28.2427 49.8454 -3.12833
-28.2447 49.8552 -3.12856
-28.2426 49.852 -3.12848
-28.2449 49.8614 -3.12869
-29.0353 49.9724 -3.13248
-29.0369 49.9829 -3.13272
-29.035 49.9793 -3.13263
-29.0368 49.9893 -3.13285
-29.2501 49.8351 -3.12712
-29.2521 49.8452 -3.12734
-29.25 49.8418 -3.12727
-29.2523 49.8515 -3.12747
-30.0104 49.9759 -3.12799
-30.012 49.9866 -3.12821
-30.0101 49.9829 -3.12814
-30.0119 49.9932 -3.12834
-30.2254 49.8333 -3.12249
-30.2275 49.8437 -3.12269
-30.2253 49.8402 -3.12263
-30.2276 49.8501 -3.12282
-31.0209 49.9679 -3.12556
-31.0226 49.9789 -3.12578
-31.0206 49.9751 -3.1257
-31.0225 49.9856 -3.12591
-31.2361 49.8197 -3.11998
-31.2381 49.8303 -3.12019
-31.236 49.8268 -3.12011
-31.2383 49.8369 -3.12031
-31.9964 49.9578 -3.13424
-31.998 49.969 -3.13447
-31.9961 49.9651 -3.13438
-31.998 49.9758 -3.13459
-32.2117 49.8041 -3.12856
-32.2138 49.8149 -3.12877
-32.2116 49.8113 -3.12869
-32.214 49.8216 -3.12889
-32.9996 49.9512 -3.13472
-33.0012 49.9626 -3.13494
-32.9993 49.9586 -3.13485
-33.0012 49.9696 -3.13506
-33.215 49.7917 -3.12897
-33.2171 49.8027 -3.12917
-33.2149 49.799 -3.1291
-33.2173 49.8095 -3.12929
-33.9924 49.9036 -3.1391
-33.994 49.9153 -3.13932
-33.9921 49.9112 -3.13924
-33.994 49.9224 -3.13944
-34.2077 49.7385 -3.1333
-34.2098 49.7496 -3.13351
-34.2076 49.7459 -3.13343
-34.21 49.7566 -3.13361
-35.0109 49.9292 -3.1361
-35.0126 49.941 -3.13632
-35.0107 49.9369 -3.13623
-35.0126 49.9482 -3.13644
-35.2265 49.758 -3.13026
-35.2286 49.7694 -3.13046
-35.2264 49.7656 -3.13038
-35.2288 49.7764 -3.13057
-36.0105 49.9464 3.13446
-36.0121 49.9585 3.13424
-36.0102 49.9543 3.13433
-36.0121 49.9658 3.13413
-36.2263 49.7694 3.14033
-36.2284 49.781 3.14013
-36.2262 49.7771 3.14021
-36.2286 49.7881 3.14003
-37.0215 49.9588 3.13378
-37.0231 49.9711 3.13357
-37.0212 49.9667 3.13365
-37.0231 49.9785 3.13346
-37.2376 49.7757 3.13966
-37.2396 49.7875 3.13947
-37.2375 49.7835 3.13955
-37.2398 49.7948 3.13937
-38.0265 49.9669 3.12684
-38.0282 49.9794 3.12663
-38.0263 49.975 3.12672
-38.0282 49.987 3.12653
-38.2427 49.778 3.13272
-38.2448 49.7899 3.13254
-38.2426 49.7859 3.13261
-38.245 49.7973 3.13244
-39.0154 49.9691 3.12265
-39.017 49.9818 3.12245
-39.0151 49.9773 3.12253
-39.017 49.9895 3.12234
-39.2316 49.7743 3.12854
-39.2337 49.7865 3.12835
-39.2316 49.7824 3.12842
-39.2339 49.7939 3.12826
-40.0149 49.9818 -3.13625
-40.0165 49.9947 -3.13645
-40.0146 49.9901 -3.13637
-40.0165 50.0025 -3.13655
-40.2314 49.7811 -3.1304
-40.2334 49.7934 -3.13058
-40.2313 49.7892 -3.13051
-40.2337 49.8009 -3.13067
-41.0236 49.9857 -3.1403
-41.0252 49.9988 -3.1405
-41.0233 49.9941 -3.14042
-41.0252 50.0066 -3.1406
-41.2402 49.779 -3.13449
-41.2423 49.7915 -3.13467
-41.2402 49.7872 -3.1346
-41.2425 49.7991 -3.13476
-41.996 50.0182 -3.1386
-41.9976 50.0314 -3.13879
-41.9957 50.0267 -3.13871
-41.9976 50.0394 -3.13888
-42.2131 49.8057 -3.13287
-42.2151 49.8184 -3.13304
-42.213 49.814 -3.13297
-42.2153 49.8261 -3.13313
-43.0128 50.0232 -3.14035
-43.0144 50.0367 -3.14054
-43.0126 50.0319 -3.14046
-43.0144 50.0448 -3.14063
-43.2301 49.8049 -3.13471
-43.2322 49.8177 -3.13487
-43.2301 49.8133 -3.13481
-43.2324 49.8255 -3.13496
-44.0194 50.0329 3.1348
-44.021 50.0465 3.13462
-44.0191 50.0416 3.13469
-44.021 50.0547 3.13452
-44.2368 49.8088 3.1404
-44.2389 49.8218 3.14024
-44.2368 49.8173 3.1403
-44.2391 49.8297 3.14015
-45.0023 50.0276 3.14141
-45.0039 50.0415 3.14123
-45.0021 50.0365 3.1413
-45.0039 50.0497 3.14114
-45.2198 49.798 -3.13622
-45.2218 49.8112 -3.13638
-45.2197 49.8067 -3.13632
-45.2221 49.8192 -3.13647
-46.0004 50.0327 3.13169
-46.002 50.0467 3.13152
-46.0002 50.0417 3.13159
-46.002 50.055 3.13143
-46.2181 49.7975 3.13714
-46.2201 49.8108 3.13698
-46.218 49.8062 3.13704
-46.2204 49.8189 3.1369
-46.9951 50.0294 3.11317
-46.9967 50.0436 3.11301
-46.9948 50.0385 3.11307
-46.9967 50.052 3.11292
-47.2129 49.7888 3.11845
-47.215 49.8023 3.11829
-47.2129 49.7976 3.11835
-47.2152 49.8104 3.11821
-48.009 50.0647 3.13204
-48.0106 50.0791 3.13188
-48.0087 50.0739 3.13195
-48.0106 50.0876 3.1318
-48.2272 49.8186 3.13712
-48.2293 49.8322 3.13698
-48.2272 49.8275 3.13703
-48.2295 49.8404 3.1369
-49.0001 50.0697 -3.14131
-49.0017 50.0843 -3.14146
-48.9998 50.079 -3.1414
-49.0017 50.0928 -3.14155
-49.2186 49.8185 -3.13644
-49.2206 49.8323 -3.13659
-49.2185 49.8275 -3.13654
-49.2208 49.8406 -3.13667
-49.9842 50.0486 3.13982
-49.9858 50.0633 3.13967
-49.984 50.058 3.13972
-49.9858 50.072 3.13958
-50.2027 49.7926 -3.13862
-50.2047 49.8065 -3.13875
-50.2027 49.8017 -3.13871
-50.205 49.8149 -3.13883
-50.0137 49.0121 -1.56467
-50.0154 49.0268 -1.56482
-50.0136 49.0215 -1.56477
-50.0155 49.0355 -1.5649
-50.2273 48.7559 -1.56
-50.2295 48.7699 -1.56014
-50.2274 48.765 -1.56009
-50.2299 48.7782 -1.56022
-50.0155 48.0076 -1.56527
-50.0173 48.0223 -1.56542
-50.0154 48.017 -1.56536
-50.0176 48.031 -1.5655
-50.2245 47.7514 -1.56066
-50.2268 47.7653 -1.56079
-50.2247 47.7605 -1.56075
-50.2273 47.7737 -1.56087
-50.0168 46.9948 -1.56533
-50.0188 47.0095 -1.56548
-50.0168 47.0042 -1.56542
-50.0191 47.0182 -1.56556
-50.2213 46.7386 -1.56075
-50.2237 46.7525 -1.56088
-50.2215 46.7477 -1.56083
-50.2242 46.7609 -1.56096
-50.0157 45.9855 -1.56852
-50.0178 46.0002 -1.56866
-50.0158 45.9949 -1.5686
-50.0182 46.0088 -1.56874
-50.2158 45.7292 -1.56393
-50.2184 45.7431 -1.56406
-50.2161 45.7383 -1.56401
-50.2189 45.7515 -1.56413
-50.0284 45.0002 -1.57371
-50.0307 45.0149 -1.57385
-50.0287 45.0096 -1.57379
-50.0312 45.0236 -1.57392
-50.2241 44.7438 -1.56913
-50.2268 44.7577 -1.56926
-50.2245 44.7529 -1.56921
-50.2274 44.7661 -1.56933
-50.0338 44.0057 -1.57631
-50.0362 44.0204 -1.57645
-50.0341 44.0151 -1.57639
-50.0368 44.029 -1.57652
-50.225 43.7493 -1.57171
-50.2278 43.7632 -1.57184
-50.2255 43.7584 -1.57178
-50.2285 43.7716 -1.57191
-50.0203 42.9959 -1.56961
-50.0229 43.0106 -1.56975
-50.0207 43.0053 -1.56969
-50.0235 43.0193 -1.56983
-50.2069 42.7396 -1.56505
-50.2098 42.7535 -1.56519
-50.2074 42.7487 -1.56513
-50.2106 42.7619 -1.56526
-50.0092 42.0012 -1.57131
-50.0119 42.0159 -1.57146
-50.0096 42.0106 -1.5714
-50.0126 42.0245 -1.57154
-50.1912 41.7448 -1.56679
-50.1943 41.7588 -1.56693
-50.1919 41.7539 -1.56687
-50.1952 41.7671 -1.567
-50.0294 40.9935 -1.568
-50.0323 41.0082 -1.56815
-50.03 41.0029 -1.56809
-50.0331 41.0169 -1.56823
-50.207 40.7371 -1.56348
-50.2102 40.751 -1.56362
-50.2077 40.7462 -1.56357
-50.2112 40.7594 -1.5637
-50.0266 39.9852 -1.57251
-50.0296 39.9998 -1.57266
-50.0273 39.9945 -1.5726
-50.0305 40.0085 -1.57274
-50.1997 39.7287 -1.56801
-50.203 39.7426 -1.56816
-50.2005 39.7378 -1.5681
-50.2041 39.751 -1.56823
-50.0231 38.9843 -1.56822
-50.0262 38.999 -1.56838
-50.0238 38.9936 -1.56831
-50.0272 39.0076 -1.56846
-50.1917 38.7278 -1.56375
-50.1952 38.7417 -1.5639
-50.1926 38.7369 -1.56384
-50.1963 38.7501 -1.56398
-50.0378 37.9687 -1.56657
-50.0412 37.9834 -1.56674
-50.0387 37.9781 -1.56667
-50.0422 37.992 -1.56683
-50.202 37.7121 -1.56212
-50.2057 37.726 -1.56228
-50.203 37.7212 -1.56221
-50.2069 37.7344 -1.56236
-50.0244 36.9839 -1.57119
-50.0279 36.9986 -1.57137
-50.0254 36.9933 -1.57129
-50.029 37.0072 -1.57146
-50.1842 36.7273 -1.56673
-50.1881 36.7412 -1.5669
-50.1853 36.7364 -1.56683
-50.1893 36.7496 -1.56699
-50.0174 35.991 -1.57728
-50.0211 36.0056 -1.57747
-50.0184 36.0003 -1.57739
-50.0223 36.0143 -1.57758
-50.1728 35.7343 -1.57283
-50.1768 35.7482 -1.57301
-50.174 35.7434 -1.57293
-50.1782 35.7566 -1.57311
-50.055 35.0167 -1.57636
-50.0589 35.0314 -1.57655
-50.0562 35.026 -1.57647
-50.0602 35.04 -1.57666
-50.2061 34.7599 -1.57189
-50.2103 34.7738 -1.57207
-50.2074 34.769 -1.572
-50.2118 34.7821 -1.57217
-50.0535 34.0043 -1.58026
-50.0576 34.019 -1.58047
-50.0548 34.0136 -1.58038
-50.059 34.0276 -1.58059
-50.2001 33.7474 -1.57582
-50.2045 33.7613 -1.57601
-50.2016 33.7564 -1.57593
-50.2061 33.7696 -1.57612
-50.057 33.0065 -1.56986
-50.0613 33.0211 -1.5701
-50.0584 33.0158 -1.57
-50.0628 33.0297 -1.57022
-50.1992 32.7494 -1.56544
-50.2038 32.7633 -1.56567
-50.2008 32.7585 -1.56557
-50.2055 32.7716 -1.56579
-50.0646 32.0077 -1.56886
-50.0691 32.0224 -1.5691
-50.0661 32.017 -1.56899
-50.0707 32.031 -1.56923
-50.2024 31.7506 -1.56444
-50.2072 31.7644 -1.56468
-50.2041 31.7596 -1.56458
-50.209 31.7728 -1.5648
-50.0495 31.0135 -1.57414
-50.0543 31.0282 -1.5744
-50.0512 31.0229 -1.57429
-50.0561 31.0368 -1.57454
-50.183 30.7564 -1.56974
-50.188 30.7703 -1.56998
-50.1848 30.7655 -1.56988
-50.1899 30.7786 -1.57011
-50.0566 29.9787 -1.57717
-50.0616 29.9933 -1.57743
-50.0584 29.988 -1.57731
-50.0636 30.0019 -1.57756
-50.1855 29.7215 -1.57275
-50.1908 29.7354 -1.573
-50.1874 29.7306 -1.57289
-50.1929 29.7437 -1.57313
-50.0454 28.9993 -1.57492
-50.0508 29.014 -1.57519
-50.0474 29.0087 -1.57507
-50.0528 29.0226 -1.57533
-50.17 28.7422 -1.57049
-50.1756 28.7561 -1.57075
-50.1721 28.7513 -1.57063
-50.1778 28.7644 -1.57088
-50.0714 28.0161 -1.5817
-50.077 28.0308 -1.58199
-50.0735 28.0254 -1.58185
-50.0792 28.0394 -1.58213
-50.1917 27.7588 -1.57722
-50.1975 27.7727 -1.57749
-50.1939 27.7679 -1.57737
-50.1998 27.781 -1.57763
-50.0683 27.0179 -1.57252
-50.0742 27.0325 -1.57284
-50.0706 27.0272 -1.57269
-50.0766 27.0411 -1.573
-50.1842 26.7604 -1.56813
-50.1903 26.7743 -1.56843
-50.1866 26.7694 -1.5683
-50.1928 26.7826 -1.56859
-50.0711 26.0195 -1.57312
-50.0774 26.0341 -1.57344
-50.0736 26.0288 -1.57329
-50.0799 26.0427 -1.57361
-50.1828 25.762 -1.56873
-50.1892 25.7758 -1.56904
-50.1853 25.771 -1.56891
-50.1919 25.7841 -1.56921
-50.049 25.0329 -1.5813
-50.0556 25.0475 -1.58167
-50.0517 25.0422 -1.5815
-50.0583 25.0561 -1.58186
-50.1564 24.7752 -1.57696
-50.1632 24.7891 -1.57731
-50.1592 24.7842 -1.57715
-50.166 24.7973 -1.5775
-50.0622 24.0236 -1.57707
-50.0692 24.0382 -1.57746
-50.0651 24.0329 -1.57728
-50.0722 24.0467 -1.57766
-50.1653 23.7657 -1.57274
-50.1725 23.7795 -1.57311
-50.1683 23.7747 -1.57295
-50.1755 23.7878 -1.57331
-50.0623 23.0167 -1.56318
-50.0697 23.0312 -1.56361
-50.0654 23.0259 -1.56341
-50.0729 23.0398 -1.56383
-50.161 22.7586 -1.55885
-50.1686 22.7724 -1.55927
-50.1643 22.7676 -1.55908
-50.1719 22.7806 -1.55948
-50.0683 22.0209 -1.57409
-50.0761 22.0355 -1.57454
-50.0716 22.0302 -1.57433
-50.0795 22.044 -1.57478
-50.1628 21.7626 -1.56975
-50.1708 21.7764 -1.57019
-50.1662 21.7716 -1.56999
-50.1743 21.7846 -1.57042
-50.0687 21.0061 -1.57281
-50.077 21.0206 -1.5733
-50.0723 21.0153 -1.57307
-50.0806 21.0292 -1.57354
-50.1588 20.7477 -1.56845
-50.1672 20.7614 -1.56892
-50.1625 20.7566 -1.5687
-50.171 20.7696 -1.56916
-50.0654 20.0063 -1.57069
-50.0742 20.0208 -1.57118
-50.0693 20.0156 -1.57095
-50.0781 20.0294 -1.57143
-50.1512 19.7478 -1.56631
-50.1601 19.7616 -1.56679
-50.1552 19.7568 -1.56657
-50.1641 19.7698 -1.56704
-50.0718 19.0082 -1.57078
-50.0811 19.0227 -1.57129
-50.076 19.0174 -1.57105
-50.0853 19.0312 -1.57154
-50.1532 18.7495 -1.56638
-50.1627 18.7633 -1.56687
-50.1575 18.7585 -1.56664
-50.1669 18.7715 -1.56712
-50.0591 18.0112 -1.57206
-50.0689 18.0257 -1.57261
-50.0635 18.0204 -1.57235
-50.0733 18.0342 -1.57288
-50.1361 17.7524 -1.56758
-50.146 17.7661 -1.56811
-50.1406 17.7613 -1.56786
-50.1505 17.7743 -1.56838
-50.0899 17.0397 -1.5662
-50.1003 17.0542 -1.56678
-50.0946 17.0489 -1.5665
-50.105 17.0627 -1.56707
-50.1627 16.7805 -1.56163
-50.1731 16.7942 -1.5622
-50.1674 16.7894 -1.56193
-50.1779 16.8023 -1.56248
-50.0806 15.9918 -1.56524
-50.0916 16.0063 -1.56585
-50.0856 16.001 -1.56555
-50.0966 16.0147 -1.56615
-50.1486 15.7325 -1.56061
-50.1596 15.7461 -1.5612
-50.1536 15.7413 -1.56091
-50.1647 15.7542 -1.56149
-50.0648 15.0089 -1.56704
-50.0763 15.0234 -1.56764
-50.0701 15.0181 -1.56735
-50.0816 15.0318 -1.56793
-50.1282 14.7497 -1.56243
-50.1398 14.7634 -1.563
-50.1336 14.7586 -1.56272
-50.1452 14.7715 -1.56329
-50.0314 14.0037 -1.55661
-50.0435 14.0181 -1.55723
-50.037 14.0128 -1.55692
-50.0491 14.0265 -1.55753
-50.0901 13.7444 -1.55187
-50.1023 13.758 -1.55247
-50.0958 13.7532 -1.55217
-50.108 13.7661 -1.55276
-50.0146 13.0051 -1.55365
-50.0275 13.0195 -1.55433
-50.0206 13.0142 -1.55399
-50.0334 13.0279 -1.55466
-50.0686 12.7456 -1.54886
-50.0815 12.7591 -1.54952
-50.0747 12.7544 -1.54919
-50.0875 12.7672 -1.54984
-49.9968 12.0086 -1.55257
-50.0105 12.0229 -1.55329
-50.0032 12.0176 -1.55294
-50.0169 12.0312 -1.55365
-50.0461 11.7489 -1.54781
-50.0598 11.7624 -1.54851
-50.0525 11.7577 -1.54817
-50.0661 11.7704 -1.54886
-49.9935 10.9949 -1.56336
-50.0081 11.0091 -1.56412
-50.0003 11.0039 -1.56375
-50.0149 11.0174 -1.56451
-50.038 10.7348 -1.5586
-50.0525 10.7481 -1.55934
-50.0449 10.7434 -1.55899
-50.0594 10.7561 -1.55972
-50.0291 10.03 -1.56302
-50.0445 10.0441 -1.5638
-50.0364 10.0389 -1.56343
-50.0517 10.0523 -1.56419
-50.069 9.76915 -1.55824
-50.0844 9.78244 -1.559
-50.0763 9.77777 -1.55864
-50.0916 9.79032 -1.55939
-50.0248 9.01993 -1.55522
-50.0411 9.03395 -1.55598
-50.0326 9.0288 -1.55562
-50.0488 9.04209 -1.55637
-50.06 8.75865 -1.55041
-50.0762 8.77184 -1.55115
-50.0677 8.76721 -1.5508
-50.0839 8.77965 -1.55153
-50.0188 7.98084 -1.56445
-50.036 7.99476 -1.56518
-50.027 7.98964 -1.56483
-50.0441 8.00284 -1.56555
-50.049 7.71911 -1.55961
-50.0661 7.73219 -1.56031
-50.0572 7.72759 -1.55998
-50.0742 7.73993 -1.56068
-50.0125 6.99797 -1.57159
-50.0305 7.01182 -1.57226
-50.0212 7.00672 -1.57194
-50.0391 7.01985 -1.5726
-50.0379 6.73595 -1.56671
-50.0559 6.74895 -1.56736
-50.0466 6.74438 -1.56706
-50.0644 6.75663 -1.5677
-50.0187 5.9947 -1.56857
-50.0375 6.00846 -1.5691
-50.0278 6.00339 -1.56885
-50.0464 6.01642 -1.56937
-50.0393 5.73217 -1.56362
-50.0579 5.74507 -1.56413
-50.0483 5.74053 -1.5639
-50.0669 5.75269 -1.5644
-50.0009 4.99024 -1.57673
-50.0203 5.00394 -1.57717
-50.0103 4.99889 -1.57696
-50.0296 5.01186 -1.5774
-50.0166 4.72755 -1.57173
-50.0358 4.74039 -1.57216
-50.026 4.73587 -1.57196
-50.045 4.74797 -1.57238
-49.9916 3.97436 -1.5704
-50.0115 3.98801 -1.57074
-50.0012 3.98297 -1.57058
-50.021 3.99589 -1.57092
-50.0022 3.71146 -1.56535
-50.0219 3.72426 -1.56568
-50.0118 3.71975 -1.56553
-50.0313 3.73179 -1.56585
-49.9746 2.97028 -1.57699
-49.995 2.98377 -1.57695
-49.9845 2.97878 -1.57697
-50.0048 2.99154 -1.57693
-49.9802 2.70669 -1.57176
-50.0004 2.71932 -1.5717
-49.9901 2.71486 -1.57173
-50.0101 2.72674 -1.57167
-49.9929 2.01682 -1.57185
-50.0133 2.03022 -1.57155
-50.0028 2.02526 -1.5717
-50.0231 2.03792 -1.5714
-49.9935 1.75267 -1.5665
-50.0137 1.7652 -1.56619
-50.0034 1.76077 -1.56634
-50.0234 1.77255 -1.56603
-49.982 1.02826 -1.57273
-50.0022 1.04157 -1.57216
-49.9918 1.03663 -1.57244
-50.0119 1.04921 -1.57187
-49.9773 0.763699 -1.56726
-49.9973 0.776143 -1.56667
-49.9871 0.771736 -1.56695
-50.0069 0.783429 -1.56637
-49.9798 0.066455 -1.56475
-49.9993 0.0797198 -1.56401
-49.9893 0.0747926 -1.56437
-50.0087 0.0873262 -1.56364
-49.9698 -0.198324 -1.55919
-49.9891 -0.185923 -1.55845
-49.9793 -0.190321 -1.55881
-49.9984 -0.17867 -1.55806
-49.9812 -0.960541 -1.57407
-49.9999 -0.947323 -1.57321
-49.9903 -0.952239 -1.57363
-50.0088 -0.939752 -1.57276
-49.9655 -1.22556 -1.56846
-49.9839 -1.2132 -1.56758
-49.9745 -1.21759 -1.568
-49.9927 -1.20598 -1.56713
-49.9816 -1.98661 -1.57956
-49.9992 -1.97348 -1.57839
-49.9901 -1.97839 -1.57896
-50.0075 -1.96599 -1.57779
-49.96 -2.25209 -1.57381
-49.9773 -2.23981 -1.57263
-49.9684 -2.2442 -1.5732
-49.9855 -2.23268 -1.57202
-50.0216 -2.9682 -1.57073
-50.038 -2.95517 -1.56947
-50.0295 -2.96004 -1.57009
-50.0458 -2.94773 -1.56883
-49.9944 -3.23406 -1.56494
-50.0105 -3.22187 -1.56367
-50.0021 -3.22622 -1.56428
-50.0181 -3.21478 -1.56302
-50.0096 -3.97447 -1.57238
-50.0248 -3.96152 -1.57078
-50.0168 -3.96641 -1.57159
-50.0319 -3.95419 -1.57001
-49.9765 -4.24068 -1.56646
-49.9914 -4.22857 -1.56486
-49.9836 -4.23294 -1.56566
-49.9983 -4.22158 -1.56407
-50.0082 -4.98263 -1.56829
-50.0217 -4.96969 -1.56661
-50.0146 -4.9746 -1.56747
-50.028 -4.96239 -1.56581
-49.9691 -5.24895 -1.56234
-49.9823 -5.23684 -1.56065
-49.9753 -5.24124 -1.56151
-49.9884 -5.22988 -1.55984
-49.9811 -5.9712 -1.56776
-49.9929 -5.95826 -1.56592
-49.9867 -5.96318 -1.56688
-49.9983 -5.95097 -1.56505
-49.9361 -6.23747 -1.56176
-49.9475 -6.22536 -1.5599
-49.9415 -6.22977 -1.56087
-49.9528 -6.2184 -1.55902
-50.0179 -6.97209 -1.56815
-50.0277 -6.95919 -1.56618
-50.0226 -6.96416 -1.56726
-50.0323 -6.95199 -1.56529
-49.9668 -7.23864 -1.56213
-49.9763 -7.22655 -1.56014
-49.9714 -7.23101 -1.56122
-49.9807 -7.21967 -1.55925
-50.0374 -7.97681 -1.57774
-50.045 -7.96391 -1.57535
-50.0412 -7.96906 -1.57678
-50.0486 -7.95688 -1.5744
-49.9802 -8.24369 -1.57168
-49.9874 -8.23158 -1.56928
-49.9838 -8.23625 -1.5707
-49.9909 -8.22488 -1.56831
-50.0264 -8.97912 -1.57532
-50.0317 -8.96623 -1.57233
-50.0292 -8.97152 -1.57423
-50.0344 -8.95934 -1.57126
-49.963 -9.24618 -1.56923
-49.9679 -9.23408 -1.56624
-49.9657 -9.23888 -1.56813
-49.9704 -9.22751 -1.56515
-50.028 -9.98117 -1.57605
-50.03 -9.96789 -1.57232
-50.0297 -9.97376 -1.57491
-50.0316 -9.96119 -1.57121
-49.9585 -10.2484 -1.56994
-49.9601 -10.2359 -1.56621
-49.96 -10.2413 -1.56879
-49.9615 -10.2295 -1.56508
-50.0465 -10.998 -1.57501
-50.0443 -10.9845 -1.57096
-50.047 -10.9906 -1.57388
-50.0448 -10.9779 -1.56984
-49.9707 -11.2653 -1.5689
-49.9682 -11.2526 -1.56484
-49.9711 -11.2583 -1.56775
-49.9685 -11.2463 -1.56371
-50.0579 -11.9917 -1.57748
-50.0512 -11.9778 -1.57259
-50.0573 -11.9846 -1.57632
-50.0506 -11.9714 -1.57145
-49.9761 -12.2592 -1.57135
-49.969 -12.246 -1.56646
-49.9753 -12.2524 -1.57018
-49.9681 -12.2399 -1.56531
-50.0712 -12.983 -1.57229
-50.0593 -12.9677 -1.5656
-50.0694 -12.9764 -1.57111
-50.0575 -12.9617 -1.56446
-49.9832 -13.2508 -1.56616
-49.971 -13.2361 -1.55947
-49.9812 -13.2444 -1.56496
-49.969 -13.2305 -1.55831
-50.0547 -14.0039 -1.57317
-50.0354 -13.9876 -1.56557
-50.0517 -13.9975 -1.57198
-50.0324 -13.982 -1.56443
-49.9605 -14.2717 -1.56703
-49.9408 -14.2561 -1.55944
-49.9573 -14.2656 -1.56582
-49.9376 -14.2507 -1.55828
-50.0537 -15.0077 -1.56941
-50.0255 -14.9898 -1.56025
-50.0495 -15.0018 -1.56824
-50.0214 -14.9844 -1.55915
-49.9533 -15.2757 -1.56326
-49.9248 -15.2582 -1.55411
-49.9489 -15.2699 -1.56207
-49.9204 -15.2532 -1.55299
-50.0524 -15.9885 -1.56876
-50.0145 -15.9679 -1.55757
-50.0471 -15.983 -1.56763
-50.0093 -15.9631 -1.55653
-49.9459 -16.2566 -1.5626
-49.9077 -16.2365 -1.55142
-49.9404 -16.2514 -1.56145
-49.9022 -16.2319 -1.55037
-50.0699 -17.0328 -1.57648
-50.0196 -17.0074 -1.56214
-50.0636 -17.028 -1.57548
-50.0134 -17.0032 -1.56127
-49.9571 -17.3012 -1.57031
-49.9064 -17.2762 -1.55599
-49.9504 -17.2967 -1.56929
-49.8999 -17.2723 -1.5551
-50.0629 -18.0279 -1.57804
-49.9975 -17.9975 -1.56073
-50.0556 -18.0238 -1.57715
-49.9906 -17.994 -1.56002
-49.9438 -18.2964 -1.57186
-49.8783 -18.2663 -1.55457
-49.9362 -18.2925 -1.57096
-49.871 -18.2631 -1.55384
-50.0396 -19.0199 -1.57097
-49.9568 -18.9898 -1.55392
-50.0314 -19.0158 -1.57005
-49.9491 -18.9863 -1.55318
-49.9145 -19.2883 -1.56479
-49.8314 -19.2584 -1.54776
-49.9059 -19.2844 -1.56386
-49.8234 -19.2551 -1.54701
-50.06 -20.0515 -1.57439
-49.9563 -20.0124 -1.55306
-50.0512 -20.0485 -1.57364
-49.9483 -20.0098 -1.55255
-49.9284 -20.3203 -1.56819
-49.8246 -20.2813 -1.54689
-49.9193 -20.3175 -1.56743
-49.8162 -20.2789 -1.54637
-50.0331 -21.052 -1.58383
-49.9045 -20.9956 -1.55611
-50.0245 -21.0506 -1.58321
-49.8969 -20.9946 -1.5558
-49.8954 -21.3209 -1.5776
-49.7667 -21.2645 -1.54993
-49.8864 -21.3197 -1.57697
-49.7587 -21.2637 -1.5496
-50.0774 -22.0507 -1.56408
-49.9174 -21.9787 -1.53072
-50.0691 -22.0508 -1.5634
-49.9104 -21.9792 -1.53038
-49.9334 -22.3202 -1.55783
-49.7736 -22.248 -1.52452
-49.9247 -22.3205 -1.55713
-49.7662 -22.2488 -1.52417
-50.0956 -23.0316 -1.56803
-49.8993 -22.9434 -1.52986
-50.0874 -23.0334 -1.56708
-49.893 -22.9454 -1.52928
-49.9455 -23.3015 -1.56176
-49.7495 -23.2128 -1.52365
-49.9369 -23.3035 -1.5608
-49.7427 -23.2151 -1.52305
-50.0767 -24.0497 -1.5616
-49.837 -23.9464 -1.52037
-50.0682 -24.0527 -1.56033
-49.8306 -23.9497 -1.51947
-49.9202 -24.3197 -1.55532
-49.6809 -24.2157 -1.51416
-49.9112 -24.323 -1.55404
-49.6741 -24.2193 -1.51324
-50.0543 -25.0165 -1.56412
-49.7714 -24.9046 -1.52147
-50.0445 -25.0202 -1.56268
-49.7641 -24.9085 -1.52039
-49.8917 -25.2865 -1.55784
-49.6093 -25.1737 -1.51524
-49.8814 -25.2905 -1.55638
-49.6015 -25.1778 -1.51415
-50.0598 -26.002 -1.56624
-49.728 -25.8651 -1.52217
-50.0494 -26.0082 -1.56353
-49.7205 -25.8713 -1.51975
-49.891 -26.2726 -1.55994
-49.5599 -26.1344 -1.51593
-49.8801 -26.2789 -1.55722
-49.5519 -26.1408 -1.51349
-50.0482 -27.0043 -1.56321
-49.6654 -26.8416 -1.51984
-50.036 -27.0128 -1.55899
-49.6564 -26.8499 -1.51581
-49.8731 -27.2752 -1.55689
-49.4912 -27.111 -1.51358
-49.8603 -27.2839 -1.55267
-49.4816 -27.1195 -1.50954
-50.0624 -27.9939 -1.56295
-49.6297 -27.8065 -1.52226
-50.0468 -28.0048 -1.55703
-49.6175 -27.817 -1.5164
-49.8809 -28.2654 -1.55663
-49.4494 -28.0762 -1.51598
-49.8648 -28.2765 -1.5507
-49.4367 -28.0869 -1.51012
-50.0423 -28.988 -1.56565
-49.563 -28.7732 -1.53023
-50.0216 -29.0013 -1.55742
-49.5458 -28.7858 -1.52192
-49.8545 -29.2599 -1.55933
-49.3766 -29.043 -1.52393
-49.8332 -29.2734 -1.5511
-49.3588 -29.0558 -1.51562
-50.0321 -29.9761 -1.56087
-49.5117 -29.7346 -1.53259
-50.004 -29.9918 -1.55013
-49.487 -29.7492 -1.52164
-49.838 -30.2484 -1.55454
-49.3192 -30.0045 -1.52627
-49.8094 -30.2642 -1.54381
-49.294 -30.0193 -1.51532
-50.0328 -30.9632 -1.55551
-49.4776 -30.6946 -1.53796
-49.9958 -30.9818 -1.54149
-49.4438 -30.7119 -1.52362
-49.8325 -31.236 -1.5492
-49.279 -30.9649 -1.53162
-49.7949 -31.2547 -1.53518
-49.2446 -30.9823 -1.51729
-50.0291 -31.9452 -1.56274
-49.4516 -31.6523 -1.55699
-49.9809 -31.9677 -1.54515
-49.4063 -31.673 -1.53903
-49.8225 -32.2185 -1.55644
-49.2469 -31.9229 -1.55065
-49.7737 -32.2409 -1.53886
-49.201 -31.9436 -1.53269
-50.0266 -32.9265 -1.57595
-49.4384 -32.6095 -1.5835
-49.9637 -32.9526 -1.55411
-49.3782 -32.6337 -1.5613
-49.8138 -33.2002 -1.56967
-49.2276 -32.8805 -1.57715
-49.7503 -33.2262 -1.54783
-49.1667 -32.9047 -1.55495
-50.0363 -33.9346 -1.58566
-49.4554 -33.6108 -1.59814
-49.9477 -33.9574 -1.5626
-49.369 -33.632 -1.57473
-49.8173 -34.2085 -1.57939
-49.2383 -33.882 -1.5918
-49.728 -34.231 -1.55633
-49.1512 -33.903 -1.56838
-50.0383 -34.9474 -1.57131
-49.4697 -34.6169 -1.58882
-49.9226 -34.9667 -1.54801
-49.3557 -34.635 -1.56523
-49.8129 -35.2215 -1.56505
-49.2462 -34.8884 -1.58247
-49.6966 -35.2403 -1.54175
-49.1316 -34.906 -1.55888
-50.0451 -35.9661 -1.57224
-49.4951 -35.6337 -1.59587
-49.9012 -35.9829 -1.54748
-49.3525 -35.6498 -1.57083
-49.8132 -36.2404 -1.56602
-49.265 -35.9056 -1.58955
-49.6687 -36.2566 -1.54125
-49.1219 -35.9211 -1.56451
-50.0588 -36.972 -1.56701
-49.5352 -36.6388 -1.59384
-49.8611 -36.9025 -1.5724
-49.3361 -36.5702 -1.59887
-49.8207 -37.2466 -1.56081
-49.2989 -36.9111 -1.58754
-49.6229 -37.1761 -1.56619
-49.0997 -36.8415 -1.59257
-50.078 -37.9717 -1.56868
-49.5819 -37.6378 -1.59618
-49.8702 -38.0518 -1.5172
-49.3771 -37.719 -1.5445
-49.8337 -38.2464 -1.56248
-49.3393 -37.9103 -1.58988
-49.6249 -38.3255 -1.511
-49.1334 -37.9905 -1.5382
-50.0562 -38.9868 -1.57525
-49.5904 -38.6535 -1.60444
-49.8358 -38.9958 -1.55314
-49.3706 -38.664 -1.58218
-49.8056 -39.2614 -1.56908
-49.3413 -38.9261 -1.59816
-49.5847 -39.2693 -1.54696
-49.121 -38.9356 -1.57589
-50.0759 -39.9458 -1.58021
-49.6436 -39.6127 -1.61375
-49.8628 -39.8757 -1.59144
-49.429 -39.544 -1.62487
-49.8194 -40.2208 -1.57411
-49.3885 -39.886 -1.60754
-49.6062 -40.1497 -1.58532
-49.1738 -39.8162 -1.61864
-50.0629 -40.944 -1.57461
-49.6679 -40.6114 -1.6101
-49.8755 -40.8541 -1.59177
-49.4783 -40.522 -1.62723
-49.8004 -41.2191 -1.56855
-49.4067 -40.885 -1.60392
-49.613 -41.1283 -1.58569
-49.217 -40.7947 -1.62103
-50.0541 -41.9293 -1.57389
-49.6966 -41.5971 -1.61062
-49.8887 -41.7945 -1.60289
-49.5277 -41.4623 -1.63945
-49.7857 -42.2044 -1.56788
-49.4293 -41.871 -1.60449
-49.6205 -42.069 -1.59685
-49.2607 -41.7354 -1.6333
-50.0565 -42.9258 -1.57631
-49.7366 -42.5937 -1.614
-49.9158 -42.7982 -1.60143
-49.5924 -42.465 -1.63904
-49.7821 -43.2012 -1.57037
-49.4632 -42.868 -1.60795
-49.6415 -43.0729 -1.59547
-49.3192 -42.7388 -1.63296
-50.0411 -43.9422 -1.57538
-49.761 -43.6105 -1.6136
-49.9234 -43.8164 -1.59867
-49.6399 -43.4829 -1.63685
-49.7606 -44.2176 -1.56949
-49.4815 -43.8852 -1.6076
-49.6431 -44.0913 -1.59276
-49.3606 -43.7571 -1.63083
-50.0558 -44.9261 -1.57126
-49.8152 -44.5939 -1.60932
-49.9607 -44.8004 -1.59253
-49.7166 -44.4656 -1.6306
-49.7696 -45.2017 -1.56545
-49.5297 -44.8691 -1.60339
-49.6746 -45.0757 -1.58669
-49.4313 -44.7404 -1.62465
-50.0816 -45.9524 -1.5608
-49.8809 -45.6191 -1.59865
-50.0073 -45.8265 -1.58075
-49.8032 -45.4897 -1.61865
-49.7894 -46.2283 -1.55503
-49.5894 -45.8948 -1.59277
-49.7152 -46.1022 -1.57496
-49.5118 -45.7651 -1.61275
-50.0927 -46.9579 -1.56478
-49.9326 -46.6246 -1.6014
-50.0369 -46.8316 -1.5825
-49.8734 -46.4942 -1.61921
-49.7947 -47.2342 -1.55912
-49.6352 -46.9008 -1.59563
-49.739 -47.1078 -1.57681
-49.5761 -46.7703 -1.61342
-50.0774 -47.9664 -1.57397
-49.9563 -47.634 -1.60826
-50.0377 -47.8403 -1.58907
-49.9135 -47.5032 -1.62353
-49.7737 -48.2429 -1.56845
-49.6532 -47.9107 -1.60265
-49.7341 -48.1168 -1.58352
-49.6104 -47.7799 -1.61789
-50.0596 -48.9547 -1.56848
-49.9728 -48.6229 -1.60211
-50.0342 -48.829 -1.58316
-49.9444 -48.4919 -1.61697
-49.7505 -49.2312 -1.56297
-49.6641 -48.8997 -1.59652
-49.7251 -49.1055 -1.57762
-49.6358 -48.7688 -1.61135
-50.0727 -49.966 -1.57473
-50.0192 -49.6338 -1.60754
-50.0616 -49.8403 -1.58874
-50.0053 -49.5024 -1.62173
-49.758 -50.2426 -1.56923
-49.7048 -49.9109 -1.60196
-49.7469 -50.117 -1.58321
-49.6909 -49.7797 -1.61613
-49.088 -49.977 -0.0070286
-49.0368 -49.6767 -0.0391843
-49.0772 -49.8648 -0.0207999
-49.0237 -49.559 -0.053154
-48.7732 -50.2482 -0.00156097
-48.7222 -49.9484 -0.0336393
-48.7624 -50.1362 -0.0153117
-48.7091 -49.8309 -0.0475874
-48.0769 -49.9635 -0.00312002
-48.0276 -49.6947 -0.0339436
-48.0659 -49.8647 -0.0162653
-48.0147 -49.5906 -0.0472999
-47.7622 -50.2294 0.00231523
-47.7129 -49.961 -0.0284365
-47.7511 -50.1307 -0.010811
-47.6999 -49.857 -0.0417727
-47.0755 -49.9487 -0.00799178
-47.0301 -49.7097 -0.0365018
-47.0645 -49.8626 -0.0201875
-47.0175 -49.6185 -0.0489216
-46.761 -50.2093 -0.00261815
-46.7154 -49.9707 -0.0310653
-46.7497 -50.1233 -0.0147972
-46.7027 -49.8796 -0.0434675
-46.0764 -49.9739 -0.00926525
-46.0379 -49.7623 -0.0336062
-46.0659 -49.8993 -0.0198248
-46.0263 -49.6829 -0.0443912
-45.7618 -50.2294 -0.00389145
-45.723 -50.0183 -0.028182
-45.7511 -50.1549 -0.0144378
-45.7111 -49.9389 -0.0389531
-45.0844 -49.9808 -0.00244914
-45.0521 -49.7925 -0.0228253
-45.0742 -49.9161 -0.01153
-45.0411 -49.7231 -0.0321183
-44.7698 -50.2313 0.00299458
-44.7371 -50.0434 -0.0173401
-44.7593 -50.1667 -0.00607569
-44.7258 -49.9741 -0.026622
-44.0716 -49.9771 -0.00889947
-44.0417 -49.8087 -0.0277543
-44.0615 -49.9211 -0.0174332
-44.0309 -49.7482 -0.0364906
-43.7571 -50.2222 -0.0034107
-43.7266 -50.0541 -0.0222267
-43.7466 -50.1663 -0.0119347
-43.7155 -49.9938 -0.0309528
-43.0757 -50.0032 -0.0120629
-43.0497 -49.8516 -0.0287833
-43.066 -49.9549 -0.0198509
-43.0395 -49.799 -0.0367602
-42.7611 -50.2429 -0.0064922
-42.7344 -50.0916 -0.0231772
-42.751 -50.1946 -0.0142714
-42.7238 -50.0391 -0.0311451
-42.0661 -50.0423 -0.0153716
-42.0409 -49.9073 -0.0315424
-42.0564 -50.0012 -0.022704
-42.0308 -49.8621 -0.0390627
-41.7513 -50.2765 -0.00978608
-41.7253 -50.1418 -0.0259233
-41.7411 -50.2355 -0.0171104
-41.7148 -50.0967 -0.0334353
-41.0666 -50.0309 1.64476e-05
-41.0416 -49.9115 -0.015546
-41.0566 -49.9964 -0.00691264
-41.0314 -49.8731 -0.0226602
-40.7517 -50.2596 0.00564214
-40.7259 -50.1404 -0.00988847
-40.7412 -50.2251 -0.00127951
-40.7152 -50.1021 -0.0169951
-40.0801 -50.0352 -0.00689036
-40.0564 -49.9308 -0.0208763
-40.0699 -50.0066 -0.0131047
-40.046 -49.8985 -0.0272628
-39.7652 -50.2586 -0.00104454
-39.7405 -50.1544 -0.0150024
-39.7543 -50.2301 -0.00725289
-39.7295 -50.1222 -0.0213828
-39.0742 -50.0458 -0.00723895
-39.0501 -49.9553 -0.0209367
-39.0635 -50.0228 -0.0130472
-39.0393 -49.9288 -0.0269155
-38.7587 -50.2636 -0.00139275
-38.7336 -50.1733 -0.0150622
-38.7475 -50.2406 -0.0071947
-38.7223 -50.1469 -0.0210346
-38.0654 -50.0401 -0.00594363
-38.0412 -49.963 -0.0193204
-38.0545 -50.0225 -0.0115442
-38.0303 -49.9421 -0.0250883
-37.7498 -50.252 -4.29088e-05
-37.7245 -50.1752 -0.0133916
-37.7383 -50.2345 -0.00563724
-37.713 -50.1543 -0.0191532
-37.0442 -50.0735 -0.00394933
-37.0202 -50.0098 -0.0164536
-37.033 -50.0609 -0.00910654
-37.009 -49.994 -0.0217678
-36.7278 -50.2798 0.00228303
-36.7026 -50.2163 -0.0101937
-36.7159 -50.2672 -0.00286807
-36.6908 -50.2006 -0.0155018
-36.0706 -50.0531 0.00251388
-36.0462 -50.0016 -0.00938309
-36.059 -50.045 -0.0024626
-36.0346 -49.9905 -0.0145081
-35.7539 -50.2536 0.00908445
-35.7281 -50.2023 -0.00278541
-35.7415 -50.2456 0.00411392
-35.7159 -50.1913 -0.00790444
-35.0571 -50.0425 -0.0105016
-35.0327 -50.0029 -0.0222445
-35.0453 -50.0393 -0.0154817
-35.0211 -49.9969 -0.0273702
-34.7406 -50.2365 -0.00383005
-34.7149 -50.197 -0.0155474
-34.7281 -50.2333 -0.00880501
-34.7026 -50.191 -0.020668
-34.0656 -50.0597 -0.00688673
-34.0413 -50.0315 -0.0183795
-34.0538 -50.0612 -0.0118557
-34.0297 -50.0303 -0.0234899
-33.7488 -50.2471 1.84141e-05
-33.723 -50.219 -0.0114487
-33.7362 -50.2485 -0.00494533
-33.7107 -50.2178 -0.0165538
-33.0631 -50.0858 -0.00263306
-33.0379 -50.0679 -0.0132907
-33.0508 -50.0916 -0.00719068
-33.0259 -50.0712 -0.0179844
-32.7449 -50.2659 0.00456416
-32.7182 -50.2481 -0.00606576
-32.7319 -50.2717 1.32515e-05
-32.7055 -50.2514 -0.0107528
-32.0457 -50.0326 -0.00225933
-32.0189 -50.0242 -0.0109108
-32.0327 -50.0424 -0.0058207
-32.0061 -50.0316 -0.0145988
-31.7254 -50.2051 0.00547056
-31.697 -50.1967 -0.00315447
-31.7116 -50.2148 0.00191651
-31.6835 -50.2041 -0.00683504
-31.0609 -50.0209 -0.0184879
-31.0332 -50.0202 -0.0259808
-31.0475 -50.0337 -0.0214882
-31.0201 -50.0307 -0.0291019
-30.7392 -50.1855 -0.0103848
-30.7099 -50.1848 -0.0178555
-30.725 -50.1983 -0.0133792
-30.696 -50.1954 -0.0209704
-30.0724 -50.0235 -0.00509356
-30.044 -50.0295 -0.0118588
-30.0587 -50.039 -0.00774712
-30.0307 -50.0427 -0.014629
-29.7498 -50.18 0.0033044
-29.7198 -50.1859 -0.00344369
-29.7353 -50.1954 0.00065478
-29.7056 -50.1992 -0.0062097
-30.0486 -51.0307 -1.56774
-30.0264 -51.0361 -1.57395
-30.0372 -51.0458 -1.57013
-30.0155 -51.049 -1.57645
-29.7166 -51.1867 -1.55928
-29.6928 -51.1921 -1.56548
-29.7045 -51.2019 -1.56166
-29.6811 -51.2051 -1.56797
-30.0201 -52.0067 -1.56367
-30.0022 -52.0126 -1.56842
-30.0103 -52.022 -1.56538
-29.9929 -52.0257 -1.57023
-29.6787 -52.1622 -1.55467
-29.6592 -52.1682 -1.55942
-29.6681 -52.1775 -1.55639
-29.6491 -52.1813 -1.56124
-30.0219 -52.9984 -1.5703
-30.0069 -53.0046 -1.57404
-30.013 -53.0138 -1.57155
-29.9986 -53.0179 -1.57538
-29.6705 -53.1536 -1.56105
-29.6539 -53.1599 -1.56481
-29.6608 -53.1691 -1.56231
-29.6448 -53.1732 -1.56616
-30.0865 -53.999 -1.58405
-30.0734 -54.0054 -1.58725
-30.078 -54.0145 -1.58504
-30.0655 -54.0187 -1.58833
-29.7246 -54.1545 -1.57484
-29.71 -54.161 -1.57806
-29.7154 -54.17 -1.57583
-29.7014 -54.1744 -1.57914
-30.1015 -55.0101 -1.58418
-30.0898 -55.0168 -1.58729
-30.0932 -55.0257 -1.58511
-30.0822 -55.0302 -1.58832
-29.7292 -55.1654 -1.57529
-29.716 -55.1722 -1.57842
-29.7201 -55.1811 -1.57623
-29.7077 -55.1857 -1.57946
-29.0633 -55.0522 -0.00656392
-29.0499 -55.0625 -0.00953127
-29.0542 -55.0689 -0.00742071
-29.0415 -55.0772 -0.0104841
-28.6895 -55.1981 0.00192074
-28.6746 -55.2085 -0.00105963
-28.6796 -55.2148 0.00105524
-28.6655 -55.2232 -0.00202071
-28.0691 -55.0222 -0.00528617
-28.0538 -55.0358 -0.00800395
-28.0591 -55.04 -0.00603028
-28.0446 -55.0516 -0.00884262
-27.6944 -55.1594 0.00274103
-27.6776 -55.1732 8.52628e-06
-27.6837 -55.1772 0.00198739
-27.6677 -55.1889 -0.000839118
-27.073 -55.0739 0.00978071
-27.056 -55.0906 0.00737463
-27.0622 -55.0925 0.00917005
-27.046 -55.1074 0.00667251
-26.6968 -55.2029 0.0172733
-26.6783 -55.2197 0.0148481
-26.6853 -55.2215 0.016651
-26.6676 -55.2364 0.0141349
-26.0363 -55.0529 -0.00448585
-26.0175 -55.0724 -0.00648146
-26.0247 -55.0722 -0.00492606
-26.0066 -55.09 -0.00700795
-25.6592 -55.1738 0.0024136
-25.6389 -55.1934 0.000390944
-25.6469 -55.1932 0.00195782
-25.6273 -55.2111 -0.000150468
-25.0428 -55.042 0.000844511
-25.0231 -55.0637 -0.000921391
-25.0308 -55.0619 0.000495877
-25.0118 -55.0819 -0.00135253
-24.6653 -55.1561 0.00754324
-24.6441 -55.1779 0.00574388
-24.6526 -55.176 0.00717594
-24.6321 -55.1961 0.00529472
-24.0258 -55.0537 -0.00463417
-24.0058 -55.077 -0.00623788
-24.0137 -55.0738 -0.00490994
-23.9944 -55.0955 -0.0065953
-23.6481 -55.1615 0.0015657
-23.6266 -55.185 -7.1038e-05
-23.6353 -55.1817 0.0012713
-23.6144 -55.2036 -0.000446386
-23.0491 -55.0653 -0.00967562
-23.0286 -55.0899 -0.0110766
-23.0368 -55.0856 -0.00986207
-23.017 -55.1087 -0.0113429
-22.671 -55.1679 -0.00394527
-22.649 -55.1927 -0.00538147
-22.658 -55.1883 -0.00415122
-22.6367 -55.2115 -0.00566653
-22.0219 -55.0676 0.00842837
-22.0008 -55.0933 0.00734329
-22.0093 -55.0879 0.00838473
-21.9889 -55.1122 0.00722107
-21.6425 -55.1654 0.0129377
-21.6199 -55.1914 0.0118193
-21.6293 -55.1858 0.0128755
-21.6073 -55.2104 0.0116793
-21.0303 -55.0301 0.0126386
-21.0084 -55.0567 0.0118045
-21.0174 -55.0504 0.012706
-20.9963 -55.0756 0.0117944
-20.6498 -55.1247 0.0162172
-20.6265 -55.1514 0.0153522
-20.6363 -55.145 0.0162669
-20.6137 -55.1704 0.0153254
-19.9929 -55.0347 0.0101452
-19.9704 -55.0619 0.00948276
-19.9798 -55.0548 0.0102872
-19.958 -55.0806 0.00954807
-19.6111 -55.1267 0.013079
-19.5872 -55.154 0.012388
-19.5973 -55.1468 0.0132041
-19.5741 -55.1729 0.0124376
-18.9912 -55.0267 0.00588009
-18.968 -55.0542 0.00541686
-18.9778 -55.0465 0.00610876
-18.9553 -55.0727 0.00557007
-18.6082 -55.1169 0.00808172
-18.5837 -55.1446 0.00759206
-18.5942 -55.1367 0.00829436
-18.5703 -55.1633 0.00773036
-17.9931 -55.0201 -0.00162978
-17.9689 -55.0476 -0.00180367
-17.9793 -55.0394 -0.00127975
-17.9558 -55.0659 -0.00152688
-17.6084 -55.1091 -0.000491057
-17.5829 -55.137 -0.000687816
-17.594 -55.1286 -0.000155571
-17.5691 -55.1554 -0.000424318
-17.0212 -55.0116 -0.010455
-16.9962 -55.0391 -0.0103374
-17.0071 -55.0305 -0.00998699
-16.9826 -55.057 -0.00993995
-16.6349 -55.1002 -0.0103954
-16.6085 -55.1281 -0.010297
-16.6202 -55.1193 -0.00994023
-16.5944 -55.1461 -0.00991103
-16.0318 -55.0192 -0.0164698
-16.0058 -55.0464 -0.016117
-16.0173 -55.0376 -0.0159096
-15.9919 -55.0638 -0.0156247
-15.6439 -55.1085 -0.0173213
-15.6166 -55.1361 -0.0169841
-15.6288 -55.127 -0.0167722
-15.6021 -55.1536 -0.0165016
-15.0298 -55.0224 -0.0152322
-15.0034 -55.0491 -0.0147749
-15.0152 -55.0401 -0.0146325
-14.9893 -55.066 -0.0142417
-14.6411 -55.1129 -0.0164972
-14.6135 -55.14 -0.0160538
-14.6259 -55.1308 -0.0159077
-14.5988 -55.1571 -0.0155295
-14.0203 -55.0364 -0.0115475
-13.9935 -55.0626 -0.0110145
-14.0055 -55.0535 -0.010921
-13.9792 -55.0788 -0.0104533
-13.6309 -55.1286 -0.0131328
-13.6028 -55.1551 -0.0126123
-13.6155 -55.1458 -0.0125158
-13.588 -55.1716 -0.0120591
-13.0365 -55.0515 -0.00509707
-13.0094 -55.077 -0.00452759
-13.0216 -55.0679 -0.00445771
-12.995 -55.0927 -0.00395292
-12.6467 -55.1456 -0.00684228
-12.6184 -55.1715 -0.00628451
-12.6312 -55.1622 -0.00621197
-12.6034 -55.1874 -0.0057174
-12.0166 -55.0432 -0.00871233
-11.989 -55.0681 -0.00807386
-12.0015 -55.059 -0.00805273
-11.9744 -55.0832 -0.00747705
-11.6259 -55.1396 -0.0107593
-11.5971 -55.1648 -0.010131
-11.6102 -55.1555 -0.0101079
-11.582 -55.1801 -0.00954099
-11.0137 -55.0758 -0.00539704
-10.9854 -55.1 -0.00468831
-10.9982 -55.0909 -0.00472668
-10.9705 -55.1144 -0.00407726
-10.6219 -55.1745 -0.00786039
-10.5924 -55.1991 -0.00715935
-10.6059 -55.1898 -0.00719672
-10.577 -55.2137 -0.00655357
-10.0115 -55.0726 0.00712664
-9.98259 -55.0959 0.00788482
-9.99583 -55.0869 0.00779917
-9.96743 -55.1097 0.00850142
-9.61855 -55.1741 0.00433308
-9.58846 -55.1979 0.00508574
-9.60232 -55.1887 0.00500028
-9.57276 -55.2118 0.00569834
-8.95782 -55.093 0.028234
-8.92821 -55.1154 0.0290153
-8.94185 -55.1066 0.028898
-8.91277 -55.1285 0.0296266
-8.56376 -55.1978 0.0251934
-8.533 -55.2207 0.025971
-8.54725 -55.2116 0.0258533
-8.51702 -55.2339 0.0265793
-7.98644 -55.0863 0.0319201
-7.95617 -55.108 0.0327065
-7.97021 -55.0993 0.0325677
-7.94046 -55.1204 0.0333044
-7.59119 -55.1944 0.028717
-7.55981 -55.2165 0.029501
-7.57444 -55.2076 0.0293615
-7.54357 -55.2291 0.030097
-6.98937 -55.0926 0.0144709
-6.95844 -55.1133 0.0152398
-6.97287 -55.1048 0.0150928
-6.94244 -55.1252 0.0158149
-6.59299 -55.2042 0.0111871
-6.56096 -55.2254 0.0119548
-6.57597 -55.2167 0.0118068
-6.54444 -55.2374 0.0125287
-5.96502 -55.0688 0.00978438
-5.93334 -55.0887 0.0105185
-5.94823 -55.0804 0.0103674
-5.91703 -55.0999 0.0110585
-5.56721 -55.1842 0.00645342
-5.53446 -55.2045 0.00718714
-5.54991 -55.196 0.00703504
-5.51765 -55.2159 0.00772664
-4.99455 -55.0339 0.0150298
-4.96208 -55.053 0.0157103
-4.97745 -55.0449 0.0155607
-4.94545 -55.0636 0.0162028
-4.5952 -55.1527 0.0117187
-4.5617 -55.1723 0.012399
-4.57761 -55.1639 0.0122489
-4.54458 -55.1831 0.0128916
-4.00067 -55.0284 0.0119691
-3.96739 -55.0467 0.0125797
-3.98324 -55.0388 0.0124438
-3.95043 -55.0569 0.0130201
-3.59988 -55.1508 0.00875251
-3.56559 -55.1696 0.00936278
-3.58198 -55.1615 0.00922695
-3.54815 -55.18 0.00980348
-3.00867 -55.0157 0.0127811
-2.97518 -55.0335 0.0133668
-2.99116 -55.0258 0.0132369
-2.95814 -55.0433 0.0137895
-2.60749 -55.1414 0.00960513
-2.573 -55.1596 0.0101903
-2.58951 -55.1516 0.0100607
-2.55548 -55.1695 0.0106133
-2.00456 -55.0083 0.00866116
-1.97056 -55.0255 0.00916153
-1.98685 -55.0179 0.00905681
-1.9533 -55.0348 0.00952763
-1.60249 -55.1372 0.00565244
-1.56751 -55.1548 0.00615139
-1.58432 -55.147 0.00604794
-1.54978 -55.1643 0.00651768
-1.02139 -55.0389 0.000478566
-0.986864 -55.0556 0.000887818
-1.00346 -55.0481 0.000814851
-0.969374 -55.0646 0.0011974
-0.618552 -55.1708 -0.00235874
-0.58306 -55.1879 -0.00195186
-0.600166 -55.1802 -0.00202269
-0.56511 -55.1971 -0.0016423
-0.00717281 -55.0229 0.00738329
0.0274649 -55.0391 0.00785965
0.010786 -55.0317 0.00774035
0.0449929 -55.0478 0.00819236
0.397078 -55.1577 0.00470636
0.43267 -55.1743 0.00518249
0.41549 -55.1667 0.00506414
0.450653 -55.1832 0.00551614
0.985048 -54.9986 0.00668325
1.0198 -55.0143 0.00721102
1.00304 -55.007 0.00705576
1.03736 -55.0225 0.00756105
1.39073 -55.136 0.00418162
1.42642 -55.1521 0.00471084
1.40917 -55.1447 0.0045556
1.44443 -55.1606 0.00506257
1.98116 -55.0148 0.0122837
2.01604 -55.0299 0.0128463
1.9992 -55.0229 0.0126643
2.03365 -55.0378 0.0132062
2.38766 -55.1547 0.0100009
2.42346 -55.1702 0.0105658
2.40614 -55.1629 0.0103834
2.44152 -55.1783 0.0109277
2.98476 -55.0281 0.00449104
3.01975 -55.0425 0.00512583
3.00283 -55.0357 0.00489311
3.03741 -55.05 0.00550975
3.39375 -55.1702 0.002427
3.42966 -55.185 0.00306888
3.41226 -55.1781 0.00283309
3.44775 -55.1927 0.00345708
3.94623 -54.9969 -0.00152385
3.98132 -55.0106 -0.000849863
3.96433 -55.0041 -0.00111192
3.99899 -55.0177 -0.000454348
4.35708 -55.1412 -0.00331982
4.39306 -55.1553 -0.00263572
4.3756 -55.1486 -0.0029025
4.41117 -55.1626 -0.00223455
4.97259 -55.0159 0.00141728
5.00779 -55.0289 0.00211685
4.99072 -55.0226 0.00183423
5.02551 -55.0355 0.00251876
5.3852 -55.1621 -9.59027e-05
5.42128 -55.1755 0.000616847
5.40375 -55.1691 0.00032784
5.43942 -55.1824 0.00102582
5.98886 -55.0395 -0.00221691
6.02423 -55.0517 -0.00148695
6.00705 -55.0458 -0.00179522
6.04201 -55.0579 -0.00107847
6.40387 -55.1872 -0.0032909
6.44009 -55.1998 -0.00254328
6.42247 -55.1937 -0.00286037
6.45829 -55.2062 -0.00212566
6.99872 -55.0024 -0.00265191
7.03419 -55.0139 -0.00189548
7.01693 -55.0083 -0.00222712
7.052 -55.0197 -0.00148214
7.41598 -55.1511 -0.00324689
7.45229 -55.1628 -0.00246826
7.43459 -55.1571 -0.00281119
7.4705 -55.1688 -0.0020437
7.97484 -54.9942 0.00860412
8.01037 -55.0049 0.00936087
7.99306 -54.9997 0.00902643
8.0282 -55.0103 0.00977217
8.39327 -55.1434 0.00822792
8.42963 -55.1544 0.00900873
8.4119 -55.1491 0.00866198
8.44786 -55.16 0.00943211
9.00281 -54.9825 0.0105166
9.03845 -54.9924 0.0112674
9.02107 -54.9876 0.0109319
9.05632 -54.9973 0.0116724
9.42325 -55.1321 0.0105762
9.4597 -55.1422 0.0113545
9.4419 -55.1373 0.0110048
9.47795 -55.1473 0.0117731
10.0246 -54.9999 0.00516133
10.0604 -55.0089 0.0058945
10.0429 -55.0045 0.00556532
10.0784 -55.0135 0.00628852
10.4474 -55.1493 0.0056906
10.484 -55.1585 0.00645484
10.4661 -55.154 0.00610949
10.5023 -55.1632 0.00686409
11.0239 -54.9695 0.0156689
11.0599 -54.9777 0.0163728
11.0423 -54.9737 0.0160555
11.0778 -54.9819 0.0167498
11.4491 -55.1179 0.0168654
11.4858 -55.1264 0.0176053
11.4678 -55.1222 0.017269
11.5041 -55.1306 0.0179997
12.0339 -54.9471 -0.000118701
12.0699 -54.9546 0.00054003
12.0522 -54.9509 0.000245507
12.0879 -54.9583 0.00089449
12.4614 -55.0942 0.00169476
12.4982 -55.1019 0.00239432
12.4802 -55.098 0.00207814
12.5166 -55.1057 0.00276835
13.0222 -54.9685 0.0125526
13.0585 -54.9753 0.0131196
13.0407 -54.9719 0.0128753
13.0766 -54.9787 0.0134316
13.4534 -55.1138 0.0152418
13.4904 -55.1207 0.0158573
13.4722 -55.1172 0.0155869
13.5088 -55.1241 0.0161921
14.035 -54.9628 0.0105138
14.0713 -54.969 0.0110785
14.0535 -54.9659 0.0108332
14.0894 -54.972 0.0113876
14.4675 -55.1052 0.0136653
14.5045 -55.1115 0.014277
14.4863 -55.1083 0.0140065
14.5229 -55.1145 0.0146083
15.0203 -54.9343 0.018976
15.0566 -54.9399 0.0195203
15.0387 -54.937 0.0192847
15.0747 -54.9426 0.0198188
15.4539 -55.0734 0.0226816
15.4909 -55.079 0.0232724
15.4727 -55.0762 0.0230118
15.5094 -55.0818 0.0235928
16.0101 -54.9206 0.00589753
16.0464 -54.9257 0.00646678
16.0285 -54.923 0.00621008
16.0645 -54.9281 0.0067708
16.4436 -55.0546 0.0109372
16.4806 -55.0597 0.0115469
16.4624 -55.0571 0.0112685
16.499 -55.0621 0.01187
17.0232 -54.9151 0.00221271
17.0596 -54.9196 0.00279059
17.0417 -54.9172 0.00252775
17.0776 -54.9217 0.00309745
17.4565 -55.0432 0.00745808
17.4935 -55.0476 0.00807518
17.4753 -55.0452 0.00779138
17.5119 -55.0497 0.00840063
18.0176 -54.8972 0.000469203
18.054 -54.9011 0.00105036
18.0361 -54.899 0.000778343
18.0721 -54.9029 0.00135278
18.4516 -55.0189 0.00734979
18.4886 -55.0227 0.00796459
18.4703 -55.0206 0.00767472
18.507 -55.0245 0.00828304
19.0142 -54.9029 -0.00684337
19.0506 -54.9062 -0.00625833
19.0326 -54.9044 -0.00654028
19.0687 -54.9077 -0.0059604
19.449 -55.0166 0.00175782
19.4861 -55.0198 0.00237056
19.4678 -55.018 0.00207407
19.5044 -55.0212 0.00268179
20.0071 -54.908 -0.00107303
20.0436 -54.9107 -0.00048607
20.0256 -54.9092 -0.000774682
20.0617 -54.9119 -0.000191793
20.4426 -55.0121 0.0087777
20.4796 -55.0146 0.00938806
20.4613 -55.0132 0.00908732
20.498 -55.0158 0.00969368
20.9833 -54.9005 -0.0131218
21.0198 -54.9026 -0.0125343
21.0017 -54.9014 -0.0128276
21.0379 -54.9035 -0.0122433
21.4193 -54.9938 -0.00228166
21.4563 -54.9958 -0.00167409
21.438 -54.9947 -0.00197768
21.4747 -54.9967 -0.00137332
21.9677 -54.8998 -0.0175064
22.0042 -54.9014 -0.0169196
21.9861 -54.9005 -0.0172157
22.0223 -54.902 -0.0166315
22.4042 -54.9815 -0.00594088
22.4413 -54.9828 -0.00533656
22.4229 -54.982 -0.00564152
22.4597 -54.9834 -0.00503986
22.9846 -54.904 -0.00919531
23.0211 -54.9049 -0.00861077
23.003 -54.9043 -0.00890758
23.0393 -54.9053 -0.00832534
23.4217 -54.9728 0.0028214
23.4588 -54.9735 0.00342197
23.4404 -54.973 0.00311718
23.4772 -54.9738 0.00371539
23.9858 -54.9293 -0.0151721
24.0224 -54.9297 -0.0145939
24.0043 -54.9294 -0.014889
24.0405 -54.9298 -0.0143129
24.424 -54.9849 -0.00267314
24.4612 -54.985 -0.00208039
24.4428 -54.9848 -0.00238266
24.4796 -54.985 -0.00179206
24.9936 -54.9088 -0.018567
25.0302 -54.9086 -0.0179983
25.012 -54.9086 -0.0182886
25.0484 -54.9084 -0.017722
25.4324 -54.9507 -0.0058607
25.4696 -54.9502 -0.00527779
25.4511 -54.9503 -0.00557513
25.488 -54.9499 -0.00499444
25.989 -54.9246 -0.0220527
26.0258 -54.9238 -0.0214954
26.0075 -54.9241 -0.0217786
26.0439 -54.9233 -0.0212238
26.4288 -54.9527 -0.0094166
26.4661 -54.9516 -0.00884454
26.4476 -54.9521 -0.00913505
26.4845 -54.951 -0.00856555
26.9961 -54.9089 -0.0288466
27.0328 -54.9075 -0.0283024
27.0145 -54.9081 -0.0285762
27.051 -54.9067 -0.0280352
27.4365 -54.9231 -0.0165543
27.4737 -54.9215 -0.0159938
27.4552 -54.9222 -0.0162759
27.4921 -54.9206 -0.0157186
27.991 -54.943 -0.00919466
28.0279 -54.9411 -0.00866598
28.0095 -54.942 -0.00892766
28.046 -54.9401 -0.00840299
28.4327 -54.9439 0.00247194
28.47 -54.9417 0.00301968
28.4514 -54.9427 0.00274813
28.4884 -54.9406 0.00329185
28.9812 -54.9858 -0.0097957
29.0181 -54.9833 -0.00927667
28.9997 -54.9845 -0.00953019
29.0363 -54.9821 -0.00901586
29.4238 -54.9746 0.0014165
29.4611 -54.9719 0.00195668
29.4425 -54.9731 0.0016921
29.4795 -54.9705 0.0022276
29.9995 -54.9557 -0.00302551
30.0365 -54.9527 -0.00252876
30.018 -54.9541 -0.00276278
30.0547 -54.9511 -0.00227247
30.4427 -54.9319 0.00696227
30.48 -54.9287 0.00748549
30.4614 -54.9302 0.00723735
30.4984 -54.927 0.00775426
30.9641 -54.944 -0.00874184
31.001 -54.9405 -0.00824474
30.9826 -54.9422 -0.00847959
31.0192 -54.9388 -0.00798879
31.407 -54.9106 0.00108494
31.4443 -54.9068 0.00160816
31.4257 -54.9086 0.00135937
31.4627 -54.9049 0.00187641
31.9655 -54.9771 -0.0159744
32.0024 -54.9731 -0.0154717
31.984 -54.975 -0.0157126
32.0206 -54.9711 -0.0152156
32.4083 -54.934 -0.00613204
32.4457 -54.9297 -0.00560524
32.427 -54.9317 -0.005859
32.4641 -54.9275 -0.00533772
32.9826 -54.9737 -0.0373315
33.0196 -54.9691 -0.0368175
33.0011 -54.9713 -0.0370711
33.0378 -54.9668 -0.0365612
33.4248 -54.9206 -0.0277079
33.4622 -54.9158 -0.027174
33.4435 -54.9181 -0.0274382
33.4806 -54.9133 -0.0269084
33.9917 -54.9967 -0.0355793
34.0287 -54.9917 -0.0350549
34.0102 -54.9941 -0.0353198
34.0469 -54.9891 -0.0347984
34.4335 -54.9341 -0.0261398
34.4709 -54.9287 -0.0255993
34.4522 -54.9313 -0.0258728
34.4892 -54.926 -0.0253352
35.0532 -54.9899 -0.0260738
35.0902 -54.9844 -0.0255402
35.0717 -54.987 -0.0258147
35.1084 -54.9815 -0.025283
35.4943 -54.9175 -0.0167863
35.5317 -54.9115 -0.0162398
35.513 -54.9144 -0.0165212
35.5501 -54.9085 -0.0159766
36.0759 -55.0468 -0.0174819
36.1129 -55.0407 -0.0169404
36.0944 -55.0437 -0.0172228
36.1311 -55.0376 -0.0166824
36.5169 -54.965 -0.0083068
36.5544 -54.9584 -0.00775484
36.5356 -54.9616 -0.0080428
36.5728 -54.9551 -0.00749195
37.0722 -55.0295 -0.00912758
37.1093 -55.0228 -0.00857904
37.0907 -55.0261 -0.00886795
37.1275 -55.0194 -0.00831993
37.5125 -54.9386 -3.60986e-05
37.5499 -54.9315 0.000520832
37.5312 -54.935 0.000227458
37.5683 -54.928 0.000783851
38.0771 -55.031 -0.00645698
38.1142 -55.0238 -0.00590248
38.0956 -55.0274 -0.00619639
38.1324 -55.0202 -0.00564202
38.5168 -54.9312 0.00258246
38.5543 -54.9235 0.00314386
38.5355 -54.9273 0.00284628
38.5726 -54.9197 0.00340752
39.0546 -55.0405 -0.00680338
39.0918 -55.0327 -0.00624395
39.0732 -55.0366 -0.00654138
39.11 -55.0288 -0.0059819
39.4939 -54.9319 0.0022159
39.5313 -54.9237 0.00278126
39.5125 -54.9278 0.00248068
39.5497 -54.9196 0.00304605
40.0309 -55.0225 0.00421303
40.068 -55.0141 0.00477647
40.0494 -55.0183 0.00447689
40.0862 -55.01 0.00504036
40.4693 -54.9052 0.0132402
40.5068 -54.8965 0.013809
40.488 -54.9008 0.0135066
40.5251 -54.8921 0.0140754
41.0421 -55.0149 0.0129488
41.0792 -55.006 0.0135153
41.0606 -55.0105 0.013215
41.0974 -55.0016 0.0137812
41.4799 -54.8887 0.0220143
41.5173 -54.8793 0.0225863
41.4985 -54.884 0.0222831
41.5357 -54.8747 0.0228548
42.0254 -55.0196 0.011113
42.0625 -55.0101 0.0116814
42.0439 -55.0148 0.0113819
42.0808 -55.0054 0.0119497
42.4626 -54.8845 0.0202483
42.5001 -54.8746 0.0208227
42.4813 -54.8796 0.02052
42.5184 -54.8698 0.0210938
43.0147 -55.0427 0.0017078
43.0519 -55.0327 0.00227708
43.0332 -55.0377 0.00197992
43.0701 -55.0277 0.00254796
43.4515 -54.8988 0.010947
43.489 -54.8883 0.0115234
43.4702 -54.8936 0.0112225
43.5074 -54.8832 0.0117976
43.9894 -55.0593 -0.00899808
44.0267 -55.0487 -0.00842901
44.0079 -55.0541 -0.0087223
44.0449 -55.0435 -0.00815532
44.4258 -54.9065 0.000377706
44.4633 -54.8955 0.000955568
44.4445 -54.901 0.000657634
44.4817 -54.8901 0.00123339
44.9954 -55.0688 0.0019094
45.0326 -55.0576 0.00247717
45.0139 -55.0632 0.00218929
45.0508 -55.0521 0.00275392
45.4313 -54.9066 0.0114544
45.4688 -54.895 0.0120332
45.4499 -54.9009 0.0117395
45.4871 -54.8894 0.0123151
45.9773 -55.0681 -0.0061904
46.0145 -55.0563 -0.00562045
45.9958 -55.0623 -0.00590879
46.0327 -55.0506 -0.00534215
46.4129 -54.8967 0.00337459
46.4504 -54.8845 0.00395559
46.4315 -54.8907 0.00366143
46.4687 -54.8786 0.00423911
46.9834 -55.0536 -0.00210556
47.0206 -55.0413 -0.00153433
47.0019 -55.0476 -0.00182278
47.0389 -55.0353 -0.00125499
47.4188 -54.8727 0.00749176
47.4563 -54.8599 0.00807415
47.4374 -54.8664 0.00777982
47.4746 -54.8537 0.00835875
47.998 -55.0371 -0.015221
48.0353 -55.0242 -0.014649
48.0165 -55.0307 -0.0149372
48.0535 -55.0179 -0.0143688
48.4331 -54.8464 -0.0055828
48.4706 -54.8331 -0.00499947
48.4517 -54.8398 -0.00529369
48.4889 -54.8265 -0.00471396
48.978 -55.0304 -0.00353359
49.0152 -55.0169 -0.00296136
48.9965 -55.0237 -0.00324905
49.0334 -55.0104 -0.00268055
49.4129 -54.8303 0.00615343
49.4504 -54.8164 0.00673729
49.4315 -54.8235 0.00644348
49.4687 -54.8096 0.00702359
49.9708 -55.0475 0.00578786
50.008 -55.0335 0.0063598
49.9893 -55.0406 0.00607305
50.0263 -55.0267 0.00664109
50.4057 -54.8379 0.0155323
50.4432 -54.8234 0.0161163
50.4244 -54.8307 0.0158232
50.4616 -54.8163 0.0164032
49.9607 -54.0513 1.58287
49.9973 -54.0373 1.58344
49.9789 -54.0444 1.58315
50.0153 -54.0304 1.58372
50.3859 -53.8418 1.59263
50.4228 -53.8273 1.59321
50.4042 -53.8346 1.59292
50.4408 -53.8202 1.5935
49.945 -53.0364 1.57794
49.9811 -53.0224 1.57851
49.963 -53.0294 1.57822
49.9988 -53.0155 1.57879
50.3603 -52.8271 1.58771
50.3966 -52.8126 1.58829
50.3783 -52.82 1.588
50.4144 -52.8055 1.58858
49.9459 -52.038 1.57755
49.9815 -52.024 1.57813
49.9636 -52.0311 1.57784
49.9988 -52.0172 1.57841
50.3513 -51.8289 1.58736
50.3871 -51.8144 1.58794
50.3691 -51.8217 1.58765
50.4045 -51.8073 1.58823
49.9594 -51.0126 1.56712
49.9944 -50.9985 1.5677
49.9768 -51.0056 1.56741
50.0115 -50.9917 1.56799
50.3547 -50.8034 1.57691
50.3899 -50.7889 1.5775
50.3722 -50.7962 1.57721
50.407 -50.7818 1.57779
49.9748 -49.9937 1.57007
50.0092 -49.9796 1.57065
49.9919 -49.9867 1.57036
50.026 -49.9728 1.57094
50.3601 -49.7844 1.57988
50.3946 -49.7699 1.58047
50.3773 -49.7772 1.58017
50.4115 -49.7628 1.58076
49.9873 -49.0089 1.56549
50.0211 -48.9948 1.56607
50.0041 -49.0019 1.56578
50.0376 -48.988 1.56636
50.3629 -48.7995 1.57536
50.3968 -48.785 1.57595
50.3797 -48.7924 1.57565
50.4134 -48.778 1.57624
49.989 -48.0055 1.57042
50.0222 -47.9914 1.57101
50.0055 -47.9985 1.57071
50.0384 -47.9846 1.57129
50.3544 -47.7963 1.58044
50.3877 -47.7818 1.58104
50.3709 -47.7891 1.58074
50.404 -47.7747 1.58133
49.9971 -47.0054 1.56836
50.0297 -46.9914 1.56895
50.0133 -46.9985 1.56866
50.0456 -46.9845 1.56925
50.3523 -46.7964 1.57853
50.3851 -46.7819 1.57914
50.3686 -46.7893 1.57884
50.4011 -46.7749 1.57943
50.0016 -46.0051 1.56937
50.0336 -45.991 1.56997
50.0175 -45.9981 1.56968
50.0493 -45.9842 1.57027
50.3465 -45.7963 1.57972
50.3787 -45.7819 1.58033
50.3625 -45.7892 1.58002
50.3944 -45.7748 1.58063
50.0085 -45.0146 1.56492
50.04 -45.0006 1.56552
50.0241 -45.0077 1.56522
50.0553 -44.9937 1.56582
50.3431 -44.8059 1.57529
50.3746 -44.7915 1.5759
50.3587 -44.7988 1.57559
50.3901 -44.7844 1.5762
49.9983 -44.0142 1.5687
50.0291 -44.0001 1.56931
50.0136 -44.0073 1.56901
50.0442 -43.9933 1.5696
50.3224 -43.8057 1.57908
50.3533 -43.7913 1.57969
50.3377 -43.7986 1.57939
50.3684 -43.7842 1.58
49.9913 -43.0492 1.55974
50.0215 -43.0352 1.56035
50.0063 -43.0423 1.56005
50.0363 -43.0283 1.56065
50.3052 -42.8411 1.57009
50.3355 -42.8267 1.57071
50.3202 -42.834 1.5704
50.3503 -42.8196 1.57102
50.0255 -42.0223 1.56371
50.0551 -42.0082 1.56433
50.0402 -42.0154 1.56402
50.0696 -42.0014 1.56463
50.3285 -41.8141 1.57398
50.3582 -41.7996 1.5746
50.3433 -41.807 1.57429
50.3727 -41.7926 1.57491
50.0329 -41.0307 1.56643
50.062 -41.0166 1.56705
50.0473 -41.0238 1.56674
50.0761 -41.0098 1.56735
50.3257 -40.8226 1.57663
50.3548 -40.8081 1.57726
50.3401 -40.8155 1.57695
50.3689 -40.8011 1.57757
50.0365 -40.03 1.55647
50.0649 -40.016 1.55709
50.0506 -40.0231 1.55678
50.0788 -40.0091 1.5574
50.3189 -39.8221 1.56658
50.3474 -39.8077 1.5672
50.333 -39.815 1.56689
50.3612 -39.8006 1.56752
50.0598 -39.0225 1.56772
50.0876 -39.0084 1.56834
50.0735 -39.0155 1.56803
50.1011 -39.0015 1.56865
50.3318 -38.8145 1.57762
50.3596 -38.8 1.57826
50.3456 -38.8074 1.57794
50.3732 -38.793 1.57857
50.0439 -38.0181 1.56128
50.0711 -38.0041 1.5619
50.0573 -38.0112 1.56159
50.0843 -37.9972 1.56221
50.3058 -37.8105 1.5712
50.333 -37.7961 1.57184
50.3193 -37.8034 1.57152
50.3463 -37.789 1.57215
50.0704 -37.0346 1.57845
50.0969 -37.0205 1.57907
50.0835 -37.0276 1.57876
50.1098 -37.0136 1.57938
50.3225 -36.8269 1.58823
50.349 -36.8125 1.58886
50.3356 -36.8198 1.58855
50.362 -36.8055 1.58918
50.0619 -36.0356 1.56873
50.0878 -36.0215 1.56936
50.0747 -36.0287 1.56904
50.1004 -36.0147 1.56967
50.3041 -35.8283 1.57841
50.33 -35.8138 1.57904
50.3169 -35.8212 1.57873
50.3427 -35.8068 1.57936
50.0458 -35.0551 1.56573
50.0711 -35.0411 1.56636
50.0583 -35.0482 1.56605
50.0834 -35.0342 1.56668
50.2783 -34.8483 1.57519
50.3036 -34.8339 1.57584
50.2908 -34.8412 1.57551
50.3159 -34.8269 1.57615
50.0366 -34.0213 1.56605
50.0613 -34.0072 1.56669
50.0488 -34.0143 1.56637
50.0733 -34.0004 1.567
50.2591 -33.8148 1.57534
50.2837 -33.8004 1.57598
50.2712 -33.8077 1.57566
50.2957 -33.7934 1.5763
50.058 -33.0283 1.56439
50.082 -33.0142 1.56503
50.0699 -33.0214 1.56471
50.0937 -33.0074 1.56535
50.271 -32.8218 1.57346
50.295 -32.8074 1.57411
50.2828 -32.8148 1.57378
50.3066 -32.8004 1.57443
50.057 -32.0535 1.5702
50.0804 -32.0394 1.57084
50.0686 -32.0465 1.57052
50.0918 -32.0325 1.57116
50.2611 -31.8472 1.57921
50.2845 -31.8328 1.57986
50.2727 -31.8401 1.57953
50.2958 -31.8258 1.58018
50.0832 -31.0557 1.57253
50.1059 -31.0416 1.57318
50.0944 -31.0488 1.57285
50.117 -31.0348 1.57349
50.2782 -30.8496 1.58121
50.3009 -30.8352 1.58186
50.2894 -30.8425 1.58153
50.3119 -30.8282 1.58218
50.0739 -30.0476 1.56232
50.096 -30.0335 1.56297
50.0848 -30.0407 1.56264
50.1067 -30.0267 1.56329
50.2601 -29.8418 1.57082
50.2821 -29.8274 1.57148
50.271 -29.8347 1.57115
50.2928 -29.8204 1.5718
50.0858 -29.0555 1.56634
50.1072 -29.0415 1.567
50.0964 -29.0486 1.56667
50.1176 -29.0346 1.56732
50.2634 -28.8499 1.57466
50.2848 -28.8355 1.57532
50.2739 -28.8428 1.57498
50.2951 -28.8285 1.57564
50.0748 -28.0594 1.569
50.0956 -28.0453 1.56967
50.0851 -28.0525 1.56933
50.1057 -28.0385 1.57
50.2441 -27.8542 1.5771
50.2648 -27.8398 1.57778
50.2543 -27.8471 1.57744
50.2749 -27.8328 1.57811
50.08 -27.0757 1.57285
50.1001 -27.0617 1.57353
50.0899 -27.0688 1.57318
50.1099 -27.0548 1.57386
50.2414 -26.8707 1.58082
50.2614 -26.8564 1.5815
50.2512 -26.8637 1.58116
50.2711 -26.8494 1.58184
50.0617 -26.0611 1.57123
50.0811 -26.047 1.57192
50.0713 -26.0542 1.57157
50.0906 -26.0402 1.57225
50.215 -25.8565 1.57904
50.2344 -25.8422 1.57974
50.2246 -25.8495 1.57939
50.2438 -25.8352 1.58008
50.0349 -25.0562 1.57656
50.0536 -25.0422 1.57725
50.0441 -25.0494 1.5769
50.0627 -25.0354 1.57759
50.1803 -24.8519 1.5843
50.1989 -24.8376 1.585
50.1895 -24.8449 1.58465
50.208 -24.8307 1.58534
50.0509 -24.0505 1.57805
50.0689 -24.0364 1.57875
50.0598 -24.0436 1.57839
50.0776 -24.0296 1.57909
50.1886 -23.8463 1.58561
50.2066 -23.8321 1.58631
50.1975 -23.8393 1.58595
50.2153 -23.8251 1.58666
50.0502 -23.0539 1.5741
50.0675 -23.0399 1.57481
50.0587 -23.047 1.57445
50.0758 -23.0331 1.57515
50.1804 -22.8502 1.5814
50.1976 -22.836 1.58211
50.1889 -22.8432 1.58175
50.206 -22.829 1.58246
50.0445 -22.0597 1.57056
50.0611 -22.0458 1.57127
50.0527 -22.0529 1.57091
50.0691 -22.039 1.57161
50.1676 -21.8562 1.5778
50.1841 -21.842 1.57851
50.1757 -21.8493 1.57815
50.1921 -21.8351 1.57886
50.0622 -21.0421 1.56771
50.078 -21.0281 1.56842
50.07 -21.0353 1.56806
50.0857 -21.0214 1.56877
50.1779 -20.8388 1.57476
50.1937 -20.8246 1.57548
50.1857 -20.8318 1.57511
50.2014 -20.8177 1.57583
50.0773 -20.0589 1.56856
50.0925 -20.045 1.56927
50.0848 -20.0521 1.56891
50.0998 -20.0382 1.56962
50.186 -19.8558 1.57548
50.2011 -19.8415 1.5762
50.1934 -19.8488 1.57583
50.2084 -19.8346 1.57654
50.0814 -19.0682 1.57693
50.0958 -19.0542 1.57764
50.0885 -19.0613 1.57728
50.1028 -19.0474 1.57798
50.1832 -18.8654 1.58359
50.1976 -18.8512 1.5843
50.1903 -18.8584 1.58393
50.2045 -18.8443 1.58464
50.0479 -18.0533 1.56874
50.0616 -18.0394 1.56944
50.0546 -18.0465 1.56908
50.0682 -18.0327 1.56978
50.143 -17.8511 1.57525
50.1566 -17.8369 1.57596
50.1497 -17.8441 1.57559
50.1632 -17.83 1.5763
50.058 -17.0361 1.5765
50.0709 -17.0222 1.5772
50.0644 -17.0293 1.57684
50.0772 -17.0154 1.57754
50.1464 -16.8339 1.58297
50.1593 -16.8197 1.58367
50.1528 -16.8269 1.58331
50.1655 -16.8129 1.58401
50.0545 -16.0616 1.57218
50.0667 -16.0477 1.57287
50.0605 -16.0548 1.57251
50.0727 -16.041 1.5732
50.1366 -15.8597 1.57852
50.1488 -15.8455 1.57922
50.1426 -15.8528 1.57886
50.1547 -15.8387 1.57955
50.0416 -15.047 1.57491
50.0532 -15.0332 1.5756
50.0474 -15.0402 1.57524
50.0588 -15.0264 1.57593
50.1174 -14.8453 1.58121
50.1288 -14.8312 1.5819
50.1231 -14.8384 1.58155
50.1344 -14.8244 1.58223
50.0789 -14.068 1.57592
50.0898 -14.0541 1.5766
50.0843 -14.0611 1.57625
50.0951 -14.0473 1.57692
50.1485 -13.8662 1.58214
50.1593 -13.8521 1.58282
50.1538 -13.8593 1.58247
50.1646 -13.8452 1.58315
50.0702 -13.0482 1.5717
50.0804 -13.0343 1.57237
50.0753 -13.0414 1.57202
50.0854 -13.0276 1.57269
50.1335 -12.8466 1.57784
50.1436 -12.8325 1.57851
50.1385 -12.8397 1.57817
50.1485 -12.8257 1.57884
50.0656 -12.0562 1.57531
50.0751 -12.0423 1.57596
50.0703 -12.0494 1.57562
50.0798 -12.0356 1.57627
50.1228 -11.8551 1.5813
50.1322 -11.841 1.58194
50.1275 -11.8482 1.58161
50.1368 -11.8341 1.58225
50.0532 -11.0309 1.56931
50.062 -11.017 1.56995
50.0576 -11.0241 1.56962
50.0664 -11.0103 1.57026
50.1043 -10.83 1.57525
50.113 -10.816 1.57589
50.1086 -10.8231 1.57555
50.1173 -10.8091 1.57619
50.0552 -10.0452 1.57218
50.0634 -10.0313 1.5728
50.0593 -10.0384 1.57248
50.0675 -10.0246 1.5731
50.1005 -9.84446 1.578
50.1086 -9.83041 1.57862
50.1046 -9.83759 1.5783
50.1126 -9.82361 1.57892
50.0593 -9.03107 1.56997
50.0669 -9.01726 1.57057
50.0631 -9.02431 1.57026
50.0706 -9.01056 1.57086
50.0987 -8.83057 1.5757
50.1062 -8.81654 1.5763
50.1025 -8.82371 1.57599
50.1099 -8.80975 1.5766
50.0477 -8.04977 1.5769
50.0547 -8.03597 1.5775
50.0512 -8.04301 1.57719
50.0581 -8.02928 1.5778
50.0815 -7.84936 1.58262
50.0884 -7.83535 1.58322
50.085 -7.84251 1.58291
50.0918 -7.82856 1.58351
50.0627 -7.05773 1.57818
50.0691 -7.04395 1.57876
50.0659 -7.05099 1.57846
50.0723 -7.03728 1.57904
50.091 -6.85752 1.58377
50.0973 -6.84354 1.58436
50.0942 -6.85068 1.58406
50.1004 -6.83677 1.58464
50.0608 -6.07075 1.57948
50.0667 -6.05701 1.58004
50.0638 -6.06403 1.57975
50.0695 -6.05036 1.58031
50.0838 -5.87091 1.58496
50.0895 -5.85697 1.58552
50.0867 -5.8641 1.58523
50.0923 -5.85023 1.58579
50.0323 -5.05262 1.57028
50.0375 -5.03893 1.57082
50.0349 -5.04593 1.57054
50.0401 -5.03231 1.57108
50.0498 -4.8532 1.57569
50.0549 -4.83931 1.57623
50.0524 -4.84641 1.57596
50.0575 -4.8326 1.5765
49.0378 -5.04677 -3.13877
49.043 -5.03359 -3.13823
49.0405 -5.04035 -3.13851
49.0456 -5.02724 -3.13797
49.0554 -4.85289 -3.13337
49.0604 -4.83952 -3.13283
49.058 -4.84637 -3.13311
49.063 -4.83307 -3.13257
48.0496 -5.06755 -3.13829
48.0548 -5.05489 -3.13773
48.0523 -5.06137 -3.13803
48.0574 -5.04878 -3.13747
48.0672 -4.87898 -3.13278
48.0723 -4.86614 -3.13221
48.0698 -4.87271 -3.13251
48.0748 -4.85993 -3.13195
47.0404 -5.06737 3.12983
47.0456 -5.05525 3.13036
47.0431 -5.06144 3.13009
47.0482 -5.04939 3.13061
47.0582 -4.88466 3.13532
47.0632 -4.87236 3.13585
47.0608 -4.87865 3.13558
47.0658 -4.8664 3.1361
46.0363 -5.0816 -3.13851
46.0415 -5.06999 -3.13801
46.039 -5.07593 -3.13827
46.044 -5.06437 -3.13777
46.0543 -4.9047 -3.13313
46.0593 -4.8929 -3.13263
46.0569 -4.89894 -3.13289
46.0619 -4.88719 -3.13239
45.0189 -5.07529 3.14015
45.024 -5.06418 3.14065
45.0215 -5.06986 3.1404
45.0265 -5.05881 3.14089
45.0368 -4.90398 -3.13768
45.0418 -4.89269 -3.13718
45.0394 -4.89847 -3.13744
45.0443 -4.88722 -3.13694
45.0658 -4.07945 1.5751
45.0704 -4.06832 1.57559
45.0681 -4.07401 1.57534
45.0726 -4.06293 1.57583
45.0783 -3.90802 1.58042
45.0828 -3.89671 1.58091
45.0806 -3.9025 1.58066
45.0851 -3.89123 1.58115
45.0476 -3.08124 1.58591
45.0517 -3.07011 1.58639
45.0497 -3.07581 1.58615
45.0538 -3.06473 1.58663
45.055 -2.90993 1.59122
45.059 -2.89862 1.5917
45.057 -2.90441 1.59146
45.061 -2.89316 1.59193
45.0254 -2.06842 1.5803
45.029 -2.05731 1.58076
45.0273 -2.06299 1.58053
45.0308 -2.05193 1.58099
45.0275 -1.89725 1.58561
45.031 -1.88596 1.58608
45.0293 -1.89174 1.58584
45.0327 -1.8805 1.5863
45.0199 -1.08397 1.56824
45.023 -1.07286 1.56868
45.0215 -1.07855 1.56846
45.0245 -1.06749 1.56889
45.0168 -0.912847 1.57358
45.0198 -0.901563 1.57402
45.0184 -0.907344 1.5738
45.0213 -0.896111 1.57424
45.0119 -0.0842587 1.57535
45.0145 -0.073195 1.57575
45.0133 -0.0788656 1.57554
45.0159 -0.0678509 1.57594
45.0039 0.0865318 1.58037
45.0065 0.0977676 1.58078
45.0053 0.0920049 1.58057
45.0078 0.103191 1.58097
44.9935 0.909716 1.58084
44.9958 0.92073 1.58121
44.9947 0.915079 1.58102
44.997 0.926045 1.58138
44.981 1.08013 1.58565
44.9832 1.09131 1.58602
44.9822 1.08557 1.58583
44.9843 1.09671 1.5862
45.0021 1.89603 1.57936
45.0041 1.907 1.5797
45.0032 1.90137 1.57952
45.0051 1.9123 1.57986
44.9853 2.0662 1.58407
44.9872 2.07734 1.58441
44.9863 2.07161 1.58423
44.9881 2.08271 1.58457
45.0065 2.90684 1.56715
45.0082 2.91777 1.56747
45.0074 2.91215 1.5673
45.0091 2.92303 1.56762
44.9854 3.07674 1.57186
44.9869 3.08784 1.57219
44.9862 3.08212 1.57201
44.9877 3.09318 1.57234
44.9945 3.89179 1.57164
44.9958 3.90271 1.57195
44.9953 3.89709 1.57179
44.9966 3.90797 1.5721
44.9688 4.06156 1.57634
44.97 4.07265 1.57666
44.9695 4.06695 1.57649
44.9707 4.07799 1.57681
45.0172 4.89516 1.56704
45.0182 4.90608 1.56735
45.0178 4.90046 1.56718
45.0188 4.91133 1.5675
44.9868 5.06497 1.57176
44.9877 5.07606 1.57207
44.9874 5.07035 1.5719
44.9882 5.0814 1.57222
45.0077 5.91333 1.57283
45.0084 5.92422 1.57313
45.0082 5.91862 1.57297
45.0089 5.92947 1.57327
44.9727 6.08294 1.57752
44.9733 6.09399 1.57782
44.9731 6.0883 1.57766
44.9737 6.09931 1.57796
45.0141 6.91546 1.57003
45.0145 6.92632 1.57031
45.0144 6.92073 1.57016
45.0148 6.93155 1.57044
44.9745 7.08489 1.57462
44.9748 7.09592 1.5749
44.9748 7.09023 1.57474
44.9751 7.10122 1.57503
45.0148 7.9149 1.56704
45.015 7.9257 1.56728
45.0151 7.92013 1.56715
45.0153 7.9309 1.56739
44.971 8.08411 1.57146
44.971 8.09508 1.5717
44.9712 8.08942 1.57157
44.9712 8.10035 1.57182
45.031 8.9175 1.57306
45.031 8.92825 1.57328
45.0312 8.9227 1.57315
45.0312 8.93342 1.57338
44.983 9.08656 1.57738
44.9829 9.09747 1.57761
44.9831 9.09184 1.57748
44.983 9.10271 1.57771
45.0031 9.90919 1.5627
45.0029 9.91988 1.56291
45.0032 9.91436 1.56279
45.003 9.92501 1.563
44.9511 10.0779 1.56701
44.9508 10.0888 1.56722
44.9512 10.0831 1.5671
44.9508 10.094 1.56732
44.9963 10.9105 1.55611
44.996 10.9211 1.55632
44.9964 10.9156 1.5562
44.996 10.9262 1.55641
44.9403 11.079 1.56048
44.9399 11.0898 1.56069
44.9403 11.0842 1.56057
44.9398 11.0949 1.56079
44.9942 11.8958 1.55884
44.9937 11.9063 1.55904
44.9942 11.9009 1.55893
44.9936 11.9114 1.55913
44.9342 12.0639 1.5632
44.9335 12.0746 1.56341
44.9341 12.0691 1.56329
44.9334 12.0798 1.5635
44.9861 12.9009 1.56854
44.9854 12.9115 1.56873
44.986 12.906 1.56862
44.9853 12.9165 1.5688
44.922 13.0689 1.5728
44.9212 13.0796 1.57299
44.9219 13.074 1.57288
44.921 13.0847 1.57307
45.0051 13.8774 1.57235
45.0043 13.8879 1.57253
45.005 13.8825 1.57243
45.0041 13.893 1.57261
44.9371 14.0454 1.5766
44.9361 14.0561 1.57679
44.9369 14.0505 1.57668
44.9359 14.0612 1.57687
45.0175 14.9017 1.56809
45.0165 14.9121 1.56827
45.0173 14.9067 1.56816
45.0163 14.9172 1.56834
44.9453 15.0696 1.57232
44.9441 15.0802 1.5725
44.945 15.0747 1.57239
44.9438 15.0853 1.57258
45.004 15.9469 1.56875
45.0029 15.9573 1.56889
45.0038 15.9519 1.5688
45.0026 15.9623 1.56895
44.9276 16.1146 1.57277
44.9263 16.1253 1.57292
44.9273 16.1197 1.57283
44.9259 16.1303 1.57298
45.0052 16.9475 1.57346
45.0039 16.9579 1.57358
45.0049 16.9525 1.5735
45.0035 16.9629 1.57362
44.9249 17.1151 1.57734
44.9235 17.1257 1.57746
44.9245 17.1202 1.57738
44.923 17.1308 1.57751
45.0289 17.905 1.57803
45.0276 17.9154 1.57814
45.0286 17.91 1.57807
45.0272 17.9204 1.57817
44.9452 18.0727 1.58181
44.9436 18.0832 1.58192
44.9448 18.0777 1.58184
44.9432 18.0883 1.58195
45.0448 18.9015 1.58007
45.0433 18.9118 1.58017
45.0444 18.9064 1.5801
45.0429 18.9168 1.5802
44.9574 19.0691 1.5838
44.9558 19.0796 1.58389
44.957 19.0741 1.58382
44.9553 19.0846 1.58393
45.0473 19.8986 1.58444
45.0458 19.9089 1.58453
45.047 19.9035 1.58447
45.0454 19.9138 1.58456
44.9565 20.0661 1.58816
44.9548 20.0766 1.58826
44.956 20.0711 1.58819
44.9543 20.0816 1.58829
45.0162 20.9022 1.57941
45.0146 20.9125 1.5795
45.0158 20.9072 1.57944
45.0142 20.9174 1.57953
44.9218 21.0695 1.58318
44.9201 21.0799 1.58328
44.9214 21.0745 1.58321
44.9196 21.0849 1.58331
45.0009 21.9316 1.57345
44.9993 21.9419 1.57356
45.0006 21.9365 1.57349
44.9989 21.9468 1.57359
44.9029 22.0987 1.57732
44.9011 22.1091 1.57743
44.9024 22.1037 1.57736
44.9006 22.1141 1.57747
44.9996 22.9519 1.57763
44.9979 22.9621 1.57775
44.9992 22.9568 1.57767
44.9975 22.967 1.57779
44.8978 23.1189 1.58165
44.8959 23.1292 1.58178
44.8974 23.1238 1.5817
44.8954 23.1342 1.58183
44.9818 23.9383 1.56709
44.9801 23.9485 1.56722
44.9814 23.9432 1.56714
44.9795 23.9533 1.56728
44.8762 24.1052 1.5712
44.8741 24.1156 1.57134
44.8756 24.1102 1.57126
44.8735 24.1205 1.5714
44.9628 24.963 1.57119
44.9609 24.9732 1.57132
44.9624 24.9679 1.57124
44.9604 24.978 1.57137
44.8531 25.1298 1.57532
44.8509 25.1401 1.57545
44.8525 25.1347 1.57537
44.8503 25.145 1.5755
44.9632 25.9395 1.5763
44.9612 25.9497 1.57643
44.9627 25.9444 1.57635
44.9606 25.9545 1.57648
44.8495 26.1062 1.58044
44.8472 26.1165 1.58057
44.8489 26.1111 1.58049
44.8465 26.1214 1.58062
44.9801 26.9601 1.57274
44.978 26.9703 1.57285
44.9796 26.965 1.57278
44.9773 26.9751 1.5729
44.8622 27.1268 1.57686
44.8599 27.1371 1.57698
44.8616 27.1317 1.5769
44.8591 27.142 1.57703
44.9801 27.9433 1.57261
44.9779 27.9534 1.57271
44.9795 27.9482 1.57265
44.9772 27.9583 1.57275
44.8583 28.11 1.5767
44.8558 28.1203 1.57681
44.8576 28.1149 1.57674
44.855 28.1252 1.57685
44.9822 28.9298 1.57913
44.9799 28.9399 1.57923
44.9816 28.9346 1.57916
44.9792 28.9447 1.57926
44.8564 29.0964 1.58322
44.8539 29.1067 1.58332
44.8557 29.1014 1.58325
44.853 29.1116 1.58336
44.9782 29.9162 1.58407
44.9758 29.9264 1.58416
44.9776 29.9211 1.5841
44.9751 29.9312 1.58419
44.8484 30.0829 1.58814
44.8457 30.0932 1.58824
44.8477 30.0878 1.58817
44.8449 30.0981 1.58828
44.9577 30.9282 1.57886
44.9552 30.9383 1.57895
44.957 30.9331 1.57889
44.9544 30.9432 1.57898
44.8237 31.0948 1.58293
44.821 31.1051 1.58303
44.823 31.0997 1.58296
44.8201 31.11 1.58306
44.9483 31.9176 1.57375
44.9458 31.9277 1.57383
44.9477 31.9224 1.57377
44.945 31.9325 1.57386
44.8104 32.0841 1.57781
44.8076 32.0944 1.5779
44.8096 32.089 1.57784
44.8067 32.0992 1.57793
44.9457 32.9242 1.57535
44.9431 32.9343 1.57542
44.945 32.9291 1.57537
44.9423 32.9391 1.57545
44.8037 33.0907 1.57939
44.8008 33.101 1.57948
44.8029 33.0956 1.57942
44.7999 33.1059 1.5795
44.9549 33.9141 1.56789
44.9522 33.9242 1.56797
44.9542 33.9189 1.56791
44.9514 33.929 1.56799
44.8089 34.0806 1.57193
44.806 34.0908 1.57201
44.8081 34.0855 1.57195
44.805 34.0957 1.57203
44.9377 34.9319 1.56329
44.9349 34.942 1.56335
44.937 34.9367 1.5633
44.9341 34.9468 1.56337
44.7876 35.0983 1.56731
44.7846 35.1086 1.56738
44.7868 35.1032 1.56733
44.7836 35.1135 1.5674
44.9434 35.933 1.55911
44.9406 35.9431 1.55918
44.9427 35.9378 1.55913
44.9398 35.9479 1.5592
44.7894 36.0994 1.56313
44.7863 36.1097 1.5632
44.7886 36.1043 1.56315
44.7853 36.1146 1.56322
44.9608 36.9369 1.56209
44.9579 36.947 1.56215
44.9601 36.9417 1.5621
44.9571 36.9517 1.56217
44.8027 37.1034 1.5661
44.7996 37.1136 1.56616
44.8019 37.1083 1.56611
44.7986 37.1185 1.56618
44.9523 37.9156 1.56237
44.9494 37.9256 1.56243
44.9516 37.9204 1.56239
44.9485 37.9304 1.56245
44.7903 38.082 1.56638
44.7871 38.0922 1.56645
44.7895 38.0869 1.5664
44.7862 38.0971 1.56647
44.9591 38.9458 1.56146
44.9562 38.9559 1.56152
44.9584 38.9506 1.56148
44.9553 38.9606 1.56154
44.7931 39.1122 1.56547
44.7898 39.1224 1.56554
44.7922 39.1171 1.56549
44.7888 39.1273 1.56556
44.9576 39.9332 1.56676
44.9546 39.9432 1.56682
44.9569 39.938 1.56677
44.9537 39.948 1.56684
44.7876 40.0996 1.57077
44.7843 40.1098 1.57084
44.7867 40.1045 1.57079
44.7832 40.1147 1.57086
44.949 40.9304 1.56931
44.946 40.9404 1.56938
44.9483 40.9352 1.56933
44.945 40.9452 1.5694
44.775 41.0967 1.57333
44.7716 41.1069 1.57341
44.7741 41.1016 1.57335
44.7706 41.1118 1.57343
44.914 41.9589 1.55874
44.9109 41.9689 1.55881
44.9132 41.9637 1.55876
44.9099 41.9737 1.55883
44.7359 42.1251 1.56276
44.7324 42.1353 1.56284
44.735 42.13 1.56278
44.7314 42.1402 1.56286
44.9488 42.9623 1.56085
44.9456 42.9724 1.56092
44.9481 42.9671 1.56086
44.9447 42.9771 1.56094
44.7667 43.1287 1.56488
44.7631 43.1389 1.56495
44.7658 43.1335 1.5649
44.7621 43.1437 1.56498
44.9538 43.9539 1.56349
44.9505 43.9639 1.56356
44.953 43.9587 1.56351
44.9496 43.9687 1.56358
44.7677 44.1202 1.56752
44.7641 44.1304 1.5676
44.7667 44.1251 1.56754
44.7629 44.1353 1.56763
44.9675 44.9355 1.56337
44.9642 44.9455 1.56344
44.9667 44.9402 1.56339
44.9632 44.9503 1.56347
44.7774 45.1019 1.56741
44.7737 45.112 1.56749
44.7764 45.1067 1.56743
44.7726 45.1169 1.56752
44.9777 45.9305 1.58175
44.9743 45.9405 1.58183
44.9769 45.9353 1.58178
44.9733 45.9453 1.58186
44.7836 46.0969 1.5858
44.7798 46.1071 1.58589
44.7826 46.1017 1.58583
44.7787 46.1119 1.58593
44.9892 46.9485 1.57013
44.9857 46.9586 1.57023
44.9884 46.9533 1.57017
44.9847 46.9633 1.57027
44.791 47.115 1.57421
44.7872 47.1251 1.57431
44.79 47.1198 1.57425
44.786 47.13 1.57435
44.9818 47.9383 1.56214
44.9782 47.9483 1.56226
44.9809 47.943 1.56218
44.9772 47.953 1.5623
44.7796 48.1046 1.56625
44.7756 48.1148 1.56637
44.7785 48.1095 1.56629
44.7744 48.1196 1.56641
45.0001 48.934 1.56526
44.9964 48.9439 1.56538
44.9991 48.9387 1.56531
44.9953 48.9487 1.56543
44.7937 49.1004 1.56938
44.7897 49.1105 1.5695
44.7927 49.1052 1.56942
44.7884 49.1153 1.56955
45.0233 49.9265 1.56294
45.0196 49.9365 1.56307
45.0224 49.9313 1.56299
45.0184 49.9412 1.56312
44.8129 50.093 1.56707
44.8088 50.1032 1.5672
44.8118 50.0979 1.56712
44.8075 50.108 1.56725
46.0317 49.9133 -0.012636
46.0279 49.9234 -0.0125156
46.0308 49.9181 -0.0125905
46.0268 49.9282 -0.0124677
45.8214 50.0839 -0.00851784
45.8172 50.0942 -0.00839184
45.8203 50.0888 -0.0084701
45.8159 50.0991 -0.00834154
47.0133 49.9163 -0.00556973
47.0095 49.9265 -0.00545308
47.0124 49.9211 -0.00552622
47.0084 49.9313 -0.00540698
46.8029 50.091 -0.00145711
46.7988 50.1013 -0.00133472
46.8018 50.0959 -0.00141134
46.7975 50.1063 -0.00128628
48.0219 49.9298 -0.00831296
48.0181 49.9401 -0.00820076
48.021 49.9347 -0.00827184
48.017 49.945 -0.00815695
47.8115 50.1086 -0.00420716
47.8073 50.1191 -0.00408918
47.8104 50.1136 -0.00416377
47.806 50.1241 -0.00404299
49.0128 49.904 -0.0105125
49.009 49.9144 -0.0104061
49.0118 49.9089 -0.0104745
49.0078 49.9193 -0.0103653
48.8024 50.0869 -0.00641591
48.7982 50.0975 -0.00630369
48.8013 50.0919 -0.00637564
48.7969 50.1025 -0.00626048
50.014 49.9116 -0.0122083
50.0102 49.9221 -0.0121033
50.0131 49.9166 -0.0121711
50.0091 49.9271 -0.0120633
49.8036 50.0986 -0.00811398
49.7994 50.1093 -0.00800319
49.8025 50.1037 -0.0080745
49.7981 50.1144 -0.00796073
49.9998 48.8997 -1.58178
49.9961 48.9102 -1.58167
49.9988 48.9047 -1.58174
49.9949 48.9152 -1.58163
49.7935 49.0867 -1.57769
49.7894 49.0974 -1.57758
49.7924 49.0917 -1.57765
49.7882 49.1024 -1.57753
49.9731 47.915 -1.57911
49.9695 47.9255 -1.57901
49.9722 47.92 -1.57908
49.9685 47.9305 -1.57897
49.7709 48.1019 -1.57502
49.7669 48.1126 -1.57491
49.7699 48.1069 -1.57498
49.7657 48.1176 -1.57487
49.979 46.8993 -1.56991
49.9755 46.9099 -1.56981
49.9781 46.9043 -1.56988
49.9744 46.9148 -1.56978
49.7809 47.0862 -1.56583
49.777 47.0969 -1.56572
49.7799 47.0913 -1.56579
49.7758 47.102 -1.56569
49.9674 45.9077 -1.57066
49.964 45.9183 -1.57057
49.9666 45.9127 -1.57063
49.963 45.9232 -1.57054
49.7734 46.0946 -1.56659
49.7696 46.1053 -1.56649
49.7724 46.0996 -1.56656
49.7684 46.1103 -1.56646
49.9578 44.919 -1.58266
49.9545 44.9296 -1.58257
49.957 44.924 -1.58263
49.9535 44.9345 -1.58254
49.7678 45.1059 -1.57859
49.7641 45.1166 -1.57849
49.7668 45.1109 -1.57856
49.763 45.1216 -1.57846
48.9823 44.9103 3.13091
48.9789 44.9207 3.131
48.9815 44.9152 3.13094
48.978 44.9256 3.13104
48.7923 45.0931 3.13499
48.7886 45.1037 3.13509
48.7913 45.0981 3.13502
48.7875 45.1087 3.13512
47.9718 44.9053 3.12773
47.9684 44.9156 3.12782
47.971 44.9102 3.12776
47.9674 44.9205 3.12786
47.7818 45.084 3.13181
47.7781 45.0945 3.13191
47.7808 45.089 3.13184
47.777 45.0995 3.13194
47.0117 44.9193 -3.13941
47.0083 44.9295 -3.13932
47.0108 44.9241 -3.13938
47.0073 44.9344 -3.13929
46.8216 45.094 -3.13534
46.8179 45.1044 -3.13524
46.8207 45.099 -3.13531
46.8168 45.1094 -3.13521
45.9885 44.9247 3.13013
45.9852 44.9348 3.13021
45.9877 44.9295 3.13016
45.9842 44.9396 3.13024
45.7984 45.0952 3.13418
45.7948 45.1055 3.13427
45.7975 45.1001 3.13421
45.7936 45.1104 3.1343
44.9726 44.9322 3.13356
44.9693 44.9423 3.13364
44.9718 44.937 3.13358
44.9683 44.947 3.13366
44.7825 45.0987 3.1376
44.7789 45.1089 3.13769
44.7816 45.1035 3.13763
44.7777 45.1137 3.13772
44.9626 43.9236 -1.57715
44.9593 43.9336 -1.57708
44.9618 43.9284 -1.57713
44.9583 43.9384 -1.57705
44.7765 44.09 -1.57311
44.7729 44.1002 -1.57303
44.7756 44.0948 -1.57309
44.7718 44.105 -1.57301
44.9589 42.9191 -1.58066
44.9557 42.9292 -1.58059
44.9581 42.9239 -1.58064
44.9547 42.9339 -1.58057
44.7769 43.0855 -1.57663
44.7734 43.0957 -1.57655
44.776 43.0904 -1.57661
44.7723 43.1006 -1.57652
44.9539 41.9014 -1.58145
44.9508 41.9114 -1.58138
44.9531 41.9062 -1.58143
44.9498 41.9162 -1.58136
44.776 42.0678 -1.57742
44.7725 42.078 -1.57735
44.7751 42.0726 -1.5774
44.7715 42.0828 -1.57732
44.9546 40.942 -1.57356
44.9515 40.9521 -1.57349
44.9539 40.9468 -1.57354
44.9506 40.9569 -1.57347
44.7805 41.1084 -1.56954
44.7772 41.1186 -1.56946
44.7797 41.1133 -1.56952
44.7761 41.1235 -1.56944
44.9687 39.9284 -1.57817
44.9657 39.9384 -1.57811
44.968 39.9332 -1.57816
44.9648 39.9432 -1.57809
44.7988 40.0949 -1.57416
44.7954 40.1051 -1.57409
44.7979 40.0997 -1.57414
44.7944 40.1099 -1.57407
44.9806 38.9241 -1.57544
44.9777 38.9342 -1.57538
44.9799 38.9289 -1.57543
44.9768 38.9389 -1.57536
44.8146 39.0906 -1.57143
44.8114 39.1008 -1.57136
44.8138 39.0955 -1.57141
44.8104 39.1057 -1.57134
44.9518 37.9336 -1.57781
44.9489 37.9436 -1.57775
44.9511 37.9384 -1.5778
44.9481 37.9484 -1.57773
44.7898 38.1 -1.5738
44.7866 38.1102 -1.57374
44.789 38.1049 -1.57379
44.7857 38.1151 -1.57372
44.9562 36.9332 -1.56656
44.9534 36.9433 -1.5665
44.9555 36.938 -1.56655
44.9525 36.9481 -1.56649
44.7982 37.0997 -1.56256
44.7951 37.1099 -1.56249
44.7974 37.1045 -1.56254
44.7941 37.1147 -1.56247
44.9477 35.9163 -1.57272
44.9449 35.9264 -1.57266
44.947 35.9211 -1.57271
44.944 35.9312 -1.57265
44.7937 36.0827 -1.56871
44.7906 36.093 -1.56864
44.7929 36.0876 -1.5687
44.7897 36.0978 -1.56863
44.9464 34.919 -1.57059
44.9436 34.9291 -1.57052
44.9457 34.9238 -1.57057
44.9428 34.9339 -1.5705
44.7964 35.0854 -1.56656
44.7934 35.0957 -1.56649
44.7956 35.0903 -1.56654
44.7924 35.1006 -1.56647
44.9632 33.9036 -1.56852
44.9605 33.9137 -1.56845
44.9625 33.9084 -1.56851
44.9597 33.9185 -1.56843
44.8173 34.0701 -1.5645
44.8144 34.0804 -1.56442
44.8165 34.075 -1.56448
44.8134 34.0853 -1.5644
44.9555 32.9197 -1.56868
44.9528 32.9298 -1.56861
44.9548 32.9245 -1.56867
44.952 32.9346 -1.56859
44.8135 33.0862 -1.56465
44.8106 33.0965 -1.56457
44.8127 33.0911 -1.56463
44.8097 33.1013 -1.56455
44.9657 31.931 -1.57346
44.9631 31.9411 -1.57338
44.965 31.9359 -1.57344
44.9623 31.9459 -1.57335
44.8277 32.0976 -1.56941
44.8249 32.1079 -1.56932
44.8269 32.1025 -1.56938
44.824 32.1128 -1.56929
44.9522 30.9182 -1.57534
44.9497 30.9283 -1.57525
44.9516 30.923 -1.57531
44.949 30.9331 -1.57522
44.8183 31.0847 -1.57127
44.8156 31.095 -1.57118
44.8176 31.0897 -1.57124
44.8147 31.0999 -1.57115
44.9514 29.9111 -1.56242
44.949 29.9212 -1.56232
44.9508 29.9159 -1.56239
44.9482 29.926 -1.56229
44.8216 30.0776 -1.55834
44.8189 30.0879 -1.55824
44.8209 30.0825 -1.55831
44.8181 30.0928 -1.55821
43.9546 29.91 -3.13579
43.9522 29.92 -3.13569
43.9539 29.9148 -3.13576
43.9514 29.9248 -3.13566
43.8248 30.0725 -3.13171
43.8221 30.0826 -3.1316
43.824 30.0774 -3.13167
43.8213 30.0875 -3.13157
42.9759 29.9247 -3.13565
42.9734 29.9346 -3.13555
42.9752 29.9295 -3.13562
42.9727 29.9394 -3.13551
42.846 30.0832 -3.13156
42.8433 30.0932 -3.13145
42.8453 30.088 -3.13152
42.8425 30.098 -3.13141
41.9595 29.9178 -3.13532
41.9571 29.9276 -3.13522
41.9589 29.9225 -3.13529
41.9564 29.9322 -3.13518
41.8297 30.072 -3.13123
41.8271 30.0819 -3.13112
41.829 30.0767 -3.13119
41.8262 30.0866 -3.13108
40.981 29.8992 3.13978
40.9785 29.9088 3.13989
40.9803 29.9039 3.13982
40.9778 29.9135 3.13993
40.8513 30.0493 -3.1393
40.8486 30.0591 -3.13919
40.8505 30.054 -3.13926
40.8477 30.0637 -3.13915
39.9826 29.9098 -3.14048
39.9801 29.9193 -3.14037
39.982 29.9144 -3.14044
39.9794 29.9239 -3.14033
39.8529 30.0557 -3.13638
39.8502 30.0653 -3.13626
39.8521 30.0604 -3.13634
39.8493 30.07 -3.13622
39.9806 28.907 -1.57493
39.9782 28.9165 -1.57482
39.9799 28.9116 -1.57489
39.9775 28.9211 -1.57478
39.8549 29.0529 -1.57082
39.8523 29.0625 -1.57071
39.8542 29.0576 -1.57078
39.8515 29.0672 -1.57067
39.9716 27.8943 -1.57939
39.9694 27.9038 -1.57928
39.9711 27.8989 -1.57935
39.9687 27.9083 -1.57924
39.8502 28.0401 -1.57529
39.8477 28.0498 -1.57517
39.8495 28.0448 -1.57525
39.8469 28.0544 -1.57512
39.9876 26.9048 -1.57772
39.9854 26.9143 -1.57758
39.9871 26.9094 -1.57766
39.9848 26.9189 -1.57753
39.8702 27.0507 -1.5736
39.8678 27.0603 -1.57346
39.8696 27.0553 -1.57355
39.8671 27.0649 -1.57341
40.0118 25.9105 -1.58312
40.0098 25.92 -1.58297
40.0113 25.9151 -1.58306
40.0092 25.9245 -1.58291
39.8986 26.0565 -1.579
39.8963 26.066 -1.57885
39.898 26.0611 -1.57894
39.8956 26.0707 -1.57879
40.0045 24.9117 -1.5665
40.0026 24.9212 -1.56635
40.004 24.9163 -1.56644
40.002 24.9257 -1.56629
39.8953 25.0576 -1.5624
39.8932 25.0672 -1.56225
39.8948 25.0622 -1.56234
39.8926 25.0718 -1.56218
39.9948 23.9257 -1.5681
39.993 23.9351 -1.56796
39.9944 23.9303 -1.56804
39.9925 23.9397 -1.5679
39.8896 24.0715 -1.56402
39.8876 24.0811 -1.56388
39.8891 24.0761 -1.56396
39.8871 24.0857 -1.56382
40.0032 22.898 -1.56655
40.0016 22.9075 -1.56641
40.0029 22.9026 -1.5665
40.0012 22.912 -1.56635
39.9021 23.0438 -1.56254
39.9003 23.0534 -1.56239
39.9017 23.0485 -1.56248
39.8998 23.058 -1.56234
39.9858 21.894 -1.573
39.9843 21.9034 -1.57288
39.9855 21.8986 -1.57296
39.9839 21.908 -1.57284
39.8885 22.0397 -1.56908
39.8868 22.0493 -1.56896
39.8881 22.0443 -1.56904
39.8863 22.0539 -1.56891
40.0068 20.8954 -1.57767
40.0053 20.9048 -1.57757
40.0065 20.8999 -1.57764
40.0049 20.9093 -1.57754
39.9132 21.041 -1.57389
39.9115 21.0506 -1.57378
39.9128 21.0457 -1.57385
39.9111 21.0552 -1.57375
40.0015 19.921 -1.56924
40.0001 19.9304 -1.56914
40.0012 19.9256 -1.56921
39.9998 19.935 -1.56911
39.9115 20.0666 -1.56546
39.91 20.0762 -1.56536
39.9112 20.0713 -1.56543
39.9096 20.0808 -1.56532
40.0278 18.8984 -1.57022
40.0265 18.9079 -1.57013
40.0275 18.903 -1.57019
40.0262 18.9124 -1.57009
39.9415 19.0441 -1.56647
39.9401 19.0536 -1.56637
39.9412 19.0487 -1.56644
39.9397 19.0583 -1.56633
40.0387 17.9281 -1.57167
40.0375 17.9375 -1.57157
40.0384 17.9327 -1.57164
40.0371 17.9421 -1.57154
39.956 18.0737 -1.56791
39.9546 18.0833 -1.56781
39.9557 18.0783 -1.56788
39.9542 18.0879 -1.56778
40.0201 16.9177 -1.57205
40.019 16.9271 -1.57193
40.0199 16.9222 -1.57201
40.0187 16.9316 -1.57189
39.941 17.063 -1.5682
39.9397 17.0726 -1.56807
39.9407 17.0677 -1.56816
39.9393 17.0772 -1.56803
40.0197 15.9209 -1.56834
40.0186 15.9303 -1.5682
40.0195 15.9255 -1.56829
40.0184 15.9348 -1.56815
39.9443 16.0662 -1.56439
39.9431 16.0757 -1.56425
39.944 16.0708 -1.56434
39.9427 16.0803 -1.56419
40.0057 14.9249 -1.57125
40.0048 14.9343 -1.5711
40.0055 14.9295 -1.57119
40.0045 14.9388 -1.57103
39.9341 15.07 -1.56718
39.933 15.0795 -1.56702
39.9339 15.0746 -1.56711
39.9327 15.0841 -1.56695
40.0199 13.8954 -1.56749
40.0191 13.9048 -1.56733
40.0198 13.9 -1.56743
40.0189 13.9094 -1.56726
39.9524 14.0405 -1.56342
39.9514 14.0501 -1.56326
39.9522 14.0452 -1.56335
39.9512 14.0546 -1.56319
40.0109 12.8958 -1.5716
40.0103 12.9052 -1.57144
40.0108 12.9004 -1.57154
40.0102 12.9097 -1.57137
39.9475 13.0409 -1.56755
39.9467 13.0504 -1.56738
39.9474 13.0456 -1.56748
39.9465 13.055 -1.56732
39.9955 11.8961 -1.57497
39.9951 11.9055 -1.5748
39.9955 11.9006 -1.5749
39.995 11.91 -1.57473
39.9361 12.041 -1.57086
39.9355 12.0505 -1.57068
39.9361 12.0456 -1.57079
39.9354 12.0551 -1.57061
40.0158 10.9075 -1.55828
40.0155 10.9169 -1.55809
40.0159 10.9121 -1.5582
40.0155 10.9214 -1.55801
39.9604 11.0524 -1.55411
39.96 11.062 -1.55391
39.9604 11.0571 -1.55403
39.9599 11.0666 -1.55383
40.0188 9.91889 -1.56498
40.0187 9.92827 -1.56479
40.019 9.92345 -1.5649
40.0188 9.93279 -1.5647
39.9675 10.0638 -1.56078
39.9672 10.0733 -1.56058
39.9676 10.0684 -1.5607
39.9673 10.0779 -1.5605
39.9977 8.89923 -1.57831
39.9977 8.90859 -1.5781
39.9979 8.90378 -1.57822
39.9979 8.91311 -1.57802
39.9505 9.044 -1.57404
39.9505 9.05351 -1.57384
39.9507 9.04862 -1.57396
39.9506 9.05809 -1.57375
40.0061 7.9039 -1.57902
40.0064 7.91326 -1.57881
40.0065 7.90846 -1.57893
40.0067 7.91778 -1.57872
39.9632 8.04862 -1.57472
39.9634 8.05813 -1.5745
39.9635 8.05324 -1.57462
39.9636 8.06271 -1.57441
40.0077 6.90706 -1.56733
40.0082 6.91639 -1.56708
40.0081 6.9116 -1.56721
40.0085 6.9209 -1.56696
39.9689 7.0515 -1.56278
39.9692 7.06098 -1.56253
39.9692 7.05611 -1.56266
39.9696 7.06555 -1.56241
40.011 5.89073 -1.56646
40.0118 5.90006 -1.5662
40.0115 5.89527 -1.56634
40.0122 5.90457 -1.56608
39.9768 6.03517 -1.56184
39.9774 6.04464 -1.56157
39.9772 6.03978 -1.56172
39.9778 6.04921 -1.56145
40.0125 4.88771 -1.57384
40.0135 4.89705 -1.57357
40.0132 4.89226 -1.57371
40.0141 4.90155 -1.57344
39.9829 5.03214 -1.56917
39.9838 5.04161 -1.56889
39.9835 5.03675 -1.56904
39.9843 5.04619 -1.56877
40.0213 3.89921 -1.57197
40.0226 3.90854 -1.57171
40.0221 3.90375 -1.57185
40.0233 3.91304 -1.57158
39.9963 4.04364 -1.56734
39.9974 4.05311 -1.56707
39.997 4.04825 -1.56722
39.9981 4.05768 -1.56695
40.0218 2.90809 -1.56968
40.0233 2.9174 -1.56942
40.0227 2.91263 -1.56956
40.0242 2.9219 -1.5693
40.0012 3.05238 -1.56506
40.0026 3.06183 -1.56479
40.002 3.05698 -1.56493
40.0034 3.06639 -1.56466
40.0003 1.92158 -1.55961
40.0021 1.93081 -1.5593
40.0013 1.92607 -1.55946
40.0031 1.93527 -1.55916
39.9835 2.06502 -1.55466
39.9852 2.0744 -1.55434
39.9844 2.06959 -1.55451
39.9861 2.07893 -1.5542
40.0144 0.95257 -1.57478
40.0165 0.961755 -1.57445
40.0155 0.957046 -1.57462
40.0176 0.966192 -1.57428
40.0017 1.09549 -1.56942
40.0037 1.10482 -1.56908
40.0028 1.10003 -1.56926
40.0047 1.10933 -1.56892
39.9873 -0.0464647 -1.56736
39.9897 -0.037296 -1.56703
39.9886 -0.0419995 -1.5672
39.9909 -0.0328699 -1.56687
39.9797 0.0961798 -1.56188
39.982 0.105496 -1.56154
39.9809 0.100714 -1.56171
39.9832 0.109991 -1.56137
38.9963 -0.0747569 3.13441
38.9986 -0.0659423 3.13476
38.9975 -0.0704627 3.13458
38.9999 -0.0616861 3.13493
38.9885 0.0623041 3.14
38.9908 0.0712605 3.14035
38.9898 0.0666645 3.14017
38.992 0.0755827 3.14052
38.0086 -0.0594322 3.13419
38.0109 -0.0509691 3.13455
38.0098 -0.0553064 3.13436
38.0122 -0.04688 3.13471
38.0008 0.0720671 3.13983
38.0031 0.0806666 3.14019
38.002 0.0762566 3.14
38.0042 0.0848191 3.14036
37.0191 -0.0495679 -3.13991
37.0214 -0.0414506 -3.13956
37.0203 -0.0456132 -3.13974
37.0226 -0.0375313 -3.13939
37.0112 0.0761185 -3.13423
37.0134 0.0843659 -3.13387
37.0124 0.0801342 -3.13406
37.0146 0.088346 -3.13371
35.9969 -0.0665664 3.13826
35.9992 -0.0588158 3.1386
35.9982 -0.0627877 3.13843
36.0004 -0.0550708 3.13877
35.9891 0.0530809 -3.13927
35.9914 0.0609555 -3.13892
35.9903 0.0569177 -3.1391
35.9925 0.0647585 -3.13875
34.9803 -0.0588895 3.13423
34.9826 -0.0514858 3.13456
34.9815 -0.0552787 3.13439
34.9837 -0.0479069 3.13473
34.9724 0.0548909 3.13983
34.9746 0.0624126 3.14018
34.9736 0.0585571 3.14
34.9758 0.0660467 3.14034
34.9941 -1.07049 -1.57829
34.9968 -1.06309 -1.57794
34.9955 -1.06688 -1.57812
34.9981 -1.05952 -1.57778
34.9918 -0.956842 -1.57278
34.9944 -0.949325 -1.57243
34.9932 -0.953178 -1.57261
34.9957 -0.945693 -1.57226
35.0034 -2.07031 -1.57005
35.0064 -2.06293 -1.56969
35.0049 -2.06671 -1.56988
35.0079 -2.05936 -1.56952
35.0063 -1.95706 -1.56465
35.0093 -1.94956 -1.56429
35.0079 -1.9534 -1.56448
35.0108 -1.94594 -1.56411
35.0242 -3.03539 -1.56742
35.0276 -3.02805 -1.56703
35.026 -3.03181 -1.56723
35.0293 -3.0245 -1.56684
35.0321 -2.92272 -1.56209
35.0354 -2.91526 -1.5617
35.0338 -2.91908 -1.5619
35.0371 -2.91165 -1.56151
35.0231 -4.06315 -1.57841
35.0269 -4.05584 -1.57801
35.0251 -4.05958 -1.57822
35.0288 -4.0523 -1.57781
35.0362 -3.95133 -1.57324
35.0399 -3.9439 -1.57284
35.0381 -3.9477 -1.57305
35.0417 -3.9403 -1.57264
35.0258 -5.04595 -1.57979
35.03 -5.03862 -1.57938
35.0279 -5.04237 -1.57959
35.032 -5.03507 -1.57918
35.0436 -4.93493 -1.57482
35.0477 -4.92748 -1.57441
35.0457 -4.93129 -1.57462
35.0498 -4.92388 -1.57421
35.0417 -6.04371 -1.57813
35.0462 -6.03638 -1.5777
35.044 -6.04013 -1.57792
35.0485 -6.03284 -1.57749
35.064 -5.93362 -1.57333
35.0685 -5.92617 -1.57289
35.0663 -5.92998 -1.57311
35.0708 -5.92257 -1.57268
35.0347 -7.06972 -1.57155
35.0398 -7.06249 -1.57103
35.0373 -7.06618 -1.5713
35.0424 -7.05899 -1.57079
35.0615 -6.9609 -1.56682
35.0666 -6.95355 -1.56631
35.0641 -6.9573 -1.56657
35.0692 -6.94999 -1.56606
35.0142 -8.04072 -1.5702
35.02 -8.03359 -1.56964
35.0171 -8.03723 -1.56993
35.0228 -8.03013 -1.56937
35.0452 -7.93323 -1.56545
35.0509 -7.92597 -1.5649
35.0481 -7.92968 -1.56518
35.0537 -7.92246 -1.56463
34.9965 -9.02004 -1.56722
35.0029 -9.013 -1.56664
34.9997 -9.01659 -1.56694
35.006 -9.00959 -1.56636
35.0317 -8.91386 -1.56235
35.038 -8.90671 -1.56177
35.0349 -8.91036 -1.56207
35.0411 -8.90324 -1.56149
35.0436 -10.0175 -1.56876
35.0507 -10.0106 -1.56818
35.0472 -10.0141 -1.56848
35.0542 -10.0072 -1.5679
35.0833 -9.91237 -1.56364
35.0903 -9.90528 -1.56306
35.0868 -9.9089 -1.56336
35.0937 -9.90184 -1.56278
35.0573 -11.0197 -1.57556
35.065 -11.0128 -1.57495
35.0611 -11.0163 -1.57527
35.0688 -11.0095 -1.57466
35.1017 -10.9154 -1.57043
35.1094 -10.9084 -1.56982
35.1056 -10.912 -1.57014
35.1132 -10.905 -1.56953
35.0843 -11.9971 -1.56031
35.0927 -11.9902 -1.55962
35.0885 -11.9937 -1.55998
35.0968 -11.9869 -1.55929
35.1333 -11.8942 -1.55531
35.1416 -11.8872 -1.55462
35.1374 -11.8908 -1.55498
35.1457 -11.8838 -1.55429
35.0974 -12.9921 -1.557
35.1066 -12.9853 -1.55625
35.1019 -12.9888 -1.55664
35.111 -12.982 -1.55589
35.1508 -12.8907 -1.552
35.16 -12.8838 -1.55124
35.1554 -12.8873 -1.55164
35.1644 -12.8804 -1.55089
35.0948 -13.9885 -1.56793
35.1049 -13.9818 -1.56714
35.0998 -13.9852 -1.56755
35.1098 -13.9785 -1.56677
35.1528 -13.8887 -1.5628
35.1628 -13.8818 -1.56201
35.1577 -13.8853 -1.56242
35.1677 -13.8785 -1.56164
35.119 -15.0189 -1.59586
35.1299 -15.0122 -1.59506
35.1244 -15.0156 -1.59547
35.1352 -15.0089 -1.59468
35.1817 -14.9205 -1.59047
35.1926 -14.9137 -1.58967
35.1871 -14.9172 -1.59008
35.1979 -14.9104 -1.58929
35.0915 -15.997 -1.57645
35.1033 -15.9904 -1.57566
35.0973 -15.9937 -1.57607
35.1091 -15.9872 -1.57529
35.159 -15.9004 -1.57068
35.1708 -15.8937 -1.5699
35.1648 -15.8971 -1.5703
35.1765 -15.8904 -1.56952
35.1008 -16.9845 -1.57635
35.1135 -16.978 -1.57561
35.107 -16.9813 -1.57599
35.1196 -16.9748 -1.57525
35.1735 -16.8894 -1.57009
35.1862 -16.8827 -1.56934
35.1798 -16.8861 -1.56973
35.1923 -16.8795 -1.56899
35.072 -17.9765 -1.58758
35.0856 -17.9701 -1.5869
35.0787 -17.9733 -1.58725
35.0921 -17.9669 -1.58658
35.1505 -17.8831 -1.58071
35.164 -17.8766 -1.58002
35.1571 -17.8799 -1.58037
35.1705 -17.8733 -1.57969
35.0593 -18.9739 -1.59591
35.0736 -18.9674 -1.59528
35.0663 -18.9707 -1.5956
35.0804 -18.9643 -1.59497
35.144 -18.8813 -1.58873
35.1583 -18.8747 -1.5881
35.151 -18.8781 -1.58842
35.1651 -18.8715 -1.58779
35.0448 -19.9415 -1.59072
35.0598 -19.9351 -1.59005
35.0522 -19.9383 -1.5904
35.067 -19.9319 -1.58973
35.1367 -19.8495 -1.58333
35.1516 -19.843 -1.58266
35.144 -19.8463 -1.583
35.1588 -19.8398 -1.58233
35.0383 -20.9594 -1.5722
35.0541 -20.953 -1.57151
35.046 -20.9562 -1.57186
35.0617 -20.9499 -1.57118
35.1379 -20.868 -1.56463
35.1536 -20.8615 -1.56394
35.1456 -20.8648 -1.56429
35.1612 -20.8584 -1.5636
35.0129 -21.9718 -1.5771
35.0295 -21.9656 -1.5764
35.0211 -21.9687 -1.57675
35.0375 -21.9625 -1.57606
35.1202 -21.8822 -1.569
35.1367 -21.8758 -1.5683
35.1283 -21.8791 -1.56866
35.1447 -21.8727 -1.56795
35.0258 -22.9602 -1.56448
35.0432 -22.954 -1.5638
35.0343 -22.9571 -1.56415
35.0516 -22.951 -1.56347
35.1409 -22.8722 -1.55584
35.1583 -22.8658 -1.55516
35.1495 -22.869 -1.5555
35.1667 -22.8627 -1.55482
35.0206 -23.9669 -1.57007
35.0388 -23.9607 -1.56939
35.0295 -23.9638 -1.56973
35.0476 -23.9577 -1.56905
35.1445 -23.8794 -1.56143
35.1626 -23.8731 -1.56074
35.1534 -23.8762 -1.56109
35.1714 -23.87 -1.5604
35.0168 -24.9517 -1.5743
35.0357 -24.9455 -1.57361
35.0261 -24.9486 -1.57396
35.0448 -24.9425 -1.57327
35.1492 -24.8646 -1.56571
35.168 -24.8583 -1.56501
35.1584 -24.8615 -1.56537
35.1771 -24.8552 -1.56467
35.0287 -25.9819 -1.57485
35.0483 -25.9758 -1.57416
35.0383 -25.9788 -1.57451
35.0578 -25.9728 -1.57382
35.1698 -25.8952 -1.56631
35.1894 -25.8889 -1.56562
35.1795 -25.8921 -1.56597
35.1989 -25.8858 -1.56528
35.0382 -26.9702 -1.58124
35.0586 -26.9641 -1.58054
35.0482 -26.9671 -1.5809
35.0685 -26.9611 -1.5802
35.1879 -26.8845 -1.57263
35.2083 -26.8782 -1.57192
35.1979 -26.8813 -1.57228
35.2181 -26.8752 -1.57157
35.0202 -27.9413 -1.56306
35.0413 -27.9353 -1.56236
35.0305 -27.9383 -1.56272
35.0515 -27.9323 -1.56202
35.1781 -27.856 -1.55443
35.1992 -27.8498 -1.55372
35.1885 -27.8529 -1.55408
35.2094 -27.8467 -1.55337
34.9967 -28.949 -1.56879
35.0185 -28.943 -1.56809
35.0074 -28.946 -1.56845
35.029 -28.94 -1.56775
35.1631 -28.8641 -1.56011
35.1849 -28.8579 -1.5594
35.1738 -28.861 -1.55976
35.1955 -28.8548 -1.55906
35.0088 -29.9782 -1.56548
35.0314 -29.9722 -1.56479
35.0199 -29.9752 -1.56514
35.0423 -29.9692 -1.56445
35.1841 -29.8934 -1.55671
35.2067 -29.8872 -1.55601
35.1952 -29.8903 -1.55636
35.2176 -29.8841 -1.55567
34.9835 -30.9746 -1.55177
35.0068 -30.9686 -1.5511
34.9949 -30.9716 -1.55144
35.018 -30.9656 -1.55077
35.1674 -30.8902 -1.54287
35.1907 -30.884 -1.54219
35.1788 -30.8871 -1.54253
35.2019 -30.881 -1.54185
34.9811 -31.9868 -1.55281
35.005 -31.9808 -1.55215
34.9929 -31.9837 -1.55248
35.0166 -31.9778 -1.55182
35.1738 -31.9026 -1.54375
35.1978 -31.8965 -1.54308
35.1856 -31.8995 -1.54341
35.2094 -31.8934 -1.54275
35.0319 -32.9749 -1.56538
35.0566 -32.9689 -1.56474
35.044 -32.9719 -1.56506
35.0685 -32.9659 -1.56443
35.2335 -32.8905 -1.55612
35.2581 -32.8843 -1.55547
35.2456 -32.8874 -1.55579
35.2701 -32.8812 -1.55515
35.0369 -33.9538 -1.5674
35.0622 -33.9478 -1.5668
35.0493 -33.9508 -1.5671
35.0744 -33.9448 -1.5665
35.2473 -33.8696 -1.55763
35.2726 -33.8634 -1.55702
35.2598 -33.8665 -1.55733
35.2849 -33.8604 -1.55672
35.0412 -34.9503 -1.57205
35.067 -34.9443 -1.57147
35.0539 -34.9473 -1.57176
35.0796 -34.9413 -1.57118
35.2614 -34.8661 -1.56188
35.2873 -34.8599 -1.56128
35.2741 -34.863 -1.56158
35.2999 -34.8568 -1.56099
35.031 -35.9518 -1.57413
35.0575 -35.9459 -1.57357
35.0441 -35.9488 -1.57385
35.0704 -35.9429 -1.57329
35.2616 -35.8677 -1.56356
35.2881 -35.8615 -1.56299
35.2746 -35.8646 -1.56328
35.301 -35.8584 -1.56271
35.0116 -36.942 -1.57783
35.0386 -36.936 -1.57726
35.0249 -36.939 -1.57754
35.0517 -36.933 -1.57697
35.2534 -36.8585 -1.56689
35.2805 -36.8523 -1.56631
35.2668 -36.8553 -1.5666
35.2937 -36.8492 -1.56602
35.0107 -37.9686 -1.57723
35.0384 -37.9627 -1.57666
35.0244 -37.9656 -1.57694
35.0518 -37.9597 -1.57638
35.2644 -37.8854 -1.56598
35.2921 -37.8792 -1.5654
35.2781 -37.8822 -1.56568
35.3056 -37.8761 -1.56511
35.0432 -38.9958 -1.58339
35.0714 -38.9898 -1.58281
35.0571 -38.9927 -1.58309
35.0851 -38.9868 -1.58252
35.309 -38.9122 -1.57178
35.3373 -38.906 -1.5712
35.323 -38.909 -1.57148
35.3511 -38.9029 -1.5709
35.0133 -39.953 -1.58616
35.0421 -39.9471 -1.58559
35.0275 -39.95 -1.58587
35.0561 -39.9441 -1.58529
35.2907 -39.8698 -1.57434
35.3196 -39.8637 -1.57375
35.305 -39.8667 -1.57404
35.3337 -39.8606 -1.57345
35.0053 -40.9477 -1.57824
35.0347 -40.9418 -1.57766
35.0198 -40.9447 -1.57794
35.049 -40.9388 -1.57737
35.2949 -40.8646 -1.56632
35.3243 -40.8584 -1.56573
35.3094 -40.8614 -1.56602
35.3387 -40.8553 -1.56543
34.9875 -41.9381 -1.56708
35.0175 -41.9322 -1.5665
35.0023 -41.9351 -1.56679
35.0321 -41.9293 -1.56621
35.2903 -41.8552 -1.55518
35.3204 -41.8491 -1.55459
35.3052 -41.8521 -1.55488
35.3351 -41.846 -1.55429
34.9801 -42.9454 -1.57382
35.0107 -42.9395 -1.57324
34.9953 -42.9424 -1.57352
35.0256 -42.9366 -1.57295
35.2953 -42.8629 -1.56197
35.3259 -42.8568 -1.56138
35.3105 -42.8598 -1.56167
35.3409 -42.8537 -1.56108
35.0079 -43.9682 -1.57888
35.039 -43.9623 -1.5783
35.0233 -43.9652 -1.57858
35.0542 -43.9593 -1.57802
35.3354 -43.8855 -1.5672
35.3667 -43.8794 -1.56662
35.3509 -43.8824 -1.5669
35.382 -43.8763 -1.56632
35.0081 -44.9614 -1.5715
35.0399 -44.9555 -1.57093
35.0239 -44.9584 -1.57121
35.0554 -44.9526 -1.57065
35.3476 -44.8789 -1.56008
35.3795 -44.8728 -1.5595
35.3635 -44.8758 -1.55978
35.3951 -44.8697 -1.55921
35.0082 -45.9564 -1.57283
35.0405 -45.9505 -1.57227
35.0242 -45.9534 -1.57254
35.0562 -45.9476 -1.57198
35.3592 -45.8741 -1.56156
35.3917 -45.868 -1.56098
35.3754 -45.871 -1.56126
35.4076 -45.8649 -1.56069
34.998 -46.9463 -1.57363
35.0308 -46.9404 -1.57306
35.0143 -46.9433 -1.57334
35.0469 -46.9375 -1.57277
35.3603 -46.8638 -1.56232
35.3934 -46.8577 -1.56173
35.3767 -46.8607 -1.56202
35.4095 -46.8546 -1.56144
35.0021 -47.9638 -1.57175
35.0356 -47.958 -1.57118
35.0187 -47.9608 -1.57146
35.0519 -47.955 -1.5709
35.3759 -47.8813 -1.56057
35.4096 -47.8751 -1.55999
35.3927 -47.8781 -1.56028
35.426 -47.872 -1.5597
35.0119 -48.9681 -1.56847
35.0459 -48.9622 -1.56791
35.0288 -48.9651 -1.56819
35.0625 -48.9593 -1.56763
35.3969 -48.8857 -1.55733
35.4311 -48.8795 -1.55675
35.4139 -48.8825 -1.55704
35.4478 -48.8764 -1.55647
35.0233 -49.9418 -1.57192
35.0579 -49.936 -1.57136
35.0405 -49.9388 -1.57164
35.0748 -49.933 -1.57108
35.4192 -49.8596 -1.56095
35.454 -49.8534 -1.56038
35.4365 -49.8564 -1.56066
35.471 -49.8503 -1.56009
34.024 -49.9462 -3.1358
34.0586 -49.9409 -3.13524
34.0412 -49.9435 -3.13552
34.0755 -49.9383 -3.13497
34.42 -49.8753 -3.12509
34.4548 -49.8697 -3.12451
34.4373 -49.8724 -3.1248
34.4719 -49.8669 -3.12423
33.0267 -49.9411 -3.1376
33.0612 -49.9364 -3.13704
33.0438 -49.9387 -3.13732
33.0781 -49.934 -3.13677
33.4231 -49.881 -3.12689
33.4579 -49.876 -3.12631
33.4404 -49.8784 -3.1266
33.4749 -49.8735 -3.12603
32.0033 -49.9385 -3.13551
32.0379 -49.9344 -3.13495
32.0205 -49.9364 -3.13523
32.0548 -49.9323 -3.13468
32.4003 -49.8895 -3.12489
32.4351 -49.8851 -3.12432
32.4176 -49.8872 -3.1246
32.4522 -49.8828 -3.12404
31.0145 -49.9523 -3.13824
31.0491 -49.9487 -3.13769
31.0317 -49.9504 -3.13796
31.066 -49.9468 -3.13741
31.4118 -49.9136 -3.12766
31.4467 -49.9098 -3.12709
31.4292 -49.9116 -3.12738
31.4637 -49.9078 -3.12681
30.0161 -49.9572 -3.13905
30.0507 -49.9542 -3.1385
30.0333 -49.9556 -3.13877
30.0676 -49.9526 -3.13823
30.4143 -49.9292 -3.12864
30.4492 -49.9259 -3.12807
30.4317 -49.9275 -3.12835
30.4662 -49.9242 -3.12778
29.0352 -49.9557 3.13908
29.0698 -49.9532 3.13963
29.0524 -49.9544 3.13936
29.0868 -49.9519 3.13991
29.4343 -49.9377 -3.13381
29.4692 -49.935 -3.13324
29.4517 -49.9363 -3.13352
29.4863 -49.9336 -3.13295
28.0213 -49.9508 3.13867
28.056 -49.9489 3.13923
28.0386 -49.9498 3.13895
28.0729 -49.9479 3.1395
28.4213 -49.9432 -3.13431
28.4562 -49.9411 -3.13374
28.4387 -49.9421 -3.13402
28.4733 -49.94 -3.13345
27.0041 -49.9382 3.13992
27.0388 -49.9368 3.14046
27.0213 -49.9374 3.14019
27.0557 -49.9361 3.14073
27.406 -49.9406 -3.1331
27.4409 -49.9391 -3.13254
27.4234 -49.9398 -3.13282
27.458 -49.9383 -3.13226
25.9912 -49.9383 3.13594
26.0259 -49.9375 3.13647
26.0085 -49.9378 3.13621
26.0429 -49.937 3.13673
26.3953 -49.9507 -3.13704
26.4302 -49.9497 -3.13649
26.4126 -49.9501 -3.13677
26.4473 -49.9492 -3.13622
25.0135 -49.9566 -3.13344
25.0482 -49.9564 -3.13291
25.0308 -49.9564 -3.13317
25.0652 -49.9562 -3.13265
25.4185 -49.9789 -3.12313
25.4535 -49.9785 -3.12259
25.4359 -49.9786 -3.12286
25.4706 -49.9783 -3.12231
23.9939 -49.9603 -3.13052
24.0286 -49.9606 -3.13
24.0111 -49.9604 -3.13026
24.0456 -49.9607 -3.12974
24.3997 -49.9931 -3.1201
24.4347 -49.9932 -3.11955
24.4172 -49.9931 -3.11982
24.4519 -49.9932 -3.11928
22.9764 -49.9813 -3.12923
23.0111 -49.9822 -3.1287
22.9936 -49.9817 -3.12896
23.0281 -49.9825 -3.12843
23.3852 -50.0247 -3.11818
23.4202 -50.0254 -3.11763
23.4026 -50.025 -3.1179
23.4373 -50.0257 -3.11735
21.9741 -49.9625 3.141
22.0088 -49.9639 3.14154
21.9914 -49.9631 3.14128
22.0258 -49.9645 -3.14138
22.3846 -50.0169 -3.1307
22.4196 -50.0182 -3.13014
22.4021 -50.0175 -3.13041
22.4368 -50.0188 -3.12986
20.9473 -49.926 -3.13748
20.9819 -49.928 -3.13694
20.9645 -49.9269 -3.1372
20.9989 -49.9289 -3.13667
21.3594 -49.9925 -3.12545
21.3944 -49.9944 -3.1249
21.3769 -49.9934 -3.12517
21.4116 -49.9953 -3.12462
19.9621 -49.9235 -3.13611
19.9967 -49.9261 -3.13558
19.9793 -49.9247 -3.13583
20.0137 -49.9272 -3.1353
20.3763 -50.0022 -3.12361
20.4112 -50.0046 -3.12306
20.3937 -50.0033 -3.12332
20.4284 -50.0058 -3.12277
18.9496 -49.9271 3.13987
18.9842 -49.9302 3.1404
18.9669 -49.9286 3.14015
19.0013 -49.9316 3.14067
19.3648 -50.0189 -3.13058
19.3998 -50.0219 -3.13003
19.3822 -50.0203 -3.13029
19.4169 -50.0233 -3.12974
17.9661 -49.9054 3.14101
18.0007 -49.909 3.14154
17.9833 -49.9072 3.14129
18.0177 -49.9108 -3.14138
18.382 -50.0102 -3.1293
18.4169 -50.0138 -3.12875
18.3994 -50.0119 -3.12901
18.4341 -50.0155 -3.12847
16.9689 -49.9349 3.14101
17.0036 -49.939 3.14152
16.9862 -49.9369 3.14129
17.0206 -49.941 -3.1414
17.3864 -50.0537 -3.12934
17.4214 -50.0578 -3.12882
17.4039 -50.0557 -3.12906
17.4386 -50.0598 -3.12854
15.9748 -49.923 3.14075
16.0095 -49.9277 3.14123
15.9921 -49.9253 3.14101
16.0265 -49.93 3.14148
16.3934 -50.0559 -3.12997
16.4284 -50.0606 -3.12946
16.4108 -50.0582 -3.12969
16.4455 -50.0629 -3.12919
14.9829 -49.9098 -3.13495
15.0175 -49.9151 -3.1345
15.0002 -49.9124 -3.13469
15.0345 -49.9176 -3.13425
15.4013 -50.0556 -3.12335
15.4362 -50.0609 -3.12287
15.4187 -50.0582 -3.12308
15.4534 -50.0635 -3.12261
13.9733 -49.8994 -3.12648
14.008 -49.9051 -3.12603
13.9906 -49.9022 -3.12622
14.0251 -49.9079 -3.12579
14.3972 -50.0614 -3.11418
14.4323 -50.0671 -3.1137
14.4148 -50.0642 -3.11391
14.4496 -50.0699 -3.11344
12.9838 -49.9208 -3.12911
13.0188 -49.9269 -3.12866
13.0013 -49.9239 -3.12885
13.0359 -49.93 -3.12842
13.4138 -50.0995 -3.11725
13.4491 -50.1056 -3.11677
13.4314 -50.1026 -3.11698
13.4664 -50.1087 -3.11651
11.9899 -49.9395 -3.13306
12.025 -49.946 -3.13262
12.0074 -49.9428 -3.1328
12.0422 -49.9493 -3.13237
12.4231 -50.1322 -3.12213
12.4585 -50.1388 -3.12165
12.4408 -50.1355 -3.12186
12.4759 -50.1421 -3.12138
11.0032 -49.9242 -3.11894
11.0383 -49.9311 -3.11851
11.0207 -49.9277 -3.11869
11.0555 -49.9347 -3.11826
11.4375 -50.1284 -3.10855
11.4729 -50.1355 -3.10807
11.4551 -50.1321 -3.10828
11.4903 -50.1391 -3.10781
10.0038 -49.9476 -3.12392
10.0389 -49.955 -3.1235
10.0213 -49.9515 -3.12367
10.0561 -49.9588 -3.12325
10.4394 -50.1631 -3.1143
10.4749 -50.1707 -3.11382
10.4571 -50.167 -3.11402
10.4923 -50.1745 -3.11356
9.98369 -48.9697 1.58828
10.0184 -48.9772 1.58871
10.001 -48.9736 1.58854
10.0354 -48.9809 1.58895
10.4111 -49.1863 1.5974
10.4461 -49.1939 1.59788
10.4285 -49.1902 1.59768
10.4632 -49.1977 1.59814
9.98379 -47.9783 1.59469
10.0182 -47.9857 1.59509
10.0008 -47.9822 1.59493
10.0349 -47.9895 1.59532
10.4043 -48.1963 1.60357
10.4388 -48.2038 1.60402
10.4214 -48.2002 1.60384
10.4557 -48.2076 1.60428
9.94988 -46.967 1.58031
9.98404 -46.9743 1.58077
9.96675 -46.9708 1.58058
10.0007 -46.9781 1.58103
10.3683 -47.1912 1.59003
10.4026 -47.1986 1.59053
10.3853 -47.195 1.59032
10.4193 -47.2024 1.59082
9.96608 -45.9589 1.57549
10.0001 -45.9659 1.57595
9.98284 -45.9625 1.57575
10.0167 -45.9695 1.5762
10.3876 -46.196 1.60225
10.4216 -46.2031 1.60265
10.4044 -46.1997 1.60248
10.4381 -46.2067 1.60288
9.96326 -44.9573 1.58084
9.99691 -44.9643 1.58132
9.97977 -44.961 1.58111
10.0132 -44.9679 1.58158
10.3594 -45.197 1.61066
10.393 -45.2041 1.61107
10.3759 -45.2007 1.6109
10.4093 -45.2076 1.6113
9.95965 -43.9682 1.5832
9.99283 -43.9751 1.5837
9.9759 -43.9718 1.58348
10.0089 -43.9787 1.58396
10.326 -44.2083 1.61393
10.3592 -44.2154 1.61435
10.3423 -44.212 1.61417
10.3753 -44.2189 1.61458
9.95897 -42.9629 1.56459
9.99161 -42.9698 1.56511
9.97493 -42.9665 1.56487
10.0074 -42.9733 1.56538
10.293 -43.2019 1.59509
10.3257 -43.2089 1.59554
10.309 -43.2055 1.59535
10.3416 -43.2124 1.59579
9.96257 -41.9401 1.57472
9.99465 -41.9469 1.57525
9.97822 -41.9436 1.575
10.0101 -41.9504 1.57553
10.2639 -42.1777 1.60464
10.2962 -42.1846 1.60511
10.2797 -42.1812 1.6049
10.3118 -42.1881 1.60536
9.96948 -40.9492 1.57495
10.001 -40.9559 1.57549
9.98484 -40.9527 1.57524
10.0162 -40.9594 1.57578
10.2409 -41.1857 1.60386
10.2727 -41.1926 1.60434
10.2564 -41.1893 1.60412
10.288 -41.1961 1.6046
9.96608 -39.9473 1.57423
9.99707 -39.954 1.57478
9.98115 -39.9508 1.57452
10.012 -39.9574 1.57507
10.2075 -40.1814 1.60343
10.2388 -40.1882 1.60392
10.2227 -40.1849 1.6037
10.2538 -40.1917 1.60418
9.97384 -38.9238 1.57842
10.0042 -38.9302 1.57897
9.98859 -38.9271 1.57872
10.0188 -38.9335 1.57926
10.1834 -39.1468 1.60428
10.2142 -39.1534 1.60479
10.1983 -39.1502 1.60456
10.2289 -39.1567 1.60506
9.98238 -37.9222 1.59408
10.0122 -37.9283 1.59462
9.99682 -37.9254 1.59438
10.0265 -37.9315 1.59491
10.1641 -38.1341 1.61616
10.1943 -38.1404 1.61668
10.1787 -38.1374 1.61645
10.2088 -38.1436 1.61695
9.96551 -36.9045 1.60335
9.99478 -36.9105 1.60387
9.97963 -36.9076 1.60364
10.0088 -36.9135 1.60416
10.1228 -37.1059 1.62128
10.1524 -37.1119 1.62179
10.1371 -37.1091 1.62156
10.1666 -37.115 1.62206
9.87942 -35.8899 1.59027
9.90814 -35.8956 1.59079
9.89323 -35.8929 1.59055
9.92182 -35.8985 1.59106
10.0165 -36.0818 1.60386
10.0456 -36.0876 1.60437
10.0305 -36.0848 1.60414
10.0594 -36.0906 1.60464
9.8673 -34.9037 1.58152
9.89548 -34.9092 1.58202
9.88081 -34.9066 1.58179
9.90888 -34.912 1.58229
9.98901 -35.0847 1.59037
10.0175 -35.0902 1.59086
10.0027 -35.0876 1.59064
10.0311 -35.0931 1.59113
9.83968 -33.9335 1.5671
9.86736 -33.9387 1.56759
9.85291 -33.9363 1.56736
9.88048 -33.9414 1.56784
9.95079 -34.1036 1.57084
9.97875 -34.1089 1.57132
9.96418 -34.1064 1.57109
9.99203 -34.1116 1.57157
9.82978 -32.9742 1.57698
9.85686 -32.9793 1.57751
9.84271 -32.9769 1.57726
9.86968 -32.9819 1.57778
9.93919 -33.1381 1.58138
9.96653 -33.1432 1.58191
9.95227 -33.1408 1.58165
9.9795 -33.1459 1.58218
9.84013 -31.9833 1.58179
9.86651 -31.9882 1.58235
9.85272 -31.9858 1.58208
9.87899 -31.9907 1.58263
9.94777 -32.1408 1.58796
9.9744 -32.1458 1.58852
9.9605 -32.1434 1.58825
9.98702 -32.1484 1.58881
9.84141 -30.9517 1.56335
9.86711 -30.9564 1.56408
9.85365 -30.9542 1.56372
9.87925 -30.9588 1.56444
9.94278 -31.1015 1.56912
9.96871 -31.1063 1.56986
9.95516 -31.104 1.56949
9.98099 -31.1087 1.57023
9.84772 -29.9565 1.53562
9.87258 -29.9609 1.53649
9.85955 -29.9588 1.53604
9.88433 -29.9632 1.53691
9.94344 -30.0986 1.541
9.96851 -30.1031 1.54188
9.9554 -30.1009 1.54143
9.98039 -30.1054 1.54231
9.87668 -28.9781 1.5436
9.9006 -28.9823 1.54458
9.88805 -28.9803 1.54408
9.91189 -28.9844 1.54505
9.96723 -29.1124 1.54858
9.99134 -29.1166 1.54957
9.97872 -29.1146 1.54906
10.0027 -29.1188 1.55005
9.89673 -27.987 1.55926
9.91958 -27.9909 1.56033
9.9076 -27.989 1.55977
9.93037 -27.9929 1.56083
9.98244 -28.1134 1.56383
10.0055 -28.1174 1.56491
9.99341 -28.1155 1.56434
10.0163 -28.1194 1.56542
9.91477 -26.9894 1.5651
9.93646 -26.9931 1.56623
9.92508 -26.9913 1.56564
9.94669 -26.9949 1.56676
9.99601 -27.1081 1.56925
10.0178 -27.1118 1.5704
10.0064 -27.11 1.5698
10.0282 -27.1137 1.57094
9.92065 -25.9576 1.55632
9.94107 -25.961 1.55749
9.93036 -25.9594 1.55688
9.95071 -25.9627 1.55804
9.9977 -26.0686 1.56009
10.0182 -26.072 1.56127
10.0075 -26.0704 1.56065
10.0279 -26.0738 1.56182
9.94435 -24.9605 1.5587
9.96351 -24.9636 1.55988
9.95347 -24.9621 1.55926
9.97256 -24.9652 1.56043
10.0177 -25.0637 1.56206
10.037 -25.0668 1.56325
10.0269 -25.0653 1.56262
10.0461 -25.0684 1.56381
9.95236 -23.9276 1.54266
9.97021 -23.9304 1.54382
9.96086 -23.9291 1.54321
9.97865 -23.9319 1.54437
10.0224 -24.023 1.54563
10.0403 -24.0259 1.5468
10.0309 -24.0245 1.54618
10.0488 -24.0274 1.54735
9.98547 -22.9284 1.54914
10.0021 -22.931 1.55026
9.99339 -22.9298 1.54967
10.0099 -22.9323 1.55079
10.0526 -23.0161 1.55169
10.0692 -23.0187 1.55281
10.0605 -23.0174 1.55222
10.0771 -23.02 1.55334
9.99089 -21.9296 1.54631
10.0063 -21.9319 1.54736
9.99824 -21.9308 1.5468
10.0135 -21.9331 1.54785
10.0556 -22.0095 1.54845
10.0709 -22.0119 1.5495
10.0629 -22.0108 1.54895
10.0782 -22.0131 1.55
9.99805 -20.9603 1.54709
10.0123 -20.9624 1.54805
10.0049 -20.9614 1.54755
10.0191 -20.9634 1.54851
10.0607 -21.0325 1.54884
10.075 -21.0346 1.5498
10.0676 -21.0336 1.5493
10.0817 -21.0356 1.55026
10.0443 -19.9815 1.55453
10.0575 -19.9832 1.55538
10.0506 -19.9824 1.55494
10.0638 -19.9841 1.55578
10.1053 -20.0459 1.55582
10.1185 -20.0476 1.55666
10.1117 -20.0468 1.55623
10.1248 -20.0486 1.55706
10.0772 -18.9647 1.55201
10.0895 -18.9662 1.55271
10.0831 -18.9655 1.55235
10.0953 -18.967 1.55305
10.137 -19.0214 1.55281
10.1492 -19.0228 1.5535
10.1429 -19.0222 1.55314
10.1551 -19.0236 1.55383
10.0609 -17.9708 1.56635
10.0724 -17.9722 1.56699
10.0664 -17.9716 1.56666
10.0779 -17.9729 1.56729
10.1196 -18.0234 1.56661
10.1311 -18.0247 1.56723
10.1251 -18.0241 1.56691
10.1365 -18.0254 1.56753
10.0318 -16.9951 1.57252
10.0426 -16.9964 1.57319
10.037 -16.9958 1.57285
10.0478 -16.9971 1.57351
10.0894 -17.0445 1.57368
10.1003 -17.0458 1.57433
10.0946 -17.0452 1.574
10.1054 -17.0464 1.57465
10.0426 -15.9833 1.56562
10.0527 -15.9842 1.56636
10.0474 -15.9838 1.56598
10.0574 -15.9847 1.56672
10.0981 -16.0263 1.56788
10.1081 -16.0273 1.56861
10.1029 -16.0268 1.56823
10.1129 -16.0278 1.56896
10.0029 -14.977 1.55859
10.012 -14.9777 1.55937
10.0072 -14.9774 1.55896
10.0163 -14.978 1.55974
10.0551 -15.0138 1.56177
10.0642 -15.0145 1.56254
10.0595 -15.0142 1.56213
10.0685 -15.0148 1.5629
10.0401 -13.9672 1.55151
10.0483 -13.9676 1.55229
10.044 -13.9674 1.55188
10.0522 -13.9677 1.55266
10.0881 -13.9976 1.55529
10.0963 -13.9979 1.55606
10.092 -13.9978 1.55566
10.1002 -13.9981 1.55642
10.0266 -12.9952 1.56546
10.0339 -12.9952 1.56621
10.0301 -12.9952 1.56582
10.0373 -12.9953 1.56656
10.0699 -13.0193 1.56965
10.0772 -13.0193 1.57038
10.0734 -13.0194 1.56999
10.0807 -13.0194 1.57072
10.0493 -11.9916 1.5745
10.0557 -11.9913 1.57517
10.0524 -11.9914 1.57482
10.0587 -11.9911 1.57549
10.0875 -12.0093 1.57879
10.0938 -12.009 1.57946
10.0905 -12.0091 1.57911
10.0969 -12.0088 1.57978
10.0507 -11 1.58029
10.0563 -10.9996 1.58094
10.0534 -10.9998 1.5806
10.059 -10.9994 1.58124
10.0842 -11.0155 1.58454
10.0898 -11.015 1.58518
10.0869 -11.0153 1.58484
10.0925 -11.0148 1.58548
10.0516 -10.0086 1.57684
10.0565 -10.0081 1.57744
10.054 -10.0083 1.57712
10.0589 -10.0078 1.57773
10.0806 -10.0218 1.58095
10.0855 -10.0213 1.58155
10.083 -10.0216 1.58123
10.0879 -10.021 1.58183
10.0084 -9.01313 1.58968
10.0126 -9.01247 1.59026
10.0104 -9.0128 1.58995
10.0147 -9.01215 1.59053
10.0328 -9.02393 1.59363
10.0371 -9.02326 1.5942
10.0349 -9.0236 1.5939
10.0392 -9.02294 1.59447
9.99123 -8.00342 1.57535
9.99487 -8.00262 1.57588
9.99301 -8.00302 1.5756
9.99663 -8.00222 1.57613
10.0113 -8.01165 1.57906
10.015 -8.01085 1.57959
10.0131 -8.01125 1.57931
10.0167 -8.01045 1.57984
10.0068 -7.03317 1.57035
10.0099 -7.03221 1.57082
10.0083 -7.03269 1.57057
10.0114 -7.03174 1.57105
10.0229 -7.03871 1.57372
10.026 -7.03775 1.57419
10.0245 -7.03823 1.57395
10.0275 -7.03727 1.57442
9.98071 -6.01707 1.56529
9.98322 -6.01593 1.56565
9.98196 -6.0165 1.56546
9.98445 -6.01536 1.56583
9.99291 -6.01929 1.56801
9.99543 -6.01815 1.56838
9.99416 -6.01871 1.56818
9.99666 -6.01757 1.56855
9.9987 -5.0007 1.57066
10.0008 -4.99952 1.57103
9.99977 -5.0001 1.57084
10.0019 -4.99893 1.57121
10.0082 -5.00249 1.57337
10.0103 -5.00131 1.57374
10.0092 -5.00189 1.57354
10.0114 -5.00071 1.57391
10.0035 -4.04274 1.57797
10.0054 -4.04147 1.57831
10.0045 -4.0421 1.57813
10.0063 -4.04084 1.57847
10.0101 -4.04323 1.5808
10.012 -4.04196 1.58114
10.0111 -4.04258 1.58096
10.0129 -4.04132 1.5813
9.97965 -3.02595 1.58532
9.98113 -3.02455 1.58561
9.98041 -3.02524 1.58546
9.98187 -3.02384 1.58574
9.98307 -3.0245 1.58818
9.98454 -3.02309 1.58847
9.98383 -3.02378 1.58832
9.98528 -3.02238 1.5886
9.97513 -2.03608 1.56774
9.97632 -2.03454 1.56797
9.97575 -2.0353 1.56785
9.97693 -2.03376 1.56808
9.97541 -2.03263 1.57056
9.9766 -2.03108 1.5708
9.97604 -2.03184 1.57067
9.9772 -2.0303 1.57091
9.97932 -1.04096 1.56839
9.98027 -1.03937 1.56861
9.97984 -1.04015 1.56849
9.98077 -1.03857 1.56872
9.97666 -1.03683 1.57117
9.9776 -1.03524 1.5714
9.97717 -1.03601 1.57128
9.97809 -1.03443 1.57151
9.97514 -0.0464091 1.57715
9.97588 -0.0447943 1.57737
9.97556 -0.0455852 1.57725
9.97628 -0.0439814 1.57748
9.96956 -0.0420536 1.58006
9.97028 -0.0404345 1.58028
9.96997 -0.0412247 1.58016
9.97067 -0.0396171 1.58039
9.97821 0.951068 1.57807
9.9787 0.952713 1.57828
9.97851 0.951908 1.57817
9.97899 0.953542 1.57838
9.96961 0.955776 1.58102
9.97009 0.957425 1.58124
9.96991 0.95662 1.58112
9.97036 0.958258 1.58134
9.97372 1.9585 1.57468
9.97399 1.96024 1.57487
9.97392 1.95939 1.57476
9.97417 1.96112 1.57495
9.96148 1.96387 1.57786
9.96172 1.96562 1.57804
9.96167 1.96477 1.57794
9.96189 1.96651 1.57813
9.96652 2.94939 1.57907
9.9666 2.95127 1.57921
9.96664 2.95036 1.57913
9.9667 2.95222 1.57926
9.95032 2.9558 1.58234
9.95037 2.95768 1.58248
9.95043 2.95677 1.58239
9.95046 2.95864 1.58253
9.9362 3.9612 1.57891
9.93614 3.96322 1.579
9.93627 3.96224 1.57894
9.93618 3.96424 1.57903
9.91589 3.96856 1.58208
9.91579 3.97058 1.58217
9.91595 3.96961 1.58211
9.91582 3.97161 1.5822
9.92425 4.97234 1.57558
9.92409 4.9744 1.57565
9.92429 4.9734 1.5756
9.9241 4.97545 1.57566
9.90041 4.98008 1.57864
9.90021 4.98215 1.5787
9.90043 4.98115 1.57865
9.9002 4.9832 1.57872
8.91829 4.9641 -3.13657
8.91807 4.9662 -3.13656
8.9183 4.9652 -3.13658
8.91805 4.96728 -3.13657
8.89379 4.9696 -3.13386
8.89352 4.9717 -3.13385
8.89378 4.9707 -3.13387
8.89349 4.97278 -3.13386
7.90799 4.96712 -3.12829
7.90771 4.96931 -3.12831
7.90798 4.96828 -3.12832
7.90767 4.97044 -3.12833
7.8828 4.97072 -3.12571
7.88247 4.9729 -3.12573
7.88276 4.97189 -3.12574
7.88241 4.97404 -3.12575
6.92225 4.98018 -3.13043
6.92192 4.98249 -3.13046
6.92221 4.98142 -3.13047
6.92185 4.9837 -3.13049
6.89634 4.98208 -3.12779
6.89595 4.98438 -3.12781
6.89628 4.98333 -3.12782
6.89587 4.98559 -3.12784
5.92502 4.96687 -3.12553
5.92462 4.96929 -3.12554
5.92495 4.96819 -3.12555
5.92453 4.97059 -3.12556
5.89845 4.96698 -3.12261
5.89801 4.96939 -3.12262
5.89836 4.9683 -3.12264
5.89789 4.97068 -3.12263
4.90178 4.95848 -3.13205
4.90133 4.96101 -3.13202
4.90168 4.95988 -3.13206
4.9012 4.96237 -3.13201
4.87455 4.95644 -3.12865
4.87405 4.95895 -3.12861
4.87443 4.95784 -3.12865
4.8739 4.96032 -3.1286
4.89819 5.9354 1.57928
4.89765 5.93801 1.57934
4.89807 5.93684 1.57929
4.8975 5.93941 1.57935
4.86708 5.93403 1.58294
4.86649 5.93662 1.58301
4.86694 5.93547 1.58296
4.86632 5.93802 1.58303
4.88944 6.96925 1.57351
4.88883 6.97187 1.57358
4.88932 6.97069 1.57352
4.88867 6.97328 1.57359
4.85447 6.96796 1.57722
4.85381 6.97056 1.57729
4.85432 6.9694 1.57723
4.85362 6.97197 1.5773
4.89439 7.96992 1.57064
4.89371 7.97255 1.57071
4.89425 7.97137 1.57066
4.89353 7.97397 1.57073
4.85564 7.96875 1.57437
4.85489 7.97137 1.57444
4.85547 7.97021 1.57438
4.85468 7.97279 1.57446
4.90496 8.96709 1.57368
4.90417 8.96983 1.57375
4.90479 8.9686 1.5737
4.90395 8.9713 1.57376
4.86194 8.96683 1.57731
4.86107 8.96955 1.57738
4.86173 8.96834 1.57732
4.86082 8.97102 1.57739
4.90135 9.96558 1.56825
4.90048 9.96835 1.56831
4.90115 9.9671 1.56826
4.90024 9.96983 1.56832
4.85457 9.96552 1.57183
4.85362 9.96827 1.5719
4.85434 9.96704 1.57185
4.85335 9.96975 1.57191
4.88796 10.9566 1.56481
4.88702 10.9594 1.56486
4.88775 10.9582 1.56482
4.88676 10.9609 1.56488
4.83754 10.9567 1.56833
4.83652 10.9595 1.56839
4.83729 10.9582 1.56834
4.83623 10.961 1.56841
4.91465 11.9507 1.56236
4.91366 11.9535 1.56242
4.91443 11.9522 1.56237
4.91339 11.955 1.56243
4.86068 11.9509 1.56595
4.8596 11.9536 1.56602
4.86043 11.9524 1.56597
4.8593 11.9551 1.56603
4.91925 12.9465 1.5646
4.91819 12.9493 1.56465
4.91901 12.948 1.56461
4.91789 12.9509 1.56466
4.86136 12.9471 1.56803
4.8602 12.95 1.56808
4.86109 12.9487 1.56804
4.85987 12.9515 1.56809
4.92638 13.9423 1.56882
4.92526 13.9452 1.56886
4.92613 13.9439 1.56882
4.92496 13.9467 1.56887
4.86495 13.9431 1.57218
4.86373 13.946 1.57223
4.86466 13.9447 1.57219
4.86338 13.9476 1.57224
4.94133 14.9253 1.5673
4.94017 14.9282 1.56734
4.94108 14.9269 1.5673
4.93985 14.9298 1.56734
4.87652 14.9263 1.57062
4.87525 14.9292 1.57067
4.87622 14.9279 1.57063
4.87489 14.9307 1.57068
4.95371 15.9427 1.57188
4.9525 15.9457 1.57192
4.95345 15.9443 1.57188
4.95218 15.9472 1.57193
4.88538 15.9438 1.5753
4.88406 15.9467 1.57535
4.88508 15.9454 1.57531
4.88369 15.9483 1.57537
4.92904 16.9329 1.5735
4.92778 16.9359 1.57355
4.92877 16.9345 1.57351
4.92744 16.9374 1.57356
4.85721 16.934 1.57697
4.85584 16.937 1.57702
4.8569 16.9356 1.57698
4.85545 16.9385 1.57704
4.93554 17.9432 1.57151
4.93424 17.9462 1.57156
4.93527 17.9448 1.57152
4.93389 17.9478 1.57158
4.86015 17.9444 1.57501
4.85872 17.9473 1.57507
4.85982 17.946 1.57502
4.85832 17.9489 1.57508
4.93608 18.9545 1.57221
4.93472 18.9575 1.57226
4.9358 18.9562 1.57222
4.93436 18.9591 1.57227
4.85714 18.9558 1.57571
4.85566 18.9587 1.57576
4.8568 18.9574 1.57572
4.85524 18.9603 1.57577
4.93456 19.9199 1.56226
4.93315 19.9229 1.56231
4.93426 19.9216 1.56227
4.93277 19.9245 1.56233
4.85211 19.9212 1.56582
4.85057 19.9242 1.56588
4.85176 19.9229 1.56583
4.85014 19.9258 1.56589
4.92231 20.9377 1.55801
4.92084 20.9407 1.55806
4.922 20.9393 1.55802
4.92044 20.9423 1.55808
4.83608 20.9391 1.56168
4.83447 20.9421 1.56175
4.83571 20.9408 1.5617
4.83402 20.9437 1.56176
4.95319 21.9274 1.56904
4.95166 21.9304 1.5691
4.95287 21.9291 1.56906
4.95125 21.9321 1.56912
4.86318 21.929 1.5728
4.8615 21.932 1.57287
4.8628 21.9306 1.57282
4.86103 21.9336 1.57288
4.94162 22.941 1.56069
4.94002 22.944 1.56075
4.94127 22.9427 1.5607
4.93958 22.9457 1.56076
4.84765 22.9425 1.5645
4.8459 22.9456 1.56456
4.84725 22.9442 1.56451
4.84541 22.9472 1.56458
4.94042 23.939 1.56449
4.93875 23.9421 1.56455
4.94006 23.9407 1.5645
4.9383 23.9437 1.56456
4.84256 23.9406 1.56828
4.84074 23.9437 1.56834
4.84214 23.9423 1.56829
4.84023 23.9453 1.56835
4.95205 24.9251 1.56533
4.95033 24.9282 1.56538
4.95168 24.9268 1.56534
4.94986 24.9299 1.5654
4.85035 24.9268 1.56914
4.84847 24.9299 1.5692
4.84992 24.9285 1.56915
4.84793 24.9315 1.56922
4.95772 25.9032 1.56967
4.95594 25.9063 1.56973
4.95733 25.9049 1.56968
4.95545 25.908 1.56975
4.85216 25.905 1.57364
4.8502 25.9081 1.57371
4.8517 25.9067 1.57366
4.84965 25.9097 1.57373
4.94721 26.9113 1.57594
4.94536 26.9145 1.576
4.9468 26.9131 1.57595
4.94485 26.9162 1.57602
4.83751 26.9131 1.58004
4.83548 26.9162 1.58011
4.83703 26.9148 1.58006
4.8349 26.9179 1.58013
4.94801 27.9256 1.56872
4.94609 27.9287 1.56879
4.94759 27.9273 1.56874
4.94556 27.9304 1.5688
4.83409 27.9273 1.57286
4.83199 27.9305 1.57293
4.8336 27.9291 1.57287
4.83139 27.9322 1.57295
4.96166 28.9437 1.57271
4.95967 28.9469 1.57277
4.96123 28.9454 1.57272
4.95913 28.9486 1.57279
4.84346 28.9455 1.57684
4.84128 28.9487 1.57691
4.84295 28.9473 1.57685
4.84065 28.9504 1.57693
4.95867 29.9663 1.57092
4.95661 29.9694 1.57098
4.95822 29.968 1.57093
4.95604 29.9711 1.571
4.83612 29.9681 1.57501
4.83387 29.9712 1.57508
4.83559 29.9698 1.57502
4.83321 29.9729 1.5751
5.97079 29.9528 0.00489912
5.96873 29.956 0.00496181
5.97034 29.9546 0.00491288
5.96816 29.9577 0.00497949
5.84827 29.9586 0.00892074
5.84601 29.9618 0.00899011
5.84774 29.9604 0.0089371
5.84536 29.9635 0.00901052
6.97165 29.9573 0.0116421
6.96959 29.9606 0.0117088
6.9712 29.9591 0.0116585
6.96902 29.9623 0.0117289
6.84908 29.9669 0.0156031
6.84681 29.9702 0.0156762
6.84854 29.9687 0.015622
6.84616 29.9719 0.0156988
7.9805 29.9541 0.00321539
7.97842 29.9574 0.0032843
7.98003 29.9558 0.00323334
7.97784 29.9592 0.0033056
7.85756 29.9673 0.00709109
7.85528 29.9706 0.00716606
7.85702 29.969 0.00711138
7.85462 29.9724 0.00718981
8.98773 29.9341 -0.00295422
8.98564 29.9376 -0.00288288
8.98726 29.9359 -0.00293502
8.98506 29.9393 -0.00286039
8.86449 29.9509 0.000931604
8.8622 29.9543 0.00100897
8.86394 29.9527 0.000953117
8.86154 29.9561 0.00103389
10.0208 29.9136 -0.00912944
10.0187 29.9171 -0.00905496
10.0204 29.9155 -0.0091083
10.0182 29.9189 -0.00903072
9.89752 29.9341 -0.00528476
9.89522 29.9377 -0.00520446
9.89697 29.936 -0.00526139
9.89455 29.9395 -0.00517789
11.0227 29.9255 -0.0162095
11.0206 29.9291 -0.0161312
11.0222 29.9273 -0.0161863
11.02 29.9309 -0.016105
10.8992 29.9496 -0.0123448
10.8969 29.9532 -0.0122607
10.8986 29.9515 -0.0123194
10.8962 29.955 -0.0122321
11.998 29.9117 -0.0010906
11.9959 29.9153 -0.00100788
11.9975 29.9135 -0.00106503
11.9953 29.9172 -0.000979397
11.8741 29.9392 0.00278118
11.8718 29.9429 0.00286962
11.8736 29.9411 0.00280895
11.8711 29.9448 0.0029004
12.9906 29.9191 0.00536283
12.9884 29.9228 0.00544849
12.9901 29.921 0.00538956
12.9878 29.9247 0.00547825
12.8663 29.9502 0.00931866
12.8639 29.9539 0.00941023
12.8657 29.9521 0.00934767
12.8632 29.9558 0.00944238
13.9708 29.9423 -0.00334751
13.9687 29.9461 -0.0032605
13.9703 29.9442 -0.00332017
13.9681 29.948 -0.0032301
13.8463 29.9772 0.000635958
13.844 29.981 0.000728953
13.8457 29.9791 0.000665614
13.8433 29.9829 0.000761776
14.9609 29.9525 -0.00217606
14.9587 29.9565 -0.00208328
14.9604 29.9545 -0.00214538
14.9581 29.9584 -0.00204972
14.8362 29.9913 0.00181061
14.8339 29.9952 0.00190927
14.8356 29.9933 0.00184358
14.8332 29.9972 0.00194521
16.0119 29.9225 0.00187446
16.0098 29.9265 0.00197215
16.0114 29.9245 0.00190784
16.0092 29.9285 0.00200833
15.8873 29.9653 0.00589225
15.885 29.9694 0.00599581
15.8867 29.9673 0.00592792
15.8843 29.9714 0.00603438
17.0044 29.9261 0.0043016
17.0022 29.9302 0.00441557
17.0039 29.9281 0.00434443
17.0016 29.9323 0.00446067
16.8795 29.9728 0.00833027
16.8771 29.977 0.00844979
16.8789 29.9749 0.00837527
16.8764 29.9791 0.00849714
18.0068 29.9248 0.00813492
18.0047 29.9291 0.00825695
18.0063 29.927 0.00818231
18.0041 29.9312 0.00830639
17.8817 29.9756 0.0121838
17.8793 29.9799 0.0123112
17.8811 29.9777 0.0122333
17.8786 29.9821 0.0123629
18.9963 29.9011 0.00367749
18.9941 29.9055 0.00379952
18.9958 29.9032 0.00372463
18.9935 29.9077 0.0038488
18.871 29.9558 0.00775706
18.8686 29.9603 0.00788464
18.8704 29.958 0.00780638
18.8679 29.9625 0.00793616
19.9816 29.9082 0.00751798
19.9794 29.9128 0.00763779
19.9811 29.9104 0.00756369
19.9788 29.915 0.00768574
19.8561 29.9669 0.0115982
19.8537 29.9715 0.0117236
19.8555 29.9691 0.0116461
19.853 29.9738 0.0117738
20.9886 29.9237 0.0101262
20.9864 29.9284 0.0102501
20.9881 29.926 0.0101743
20.9858 29.9307 0.0103003
20.863 29.9865 0.0142211
20.8606 29.9913 0.0143505
20.8624 29.9889 0.0142713
20.8598 29.9936 0.014403
22.0127 29.9529 0.011997
22.0105 29.9578 0.0121246
22.0121 29.9553 0.0120473
22.0098 29.9602 0.0121769
21.8868 30.0201 0.0160669
21.8844 30.025 0.0161999
21.8862 30.0224 0.0161193
21.8837 30.0274 0.0162544
23.0235 29.9867 0.0119813
23.0212 29.9918 0.0121364
23.0229 29.9892 0.0120474
23.0206 29.9942 0.0122036
22.8973 30.058 0.0161078
22.8948 30.0631 0.0162679
22.8966 30.0605 0.0161759
22.8941 30.0656 0.0163372
24.0165 29.9877 -0.00854193
24.0143 29.9929 -0.00836955
24.016 29.9902 -0.00846607
24.0136 29.9954 -0.008293
23.8902 30.0631 -0.00437575
23.8877 30.0684 -0.00419856
23.8895 30.0657 -0.00429797
23.8869 30.071 -0.00412003
25.0185 29.9866 -0.0048596
25.0163 29.9921 -0.00467996
25.018 29.9892 -0.00477991
25.0156 29.9947 -0.00459972
24.892 30.0663 -0.000668053
24.8895 30.0718 -0.000483629
24.8913 30.069 -0.000586443
24.8887 30.0745 -0.000401423
26.0277 29.9569 -0.00707399
26.0254 29.9625 -0.00689705
26.0271 29.9596 -0.00699638
26.0247 29.9653 -0.00681871
25.901 30.0408 -0.00287
25.8985 30.0466 -0.00268816
25.9003 30.0436 -0.00279042
25.8977 30.0494 -0.00260779
27.0223 29.9397 -0.00642026
27.0201 29.9456 -0.00621571
27.0218 29.9425 -0.00632743
27.0194 29.9484 -0.00612284
26.8958 30.0279 -0.0021407
26.8933 30.0339 -0.00193155
26.8951 30.0307 -0.00204598
26.8925 30.0367 -0.00183677
28.0072 29.9316 0.0106598
28.005 29.9377 0.0108853
28.0067 29.9345 0.0107639
28.0043 29.9406 0.0109889
27.8807 30.0241 0.0149984
27.8783 30.0303 0.0152282
27.8801 30.0271 0.0151043
27.8775 30.0333 0.0153337
28.9942 29.9591 -0.0155338
28.9919 29.9655 -0.0152939
28.9936 29.9622 -0.0154224
28.9913 29.9685 -0.0151832
28.8676 30.056 -0.0111527
28.8652 30.0624 -0.0109086
28.867 30.0591 -0.0110394
28.8644 30.0655 -0.0107961
29.9985 29.9553 0.00181359
29.9963 29.9619 0.00205555
29.998 29.9584 0.00192642
29.9957 29.965 0.00216757
29.872 30.0566 0.00622139
29.8696 30.0633 0.0064676
29.8714 30.0598 0.00633604
29.8689 30.0665 0.00658145
31.0371 29.9625 -0.0037965
31.0349 29.9694 -0.00355976
31.0366 29.9658 -0.00368655
31.0343 29.9727 -0.00345043
30.9106 30.0685 0.000620673
30.9082 30.0755 0.000861789
30.91 30.0718 0.000732486
30.9075 30.0788 0.000972998
32.0446 29.9862 -0.00432984
32.0425 29.9934 -0.00410527
32.0441 29.9897 -0.00422682
32.0419 29.9968 -0.00400249
31.9181 30.0967 8.01303e-05
31.9157 30.104 0.000309289
31.9175 30.1002 0.000185085
31.915 30.1075 0.000414037
33.0408 29.9735 -0.00125657
33.0387 29.9809 -0.00105125
33.0403 29.977 -0.00116461
33.0381 29.9844 -0.000958943
32.9144 30.0884 0.00312936
32.912 30.0959 0.00333957
32.9138 30.092 0.00322336
32.9113 30.0995 0.00343396
34.0311 29.9431 -0.0031546
34.029 29.9507 -0.00297564
34.0306 29.9467 -0.00307785
34.0284 29.9544 -0.00289776
33.9048 30.0624 0.00119035
33.9025 30.0702 0.00137458
33.9042 30.0661 0.00126926
33.9018 30.0739 0.00145469
35.0235 29.9949 -0.0172154
35.0214 30.0028 -0.0170694
35.023 29.9987 -0.0171578
35.0208 30.0065 -0.0170096
34.897 30.1187 -0.0129274
34.8947 30.1267 -0.0127756
34.8965 30.1225 -0.0128674
34.894 30.1304 -0.0127134
35.0457 31.0241 1.56025
35.0435 31.032 1.56037
35.0452 31.0279 1.56029
35.0428 31.0358 1.56041
34.9149 31.148 1.56449
34.9124 31.156 1.56462
34.9143 31.1518 1.56454
34.9117 31.1598 1.56466
35.0618 32.032 1.57324
35.0594 32.0399 1.57334
35.0612 32.0358 1.57327
35.0588 32.0437 1.57337
34.9267 32.156 1.57745
34.9242 32.164 1.57756
34.9261 32.1598 1.57749
34.9234 32.1678 1.5776
35.0824 33.0242 1.57162
35.08 33.0321 1.5717
35.0818 33.028 1.57164
35.0793 33.0359 1.57173
34.9432 33.1483 1.57581
34.9405 33.1564 1.5759
34.9425 33.1522 1.57583
34.9398 33.1602 1.57593
35.0681 34.0316 1.56867
35.0657 34.0395 1.56875
35.0675 34.0354 1.56869
35.065 34.0433 1.56877
34.9247 34.1557 1.57286
34.922 34.1638 1.57294
34.9241 34.1596 1.57288
34.9212 34.1677 1.57296
35.0504 35.0316 1.57433
35.0479 35.0396 1.5744
35.0499 35.0354 1.57435
35.0472 35.0434 1.57442
34.9029 35.1557 1.57852
34.9002 35.1638 1.5786
34.9023 35.1596 1.57854
34.8994 35.1677 1.57862
35.048 36.0262 1.58164
35.0454 36.0342 1.58172
35.0474 36.0301 1.58166
35.0447 36.0381 1.58174
34.8964 36.1504 1.58585
34.8936 36.1585 1.58593
34.8957 36.1543 1.58587
34.8927 36.1624 1.58596
35.0297 37.0329 1.57809
35.0271 37.0409 1.57817
35.0291 37.0368 1.57811
35.0264 37.0448 1.57819
34.8739 37.157 1.58231
34.871 37.1652 1.58239
34.8732 37.1609 1.58233
34.8701 37.1691 1.58242
35.0476 38.0416 1.57944
35.045 38.0497 1.57951
35.0471 38.0455 1.57945
35.0442 38.0535 1.57953
34.8876 38.1658 1.58365
34.8846 38.174 1.58373
34.8869 38.1697 1.58367
34.8837 38.1779 1.58375
35.0356 39.0272 1.57235
35.0329 39.0353 1.57242
35.0351 39.0311 1.57236
35.0322 39.0392 1.57243
34.8714 39.1514 1.57655
34.8684 39.1596 1.57662
34.8707 39.1554 1.57657
34.8675 39.1635 1.57664
35.0258 40.0121 1.57749
35.023 40.0202 1.57754
35.0252 40.016 1.57749
35.0223 40.0241 1.57755
34.8575 40.1363 1.58168
34.8544 40.1445 1.58174
34.8567 40.1402 1.58169
34.8535 40.1484 1.58176
35.0657 41.0189 1.58195
35.0629 41.027 1.582
35.0651 41.0228 1.58196
35.0621 41.0309 1.58201
34.8931 41.1432 1.58614
34.89 41.1515 1.5862
34.8924 41.1472 1.58615
34.8892 41.1554 1.58622
35.046 42.0235 1.57836
35.0432 42.0317 1.57841
35.0455 42.0274 1.57837
35.0424 42.0356 1.57843
34.8693 42.1478 1.58255
34.8661 42.1561 1.58261
34.8686 42.1518 1.58256
34.8653 42.1601 1.58263
35.033 43.0184 1.56566
35.0302 43.0266 1.56573
35.0324 43.0223 1.56567
35.0294 43.0305 1.56575
34.8521 43.1427 1.56986
34.8489 43.1511 1.56994
34.8514 43.1468 1.56988
34.8481 43.155 1.56996
35.0384 44.0061 1.56941
35.0355 44.0143 1.5695
35.0378 44.01 1.56943
35.0347 44.0183 1.56953
34.8534 44.1305 1.57362
34.8501 44.1388 1.57371
34.8527 44.1345 1.57365
34.8492 44.1428 1.57375
35.014 44.9954 1.57182
35.011 45.0037 1.57193
35.0134 44.9994 1.57186
35.0102 45.0077 1.57197
34.8248 45.1198 1.57604
34.8214 45.1282 1.57616
34.824 45.1238 1.57608
34.8205 45.1322 1.57621
35.0173 45.9698 1.5674
35.0142 45.9781 1.56753
35.0167 45.9739 1.56746
35.0134 45.9821 1.56759
34.824 46.0943 1.57164
34.8206 46.1027 1.57178
34.8233 46.0983 1.57169
34.8196 46.1067 1.57184
35.0424 46.9613 1.58115
35.0392 46.9696 1.5813
35.0418 46.9654 1.58122
35.0383 46.9736 1.58136
34.845 47.0859 1.5854
34.8414 47.0943 1.58555
34.8441 47.0899 1.58546
34.8404 47.0983 1.58561
35.0227 47.9611 1.5845
35.0194 47.9695 1.58468
35.022 47.9651 1.58459
35.0185 47.9735 1.58477
34.821 48.0856 1.58877
34.8173 48.0941 1.58896
34.8202 48.0897 1.58886
34.8163 48.0981 1.58905
35.0246 48.9423 1.58284
35.0211 48.9506 1.58304
35.0238 48.9463 1.58293
35.0202 48.9546 1.58313
34.8188 49.0667 1.58712
34.8149 49.0752 1.58732
34.8178 49.0708 1.58722
34.8138 49.0792 1.58742
34.9953 49.9534 1.5775
34.9916 49.9617 1.57771
34.9944 49.9574 1.5776
34.9905 49.9657 1.5778
34.7851 50.0778 1.58179
34.7811 50.0862 1.58199
34.7841 50.0818 1.58189
34.7799 50.0902 1.58209
36.0233 49.9484 0.00938255
36.0196 49.957 0.00958447
36.0224 49.9526 0.00947834
36.0186 49.9611 0.00968015
35.8131 50.0772 0.0136608
35.8091 50.0858 0.0138673
35.8121 50.0814 0.0137585
35.8079 50.09 0.0139649
37.0106 49.9363 0.00295646
37.0069 49.9451 0.00314412
37.0097 49.9406 0.00304442
37.0058 49.9493 0.00323235
36.8004 50.0693 0.00720738
36.7964 50.0782 0.00739965
36.7994 50.0736 0.00729727
36.7951 50.0825 0.00748984
37.9936 49.976 -0.00217612
37.9898 49.985 -0.00200719
37.9926 49.9804 -0.00209866
37.9887 49.9893 -0.00192895
37.7831 50.1132 0.0020401
37.779 50.1223 0.00221384
37.782 50.1176 0.00211955
37.7777 50.1267 0.00229413
39.0058 49.9944 -0.000851431
39.002 50.0035 -0.000698371
39.0049 49.9988 -0.000782992
39.0009 50.0079 -0.000628709
38.7952 50.1359 0.00333522
38.7911 50.1452 0.00349327
38.7941 50.1404 0.00340571
38.7898 50.1496 0.00356506
39.9998 49.9844 0.0174725
39.996 49.9937 0.0176255
39.9989 49.9889 0.017541
39.9949 49.9981 0.0176952
39.7893 50.13 0.0216591
39.7851 50.1394 0.0218171
39.7882 50.1346 0.0217296
39.7838 50.1439 0.0218889
41.007 49.979 -0.00226875
41.0032 49.9884 -0.00212853
41.006 49.9835 -0.00220726
41.002 49.9929 -0.00206547
40.7964 50.1288 0.00189644
40.7923 50.1384 0.00204178
40.7953 50.1334 0.00196003
40.791 50.143 0.00210701
42.0205 49.9398 -0.000203577
42.0167 49.9494 -7.35136e-05
42.0195 49.9444 -0.000145258
42.0155 49.9539 -1.34934e-05
41.8101 50.0939 0.00395211
41.8059 50.1036 0.00408727
41.809 50.0985 0.00401256
41.8046 50.1082 0.00414949
43.0048 49.9177 -0.0149043
43.0011 49.9274 -0.0147759
43.0039 49.9223 -0.0148514
42.9999 49.932 -0.0147209
42.7945 50.0758 -0.0107644
42.7904 50.0857 -0.0106306
42.7934 50.0806 -0.0107093
42.7891 50.0904 -0.0105734
44.0013 49.9233 -0.00788052
43.9976 49.9332 -0.00774767
44.0004 49.9281 -0.00782813
43.9964 49.9379 -0.00769313
43.791 50.0856 -0.00374227
43.7868 50.0956 -0.00360388
43.7899 50.0904 -0.00368769
43.7855 50.1004 -0.00354707
45.0109 49.9001 -0.00585825
45.0071 49.9101 -0.00573198
45.0099 49.9048 -0.00580961
45.006 49.9148 -0.00568101
44.8006 50.0665 -0.00173095
44.7965 50.0767 -0.00159905
44.7995 50.0714 -0.0016801
44.7952 50.0815 -0.00154578
46.0115 49.9131 -0.00643321
46.0077 49.9232 -0.00631391
46.0105 49.9179 -0.0063883
46.0066 49.928 -0.00626648
45.8011 50.0837 -0.00231682
45.797 50.0939 -0.0021918
45.8 50.0885 -0.00226967
45.7957 50.0988 -0.00214204
46.9929 49.9074 -0.00683921
46.9891 49.9176 -0.00672775
46.9919 49.9123 -0.0067985
46.988 49.9225 -0.00668433
46.7825 50.082 -0.00273467
46.7784 50.0924 -0.00261741
46.7814 50.087 -0.00269168
46.7771 50.0973 -0.00257161
48.0079 49.9234 -0.0034189
48.0041 49.9337 -0.00331048
48.0069 49.9283 -0.00337983
48.0029 49.9386 -0.00326862
47.7974 50.1022 0.000680973
47.7933 50.1127 0.000795236
47.7963 50.1071 0.000722338
47.792 50.1176 0.000839491
49.0058 49.9383 -0.00549192
49.002 49.9488 -0.00538729
49.0048 49.9433 -0.0054549
49.0008 49.9537 -0.00534738
48.7953 50.1212 -0.00139803
48.7911 50.1318 -0.00128751
48.7942 50.1262 -0.0013587
48.7898 50.1368 -0.00124519
50.0072 49.9206 -0.0020222
50.0034 49.9311 -0.00192083
50.0063 49.9255 -0.00198694
50.0023 49.9361 -0.0018826
49.7968 50.1075 0.00206647
49.7926 50.1183 0.00217377
49.7957 50.1126 0.00210405
49.7913 50.1233 0.00221443
49.9966 48.8963 -1.5692
49.9929 48.9068 -1.5691
49.9957 48.9012 -1.56917
49.9918 48.9118 -1.56906
49.7904 49.0832 -1.56511
49.7863 49.0939 -1.56501
49.7893 49.0883 -1.56507
49.785 49.099 -1.56496
50.0019 47.8857 -1.57625
49.9983 47.8962 -1.57615
50.001 47.8907 -1.57621
49.9972 47.9012 -1.57611
49.7998 48.0727 -1.57216
49.7958 48.0834 -1.57205
49.7987 48.0777 -1.57212
49.7946 48.0884 -1.57201
49.9917 46.906 -1.57929
49.9882 46.9166 -1.57919
49.9908 46.911 -1.57925
49.9871 46.9215 -1.57916
49.7935 47.093 -1.57521
49.7897 47.1037 -1.57511
49.7925 47.098 -1.57517
49.7885 47.1087 -1.57507
49.9676 45.9083 -1.57391
49.9642 45.9189 -1.57382
49.9668 45.9133 -1.57388
49.9632 45.9238 -1.57379
49.7735 46.0952 -1.56984
49.7698 46.1059 -1.56974
49.7725 46.1002 -1.5698
49.7686 46.1109 -1.5697
49.956 44.9153 -1.57386
49.9527 44.9258 -1.57377
49.9552 44.9202 -1.57383
49.9517 44.9308 -1.57373
49.7659 45.1021 -1.56978
49.7623 45.1128 -1.56969
49.765 45.1071 -1.56975
49.7611 45.1178 -1.56965
50.9559 44.8992 -0.00429453
50.9525 44.9098 -0.0042052
50.9551 44.9042 -0.00426585
50.9516 44.9148 -0.00417323
50.7659 45.09 -0.000224861
50.7622 45.1009 -0.00012942
50.7649 45.0951 -0.000193791
50.7611 45.106 -9.49589e-05
51.9677 44.8924 -0.0138009
51.9644 44.9031 -0.0137124
51.9669 44.8974 -0.0137727
51.9634 44.9081 -0.0136808
51.7778 45.0874 -0.0097328
51.7741 45.0983 -0.00963814
51.7768 45.0925 -0.00970216
51.7729 45.1034 -0.00960408
52.9721 44.8631 -0.00567825
52.9688 44.8739 -0.00558816
52.9713 44.8682 -0.00564914
52.9678 44.879 -0.00555579
52.7823 45.0622 -0.00160777
52.7786 45.0732 -0.00151159
52.7813 45.0674 -0.00157628
52.7775 45.0784 -0.00147673
53.995 44.8588 -0.000549846
53.9917 44.8697 -0.000458737
53.9942 44.8639 -0.000520164
53.9907 44.8748 -0.000425828
53.8052 45.0621 0.00352221
53.8015 45.0732 0.00361941
53.8042 45.0673 0.00355427
53.8003 45.0784 0.0036548
55.0099 44.8511 0.0106034
55.0066 44.8621 0.010695
55.0091 44.8562 0.0106334
55.0056 44.8672 0.0107282
54.8201 45.0585 0.0146763
54.8164 45.0697 0.014774
54.8191 45.0637 0.0147087
54.8153 45.0749 0.0148097
55.0314 45.8354 1.58308
55.0279 45.8464 1.58317
55.0305 45.8405 1.58311
55.0269 45.8515 1.5832
54.8375 46.0429 1.58715
54.8337 46.0541 1.58725
54.8365 46.0481 1.58718
54.8326 46.0593 1.58728
54.9823 46.8015 1.57583
54.9788 46.8125 1.57592
54.9814 46.8066 1.57586
54.9777 46.8177 1.57595
54.7845 47.0088 1.5799
54.7807 47.02 1.58
54.7835 47.014 1.57993
54.7795 47.0252 1.58004
54.9999 47.7888 1.55627
54.9963 47.7998 1.55636
54.999 47.7939 1.5563
54.9952 47.8049 1.5564
54.7981 47.9961 1.56034
54.7942 48.0073 1.56044
54.7971 48.0013 1.56038
54.7929 48.0126 1.56048
55.0115 48.8287 1.54902
55.0078 48.8397 1.54911
55.0105 48.8338 1.54905
55.0067 48.8449 1.54915
54.8054 49.0361 1.55309
54.8014 49.0473 1.55319
54.8044 49.0413 1.55313
54.8001 49.0526 1.55323
55.0409 49.8581 1.57861
55.0371 49.8691 1.5787
55.0399 49.8632 1.57864
55.036 49.8742 1.57874
54.8307 50.0656 1.58269
54.8265 50.0768 1.58279
54.8296 50.0708 1.58272
54.8252 50.0821 1.58282
54.0247 49.9008 -3.13678
54.0209 49.9118 -3.13669
54.0238 49.9059 -3.13675
54.0198 49.9169 -3.13665
53.8143 50.1042 -3.1327
53.8102 50.1153 -3.1326
53.8132 50.1094 -3.13267
53.8088 50.1205 -3.13257
53.0026 49.9318 3.13976
52.9988 49.9427 3.13985
53.0016 49.9369 3.13979
52.9976 49.9477 3.13989
52.7921 50.131 -3.13935
52.7879 50.1421 -3.13924
52.791 50.1362 -3.13931
52.7866 50.1472 -3.13921
52.0038 49.8916 3.1167
52 49.9024 3.1168
52.0029 49.8967 3.11673
51.9989 49.9074 3.11684
51.7935 50.0868 3.12078
51.7893 50.0977 3.12089
51.7924 50.0919 3.12082
51.788 50.1028 3.12093
51.0005 49.921 -3.1404
50.9967 49.9316 -3.1403
50.9996 49.926 -3.14037
50.9956 49.9366 -3.14026
50.7901 50.112 -3.13631
50.7859 50.1228 -3.13621
50.789 50.1171 -3.13628
50.7846 50.1279 -3.13617
50.0001 49.9042 3.13598
49.9963 49.9147 3.13608
49.9991 49.9091 3.13602
49.9951 49.9197 3.13612
49.7897 50.0911 3.14007
49.7856 50.1018 3.14018
49.7886 50.0962 3.14011
49.7842 50.1069 3.14022
49.0026 49.9175 3.13644
48.9988 49.9279 3.13655
49.0016 49.9224 3.13648
48.9976 49.9328 3.13659
48.7922 50.1003 3.14054
48.788 50.1109 3.14065
48.791 50.1053 3.14058
48.7867 50.1159 3.14069
48.0301 49.9332 3.12598
48.0263 49.9436 3.12609
48.0292 49.9381 3.12602
48.0252 49.9484 3.12614
47.8197 50.1121 3.13009
47.8155 50.1226 3.1302
47.8186 50.1171 3.13013
47.8142 50.1276 3.13025
47.037 49.9172 3.13337
47.0332 49.9274 3.13349
47.036 49.922 3.13341
47.032 49.9322 3.13353
46.8266 50.0919 3.13748
46.8224 50.1023 3.13761
46.8255 50.0969 3.13753
46.8211 50.1073 3.13766
46.0396 49.9312 -3.14144
46.0358 49.9413 -3.14132
46.0387 49.936 -3.14139
46.0347 49.9461 -3.14127
45.8292 50.1019 -3.13732
45.825 50.1122 -3.1372
45.8281 50.1068 -3.13728
45.8237 50.1171 -3.13715
45.0117 49.9331 3.13558
45.0079 49.9431 3.13571
45.0108 49.9379 3.13563
45.0068 49.9478 3.13576
44.8013 50.0996 3.13971
44.7971 50.1097 3.13984
44.8002 50.1044 3.13976
44.7958 50.1145 3.13989
44.0064 49.9156 3.13729
44.0026 49.9254 3.13743
44.0054 49.9203 3.13734
44.0014 49.9301 3.13748
43.796 50.0779 3.14143
43.7919 50.0879 3.14157
43.7949 50.0827 3.14148
43.7906 50.0927 -3.14156
42.9994 49.9329 3.13625
42.9956 49.9426 3.13638
42.9985 49.9375 3.1363
42.9945 49.9472 3.13644
42.789 50.091 3.14039
42.7849 50.1009 3.14053
42.7879 50.0957 3.14045
42.7835 50.1056 3.14059
42.0048 49.9448 3.1319
42.001 49.9544 3.13204
42.0039 49.9494 3.13196
41.9999 49.959 3.1321
41.7944 50.0988 3.13606
41.7902 50.1085 3.1362
41.7933 50.1035 3.13612
41.7889 50.1132 3.13626
41.0035 49.9753 3.13931
40.9997 49.9847 3.13944
41.0025 49.9798 3.13937
40.9985 49.9892 3.13951
40.7929 50.1251 -3.13972
40.7888 50.1347 -3.13958
40.7918 50.1297 -3.13966
40.7875 50.1393 -3.13951
40.0011 49.9739 3.13382
39.9973 49.9832 3.13396
40.0001 49.9784 3.13388
39.9961 49.9876 3.13402
39.7906 50.1195 3.13799
39.7864 50.129 3.13814
39.7895 50.1241 3.13805
39.7851 50.1335 3.1382
38.9782 49.9759 -3.13494
38.9744 49.985 -3.13478
38.9772 49.9803 -3.13487
38.9733 49.9894 -3.13471
38.7677 50.1173 -3.13074
38.7636 50.1265 -3.13058
38.7666 50.1218 -3.13067
38.7623 50.131 -3.13051
37.9891 49.9882 -3.13309
37.9854 49.9971 -3.13291
37.9882 49.9925 -3.13301
37.9843 50.0014 -3.13283
37.7787 50.1254 -3.12886
37.7745 50.1344 -3.12869
37.7776 50.1298 -3.12878
37.7733 50.1388 -3.1286
36.9961 49.9992 -3.13151
36.9924 50.008 -3.13133
36.9952 50.0035 -3.13142
36.9912 50.0122 -3.13125
36.7856 50.1322 -3.12727
36.7815 50.1411 -3.12708
36.7845 50.1365 -3.12718
36.7802 50.1454 -3.127
36.0027 49.9727 -3.13032
35.999 49.9813 -3.13013
36.0018 49.9769 -3.13023
35.9979 49.9854 -3.13004
35.7924 50.1014 -3.12605
35.7884 50.1101 -3.12586
35.7914 50.1056 -3.12596
35.7871 50.1142 -3.12577
35.0115 49.9459 -3.13038
35.0078 49.9542 -3.13018
35.0106 49.9499 -3.13028
35.0067 49.9582 -3.13008
34.8013 50.0703 -3.1261
34.7973 50.0787 -3.12589
34.8003 50.0744 -3.126
34.7961 50.0828 -3.1258
34.0175 49.909 -3.12909
34.0139 49.9171 -3.12888
34.0166 49.913 -3.12899
34.0128 49.921 -3.12878
33.8076 50.0292 -3.1248
33.8036 50.0374 -3.12459
33.8066 50.0332 -3.1247
33.8024 50.0414 -3.12448
32.987 49.9115 3.14136
32.9834 49.9194 3.14158
32.9862 49.9153 3.14146
32.9824 49.9232 -3.1415
32.7771 50.0272 -3.13753
32.7732 50.0352 -3.1373
32.7761 50.0311 -3.13743
32.772 50.039 -3.1372
31.989 49.9044 -3.13215
31.9855 49.912 -3.13191
31.9882 49.9081 -3.13204
31.9844 49.9157 -3.1318
31.7793 50.0158 -3.12785
31.7754 50.0235 -3.12761
31.7783 50.0195 -3.12774
31.7742 50.0273 -3.12749
31.0055 49.934 -3.12857
31.002 49.9414 -3.12832
31.0047 49.9375 -3.12845
31.001 49.9449 -3.1282
30.7957 50.0411 -3.12428
30.7919 50.0486 -3.12402
30.7948 50.0447 -3.12416
30.7907 50.0522 -3.1239
30.0167 49.9126 -3.13491
30.0133 49.9197 -3.13465
30.016 49.9161 -3.13479
30.0123 49.9231 -3.13453
29.8071 50.0155 -3.13063
29.8033 50.0227 -3.13037
29.8062 50.019 -3.1305
29.8022 50.0261 -3.13025
29.0061 49.9002 -3.12625
29.0027 49.9071 -3.12601
29.0053 49.9035 -3.12614
29.0017 49.9104 -3.12589
28.7965 49.9987 -3.12199
28.7928 50.0057 -3.12174
28.7957 50.0021 -3.12187
28.7917 50.009 -3.12162
28.0062 49.862 -3.12958
28.0028 49.8686 -3.12934
28.0054 49.8652 -3.12947
28.0019 49.8717 -3.12923
27.7969 49.9562 -3.12533
27.7931 49.9629 -3.12509
27.796 49.9595 -3.12522
27.7921 49.9661 -3.12498
27.0053 49.871 -3.1291
27.0019 49.8773 -3.12886
27.0046 49.874 -3.12899
27.001 49.8804 -3.12875
26.796 49.961 -3.12487
26.7923 49.9674 -3.12463
26.7952 49.9641 -3.12476
26.7912 49.9705 -3.12452
26.0002 49.8732 -3.1251
25.9969 49.8793 -3.12487
25.9995 49.8761 -3.12499
25.996 49.8822 -3.12477
25.791 49.9589 -3.12089
25.7873 49.965 -3.12066
25.7901 49.9619 -3.12079
25.7862 49.968 -3.12056
25.0029 49.8782 -3.12897
24.9996 49.884 -3.12876
25.0022 49.881 -3.12887
24.9987 49.8868 -3.12866
24.7937 49.9597 -3.12479
24.79 49.9656 -3.12458
24.7929 49.9625 -3.12469
24.7889 49.9684 -3.12448
24.0133 49.8773 -3.13676
24.01 49.8829 -3.13656
24.0126 49.88 -3.13667
24.0091 49.8856 -3.13647
23.8042 49.9546 -3.13261
23.8005 49.9603 -3.13241
23.8033 49.9574 -3.13252
23.7994 49.9631 -3.13232
23.001 49.8602 3.13447
22.9977 49.8656 3.13465
23.0003 49.8628 3.13455
22.9968 49.8682 3.13473
22.7919 49.9333 3.13857
22.7883 49.9388 3.13875
22.7911 49.936 3.13865
22.7873 49.9414 3.13884
21.9917 49.8824 3.13249
21.9885 49.8876 3.13266
21.9911 49.8849 3.13257
21.9877 49.8901 3.13274
21.7827 49.9514 3.13655
21.7791 49.9566 3.13673
21.7819 49.9539 3.13663
21.7781 49.9592 3.1368
21.0039 49.8566 3.12695
21.0007 49.8617 3.1271
21.0033 49.8591 3.12702
20.9999 49.8641 3.12717
20.795 49.9216 3.13099
20.7914 49.9267 3.13115
20.7942 49.9241 3.13106
20.7904 49.9291 3.13122
20.0038 49.8719 3.12841
20.0006 49.8768 3.12856
20.0032 49.8743 3.12847
19.9998 49.8792 3.12862
19.7948 49.9329 3.13242
19.7913 49.9378 3.13257
19.7941 49.9353 3.13248
19.7903 49.9402 3.13264
18.9792 49.8748 3.11968
18.976 49.8795 3.11982
18.9786 49.8771 3.11974
18.9752 49.8818 3.11988
18.7702 49.9316 3.12366
18.7667 49.9363 3.12381
18.7695 49.9339 3.12372
18.7658 49.9387 3.12387
17.9877 49.8973 3.1327
17.9846 49.9018 3.13285
17.9871 49.8995 3.13276
17.9838 49.904 3.13291
17.7787 49.9501 3.13667
17.7752 49.9547 3.13682
17.778 49.9524 3.13673
17.7743 49.957 3.13688
16.9753 49.9135 3.13318
16.9721 49.9179 3.13331
16.9747 49.9156 3.13323
16.9713 49.92 3.13337
16.7662 49.9623 3.13714
16.7627 49.9668 3.13728
16.7655 49.9645 3.1372
16.7618 49.969 3.13734
15.986 49.9472 3.13462
15.9829 49.9515 3.13475
15.9854 49.9494 3.13467
15.9821 49.9536 3.13479
15.7769 49.9922 3.13853
15.7734 49.9965 3.13865
15.7762 49.9944 3.13858
15.7725 49.9987 3.13871
14.982 49.9397 -3.1353
14.9789 49.9439 -3.13519
14.9815 49.9418 -3.13526
14.9782 49.9459 -3.13515
14.7729 49.9808 -3.13145
14.7695 49.985 -3.13133
14.7723 49.9829 -3.1314
14.7686 49.9871 -3.13129
13.9868 49.9306 -3.13794
13.9838 49.9346 -3.13784
13.9863 49.9327 -3.13791
13.9831 49.9367 -3.13781
13.7778 49.9679 -3.13412
13.7745 49.9719 -3.13402
13.7772 49.9699 -3.13408
13.7736 49.974 -3.13398
12.9822 49.93 -3.1366
12.9792 49.9339 -3.13651
12.9817 49.932 -3.13657
12.9785 49.9359 -3.13649
12.7732 49.9635 -3.13281
12.7699 49.9674 -3.13272
12.7726 49.9655 -3.13278
12.769 49.9694 -3.13269
11.97 49.9041 -3.14093
11.967 49.9079 -3.14086
11.9695 49.906 -3.14091
11.9664 49.9098 -3.14084
11.7611 49.9337 -3.13715
11.7578 49.9375 -3.13708
11.7605 49.9357 -3.13713
11.757 49.9395 -3.13706
10.9958 49.9155 -3.13653
10.993 49.9193 -3.13647
10.9954 49.9175 -3.13652
10.9923 49.9212 -3.13645
10.787 49.9415 -3.13277
10.7837 49.9452 -3.1327
10.7864 49.9434 -3.13275
10.7829 49.9472 -3.13268
9.98792 49.9071 3.14126
9.98505 49.9107 3.14131
9.98749 49.909 3.14126
9.9844 49.9126 3.14132
9.77911 49.9292 -3.13817
9.77587 49.9329 -3.13812
9.77854 49.9312 -3.13816
9.77507 49.9348 -3.1381
8.98761 49.9279 -3.13488
8.98473 49.9315 -3.13483
8.98718 49.9298 -3.13487
8.98409 49.9334 -3.13482
8.77871 49.9463 -3.13113
8.77548 49.95 -3.13107
8.77814 49.9483 -3.13112
8.77468 49.9518 -3.13106
7.98568 49.9369 3.13831
7.98283 49.9405 3.13834
7.98527 49.9388 3.13831
7.9822 49.9424 3.13835
7.77674 49.9516 -3.14115
7.77354 49.9552 -3.14111
7.77619 49.9535 -3.14115
7.77277 49.9571 -3.1411
6.98623 49.9293 -3.13207
6.98341 49.9329 -3.13203
6.98583 49.9312 -3.13207
6.98279 49.9347 -3.13203
6.77733 49.9403 -3.12835
6.77415 49.9438 -3.12831
6.77679 49.9422 -3.12835
6.77338 49.9457 -3.12831
5.98343 49.9075 -3.13309
5.98063 49.911 -3.13307
5.98305 49.9094 -3.1331
5.98002 49.9128 -3.13307
5.77462 49.9147 -3.12937
5.77146 49.9182 -3.12934
5.77409 49.9166 -3.12937
5.77071 49.9201 -3.12934
4.97356 49.8942 -3.13998
4.9708 49.8977 -3.13997
4.9732 49.8961 -3.14
4.97022 49.8995 -3.13999
4.76477 49.8978 -3.13631
4.76165 49.9012 -3.13629
4.76427 49.8997 -3.13632
4.76092 49.9031 -3.1363
3.98587 49.8856 -3.13013
3.98314 49.889 -3.13013
3.98553 49.8875 -3.13015
3.98257 49.8909 -3.13015
3.77706 49.8856 -3.12649
3.77397 49.889 -3.12649
3.77658 49.8875 -3.12652
3.77326 49.8909 -3.12651
2.99727 49.8804 -3.13691
2.99459 49.8839 -3.13693
2.99696 49.8824 -3.13695
2.99405 49.8858 -3.13696
2.78835 49.877 -3.13338
2.78531 49.8804 -3.1334
2.78789 49.8789 -3.13342
2.78462 49.8823 -3.13343
1.99442 49.8832 -3.13908
1.99178 49.8867 -3.13912
1.99412 49.8852 -3.13912
1.99126 49.8886 -3.13916
1.78535 49.8763 -3.13563
1.78235 49.8798 -3.13566
1.78492 49.8783 -3.13567
1.78168 49.8817 -3.13569
0.964733 49.8707 -3.13935
0.962142 49.8743 -3.13941
0.964471 49.8727 -3.13941
0.961651 49.8762 -3.13946
0.755586 49.8603 -3.13595
0.75263 49.8639 -3.136
0.75518 49.8624 -3.13601
0.751989 49.8658 -3.13605
-0.0165144 49.8834 3.12758
-0.0190561 49.887 3.12751
-0.0167471 49.8855 3.12752
-0.0195196 49.889 3.12745
-0.225834 49.8698 3.13095
-0.228741 49.8734 3.13089
-0.226211 49.8719 3.13089
-0.229356 49.8754 3.13083
-1.02044 49.9026 -3.13893
-1.02295 49.9063 -3.13901
-1.02065 49.9048 -3.139
-1.02339 49.9084 -3.13908
-1.22994 49.8857 -3.13556
-1.2328 49.8894 -3.13564
-1.23029 49.8879 -3.13563
-1.2334 49.8915 -3.1357
-2.03846 49.9268 -3.12977
-2.0409 49.9306 -3.12987
-2.03863 49.929 -3.12985
-2.04131 49.9328 -3.12995
-2.24819 49.9066 -3.12639
-2.251 49.9103 -3.12649
-2.24851 49.9088 -3.12647
-2.25156 49.9125 -3.12656
-3.03193 49.8995 -3.12365
-3.03432 49.9034 -3.12376
-3.03207 49.9018 -3.12374
-3.0347 49.9056 -3.12385
-3.24172 49.876 -3.12022
-3.24448 49.8799 -3.12033
-3.242 49.8783 -3.12031
-3.24501 49.8821 -3.12042
-4.03722 49.8714 -3.13801
-4.03955 49.8755 -3.13815
-4.03732 49.8739 -3.13811
-4.03989 49.8778 -3.13825
-4.24711 49.8446 -3.1345
-4.24981 49.8485 -3.13464
-4.24736 49.847 -3.13461
-4.25031 49.8509 -3.13473
-5.02131 49.8637 3.13563
-5.02358 49.8679 3.13547
-5.02138 49.8662 3.13551
-5.02389 49.8703 3.13535
-5.23137 49.8334 3.13923
-5.23401 49.8375 3.13908
-5.23159 49.836 3.13911
-5.23448 49.84 3.13897
-6.05006 49.8807 3.1258
-6.05226 49.8851 3.12562
-6.05009 49.8834 3.12567
-6.05253 49.8876 3.12549
-6.26038 49.8468 3.12952
-6.26295 49.8511 3.12934
-6.26056 49.8495 3.12939
-6.26338 49.8536 3.12922
-7.01977 49.8956 3.13161
-7.02194 49.9001 3.13142
-7.01979 49.8984 3.13147
-7.0222 49.9028 3.13129
-7.23022 49.8581 3.13539
-7.23276 49.8625 3.13521
-7.23038 49.8609 3.13526
-7.23318 49.8652 3.13509
-8.01662 49.9056 3.13537
-8.01874 49.9103 3.13516
-8.0166 49.9085 3.13522
-8.01896 49.9131 3.13502
-8.22735 49.8644 3.13925
-8.22984 49.869 3.13906
-8.22748 49.8673 3.13911
-8.23022 49.8718 3.13892
-9.00172 49.9114 3.12941
-9.00381 49.9164 3.1292
-9.00169 49.9145 3.12926
-9.00403 49.9193 3.12906
-9.2125 49.8664 3.13331
-9.21497 49.8712 3.13311
-9.21262 49.8695 3.13316
-9.21535 49.8741 3.13297
-10.0126 49.9206 3.13371
-10.0147 49.9258 3.1335
-10.0126 49.9239 3.13356
-10.0149 49.9289 3.13335
-10.2236 49.8717 3.13769
-10.226 49.8767 3.13748
-10.2237 49.8749 3.13754
-10.2263 49.8798 3.13734
-10.0135 48.9173 -1.57614
-10.0157 48.9224 -1.57637
-10.0136 48.9206 -1.5763
-10.016 48.9255 -1.57652
-10.2206 48.8686 -1.572
-10.2231 48.8736 -1.57222
-10.2208 48.8718 -1.57216
-10.2236 48.8766 -1.57237
-10.032 47.9047 -1.58845
-10.0343 47.9097 -1.58864
-10.0322 47.9079 -1.58859
-10.0348 47.9128 -1.58877
-10.2349 47.8564 -1.58424
-10.2376 47.8613 -1.58443
-10.2352 47.8596 -1.58438
-10.2382 47.8644 -1.58455
-10.0406 46.9218 -1.57763
-10.0431 46.9269 -1.57779
-10.0409 46.925 -1.57775
-10.0436 46.9299 -1.5779
-10.2394 46.874 -1.57334
-10.2422 46.879 -1.57349
-10.2398 46.8772 -1.57346
-10.2429 46.882 -1.5736
-10.0598 45.9479 -1.57145
-10.0624 45.953 -1.57162
-10.0602 45.9511 -1.57157
-10.063 45.956 -1.57174
-10.2545 45.9003 -1.56711
-10.2574 45.9052 -1.56727
-10.255 45.9034 -1.56723
-10.2582 45.9082 -1.56738
-10.0679 44.9363 -1.57259
-10.0707 44.9413 -1.57278
-10.0684 44.9395 -1.57273
-10.0714 44.9443 -1.5729
-10.2582 44.8888 -1.56819
-10.2613 44.8937 -1.56836
-10.2588 44.8919 -1.56832
-10.2621 44.8967 -1.56848
-10.0602 43.9505 -1.56501
-10.0631 43.9555 -1.56517
-10.0608 43.9536 -1.56513
-10.0639 43.9585 -1.56528
-10.2461 43.9032 -1.5606
-10.2493 43.908 -1.56075
-10.2468 43.9063 -1.56072
-10.2503 43.911 -1.56086
-10.0674 42.9527 -1.57245
-10.0705 42.9577 -1.5726
-10.0681 42.9559 -1.57256
-10.0713 42.9607 -1.57271
-10.2489 42.9055 -1.56802
-10.2522 42.9103 -1.56816
-10.2497 42.9086 -1.56813
-10.2533 42.9133 -1.56826
-10.062 41.9411 -1.57523
-10.0652 41.946 -1.57535
-10.0628 41.9442 -1.57533
-10.0661 41.949 -1.57544
-10.239 41.8941 -1.57079
-10.2424 41.8989 -1.57089
-10.2399 41.8972 -1.57088
-10.2435 41.9019 -1.57098
-10.0691 40.9353 -1.57546
-10.0723 40.9402 -1.57553
-10.0699 40.9384 -1.57553
-10.0734 40.9432 -1.57558
-10.2415 40.8888 -1.57096
-10.2451 40.8935 -1.57102
-10.2425 40.8918 -1.57102
-10.2462 40.8964 -1.57107
-10.0619 39.9637 -1.57098
-10.0652 39.9685 -1.57103
-10.0628 39.9667 -1.57103
-10.0663 39.9715 -1.57107
-10.23 39.9172 -1.56646
-10.2335 39.922 -1.5665
-10.231 39.9203 -1.56651
-10.2347 39.9249 -1.56654
-10.0784 38.9731 -1.55749
-10.0817 38.9779 -1.55752
-10.0793 38.9761 -1.55753
-10.0828 38.9808 -1.55755
-10.2419 38.9268 -1.55295
-10.2455 38.9315 -1.55297
-10.243 38.9298 -1.55298
-10.2467 38.9344 -1.55299
-10.0669 37.9591 -1.56655
-10.0703 37.9639 -1.56656
-10.0679 37.9621 -1.56658
-10.0714 37.9668 -1.56659
-10.2258 37.9131 -1.562
-10.2294 37.9178 -1.562
-10.2269 37.9161 -1.56202
-10.2307 37.9207 -1.56202
-10.046 36.9547 -1.56623
-10.0493 36.9595 -1.56621
-10.047 36.9577 -1.56624
-10.0504 36.9623 -1.56621
-10.2003 36.9094 -1.56166
-10.2038 36.9141 -1.56163
-10.2014 36.9124 -1.56166
-10.2051 36.9169 -1.56163
-10.0587 35.9459 -1.57826
-10.0619 35.9505 -1.57822
-10.0597 35.9488 -1.57826
-10.0631 35.9533 -1.57821
-10.2083 35.901 -1.57369
-10.2118 35.9056 -1.57364
-10.2094 35.9039 -1.57368
-10.213 35.9084 -1.57362
-10.0773 34.9453 -1.56706
-10.0804 34.95 -1.567
-10.0782 34.9482 -1.56705
-10.0815 34.9528 -1.56698
-10.2223 34.9007 -1.56249
-10.2257 34.9052 -1.56242
-10.2233 34.9036 -1.56247
-10.2269 34.908 -1.5624
-10.0383 33.9501 -1.55726
-10.0414 33.9547 -1.5572
-10.0392 33.953 -1.55724
-10.0425 33.9575 -1.55717
-10.1787 33.9059 -1.55269
-10.1821 33.9104 -1.55262
-10.1798 33.9088 -1.55267
-10.1832 33.9132 -1.5526
-9.99866 32.9299 -1.55693
-10.0017 32.9345 -1.55686
-9.99954 32.9327 -1.55691
-10.0027 32.9372 -1.55684
-10.1344 32.8864 -1.55239
-10.1376 32.8909 -1.55232
-10.1354 32.8892 -1.55237
-10.1387 32.8936 -1.55229
-9.97393 31.9177 -1.5602
-9.97681 31.9222 -1.56014
-9.97477 31.9205 -1.56019
-9.97778 31.9248 -1.56012
-10.105 31.875 -1.55574
-10.1081 31.8794 -1.55568
-10.106 31.8778 -1.55573
-10.1092 31.882 -1.55566
-9.98131 30.9412 -1.55287
-9.98412 30.9456 -1.55281
-9.98213 30.944 -1.55286
-9.98506 30.9482 -1.55279
-10.108 30.8991 -1.5485
-10.111 30.9034 -1.54843
-10.1089 30.9018 -1.54848
-10.112 30.906 -1.5484
-9.98494 29.9641 -1.56936
-9.98766 29.9684 -1.5693
-9.98573 29.9668 -1.56935
-9.98857 29.971 -1.56928
-10.1072 29.9225 -1.56509
-10.1102 29.9267 -1.56502
-10.1081 29.9252 -1.56507
-10.1112 29.9293 -1.56499
-9.99859 28.9543 -1.57133
-10.0012 28.9585 -1.57127
-9.99935 28.9569 -1.57132
-10.0021 28.961 -1.57125
-10.1165 28.9132 -1.56717
-10.1193 28.9173 -1.56711
-10.1173 28.9158 -1.56716
-10.1203 28.9198 -1.56709
-10.0433 27.9736 -1.56463
-10.0458 27.9778 -1.56458
-10.044 27.9762 -1.56462
-10.0467 27.9802 -1.56456
-10.157 27.9326 -1.56055
-10.1597 27.9367 -1.56049
-10.1578 27.9352 -1.56054
-10.1607 27.9392 -1.56047
-10.0438 26.988 -1.56245
-10.0463 26.9922 -1.56238
-10.0445 26.9906 -1.56243
-10.0471 26.9946 -1.56236
-10.1534 26.9476 -1.55849
-10.156 26.9517 -1.55842
-10.1541 26.9501 -1.55847
-10.1569 26.9541 -1.55839
-10.0118 25.9962 -1.56066
-10.0142 26.0004 -1.56058
-10.0125 25.9988 -1.56063
-10.015 26.0028 -1.56055
-10.1173 25.9564 -1.55687
-10.1198 25.9605 -1.55678
-10.118 25.9589 -1.55684
-10.1207 25.9629 -1.55674
-10.0065 24.9693 -1.5659
-10.0088 24.9734 -1.56581
-10.0072 24.9719 -1.56587
-10.0096 24.9759 -1.56578
-10.1081 24.9297 -1.56206
-10.1105 24.9337 -1.56197
-10.1088 24.9322 -1.56203
-10.1113 24.9361 -1.56193
-10.0043 23.9605 -1.57007
-10.0065 23.9646 -1.56998
-10.0049 23.963 -1.57004
-10.0072 23.967 -1.56994
-10.1019 23.921 -1.5662
-10.1042 23.925 -1.5661
-10.1026 23.9235 -1.56616
-10.105 23.9274 -1.56606
-10.0016 22.9673 -1.56463
-10.0037 22.9713 -1.56455
-10.0022 22.9698 -1.5646
-10.0043 22.9737 -1.56452
-10.0953 22.9288 -1.56088
-10.0975 22.9328 -1.56079
-10.0959 22.9313 -1.56085
-10.0982 22.9351 -1.56076
-10.0201 22.0025 -1.5757
-10.022 22.0063 -1.57562
-10.0206 22.0048 -1.57568
-10.0226 22.0086 -1.57559
-10.1099 21.965 -1.57204
-10.112 21.9688 -1.57196
-10.1105 21.9674 -1.57201
-10.1126 21.9711 -1.57192
-10.017 20.9821 -1.57885
-10.0188 20.9858 -1.57879
-10.0175 20.9844 -1.57883
-10.0193 20.988 -1.57877
-10.1028 20.9458 -1.57535
-10.1047 20.9494 -1.57528
-10.1033 20.948 -1.57533
-10.1053 20.9516 -1.57526
-10.0407 20.0155 -1.56806
-10.0423 20.0191 -1.56803
-10.041 20.0177 -1.56806
-10.0428 20.0212 -1.56802
-10.1228 19.9803 -1.56478
-10.1246 19.9838 -1.56474
-10.1232 19.9824 -1.56478
-10.1251 19.9858 -1.56473
-10.0256 19.0208 -1.565
-10.0271 19.0243 -1.56499
-10.0259 19.0229 -1.56501
-10.0276 19.0263 -1.56499
-10.1042 18.9861 -1.56188
-10.1059 18.9895 -1.56186
-10.1046 18.9882 -1.56188
-10.1064 18.9915 -1.56187
-10.0022 18.0155 -1.56634
-10.0037 18.019 -1.56635
-10.0025 18.0176 -1.56636
-10.0041 18.021 -1.56636
-10.0776 17.9813 -1.56333
-10.0792 17.9847 -1.56333
-10.078 17.9834 -1.56334
-10.0797 17.9867 -1.56334
-10.0206 17.001 -1.57438
-10.0221 17.0044 -1.57441
-10.021 17.0031 -1.57441
-10.0225 17.0064 -1.57444
-10.0927 16.9678 -1.57136
-10.0943 16.9712 -1.57139
-10.0931 16.9698 -1.57139
-10.0948 16.9731 -1.57141
-10.0429 16.024 -1.56432
-10.0444 16.0275 -1.56435
-10.0433 16.0261 -1.56435
-10.0449 16.0295 -1.56438
-10.112 15.9908 -1.56134
-10.1136 15.9942 -1.56137
-10.1124 15.9929 -1.56137
-10.1141 15.9962 -1.56139
-10.0409 15.0236 -1.56529
-10.0424 15.027 -1.56533
-10.0413 15.0256 -1.56533
-10.0429 15.029 -1.56536
-10.107 14.9906 -1.56226
-10.1086 14.9939 -1.56229
-10.1074 14.9926 -1.5623
-10.1091 14.9959 -1.56233
-10.0368 14.0148 -1.57285
-10.0384 14.0182 -1.57288
-10.0372 14.0168 -1.57289
-10.0389 14.0202 -1.57292
-10.0997 13.9819 -1.56975
-10.1014 13.9853 -1.56978
-10.1002 13.984 -1.56978
-10.102 13.9872 -1.56981
-10.0372 13.0158 -1.56826
-10.0388 13.0193 -1.56831
-10.0377 13.0179 -1.56831
-10.0394 13.0212 -1.56835
-10.097 12.9834 -1.56506
-10.0987 12.9867 -1.5651
-10.0975 12.9854 -1.5651
-10.0993 12.9887 -1.56513
-10.0243 12.0131 -1.57084
-10.026 12.0165 -1.57086
-10.0249 12.0151 -1.57087
-10.0265 12.0184 -1.57088
-10.0805 11.9818 -1.56755
-10.0822 11.9851 -1.56756
-10.081 11.9838 -1.56758
-10.0827 11.987 -1.56759
-10.0406 11.0179 -1.56436
-10.0422 11.0212 -1.56436
-10.0411 11.0198 -1.56438
-10.0428 11.0231 -1.56438
-10.0932 10.9873 -1.56095
-10.0949 10.9906 -1.56095
-10.0938 10.9893 -1.56097
-10.0955 10.9924 -1.56097
-10.0712 10.0349 -1.55853
-10.0728 10.0382 -1.55852
-10.0718 10.0369 -1.55855
-10.0734 10.0401 -1.55854
-10.1203 10.0054 -1.55497
-10.1219 10.0087 -1.55496
-10.1208 10.0074 -1.55499
-10.1225 10.0105 -1.55497
-10.0548 9.05392 -1.55762
-10.0564 9.05718 -1.5576
-10.0553 9.05584 -1.55764
-10.0569 9.05903 -1.55762
-10.1002 9.02511 -1.55395
-10.1018 9.0283 -1.55393
-10.1007 9.02701 -1.55397
-10.1024 9.03014 -1.55394
-10.0408 8.02781 -1.57416
-10.0423 8.03097 -1.57412
-10.0414 8.02966 -1.57416
-10.0429 8.03275 -1.57411
-10.0821 8.00044 -1.57043
-10.0836 8.00354 -1.57038
-10.0826 8.00228 -1.57043
-10.0842 8.00531 -1.57037
-10.0581 7.03827 -1.56737
-10.0595 7.04131 -1.5673
-10.0586 7.04004 -1.56736
-10.06 7.04302 -1.56728
-10.0954 7.01253 -1.5636
-10.0968 7.01552 -1.56352
-10.0959 7.01429 -1.56359
-10.0973 7.01722 -1.5635
-10.0609 6.04115 -1.57051
-10.0622 6.04416 -1.57044
-10.0614 6.0429 -1.5705
-10.0627 6.04585 -1.57042
-10.0945 6.01568 -1.56689
-10.0958 6.01864 -1.56682
-10.095 6.01743 -1.56688
-10.0963 6.02032 -1.5668
-10.0685 5.0448 -1.57606
-10.0698 5.04784 -1.576
-10.069 5.04658 -1.57605
-10.0703 5.04956 -1.57598
-10.0991 5.01846 -1.57279
-10.1004 5.02144 -1.57272
-10.0996 5.02022 -1.57277
-10.1009 5.02315 -1.5727
-9.08341 5.05065 -0.00556729
-9.08474 5.05379 -0.00551711
-9.08393 5.05247 -0.00556026
-9.08527 5.05555 -0.0055065
-9.11453 5.02668 -0.00242354
-9.11589 5.02977 -0.00236843
-9.11507 5.02849 -0.00241457
-9.11644 5.03152 -0.00235578
-8.06243 5.03847 -0.00219266
-8.06377 5.04165 -0.0021528
-8.06295 5.0403 -0.00218756
-8.06431 5.04342 -0.0021447
-8.09398 5.01689 0.000587653
-8.09535 5.02002 0.000631851
-8.09452 5.01871 0.000594444
-8.0959 5.02179 0.000641756
-7.07168 5.02086 0.00587206
-7.07302 5.02408 0.00590393
-7.0722 5.0227 0.00587453
-7.07356 5.02586 0.00590924
-7.10364 5.00122 0.00849473
-7.10502 5.00438 0.00853082
-7.10418 5.00304 0.00849885
-7.10558 5.00616 0.00853787
-6.0313 5.03016 0.0257838
-6.03266 5.03339 0.0258101
-6.03183 5.032 0.0257829
-6.0332 5.03518 0.0258123
-6.06375 5.01242 0.0284618
-6.06514 5.01561 0.0284926
-6.06429 5.01425 0.0284627
-6.0657 5.0174 0.0284967
-4.99553 5.07633 0.0266666
-4.9969 5.07958 0.0266897
-4.99606 5.07817 0.0266617
-4.99744 5.08138 0.0266885
-5.02856 5.06055 0.0296077
-5.02996 5.06376 0.0296361
-5.02911 5.06238 0.0296049
-5.03052 5.06555 0.0296371
-5.01799 6.04862 1.58718
-5.01938 6.05186 1.5872
-5.01851 6.05047 1.58717
-5.01993 6.05366 1.5872
-5.05433 6.03195 1.59027
-5.05577 6.03515 1.5903
-5.05487 6.03379 1.59027
-5.05633 6.03694 1.59029
-5.06054 7.04084 1.57821
-5.06196 7.04407 1.57822
-5.06105 7.04269 1.5782
-5.0625 7.04587 1.57822
-5.1004 7.02321 1.58133
-5.10187 7.0264 1.58135
-5.10094 7.02505 1.58132
-5.10243 7.02819 1.58134
-5.06997 8.01466 1.57855
-5.07141 8.01788 1.57855
-5.07047 8.01651 1.57854
-5.07194 8.01968 1.57854
-5.11333 7.99617 1.58159
-5.11482 7.99935 1.58159
-5.11385 7.99802 1.58157
-5.11538 8.00114 1.58158
-5.07299 9.01753 1.5823
-5.07444 9.02076 1.5823
-5.07348 9.01939 1.58228
-5.07496 9.02256 1.58229
-5.11953 8.99885 1.58537
-5.12105 9.00203 1.58538
-5.12005 9.0007 1.58535
-5.12159 9.00382 1.58537
-5.07163 10.0114 1.56017
-5.07308 10.0146 1.56017
-5.0721 10.0133 1.56015
-5.07359 10.0164 1.56016
-5.12136 9.99255 1.56324
-5.12289 9.99573 1.56325
-5.12187 9.9944 1.56323
-5.12343 9.99752 1.56324
-5.06322 11.0275 1.57007
-5.06469 11.0307 1.57007
-5.06368 11.0294 1.57005
-5.06519 11.0325 1.57006
-5.11623 11.0085 1.57311
-5.11777 11.0116 1.57312
-5.11672 11.0103 1.57309
-5.11831 11.0134 1.57311
-5.08166 12.0119 1.57051
-5.08314 12.0151 1.57051
-5.08211 12.0137 1.5705
-5.08363 12.0169 1.5705
-5.13781 11.9926 1.57349
-5.13937 11.9958 1.57349
-5.13829 11.9945 1.57347
-5.1399 11.9976 1.57348
-5.08089 13.019 1.57115
-5.0824 13.0222 1.57114
-5.08133 13.0209 1.57113
-5.0829 13.0241 1.57112
-5.14099 12.9989 1.57404
-5.1426 13.0021 1.57403
-5.14147 13.0008 1.57402
-5.14313 13.0039 1.57402
-5.08042 14.0116 1.55845
-5.08194 14.0149 1.55844
-5.08085 14.0135 1.55843
-5.08242 14.0167 1.55842
-5.14365 13.9912 1.56125
-5.14526 13.9944 1.56125
-5.14411 13.9931 1.56123
-5.14578 13.9963 1.56123
-5.08113 15.0044 1.56884
-5.08265 15.0076 1.56883
-5.08154 15.0063 1.56882
-5.08311 15.0095 1.56881
-5.14727 14.9838 1.57169
-5.14889 14.987 1.57168
-5.14772 14.9857 1.57167
-5.14939 14.9888 1.57167
-5.09327 16.0228 1.56053
-5.09477 16.0261 1.56052
-5.09365 16.0247 1.56051
-5.09522 16.0279 1.56051
-5.16243 16.002 1.56341
-5.16404 16.0052 1.56341
-5.16286 16.0039 1.56339
-5.16453 16.0071 1.5634
-5.07406 17.0022 1.57053
-5.07556 17.0055 1.57053
-5.07443 17.0041 1.57052
-5.076 17.0073 1.57052
-5.14619 16.9812 1.57347
-5.14781 16.9845 1.57347
-5.14661 16.9831 1.57346
-5.1483 16.9863 1.57346
-5.06497 18.011 1.5656
-5.06649 18.0143 1.5656
-5.06534 18.0129 1.56559
-5.06692 18.0161 1.56559
-5.14027 17.9897 1.56861
-5.1419 17.993 1.56862
-5.14068 17.9916 1.5686
-5.14239 17.9948 1.56861
-5.05708 19.0005 1.5777
-5.05861 19.0038 1.57771
-5.05744 19.0024 1.57769
-5.05904 19.0057 1.5777
-5.13559 18.979 1.58075
-5.13724 18.9822 1.58077
-5.136 18.9809 1.58075
-5.13773 18.9841 1.58076
-5.04224 19.9934 1.58116
-5.04379 19.9967 1.58117
-5.04259 19.9953 1.58115
-5.04422 19.9986 1.58116
-5.12396 19.9717 1.58425
-5.12564 19.975 1.58427
-5.12436 19.9736 1.58424
-5.12612 19.9768 1.58426
-5.07048 21.0062 1.57506
-5.07206 21.0095 1.57508
-5.07083 21.0081 1.57505
-5.07249 21.0114 1.57507
-5.15551 20.9843 1.57819
-5.15722 20.9876 1.57821
-5.15591 20.9862 1.57818
-5.15771 20.9895 1.57821
-5.08236 22.0132 1.57835
-5.08397 22.0165 1.57837
-5.08272 22.0151 1.57835
-5.08441 22.0184 1.57838
-5.1708 21.9909 1.58162
-5.17255 21.9942 1.58166
-5.17121 21.9929 1.58162
-5.17305 21.9961 1.58166
-5.09445 23.0165 1.57231
-5.09613 23.0198 1.57235
-5.09482 23.0184 1.57231
-5.09659 23.0217 1.57236
-5.18663 22.9936 1.57574
-5.18846 22.9969 1.57579
-5.18707 22.9956 1.57575
-5.18898 22.9988 1.57581
-5.08356 24.0002 1.5546
-5.0853 24.0036 1.55464
-5.08395 24.0022 1.55461
-5.08578 24.0055 1.55465
-5.17938 23.9772 1.55799
-5.18127 23.9805 1.55804
-5.17983 23.9792 1.558
-5.18182 23.9824 1.55805
-5.10293 24.9802 1.5738
-5.10471 24.9835 1.57382
-5.10333 24.9821 1.5738
-5.1052 24.9854 1.57383
-5.20217 24.9569 1.57697
-5.2041 24.9602 1.577
-5.20263 24.9589 1.57697
-5.20466 24.9621 1.577
-4.0801 24.9752 0.0013605
-4.08187 24.9786 0.00137365
-4.0805 24.9772 0.00135297
-4.08236 24.9805 0.00136918
-4.17942 24.955 0.00435091
-4.18135 24.9583 0.00436904
-4.17988 24.957 0.00434522
-4.18191 24.9602 0.00436652
-3.06881 24.9416 -0.018035
-3.07057 24.9449 -0.0180479
-3.0692 24.9435 -0.0180555
-3.07106 24.9468 -0.0180657
-3.16837 24.9238 -0.0154093
-3.17029 24.9271 -0.015418
-3.16882 24.9258 -0.0154284
-3.17084 24.929 -0.0154342
-2.05741 24.9387 -0.0142059
-2.05917 24.942 -0.0142348
-2.0578 24.9406 -0.0142345
-2.05965 24.9438 -0.0142608
-2.15731 24.923 -0.0117928
-2.15922 24.9262 -0.0118179
-2.15776 24.9249 -0.0118202
-2.15977 24.9281 -0.0118426
-1.04619 24.9278 -0.00189477
-1.04794 24.931 -0.00192946
-1.04658 24.9297 -0.00192642
-1.04842 24.9328 -0.00195857
-1.1464 24.914 0.000458424
-1.14831 24.9171 0.000427378
-1.14685 24.9158 0.00042789
-1.14886 24.9189 0.000399475
-0.0404722 24.9312 -0.00752449
-0.0422154 24.9343 -0.00755484
-0.0408538 24.933 -0.00755427
-0.0426918 24.9361 -0.00758203
-0.141023 24.9191 -0.00508021
-0.142927 24.9222 -0.00510679
-0.141468 24.9209 -0.00510883
-0.14347 24.924 -0.00513272
0.973269 24.9461 -0.00610714
0.971533 24.9492 -0.00612293
0.972891 24.9479 -0.00613007
0.97106 24.9509 -0.0061431
0.872346 24.9359 -0.00342069
0.870448 24.939 -0.00343229
0.871903 24.9377 -0.00344224
0.869907 24.9407 -0.00345099
1.97209 24.9315 0.0051862
1.97036 24.9346 0.005195
1.97172 24.9332 0.00517502
1.96989 24.9362 0.00518686
1.87087 24.9234 0.00826598
1.86898 24.9264 0.00827967
1.87043 24.9251 0.00825653
1.86844 24.9281 0.00827336
2.95283 24.9472 -0.00165426
2.95111 24.9502 -0.00161098
2.95246 24.9489 -0.00164886
2.95064 24.9518 -0.00160215
2.85123 24.9415 0.00196444
2.84934 24.9445 0.00201359
2.85079 24.9432 0.00197206
2.84881 24.9461 0.00202475
3.95535 24.9319 -0.0115477
3.95363 24.9349 -0.0114907
3.95498 24.9336 -0.0115356
3.95316 24.9366 -0.0114751
3.85369 24.9297 -0.00771715
3.8518 24.9327 -0.0076539
3.85325 24.9314 -0.0077027
3.85127 24.9344 -0.00763576
4.95209 24.9421 -0.00890679
4.95037 24.9452 -0.00884809
4.95172 24.9438 -0.00889398
4.9499 24.9468 -0.00883169
4.85034 24.9437 -0.00505014
4.84845 24.9467 -0.00498514
4.8499 24.9454 -0.00503489
4.84792 24.9484 -0.00496618
5.955 24.9251 -0.00809131
5.95328 24.9282 -0.00803254
5.95463 24.9268 -0.00807838
5.95281 24.9299 -0.00801606
5.85328 24.9305 -0.00425811
5.8514 24.9336 -0.00419311
5.85285 24.9322 -0.00424277
5.85086 24.9353 -0.00417411
6.96708 24.9427 -0.00467363
6.96536 24.9459 -0.00461453
6.96671 24.9444 -0.00466019
6.96489 24.9476 -0.00459781
6.86501 24.9516 -0.000961211
6.86313 24.9548 -0.000896285
6.86458 24.9533 -0.000945545
6.86259 24.9565 -0.000877229
7.96548 24.9304 -0.00327165
7.96376 24.9337 -0.00320616
7.96511 24.9321 -0.00325474
7.96329 24.9354 -0.00318615
7.86303 24.9425 0.000452235
7.86114 24.9458 0.000523414
7.86259 24.9443 0.000471314
7.8606 24.9475 0.000545707
8.97158 24.9409 -0.00103753
8.96985 24.9442 -0.000968208
8.97121 24.9426 -0.00101884
8.96938 24.9459 -0.000946343
8.8689 24.9564 0.00275887
8.867 24.9597 0.00283404
8.86846 24.9581 0.00277981
8.86646 24.9614 0.00285826
9.95941 24.9262 -0.000910398
9.95768 24.9296 -0.000839002
9.95903 24.928 -0.000890528
9.95721 24.9314 -0.000816045
9.85665 24.9454 0.00286453
9.85475 24.9488 0.00294167
9.85621 24.9472 0.0028866
9.85421 24.9505 0.00296693
10.9533 24.9186 -0.00489772
10.9516 24.922 -0.00482426
10.9529 24.9204 -0.00487668
10.9511 24.9238 -0.00480023
10.8504 24.9414 -0.00114178
10.8485 24.9449 -0.00106269
10.8499 24.9432 -0.00111858
10.848 24.9466 -0.0010364
11.9552 24.9552 -0.00261828
11.9535 24.9587 -0.00253667
11.9548 24.957 -0.00259265
11.953 24.9605 -0.00250832
11.8516 24.9814 0.00112181
11.8497 24.985 0.00120881
11.8512 24.9832 0.0011495
11.8492 24.9868 0.00123931
12.9972 24.9297 -0.00285588
12.9955 24.9334 -0.00276739
12.9968 24.9316 -0.00282668
12.995 24.9352 -0.00273553
12.8932 24.9595 0.00096079
12.8913 24.9632 0.00105474
12.8928 24.9614 0.000992095
12.8908 24.965 0.0010888
14.0122 24.933 -0.00187311
14.0105 24.9367 -0.00178062
14.0118 24.9349 -0.001842
14.01 24.9386 -0.00174673
13.9079 24.9666 0.00207367
13.906 24.9703 0.00217193
13.9074 24.9685 0.00210701
13.9054 24.9722 0.00220816
15.0116 24.9412 0.0110818
15.0099 24.945 0.0111767
15.0112 24.9431 0.0111142
15.0094 24.9469 0.0112118
14.9072 24.9785 0.0150679
14.9053 24.9824 0.0151686
14.9067 24.9805 0.0151025
14.9047 24.9843 0.0152061
15.9907 24.9295 -0.000537933
15.989 24.9334 -0.000438766
15.9903 24.9315 -0.00050313
15.9885 24.9353 -0.00040125
15.8862 24.9706 0.0034949
15.8843 24.9746 0.00359994
15.8857 24.9726 0.003532
15.8837 24.9765 0.00363985
16.9998 24.9353 -0.000704907
16.998 24.9393 -0.000595411
16.9994 24.9373 -0.00066422
16.9976 24.9413 -0.000552338
16.8951 24.9805 0.00332524
16.8932 24.9846 0.00344038
16.8947 24.9825 0.00336814
16.8927 24.9866 0.00348575
18.0192 24.9359 0.00854676
18.0175 24.9401 0.00867822
18.0189 24.938 0.0085998
18.0171 24.9421 0.00873307
17.9143 24.9853 0.0126431
17.9124 24.9895 0.0127799
17.9139 24.9873 0.0126982
17.9119 24.9916 0.0128369
18.9997 24.9565 -0.000707691
18.998 24.9608 -0.000562055
18.9993 24.9586 -0.000646766
18.9975 24.9629 -0.00049966
18.8944 25.0099 0.00345034
18.8925 25.0142 0.00360123
18.894 25.012 0.00351335
18.892 25.0164 0.00366577
19.9753 24.942 0.0091822
19.9736 24.9465 0.00934702
19.975 24.9442 0.00925413
19.9732 24.9487 0.00941987
19.8699 24.9995 0.0133967
19.868 25.004 0.0135666
19.8695 25.0017 0.0134706
19.8675 25.0062 0.0136415
20.9977 24.9414 0.013458
20.996 24.9461 0.0136365
20.9973 24.9437 0.0135377
20.9955 24.9484 0.0137168
20.8921 25.0032 0.0177256
20.8902 25.008 0.017909
20.8917 25.0055 0.0178073
20.8897 25.0103 0.0179913
21.9589 24.9312 0.0152198
21.9572 24.936 0.0154082
21.9586 24.9335 0.0153052
21.9568 24.9384 0.0154939
21.8532 24.9971 0.0195315
21.8513 25.0021 0.0197247
21.8527 24.9995 0.0196188
21.8508 25.0045 0.0198124
22.9744 24.9428 0.0126341
22.9727 24.9479 0.0128416
22.974 24.9453 0.0127306
22.9722 24.9504 0.0129378
22.8683 25.0133 0.0169983
22.8664 25.0184 0.0172104
22.8679 25.0158 0.0170966
22.8659 25.0209 0.0173085
23.9719 24.9675 0.00188779
23.9702 24.9729 0.00210852
23.9715 24.9701 0.001992
23.9698 24.9754 0.00221206
23.8655 25.0424 0.00627462
23.8636 25.0478 0.00649994
23.8651 25.0451 0.00638069
23.8631 25.0504 0.00660536
24.9746 24.9585 0.00418283
24.973 24.964 0.00440138
24.9743 24.9612 0.00428577
24.9725 24.9667 0.00450369
24.8682 25.0378 0.00855153
24.8663 25.0435 0.00877471
24.8678 25.0406 0.00865635
24.8658 25.0462 0.00887893
25.9599 24.9643 -0.00304167
25.9582 24.9701 -0.00281049
25.9596 24.9671 -0.00293125
25.9578 24.9729 -0.00270109
25.8533 25.048 0.001353
25.8514 25.0539 0.00158873
25.8529 25.0508 0.00146528
25.8509 25.0567 0.0017
26.9493 24.9643 -0.00418373
26.9476 24.9704 -0.00392263
26.949 24.9672 -0.00405564
26.9472 24.9733 -0.0037965
26.8423 25.0525 0.000285595
26.8404 25.0587 0.00055105
26.8419 25.0555 0.00041548
26.8399 25.0617 0.000678962
27.9514 24.96 0.0011868
27.9497 24.9664 0.00146145
27.9511 24.9631 0.00132278
27.9492 24.9695 0.00159499
27.8441 25.0528 0.00569448
27.8422 25.0593 0.00597344
27.8437 25.056 0.00583224
27.8417 25.0624 0.00610873
28.991 24.9516 -0.0164579
28.9893 24.9583 -0.0161662
28.9906 24.9548 -0.0163123
28.9888 24.9615 -0.0160233
28.8834 25.0491 -0.0119379
28.8815 25.056 -0.0116421
28.8829 25.0525 -0.0117905
28.8809 25.0592 -0.0114974
29.9899 24.9224 -0.0119407
29.9882 24.9294 -0.0116405
29.9895 24.9258 -0.0117913
29.9877 24.9328 -0.0114938
29.8824 25.0245 -0.00741792
29.8805 25.0316 -0.0071135
29.8819 25.028 -0.00726663
29.8799 25.0351 -0.00696494
30.9734 24.9164 -0.00753273
30.9716 24.9237 -0.00724061
30.973 24.92 -0.00738648
30.9711 24.9273 -0.00709694
30.8657 25.023 -0.00302048
30.8637 25.0304 -0.00272431
30.8652 25.0266 -0.00287243
30.8631 25.034 -0.00257885
31.9822 24.9121 -0.00770521
31.9804 24.9197 -0.00742165
31.9818 24.9158 -0.00756303
31.9799 24.9234 -0.00728183
31.8743 25.0233 -0.00321396
31.8724 25.031 -0.00292648
31.8738 25.0271 -0.00307
31.8718 25.0348 -0.0027849
32.9898 24.9091 -0.00726704
32.988 24.917 -0.00699616
32.9893 24.913 -0.0071316
32.9875 24.9209 -0.0068627
32.8817 25.0248 -0.00281096
32.8797 25.0329 -0.00253623
32.8812 25.0288 -0.00267377
32.8791 25.0368 -0.00240103
33.9903 24.9033 -0.00231265
33.9885 24.9115 -0.00204836
33.9899 24.9073 -0.00218103
33.988 24.9155 -0.00191852
33.8821 25.0235 0.00212383
33.8801 25.0318 0.00239193
33.8816 25.0276 0.0022572
33.8795 25.0359 0.00252352
34.9964 24.916 -0.00529377
34.9946 24.9245 -0.00505018
34.996 24.9202 -0.00517437
34.9941 24.9286 -0.00493197
34.888 25.0407 -0.000918345
34.886 25.0493 -0.000670808
34.8875 25.0449 -0.000797173
34.8854 25.0535 -0.000550822
35.9812 24.9095 -0.0156113
35.9794 24.9183 -0.0153841
35.9807 24.9138 -0.0155018
35.9788 24.9225 -0.0152753
35.8726 25.0385 -0.0112849
35.8706 25.0474 -0.0110536
35.8721 25.0429 -0.0111735
35.87 25.0517 -0.010943
36.9861 24.8782 0.00565711
36.9842 24.8872 0.00583533
36.9856 24.8826 0.00573356
36.9837 24.8915 0.00591291
36.8772 25.0116 0.00982725
36.8752 25.0207 0.0100102
36.8767 25.0161 0.00990565
36.8745 25.0251 0.0100898
37.999 24.9244 0.000634625
37.9971 24.9336 0.000792723
37.9986 24.9289 0.000699058
37.9966 24.938 0.000858924
37.8899 25.0621 0.00475796
37.8878 25.0714 0.00492095
37.8893 25.0666 0.00482442
37.8871 25.0758 0.00498924
39.0055 24.9232 -0.00128659
39.0036 24.9325 -0.00114283
39.005 24.9277 -0.00122964
39.003 24.937 -0.00108364
38.8962 25.065 0.00283062
38.8941 25.0744 0.00297955
38.8957 25.0696 0.00288966
38.8935 25.079 0.00304091
40.0035 24.8974 -0.00124275
40.0016 24.9069 -0.00110554
40.003 24.902 -0.00118883
40.001 24.9114 -0.00104922
39.8943 25.0433 0.00286974
39.8922 25.0529 0.0030122
39.8938 25.048 0.00292577
39.8916 25.0576 0.00307072
40.9862 24.8957 -0.000458168
40.9843 24.9053 -0.00032055
40.9857 24.9003 -0.000404569
40.9837 24.9099 -0.000264501
40.877 25.0457 0.00366454
40.8749 25.0554 0.00380747
40.8765 25.0504 0.00372027
40.8743 25.0601 0.00386573
41.9832 24.9054 0.00671237
41.9813 24.9151 0.00684721
41.9827 24.9101 0.0067642
41.9807 24.9198 0.00690163
41.8739 25.0595 0.0108531
41.8718 25.0694 0.0109933
41.8734 25.0643 0.0109071
41.8711 25.0742 0.01105
42.9868 24.9143 0.00484549
42.9849 24.9242 0.00497772
42.9864 24.9191 0.00489577
42.9844 24.9289 0.00503069
42.8774 25.0727 0.00899063
42.8753 25.0828 0.00912836
42.8769 25.0776 0.00904309
42.8747 25.0876 0.00918361
43.9723 24.9365 -0.00563747
43.9703 24.9465 -0.00550383
43.9718 24.9413 -0.00558658
43.9698 24.9513 -0.00545026
43.8626 25.0991 -0.00150271
43.8605 25.1093 -0.00136361
43.8621 25.104 -0.00144965
43.8598 25.1142 -0.00130778
45.0037 24.9233 -0.00579625
45.0018 24.9335 -0.00566173
45.0032 24.9282 -0.00574495
45.0012 24.9384 -0.00560775
44.894 25.0903 -0.0016598
44.8918 25.1007 -0.00151983
44.8934 25.0953 -0.00160635
44.8912 25.1057 -0.0014636
45.9845 24.8989 -0.00645723
45.9826 24.9092 -0.00632291
45.984 24.9038 -0.00640607
45.982 24.9142 -0.00626906
45.8748 25.0701 -0.00232126
45.8726 25.0806 -0.00218149
45.8742 25.0751 -0.00226796
45.872 25.0856 -0.00212539
46.9813 24.9084 -0.000618213
46.9794 24.9189 -0.000491698
46.9808 24.9134 -0.000571422
46.9788 24.924 -0.000442034
46.8714 25.084 0.00347469
46.8692 25.0947 0.00360668
46.8708 25.0891 0.00352363
46.8686 25.0998 0.00365859
47.9594 24.9175 0.0149806
47.9575 24.9282 0.0150884
47.959 24.9226 0.015017
47.9569 24.9333 0.0151281
47.8493 25.0974 0.0189638
47.8471 25.1083 0.0190772
47.8487 25.1026 0.0190024
47.8465 25.1134 0.0191191
48.9815 24.9663 0.0118585
48.9796 24.9771 0.0119561
48.981 24.9715 0.0118893
48.979 24.9823 0.0119904
48.8711 25.1503 0.0157952
48.8689 25.1613 0.0158984
48.8705 25.1555 0.0158282
48.8683 25.1665 0.015935
49.9603 24.9644 0.0148815
49.9583 24.9753 0.0149782
49.9598 24.9696 0.0149118
49.9577 24.9805 0.015012
49.8499 25.1522 0.0188277
49.8477 25.1633 0.01893
49.8493 25.1574 0.0188602
49.847 25.1685 0.0189662
49.9864 25.9573 1.58375
49.9843 25.9682 1.58384
49.9859 25.9625 1.58377
49.9837 25.9733 1.58387
49.8721 26.1451 1.5877
49.8698 26.1562 1.58779
49.8715 26.1504 1.58772
49.8691 26.1614 1.58782
49.9809 26.9607 1.5845
49.9788 26.9716 1.58459
49.9804 26.9659 1.58452
49.9781 26.9767 1.58461
49.8626 27.1485 1.58845
49.8603 27.1595 1.58855
49.862 27.1537 1.58848
49.8595 27.1647 1.58858
49.97 27.9603 1.58415
49.9677 27.9712 1.58423
49.9694 27.9655 1.58417
49.9671 27.9763 1.58426
49.8478 28.148 1.58811
49.8453 28.159 1.5882
49.8471 28.1532 1.58814
49.8445 28.1642 1.58824
49.9616 28.9665 1.58843
49.9593 28.9774 1.58852
49.961 28.9717 1.58846
49.9586 28.9825 1.58854
49.8354 29.1541 1.5924
49.8329 29.1652 1.59249
49.8347 29.1593 1.59243
49.8321 29.1703 1.59253
49.9729 29.9373 1.58516
49.9705 29.9481 1.58524
49.9723 29.9424 1.58518
49.9697 29.9532 1.58527
49.8428 30.1249 1.58915
49.8402 30.1359 1.58924
49.8421 30.1301 1.58917
49.8393 30.141 1.58927
49.9477 30.9465 1.58119
49.9453 30.9573 1.58128
49.9471 30.9516 1.58122
49.9445 30.9624 1.5813
49.8137 31.1339 1.58519
49.8109 31.1449 1.58528
49.8129 31.1391 1.58522
49.8101 31.1501 1.58531
49.9445 31.9265 1.57446
49.9419 31.9373 1.57455
49.9438 31.9316 1.57449
49.9412 31.9424 1.57457
49.8065 32.1139 1.57847
49.8037 32.1249 1.57856
49.8057 32.1191 1.57849
49.8028 32.13 1.57858
49.9434 32.9314 1.57574
49.9408 32.9421 1.57582
49.9427 32.9365 1.57576
49.94 32.9472 1.57584
49.8014 33.1187 1.57975
49.7985 33.1296 1.57983
49.8006 33.1239 1.57977
49.7976 33.1348 1.57985
49.9507 33.9337 1.57419
49.948 33.9444 1.57426
49.95 33.9387 1.57421
49.9472 33.9495 1.57429
49.8047 34.121 1.5782
49.8017 34.1319 1.57828
49.8039 34.1261 1.57822
49.8008 34.1371 1.5783
49.9409 34.95 1.58512
49.9381 34.9607 1.58519
49.9402 34.9551 1.58514
49.9373 34.9658 1.58521
49.7908 35.1373 1.58913
49.7878 35.1482 1.5892
49.79 35.1424 1.58914
49.7868 35.1533 1.58922
49.9293 35.9423 1.58557
49.9265 35.953 1.58564
49.9286 35.9474 1.58559
49.9257 35.9581 1.58565
49.7753 36.1295 1.58957
49.7722 36.1404 1.58964
49.7744 36.1346 1.58959
49.7712 36.1455 1.58966
49.9226 36.9485 1.56956
49.9197 36.9592 1.56962
49.9219 36.9536 1.56957
49.9189 36.9643 1.56963
49.7645 37.1356 1.57356
49.7614 37.1465 1.57362
49.7637 37.1407 1.57357
49.7604 37.1516 1.57364
49.9105 37.9236 1.5694
49.9076 37.9343 1.56945
49.9098 37.9286 1.56941
49.9067 37.9393 1.56946
49.7486 38.1106 1.57339
49.7454 38.1214 1.57346
49.7477 38.1157 1.57341
49.7444 38.1265 1.57347
49.9151 38.9507 1.54593
49.9121 38.9613 1.54598
49.9144 38.9557 1.54594
49.9113 38.9663 1.54599
49.749 39.1376 1.54993
49.7458 39.1484 1.54999
49.7482 39.1427 1.54994
49.7448 39.1536 1.55
49.9334 39.9611 1.55083
49.9304 39.9718 1.55089
49.9327 39.9661 1.55084
49.9295 39.9768 1.5509
49.7633 40.1481 1.55484
49.76 40.1589 1.5549
49.7624 40.1532 1.55485
49.759 40.164 1.55492
49.9098 40.9454 1.56485
49.9067 40.956 1.56491
49.9091 40.9504 1.56486
49.9058 40.9611 1.56492
49.7358 41.1323 1.56886
49.7324 41.1431 1.56893
49.7349 41.1374 1.56888
49.7313 41.1482 1.56895
49.9404 41.9286 1.57444
49.9372 41.9392 1.57451
49.9396 41.9336 1.57446
49.9363 41.9442 1.57453
49.7624 42.1155 1.57847
49.759 42.1263 1.57854
49.7615 42.1206 1.57849
49.7579 42.1314 1.57857
49.9469 42.9029 1.56341
49.9438 42.9135 1.56349
49.9462 42.9079 1.56343
49.9429 42.9184 1.56352
49.7651 43.0897 1.56747
49.7616 43.1005 1.56756
49.7642 43.0948 1.5675
49.7605 43.1055 1.56759
49.9651 43.906 1.57082
49.9619 43.9165 1.57091
49.9643 43.9109 1.57085
49.9609 43.9215 1.57094
49.7792 44.0928 1.57489
49.7756 44.1036 1.57499
49.7783 44.0979 1.57492
49.7745 44.1086 1.57502
49.9671 44.9181 1.57089
49.9638 44.9286 1.57098
49.9663 44.9231 1.57092
49.9628 44.9336 1.57101
49.7771 45.105 1.57496
49.7734 45.1157 1.57506
49.7761 45.11 1.57499
49.7722 45.1207 1.57509
49.9487 45.8926 1.56529
49.9453 45.9031 1.56538
49.9479 45.8975 1.56532
49.9443 45.9081 1.56542
49.7547 46.0793 1.56937
49.7509 46.09 1.56946
49.7537 46.0844 1.5694
49.7498 46.0951 1.5695
49.9738 46.8952 1.56242
49.9703 46.9057 1.56252
49.9729 46.9002 1.56245
49.9692 46.9107 1.56255
49.7757 47.0821 1.5665
49.7718 47.0928 1.5666
49.7746 47.0871 1.56653
49.7706 47.0978 1.56663
49.9844 47.8968 1.56314
49.9808 47.9073 1.56324
49.9835 47.9018 1.56317
49.9797 47.9123 1.56327
49.7822 48.0837 1.56722
49.7783 48.0944 1.56733
49.7812 48.0887 1.56726
49.777 48.0995 1.56737
50.0017 48.8965 1.56883
49.998 48.907 1.56893
50.0008 48.9015 1.56886
49.9969 48.912 1.56897
49.7955 49.0835 1.57291
49.7914 49.0942 1.57302
49.7944 49.0885 1.57295
49.7901 49.0992 1.57306
49.9986 49.9177 1.5572
49.9948 49.9283 1.5573
49.9976 49.9227 1.55723
49.9936 49.9332 1.55734
49.7882 50.1047 1.56129
49.784 50.1154 1.5614
49.787 50.1097 1.56133
49.7827 50.1204 1.56144
48.995 49.9046 3.13353
48.9912 49.915 3.13363
48.9941 49.9095 3.13356
48.9901 49.9199 3.13367
48.7846 50.0874 3.13762
48.7805 50.098 3.13773
48.7835 50.0924 3.13766
48.7792 50.103 3.13777
48.0088 49.9091 3.13853
48.005 49.9195 3.13864
48.0078 49.914 3.13857
48.0038 49.9243 3.13868
47.7984 50.0879 -3.14056
47.7942 50.0984 -3.14045
47.7973 50.0929 -3.14052
47.7929 50.1034 -3.14041
47.0078 49.9081 3.13772
47.004 49.9184 3.13783
47.0069 49.913 3.13776
47.0029 49.9232 3.13787
46.7975 50.0828 -3.14137
46.7933 50.0932 -3.14125
46.7963 50.0877 -3.14133
46.792 50.0981 -3.14121
46.016 49.9243 3.13307
46.0123 49.9344 3.13319
46.0151 49.9291 3.13311
46.0111 49.9392 3.13323
45.8056 50.0949 3.13718
45.8015 50.1052 3.1373
45.8045 50.0998 3.13723
45.8002 50.11 3.13735
45.0239 49.9336 3.12835
45.0201 49.9436 3.12847
45.023 49.9384 3.1284
45.019 49.9483 3.12852
44.8135 50.1001 3.13247
44.8093 50.1103 3.13259
44.8124 50.105 3.13252
44.808 50.1151 3.13264
44.014 49.9388 3.13082
44.0103 49.9487 3.13095
44.0131 49.9436 3.13087
44.0091 49.9534 3.131
43.8036 50.1012 3.13495
43.7994 50.1112 3.13508
43.8025 50.106 3.135
43.7981 50.116 3.13513
43.0273 49.962 3.13345
43.0235 49.9717 3.13358
43.0264 49.9667 3.1335
43.0224 49.9764 3.13364
42.8168 50.1203 3.13758
42.8126 50.1301 3.13772
42.8157 50.125 3.13763
42.8113 50.1349 3.13778
42.0318 49.9483 3.13999
42.028 49.9579 3.14013
42.0309 49.9529 3.14005
42.0268 49.9625 3.14019
41.8214 50.1024 -3.13904
41.8172 50.1122 -3.1389
41.8203 50.1071 -3.13899
41.8159 50.1168 -3.13884
41.0339 49.9353 3.14142
41.0301 49.9448 3.14155
41.0329 49.9399 3.14147
41.0289 49.9493 -3.14157
40.8235 50.0853 -3.13761
40.8193 50.0949 -3.13747
40.8224 50.0899 -3.13755
40.818 50.0995 -3.1374
40.0087 49.9578 3.14029
40.0049 49.9671 3.14044
40.0078 49.9623 3.14035
40.0038 49.9716 3.1405
39.7983 50.1036 -3.13873
39.7941 50.113 -3.13858
39.7972 50.1081 -3.13866
39.7928 50.1175 -3.13851
39.993 48.978 -1.57223
39.9894 48.9873 -1.57209
39.9921 48.9825 -1.57217
39.9883 48.9917 -1.57203
39.7867 49.1236 -1.56807
39.7826 49.1331 -1.56792
39.7856 49.1282 -1.568
39.7814 49.1376 -1.56785
39.9969 47.9667 -1.57514
39.9934 47.976 -1.57501
39.9961 47.9712 -1.57509
39.9924 47.9804 -1.57496
39.7948 48.1124 -1.571
39.7909 48.1218 -1.57086
39.7938 48.1169 -1.57094
39.7897 48.1263 -1.5708
39.9911 46.9583 -1.57774
39.9877 46.9676 -1.57762
39.9903 46.9628 -1.57769
39.9867 46.9721 -1.57758
39.7931 47.104 -1.57362
39.7893 47.1135 -1.5735
39.7921 47.1086 -1.57358
39.7882 47.118 -1.57345
39.9917 45.9431 -1.5862
39.9884 45.9524 -1.58611
39.9909 45.9476 -1.58617
39.9874 45.9569 -1.58607
39.7978 46.0888 -1.58213
39.7941 46.0983 -1.58202
39.7969 46.0934 -1.58209
39.793 46.1029 -1.58199
39.9724 44.9709 -1.58299
39.9691 44.9802 -1.58291
39.9717 44.9754 -1.58297
39.9682 44.9847 -1.58288
39.7824 45.1166 -1.57894
39.7788 45.1261 -1.57885
39.7816 45.1212 -1.57891
39.7778 45.1307 -1.57882
39.9667 43.9561 -1.58032
39.9636 43.9655 -1.58025
39.966 43.9606 -1.5803
39.9627 43.97 -1.58022
39.7809 44.1018 -1.57628
39.7774 44.1113 -1.57621
39.78 44.1064 -1.57626
39.7763 44.1159 -1.57618
39.9684 42.9411 -1.56414
39.9653 42.9505 -1.56407
39.9677 42.9457 -1.56412
39.9644 42.955 -1.56405
39.7866 43.0869 -1.56011
39.7831 43.0964 -1.56004
39.7857 43.0915 -1.56009
39.7821 43.101 -1.56001
39.9504 41.9407 -1.57094
39.9474 41.9501 -1.57088
39.9497 41.9452 -1.57093
39.9465 41.9546 -1.57086
39.7726 42.0864 -1.56692
39.7692 42.096 -1.56686
39.7718 42.091 -1.56691
39.7682 42.1005 -1.56684
39.9467 40.9464 -1.57763
39.9437 40.9558 -1.57757
39.946 40.9509 -1.57762
39.9429 40.9603 -1.57756
39.7729 41.0921 -1.57362
39.7696 41.1017 -1.57356
39.7721 41.0967 -1.57361
39.7686 41.1063 -1.57354
39.9374 39.9528 -1.57498
39.9345 39.9622 -1.57492
39.9367 39.9573 -1.57497
39.9336 39.9668 -1.57491
39.7675 40.0985 -1.57097
39.7643 40.1081 -1.57091
39.7667 40.1032 -1.57096
39.7633 40.1127 -1.57089
39.9444 38.9362 -1.58541
39.9415 38.9457 -1.58535
39.9437 38.9408 -1.5854
39.9406 38.9503 -1.58533
39.7785 39.0821 -1.5814
39.7753 39.0917 -1.58133
39.7777 39.0867 -1.58138
39.7744 39.0963 -1.58131
39.942 37.9334 -1.5827
39.9392 37.9429 -1.58265
39.9414 37.938 -1.58269
39.9383 37.9475 -1.58264
39.7802 38.0792 -1.57871
39.777 38.0888 -1.57865
39.7794 38.0839 -1.5787
39.7761 38.0935 -1.57864
39.95 36.9465 -1.57991
39.9472 36.9559 -1.57987
39.9493 36.9511 -1.57991
39.9463 36.9605 -1.57986
39.792 37.0923 -1.57592
39.7889 37.1019 -1.57587
39.7912 37.097 -1.57592
39.788 37.1065 -1.57586
39.9619 35.9531 -1.57226
39.9591 35.9626 -1.57221
39.9612 35.9577 -1.57226
39.9583 35.9672 -1.57221
39.8079 36.099 -1.56827
39.8048 36.1086 -1.56822
39.8071 36.1037 -1.56826
39.8039 36.1133 -1.56821
39.9305 34.9244 -1.57125
39.9277 34.9339 -1.5712
39.9298 34.929 -1.57124
39.9269 34.9385 -1.57119
39.7805 35.0702 -1.56725
39.7775 35.0798 -1.5672
39.7797 35.0749 -1.56725
39.7766 35.0844 -1.56719
39.9565 33.9175 -1.56467
39.9538 33.927 -1.56462
39.9558 33.9221 -1.56467
39.953 33.9316 -1.56461
39.8106 34.0634 -1.56066
39.8076 34.073 -1.5606
39.8098 34.0681 -1.56065
39.8067 34.0777 -1.56059
39.9621 32.8917 -1.5651
39.9594 32.9013 -1.56504
39.9614 32.8964 -1.56509
39.9586 32.9058 -1.56502
39.8203 33.0376 -1.56107
39.8174 33.0473 -1.561
39.8195 33.0423 -1.56106
39.8164 33.0519 -1.56098
39.9626 31.9122 -1.57607
39.96 31.9217 -1.576
39.9619 31.9169 -1.57605
39.9592 31.9263 -1.57597
39.8247 32.0581 -1.57202
39.8218 32.0678 -1.57194
39.8239 32.0628 -1.572
39.8209 32.0724 -1.57192
39.9561 30.9176 -1.56864
39.9536 30.9271 -1.56855
39.9555 30.9222 -1.56862
39.9528 30.9317 -1.56852
39.8223 31.0635 -1.56457
39.8195 31.0731 -1.56447
39.8215 31.0682 -1.56454
39.8186 31.0778 -1.56444
39.9739 29.9064 -1.5709
39.9715 29.9159 -1.5708
39.9733 29.911 -1.57087
39.9707 29.9205 -1.57076
39.8442 30.0523 -1.56681
39.8415 30.0619 -1.5667
39.8435 30.057 -1.56677
39.8406 30.0666 -1.56666
39.9696 28.9029 -1.57994
39.9672 28.9124 -1.57983
39.9689 28.9076 -1.5799
39.9665 28.917 -1.57979
39.844 29.0488 -1.57584
39.8414 29.0584 -1.57572
39.8432 29.0535 -1.5758
39.8405 29.0631 -1.57568
39.9677 27.9077 -1.58504
39.9654 27.9172 -1.58492
39.9671 27.9123 -1.58499
39.9647 27.9217 -1.58487
39.8461 28.0535 -1.58093
39.8436 28.0631 -1.58081
39.8454 28.0582 -1.58089
39.8428 28.0677 -1.58076
39.9837 26.9157 -1.56961
39.9816 26.9251 -1.56948
39.9832 26.9202 -1.56956
39.9809 26.9297 -1.56943
39.8663 27.0615 -1.5655
39.8639 27.0711 -1.56537
39.8656 27.0662 -1.56545
39.8631 27.0757 -1.56531
39.9935 25.919 -1.57198
39.9914 25.9285 -1.57183
39.993 25.9236 -1.57192
39.9908 25.933 -1.57178
39.8801 26.0649 -1.56787
39.8779 26.0744 -1.56773
39.8795 26.0695 -1.56781
39.8772 26.0791 -1.56767
39.9933 24.9126 -1.56994
39.9914 24.922 -1.5698
39.9928 24.9171 -1.56988
39.9908 24.9266 -1.56974
39.8841 25.0584 -1.56585
39.882 25.068 -1.56571
39.8836 25.063 -1.5658
39.8813 25.0726 -1.56564
40.0028 23.8994 -1.56442
40.001 23.9089 -1.56428
40.0024 23.904 -1.56437
40.0006 23.9134 -1.56423
39.8977 24.0453 -1.56037
39.8958 24.0549 -1.56022
39.8972 24.0499 -1.56031
39.8952 24.0595 -1.56017
39.9942 22.9119 -1.56968
39.9926 22.9213 -1.56954
39.9939 22.9164 -1.56962
39.9922 22.9259 -1.56948
39.8932 23.0576 -1.56563
39.8914 23.0672 -1.56548
39.8928 23.0623 -1.56557
39.8909 23.0718 -1.56542
40.0014 21.9099 -1.56343
39.9999 21.9193 -1.56332
40.0011 21.9145 -1.56339
39.9995 21.9239 -1.56328
39.9041 22.0556 -1.55956
39.9023 22.0652 -1.55945
39.9037 22.0602 -1.55953
39.9018 22.0698 -1.55941
39.9992 20.9168 -1.56316
39.9977 20.9262 -1.56306
39.9989 20.9214 -1.56313
39.9973 20.9308 -1.56303
39.9055 21.0624 -1.55938
39.9038 21.072 -1.55927
39.9051 21.0671 -1.55935
39.9034 21.0766 -1.55924
39.9988 19.9143 -1.56512
39.9974 19.9237 -1.56502
39.9985 19.9189 -1.56509
39.997 19.9283 -1.56499
39.9088 20.0598 -1.56137
39.9072 20.0694 -1.56126
39.9084 20.0645 -1.56134
39.9068 20.074 -1.56123
39.9906 18.9087 -1.5655
39.9893 18.9181 -1.5654
39.9903 18.9133 -1.56547
39.989 18.9227 -1.56537
39.9044 19.0542 -1.56173
39.9029 19.0638 -1.56163
39.9041 19.0589 -1.5617
39.9025 19.0684 -1.5616
39.9702 17.919 -1.55634
39.9691 17.9285 -1.55624
39.97 17.9236 -1.55631
39.9688 17.933 -1.55621
39.8877 18.0644 -1.55258
39.8863 18.074 -1.55248
39.8874 18.0691 -1.55255
39.886 18.0786 -1.55244
40.0067 16.8754 -1.55152
40.0056 16.8848 -1.55142
40.0065 16.88 -1.55149
40.0054 16.8894 -1.55138
39.928 17.0209 -1.54775
39.9268 17.0305 -1.54764
39.9278 17.0256 -1.54771
39.9264 17.0351 -1.5476
40.0087 15.8939 -1.55569
40.0077 15.9033 -1.55557
40.0086 15.8985 -1.55565
40.0075 15.9079 -1.55553
39.9337 16.0393 -1.55185
39.9325 16.0488 -1.55172
39.9334 16.0439 -1.5518
39.9322 16.0534 -1.55168
40.0107 14.9094 -1.56557
40.0098 14.9188 -1.56543
40.0105 14.9139 -1.56552
40.0096 14.9233 -1.56538
39.9393 15.0546 -1.56163
39.9382 15.0641 -1.56149
39.9391 15.0592 -1.56158
39.9379 15.0687 -1.56144
40.013 13.9069 -1.56975
40.0123 13.9163 -1.56959
40.0129 13.9115 -1.56968
40.0121 13.9209 -1.56952
39.9455 14.0521 -1.56569
39.9446 14.0616 -1.56553
39.9454 14.0567 -1.56563
39.9444 14.0662 -1.56546
40.0089 12.9011 -1.5688
40.0083 12.9105 -1.56862
40.0089 12.9057 -1.56873
40.0082 12.915 -1.56855
39.9454 13.0461 -1.56471
39.9446 13.0557 -1.56452
39.9453 13.0508 -1.56463
39.9445 13.0603 -1.56445
40.0105 11.8996 -1.57017
40.0101 11.909 -1.57
40.0106 11.9042 -1.5701
40.01 11.9135 -1.56993
39.9511 12.0446 -1.56603
39.9505 12.0541 -1.56586
39.9511 12.0492 -1.56596
39.9504 12.0587 -1.56578
40.0176 10.913 -1.57063
40.0173 10.9224 -1.57045
40.0177 10.9176 -1.57055
40.0174 10.9269 -1.57037
39.9622 11.058 -1.56648
39.9618 11.0675 -1.5663
39.9623 11.0626 -1.56641
39.9618 11.0721 -1.56622
40.0212 9.93446 -1.56577
40.021 9.94384 -1.56557
40.0213 9.93902 -1.56569
40.0211 9.94836 -1.56549
39.9697 10.0794 -1.56158
39.9695 10.0889 -1.56138
39.9698 10.084 -1.5615
39.9695 10.0935 -1.5613
40.0333 8.90518 -1.5652
40.0334 8.91456 -1.56501
40.0335 8.90974 -1.56512
40.0335 8.91908 -1.56492
39.9861 9.05012 -1.56097
39.9861 9.05964 -1.56077
39.9863 9.05475 -1.56089
39.9862 9.06422 -1.56068
40.0259 7.89707 -1.56772
40.0262 7.90643 -1.5675
40.0262 7.90163 -1.56763
40.0264 7.91095 -1.56741
39.983 8.04186 -1.5634
39.9831 8.05137 -1.56318
39.9832 8.04649 -1.56331
39.9833 8.05595 -1.56308
40.0333 6.90753 -1.57253
40.0338 6.91688 -1.57228
40.0337 6.91208 -1.57242
40.0341 6.92139 -1.57217
39.9945 7.05212 -1.56801
39.9948 7.06161 -1.56775
39.9948 7.05674 -1.56789
39.9951 7.06618 -1.56764
40.0251 5.89957 -1.57151
40.0258 5.9089 -1.57125
40.0256 5.90412 -1.57139
40.0263 5.91341 -1.57113
39.9908 6.04404 -1.56692
39.9914 6.05352 -1.56665
39.9913 6.04866 -1.5668
39.9919 6.05809 -1.56653
39.9965 4.8932 -1.57681
39.9975 4.90252 -1.57654
39.9972 4.89774 -1.57669
39.9981 4.90702 -1.57642
39.9668 5.0375 -1.57219
39.9677 5.04697 -1.57192
39.9674 5.04211 -1.57206
39.9683 5.05153 -1.57179
40.0103 3.90153 -1.56863
40.0115 3.91086 -1.56836
40.011 3.90608 -1.5685
40.0123 3.91537 -1.56823
39.9852 4.04596 -1.56397
39.9863 4.05543 -1.5637
39.9859 4.05057 -1.56385
39.987 4.06001 -1.56357
40.0097 2.91024 -1.57656
40.0113 2.91956 -1.57629
40.0106 2.91478 -1.57644
40.0121 2.92406 -1.57617
39.9892 3.05455 -1.57193
39.9906 3.06401 -1.57166
39.99 3.05916 -1.57181
39.9914 3.06858 -1.57153
40.0056 1.90922 -1.58185
40.0074 1.91849 -1.58156
40.0066 1.91374 -1.58171
40.0083 1.92298 -1.58142
39.9894 2.0532 -1.57712
39.9911 2.06262 -1.57682
39.9904 2.05779 -1.57698
39.9921 2.06717 -1.57668
40.0334 0.893608 -1.5689
40.0355 0.902861 -1.5686
40.0345 0.898118 -1.56876
40.0366 0.907332 -1.56845
40.0218 1.03742 -1.56401
40.0239 1.04682 -1.5637
40.0229 1.04199 -1.56386
40.0249 1.05136 -1.56355
40.0357 -0.0743708 -1.55857
40.0382 -0.0651514 -1.55825
40.037 -0.0698764 -1.55842
40.0394 -0.060696 -1.5581
40.0287 0.0691412 -1.55347
40.031 0.0785097 -1.55314
40.0299 0.0737049 -1.55331
40.0322 0.0830342 -1.55299
40.0186 -1.0802 -1.57227
40.0214 -1.07104 -1.57192
40.02 -1.07574 -1.5721
40.0228 -1.06662 -1.57175
40.0164 -0.937213 -1.56672
40.0191 -0.927905 -1.56637
40.0178 -0.932677 -1.56655
40.0204 -0.923408 -1.5662
40.018 -2.07989 -1.57887
40.0212 -2.07074 -1.57852
40.0197 -2.07543 -1.5787
40.0227 -2.06631 -1.57835
40.0213 -1.93715 -1.57326
40.0244 -1.92785 -1.57291
40.0229 -1.93262 -1.57309
40.0259 -1.92335 -1.57273
40.0296 -3.03843 -1.57433
40.0331 -3.02927 -1.57398
40.0314 -3.03396 -1.57416
40.0348 -3.02484 -1.57381
40.038 -2.89578 -1.56867
40.0414 -2.88647 -1.56831
40.0398 -2.89124 -1.56849
40.0431 -2.88197 -1.56814
40.0135 -4.03606 -1.57984
40.0173 -4.0269 -1.5795
40.0155 -4.03159 -1.57967
40.0192 -4.02247 -1.57932
40.0276 -3.89349 -1.57417
40.0313 -3.88418 -1.57382
40.0295 -3.88896 -1.574
40.0332 -3.87968 -1.57365
40.0218 -5.05121 -1.56339
40.026 -5.04204 -1.56305
40.0239 -5.04674 -1.56322
40.028 -5.03762 -1.56288
40.0416 -4.9086 -1.55771
40.0457 -4.89928 -1.55736
40.0437 -4.90406 -1.55753
40.0477 -4.89477 -1.55719
39.0607 -5.04131 -3.13916
39.0649 -5.03246 -3.1388
39.0629 -5.03701 -3.13898
39.0669 -5.02819 -3.13863
39.0804 -4.90417 -3.13346
39.0845 -4.89517 -3.1331
39.0825 -4.8998 -3.13329
39.0865 -4.89084 -3.13293
38.0448 -4.99134 3.14019
38.0489 -4.98285 3.14056
38.0469 -4.98722 3.14036
38.051 -4.97876 3.14073
38.0642 -4.86001 -3.1373
38.0682 -4.85137 -3.13693
38.0663 -4.85581 -3.13712
38.0703 -4.84721 -3.13675
37.0329 -5.0302 3.13679
37.0371 -5.0221 3.13715
37.035 -5.02625 3.13697
37.0392 -5.01818 3.13733
37.0525 -4.90464 -3.14069
37.0566 -4.8964 -3.14033
37.0546 -4.90063 -3.14052
37.0587 -4.89242 -3.14015
36.0352 -5.0338 3.14158
36.0393 -5.02608 -3.14122
36.0373 -5.03003 -3.14142
36.0414 -5.02234 -3.14104
36.0543 -4.91459 -3.13594
36.0584 -4.90673 -3.13555
36.0564 -4.91076 -3.13575
36.0604 -4.90293 -3.13537
35.0258 -5.02411 -3.13832
35.03 -5.01678 -3.13792
35.0279 -5.02054 -3.13813
35.032 -5.01324 -3.13773
35.0444 -4.91127 -3.13285
35.0485 -4.90381 -3.13245
35.0465 -4.90763 -3.13266
35.0505 -4.90021 -3.13226
34.0265 -5.04551 3.13205
34.0306 -5.03858 3.13245
34.0286 -5.04213 3.13224
34.0327 -5.03522 3.13265
34.0447 -4.93864 3.13733
34.0488 -4.93159 3.13774
34.0468 -4.9352 3.13753
34.0508 -4.92818 3.13793
33.0149 -5.03333 3.13163
33.0191 -5.02684 3.13203
33.0171 -5.03016 3.13182
33.0211 -5.02369 3.13223
33.0328 -4.93211 3.13676
33.0369 -4.9255 3.13717
33.0349 -4.92888 3.13696
33.039 -4.9223 3.13736
32.0287 -5.0099 3.13551
32.0328 -5.00385 3.13589
32.0308 -5.00694 3.13569
32.0349 -5.00092 3.13608
32.0461 -4.91408 3.14052
32.0502 -4.90791 3.14091
32.0482 -4.91107 3.14071
32.0522 -4.90493 3.1411
31.0098 -4.99334 3.13856
31.0138 -4.98764 3.13889
31.0118 -4.99055 3.13872
31.0158 -4.98488 3.13904
31.0268 -4.90274 -3.13954
31.0307 -4.89694 -3.13921
31.0288 -4.89991 -3.13938
31.0327 -4.89413 -3.13905
29.9918 -5.01986 -3.12872
29.9957 -5.01446 -3.12844
29.9937 -5.01722 -3.12858
29.9976 -5.01184 -3.12831
30.0085 -4.93456 -3.12359
30.0124 -4.92905 -3.12331
30.0105 -4.93187 -3.12346
30.0143 -4.92639 -3.12318
28.9747 -5.03813 -3.12981
28.9785 -5.03297 -3.12957
28.9766 -5.03561 -3.12969
28.9804 -5.03047 -3.12946
28.9912 -4.95815 -3.12468
28.9949 -4.95289 -3.12444
28.9931 -4.95559 -3.12456
28.9968 -4.95034 -3.12432
27.9318 -5.03862 -3.1355
27.9355 -5.03366 -3.13529
27.9337 -5.0362 -3.13539
27.9374 -5.03126 -3.13519
27.9479 -4.9641 -3.13039
27.9516 -4.95905 -3.13018
27.9498 -4.96164 -3.13028
27.9534 -4.95661 -3.13007
26.9485 -5.07471 -3.13678
26.9521 -5.06991 -3.1366
26.9504 -5.07237 -3.13669
26.9539 -5.0676 -3.13651
26.9645 -5.00533 -3.13172
26.9681 -5.00045 -3.13153
26.9663 -5.00296 -3.13163
26.9699 -4.9981 -3.13143
25.9679 -5.09208 3.1402
25.9714 -5.08743 3.14038
25.9697 -5.08982 3.14029
25.9732 -5.08519 3.14047
25.9836 -5.02779 -3.13799
25.9871 -5.02306 -3.13781
25.9854 -5.02549 -3.1379
25.9888 -5.02078 -3.13772
24.9924 -5.06 3.13796
24.9958 -5.05549 3.13814
24.9941 -5.05781 3.13805
24.9975 -5.05331 3.13823
25.0076 -5.00069 -3.14034
25.011 -4.99611 -3.14015
25.0093 -4.99846 -3.14025
25.0126 -4.99389 -3.14006
24.0053 -5.04618 3.14113
24.0086 -5.04181 3.14132
24.0069 -5.04406 3.14123
24.0102 -5.0397 3.14141
24.02 -4.99181 -3.1373
24.0233 -4.98737 -3.13711
24.0217 -4.98965 -3.13721
24.0249 -4.98523 -3.13701
23.0003 -5.01797 -3.13929
23.0035 -5.01374 -3.13908
23.0019 -5.01592 -3.13919
23.005 -5.01171 -3.13898
23.0146 -4.96848 -3.13471
23.0177 -4.9642 -3.1345
23.0162 -4.9664 -3.13461
23.0193 -4.96213 -3.13439
22.0082 -5.01036 -3.13179
22.0113 -5.00631 -3.13154
22.0098 -5.0084 -3.13167
22.0128 -5.00436 -3.13142
22.0221 -4.96553 -3.1274
22.0252 -4.96143 -3.12715
22.0237 -4.96354 -3.12728
22.0267 -4.95945 -3.12703
21.0045 -5.00002 -3.14016
21.0075 -4.99617 -3.13987
21.006 -4.99815 -3.14002
21.009 -4.99431 -3.13974
21.018 -4.9597 -3.13599
21.021 -4.95581 -3.13571
21.0195 -4.95781 -3.13586
21.0225 -4.95393 -3.13557
20.0131 -4.99349 3.13997
20.0161 -4.98994 3.14026
20.0147 -4.99176 3.14011
20.0176 -4.98823 3.1404
20.0262 -4.95872 -3.13905
20.0291 -4.95514 -3.13876
20.0277 -4.95698 -3.13891
20.0306 -4.95341 -3.13862
18.9981 -4.99683 3.13777
19.0011 -4.9936 3.13806
18.9996 -4.99526 3.13791
19.0025 -4.99204 3.1382
19.0107 -4.96772 3.14157
19.0137 -4.96446 -3.14133
19.0122 -4.96613 -3.14148
19.0151 -4.96288 -3.14119
18.0186 -4.98035 3.1383
18.0215 -4.97736 3.13856
18.02 -4.97889 3.13842
18.0229 -4.97591 3.13868
18.0308 -4.95498 -3.14119
18.0336 -4.95197 -3.14093
18.0322 -4.95351 -3.14107
18.035 -4.9505 -3.14081
17.0309 -4.98752 -3.13867
17.0337 -4.98474 -3.13843
17.0323 -4.98616 -3.13856
17.035 -4.98339 -3.13832
17.0427 -4.96584 -3.13508
17.0454 -4.96304 -3.13484
17.0441 -4.96447 -3.13496
17.0468 -4.96168 -3.13473
16.0082 -4.983 -3.12945
16.0109 -4.98042 -3.12922
16.0096 -4.98174 -3.12934
16.0122 -4.97917 -3.12912
16.0196 -4.96503 -3.12597
16.0223 -4.96243 -3.12574
16.0209 -4.96376 -3.12586
16.0236 -4.96117 -3.12563
14.9834 -4.97886 -3.13258
14.9859 -4.97647 -3.13236
14.9846 -4.97769 -3.13248
14.9872 -4.9753 -3.13225
14.9943 -4.96449 -3.12923
14.9969 -4.96208 -3.129
14.9956 -4.96331 -3.12912
14.9981 -4.96091 -3.12889
13.9805 -5.02416 -3.13743
13.983 -5.02195 -3.13719
13.9818 -5.02307 -3.13732
13.9842 -5.02087 -3.13708
13.9912 -5.0132 -3.1342
13.9937 -5.01097 -3.13396
13.9925 -5.0121 -3.13408
13.9949 -5.00988 -3.13385
12.9995 -5.00847 3.13462
13.0019 -5.00645 3.13488
13.0007 -5.00747 3.13474
13.0031 -5.00546 3.135
13.0097 -5.00071 3.13772
13.0121 -4.99868 3.13798
13.0109 -4.99971 3.13784
13.0133 -4.99768 3.1381
12.008 -5.03641 -3.13769
12.0103 -5.0346 -3.1374
12.0092 -5.03551 -3.13755
12.0114 -5.03372 -3.13726
12.0179 -5.03176 -3.13473
12.0202 -5.02994 -3.13444
12.0191 -5.03086 -3.13459
12.0214 -5.02905 -3.1343
10.9988 -5.02365 3.14072
11.001 -5.0221 3.14105
10.9999 -5.02288 3.14088
11.0021 -5.02133 3.14121
11.0083 -5.02203 -3.13966
11.0105 -5.02047 -3.13932
11.0094 -5.02125 -3.1395
11.0115 -5.01969 -3.13916
9.98025 -5.01545 -3.13769
9.98238 -5.01425 -3.13735
9.98132 -5.01484 -3.13753
9.98343 -5.01365 -3.13719
9.98955 -5.01677 -3.13503
9.99168 -5.01557 -3.13469
9.99062 -5.01616 -3.13487
9.99273 -5.01497 -3.13452
8.95909 -4.99629 -3.1407
8.96116 -4.99547 -3.14036
8.96013 -4.99587 -3.14054
8.96218 -4.99505 -3.14021
8.96826 -5.00048 -3.13832
8.97033 -4.99965 -3.13799
8.9693 -5.00005 -3.13816
8.97135 -4.99923 -3.13783
7.97282 -4.99025 -3.14038
7.97484 -4.98978 -3.14006
7.97383 -4.99 -3.14022
7.97583 -4.98953 -3.13991
7.98189 -4.99692 -3.13832
7.98391 -4.99645 -3.138
7.9829 -4.99666 -3.13817
7.9849 -4.9962 -3.13785
6.95484 -4.98089 -3.12653
6.95618 -4.98069 -3.12634
6.95551 -4.98077 -3.12644
6.95684 -4.98058 -3.12624
6.96308 -4.98816 -3.12572
6.96442 -4.98797 -3.12553
6.96375 -4.98804 -3.12563
6.96508 -4.98786 -3.12543
5.94257 -5.01653 -3.13243
5.94324 -5.01649 -3.13234
5.94291 -5.0165 -3.13239
5.94357 -5.01646 -3.1323
5.95002 -5.02314 -3.13249
5.95069 -5.02309 -3.1324
5.95036 -5.02311 -3.13244
5.95103 -5.02306 -3.13235
4.93447 -5.021 3.13588
4.94111 -5.02606 3.13534
3.9495 -5.01702 3.13733
3.95533 -5.02005 3.13666
2.98512 -5.00448 -3.13549
2.99015 -5.00538 -3.13593
2.01352 -5.01749 -3.13453
2.01773 -5.01647 -3.13438
0.992388 -5.02164 -3.13848
0.996837 -5.01973 -3.13829
-0.0115197 -5.02457 3.13857
-0.00666071 -5.02216 3.13848
-1.02648 -5.0092 -3.12373
-1.02103 -5.00619 -3.12411
-2.03361 -5.03518 -3.12952
-2.0275 -5.03115 -3.13015
-3.03368 -5.04744 -3.12809
-3.02646 -5.04187 -3.12889
-4.0426 -5.06056 -3.13736
-4.04321 -5.06054 -3.1374
-4.04294 -5.06057 -3.13737
-4.04354 -5.06055 -3.13741
-4.03427 -5.05326 -3.13811
-4.03488 -5.05323 -3.13816
-4.03461 -5.05326 -3.13813
-4.03521 -5.05323 -3.13817
-5.05436 -5.07977 3.13656
-5.05528 -5.07971 3.1365
-5.05487 -5.07977 3.13654
-5.05577 -5.0797 3.13648
-5.04492 -5.0708 3.13608
-5.04583 -5.07072 3.13602
-5.04543 -5.07079 3.13605
-5.04632 -5.07071 3.136
-6.06592 -5.05866 3.13612
-6.06696 -5.05854 3.13606
-6.06649 -5.05864 3.13609
-6.06752 -5.05851 3.13603
-6.05589 -5.04881 3.13597
-6.05691 -5.04868 3.1359
-6.05646 -5.04879 3.13594
-6.05747 -5.04865 3.13587
-7.075 -5.05516 3.13993
-7.07627 -5.05498 3.13984
-7.07571 -5.05512 3.13988
-7.07695 -5.05493 3.13979
-7.06388 -5.0443 3.14073
-7.06514 -5.0441 3.14064
-7.06458 -5.04425 3.14068
-7.06581 -5.04404 3.14059
-8.07667 -5.03392 3.13289
-8.07816 -5.03366 3.13278
-8.0775 -5.03384 3.13283
-8.07896 -5.03357 3.13272
-8.06446 -5.02302 3.13486
-8.06593 -5.02273 3.13475
-8.06528 -5.02293 3.1348
-8.06673 -5.02264 3.13468
-9.0575 -5.03745 3.1261
-9.05906 -5.03707 3.12597
-9.05837 -5.03731 3.12603
-9.0599 -5.03692 3.1259
-9.04493 -5.02834 3.12847
-9.04647 -5.02793 3.12833
-9.04579 -5.02819 3.12839
-9.04731 -5.02777 3.12826
-10.0337 -5.00817 -3.13914
-10.0354 -5.00761 -3.13933
-10.0346 -5.00793 -3.13925
-10.0363 -5.00737 -3.13943
-10.02 -5.00123 -3.13529
-10.0218 -5.00064 -3.13547
-10.021 -5.00098 -3.13539
-10.0227 -5.00039 -3.13558
-11.0238 -5.00497 -3.13889
-11.0258 -5.00388 -3.13914
-11.0249 -5.00444 -3.13903
-11.0269 -5.00336 -3.13928
-11.0092 -5.00591 -3.13483
-11.0112 -5.00481 -3.13508
-11.0103 -5.00537 -3.13497
-11.0123 -5.00427 -3.13522
-12.0006 -4.99622 -3.13406
-12.0029 -4.99477 -3.13442
-12.0019 -4.99551 -3.13426
-12.0041 -4.99406 -3.13463
-11.9852 -5.00253 -3.12941
-11.9874 -5.00107 -3.12977
-11.9864 -5.0018 -3.12962
-11.9887 -5.00035 -3.12997
-13.017 -4.99215 -3.1396
-13.0196 -4.99022 -3.14005
-13.0184 -4.99118 -3.13986
-13.021 -4.98925 -3.1403
-13.0007 -5.00459 -3.13473
-13.0032 -5.00266 -3.13517
-13.0021 -5.00362 -3.13498
-13.0046 -5.00169 -3.13541
-14.022 -4.99409 3.1386
-14.0247 -4.99179 3.13811
-14.0235 -4.99293 3.13832
-14.0262 -4.99062 3.13784
-14.0053 -5.01151 -3.13989
-14.008 -5.00921 -3.14037
-14.0068 -5.01034 -3.14017
-14.0094 -5.00805 -3.14064
-15.0248 -4.96743 -3.13883
-15.0276 -4.96464 -3.13933
-15.0264 -4.96599 -3.13913
-15.0291 -4.9632 -3.13961
-15.0081 -4.98973 -3.13423
-15.0108 -4.98696 -3.13471
-15.0097 -4.98829 -3.13452
-15.0123 -4.98553 -3.13499
-16.0248 -4.98953 -3.13558
-16.0277 -4.98604 -3.13613
-16.0265 -4.98769 -3.1359
-16.0293 -4.98421 -3.13645
-16.0075 -5.01723 -3.13054
-16.0104 -5.01377 -3.13108
-16.0091 -5.01539 -3.13085
-16.0119 -5.01195 -3.13139
-17.0414 -5.01549 -3.14077
-17.0445 -5.01112 -3.14149
-17.0431 -5.01317 -3.14117
-17.0461 -5.00882 3.14131
-17.0228 -5.04912 -3.13516
-17.0258 -5.0448 -3.13586
-17.0245 -5.0468 -3.13555
-17.0275 -5.04251 -3.13625
-18.0445 -5.00813 3.12186
-18.0477 -5.0027 3.12106
-18.0463 -5.00524 3.12141
-18.0495 -4.99984 3.12062
-18.0246 -5.04825 3.12789
-18.0278 -5.04289 3.12711
-18.0264 -5.04537 3.12745
-18.0296 -5.04004 3.12667
-19.0663 -4.9982 3.13944
-19.0698 -4.99165 3.13863
-19.0683 -4.99469 3.13898
-19.0717 -4.98819 3.13818
-19.0452 -5.04533 -3.13751
-19.0486 -5.03886 -3.1383
-19.0472 -5.04184 -3.13797
-19.0505 -5.03542 -3.13875
-20.0689 -4.98929 3.1349
-20.0724 -4.98137 3.13397
-20.0709 -4.98506 3.13438
-20.0743 -4.97719 3.13346
-20.0465 -5.04339 -3.14145
-20.0499 -5.03556 3.14082
-20.0485 -5.03918 3.14121
-20.0518 -5.0314 3.14031
-21.0787 -4.99302 3.1341
-21.0821 -4.98358 3.13319
-21.0808 -4.98799 3.13357
-21.0841 -4.9786 3.13268
-21.055 -5.05474 3.14133
-21.0583 -5.04541 3.14044
-21.057 -5.04973 3.1408
-21.0603 -5.04046 3.13993
-22.0445 -4.96141 3.12448
-22.0478 -4.95051 3.12374
-22.0465 -4.9556 3.12402
-22.0498 -4.94476 3.1233
-22.0197 -5.03084 3.13194
-22.0229 -5.02007 3.13122
-22.0217 -5.02505 3.13148
-22.0249 -5.01435 3.13078
-23.0218 -4.96461 3.12463
-23.0251 -4.95239 3.1242
-23.0239 -4.95807 3.12429
-23.0271 -4.94594 3.12389
-22.9957 -5.04205 3.13213
-22.9989 -5.03 3.13173
-22.9977 -5.03555 3.1318
-23.0008 -5.02358 3.13143
-24.0146 -4.98295 3.1223
-24.018 -4.97004 3.12202
-24.0167 -4.97595 3.12201
-24.02 -4.96315 3.12176
-23.9876 -5.06818 3.12971
-23.9909 -5.05546 3.12946
-23.9897 -5.06123 3.12944
-23.9929 -5.04861 3.12921
-25.0042 -4.95964 3.12852
-25.0078 -4.94643 3.12819
-25.0064 -4.9523 3.12819
-25.0099 -4.93923 3.12789
-24.9767 -5.05244 3.13584
-24.9802 -5.03944 3.13554
-24.9789 -5.04514 3.13552
-24.9823 -5.03229 3.13525
-26.0082 -4.92761 3.12737
-26.0121 -4.91396 3.12695
-26.0106 -4.91982 3.12697
-26.0143 -4.90635 3.12658
-25.9804 -5.02796 3.13477
-25.9841 -5.01455 3.13438
-25.9827 -5.02023 3.13437
-25.9863 -5.00701 3.13401
-27.0149 -4.92818 3.13497
-27.0192 -4.91388 3.13441
-27.0174 -4.91979 3.13444
-27.0216 -4.90571 3.13392
-26.9862 -5.03628 -3.14068
-26.9904 -5.02225 -3.14122
-26.9887 -5.02796 -3.1412
-26.9927 -5.01416 3.14149
-27.9912 -4.9019 -3.13378
-27.9959 -4.88681 -3.13444
-27.9939 -4.8928 -3.13439
-27.9985 -4.87799 -3.135
-27.9619 -5.01765 -3.12618
-27.9665 -5.00287 -3.12681
-27.9645 -5.00863 -3.12678
-27.969 -4.99413 -3.12736
-28.9788 -4.8976 -3.13083
-28.984 -4.88169 -3.13153
-28.9817 -4.8877 -3.13147
-28.9867 -4.87214 -3.13212
-28.9487 -5.02116 -3.12324
-28.9537 -5.00558 -3.12391
-28.9515 -5.01135 -3.12387
-28.9564 -4.99612 -3.12449
-29.9811 -4.91934 -3.13269
-29.9867 -4.9025 -3.13336
-29.9841 -4.90861 -3.13331
-29.9897 -4.89218 -3.13393
-29.9499 -5.05082 -3.12518
-29.9554 -5.03434 -3.12583
-29.9529 -5.04018 -3.12579
-29.9583 -5.02412 -3.12639
-30.9685 -4.91253 -3.13548
-30.9745 -4.89479 -3.13608
-30.9717 -4.901 -3.13603
-30.9776 -4.88373 -3.13659
-30.9365 -5.05172 -3.12813
-30.9424 -5.03438 -3.1287
-30.9396 -5.04029 -3.12868
-30.9454 -5.02342 -3.1292
-31.9897 -4.94714 -3.12509
-31.9962 -4.92854 -3.12555
-31.9931 -4.93485 -3.12552
-31.9995 -4.91677 -3.12595
-31.9566 -5.09413 -3.11798
-31.9629 -5.07597 -3.11842
-31.9599 -5.08194 -3.11841
-31.9662 -5.06431 -3.11881
-33.0016 -4.95383 -3.13485
-33.0086 -4.93454 -3.13512
-33.0052 -4.94091 -3.13512
-33.012 -4.92219 -3.13536
-32.9676 -5.10832 -3.12807
-32.9744 -5.08949 -3.12831
-32.9711 -5.0955 -3.12833
-32.9778 -5.07726 -3.12854
-33.9985 -4.96034 -3.13512
-34.0057 -4.94078 -3.13541
-34.0022 -4.94713 -3.1354
-34.0093 -4.92818 -3.13566
-33.9642 -5.12162 -3.12832
-33.9712 -5.10256 -3.12858
-33.9678 -5.10854 -3.12858
-33.9747 -5.09009 -3.12882
-35.004 -4.964 -3.13815
-35.0114 -4.94415 -3.13846
-35.0078 -4.95051 -3.13843
-35.0151 -4.93129 -3.13872
-34.9693 -5.13217 -3.13133
-34.9766 -5.11284 -3.13162
-34.9731 -5.11881 -3.1316
-34.9802 -5.10013 -3.13186
-36.0262 -4.99275 -3.13686
-36.0339 -4.97259 -3.1372
-36.0301 -4.97897 -3.13714
-36.0377 -4.95946 -3.13745
-35.9911 -5.16793 -3.13005
-35.9986 -5.14831 -3.13036
-35.9949 -5.1543 -3.13032
-36.0023 -5.13534 -3.1306
-37.0205 -4.9877 3.13761
-37.0287 -4.9671 3.13737
-37.0246 -4.97355 3.13741
-37.0327 -4.95363 3.13719
-36.9849 -5.16971 -3.13881
-36.9929 -5.14969 -3.13902
-36.989 -5.15571 -3.139
-36.9969 -5.13639 -3.13919
-38.037 -4.97442 -3.14036
-38.0457 -4.95349 -3.14047
-38.0413 -4.95997 -3.14046
-38.0499 -4.93974 -3.14055
-38.001 -5.16337 -3.13365
-38.0095 -5.14304 -3.13373
-38.0053 -5.14908 -3.13374
-38.0137 -5.12948 -3.13381
-39.0173 -4.97173 3.14043
-39.0265 -4.9506 3.14047
-39.0218 -4.95708 3.14045
-39.031 -4.93667 3.1405
-38.9809 -5.16731 -3.13611
-38.9899 -5.14681 -3.13605
-38.9853 -5.15284 -3.13608
-38.9942 -5.13309 -3.13601
-40.0499 -4.98377 -3.13643
-40.0593 -4.96262 -3.13629
-40.0545 -4.96907 -3.13633
-40.0638 -4.94867 -3.13619
-40.0132 -5.18623 -3.12985
-40.0223 -5.16574 -3.12969
-40.0177 -5.17173 -3.12974
-40.0268 -5.152 -3.12957
-41.0472 -4.98089 -3.14059
-41.0569 -4.95988 -3.14046
-41.052 -4.96633 -3.14047
-41.0616 -4.94608 -3.14034
-41.0103 -5.18998 -3.13396
-41.0197 -5.16966 -3.13381
-41.0149 -5.17562 -3.13384
-41.0243 -5.15608 -3.13368
-42.0578 -5.00835 -3.1362
-42.068 -4.98745 -3.1359
-42.0628 -4.9939 -3.13596
-42.0729 -4.97377 -3.13566
-42.0204 -5.22431 -3.12958
-42.0303 -5.20412 -3.12926
-42.0253 -5.21008 -3.12933
-42.0352 -5.19068 -3.129
-43.0715 -5.02147 3.12764
-43.0825 -5.00073 3.12828
-43.0769 -5.00719 3.12812
-43.0878 -4.98724 3.12876
-43.0335 -5.24445 3.13417
-43.0443 -5.22446 3.13482
-43.0389 -5.2304 3.13466
-43.0495 -5.21122 3.13532
-44.0411 -5.00082 3.12691
-44.0529 -4.98056 3.12791
-44.047 -4.98692 3.12765
-44.0587 -4.96747 3.12865
-44.0028 -5.23043 3.13326
-44.0143 -5.21095 3.13427
-44.0086 -5.21679 3.13401
-44.0201 -5.19811 3.13502
-45.0348 -5.02482 3.13265
-45.0471 -5.00548 3.13391
-45.0411 -5.01143 3.13355
-45.0532 -4.9929 3.1348
-44.9962 -5.26103 3.13885
-45.0081 -5.24248 3.14012
-45.0023 -5.24791 3.13976
-45.0141 -5.23018 3.14102
-45.0275 -6.00812 -1.57466
-45.0385 -5.98894 -1.5731
-45.0332 -5.99416 -1.57369
-45.0441 -5.9758 -1.57215
-44.9827 -6.24468 -1.56845
-44.9934 -6.22629 -1.56688
-44.9883 -6.23098 -1.56747
-44.9989 -6.21342 -1.56592
-45.0388 -7.0183 -1.57432
-45.0483 -6.99934 -1.57259
-45.0438 -7.00395 -1.57326
-45.0532 -6.98582 -1.57154
-44.9876 -7.25516 -1.56811
-44.9968 -7.23699 -1.56637
-44.9925 -7.24107 -1.56704
-45.0017 -7.22374 -1.56531
-45.0139 -8.01865 -1.57063
-45.0217 -7.99955 -1.56887
-45.018 -8.00425 -1.56951
-45.0256 -7.98597 -1.56776
-44.9566 -8.25538 -1.56443
-44.964 -8.23704 -1.56266
-44.9605 -8.24123 -1.5633
-44.9678 -8.22373 -1.56154
-45.0138 -9.00512 -1.58842
-45.0198 -8.98599 -1.58666
-45.0167 -8.99072 -1.5873
-45.0227 -8.97241 -1.58556
-44.9503 -9.24184 -1.58223
-44.956 -9.22346 -1.58046
-44.9531 -9.22768 -1.5811
-44.9588 -9.21015 -1.57934
-45.0093 -10.0112 -1.57367
-45.0134 -9.99226 -1.57173
-45.0111 -9.99658 -1.57249
-45.0152 -9.97851 -1.57057
-44.9395 -10.2479 -1.56749
-44.9434 -10.2298 -1.56554
-44.9412 -10.2336 -1.5663
-44.945 -10.2163 -1.56436
-45.0336 -11.0145 -1.57228
-45.0359 -10.9961 -1.56996
-45.0343 -10.9996 -1.571
-45.0366 -10.9821 -1.56868
-44.9577 -11.2516 -1.56613
-44.9596 -11.234 -1.5638
-44.9582 -11.2369 -1.56483
-44.9601 -11.2201 -1.56251
-45.0592 -12.0454 -1.57164
-45.0594 -12.0287 -1.56808
-45.0587 -12.0299 -1.57016
-45.059 -12.014 -1.56658
-44.9767 -12.2831 -1.5656
-44.9765 -12.2671 -1.56202
-44.9761 -12.2678 -1.5641
-44.9759 -12.2527 -1.56052
-45.0642 -13.0169 -1.57659
-45.0609 -13.0004 -1.57246
-45.0625 -13.0009 -1.57487
-45.0592 -12.9853 -1.57073
-44.9758 -13.2547 -1.57052
-44.9721 -13.2389 -1.56639
-44.9739 -13.2389 -1.56879
-44.9703 -13.224 -1.56465
-45.0709 -14.0276 -1.57149
-45.0642 -14.0124 -1.56661
-45.0675 -14.0114 -1.56972
-45.0608 -13.997 -1.56482
-44.9763 -14.2655 -1.56541
-44.9692 -14.2509 -1.56053
-44.9727 -14.2494 -1.56362
-44.9657 -14.2357 -1.55872
-45.0742 -15.0211 -1.57052
-45.0642 -15.0084 -1.56377
-45.0692 -15.0043 -1.5685
-45.0592 -14.9924 -1.56173
-44.9736 -15.2591 -1.56442
-44.9632 -15.2471 -1.55768
-44.9684 -15.2424 -1.56239
-44.958 -15.2313 -1.55563
-45.0858 -16.021 -1.56929
-45.0723 -16.012 -1.55909
-45.079 -16.0032 -1.56686
-45.0656 -15.9951 -1.55659
-44.9791 -16.2592 -1.56317
-44.9651 -16.2509 -1.55298
-44.9721 -16.2416 -1.56072
-44.9582 -16.2342 -1.55047
-45.0916 -17.0084 -1.56559
-45.0678 -17.0002 -1.55427
-45.0824 -16.9904 -1.56301
-45.0586 -16.9831 -1.55162
-44.9788 -17.2468 -1.55946
-44.9546 -17.2391 -1.54815
-44.9695 -17.2289 -1.55687
-44.9452 -17.2222 -1.5455
-45.104 -18.0103 -1.55356
-45.0698 -18.0053 -1.53954
-45.0922 -17.9917 -1.5507
-45.0579 -17.9876 -1.53658
-44.9851 -18.2488 -1.54741
-44.9504 -18.2443 -1.53341
-44.9731 -18.2304 -1.54454
-44.9383 -18.2268 -1.53045
-45.0834 -19.0104 -1.56891
-45.0358 -19.0078 -1.55099
-45.0688 -18.991 -1.56568
-45.0211 -18.9892 -1.54763
-44.9583 -19.2489 -1.56275
-44.9104 -19.2467 -1.54485
-44.9435 -19.2296 -1.55951
-44.8954 -19.2283 -1.54149
-45.0859 -20.0074 -1.56727
-45.0204 -20.0034 -1.54801
-45.0683 -19.9878 -1.56386
-45.0026 -19.9845 -1.54447
-44.9547 -20.246 -1.56111
-44.8888 -20.2423 -1.54188
-44.9369 -20.2264 -1.55769
-44.8708 -20.2236 -1.53832
-46.0812 -20.0194 -3.13908
-46.0163 -20.0206 -3.12649
-46.0643 -20.0038 -3.13626
-45.9993 -20.0058 -3.1236
-45.9499 -20.2639 -3.13295
-45.8847 -20.2654 -3.12037
-45.9328 -20.2484 -3.13012
-45.8673 -20.2508 -3.11747
-47.067 -20.0386 3.14081
-46.9933 -20.0242 -3.13457
-47.0524 -20.0269 -3.13993
-46.9788 -20.0135 -3.13215
-46.9356 -20.2889 -3.13626
-46.8616 -20.2749 -3.12847
-46.9207 -20.2774 -3.13381
-46.8468 -20.2643 -3.12604
-48.0727 -20.0451 3.13353
-47.9902 -20.0108 -3.13955
-48.0605 -20.037 3.13531
-47.9784 -20.0035 -3.13788
-47.9412 -20.3014 3.13967
-47.8586 -20.2674 -3.13343
-47.9287 -20.2935 3.14145
-47.8465 -20.2603 -3.13175
-49.0597 -20.0442 3.13775
-48.9655 -20.0005 -3.12948
-49.0496 -20.0391 3.13891
-48.9559 -19.996 -3.12849
-48.9283 -20.3066 -3.13928
-48.8339 -20.2631 -3.12335
-48.9178 -20.3017 -3.1381
-48.824 -20.2589 -3.12234
-50.0592 -20.0191 3.13511
-49.9641 -19.9908 -3.13193
-50.0494 -20.0149 3.13619
-49.955 -19.9872 -3.13102
-49.9278 -20.2876 3.14128
-49.8326 -20.2595 -3.12578
-49.9178 -20.2837 -3.14081
-49.8231 -20.2561 -3.12486
-50.0668 -19.0355 1.57511
-49.9869 -19.0088 1.59055
-50.0583 -19.031 1.57614
-49.9789 -19.0049 1.59143
-49.9415 -19.3039 1.58128
-49.8614 -19.2775 1.5967
-49.9327 -19.2997 1.58232
-49.8531 -19.2739 1.59759
-50.0428 -18.0047 1.58338
-49.9814 -17.9823 1.59587
-50.0353 -17.9995 1.58447
-49.9742 -17.9776 1.59685
-49.924 -18.2728 1.58954
-49.8622 -18.2507 1.60201
-49.9161 -18.2678 1.59065
-49.8547 -18.2463 1.60302
-50.0337 -17.0097 1.58415
-49.9861 -16.9898 1.5946
-50.0273 -17.004 1.58529
-49.9799 -16.9847 1.59566
-49.921 -17.2776 1.5903
-49.8731 -17.2582 1.60075
-49.9143 -17.2721 1.59146
-49.8665 -17.2533 1.60182
-50.0419 -16.0009 1.57627
-50.0051 -15.9822 1.58591
-50.0365 -15.995 1.57743
-49.9999 -15.977 1.58699
-49.9353 -16.2688 1.58243
-49.8983 -16.2506 1.59205
-49.9298 -16.2631 1.5836
-49.8928 -16.2456 1.59315
-50.0747 -14.9934 1.57745
-50.0481 -14.9766 1.58565
-50.0705 -14.9872 1.57862
-50.044 -14.971 1.58677
-49.9744 -15.2614 1.58359
-49.9475 -15.2451 1.59179
-49.9699 -15.2554 1.58478
-49.9431 -15.2398 1.59293
-50.078 -13.9891 1.56196
-50.0607 -13.9741 1.56819
-50.0751 -13.9824 1.56313
-50.0577 -13.968 1.56932
-49.9839 -14.2569 1.56809
-49.9662 -14.2425 1.57432
-49.9808 -14.2504 1.56927
-49.963 -14.2367 1.57547
-50.0689 -12.9857 1.5642
-50.0579 -12.9711 1.56978
-50.0671 -12.9788 1.56536
-50.0561 -12.9649 1.57091
-49.9809 -13.2533 1.57033
-49.9696 -13.2394 1.5759
-49.979 -13.2467 1.5715
-49.9675 -13.2335 1.57705
-50.0538 -11.9833 1.56518
-50.0485 -11.9698 1.5694
-50.0532 -11.9761 1.56633
-50.0478 -11.9632 1.57053
-49.9721 -12.2507 1.5713
-49.9663 -12.2379 1.57552
-49.9712 -12.2437 1.57246
-49.9655 -12.2317 1.57666
-50.0518 -11.0097 1.56125
-50.0507 -10.9969 1.56456
-50.0523 -11.0022 1.56241
-50.0511 -10.9902 1.5657
-49.976 -11.277 1.56735
-49.9745 -11.265 1.57066
-49.9763 -11.2698 1.56852
-49.9747 -11.2586 1.57182
-50.0396 -9.98118 1.56064
-50.0417 -9.96783 1.56444
-50.0413 -9.97381 1.56176
-50.0433 -9.96118 1.56555
-49.9701 -10.2485 1.56675
-49.9718 -10.2359 1.57055
-49.9716 -10.2414 1.56789
-49.9732 -10.2295 1.57167
-50.0389 -8.9797 1.56107
-50.0444 -8.96661 1.56421
-50.0417 -8.97216 1.56213
-50.047 -8.95979 1.56525
-49.9756 -9.24682 1.56716
-49.9806 -9.23452 1.57031
-49.9782 -9.23959 1.56824
-49.9831 -9.22802 1.57137
-49.9986 -7.97778 1.57224
-50.0065 -7.96478 1.57456
-50.0024 -7.96998 1.57319
-50.0102 -7.9577 1.5755
-49.9414 -8.2444 1.5783
-49.9489 -8.23219 1.58062
-49.945 -8.2369 1.57926
-49.9524 -8.22544 1.58157
-50.0141 -6.99232 1.55962
-50.024 -6.97939 1.56184
-50.0188 -6.9845 1.56056
-50.0286 -6.97229 1.56276
-49.9629 -7.259 1.56567
-49.9724 -7.24687 1.5679
-49.9674 -7.25148 1.56662
-49.9768 -7.2401 1.56883
-50.0088 -5.97908 1.57223
-50.0207 -5.96619 1.57423
-50.0144 -5.97116 1.57313
-50.0261 -5.959 1.57512
-49.9637 -6.24561 1.57826
-49.9752 -6.23355 1.58027
-49.9691 -6.23801 1.57917
-49.9805 -6.22669 1.58117
-50.004 -4.98249 1.56959
-50.0177 -4.9696 1.57133
-50.0104 -4.97447 1.57044
-50.024 -4.96231 1.57217
-49.965 -5.2488 1.57556
-49.9783 -5.23675 1.57732
-49.9713 -5.24109 1.57642
-49.9845 -5.22979 1.57817
-49.0093 -4.98226 -0.00362705
-49.0228 -4.96776 -0.00217134
-49.0157 -4.97326 -0.00285238
-49.029 -4.9595 -0.00140631
-48.9703 -5.24238 0.00222763
-48.9835 -5.22871 0.00369329
-48.9766 -5.23369 0.00301297
-48.9896 -5.22078 0.00446949
-48.0023 -4.99793 -0.00720474
-48.0156 -4.98209 -0.00581567
-48.0086 -4.98789 -0.0063924
-48.0217 -4.97281 -0.00501414
-47.9634 -5.25205 -0.00135577
-47.9763 -5.23703 4.283e-05
-47.9695 -5.24231 -0.000532851
-47.9823 -5.22806 0.00085544
-47.026 -4.9974 0.00356742
-47.0387 -4.98034 0.00489697
-47.0322 -4.98615 0.00447507
-47.0448 -4.96987 0.00579265
-46.9873 -5.24585 0.00965825
-46.9997 -5.2296 0.010998
-46.9934 -5.23489 0.0105774
-47.0057 -5.21943 0.0119057
-46.0257 -4.95854 0.000709417
-46.0383 -4.94016 0.00207063
-46.032 -4.94625 0.00164975
-46.0445 -4.92867 0.00299714
-45.9872 -5.20094 0.00680384
-45.9996 -5.18336 0.00817507
-45.9934 -5.18893 0.00775583
-46.0056 -5.17216 0.00911378
-45.0416 -4.99382 -0.012999
-45.0542 -4.97412 -0.011604
-45.048 -4.98049 -0.012057
-45.0604 -4.96159 -0.0106767
-45.003 -5.23027 -0.00689104
-45.0152 -5.21135 -0.00548585
-45.0092 -5.21719 -0.00593717
-45.0213 -5.1991 -0.00454621
-45.0213 -6.01135 -1.57956
-45.0324 -5.99163 -1.57814
-45.0267 -5.99787 -1.57861
-45.0377 -5.97896 -1.5772
-44.9764 -6.24769 -1.57345
-44.9872 -6.22876 -1.57202
-44.9817 -6.23447 -1.57248
-44.9924 -6.21636 -1.57106
-45.0165 -6.97551 -1.57116
-45.0261 -6.956 -1.5696
-45.0212 -6.96169 -1.57019
-45.0307 -6.943 -1.56864
-44.9657 -7.21196 -1.565
-44.9749 -7.19323 -1.56343
-44.9703 -7.1984 -1.56401
-44.9794 -7.1805 -1.56246
-45.0242 -7.98653 -1.57154
-45.0321 -7.96729 -1.56987
-45.0281 -7.9724 -1.5705
-45.0359 -7.95397 -1.56884
-44.9671 -8.22318 -1.56536
-44.9746 -8.2047 -1.56368
-44.9709 -8.20929 -1.5643
-44.9783 -8.19165 -1.56263
-45.0148 -9.01037 -1.57597
-45.0207 -8.9912 -1.57419
-45.0177 -8.99598 -1.57481
-45.0237 -8.97764 -1.57305
-44.9512 -9.2471 -1.56979
-44.9569 -9.22868 -1.568
-44.9541 -9.23295 -1.56862
-44.9597 -9.21537 -1.56684
-45.0242 -10.0124 -1.58048
-45.0283 -9.99333 -1.57875
-45.026 -9.998 -1.57931
-45.0301 -9.97973 -1.57759
-44.9544 -10.2492 -1.57428
-44.9582 -10.2308 -1.57255
-44.9561 -10.235 -1.5731
-44.9599 -10.2175 -1.57138
-45.0439 -11.0162 -1.57974
-45.0461 -10.9974 -1.57782
-45.0446 -11.0016 -1.57849
-45.0467 -10.9836 -1.57659
-44.968 -11.2532 -1.57356
-44.9698 -11.2351 -1.57164
-44.9685 -11.2388 -1.5723
-44.9702 -11.2215 -1.57039
-45.0636 -12.0116 -1.57396
-45.0637 -11.9945 -1.57066
-45.063 -11.9963 -1.57251
-45.0632 -11.98 -1.56921
-44.9814 -12.249 -1.56783
-44.9812 -12.2327 -1.56453
-44.9807 -12.2339 -1.56637
-44.9805 -12.2184 -1.56307
-45.0624 -13.0227 -1.57181
-45.0597 -13.0063 -1.56786
-45.0606 -13.0069 -1.57023
-45.0579 -12.9914 -1.56628
-44.974 -13.2603 -1.56571
-44.9709 -13.2447 -1.56176
-44.972 -13.2448 -1.56412
-44.969 -13.23 -1.56017
-45.065 -14.012 -1.57595
-45.0582 -13.9961 -1.57144
-45.0616 -13.9958 -1.57422
-45.0549 -13.9808 -1.56969
-44.9705 -14.2497 -1.56988
-44.9634 -14.2345 -1.56536
-44.967 -14.2338 -1.56813
-44.9599 -14.2194 -1.5636
-45.0978 -15.0185 -1.57499
-45.0864 -15.003 -1.56993
-45.0928 -15.002 -1.57305
-45.0814 -14.9874 -1.56798
-44.9972 -15.2565 -1.56892
-44.9854 -15.2417 -1.56386
-44.992 -15.2402 -1.56696
-44.9803 -15.2262 -1.56189
-45.063 -16.0135 -1.56118
-45.0467 -16 -1.55422
-45.0561 -15.9966 -1.55914
-45.0399 -15.984 -1.55215
-44.9564 -16.2514 -1.55509
-44.9397 -16.2386 -1.54814
-44.9493 -16.2346 -1.55304
-44.9326 -16.2227 -1.54605
-45.0839 -17.0009 -1.56251
-45.0592 -16.9901 -1.5526
-45.0749 -16.9832 -1.5601
-45.0502 -16.9733 -1.55014
-44.9712 -17.2391 -1.55639
-44.9461 -17.2289 -1.5465
-44.962 -17.2216 -1.55397
-44.9369 -17.2123 -1.54402
-45.0746 -17.9953 -1.56264
-45.04 -17.9872 -1.54989
-45.0631 -17.9769 -1.55991
-45.0284 -17.9697 -1.54708
-44.9558 -18.2335 -1.55651
-44.9208 -18.226 -1.54378
-44.9441 -18.2153 -1.55376
-44.909 -18.2087 -1.54095
-45.0749 -19.0029 -1.56686
-45.029 -19.0004 -1.54917
-45.0603 -18.9836 -1.56369
-45.0144 -18.9819 -1.54588
-44.9499 -19.2414 -1.5607
-44.9036 -19.2393 -1.54304
-44.9351 -19.2222 -1.55752
-44.8887 -19.221 -1.53973
-45.0809 -19.9963 -1.56618
-45.0189 -19.9949 -1.54662
-45.0633 -19.9766 -1.56285
-45.0011 -19.976 -1.54315
-44.9497 -20.2349 -1.56001
-44.8873 -20.2338 -1.54048
-44.932 -20.2153 -1.55668
-44.8693 -20.2151 -1.53701
-45.0711 -20.99 -1.57108
-44.9898 -20.9958 -1.54518
-45.0499 -20.9693 -1.56742
-44.9681 -20.9759 -1.54134
-44.9338 -21.2287 -1.56489
-44.8521 -21.2347 -1.53903
-44.9124 -21.2081 -1.56122
-44.8301 -21.2149 -1.53518
-45.0597 -21.9926 -1.57032
-44.9554 -22.0055 -1.5412
-45.0344 -21.971 -1.56648
-44.9296 -21.9846 -1.53715
-44.9161 -22.2315 -1.56411
-44.8115 -22.2444 -1.53503
-44.8907 -22.2099 -1.56026
-44.7853 -22.2236 -1.53098
-45.0601 -23.0155 -1.5637
-44.9386 -23.0449 -1.5169
-45.0306 -22.9917 -1.55935
-44.9082 -23.0217 -1.51227
-44.9102 -23.2548 -1.55746
-44.7882 -23.2841 -1.51071
-44.8805 -23.231 -1.5531
-44.7576 -23.2611 -1.50608
-45.0972 -23.9936 -1.55878
-44.9386 -24.0407 -1.4912
-45.0631 -23.9677 -1.55399
-44.9032 -24.0154 -1.48605
-44.9412 -24.2336 -1.55251
-44.782 -24.2805 -1.48499
-44.9069 -24.2077 -1.54771
-44.7464 -24.2552 -1.47984
-45.0674 -24.9993 -1.55419
-44.851 -25.0571 -1.47121
-45.028 -24.9713 -1.54917
-44.8101 -25.0295 -1.46582
-44.905 -25.2395 -1.54791
-44.6881 -25.2967 -1.46499
-44.8655 -25.2115 -1.54288
-44.6469 -25.2691 -1.45959
-45.0447 -25.9905 -1.55005
-44.7475 -26.0529 -1.45644
-45.0001 -25.9611 -1.54491
-44.7009 -26.0233 -1.45091
-44.8761 -26.2309 -1.54375
-44.5784 -26.2921 -1.45021
-44.8313 -26.2014 -1.5386
-44.5315 -26.2626 -1.44467
-45.0524 -27.0052 -1.55307
-44.6606 -27.0724 -1.45489
-45.0022 -26.9748 -1.54787
-44.608 -27.0414 -1.4493
-44.8774 -27.2459 -1.54677
-44.4851 -27.3114 -1.44866
-44.827 -27.2153 -1.54157
-44.4323 -27.2803 -1.44306
-45.0739 -28.0193 -1.55972
-44.5563 -28.0814 -1.46232
-45.0183 -27.9876 -1.55454
-44.4979 -28.0485 -1.45679
-44.8925 -28.2603 -1.55342
-44.3744 -28.3199 -1.45607
-44.8367 -28.2285 -1.54823
-44.3158 -28.2869 -1.45053
-45.055 -28.9917 -1.56284
-44.4164 -29.0451 -1.47267
-44.9941 -28.9587 -1.55774
-44.3526 -29.0102 -1.46729
-44.8674 -29.2329 -1.55654
-44.2286 -29.283 -1.4664
-44.8063 -29.1997 -1.55143
-44.1645 -29.2479 -1.46102
-45.0265 -29.9882 -1.5646
-44.2719 -30.0326 -1.48829
-44.9603 -29.9536 -1.55964
-44.2026 -29.9957 -1.48314
-44.8326 -30.2294 -1.5583
-44.0778 -30.27 -1.48199
-44.7662 -30.1947 -1.55333
-44.0083 -30.2328 -1.47684
-45.0358 -30.9935 -1.56539
-44.1783 -31.0337 -1.50962
-44.9645 -30.9577 -1.56063
-44.1037 -30.995 -1.50477
-44.8356 -31.2351 -1.5591
-43.9779 -31.2707 -1.5033
-44.764 -31.1991 -1.55433
-43.9031 -31.2317 -1.49845
-45.0131 -31.9692 -1.5717
-43.9407 -31.9851 -1.65769
-44.9368 -31.932 -1.56704
-43.8615 -31.9438 -1.65307
-44.8068 -32.2109 -1.56542
-43.7343 -32.2208 -1.65135
-44.7302 -32.1735 -1.56074
-43.6548 -32.1793 -1.64673
-45.0252 -32.9743 -1.57362
-44.0468 -32.8731 -1.7287
-44.9448 -32.9367 -1.5701
-43.9643 -32.8317 -1.72523
-44.8125 -33.2163 -1.56737
-43.8346 -33.1097 -1.72236
-44.7319 -33.1784 -1.56383
-43.7519 -33.068 -1.71888
-45.0518 -33.9659 -1.57067
-44.216 -33.8342 -1.72305
-44.9679 -33.9279 -1.56781
-44.1301 -33.793 -1.72027
-44.8329 -34.2082 -1.56445
-43.9977 -34.072 -1.71672
-44.7488 -34.1699 -1.56157
-43.9116 -34.0305 -1.71393
-45.0443 -34.9712 -1.56709
-44.3538 -34.8376 -1.70168
-44.9582 -34.9326 -1.56517
-44.2658 -34.7962 -1.69988
-44.8191 -35.2137 -1.5609
-44.1292 -35.0765 -1.69536
-44.7328 -35.1748 -1.55896
-44.0409 -35.0348 -1.69354
-45.0109 -35.9715 -1.56419
-44.4451 -35.8368 -1.69062
-44.924 -35.9324 -1.56293
-44.3563 -35.7951 -1.6895
-44.7796 -36.2139 -1.55803
-44.2142 -36.0765 -1.68431
-44.6924 -36.1745 -1.55675
-44.1251 -36.0344 -1.68318
-45.0328 -36.9523 -1.56231
-44.5918 -36.8006 -1.67052
-44.9461 -36.9122 -1.56302
-44.5032 -36.758 -1.6714
-44.7955 -37.1954 -1.55627
-44.3548 -37.0417 -1.66431
-44.7084 -37.155 -1.55696
-44.2659 -36.9988 -1.66517
-45.0208 -37.9619 -1.56204
-44.6838 -37.8022 -1.65641
-44.9363 -37.921 -1.56399
-44.5976 -37.7586 -1.65855
-44.7773 -38.2054 -1.55608
-44.4405 -38.0443 -1.65028
-44.6925 -38.1642 -1.55802
-44.354 -38.0004 -1.65239
-45.0045 -38.9534 -1.56785
-44.7575 -38.7867 -1.64137
-44.924 -38.9114 -1.57109
-44.6753 -38.7418 -1.64481
-44.7551 -39.1975 -1.56207
-44.5082 -39.03 -1.63542
-44.6742 -39.1552 -1.56528
-44.4256 -38.9848 -1.63884
-45.0279 -39.9479 -1.56955
-44.8503 -39.7727 -1.62297
-44.9526 -39.9046 -1.57356
-44.7734 -39.7262 -1.6272
-44.7727 -40.1927 -1.56395
-44.595 -40.0172 -1.61723
-44.6971 -40.1492 -1.56794
-44.5178 -39.9704 -1.62144
-44.0543 -39.9482 0.00741007
-43.8831 -39.8193 -0.034797
-43.9811 -39.9092 0.00325293
-43.8085 -39.7772 -0.0391853
-43.7992 -40.1878 0.0127426
-43.6276 -40.0585 -0.0293605
-43.7256 -40.1486 0.00859881
-43.5527 -40.0162 -0.033735
-43.0555 -39.9597 0.00998493
-42.8907 -39.8672 -0.0223465
-42.9845 -39.9253 0.005789
-42.8185 -39.8299 -0.026768
-42.8005 -40.1942 0.0151113
-42.6351 -40.1013 -0.0171438
-42.729 -40.1596 0.0109257
-42.5625 -40.0637 -0.0215542
-42.0506 -39.9396 -0.00643434
-41.8908 -39.8739 -0.0302972
-41.9817 -39.9098 -0.0105763
-41.8208 -39.8413 -0.0346463
-41.7958 -40.1692 -0.0014538
-41.6352 -40.103 -0.0252626
-41.7265 -40.1392 -0.00558769
-41.5647 -40.0702 -0.0296031
-41.0265 -39.984 -0.0135081
-40.873 -39.937 -0.0302669
-40.9599 -39.9588 -0.0174671
-40.8054 -39.9092 -0.0344067
-40.7716 -40.2087 -0.00861002
-40.6172 -40.1612 -0.0253326
-40.7045 -40.1834 -0.0125626
-40.5491 -40.1332 -0.0294656
-40.0283 -39.9787 -0.0272609
-39.8799 -39.9427 -0.0383222
-39.9638 -39.9579 -0.0309369
-39.8145 -39.9194 -0.0421489
-39.7735 -40.1988 -0.0223846
-39.6242 -40.1623 -0.0334225
-39.7085 -40.1778 -0.0260553
-39.5582 -40.1388 -0.0372436
-39.0194 -40.0199 -0.0240696
-38.8766 -39.9893 -0.0308054
-38.9573 -40.0032 -0.0273374
-38.8135 -39.9702 -0.0341934
-38.7646 -40.2353 -0.0191528
-38.6207 -40.2042 -0.0258733
-38.7019 -40.2184 -0.0224157
-38.5571 -40.1849 -0.0292563
-38.0493 -40.0699 -0.0131073
-37.912 -40.0402 -0.0168487
-37.9895 -40.0568 -0.0158448
-37.8512 -40.0247 -0.0196798
-37.7944 -40.2809 -0.00808955
-37.6559 -40.2506 -0.0118195
-37.7339 -40.2675 -0.0108219
-37.5945 -40.2349 -0.0146454
-37.0495 -40.0594 -0.00815724
-36.9172 -40.0276 -0.0103428
-36.9918 -40.0494 -0.0102682
-36.8585 -40.0153 -0.0125255
-36.7947 -40.2655 -0.00297809
-36.6613 -40.2333 -0.00515115
-36.7364 -40.2553 -0.00508308
-36.602 -40.2208 -0.00732804
-36.0541 -40.0723 0.00412349
-35.9269 -40.037 0.0020887
-35.9985 -40.0648 0.00274648
-35.8703 -40.0272 0.000655217
-35.7993 -40.2736 0.00952474
-35.671 -40.2378 0.00750765
-35.7431 -40.2659 0.00815504
-35.6138 -40.2279 0.00608129
-35.0465 -40.0759 0.0152958
-34.9214 -40.041 0.012062
-34.9915 -40.0699 0.0136792
-34.8654 -40.0327 0.010385
-34.7918 -40.2718 0.0207109
-34.6655 -40.2365 0.0174975
-34.7361 -40.2656 0.0191016
-34.6088 -40.228 0.0158276
-34.0471 -40.0662 0.0182707
-33.9214 -40.0338 0.0161346
-33.9918 -40.0614 0.0171407
-33.8651 -40.0268 0.0149567
-33.7923 -40.2565 0.0237644
-33.6655 -40.2237 0.0216509
-33.7364 -40.2514 0.022643
-33.6085 -40.2164 0.0204816
-33.07 -40.0645 0.00807893
-32.9441 -40.0334 0.00661672
-33.0146 -40.0604 0.00726619
-32.8876 -40.0272 0.00576436
-32.8152 -40.2493 0.0136334
-32.6881 -40.2178 0.0121949
-32.7591 -40.245 0.0128301
-32.631 -40.2113 0.0113518
-32.0707 -40.0495 0.00471471
-31.9448 -40.0195 0.00422157
-32.0152 -40.046 0.00436204
-31.8883 -40.0139 0.0038402
-31.816 -40.2287 0.0103875
-31.6889 -40.1982 0.00991921
-31.7599 -40.225 0.0100451
-31.6318 -40.1924 0.00954785
-31.0582 -40.0502 -0.0125027
-30.9323 -40.0204 -0.012112
-31.0028 -40.0469 -0.0124357
-30.8759 -40.015 -0.0120638
-30.8036 -40.2236 -0.00672306
-30.6765 -40.1933 -0.00630664
-30.7475 -40.2201 -0.00664522
-30.6194 -40.1877 -0.00624776
-30.0835 -40.0671 -0.0215288
-29.9577 -40.0366 -0.020336
-30.0281 -40.0636 -0.0210811
-29.9012 -40.0311 -0.019898
-29.8288 -40.2349 -0.0156536
-29.7017 -40.2038 -0.0144342
-29.7727 -40.2311 -0.0151944
-29.6446 -40.198 -0.0139849
-29.0541 -40.1103 -0.0282683
-28.9283 -40.0782 -0.0263591
-28.9987 -40.1062 -0.0274805
-28.8718 -40.0721 -0.0255731
-28.7991 -40.272 -0.0223094
-28.6721 -40.2393 -0.0203727
-28.7431 -40.2676 -0.0215094
-28.615 -40.2329 -0.0195748
-28.0498 -40.1293 -0.0172302
-27.924 -40.095 -0.0146877
-27.9944 -40.1243 -0.016142
-27.8676 -40.0879 -0.013594
-27.7947 -40.285 -0.0111988
-27.6678 -40.25 -0.00862815
-27.7387 -40.2796 -0.0100979
-27.6107 -40.2426 -0.007522
-27.0491 -40.112 -0.0224114
-26.9234 -40.0748 -0.0193193
-26.9937 -40.1057 -0.0210624
-26.867 -40.0664 -0.0179587
-26.7941 -40.2616 -0.016319
-26.6673 -40.2237 -0.0131981
-26.7381 -40.2549 -0.0149569
-26.6102 -40.215 -0.0118246
-26.0619 -40.1298 -0.0183338
-25.9362 -40.0892 -0.0147741
-26.0066 -40.122 -0.0167631
-25.8798 -40.0793 -0.0131866
-25.8069 -40.2733 -0.0121917
-25.68 -40.232 -0.0086027
-25.7509 -40.2651 -0.0106074
-25.623 -40.2218 -0.00700185
-25.0418 -40.1238 -0.0234799
-24.9161 -40.0792 -0.0195377
-24.9865 -40.1142 -0.0217278
-24.8598 -40.0676 -0.0177646
-24.7868 -40.2609 -0.0172997
-24.6601 -40.2157 -0.0133277
-24.7309 -40.2511 -0.0155337
-24.6031 -40.2037 -0.0115409
-24.0808 -40.1607 -0.0350933
-23.9551 -40.112 -0.0308477
-24.0254 -40.1493 -0.0331975
-23.8987 -40.0985 -0.0289276
-23.8256 -40.2919 -0.0288859
-23.6988 -40.2425 -0.0246101
-23.7697 -40.2801 -0.0269759
-23.6418 -40.2286 -0.0226762
-23.0867 -40.1629 -0.0394804
-22.961 -40.1096 -0.0350142
-23.0314 -40.1494 -0.03748
-22.9046 -40.094 -0.0329874
-22.8315 -40.2878 -0.0332571
-22.7048 -40.2339 -0.0287605
-22.7756 -40.274 -0.0312424
-22.6478 -40.2179 -0.0267196
-22.1018 -40.2159 -0.0319617
-21.9759 -40.1579 -0.0273561
-22.0463 -40.2003 -0.0298953
-21.9195 -40.1402 -0.0252621
-21.8463 -40.3347 -0.0257336
-21.7194 -40.276 -0.0210975
-21.7903 -40.3187 -0.0236528
-21.6624 -40.2578 -0.0189893
-21.1285 -40.2328 -0.0213576
-21.0026 -40.17 -0.0166931
-21.0731 -40.2151 -0.0192634
-20.9462 -40.1501 -0.0145711
-20.8729 -40.3455 -0.0151358
-20.746 -40.2819 -0.0104408
-20.8169 -40.3274 -0.0130271
-20.6891 -40.2616 -0.00830453
-20.135 -40.2411 -0.0217832
-20.0091 -40.1734 -0.0171422
-20.0796 -40.2211 -0.0197004
-19.9528 -40.1511 -0.0150323
-19.8794 -40.3476 -0.0155791
-19.7526 -40.279 -0.0109076
-19.8235 -40.3272 -0.0134817
-19.6957 -40.2564 -0.0087834
-20.0766 -39.2473 1.55852
-19.9554 -39.1789 1.56312
-20.0233 -39.227 1.56058
-19.9011 -39.1564 1.56521
-19.8272 -39.3533 1.5647
-19.705 -39.2842 1.56934
-19.7733 -39.3327 1.56678
-19.6502 -39.2613 1.57144
-20.0652 -38.2865 1.56326
-19.9484 -38.2178 1.56781
-20.0139 -38.2661 1.5653
-19.8962 -38.1952 1.56988
-19.8217 -38.3925 1.56943
-19.7041 -38.323 1.57401
-19.7699 -38.3717 1.57148
-19.6513 -38.3 1.57609
-20.0437 -37.3058 1.56936
-19.9314 -37.2367 1.57385
-19.9944 -37.2852 1.57137
-19.8812 -37.2138 1.57588
-19.8062 -37.4116 1.57551
-19.6931 -37.3417 1.58003
-19.7564 -37.3906 1.57753
-19.6424 -37.3185 1.58207
-20.0482 -36.2986 1.57795
-19.9405 -36.2292 1.58236
-20.001 -36.2779 1.57992
-19.8924 -36.2062 1.58436
-19.817 -36.4044 1.58407
-19.7085 -36.3343 1.58852
-19.7693 -36.3833 1.58606
-19.6599 -36.3109 1.59053
-20.0366 -35.3098 1.56989
-19.9334 -35.24 1.57422
-19.9914 -35.2888 1.57182
-19.8873 -35.2168 1.57618
-19.8115 -35.4155 1.57599
-19.7074 -35.345 1.58035
-19.7657 -35.3942 1.57794
-19.6608 -35.3215 1.58232
-20.0226 -34.3321 1.56053
-19.9236 -34.2619 1.56477
-19.9792 -34.311 1.56241
-19.8794 -34.2385 1.56667
-19.8034 -34.4377 1.56661
-19.7036 -34.3668 1.57088
-19.7595 -34.4162 1.56851
-19.659 -34.3432 1.57279
-19.9887 -33.3219 1.56256
-19.894 -33.2512 1.56668
-19.9472 -33.3005 1.56438
-19.8518 -33.2276 1.56853
-19.7756 -33.4272 1.56861
-19.6802 -33.3559 1.57277
-19.7337 -33.4055 1.57045
-19.6375 -33.332 1.57463
-19.9536 -32.3384 1.56267
-19.8631 -32.2673 1.56666
-19.914 -32.3168 1.56443
-19.8227 -32.2435 1.56845
-19.7465 -32.4435 1.56869
-19.6553 -32.3718 1.57272
-19.7065 -32.4216 1.57047
-19.6144 -32.3477 1.57452
-19.9829 -31.3748 1.55875
-19.8962 -31.3034 1.56261
-19.945 -31.3531 1.56044
-19.8576 -31.2795 1.56433
-19.7816 -31.48 1.56475
-19.6943 -31.4081 1.56865
-19.7433 -31.458 1.56646
-19.6552 -31.3839 1.57038
-19.9564 -30.3577 1.56105
-19.8737 -30.286 1.56477
-19.9202 -30.3358 1.56267
-19.8368 -30.2619 1.56641
-19.7612 -30.4628 1.56702
-19.6779 -30.3905 1.57077
-19.7246 -30.4406 1.56866
-19.6406 -30.3661 1.57243
-19.9522 -29.3862 1.55901
-19.8732 -29.3141 1.56257
-19.9177 -29.3641 1.56056
-19.8379 -29.2898 1.56414
-19.7629 -29.4912 1.56496
-19.6832 -29.4186 1.56855
-19.7279 -29.4689 1.56652
-19.6476 -29.394 1.57013
-19.9463 -28.4062 1.5732
-19.8708 -28.3337 1.57659
-19.9133 -28.3839 1.57466
-19.8371 -28.3093 1.57807
-19.7628 -28.5111 1.57912
-19.6867 -28.4381 1.58254
-19.7294 -28.4886 1.58059
-19.6527 -28.4135 1.58404
-19.9678 -27.4039 1.58003
-19.8958 -27.3312 1.58324
-19.9363 -27.3815 1.5814
-19.8636 -27.3066 1.58463
-19.7902 -27.5089 1.58592
-19.7176 -27.4357 1.58917
-19.7583 -27.4863 1.5873
-19.6851 -27.4109 1.59057
-19.9965 -26.4076 1.59837
-19.9277 -26.3346 1.6014
-19.9663 -26.3851 1.59965
-19.8969 -26.31 1.6027
-19.8247 -26.5128 1.60424
-19.7554 -26.4394 1.6073
-19.7942 -26.4901 1.60552
-19.7243 -26.4144 1.6086
-20.0056 -25.4071 1.60002
-19.9399 -25.3339 1.60286
-19.9767 -25.3845 1.6012
-19.9104 -25.3091 1.60405
-19.8397 -25.5124 1.60585
-19.7735 -25.4387 1.60872
-19.8105 -25.4895 1.60704
-19.7437 -25.4136 1.60992
-20.0408 -24.387 1.58852
-19.978 -24.3135 1.59115
-20.0132 -24.3643 1.58959
-19.9498 -24.2886 1.59224
-19.8809 -24.4924 1.59432
-19.8177 -24.4185 1.59698
-19.8529 -24.4694 1.59541
-19.7891 -24.3933 1.59808
-20.0483 -23.3812 1.58666
-19.9882 -23.3074 1.58907
-20.0218 -23.3583 1.58762
-19.9611 -23.2823 1.59004
-19.8942 -23.4866 1.59243
-19.8338 -23.4124 1.59487
-19.8674 -23.4635 1.5934
-19.8063 -23.3871 1.59586
-20.0688 -22.3553 1.58256
-20.0113 -22.2813 1.58474
-20.0433 -22.3323 1.58341
-19.9852 -22.256 1.58561
-19.9207 -22.4608 1.5883
-19.8627 -22.3863 1.59051
-19.8949 -22.4376 1.58916
-19.8364 -22.3609 1.59139
-20.091 -21.3446 1.57213
-20.0357 -21.2702 1.57408
-20.0663 -21.3214 1.57286
-20.0105 -21.2448 1.57482
-19.9486 -21.4502 1.57784
-19.893 -21.3754 1.57982
-19.9237 -21.4268 1.57858
-19.8675 -21.3498 1.58057
-20.1085 -20.3107 1.54486
-20.0552 -20.2361 1.54656
-20.0846 -20.2874 1.54547
-20.0308 -20.2105 1.54718
-19.972 -20.4164 1.55053
-19.9185 -20.3413 1.55227
-19.9479 -20.3929 1.55115
-19.8938 -20.3156 1.55289
-21.1164 -20.2837 3.11186
-21.0632 -20.2104 3.1134
-21.0926 -20.2609 3.11237
-21.0388 -20.1854 3.11393
-20.9801 -20.3951 3.11751
-20.9266 -20.3214 3.11908
-20.956 -20.372 3.11804
-20.902 -20.2962 3.11962
-22.1229 -20.2715 3.11974
-22.0698 -20.1995 3.12121
-22.0991 -20.249 3.12022
-22.0454 -20.1748 3.12169
-21.9866 -20.3885 3.12539
-21.9332 -20.3161 3.12688
-21.9625 -20.3658 3.12587
-21.9086 -20.2913 3.12738
-23.1102 -20.2241 3.1175
-23.0572 -20.1532 3.11896
-23.0865 -20.2019 3.11796
-23.0329 -20.1288 3.11944
-22.9742 -20.3466 3.12314
-22.9209 -20.2754 3.12464
-22.9502 -20.3243 3.12362
-22.8964 -20.2509 3.12513
-24.1229 -20.2086 3.11097
-24.0699 -20.1388 3.11252
-24.0991 -20.1867 3.11147
-24.0457 -20.1148 3.11304
-23.9869 -20.3368 3.11662
-23.9337 -20.2667 3.11821
-23.9629 -20.3147 3.11714
-23.9092 -20.2425 3.11874
-25.1246 -20.215 3.12598
-25.0717 -20.1465 3.12771
-25.1009 -20.1935 3.12656
-25.0474 -20.1228 3.12831
-24.9886 -20.3489 3.13166
-24.9354 -20.28 3.13342
-24.9646 -20.3272 3.13225
-24.9109 -20.2562 3.13403
-26.1463 -20.205 3.12323
-26.0935 -20.1378 3.12522
-26.1226 -20.1839 3.12392
-26.0693 -20.1146 3.12593
-26.0104 -20.3445 3.12895
-25.9572 -20.2772 3.13097
-25.9864 -20.3233 3.12965
-25.9327 -20.2538 3.1317
-27.1525 -20.1724 3.1217
-27.0998 -20.1069 3.12403
-27.1289 -20.1518 3.12254
-27.0756 -20.0842 3.12491
-27.0168 -20.3176 3.12746
-26.9637 -20.252 3.12983
-26.9929 -20.2969 3.12832
-26.9393 -20.2292 3.13072
-28.1547 -20.1974 3.12649
-28.1019 -20.134 3.12925
-28.131 -20.1776 3.12753
-28.0778 -20.112 3.13033
-28.0188 -20.3484 3.13232
-27.9657 -20.2848 3.13511
-27.9949 -20.3284 3.13337
-27.9412 -20.2627 3.1362
-29.1443 -20.185 3.12993
-29.0916 -20.1239 3.1332
-29.1207 -20.166 3.13121
-29.0675 -20.1029 3.13452
-29.0084 -20.3417 3.13583
-28.9554 -20.2805 3.13913
-28.9846 -20.3226 3.13712
-28.931 -20.2594 3.14046
-30.1402 -20.2022 3.13576
-30.0875 -20.1441 3.13962
-30.1166 -20.1844 3.13731
-30.0633 -20.1242 3.14123
-30.0042 -20.3648 -3.14145
-29.9511 -20.3065 -3.13755
-29.9803 -20.3468 -3.13988
-29.9267 -20.2866 -3.13593
-31.0981 -20.183 3.13097
-31.0455 -20.1282 3.13551
-31.0745 -20.1664 3.13284
-31.0214 -20.1097 3.13744
-30.9622 -20.3512 3.13705
-30.9092 -20.2964 -3.14157
-30.9383 -20.3346 3.13892
-30.8848 -20.2778 -3.13963
-32.1153 -20.1753 3.12565
-32.0627 -20.1248 3.13094
-32.0917 -20.1605 3.12786
-32.0387 -20.1081 3.13323
-31.9794 -20.3497 3.13182
-31.9265 -20.2991 3.13715
-31.9556 -20.3348 3.13405
-31.9021 -20.2824 3.13946
-33.1296 -20.1216 3.12578
-33.0774 -20.0762 3.13191
-33.1062 -20.1089 3.12838
-33.0534 -20.0616 3.1346
-32.994 -20.3022 3.13207
-32.9414 -20.2568 3.13824
-32.9703 -20.2894 3.13469
-32.9171 -20.2422 3.14095
-34.1211 -20.1365 3.13072
-34.0685 -20.097 3.13707
-34.0975 -20.1263 3.13345
-34.0443 -20.085 3.13989
-33.9854 -20.3234 3.13705
-33.9323 -20.2839 -3.13975
-33.9615 -20.3132 3.13979
-33.9078 -20.272 -3.13692
-35.1248 -20.0904 3.13321
-35.0722 -20.0571 3.13981
-35.1012 -20.0829 3.13607
-35.048 -20.0479 -3.14043
-34.9894 -20.2837 3.13954
-34.9362 -20.2505 -3.137
-34.9654 -20.2763 -3.14077
-34.9117 -20.2414 -3.13405
-35.1097 -21.1069 -1.58264
-35.0497 -21.0735 -1.57578
-35.0828 -21.0996 -1.57961
-35.0221 -21.0644 -1.57267
-34.9678 -21.3005 -1.57632
-34.9072 -21.267 -1.56942
-34.9406 -21.2931 -1.57327
-34.8793 -21.2579 -1.5663
-35.1314 -22.0851 -1.58333
-35.0643 -22.0517 -1.5764
-35.1014 -22.0779 -1.58025
-35.0336 -22.0427 -1.57325
-34.9833 -22.2789 -1.57701
-34.9156 -22.2455 -1.57005
-34.9529 -22.2717 -1.57392
-34.8845 -22.2364 -1.56688
-35.1646 -23.1043 -1.56334
-35.09 -23.0711 -1.55642
-35.1312 -23.0973 -1.56025
-35.0559 -23.0622 -1.55325
-35.01 -23.2986 -1.55705
-34.9348 -23.2652 -1.55009
-34.9763 -23.2915 -1.55394
-34.9002 -23.2563 -1.54691
-35.1457 -24.0946 -1.5729
-35.0639 -24.0612 -1.56607
-35.1091 -24.0877 -1.56983
-35.0264 -24.0524 -1.56294
-34.9849 -24.289 -1.56662
-34.9024 -24.2554 -1.55977
-34.9478 -24.2819 -1.56354
-34.8645 -24.2465 -1.55662
-35.1231 -25.0684 -1.57087
-35.0344 -25.0348 -1.5642
-35.0833 -25.0615 -1.56787
-34.9937 -25.0259 -1.56114
-34.9561 -25.2628 -1.56462
-34.8667 -25.2289 -1.55792
-34.916 -25.2557 -1.5616
-34.8256 -25.22 -1.55484
-35.1313 -26.0596 -1.57046
-35.0358 -26.026 -1.56401
-35.0885 -26.0528 -1.56755
-34.992 -26.0171 -1.56105
-34.9582 -26.2541 -1.56423
-34.862 -26.2202 -1.55775
-34.915 -26.2471 -1.56131
-34.8177 -26.2113 -1.55477
-35.1382 -27.0455 -1.58155
-35.0363 -27.0119 -1.57533
-35.0925 -27.0387 -1.57874
-34.9896 -27.0031 -1.57247
-34.959 -27.2402 -1.57535
-34.8563 -27.2063 -1.5691
-34.9128 -27.2332 -1.57253
-34.809 -27.1974 -1.56622
-35.1271 -28.0497 -1.57152
-35.0183 -28.0159 -1.56632
-35.0782 -28.0431 -1.56918
-34.9683 -28.0072 -1.56394
-34.9416 -28.2447 -1.56543
-34.8319 -28.2105 -1.56019
-34.8922 -28.2378 -1.56307
-34.7814 -28.2017 -1.5578
-35.1273 -29.0475 -1.56391
-35.0126 -29.0135 -1.55989
-35.0757 -29.041 -1.56213
-34.9599 -29.005 -1.55809
-34.9356 -29.2428 -1.55793
-34.8201 -29.2085 -1.55388
-34.8836 -29.2361 -1.55613
-34.7668 -29.1997 -1.55206
-35.132 -30.0468 -1.55415
-35.0132 -30.0128 -1.5507
-35.0786 -30.0404 -1.55264
-34.9586 -30.0043 -1.54918
-34.9344 -30.2423 -1.54822
-34.8147 -30.2079 -1.54474
-34.8805 -30.2357 -1.54669
-34.7596 -30.1992 -1.5432
-35.1308 -31.0173 -1.57198
-35.0083 -30.9833 -1.56906
-35.0758 -31.011 -1.57072
-34.9521 -30.9749 -1.5678
-34.9273 -31.2129 -1.56609
-34.804 -31.1785 -1.56315
-34.8718 -31.2063 -1.56482
-34.7472 -31.1698 -1.56187
-35.1273 -32.0529 -1.56339
-35.0016 -32.0188 -1.56109
-35.0709 -32.0466 -1.56243
-34.944 -32.0103 -1.56012
-34.9178 -32.2485 -1.55756
-34.7911 -32.214 -1.55523
-34.8608 -32.242 -1.55658
-34.7329 -32.2054 -1.55425
-35.096 -33.0667 -1.5627
-34.9682 -33.0326 -1.56062
-35.0387 -33.0604 -1.56184
-34.9096 -33.0241 -1.55977
-34.8806 -33.2622 -1.55689
-34.7518 -33.2276 -1.55478
-34.8227 -33.2557 -1.55602
-34.6927 -33.219 -1.55391
-35.0846 -34.0802 -1.55581
-34.9549 -34.046 -1.55398
-35.0266 -34.0739 -1.55507
-34.8956 -34.0376 -1.55324
-34.8633 -34.2757 -1.55002
-34.7326 -34.2411 -1.54816
-34.8047 -34.2691 -1.54926
-34.6727 -34.2324 -1.54741
-35.0708 -35.0803 -1.56039
-34.9393 -35.0461 -1.5598
-35.012 -35.0741 -1.56025
-34.8793 -35.0377 -1.55968
-34.8437 -35.2759 -1.5547
-34.7112 -35.2412 -1.55408
-34.7843 -35.2694 -1.55455
-34.6505 -35.2326 -1.55395
-35.0712 -36.0668 -1.56385
-34.9398 -36.0325 -1.56379
-35.0126 -36.0606 -1.56396
-34.88 -36.0242 -1.56392
-34.8385 -36.2625 -1.5582
-34.7061 -36.2277 -1.55811
-34.7793 -36.2561 -1.5583
-34.6457 -36.2192 -1.55823
-35.0664 -37.0637 -1.56563
-34.9352 -37.0294 -1.56669
-35.0081 -37.0577 -1.56628
-34.8757 -37.0211 -1.56737
-34.8282 -37.2595 -1.56007
-34.6959 -37.2247 -1.56111
-34.7692 -37.2532 -1.5607
-34.6358 -37.2162 -1.56178
-35.0764 -38.0527 -1.57337
-34.9472 -38.0183 -1.57484
-35.0192 -38.0468 -1.57417
-34.8888 -38.0101 -1.57569
-34.8327 -38.2487 -1.56783
-34.7024 -38.2138 -1.56927
-34.7748 -38.2425 -1.56862
-34.6434 -38.2054 -1.57011
-35.0688 -39.0336 -1.56653
-34.9412 -38.9984 -1.57
-35.0124 -39.0277 -1.56816
-34.8837 -38.9902 -1.57169
-34.8196 -39.2297 -1.56111
-34.6909 -39.194 -1.56456
-34.7627 -39.2235 -1.56273
-34.6329 -39.1856 -1.56623
-35.0524 -40.0557 -1.55881
-34.929 -40.0199 -1.56369
-34.998 -40.0498 -1.56098
-34.8735 -40.0118 -1.56593
-34.7978 -40.2518 -1.55347
-34.6732 -40.2156 -1.55832
-34.7427 -40.2457 -1.55562
-34.6171 -40.2073 -1.56055
-35.0402 -41.0463 -1.56874
-34.9236 -41.0097 -1.57516
-34.9886 -41.0407 -1.57145
-34.8711 -41.0018 -1.57795
-34.7804 -41.2426 -1.56347
-34.6626 -41.2056 -1.56987
-34.7281 -41.2367 -1.56618
-34.6094 -41.1975 -1.57266
-35.0388 -42.0427 -1.57486
-34.9296 -42.0043 -1.58405
-34.9903 -42.0372 -1.57849
-34.8803 -41.9965 -1.5878
-34.7737 -42.2393 -1.56971
-34.6633 -42.2006 -1.57889
-34.7245 -42.2337 -1.57335
-34.6133 -42.1926 -1.58264
-35.0304 -43.0451 -1.57404
-34.9309 -43.0069 -1.58308
-34.9858 -43.0398 -1.57766
-34.8855 -42.9992 -1.58681
-34.7602 -43.2416 -1.56889
-34.6595 -43.2032 -1.57792
-34.7149 -43.2361 -1.57251
-34.6134 -43.1953 -1.58165
-35.0165 -44.0525 -1.57532
-34.9262 -44.014 -1.58482
-34.9755 -44.0473 -1.57911
-34.8846 -44.0064 -1.58872
-34.7411 -44.2491 -1.57023
-34.6496 -44.2103 -1.57971
-34.6995 -44.2438 -1.57402
-34.6073 -44.2026 -1.58363
-35.0416 -45.0434 -1.56868
-34.9609 -45.0043 -1.57862
-35.0045 -45.0383 -1.57266
-34.9233 -44.9968 -1.58273
-34.7608 -45.2399 -1.56341
-34.6789 -45.2007 -1.57334
-34.723 -45.2347 -1.56739
-34.6406 -45.193 -1.57746
-35.0284 -46.0443 -1.5734
-34.9582 -46.0054 -1.58392
-34.996 -46.0399 -1.57785
-34.9254 -45.9985 -1.5885
-34.7408 -46.2399 -1.56726
-34.6694 -46.2008 -1.57776
-34.7078 -46.2354 -1.57171
-34.636 -46.1938 -1.58235
-35.042 -47.0588 -1.56824
-34.983 -47.0198 -1.5792
-35.0148 -47.055 -1.57297
-34.9556 -47.0133 -1.58406
-34.7467 -47.2536 -1.5616
-34.6865 -47.2145 -1.57254
-34.7189 -47.2497 -1.56633
-34.6584 -47.208 -1.5774
-35.0554 -48.0686 -1.5748
-35.0079 -48.0294 -1.58588
-35.0335 -48.0651 -1.57959
-34.9859 -48.0232 -1.59081
-34.7524 -48.2631 -1.56795
-34.7038 -48.2239 -1.579
-34.7299 -48.2595 -1.57273
-34.6811 -48.2176 -1.58393
-35.0658 -49.0759 -1.57073
-35.0298 -49.0365 -1.58197
-35.049 -49.0725 -1.57554
-35.013 -49.0303 -1.58692
-34.7555 -49.2703 -1.56384
-34.7182 -49.2309 -1.57505
-34.738 -49.2669 -1.56864
-34.7008 -49.2248 -1.57999
-35.0579 -50.0654 -1.58179
-35.0333 -50.0258 -1.59341
-35.0461 -50.0621 -1.58668
-35.0217 -50.0197 -1.59844
-34.7407 -50.2593 -1.57508
-34.7149 -50.2199 -1.58667
-34.7283 -50.2561 -1.57996
-34.7026 -50.2139 -1.5917
-36.0763 -50.0631 3.12874
-36.052 -50.0113 3.11657
-36.0648 -50.055 3.1237
-36.0406 -50.0002 3.11137
-35.7596 -50.2635 3.13517
-35.7341 -50.2119 3.12302
-35.7474 -50.2555 3.13012
-35.722 -50.2009 3.11782
-37.08 -50.0416 -3.13868
-37.0556 -49.9774 3.13167
-37.0687 -50.0288 3.13923
-37.0443 -49.9614 3.12623
-36.7639 -50.2481 -3.13261
-36.7383 -50.184 3.13776
-36.7519 -50.2353 -3.13788
-36.7265 -50.1681 3.13234
-38.0788 -50.028 3.13707
-38.0542 -49.9507 3.12409
-38.0675 -50.0099 3.13174
-38.0429 -49.9293 3.1186
-37.7629 -50.2403 -3.1401
-37.7372 -50.1633 3.13013
-37.751 -50.2223 3.13776
-37.7253 -50.1419 3.12464
-39.0716 -50.0328 3.13804
-39.0472 -49.9423 3.12437
-39.0607 -50.0097 3.13228
-39.0362 -49.9157 3.11843
-38.7561 -50.2506 -3.1393
-38.7307 -50.1604 3.13024
-38.7447 -50.2276 3.13813
-38.7192 -50.1339 3.12431
-40.063 -50.0004 3.13747
-40.0384 -49.8965 3.12391
-40.052 -49.9717 3.13161
-40.0273 -49.8641 3.11788
-39.7479 -50.2239 -3.13981
-39.7224 -50.1203 3.12984
-39.7364 -50.1953 3.13751
-39.7107 -50.088 3.12381
-40.0682 -49.0127 1.58013
-40.0306 -48.9091 1.56684
-40.0514 -48.984 1.57429
-40.0134 -48.8768 1.56084
-39.7591 -49.2363 1.58611
-39.7205 -49.1329 1.57285
-39.7417 -49.2077 1.58028
-39.7028 -49.1007 1.56685
-40.0656 -48.0226 1.56235
-40.0152 -47.9194 1.54926
-40.0429 -47.994 1.55657
-39.992 -47.8872 1.54331
-39.7625 -48.2463 1.5684
-39.7112 -48.1431 1.55533
-39.7392 -48.2176 1.56261
-39.6874 -48.111 1.54938
-40.064 -47.0381 1.55828
-40.0014 -46.9353 1.54521
-40.0354 -47.0098 1.5524
-39.9721 -46.9035 1.53917
-39.7672 -47.2616 1.56431
-39.7037 -47.1588 1.55127
-39.7381 -47.2332 1.55843
-39.6739 -47.1269 1.54523
-40.0278 -46.0104 1.56496
-39.9561 -45.9099 1.55189
-39.993 -45.9826 1.55951
-39.9206 -45.8787 1.54628
-39.7386 -46.2334 1.57067
-39.666 -46.1328 1.55762
-39.7033 -46.2055 1.56523
-39.63 -46.1016 1.55201
-40.0311 -45.0234 1.5746
-39.9476 -44.9247 1.56179
-39.9916 -44.9958 1.56954
-39.9073 -44.8938 1.55657
-39.7484 -45.2465 1.58011
-39.664 -45.1476 1.56732
-39.7084 -45.2188 1.57505
-39.6232 -45.1167 1.5621
-39.0285 -45.0363 -0.000167879
-38.9458 -44.9512 -0.0125577
-38.9896 -45.0138 -0.00497634
-38.9061 -44.9257 -0.0175242
-38.7462 -45.2539 0.00525667
-38.6626 -45.1687 -0.00711798
-38.7067 -45.2313 0.000448867
-38.6223 -45.143 -0.0120839
-38.0563 -45.0539 0.00268521
-37.9744 -44.9818 -0.00893133
-38.018 -45.0362 -0.00179876
-37.9354 -44.9612 -0.0135645
-37.7744 -45.2663 0.00803481
-37.6915 -45.1941 -0.00356972
-37.7355 -45.2485 0.00355036
-37.6519 -45.1733 -0.00820344
-37.039 -45.0519 -0.000721772
-36.9576 -44.9925 -0.0113323
-37.0013 -45.0388 -0.0048657
-36.9193 -44.9767 -0.0156127
-36.7578 -45.2589 0.0045712
-36.6753 -45.1994 -0.00603026
-36.7194 -45.2457 0.000425726
-36.6363 -45.1834 -0.0103124
-36.0475 -45.0383 0.00458283
-35.9662 -44.9891 -0.00579046
-36.0099 -45.0291 0.000529293
-35.9281 -44.9773 -0.00997784
-35.7665 -45.2401 0.0098411
-35.6841 -45.1907 -0.000524487
-35.7283 -45.2308 0.00578551
-35.6453 -45.1788 -0.00471404
-35.0481 -45.0422 -0.00463441
-34.967 -45.0036 -0.0140314
-35.0108 -45.0369 -0.00839119
-34.9291 -44.9958 -0.0179086
-34.7675 -45.2388 0.000534936
-34.6851 -45.2 -0.00885481
-34.7295 -45.2334 -0.0032239
-34.6467 -45.1921 -0.0127343
-34.0589 -45.0366 -0.00636326
-33.9779 -45.007 -0.0155861
-34.0216 -45.0349 -0.0100379
-33.9401 -45.003 -0.0193835
-33.7791 -45.2285 -0.00153367
-33.6968 -45.1988 -0.0107555
-33.7412 -45.2267 -0.00521283
-33.6583 -45.1947 -0.0145576
-33.0674 -45.0455 -0.00518408
-32.9874 -45.0247 -0.0140324
-33.0306 -45.0473 -0.0086926
-32.9501 -45.0243 -0.0176696
-32.7897 -45.2342 -0.00114486
-32.7084 -45.2132 -0.0100072
-32.7522 -45.236 -0.00466366
-32.6704 -45.2128 -0.013655
-32.0655 -45.0549 -0.018312
-31.987 -45.0423 -0.026238
-32.0293 -45.06 -0.0213884
-31.9504 -45.0453 -0.0294474
-31.79 -45.2411 -0.0149912
-31.7101 -45.2284 -0.0229535
-31.7531 -45.2461 -0.0180864
-31.6728 -45.2313 -0.026182
-31.0578 -45.0945 -0.0117376
-30.9814 -45.0895 -0.0184381
-31.0226 -45.1025 -0.0142523
-30.9459 -45.0955 -0.0210872
-30.7854 -45.279 -0.00887173
-30.7076 -45.2739 -0.0156267
-30.7494 -45.2869 -0.0114115
-30.6713 -45.2798 -0.0183014
-30.0557 -45.1345 -0.00632862
-29.9815 -45.1356 -0.0119011
-30.0215 -45.1447 -0.00832951
-29.9469 -45.144 -0.0140346
-29.7863 -45.3178 -0.00346225
-29.7106 -45.3189 -0.00909923
-29.7513 -45.328 -0.00549084
-29.6752 -45.3273 -0.0112612
-29.0706 -45.1105 -0.0114098
-28.998 -45.1166 -0.0159804
-29.0371 -45.1224 -0.012957
-28.9643 -45.1269 -0.0176573
-28.8045 -45.2926 -0.00815023
-28.7303 -45.2989 -0.0127859
-28.7702 -45.3046 -0.00972434
-28.6958 -45.3092 -0.0144903
-28.1007 -45.108 -0.00164525
-28.0299 -45.1181 -0.0053261
-28.068 -45.1213 -0.00279278
-27.997 -45.1298 -0.00659868
-27.8377 -45.2887 0.00241349
-27.7654 -45.299 -0.00132543
-27.8043 -45.302 0.00124297
-27.7316 -45.3107 -0.00262158
-27.118 -45.1287 0.0146675
-27.0492 -45.142 0.0117745
-27.0862 -45.1429 0.0138705
-27.0171 -45.1547 0.0108583
-26.8582 -45.3071 0.0199559
-26.7876 -45.3206 0.017018
-26.8255 -45.3214 0.0191422
-26.7547 -45.3334 0.0160847
-26.1219 -45.104 -0.00316284
-26.0542 -45.1197 -0.00555508
-26.0906 -45.1187 -0.00373883
-26.0227 -45.133 -0.00624602
-25.8643 -45.2778 0.00313858
-25.7949 -45.2937 0.000712925
-25.8322 -45.2926 0.00255111
-25.7626 -45.3072 1.03483e-05
-25.1294 -45.1084 -0.0134639
-25.0636 -45.126 -0.0151257
-25.099 -45.1235 -0.0137224
-25.033 -45.1398 -0.0154916
-24.8752 -45.2771 -0.00504633
-24.8076 -45.295 -0.00671842
-24.8439 -45.2923 -0.00530623
-24.7761 -45.309 -0.00708537
-24.1461 -45.1119 -0.0124537
-24.0813 -45.1308 -0.01378
-24.1161 -45.1271 -0.0125689
-24.0512 -45.1448 -0.0139983
-23.8936 -45.2726 -0.00280229
-23.827 -45.2919 -0.00412607
-23.8628 -45.288 -0.00291336
-23.796 -45.3061 -0.00433971
-23.1408 -45.1341 -0.000786152
-23.0771 -45.154 -0.00184857
-23.1113 -45.1493 -0.000790683
-23.0474 -45.1682 -0.00195219
-22.8899 -45.2855 0.0101922
-22.8243 -45.3058 0.00914496
-22.8595 -45.3008 0.0101971
-22.7937 -45.3201 0.00905146
-22.1118 -45.1393 -0.00379987
-22.049 -45.1601 -0.00456934
-22.0827 -45.1544 -0.00368556
-22.0198 -45.1742 -0.00454909
-21.8626 -45.2797 0.00926844
-21.798 -45.3008 0.00853068
-21.8326 -45.2948 0.00939883
-21.7679 -45.3151 0.0085681
-21.1232 -45.1297 0.00566938
-21.0615 -45.151 0.00512871
-21.0947 -45.1446 0.00587283
-21.0328 -45.165 0.00524274
-20.8761 -45.2574 0.0208709
-20.8125 -45.279 0.0203776
-20.8466 -45.2723 0.0210966
-20.7828 -45.2931 0.0205154
-20.1383 -45.0904 0.00756852
-20.0784 -45.1119 0.0073323
-20.1106 -45.1049 0.00787965
-20.0506 -45.1256 0.00756217
-19.8949 -45.2041 0.0271187
-19.8331 -45.2259 0.0269567
-19.8663 -45.2187 0.0274621
-19.8043 -45.2397 0.0272209
-19.1238 -45.0756 0.00142135
-19.0657 -45.0969 0.00139285
-19.0969 -45.0896 0.00179417
-19.0387 -45.1103 0.001692
-18.8839 -45.1706 0.0255647
-18.8238 -45.1921 0.025633
-18.856 -45.1846 0.0259778
-18.7959 -45.2055 0.025975
-18.1251 -45.0542 0.00332681
-18.0689 -45.0752 0.00340775
-18.0991 -45.0676 0.00371467
-18.0427 -45.088 0.00372888
-17.8891 -45.1261 0.0322981
-17.8308 -45.1473 0.032492
-17.8621 -45.1396 0.0327311
-17.8037 -45.1601 0.0328615
-17.1234 -45.0708 0.00969525
-17.069 -45.0914 0.00980445
-17.0982 -45.0837 0.0100593
-17.0437 -45.1037 0.0101082
-16.8903 -45.1148 0.0437579
-16.8338 -45.1354 0.0439875
-16.8641 -45.1277 0.0441678
-16.8076 -45.1477 0.0443406
-16.1252 -45.0682 0.00701491
-16.0726 -45.0883 0.00706271
-16.1008 -45.0805 0.0073124
-16.0481 -45.1001 0.00730567
-15.8957 -45.0793 0.0464161
-15.841 -45.0993 0.0465805
-15.8703 -45.0915 0.0467549
-15.8155 -45.111 0.0468687
-15.1257 -45.0541 0.0102133
-15.0735 -45.0739 0.010528
-15.1015 -45.066 0.0106156
-15.0493 -45.0853 0.0108811
-14.9008 -45.0254 0.0524704
-14.8466 -45.045 0.052901
-14.8757 -45.0372 0.0529119
-14.8213 -45.0563 0.0532973
-14.1151 -45.0374 0.0128477
-14.0633 -45.0569 0.0131035
-14.091 -45.0489 0.0132247
-14.0392 -45.0681 0.0134306
-13.8929 -44.963 0.057247
-13.8391 -44.9822 0.0576305
-13.8679 -44.9744 0.0576686
-13.814 -44.9932 0.0580063
-13.1073 -45.0061 0.0157502
-13.0559 -45.0251 0.0161686
-13.0834 -45.0171 0.0161918
-13.0319 -45.0357 0.0165638
-12.8894 -44.8816 0.0652391
-12.8358 -44.9001 0.0658203
-12.8645 -44.8924 0.0657398
-12.8109 -44.9106 0.0662792
-12.1223 -45.0022 0.0175021
-12.0716 -45.0205 0.0182598
-12.0988 -45.0126 0.0180632
-12.048 -45.0306 0.0187841
-11.9129 -44.8252 0.0796901
-11.86 -44.8429 0.0806841
-11.8884 -44.8354 0.0803413
-11.8354 -44.8527 0.0813039
-11.1054 -44.9651 0.00800796
-11.0551 -44.9824 0.00892652
-11.082 -44.9749 0.00862284
-11.0316 -44.9919 0.00950958
-10.9044 -44.7199 0.0766026
-10.8519 -44.7363 0.0777944
-10.8801 -44.7293 0.077323
-10.8275 -44.7455 0.078489
-10.1086 -44.9536 0.00343917
-10.0587 -44.9698 0.00446111
-10.0854 -44.9627 0.0040812
-10.0354 -44.9786 0.00507584
-9.91493 -44.6351 0.077107
-9.86282 -44.6501 0.0784296
-9.89073 -44.6436 0.0778661
-9.83856 -44.6584 0.0791677
-10.1327 -43.9696 1.5798
-10.0839 -43.9857 1.58085
-10.1101 -43.9786 1.58045
-10.0612 -43.9945 1.58148
-10.0129 -43.652 1.65458
-9.96226 -43.667 1.65594
-9.98953 -43.6606 1.65535
-9.93879 -43.6754 1.6567
-10.1474 -42.9764 1.5788
-10.1 -42.9923 1.57993
-10.1256 -42.9853 1.57946
-10.0781 -43.001 1.58057
-10.0999 -42.6659 1.65171
-10.0509 -42.6809 1.65317
-10.0773 -42.6745 1.6525
-10.0283 -42.6892 1.65394
-10.1292 -41.9865 1.56125
-10.0832 -42.0018 1.56266
-10.1081 -41.9951 1.56199
-10.0621 -42.0102 1.56338
-10.1439 -41.6909 1.61554
-10.0966 -41.7055 1.61722
-10.1222 -41.6992 1.61639
-10.0748 -41.7136 1.61806
-10.136 -40.9714 1.56526
-10.0917 -40.9863 1.56686
-10.1158 -40.9797 1.56605
-10.0714 -40.9943 1.56765
-10.1958 -40.6914 1.60315
-10.1505 -40.7056 1.605
-10.1751 -40.6995 1.60404
-10.1297 -40.7134 1.60588
-10.1272 -39.9884 1.58867
-10.0848 -40.0027 1.59039
-10.1079 -39.9964 1.58948
-10.0654 -40.0104 1.59121
-10.2145 -39.7224 1.61242
-10.1712 -39.7361 1.61436
-10.1947 -39.7302 1.61332
-10.1514 -39.7437 1.61527
-10.1147 -38.9905 1.59101
-10.0743 -39.0042 1.59279
-10.0963 -38.9982 1.59182
-10.0558 -39.0117 1.59361
-10.2159 -38.7383 1.60298
-10.1749 -38.7515 1.60494
-10.1971 -38.7458 1.60387
-10.1561 -38.7588 1.60584
-10.1468 -38.0102 1.57984
-10.1084 -38.0234 1.58161
-10.1293 -38.0176 1.58064
-10.0909 -38.0306 1.58242
-10.25 -37.7721 1.58222
-10.2112 -37.7849 1.58414
-10.2322 -37.7793 1.58308
-10.1933 -37.792 1.58501
-10.1757 -37.003 1.57784
-10.1394 -37.0157 1.57953
-10.1591 -37.01 1.5786
-10.1227 -37.0226 1.5803
-10.2716 -36.7787 1.57293
-10.235 -36.7911 1.57474
-10.2548 -36.7856 1.57373
-10.2181 -36.7978 1.57555
-10.1782 -36.0082 1.57397
-10.1438 -36.0204 1.57552
-10.1624 -36.015 1.57466
-10.128 -36.027 1.57622
-10.2595 -35.7977 1.56413
-10.2249 -35.8096 1.56576
-10.2436 -35.8044 1.56486
-10.209 -35.8161 1.56649
-10.1806 -34.9918 1.57409
-10.148 -35.0037 1.57554
-10.1656 -34.9984 1.57474
-10.1329 -35.0102 1.5762
-10.2477 -34.7882 1.56321
-10.2149 -34.7998 1.56473
-10.2326 -34.7947 1.56389
-10.1997 -34.8061 1.56541
-10.1874 -33.997 1.56712
-10.1563 -34.0088 1.56849
-10.173 -34.0035 1.56774
-10.1419 -34.0152 1.56911
-10.2408 -33.797 1.55621
-10.2096 -33.8084 1.55763
-10.2264 -33.8034 1.55685
-10.1952 -33.8147 1.55827
-10.1779 -33.0157 1.57318
-10.1482 -33.0274 1.57452
-10.1642 -33.0222 1.57378
-10.1344 -33.0337 1.57513
-10.2202 -32.8177 1.56261
-10.1904 -32.829 1.564
-10.2064 -32.824 1.56324
-10.1766 -32.8352 1.56464
-10.1842 -31.9967 1.57638
-10.1558 -32.0082 1.57778
-10.171 -32.0031 1.57701
-10.1427 -32.0145 1.57841
-10.2174 -31.8018 1.56613
-10.189 -31.813 1.56757
-10.2042 -31.8081 1.56678
-10.1758 -31.8191 1.56823
-10.1753 -30.9815 1.57045
-10.1484 -30.9928 1.57185
-10.1629 -30.9877 1.57108
-10.1359 -30.9988 1.57249
-10.1986 -30.7921 1.56103
-10.1717 -30.803 1.56247
-10.1861 -30.7982 1.56168
-10.1592 -30.8089 1.56313
-10.1967 -29.9895 1.57324
-10.1712 -30.0007 1.57465
-10.1849 -29.9957 1.57388
-10.1594 -30.0067 1.57529
-10.2109 -29.8019 1.56416
-10.1854 -29.8127 1.56561
-10.199 -29.8079 1.56482
-10.1736 -29.8185 1.56627
-10.208 -28.9919 1.56354
-10.1839 -29.003 1.56495
-10.1968 -28.998 1.56418
-10.1727 -29.009 1.56559
-10.2134 -28.8061 1.55474
-10.1893 -28.8168 1.55618
-10.2022 -28.8121 1.55539
-10.1782 -28.8227 1.55684
-10.2208 -27.978 1.56968
-10.1981 -27.9889 1.57108
-10.2103 -27.984 1.57031
-10.1876 -27.9948 1.57172
-10.2177 -27.7965 1.56141
-10.1952 -27.807 1.56285
-10.2072 -27.8024 1.56207
-10.1847 -27.8128 1.56351
-10.1939 -26.9636 1.55327
-10.1727 -26.9742 1.55467
-10.184 -26.9694 1.5539
-10.1628 -26.9799 1.5553
-10.1829 -26.7867 1.54546
-10.1618 -26.7969 1.5469
-10.173 -26.7924 1.54612
-10.152 -26.8025 1.54755
-10.1483 -25.985 1.5618
-10.1284 -25.9953 1.56318
-10.139 -25.9907 1.56243
-10.1191 -26.0008 1.56381
-10.1303 -25.814 1.5546
-10.1106 -25.8238 1.55601
-10.1211 -25.8195 1.55525
-10.1014 -25.8292 1.55666
-10.1258 -24.9528 1.54996
-10.1074 -24.9628 1.55133
-10.1172 -24.9583 1.55059
-10.0988 -24.9681 1.55195
-10.1011 -24.7874 1.54325
-10.0828 -24.797 1.54464
-10.0925 -24.7928 1.54389
-10.0743 -24.8022 1.54528
-10.1243 -23.9701 1.57074
-10.1072 -23.9798 1.57207
-10.1162 -23.9754 1.57135
-10.0991 -23.9849 1.57269
-10.0936 -23.8099 1.56452
-10.0767 -23.8191 1.56589
-10.0856 -23.815 1.56515
-10.0688 -23.8242 1.56652
-10.1301 -22.9881 1.56167
-10.1143 -22.9975 1.56298
-10.1227 -22.9933 1.56228
-10.1069 -23.0026 1.56359
-10.0939 -22.833 1.55581
-10.0784 -22.8421 1.55715
-10.0866 -22.8381 1.55643
-10.0711 -22.847 1.55777
-10.0806 -21.9719 1.5531
-10.0661 -21.9809 1.55439
-10.0738 -21.9768 1.5537
-10.0593 -21.9858 1.55499
-10.0391 -21.8223 1.5475
-10.0249 -21.8309 1.54881
-10.0324 -21.8271 1.54811
-10.0182 -21.8357 1.54942
-10.1075 -20.9618 1.55766
-10.0943 -20.9706 1.5589
-10.1012 -20.9666 1.55824
-10.0881 -20.9752 1.55948
-10.0611 -20.8185 1.55233
-10.0481 -20.8268 1.55359
-10.055 -20.8231 1.55292
-10.0421 -20.8314 1.55418
-10.0822 -19.9915 1.56267
-10.0702 -19.9999 1.56384
-10.0766 -19.9961 1.56323
-10.0646 -20.0044 1.5644
-10.0314 -19.8547 1.55748
-10.0197 -19.8627 1.55867
-10.0259 -19.8592 1.55805
-10.0142 -19.8671 1.55924
-10.0654 -19.0025 1.56676
-10.0545 -19.0106 1.56796
-10.0603 -19.007 1.56733
-10.0495 -19.015 1.56852
-10.0105 -18.8695 1.56252
-9.99998 -18.8773 1.56373
-10.0056 -18.8739 1.5631
-9.99506 -18.8815 1.5643
-10.052 -17.9837 1.55619
-10.0424 -17.9916 1.55741
-10.0475 -17.9881 1.55678
-10.038 -17.9958 1.55798
-9.99411 -17.8543 1.55273
-9.98483 -17.8618 1.55395
-9.98978 -17.8585 1.55332
-9.98052 -17.8659 1.55454
-10.0326 -16.9809 1.55365
-10.0243 -16.9885 1.55487
-10.0287 -16.9851 1.55424
-10.0204 -16.9926 1.55545
-9.9725 -16.8551 1.55065
-9.96449 -16.8623 1.55189
-9.96878 -16.8592 1.55125
-9.96079 -16.8663 1.55248
-10.007 -15.9509 1.56545
-10 -15.9577 1.56666
-10.0038 -15.9546 1.56604
-9.9968 -15.9614 1.56724
-9.945 -15.8355 1.5644
-9.93833 -15.842 1.56561
-9.94193 -15.8392 1.56499
-9.93527 -15.8456 1.5662
-9.99774 -14.9435 1.57886
-9.99205 -14.9496 1.58003
-9.99514 -14.9469 1.57942
-9.98945 -14.9529 1.58059
-9.93581 -14.8386 1.5795
-9.93044 -14.8444 1.58068
-9.93337 -14.8419 1.58008
-9.928 -14.8476 1.58124
-10.0241 -13.9528 1.58293
-10.0196 -13.9582 1.58405
-10.0221 -13.9558 1.58348
-10.0176 -13.9611 1.58459
-9.9639 -13.8583 1.58496
-9.95977 -13.8634 1.58608
-9.96206 -13.8612 1.58551
-9.95792 -13.8662 1.58662
-10.025 -12.9297 1.55721
-10.0218 -12.9344 1.55825
-10.0236 -12.9323 1.55771
-10.0204 -12.937 1.55875
-9.96806 -12.8456 1.56034
-9.96512 -12.8501 1.56138
-9.9668 -12.8481 1.56085
-9.96386 -12.8525 1.56187
-10.0143 -11.9251 1.55171
-10.0122 -11.9291 1.55266
-10.0135 -11.9273 1.55217
-10.0114 -11.9313 1.55312
-9.96159 -11.8513 1.55572
-9.95976 -11.8551 1.55665
-9.96087 -11.8535 1.55617
-9.95903 -11.8572 1.55709
-9.99646 -10.8991 1.54425
-9.99544 -10.9024 1.54508
-9.99613 -10.901 1.54465
-9.99509 -10.9042 1.54547
-9.94892 -10.8357 1.5489
-9.94811 -10.8388 1.5497
-9.9487 -10.8375 1.54928
-9.94787 -10.8405 1.55008
-9.9551 -9.89275 1.55267
-9.955 -9.89529 1.55335
-9.95521 -9.8942 1.553
-9.95509 -9.89669 1.55367
-9.9133 -9.83955 1.55779
-9.91336 -9.84194 1.55844
-9.9135 -9.84094 1.5581
-9.91353 -9.84329 1.55875
-9.96081 -8.9262 1.54594
-9.96145 -8.92803 1.54645
-9.96128 -8.92726 1.54618
-9.9619 -8.92906 1.54669
-9.92502 -8.88342 1.55127
-9.92578 -8.88514 1.55174
-9.92556 -8.88444 1.55149
-9.92628 -8.88612 1.55197
-9.96691 -7.94599 1.55774
-9.96814 -7.94712 1.55806
-9.96766 -7.94667 1.55789
-9.96886 -7.94778 1.55821
-9.93738 -7.91366 1.56299
-9.93867 -7.9147 1.56328
-9.93816 -7.91431 1.56312
-9.93942 -7.91533 1.56341
-9.99093 -6.97166 1.56495
-9.99255 -6.9721 1.56506
-9.99186 -6.97197 1.56499
-9.99346 -6.97239 1.56511
-9.96752 -6.94987 1.56978
-9.96917 -6.95024 1.56988
-9.96847 -6.95015 1.56982
-9.97009 -6.9505 1.56991
-10.0261 -6.00604 1.56502
-10.0279 -6.00578 1.56492
-10.0271 -6.00597 1.56496
-10.0289 -6.00569 1.56485
-10.0084 -5.99483 1.56909
-10.0102 -5.99453 1.56898
-10.0094 -5.99474 1.56902
-10.0112 -5.99442 1.56891
-10.054 -4.99511 1.56848
-10.0556 -4.99462 1.56836
-10.0549 -4.99491 1.56841
-10.0564 -4.99441 1.56829
-10.0413 -4.98762 1.57143
-10.0429 -4.98711 1.5713
-10.0422 -4.98741 1.57135
-10.0437 -4.98688 1.57123
-10.0501 -3.9887 1.55662
-10.0516 -3.98802 1.55647
-10.0509 -3.98839 1.55654
-10.0524 -3.98771 1.55639
-10.0405 -3.9836 1.55995
-10.042 -3.98289 1.5598
-10.0413 -3.98327 1.55986
-10.0428 -3.98256 1.55971
-10.0376 -2.98104 1.56851
-10.039 -2.98017 1.56832
-10.0384 -2.98062 1.5684
-10.0398 -2.97975 1.56821
-10.0315 -2.97829 1.57218
-10.0329 -2.9774 1.57199
-10.0323 -2.97786 1.57207
-10.0336 -2.97697 1.57188
-10.0327 -1.9954 1.57074
-10.0339 -1.99434 1.57051
-10.0333 -1.99488 1.57061
-10.0346 -1.99382 1.57037
-10.0303 -1.99504 1.57473
-10.0316 -1.99396 1.5745
-10.031 -1.9945 1.57459
-10.0322 -1.99343 1.57436
-10.0237 -1.00633 1.57303
-10.0248 -1.00484 1.57275
-10.0243 -1.00556 1.57287
-10.0253 -1.00409 1.57259
-10.0255 -1.01101 1.57722
-10.0265 -1.00952 1.57695
-10.026 -1.01023 1.57706
-10.027 -1.00876 1.57679
-10.001 -0.000866694 1.57084
-10.0018 0.000837598 1.57058
-10.0014 3.14732e-05 1.57069
-10.0021 0.00172318 1.57044
-10.0068 -0.00836199 1.57447
-10.0076 -0.00665931 1.57422
-10.0072 -0.00745823 1.57433
-10.008 -0.00576907 1.57408
-10.0268 0.995868 1.57664
-10.0275 0.997736 1.57646
-10.0271 0.996862 1.57653
-10.0278 0.998714 1.57635
-10.0366 0.987103 1.58025
-10.0373 0.988966 1.58007
-10.0369 0.988102 1.58014
-10.0375 0.989949 1.57996
-10.0353 1.9874 1.57681
-10.0359 1.98948 1.57669
-10.0355 1.98852 1.57674
-10.0361 1.99058 1.57663
-10.0492 1.97669 1.5804
-10.0498 1.97876 1.5803
-10.0495 1.97781 1.58033
-10.0501 1.97987 1.58023
-10.0503 2.98918 1.572
-10.051 2.99155 1.572
-10.0506 2.9905 1.57198
-10.0513 2.99284 1.57199
-10.0691 2.9739 1.57599
-10.0698 2.97625 1.576
-10.0694 2.97522 1.57598
-10.0701 2.97754 1.57599
-10.0674 4.02629 1.55211
-10.0683 4.02895 1.55217
-10.0678 4.02781 1.55211
-10.0687 4.03042 1.55218
-10.0915 4.00644 1.55616
-10.0925 4.00907 1.55622
-10.0919 4.00795 1.55617
-10.0928 4.01053 1.55624
-10.0553 5.04044 1.5669
-10.0565 5.04339 1.56697
-10.0558 5.04215 1.56691
-10.0569 5.04504 1.56699
-10.0847 5.01614 1.57071
-10.086 5.01903 1.57078
-10.0852 5.01783 1.57072
-10.0864 5.02068 1.5708
-10.0566 6.02774 1.55855
-10.0579 6.03082 1.55861
-10.0571 6.02954 1.55855
-10.0584 6.03256 1.55862
-10.0901 6.00147 1.56225
-10.0915 6.0045 1.56231
-10.0907 6.00326 1.56226
-10.0921 6.00622 1.56233
-10.0382 7.0203 1.56463
-10.0397 7.02344 1.56467
-10.0388 7.02213 1.56463
-10.0402 7.02521 1.56467
-10.0756 6.99328 1.56815
-10.0771 6.99636 1.5682
-10.0762 6.9951 1.56815
-10.0777 6.99812 1.5682
-10.042 8.01026 1.57206
-10.0436 8.01349 1.57204
-10.0426 8.01215 1.57202
-10.0443 8.01533 1.57201
-10.0832 7.98236 1.57572
-10.0848 7.98554 1.57571
-10.0838 7.98424 1.57569
-10.0855 7.98736 1.57568
-10.0254 9.02869 1.57897
-10.0271 9.03195 1.57894
-10.026 9.03061 1.57893
-10.0277 9.0338 1.57891
-10.0705 9.00039 1.58258
-10.0722 9.00359 1.58256
-10.0711 9.00228 1.58254
-10.0729 9.00542 1.58253
-10.0407 10.0424 1.58195
-10.0423 10.0456 1.58195
-10.0413 10.0443 1.58193
-10.0429 10.0475 1.58194
-10.0896 10.0135 1.58551
-10.0913 10.0167 1.58553
-10.0902 10.0154 1.58549
-10.0919 10.0186 1.58551
-10.0776 11.0379 1.56977
-10.0792 11.0412 1.56977
-10.0781 11.0398 1.56975
-10.0798 11.0431 1.56975
-10.1303 11.0076 1.57306
-10.132 11.0108 1.57307
-10.1308 11.0095 1.57304
-10.1326 11.0127 1.57305
-10.0486 12.0155 1.5786
-10.0502 12.0188 1.57859
-10.0491 12.0175 1.57857
-10.0508 12.0208 1.57857
-10.1047 11.9846 1.5819
-10.1064 11.9878 1.5819
-10.1052 11.9865 1.58187
-10.107 11.9897 1.58188
-10.0378 13.0167 1.57202
-10.0394 13.0201 1.57198
-10.0383 13.0187 1.57198
-10.04 13.022 1.57194
-10.0975 12.9845 1.57524
-10.0992 12.9878 1.57521
-10.098 12.9865 1.5752
-10.0998 12.9898 1.57517
-10.05 14.0215 1.57235
-10.0516 14.0249 1.57232
-10.0504 14.0235 1.57232
-10.0521 14.0269 1.57229
-10.1129 13.989 1.57548
-10.1146 13.9923 1.57545
-10.1134 13.991 1.57544
-10.1152 13.9942 1.57542
-10.0123 15.0157 1.56538
-10.0139 15.0191 1.56535
-10.0127 15.0178 1.56535
-10.0144 15.0211 1.56532
-10.0784 14.9829 1.56841
-10.08 14.9862 1.56839
-10.0788 14.9849 1.56838
-10.0806 14.9882 1.56836
-10.0275 16.0281 1.58203
-10.029 16.0315 1.582
-10.0279 16.0301 1.58199
-10.0295 16.0335 1.58197
-10.0967 15.9949 1.5851
-10.0983 15.9983 1.58508
-10.0971 15.9969 1.58507
-10.0988 16.0002 1.58506
-10.053 17.0218 1.57284
-10.0545 17.0253 1.57282
-10.0534 17.0239 1.57281
-10.055 17.0273 1.5728
-10.1254 16.988 1.57592
-10.127 16.9914 1.57591
-10.1258 16.9901 1.5759
-10.1275 16.9934 1.57589
-10.0421 18.0002 1.57159
-10.0436 18.0037 1.5716
-10.0424 18.0023 1.57158
-10.0441 18.0057 1.57159
-10.1175 17.9655 1.57473
-10.1192 17.969 1.57475
-10.1179 17.9676 1.57472
-10.1197 17.971 1.57474
-10.0277 18.9788 1.57706
-10.0292 18.9823 1.57706
-10.028 18.9809 1.57705
-10.0297 18.9843 1.57706
-10.1062 18.9441 1.58014
-10.1079 18.9476 1.58015
-10.1066 18.9462 1.58013
-10.1083 18.9496 1.58014
-10.0253 20.0125 1.56703
-10.0269 20.016 1.56703
-10.0257 20.0146 1.56702
-10.0273 20.018 1.56702
-10.107 19.9777 1.57005
-10.1087 19.9811 1.57006
-10.1074 19.9798 1.57004
-10.1092 19.9831 1.57005
-9.00595 20.0218 -0.00106247
-9.0075 20.0252 -0.00107166
-9.00629 20.0238 -0.00108164
-9.00792 20.0272 -0.00108748
-9.0876 19.9899 0.00184241
-9.08928 19.9933 0.00183846
-9.08799 19.992 0.00182517
-9.08975 19.9953 0.00182467
-7.99936 19.986 0.00129118
-8.00092 19.9894 0.0012839
-7.99971 19.988 0.0012732
-8.00134 19.9913 0.00126915
-8.08102 19.9563 0.0041743
-8.0827 19.9596 0.0041721
-8.08141 19.9583 0.00415818
-8.08317 19.9615 0.00415933
-7.04551 19.9894 0.00321736
-7.04706 19.9927 0.00322505
-7.04586 19.9913 0.00320707
-7.04749 19.9946 0.00321801
-7.12727 19.9616 0.00626975
-7.12896 19.9649 0.00628276
-7.12768 19.9636 0.00626144
-7.12944 19.9668 0.00627783
-6.04157 19.9873 0.0028883
-6.04313 19.9907 0.00289745
-6.04193 19.9893 0.0028787
-6.04355 19.9925 0.00289113
-6.12328 19.9626 0.00596467
-6.12496 19.9658 0.00597918
-6.12368 19.9645 0.00595707
-6.12544 19.9677 0.00597498
-5.04459 20.0188 0.00380855
-5.04613 20.0221 0.00381275
-5.04494 20.0207 0.00379675
-5.04655 20.0239 0.00380412
-5.1262 19.9972 0.00679246
-5.12787 20.0004 0.00680185
-5.1266 19.9991 0.00678258
-5.12834 20.0023 0.00679525
-4.06426 20.0357 -0.00834815
-4.0658 20.039 -0.00835001
-4.06461 20.0376 -0.00836296
-4.06622 20.0409 -0.00836172
-4.14598 20.0168 -0.0054565
-4.14764 20.02 -0.00545338
-4.14638 20.0187 -0.0054695
-4.14812 20.0219 -0.00546317
-3.06083 20.0152 -0.00243299
-3.06233 20.0185 -0.00245455
-3.06116 20.0171 -0.00245754
-3.06273 20.0203 -0.00247624
-3.14227 19.9984 0.000164633
-3.14389 20.0017 0.000147442
-3.14265 20.0003 0.000141583
-3.14434 20.0035 0.000127343
-2.08639 20.0137 -0.00461979
-2.08784 20.0168 -0.00464737
-2.0867 20.0155 -0.00464722
-2.08822 20.0186 -0.0046721
-2.16759 19.9987 -0.00213852
-2.16917 20.0018 -0.00216204
-2.16795 20.0005 -0.00216461
-2.16961 20.0035 -0.00218534
-1.10246 20.0193 -0.00501268
-1.10387 20.0224 -0.00503239
-1.10275 20.0211 -0.00503604
-1.10424 20.0241 -0.00505314
-1.18345 20.006 -0.00246853
-1.18499 20.0091 -0.00248418
-1.1838 20.0078 -0.00249055
-1.18541 20.0108 -0.00250349
-0.083983 20.029 0.00204342
-0.0853852 20.032 0.00202713
-0.0842718 20.0307 0.00202194
-0.0857504 20.0337 0.00200823
-0.165019 20.018 0.00462251
-0.166548 20.021 0.00461031
-0.165358 20.0197 0.0046024
-0.166967 20.0227 0.00459287
0.914935 20.0231 -0.00126455
0.913533 20.0262 -0.00127813
0.914645 20.0249 -0.0012846
0.913166 20.0278 -0.00129566
0.8337 20.0144 0.0013109
0.83217 20.0174 0.00130132
0.83336 20.0161 0.00129218
0.83175 20.0191 0.0012852
1.88762 20.0001 -0.0152334
1.88621 20.0031 -0.0152347
1.88733 20.0018 -0.0152477
1.88585 20.0047 -0.0152465
1.80602 19.9933 -0.0125268
1.80449 19.9963 -0.0125241
1.80568 19.995 -0.0125398
1.80406 19.9979 -0.0125344
2.91502 19.9686 -0.00989546
2.91362 19.9716 -0.00987846
2.91473 19.9703 -0.00990136
2.91325 19.9732 -0.00988166
2.83309 19.9641 -0.00691828
2.83155 19.9671 -0.00689675
2.83274 19.9658 -0.00692258
2.83112 19.9687 -0.00689825
3.93743 19.9609 -0.0156109
3.93603 19.9639 -0.0155696
3.93714 19.9626 -0.0156057
3.93565 19.9655 -0.0155613
3.85509 19.9589 -0.0122257
3.85355 19.9619 -0.0121791
3.85475 19.9606 -0.0122186
3.85313 19.9635 -0.0121689
4.94114 19.9452 -0.0137971
4.93973 19.9481 -0.0137515
4.94084 19.9468 -0.0137899
4.93936 19.9497 -0.0137412
4.8588 19.9465 -0.010373
4.85726 19.9495 -0.0103221
4.85845 19.9481 -0.0103638
4.85683 19.9511 -0.0103098
4.92981 18.9289 -1.56998
4.92846 18.9319 -1.56994
4.92953 18.9306 -1.56998
4.9281 18.9335 -1.56992
4.85099 18.9301 -1.56651
4.84951 18.933 -1.56646
4.85065 18.9317 -1.5665
4.8491 18.9346 -1.56644
4.95071 17.9551 -1.573
4.9494 17.958 -1.57295
4.95043 17.9567 -1.57299
4.94905 17.9596 -1.57294
4.87525 17.9563 -1.5695
4.87382 17.9592 -1.56944
4.87493 17.9579 -1.56949
4.87342 17.9608 -1.56943
4.93793 16.9531 -1.57673
4.93668 16.9561 -1.57669
4.93766 16.9548 -1.57673
4.93634 16.9577 -1.57668
4.86605 16.9542 -1.57329
4.86468 16.9571 -1.57324
4.86573 16.9558 -1.57328
4.86429 16.9587 -1.57322
4.94495 15.9569 -1.56806
4.94375 15.9598 -1.56801
4.94469 15.9585 -1.56805
4.94342 15.9614 -1.568
4.87654 15.9579 -1.5646
4.87522 15.9608 -1.56455
4.87624 15.9595 -1.56459
4.87485 15.9624 -1.56453
4.94196 14.9576 -1.57289
4.9408 14.9605 -1.57284
4.94171 14.9592 -1.57288
4.94049 14.9621 -1.57283
4.87711 14.9585 -1.56948
4.87584 14.9614 -1.56943
4.87681 14.9601 -1.56947
4.87548 14.963 -1.56941
4.92994 13.9619 -1.57043
4.92883 13.9648 -1.57039
4.9297 13.9635 -1.57043
4.92852 13.9664 -1.57038
4.86859 13.9627 -1.56703
4.86737 13.9656 -1.56698
4.8683 13.9643 -1.56702
4.86703 13.9671 -1.56697
4.89234 12.9575 -1.57565
4.89128 12.9603 -1.5756
4.89211 12.9591 -1.57565
4.89099 12.9619 -1.57559
4.83468 12.9579 -1.57221
4.83353 12.9607 -1.57216
4.83441 12.9594 -1.5722
4.8332 12.9622 -1.57215
4.89078 11.9684 -1.57304
4.88977 11.9713 -1.573
4.89055 11.97 -1.57304
4.88949 11.9728 -1.57299
4.83674 11.9687 -1.56969
4.83565 11.9715 -1.56964
4.83648 11.9702 -1.56969
4.83533 11.973 -1.56964
4.90614 10.9582 -1.58008
4.9052 10.9609 -1.58002
4.90593 10.9597 -1.58007
4.90494 10.9624 -1.58001
4.85574 10.9582 -1.57655
4.85473 10.9609 -1.57649
4.8555 10.9597 -1.57654
4.85443 10.9624 -1.57648
4.89008 9.96882 -1.58441
4.88921 9.97158 -1.58435
4.88988 9.97034 -1.5844
4.88897 9.97307 -1.58434
4.84332 9.96869 -1.58084
4.84237 9.97144 -1.58077
4.84309 9.97021 -1.58082
4.8421 9.97293 -1.58076
3.89497 9.97247 3.13848
3.89411 9.97517 3.13854
3.89478 9.97398 3.13849
3.89388 9.97663 3.13855
3.84831 9.96875 -3.14116
3.84737 9.97142 -3.14109
3.84809 9.97025 -3.14114
3.8471 9.97289 -3.14108
2.88834 9.96159 3.14057
2.88746 9.96426 3.14062
2.88814 9.9631 3.14058
2.88721 9.96573 3.14062
2.84155 9.95467 -3.13925
2.8406 9.95731 -3.1392
2.84132 9.95617 -3.13924
2.84032 9.95877 -3.13919
1.88135 9.96137 -3.12744
1.88042 9.96404 -3.12742
1.88113 9.9629 -3.12745
1.88015 9.96552 -3.12743
1.83414 9.95167 -3.12448
1.83313 9.95432 -3.12445
1.83388 9.95319 -3.12448
1.83283 9.95579 -3.12445
0.897332 9.96069 3.13977
0.896324 9.96338 3.13976
0.897072 9.96223 3.13975
0.89602 9.96488 3.13974
0.84978 9.94881 -3.14104
0.848697 9.95148 -3.14105
0.849489 9.95036 -3.14106
0.84836 9.95297 -3.14107
-0.0516381 9.94281 3.13267
-0.0527188 9.94557 3.13263
-0.0519328 9.9444 3.13264
-0.0530572 9.9471 3.1326
-0.0994932 9.92944 3.13463
-0.100648 9.93215 3.1346
-0.0998187 9.93101 3.1346
-0.101019 9.93368 3.13457
-1.07025 9.94654 3.13228
-1.0714 9.94937 3.13222
-1.07058 9.94817 3.13224
-1.07177 9.95096 3.13219
-1.11846 9.93191 3.13402
-1.11968 9.93471 3.13397
-1.11882 9.93354 3.13398
-1.12009 9.93628 3.13393
-2.08306 9.96002 3.13975
-2.08429 9.96295 3.13969
-2.08342 9.96171 3.13971
-2.08469 9.96459 3.13965
-2.13164 9.94437 3.14145
-2.13294 9.94727 3.1414
-2.13203 9.94606 3.14141
-2.13337 9.9489 3.14136
-3.08773 9.97012 3.12146
-3.08903 9.97315 3.1214
-3.08813 9.97186 3.12142
-3.08947 9.97485 3.12137
-3.13667 9.95351 3.12332
-3.13804 9.9565 3.12327
-3.1371 9.95525 3.12328
-3.13851 9.95819 3.12323
-4.07477 10.0039 -3.13878
-4.07614 10.007 -3.13882
-4.0752 10.0057 -3.13881
-4.07661 10.0087 -3.13885
-4.12412 9.98616 -3.13659
-4.12556 9.98925 -3.13662
-4.12458 9.98795 -3.13662
-4.12606 9.99099 -3.13665
-5.07519 10.0097 -3.13428
-5.07663 10.0129 -3.13429
-5.07565 10.0115 -3.1343
-5.07713 10.0147 -3.13431
-5.1249 9.99053 -3.13156
-5.12641 9.9937 -3.13157
-5.12539 9.99238 -3.13158
-5.12694 9.99549 -3.13159
-6.06379 10.0049 -3.1371
-6.06527 10.0082 -3.13711
-6.06428 10.0068 -3.13712
-6.06579 10.01 -3.13713
-6.11365 9.98331 -3.13438
-6.1152 9.98649 -3.13438
-6.11416 9.98518 -3.13439
-6.11575 9.9883 -3.13439
-7.06094 9.99322 -3.13825
-7.06246 9.99647 -3.13827
-7.06144 9.99511 -3.13828
-7.063 9.99831 -3.13828
-7.1106 9.96963 -3.13558
-7.11219 9.97283 -3.13559
-7.11113 9.97152 -3.1356
-7.11276 9.97466 -3.13561
-8.0632 9.97576 3.13843
-8.06476 9.97904 3.13842
-8.06372 9.97768 3.13841
-8.06532 9.9809 3.1384
-8.11265 9.95027 3.14124
-8.11428 9.95349 3.14124
-8.1132 9.95217 3.14122
-8.11487 9.95533 3.14122
-9.05746 10.0153 -3.14072
-9.05907 10.0186 -3.14073
-9.05801 10.0172 -3.14074
-9.05965 10.0205 -3.14075
-9.10687 9.98776 -3.13758
-9.10854 9.99101 -3.13758
-9.10744 9.98969 -3.1376
-9.10915 9.99286 -3.1376
-10.031 10.0174 -3.12584
-10.0326 10.0207 -3.12585
-10.0315 10.0194 -3.12586
-10.0332 10.0226 -3.12588
-10.0802 9.98713 -3.12262
-10.0819 9.99037 -3.12263
-10.0808 9.98907 -3.12265
-10.0825 9.99224 -3.12265
-11.0398 10.0322 -3.13955
-11.0414 10.0356 -3.13957
-11.0403 10.0342 -3.13959
-11.042 10.0375 -3.1396
-11.0889 9.99903 -3.13618
-11.0906 10.0023 -3.13619
-11.0895 10.001 -3.13621
-11.0912 10.0042 -3.13622
-12.0187 9.99227 -3.13381
-12.0204 9.99562 -3.13387
-12.0193 9.99428 -3.13387
-12.021 9.99756 -3.13393
-12.0672 9.95674 -3.13025
-12.0689 9.96002 -3.13031
-12.0678 9.95873 -3.13031
-12.0696 9.96193 -3.13036
-13.0305 9.97344 3.13206
-13.0323 9.97698 3.13191
-13.0312 9.97556 3.13195
-13.033 9.97903 3.1318
-13.0786 9.93488 3.1358
-13.0804 9.93834 3.13565
-13.0793 9.93699 3.13569
-13.0811 9.94037 3.13555
-14.0267 9.98123 3.14078
-14.0287 9.98505 3.14056
-14.0274 9.98352 3.14063
-14.0294 9.98726 3.14042
-14.0744 9.93952 -3.13835
-14.0764 9.94326 -3.13856
-14.0751 9.9418 -3.1385
-14.0772 9.94545 -3.1387
-15.0485 9.98753 -3.12812
-15.0506 9.99168 -3.12842
-15.0493 9.99003 -3.12832
-15.0514 9.99408 -3.12861
-15.096 9.94163 -3.12375
-15.0981 9.94567 -3.12404
-15.0968 9.9441 -3.12395
-15.099 9.94805 -3.12423
-16.0282 9.96544 -3.13553
-16.0304 9.96997 -3.13588
-16.0291 9.96819 -3.13576
-16.0313 9.97261 -3.1361
-16.0754 9.9152 -3.13086
-16.0776 9.91962 -3.1312
-16.0763 9.91792 -3.13109
-16.0785 9.92223 -3.13142
-17.0247 9.95561 -3.12376
-17.0271 9.96069 -3.12427
-17.0257 9.9587 -3.12409
-17.0281 9.96365 -3.12458
-17.0713 9.9002 -3.11857
-17.0738 9.90515 -3.11906
-17.0723 9.90326 -3.11889
-17.0749 9.90808 -3.11937
-18.0191 9.89867 -3.1333
-18.0219 9.90444 -3.13391
-18.0203 9.90219 -3.13369
-18.0231 9.90783 -3.13428
-18.065 9.83759 -3.12773
-18.0679 9.84322 -3.12832
-18.0662 9.84108 -3.12811
-18.069 9.84656 -3.12869
-19.0331 9.90907 3.12982
-19.0361 9.91565 3.12916
-19.0344 9.9131 3.12939
-19.0374 9.91952 3.12875
-19.0786 9.84182 3.13564
-19.0817 9.84824 3.135
-19.0799 9.84581 3.13522
-19.083 9.85207 3.1346
-20.0424 9.89689 3.1353
-20.0457 9.90433 3.13463
-20.0438 9.90145 3.13487
-20.0471 9.90871 3.13422
-20.0873 9.82324 3.14125
-20.0907 9.8305 3.1406
-20.0888 9.82776 3.14082
-20.0922 9.83483 3.14019
-21.0042 9.94086 3.13967
-21.0078 9.94913 3.13905
-21.0058 9.94595 3.13926
-21.0094 9.95402 3.13866
-21.049 9.86098 -3.13757
-21.0526 9.86905 -3.13817
-21.0505 9.86602 -3.13797
-21.0542 9.87388 -3.13856
-22.0136 9.94369 3.12328
-22.0175 9.95278 3.12274
-22.0153 9.9493 3.12292
-22.0192 9.95818 3.1224
-22.0579 9.85728 3.1291
-22.0618 9.86616 3.12857
-22.0597 9.86284 3.12874
-22.0636 9.87148 3.12824
-23.0273 9.96436 3.12547
-23.0314 9.97419 3.12506
-23.0291 9.97045 3.12518
-23.0332 9.98004 3.12479
-23.0712 9.87154 3.13103
-23.0754 9.88113 3.13063
-23.0731 9.87757 3.13074
-23.0773 9.88691 3.13037
-24.0422 9.95277 3.14159
-24.0465 9.96306 3.14118
-24.0441 9.95919 3.1413
-24.0484 9.96922 3.14091
-24.0859 9.85401 -3.13595
-24.0902 9.86405 -3.13634
-24.0878 9.86036 -3.13624
-24.0921 9.87012 -3.13661
-25.0459 9.9651 3.12529
-25.0503 9.97584 3.1249
-25.0479 9.97184 3.12501
-25.0522 9.9823 3.12463
-25.0894 9.86038 3.13095
-25.0938 9.87084 3.13057
-25.0914 9.86704 3.13067
-25.0958 9.87722 3.13031
-26.0416 9.9928 3.13369
-26.0462 10.004 3.13326
-26.0437 9.99988 3.13338
-26.0482 10.0108 3.13298
-26.0848 9.88177 3.13941
-26.0894 9.89266 3.13901
-26.0869 9.88877 3.13911
-26.0915 9.89934 3.13873
-27.0415 10.0134 3.12896
-27.0462 10.0251 3.12849
-27.0436 10.0208 3.12861
-27.0483 10.0322 3.12816
-27.0848 9.896 3.13506
-27.0895 9.90741 3.13461
-27.0869 9.90339 3.13472
-27.0916 9.91445 3.13429
-28.0187 9.99454 -3.1386
-28.0235 10.0068 -3.13909
-28.0209 10.0024 -3.13897
-28.0257 10.0144 -3.13944
-28.0618 9.87061 -3.13227
-28.0667 9.88258 -3.13274
-28.064 9.87842 -3.13263
-28.0689 9.89001 -3.13308
-29.0416 9.99065 -3.11018
-29.0466 10.0036 -3.11067
-29.0439 9.99903 -3.11055
-29.0489 10.0116 -3.11101
-29.0846 9.85964 -3.10378
-29.0897 9.8722 -3.10425
-29.0869 9.86792 -3.10414
-29.092 9.88007 -3.10458
-30.0749 9.97049 -3.11252
-30.0801 9.98404 -3.11297
-30.0773 9.97934 -3.11286
-30.0824 9.99245 -3.11329
-30.1178 9.83226 -3.1062
-30.123 9.84541 -3.10662
-30.1201 9.841 -3.10654
-30.1254 9.85371 -3.10694
-31.0534 9.90461 -3.109
-31.0588 9.91871 -3.10938
-31.0559 9.91389 -3.1093
-31.0612 9.92752 -3.10966
-31.0958 9.75959 -3.10291
-31.1013 9.77327 -3.10327
-31.0983 9.76875 -3.1032
-31.1037 9.78196 -3.10354
-32.0532 9.89524 -3.13936
-32.0588 9.90983 -3.13964
-32.0557 9.90491 -3.13959
-32.0612 9.91901 -3.13985
-32.0955 9.74353 -3.13366
-32.1011 9.75768 -3.13392
-32.098 9.75307 -3.13388
-32.1036 9.76672 -3.13412
-33.0476 9.92986 3.13622
-33.0533 9.94485 3.13607
-33.0502 9.93984 3.13608
-33.0559 9.95432 3.13594
-33.0901 9.77187 3.14139
-33.0958 9.7864 3.14125
-33.0927 9.78172 3.14126
-33.0984 9.79572 3.14113
-34.0387 9.92423 3.13331
-34.0444 9.93957 3.13319
-34.0413 9.9345 3.1332
-34.047 9.9493 3.13309
-34.0814 9.7608 3.13812
-34.0872 9.77566 3.13801
-34.084 9.77092 3.13803
-34.0898 9.78524 3.13792
-35.0257 9.92543 3.13383
-35.0314 9.94091 3.13373
-35.0282 9.93582 3.13374
-35.034 9.95075 3.13366
-35.0684 9.75708 3.13854
-35.0742 9.77206 3.13846
-35.071 9.76732 3.13846
-35.0768 9.78175 3.13839
-35.0307 10.9058 1.56667
-35.0364 10.9211 1.56658
-35.0332 10.9161 1.56659
-35.0389 10.9309 1.56651
-35.078 10.7372 1.57141
-35.0838 10.7521 1.57133
-35.0806 10.7474 1.57133
-35.0863 10.7618 1.57126
-35.0224 11.9185 1.57108
-35.0281 11.9338 1.57099
-35.0248 11.9287 1.57099
-35.0305 11.9435 1.57091
-35.0744 11.7499 1.57587
-35.0802 11.7646 1.57579
-35.0769 11.76 1.57578
-35.0827 11.7742 1.57571
-35.0557 12.9641 1.56247
-35.0614 12.9791 1.56235
-35.0581 12.9742 1.56236
-35.0638 12.9887 1.56225
-35.1125 12.795 1.56736
-35.1183 12.8096 1.56725
-35.115 12.805 1.56726
-35.1207 12.819 1.56715
-35.0492 13.9552 1.56056
-35.0547 13.9703 1.56044
-35.0515 13.9653 1.56045
-35.0571 13.9798 1.56034
-35.1109 13.7862 1.5654
-35.1165 13.8007 1.56529
-35.1133 13.7961 1.5653
-35.1189 13.8101 1.5652
-35.0314 14.9332 1.56908
-35.0368 14.9482 1.56897
-35.0335 14.9432 1.56898
-35.039 14.9577 1.56888
-35.0978 14.7642 1.57386
-35.1033 14.7787 1.57377
-35.1001 14.7741 1.57377
-35.1056 14.788 1.57369
-35.0308 15.9401 1.56332
-35.0362 15.9551 1.56322
-35.0329 15.9502 1.56323
-35.0383 15.9646 1.56315
-35.102 15.771 1.56799
-35.1074 15.7855 1.56791
-35.1042 15.7809 1.56791
-35.1097 15.7948 1.56783
-35.0342 16.9316 1.56547
-35.0395 16.9465 1.56538
-35.0362 16.9415 1.56539
-35.0416 16.9559 1.56531
-35.1098 16.7623 1.57003
-35.1152 16.7767 1.56995
-35.112 16.7721 1.56996
-35.1174 16.7859 1.56989
-35.0069 17.919 1.57687
-35.0121 17.9338 1.57679
-35.0089 17.9289 1.5768
-35.0141 17.9432 1.57674
-35.0869 17.7497 1.58122
-35.0922 17.7641 1.58116
-35.0889 17.7595 1.58116
-35.0944 17.7733 1.5811
-35.0264 18.906 1.59596
-35.0316 18.9207 1.5959
-35.0283 18.9158 1.59591
-35.0336 18.93 1.59585
-35.1105 18.7365 1.60015
-35.1158 18.7507 1.6001
-35.1125 18.7462 1.6001
-35.1179 18.7599 1.60005
-35.0451 19.9168 1.58596
-35.0502 19.9315 1.5859
-35.047 19.9266 1.58591
-35.0522 19.9407 1.58586
-35.1333 19.7472 1.59002
-35.1386 19.7613 1.58998
-35.1353 19.7568 1.58998
-35.1406 19.7704 1.58994
-35.0637 20.9297 1.5816
-35.0688 20.9443 1.58155
-35.0656 20.9395 1.58156
-35.0707 20.9536 1.58152
-35.1559 20.76 1.58562
-35.1611 20.7741 1.58558
-35.1579 20.7696 1.58559
-35.1632 20.7832 1.58555
-35.0938 21.9285 1.58269
-35.0988 21.943 1.58264
-35.0956 21.9382 1.58266
-35.1007 21.9521 1.58261
-35.1896 21.7584 1.5866
-35.1948 21.7724 1.58656
-35.1916 21.7679 1.58658
-35.1968 21.7813 1.58654
-35.0864 22.9253 1.57965
-35.0914 22.9396 1.5796
-35.0882 22.9348 1.57962
-35.0933 22.9486 1.57957
-35.1859 22.755 1.58359
-35.1911 22.7688 1.58354
-35.1878 22.7644 1.58356
-35.1931 22.7777 1.58352
-35.0917 23.9727 1.57195
-35.0967 23.9869 1.57189
-35.0935 23.9822 1.57192
-35.0986 23.9958 1.57186
-35.195 23.8023 1.57598
-35.2002 23.8159 1.57592
-35.1969 23.8116 1.57595
-35.2022 23.8247 1.57589
-35.1071 24.9625 1.55811
-35.112 24.9766 1.55804
-35.1089 24.972 1.55807
-35.1139 24.9855 1.558
-35.2142 24.7919 1.56222
-35.2193 24.8055 1.56215
-35.2161 24.8012 1.56218
-35.2213 24.8142 1.56212
-35.0995 25.9281 1.56373
-35.1043 25.9422 1.56365
-35.1013 25.9375 1.56368
-35.1062 25.951 1.56361
-35.2104 25.7574 1.56796
-35.2155 25.771 1.56789
-35.2123 25.7666 1.56792
-35.2174 25.7796 1.56785
-35.1045 26.9577 1.56271
-35.1092 26.9716 1.56262
-35.1062 26.967 1.56266
-35.111 26.9804 1.56257
-35.2197 26.7868 1.5671
-35.2246 26.8003 1.56702
-35.2215 26.796 1.56705
-35.2266 26.8089 1.56697
-35.0898 27.9496 1.55716
-35.0944 27.9634 1.55705
-35.0914 27.9588 1.5571
-35.0962 27.9722 1.557
-35.2092 27.7786 1.56173
-35.2141 27.792 1.56164
-35.211 27.7877 1.56167
-35.216 27.8006 1.56159
-35.066 28.972 1.56572
-35.0706 28.9857 1.56559
-35.0676 28.9811 1.56564
-35.0723 28.9944 1.56552
-35.19 28.8012 1.57036
-35.1948 28.8145 1.57024
-35.1917 28.8102 1.57029
-35.1966 28.823 1.57018
-35.0504 29.9771 1.56511
-35.0549 29.9908 1.56496
-35.052 29.9862 1.56502
-35.0565 29.9994 1.56488
-35.179 29.8065 1.56982
-35.1837 29.8197 1.56969
-35.1807 29.8155 1.56973
-35.1855 29.8282 1.56961
-35.062 30.9682 1.55731
-35.0663 30.9819 1.55717
-35.0634 30.9773 1.55722
-35.0679 30.9905 1.55709
-35.1952 30.7975 1.562
-35.1997 30.8107 1.56187
-35.1968 30.8065 1.56191
-35.2014 30.8191 1.56179
-35.0696 31.975 1.56852
-35.0738 31.9886 1.56837
-35.071 31.9841 1.56843
-35.0753 31.9972 1.56829
-35.2073 31.8041 1.57323
-35.2118 31.8173 1.5731
-35.2088 31.8131 1.57314
-35.2134 31.8257 1.57302
-35.083 32.9849 1.57423
-35.087 32.9985 1.57408
-35.0843 32.994 1.57413
-35.0885 33.0071 1.57399
-35.2255 32.814 1.57895
-35.2298 32.8271 1.57881
-35.2269 32.8229 1.57886
-35.2314 32.8355 1.57873
-35.1015 33.9704 1.56794
-35.1054 33.984 1.56779
-35.1027 33.9795 1.56785
-35.1068 33.9926 1.56771
-35.2486 33.7993 1.57267
-35.2528 33.8124 1.57254
-35.25 33.8082 1.57258
-35.2543 33.8208 1.57246
-35.0887 34.9679 1.57876
-35.0925 34.9815 1.57861
-35.0898 34.977 1.57867
-35.0938 34.99 1.57853
-35.2405 34.7968 1.58351
-35.2445 34.8099 1.58338
-35.2417 34.8057 1.58342
-35.246 34.8182 1.5833
-35.0894 35.9835 1.59181
-35.093 35.9971 1.59166
-35.0904 35.9926 1.59172
-35.0942 36.0056 1.59158
-35.2458 35.8124 1.5965
-35.2498 35.8255 1.59636
-35.247 35.8213 1.59641
-35.2511 35.8338 1.59629
-35.0825 36.936 1.58509
-35.086 36.9496 1.58495
-35.0835 36.945 1.585
-35.0871 36.958 1.58486
-35.2431 36.7648 1.58963
-35.2469 36.7778 1.5895
-35.2442 36.7736 1.58954
-35.2482 36.7861 1.58942
-35.1242 37.9219 1.57074
-35.1276 37.9354 1.5706
-35.1251 37.9309 1.57065
-35.1287 37.9438 1.57053
-35.2888 37.7504 1.57511
-35.2925 37.7633 1.57499
-35.2898 37.7592 1.57503
-35.2938 37.7716 1.57492
-35.1244 38.9313 1.57101
-35.1276 38.9447 1.57088
-35.1252 38.9402 1.57093
-35.1286 38.9531 1.57081
-35.2929 38.7597 1.57534
-35.2965 38.7726 1.57522
-35.2939 38.7684 1.57526
-35.2977 38.7808 1.57515
-35.1514 39.9437 1.56245
-35.1546 39.9571 1.56232
-35.1522 39.9526 1.56236
-35.1555 39.9654 1.56224
-35.3239 39.7719 1.56684
-35.3274 39.7847 1.56672
-35.3248 39.7805 1.56676
-35.3285 39.7928 1.56664
-35.1527 40.9593 1.56297
-35.1558 40.9726 1.56283
-35.1534 40.9681 1.56288
-35.1566 40.9808 1.56275
-35.3292 40.7873 1.56754
-35.3326 40.8001 1.56742
-35.33 40.7959 1.56746
-35.3336 40.8082 1.56734
-35.1352 41.9778 1.56637
-35.1382 41.991 1.56622
-35.1358 41.9865 1.56627
-35.1389 41.9992 1.56613
-35.3159 41.8058 1.57124
-35.3192 41.8185 1.5711
-35.3166 41.8143 1.57115
-35.3202 41.8265 1.57101
-35.084 42.9644 1.5625
-35.0868 42.9775 1.56232
-35.0845 42.973 1.56239
-35.0875 42.9856 1.56222
-35.269 42.7925 1.56778
-35.2722 42.8051 1.56762
-35.2697 42.801 1.56767
-35.2731 42.813 1.56753
-35.0584 43.9721 1.56958
-35.061 43.9851 1.56939
-35.0587 43.9807 1.56946
-35.0616 43.9932 1.56928
-35.2484 43.8003 1.57503
-35.2515 43.8129 1.57485
-35.249 43.8088 1.57491
-35.2523 43.8208 1.57475
-35.0252 44.9885 1.56825
-35.0276 45.0015 1.56807
-35.0255 44.9971 1.56815
-35.0281 45.0096 1.56798
-35.2208 44.8169 1.57383
-35.2237 44.8294 1.57367
-35.2213 44.8253 1.57373
-35.2244 44.8373 1.57359
-36.0441 44.984 3.13237
-36.0465 44.9972 3.13221
-36.0444 44.9927 3.13228
-36.047 45.0053 3.13214
-36.2397 44.8066 3.13805
-36.2425 44.8192 3.13791
-36.2401 44.8151 3.13797
-36.2432 44.8272 3.13785
-37.0507 44.9892 -3.13398
-37.053 45.0025 -3.13411
-37.0509 44.998 -3.13406
-37.0535 45.0107 -3.13417
-37.2463 44.806 -3.12821
-37.2491 44.8187 -3.12832
-37.2467 44.8146 -3.12828
-37.2498 44.8268 -3.12838
-38.0751 44.999 -3.1342
-38.0774 45.0124 -3.13431
-38.0754 45.0078 -3.13426
-38.0779 45.0207 -3.13436
-38.2708 44.8097 -3.12835
-38.2736 44.8226 -3.12845
-38.2712 44.8183 -3.12841
-38.2742 44.8306 -3.12849
-39.0794 44.9884 -3.13055
-39.0817 45.0019 -3.13066
-39.0796 44.9973 -3.1306
-39.0822 45.0102 -3.1307
-39.275 44.7931 -3.12465
-39.2778 44.8061 -3.12474
-39.2754 44.8018 -3.12469
-39.2784 44.8142 -3.12477
-40.0977 44.974 -3.13648
-40.1 44.9876 -3.13659
-40.0979 44.9829 -3.13653
-40.1005 44.9959 -3.13662
-40.2932 44.7726 -3.13057
-40.296 44.7856 -3.13066
-40.2936 44.7813 -3.13061
-40.2966 44.7937 -3.13069
-41.0819 44.9521 3.14044
-41.0842 44.9658 3.14033
-41.0822 44.9611 3.14039
-41.0847 44.9742 3.1403
-41.2773 44.7448 -3.13686
-41.2801 44.7579 -3.13695
-41.2777 44.7535 -3.1369
-41.2807 44.766 -3.13697
-42.0633 44.9694 3.13824
-42.0656 44.9832 3.13814
-42.0636 44.9784 3.1382
-42.0661 44.9916 3.13811
-42.2588 44.7561 -3.13913
-42.2616 44.7693 -3.13921
-42.2593 44.7649 -3.13916
-42.2622 44.7775 -3.13923
-43.0732 44.9922 3.13069
-43.0756 45.0061 3.13059
-43.0735 45.0012 3.13065
-43.076 45.0145 3.13056
-43.2689 44.7728 3.13639
-43.2716 44.7861 3.1363
-43.2693 44.7817 3.13635
-43.2723 44.7943 3.13628
-44.0694 45.0026 3.1406
-44.0717 45.0166 3.1405
-44.0696 45.0116 3.14056
-44.0721 45.025 3.14046
-44.2651 44.7774 -3.13706
-44.2678 44.7907 -3.13715
-44.2655 44.7862 -3.1371
-44.2685 44.7989 -3.13718
-45.0725 45.0017 -3.13189
-45.0748 45.0158 -3.132
-45.0728 45.0108 -3.13194
-45.0753 45.0242 -3.13204
-45.2682 44.7708 -3.12649
-45.2709 44.7842 -3.12658
-45.2686 44.7797 -3.12653
-45.2716 44.7924 -3.12661
-46.0581 44.9926 -3.13586
-46.0604 45.0068 -3.13598
-46.0584 45.0017 -3.13592
-46.0609 45.0153 -3.13602
-46.2538 44.7563 -3.1306
-46.2565 44.7698 -3.1307
-46.2542 44.7652 -3.13065
-46.2572 44.778 -3.13074
-47.0585 44.9774 3.13938
-47.0608 44.9918 3.13926
-47.0587 44.9866 3.13932
-47.0613 45.0003 3.13922
-47.2541 44.7359 -3.1386
-47.2568 44.7495 -3.13871
-47.2545 44.7448 -3.13865
-47.2574 44.7577 -3.13874
-48.0263 44.9908 3.13541
-48.0286 45.0053 3.13528
-48.0265 45.0001 3.13534
-48.0291 45.0138 3.13523
-48.2219 44.7441 3.14036
-48.2246 44.7578 3.14025
-48.2223 44.7531 3.1403
-48.2253 44.7661 3.1402
-49.0145 44.9909 3.13362
-49.0168 45.0055 3.13348
-49.0147 45.0002 3.13354
-49.0172 45.014 3.13341
-49.2101 44.7393 3.1383
-49.2128 44.7531 3.13817
-49.2105 44.7483 3.13822
-49.2134 44.7614 3.1381
-50.0238 45.012 3.13511
-50.0261 45.0267 3.13497
-50.024 45.0214 3.13502
-50.0266 45.0354 3.13489
-50.2195 44.7556 3.13969
-50.2222 44.7696 3.13956
-50.2199 44.7647 3.13961
-50.2229 44.7779 3.13948
-50.0094 44.0041 -1.58221
-50.0118 44.0188 -1.58235
-50.0097 44.0135 -1.58229
-50.0124 44.0274 -1.58243
-50.2005 43.7478 -1.57764
-50.2034 43.7617 -1.57777
-50.201 43.7569 -1.57772
-50.2041 43.7701 -1.57785
-50.0231 42.9947 -1.57361
-50.0256 43.0094 -1.57375
-50.0234 43.0041 -1.57369
-50.0262 43.018 -1.57383
-50.2096 42.7383 -1.56901
-50.2125 42.7523 -1.56915
-50.2101 42.7474 -1.56909
-50.2133 42.7606 -1.56922
-50.0346 41.9858 -1.56605
-50.0373 42.0005 -1.5662
-50.0351 41.9952 -1.56614
-50.038 42.0091 -1.56628
-50.2166 41.7293 -1.56154
-50.2197 41.7432 -1.56168
-50.2172 41.7384 -1.56162
-50.2206 41.7516 -1.56175
-50.0246 40.9961 -1.57207
-50.0274 41.0108 -1.57222
-50.0251 41.0055 -1.57216
-50.0282 41.0195 -1.57231
-50.2022 40.7397 -1.56759
-50.2054 40.7536 -1.56773
-50.2029 40.7488 -1.56767
-50.2064 40.7619 -1.56781
-50.0277 39.9988 -1.57148
-50.0307 40.0134 -1.57164
-50.0284 40.0081 -1.57158
-50.0316 40.0221 -1.57173
-50.2009 39.7422 -1.56702
-50.2043 39.7561 -1.56717
-50.2017 39.7513 -1.56711
-50.2053 39.7645 -1.56725
-50.0258 39.0003 -1.57797
-50.0289 39.015 -1.57814
-50.0265 39.0097 -1.57807
-50.0299 39.0236 -1.57823
-50.1945 38.7438 -1.57351
-50.198 38.7577 -1.57367
-50.1954 38.7529 -1.57361
-50.1992 38.766 -1.57375
-50.0212 37.9893 -1.57624
-50.0245 38.004 -1.57642
-50.022 37.9987 -1.57634
-50.0255 38.0126 -1.57651
-50.1855 37.7327 -1.57178
-50.1891 37.7466 -1.57195
-50.1865 37.7418 -1.57188
-50.1903 37.755 -1.57203
-50.0274 36.9722 -1.57685
-50.0309 36.9869 -1.57704
-50.0284 36.9816 -1.57696
-50.0321 36.9956 -1.57713
-50.1873 36.7156 -1.57239
-50.1911 36.7295 -1.57257
-50.1884 36.7247 -1.57249
-50.1924 36.7378 -1.57266
-50.0374 35.9789 -1.5691
-50.0411 35.9935 -1.5693
-50.0385 35.9882 -1.56921
-50.0423 36.0022 -1.5694
-50.1928 35.7221 -1.56462
-50.1968 35.736 -1.56481
-50.194 35.7312 -1.56473
-50.1982 35.7443 -1.56491
-50.0199 34.9747 -1.57046
-50.0237 34.9894 -1.57066
-50.021 34.9841 -1.57057
-50.0251 34.998 -1.57076
-50.1708 34.718 -1.56597
-50.175 34.7319 -1.56616
-50.1721 34.7271 -1.56608
-50.1765 34.7403 -1.56626
-50.011 33.9892 -1.58119
-50.0151 34.0038 -1.5814
-50.0123 33.9985 -1.5813
-50.0165 34.0125 -1.58151
-50.1576 33.7325 -1.57674
-50.162 33.7464 -1.57694
-50.159 33.7416 -1.57685
-50.1635 33.7547 -1.57704
-50.0647 32.9823 -1.57181
-50.069 32.997 -1.57203
-50.0661 32.9917 -1.57194
-50.0706 33.0056 -1.57215
-50.2068 32.7253 -1.56738
-50.2114 32.7392 -1.56759
-50.2084 32.7344 -1.5675
-50.2131 32.7476 -1.5677
-50.0345 31.9836 -1.5745
-50.039 31.9983 -1.57472
-50.036 31.993 -1.57462
-50.0406 32.0069 -1.57484
-50.1722 31.7267 -1.57007
-50.1769 31.7406 -1.57028
-50.1738 31.7358 -1.57019
-50.1787 31.7489 -1.5704
-50.0419 30.9867 -1.57074
-50.0467 31.0014 -1.57099
-50.0436 30.996 -1.57088
-50.0485 31.01 -1.57112
-50.1753 30.7296 -1.56632
-50.1803 30.7435 -1.56656
-50.1771 30.7387 -1.56645
-50.1823 30.7518 -1.56669
-50.0684 30.0099 -1.58492
-50.0734 30.0246 -1.58519
-50.0702 30.0193 -1.58507
-50.0754 30.0332 -1.58533
-50.1975 29.7526 -1.58049
-50.2028 29.7665 -1.58076
-50.1995 29.7617 -1.58064
-50.2049 29.7748 -1.58089
-50.0615 29.0012 -1.56971
-50.0668 29.0158 -1.57001
-50.0634 29.0105 -1.56987
-50.0688 29.0244 -1.57016
-50.1862 28.7437 -1.5653
-50.1917 28.7576 -1.56559
-50.1882 28.7528 -1.56546
-50.1939 28.7659 -1.56574
-50.0615 28.0144 -1.57762
-50.0671 28.029 -1.57792
-50.0636 28.0237 -1.57779
-50.0693 28.0376 -1.57807
-50.1818 27.757 -1.57317
-50.1877 27.7709 -1.57346
-50.1841 27.766 -1.57333
-50.19 27.7792 -1.57361
-50.0555 27.0102 -1.57103
-50.0614 27.0248 -1.57137
-50.0578 27.0195 -1.57121
-50.0638 27.0334 -1.57154
-50.1715 26.7527 -1.56666
-50.1776 26.7665 -1.56698
-50.1739 26.7617 -1.56684
-50.1801 26.7748 -1.56715
-50.0567 26.015 -1.58448
-50.063 26.0296 -1.58482
-50.0592 26.0243 -1.58467
-50.0655 26.0382 -1.585
-50.1684 25.7574 -1.58012
-50.1748 25.7713 -1.58045
-50.171 25.7664 -1.5803
-50.1775 25.7795 -1.58062
-50.0636 25.0225 -1.57708
-50.0702 25.0371 -1.57744
-50.0663 25.0318 -1.57727
-50.073 25.0457 -1.57763
-50.171 24.7648 -1.57273
-50.1778 24.7786 -1.57308
-50.1738 24.7738 -1.57293
-50.1806 24.7869 -1.57327
-50.0571 24.0362 -1.57664
-50.0641 24.0508 -1.57702
-50.06 24.0455 -1.57685
-50.0671 24.0593 -1.57722
-50.1603 23.7784 -1.5723
-50.1674 23.7922 -1.57268
-50.1632 23.7873 -1.57251
-50.1705 23.8004 -1.57287
-50.0481 23.0305 -1.57624
-50.0555 23.0451 -1.57667
-50.0513 23.0398 -1.57647
-50.0587 23.0536 -1.57689
-50.147 22.7724 -1.5719
-50.1545 22.7862 -1.57232
-50.1502 22.7814 -1.57213
-50.1578 22.7944 -1.57254
-50.0748 22.0292 -1.5753
-50.0826 22.0437 -1.57577
-50.0782 22.0384 -1.57555
-50.086 22.0522 -1.57601
-50.1694 21.7707 -1.57094
-50.1773 21.7845 -1.5714
-50.1728 21.7797 -1.57119
-50.1808 21.7927 -1.57164
-50.0696 21.0133 -1.57939
-50.078 21.0278 -1.57987
-50.0733 21.0225 -1.57964
-50.0816 21.0363 -1.58011
-50.1598 20.7548 -1.57502
-50.1683 20.7685 -1.57549
-50.1635 20.7637 -1.57527
-50.172 20.7767 -1.57573
-50.0581 20.0053 -1.57586
-50.0669 20.0199 -1.57634
-50.062 20.0146 -1.57611
-50.0708 20.0284 -1.57659
-50.1439 19.7469 -1.57148
-50.1528 19.7606 -1.57195
-50.1478 19.7558 -1.57173
-50.1568 19.7688 -1.5722
-50.0834 19.0005 -1.57268
-50.0927 19.015 -1.57318
-50.0875 19.0097 -1.57294
-50.0969 19.0235 -1.57344
-50.1648 18.7418 -1.56828
-50.1742 18.7556 -1.56877
-50.169 18.7508 -1.56854
-50.1784 18.7638 -1.56902
-50.0893 18.0097 -1.57224
-50.0991 18.0242 -1.57278
-50.0937 18.0189 -1.57252
-50.1036 18.0327 -1.57306
-50.1664 17.7507 -1.56774
-50.1763 17.7644 -1.56827
-50.1709 17.7596 -1.56802
-50.1808 17.7726 -1.56854
-50.0777 16.9953 -1.56042
-50.0881 17.0098 -1.56099
-50.0824 17.0045 -1.56072
-50.0928 17.0183 -1.56128
-50.1503 16.7362 -1.55586
-50.1607 16.7499 -1.55641
-50.155 16.7451 -1.55615
-50.1655 16.758 -1.55669
-50.0647 15.9946 -1.56354
-50.0757 16.009 -1.56413
-50.0697 16.0037 -1.56384
-50.0807 16.0175 -1.56442
-50.1328 15.7353 -1.55889
-50.1438 15.749 -1.55947
-50.1378 15.7442 -1.55919
-50.1489 15.7571 -1.55975
-50.0544 15.0005 -1.55329
-50.0659 15.0149 -1.55389
-50.0597 15.0096 -1.5536
-50.0712 15.0233 -1.55419
-50.1178 14.7412 -1.54864
-50.1294 14.7548 -1.54922
-50.1231 14.7501 -1.54894
-50.1347 14.763 -1.54951
-50.0491 13.9969 -1.55859
-50.0613 14.0113 -1.55923
-50.0547 14.0061 -1.55891
-50.0669 14.0197 -1.55954
-50.1078 13.7374 -1.55382
-50.12 13.751 -1.55444
-50.1135 13.7462 -1.55414
-50.1257 13.7591 -1.55475
-50.0102 12.9981 -1.56629
-50.023 13.0125 -1.56694
-50.0162 13.0072 -1.56662
-50.0289 13.0209 -1.56725
-50.0642 12.7388 -1.5615
-50.077 12.7523 -1.56213
-50.0702 12.7476 -1.56182
-50.0829 12.7604 -1.56244
-50.0006 12.0031 -1.58347
-50.0142 12.0174 -1.58419
-50.0069 12.0122 -1.58384
-50.0205 12.0258 -1.58454
-50.0498 11.7435 -1.57871
-50.0634 11.757 -1.5794
-50.0562 11.7523 -1.57907
-50.0698 11.765 -1.57975
-50.0005 10.9919 -1.56386
-50.015 11.0061 -1.56461
-50.0073 11.0009 -1.56425
-50.0217 11.0144 -1.56498
-50.0449 10.7319 -1.5591
-50.0594 10.7453 -1.55983
-50.0518 10.7406 -1.55948
-50.0662 10.7533 -1.5602
-50.0061 9.98498 -1.57043
-50.0215 9.99912 -1.5712
-50.0133 9.99394 -1.57083
-50.0287 10.0074 -1.57159
-50.0458 9.72449 -1.56566
-50.0611 9.7378 -1.56641
-50.0531 9.73313 -1.56605
-50.0683 9.7457 -1.56679
-50.0086 8.98781 -1.57576
-50.025 9.0018 -1.57651
-50.0164 8.99666 -1.57616
-50.0327 9.00993 -1.57689
-50.0436 8.72653 -1.57095
-50.0599 8.73969 -1.57167
-50.0514 8.73507 -1.57133
-50.0676 8.74748 -1.57204
-50.0197 7.99904 -1.57203
-50.0369 8.01297 -1.57275
-50.028 8.00785 -1.57241
-50.045 8.02106 -1.57312
-50.05 7.73736 -1.56719
-50.0671 7.75044 -1.56789
-50.0582 7.74584 -1.56756
-50.0752 7.75819 -1.56825
-50.007 7.02616 -1.57016
-50.025 7.04002 -1.57083
-50.0157 7.03492 -1.57051
-50.0335 7.04805 -1.57118
-50.0326 6.76422 -1.56529
-50.0505 6.77723 -1.56594
-50.0412 6.77266 -1.56563
-50.059 6.78492 -1.56627
-49.9978 5.9799 -1.56939
-50.0166 5.99369 -1.56999
-50.0069 5.98861 -1.56971
-50.0255 6.00168 -1.5703
-50.0183 5.71769 -1.56448
-50.037 5.73063 -1.56506
-50.0274 5.72607 -1.56479
-50.0459 5.73827 -1.56537
-49.9882 4.98378 -1.56953
-50.0077 4.99748 -1.56996
-49.9977 4.99243 -1.56976
-50.017 5.0054 -1.57019
-50.0039 4.72116 -1.56453
-50.0232 4.73401 -1.56495
-50.0133 4.72948 -1.56476
-50.0325 4.74158 -1.56516
-50.0145 3.97293 -1.56415
-50.0345 3.9866 -1.5645
-50.0242 3.98156 -1.56434
-50.044 3.9945 -1.56468
-50.0251 3.70999 -1.55911
-50.0449 3.7228 -1.55945
-50.0348 3.71829 -1.55929
-50.0544 3.73035 -1.55962
-49.9838 2.98879 -1.57299
-50.0042 3.00233 -1.57307
-49.9937 2.99732 -1.57304
-50.014 3.01013 -1.57311
-49.9895 2.72537 -1.56782
-50.0097 2.73804 -1.56788
-49.9994 2.73357 -1.56786
-50.0194 2.74549 -1.56791
-49.9951 1.97666 -1.5726
-50.0156 1.9901 -1.57239
-50.0051 1.98513 -1.5725
-50.0254 1.99783 -1.57229
-49.9956 1.71268 -1.56729
-50.0158 1.72525 -1.56707
-50.0055 1.7208 -1.56718
-50.0256 1.73263 -1.56696
-49.9757 0.997272 -1.57156
-49.996 1.01055 -1.57089
-49.9856 1.00562 -1.57121
-50.0058 1.01817 -1.57054
-49.9709 0.732574 -1.56604
-49.991 0.744989 -1.56535
-49.9808 0.74059 -1.56568
-50.0007 0.752253 -1.565
-49.9659 0.0103771 -1.5843
-49.9857 0.0235724 -1.58334
-49.9756 0.0186694 -1.58381
-49.9952 0.0311322 -1.58285
-49.9558 -0.254756 -1.57865
-49.9753 -0.242427 -1.57768
-49.9653 -0.2468 -1.57815
-49.9847 -0.235223 -1.57718
-49.9862 -0.976483 -1.57424
-50.005 -0.96334 -1.57315
-49.9954 -0.968224 -1.57368
-50.014 -0.955813 -1.5726
-49.9705 -1.24189 -1.56853
-49.989 -1.22961 -1.56744
-49.9795 -1.23396 -1.56796
-49.9979 -1.22243 -1.56687
-49.9807 -1.98906 -1.57854
-49.9983 -1.97595 -1.5773
-49.9893 -1.98079 -1.57788
-50.0067 -1.96841 -1.57666
-49.9592 -2.25468 -1.57277
-49.9765 -2.24243 -1.57152
-49.9676 -2.24674 -1.5721
-49.9848 -2.23524 -1.57086
-49.9834 -2.978 -1.57105
-50 -2.96494 -1.56958
-49.9914 -2.96982 -1.5703
-50.0078 -2.9575 -1.56884
-49.9562 -3.24389 -1.56518
-49.9724 -3.23169 -1.5637
-49.964 -3.23605 -1.56442
-49.9801 -3.2246 -1.56295
-49.9833 -3.99929 -1.58382
-49.9984 -3.98624 -1.58231
-49.9905 -3.99117 -1.58307
-50.0055 -3.97885 -1.58158
-49.95 -4.26519 -1.57793
-49.9648 -4.25298 -1.57642
-49.9571 -4.25739 -1.57718
-49.9718 -4.24593 -1.57567
-49.985 -4.99054 -1.57385
-49.9987 -4.97752 -1.57213
-49.9915 -4.9825 -1.57304
-50.005 -4.97021 -1.57132
-49.9459 -5.25665 -1.5679
-49.9592 -5.24447 -1.56617
-49.9522 -5.24894 -1.56707
-49.9653 -5.2375 -1.56535
-50.0172 -5.98521 -1.56082
-50.0292 -5.97227 -1.55887
-50.0228 -5.97729 -1.55995
-50.0346 -5.96508 -1.55801
-49.9721 -6.25172 -1.55482
-49.9837 -6.23961 -1.55287
-49.9775 -6.24411 -1.55394
-49.989 -6.23275 -1.55199
-50.0166 -6.98495 -1.56463
-50.0266 -6.97203 -1.56246
-50.0213 -6.97709 -1.56371
-50.0312 -6.96489 -1.56155
-49.9654 -7.25156 -1.5586
-49.9751 -7.23946 -1.55642
-49.97 -7.24402 -1.55766
-49.9795 -7.23265 -1.55549
-49.9767 -7.99155 -1.57417
-49.9845 -7.97858 -1.57177
-49.9805 -7.98373 -1.57319
-49.9882 -7.97147 -1.57081
-49.9194 -8.25804 -1.56811
-49.9269 -8.24586 -1.5657
-49.923 -8.25052 -1.56712
-49.9303 -8.23908 -1.56473
-50.0121 -8.98749 -1.58303
-50.0175 -8.97461 -1.58002
-50.0149 -8.97989 -1.58193
-50.0202 -8.96772 -1.57893
-49.9486 -9.25448 -1.57694
-49.9537 -9.24238 -1.57393
-49.9513 -9.24718 -1.57582
-49.9562 -9.23582 -1.57282
-50.0383 -9.98605 -1.57777
-50.0407 -9.97337 -1.57471
-50.04 -9.97849 -1.57662
-50.0423 -9.96653 -1.57357
-49.9688 -10.2533 -1.57168
-49.9708 -10.2413 -1.56861
-49.9703 -10.246 -1.57052
-49.9722 -10.2348 -1.56747
-49.0223 -9.99358 -0.0100552
-49.025 -9.97891 -0.00755289
-49.024 -9.98467 -0.00884112
-49.0267 -9.97073 -0.00635811
-48.9527 -10.2547 -0.00397716
-48.9551 -10.2408 -0.00146926
-48.9542 -10.246 -0.00275104
-48.9566 -10.2329 -0.000261898
-48.021 -10.0086 0.00142061
-48.0239 -9.99207 0.00384261
-48.0228 -9.99839 0.00272603
-48.0256 -9.98264 0.00512818
-47.9513 -10.2637 0.00752661
-47.9538 -10.2479 0.00995372
-47.953 -10.2538 0.00884419
-47.9553 -10.2388 0.011252
-47.0382 -10.0157 -0.00446828
-47.0417 -9.99892 -0.00256264
-47.04 -10.0039 -0.00317412
-47.0435 -9.98791 -0.00128701
-46.9684 -10.2649 0.0016468
-46.9716 -10.2488 0.00355858
-46.9701 -10.2534 0.00295309
-46.9732 -10.2381 0.00484685
-46.0331 -9.99961 -0.00920761
-46.0374 -9.98247 -0.00729104
-46.035 -9.98627 -0.00798847
-46.0393 -9.96994 -0.00608705
-45.9634 -10.2427 -0.00303704
-45.9673 -10.2263 -0.00111321
-45.9652 -10.2296 -0.00180558
-45.9691 -10.2141 0.000103624
-45.0549 -10.0041 -0.011222
-45.0592 -9.98502 -0.00951069
-45.0568 -9.98968 -0.0100793
-45.0611 -9.97145 -0.00838233
-44.9852 -10.241 -0.00502199
-44.9892 -10.2227 -0.00330228
-44.987 -10.2269 -0.00386703
-44.9909 -10.2094 -0.0021611
-44.0465 -10.0095 -0.0173673
-44.0509 -9.9891 -0.0156656
-44.0484 -9.99394 -0.016332
-44.0528 -9.97436 -0.0146404
-43.9768 -10.2402 -0.0110876
-43.9808 -10.2205 -0.00937612
-43.9786 -10.2249 -0.01004
-43.9826 -10.206 -0.00833808
-43.0061 -10.0509 -0.0263629
-43.0108 -10.0293 -0.0251515
-43.0082 -10.0347 -0.0257102
-43.0128 -10.014 -0.0244994
-42.9361 -10.2748 -0.019875
-42.9405 -10.2539 -0.0186487
-42.9381 -10.2588 -0.0192101
-42.9424 -10.2388 -0.0179838
-42.0111 -10.0425 -0.018891
-42.0161 -10.0204 -0.0180166
-42.0134 -10.0262 -0.0185039
-42.0184 -10.0048 -0.0176241
-41.9411 -10.2597 -0.012264
-41.9458 -10.2382 -0.0113709
-41.9433 -10.2435 -0.0118646
-41.948 -10.2229 -0.0109655
-41.0024 -10.0705 -0.0087293
-41.0075 -10.0478 -0.00795209
-41.0048 -10.054 -0.00842291
-41.0099 -10.032 -0.00763876
-40.9323 -10.2808 -0.00206213
-40.9371 -10.2588 -0.001265
-40.9346 -10.2645 -0.00174333
-40.9393 -10.2433 -0.000938694
-40.0259 -10.0573 -0.00553159
-40.0312 -10.0341 -0.00482386
-40.0284 -10.0407 -0.00525925
-40.0337 -10.0183 -0.00454502
-39.9559 -10.261 0.00114764
-39.9609 -10.2385 0.00187614
-39.9583 -10.2446 0.00143266
-39.9632 -10.2228 0.00216825
-40.0338 -9.0562 1.57742
-40.0399 -9.03326 1.57806
-40.0367 -9.03982 1.57766
-40.0428 -9.01767 1.57831
-39.9705 -9.25982 1.58411
-39.9763 -9.23755 1.58477
-39.9732 -9.24362 1.58436
-39.979 -9.22215 1.58503
-40.0331 -8.06964 1.57425
-40.0402 -8.04721 1.57486
-40.0364 -8.05372 1.57452
-40.0434 -8.03207 1.57514
-39.9762 -8.27291 1.58087
-39.983 -8.25114 1.5815
-39.9794 -8.25718 1.58116
-39.9862 -8.2362 1.5818
-40.0314 -7.03615 1.57726
-40.0395 -7.01419 1.57776
-40.0352 -7.02069 1.57751
-40.0433 -6.99949 1.57801
-39.9813 -7.23907 1.58384
-39.9891 -7.21777 1.58436
-39.985 -7.22379 1.58411
-39.9928 -7.20328 1.58463
-40.0296 -6.01309 1.56613
-40.0386 -5.99161 1.56642
-40.0339 -5.99808 1.5663
-40.0428 -5.97735 1.56659
-39.9861 -6.21565 1.57271
-39.9948 -6.19484 1.57302
-39.9904 -6.20083 1.57289
-39.999 -6.18079 1.57321
-40.0567 -4.99121 1.56063
-40.066 -4.96988 1.56084
-40.0612 -4.97634 1.56077
-40.0705 -4.95577 1.56099
-40.0199 -5.19386 1.56721
-40.029 -5.1732 1.56744
-40.0244 -5.17919 1.56736
-40.0334 -5.15929 1.5676
-40.0337 -4.00475 1.57367
-40.0433 -3.98356 1.57379
-40.0384 -3.99002 1.57377
-40.048 -3.96959 1.57391
-40.0033 -4.20716 1.58025
-40.0127 -4.18664 1.5804
-40.008 -4.19263 1.58037
-40.0173 -4.17287 1.58053
-40.0505 -3.0057 1.57238
-40.0603 -2.98462 1.57245
-40.0553 -2.99107 1.57245
-40.0651 -2.97074 1.57253
-40.0266 -3.20817 1.57897
-40.0362 -3.18775 1.57906
-40.0315 -3.19373 1.57906
-40.041 -3.17408 1.57917
-40.0344 -2.00619 1.57302
-40.0439 -1.9853 1.57297
-40.0391 -1.9917 1.57301
-40.0486 -1.97156 1.57297
-40.0171 -2.20824 1.57946
-40.0265 -2.18801 1.57943
-40.0218 -2.19395 1.57946
-40.0311 -2.17448 1.57944
-40.0375 -1.03889 1.55532
-40.0467 -1.01812 1.55515
-40.0421 -1.02453 1.55523
-40.0513 -1.0045 1.55507
-40.0263 -1.24072 1.5616
-40.0354 -1.2206 1.56146
-40.0309 -1.22655 1.56152
-40.04 -1.20719 1.56139
-40.007 -0.0589495 1.55909
-40.0158 -0.0383424 1.55887
-40.0113 -0.0447259 1.55896
-40.0201 -0.024847 1.55875
-40.0019 -0.260339 1.56524
-40.0106 -0.240383 1.56504
-40.0062 -0.246307 1.56512
-40.0149 -0.227094 1.56493
-40.007 0.955666 1.56192
-40.0153 0.976116 1.5617
-40.0111 0.96976 1.56178
-40.0194 0.989488 1.56157
-40.008 0.754521 1.56796
-40.0163 0.774325 1.56776
-40.0121 0.768425 1.56783
-40.0204 0.787492 1.56765
-39.9957 1.98226 1.56628
-40.0038 2.00256 1.56607
-39.9997 1.99624 1.56614
-40.0077 2.01582 1.56594
-40.0028 1.78139 1.57221
-40.0108 1.80104 1.57202
-40.0067 1.79518 1.57209
-40.0147 1.8141 1.57191
-39.997 2.96591 1.56475
-40.0048 2.98581 1.56457
-40.0007 2.9796 1.56463
-40.0086 2.99879 1.56445
-40.0096 2.76538 1.57021
-40.0174 2.78464 1.57005
-40.0134 2.77888 1.5701
-40.0212 2.79742 1.56995
-39.9954 3.97461 1.56211
-40.0031 3.99411 1.56196
-39.9991 3.98801 1.56201
-40.0068 4.00682 1.56185
-40.0133 3.77443 1.56719
-40.0209 3.79331 1.56705
-40.017 3.78765 1.56709
-40.0246 3.80581 1.56695
-39.9918 5.00335 1.57353
-39.9993 5.02246 1.57339
-39.9953 5.01646 1.57343
-40.0029 5.03489 1.5733
-40.0145 4.80354 1.57828
-40.0221 4.82203 1.57816
-40.0181 4.81647 1.57819
-40.0257 4.83425 1.57808
-40.0175 6.03029 1.58513
-40.0249 6.04902 1.58502
-40.0209 6.04313 1.58505
-40.0284 6.06117 1.58493
-40.0448 5.83072 1.58965
-40.0523 5.84882 1.58955
-40.0483 5.84336 1.58957
-40.0558 5.86077 1.58947
-40.0344 7.02933 1.57361
-40.0417 7.04767 1.57351
-40.0378 7.04188 1.57354
-40.0451 7.05954 1.57344
-40.0659 6.83004 1.57797
-40.0733 6.84775 1.57788
-40.0694 6.8424 1.5779
-40.0767 6.85943 1.57781
-40.0466 8.02374 1.56585
-40.0538 8.04168 1.56576
-40.0499 8.036 1.56578
-40.0571 8.05328 1.56569
-40.0821 7.82474 1.57012
-40.0894 7.84207 1.57004
-40.0855 7.83682 1.57005
-40.0928 7.85347 1.56998
-40.0469 9.01288 1.57202
-40.0541 9.03042 1.57195
-40.0502 9.02486 1.57196
-40.0573 9.04174 1.57188
-40.0864 8.81423 1.57628
-40.0936 8.83117 1.57621
-40.0897 8.82603 1.57622
-40.0969 8.8423 1.57615
-40.0955 10.0311 1.57056
-40.1025 10.0483 1.57049
-40.0986 10.0428 1.5705
-40.1057 10.0593 1.57043
-40.139 9.83263 1.57488
-40.1461 9.84918 1.57482
-40.1422 9.84413 1.57482
-40.1494 9.86003 1.57477
-40.107 11.0424 1.56938
-40.114 11.0592 1.5693
-40.1101 11.0538 1.56931
-40.1171 11.0699 1.56924
-40.1546 10.8442 1.57384
-40.1617 10.8604 1.57378
-40.1578 10.8554 1.57378
-40.1649 10.8709 1.57373
-40.0987 12.0475 1.55376
-40.1056 12.0639 1.55369
-40.1017 12.0586 1.55369
-40.1087 12.0744 1.55363
-40.1505 11.8497 1.55844
-40.1575 11.8655 1.55838
-40.1536 11.8606 1.55838
-40.1606 11.8758 1.55833
-40.0479 13.0408 1.56332
-40.0548 13.0568 1.56325
-40.0509 13.0517 1.56325
-40.0578 13.067 1.56319
-40.1041 12.8436 1.56829
-40.111 12.859 1.56823
-40.1071 12.8543 1.56823
-40.1141 12.869 1.56818
-40.0385 14.0175 1.56775
-40.0454 14.0333 1.56772
-40.0414 14.0282 1.56772
-40.0484 14.0434 1.5677
-40.0995 13.8203 1.57276
-40.1064 13.8355 1.57274
-40.1025 13.8308 1.57273
-40.1095 13.8454 1.57272
-40.0367 15.0127 1.55771
-40.0437 15.0283 1.5577
-40.0397 15.0233 1.55769
-40.0467 15.0383 1.55769
-40.1027 14.8154 1.56276
-40.1097 14.8304 1.56276
-40.1057 14.8258 1.56274
-40.1128 14.8402 1.56276
-40.0188 16.0212 1.5671
-40.0258 16.0366 1.56709
-40.0218 16.0316 1.56709
-40.0289 16.0464 1.56709
-40.0898 15.8239 1.5722
-40.097 15.8388 1.57221
-40.0929 15.8342 1.5722
-40.1001 15.8484 1.57222
-40.0033 17.0094 1.55528
-40.0104 17.0247 1.55526
-40.0063 17.0197 1.55527
-40.0136 17.0344 1.55525
-40.0792 16.8121 1.56029
-40.0865 16.8268 1.56028
-40.0824 16.8222 1.56029
-40.0897 16.8363 1.56028
-40.0076 18.0142 1.55743
-40.0147 18.0293 1.55735
-40.0107 18.0244 1.55739
-40.0178 18.039 1.55732
-40.0883 17.8169 1.56208
-40.0956 17.8315 1.56201
-40.0914 17.827 1.56204
-40.0987 17.841 1.56198
-40.0316 19.0141 1.5699
-40.0386 19.0293 1.56977
-40.0346 19.0243 1.56982
-40.0416 19.0388 1.56971
-40.1167 18.8169 1.57424
-40.1238 18.8314 1.57413
-40.1198 18.8269 1.57417
-40.127 18.8408 1.57406
-40.0614 20.0185 1.5789
-40.0683 20.0335 1.57874
-40.0643 20.0286 1.5788
-40.0712 20.043 1.57865
-40.1506 19.8212 1.58301
-40.1576 19.8356 1.58286
-40.1535 19.8311 1.58292
-40.1606 19.845 1.58278
-40.0723 20.9798 1.595
-40.0789 20.9948 1.59481
-40.0751 20.9899 1.59489
-40.0818 21.0043 1.5947
-40.1651 20.7826 1.59895
-40.1719 20.797 1.59877
-40.168 20.7925 1.59884
-40.1749 20.8062 1.59867
-40.0869 21.9673 1.58628
-40.0933 21.9822 1.58607
-40.0896 21.9773 1.58616
-40.0961 21.9916 1.58595
-40.1834 21.7701 1.59014
-40.19 21.7844 1.58994
-40.1861 21.7799 1.59002
-40.1928 21.7936 1.58982
-40.07 22.985 1.59034
-40.0761 22.9998 1.59011
-40.0724 22.9949 1.59021
-40.0787 23.0092 1.58999
-40.17 22.788 1.59418
-40.1764 22.8022 1.59396
-40.1726 22.7977 1.59405
-40.1791 22.8113 1.59384
-40.0857 23.9973 1.59374
-40.0916 24.0121 1.59351
-40.088 24.0072 1.59361
-40.094 24.0213 1.59338
-40.1894 23.8003 1.59763
-40.1955 23.8145 1.59741
-40.1918 23.81 1.5975
-40.198 23.8236 1.59729
-40.1112 25.0348 1.58583
-40.1168 25.0495 1.58561
-40.1133 25.0446 1.5857
-40.1191 25.0587 1.58548
-40.2186 24.8378 1.58984
-40.2244 24.8519 1.58963
-40.2209 24.8474 1.58972
-40.2268 24.8609 1.58951
-40.1422 26.0303 1.56803
-40.1476 26.0449 1.56782
-40.1442 26.04 1.56791
-40.1497 26.0541 1.56771
-40.2534 25.8333 1.57224
-40.259 25.8473 1.57204
-40.2555 25.8428 1.57213
-40.2612 25.8563 1.57194
-40.1559 27.0367 1.55151
-40.161 27.0512 1.55133
-40.1578 27.0464 1.5514
-40.163 27.0603 1.55123
-40.271 26.8398 1.55598
-40.2764 26.8537 1.55582
-40.273 26.8492 1.55588
-40.2785 26.8626 1.55572
-40.1371 28.007 1.56117
-40.142 28.0214 1.56102
-40.1389 28.0166 1.56108
-40.1439 28.0304 1.56094
-40.2563 27.8102 1.56598
-40.2614 27.8241 1.56585
-40.2582 27.8196 1.5659
-40.2634 27.8329 1.56578
-40.1496 28.9998 1.55705
-40.1543 29.0142 1.55692
-40.1513 29.0093 1.55698
-40.1561 29.0231 1.55686
-40.2734 28.8028 1.56202
-40.2784 28.8166 1.5619
-40.2752 28.8121 1.56195
-40.2803 28.8254 1.56185
-40.0935 29.9998 1.56632
-40.0981 30.0142 1.56621
-40.0951 30.0094 1.56627
-40.0998 30.0231 1.56617
-40.2222 29.803 1.57147
-40.227 29.8168 1.57138
-40.2239 29.8123 1.57143
-40.2289 29.8255 1.57134
-40.1232 30.9958 1.56181
-40.1277 31.0102 1.56169
-40.1248 31.0053 1.56175
-40.1294 31.0191 1.56164
-40.2568 30.7989 1.56687
-40.2616 30.8127 1.56676
-40.2585 30.8082 1.56682
-40.2633 30.8214 1.56672
-40.1558 31.9989 1.55636
-40.1601 32.0132 1.55622
-40.1572 32.0084 1.55629
-40.1617 32.0221 1.55616
-40.2941 31.8018 1.56134
-40.2987 31.8156 1.56121
-40.2956 31.8111 1.56127
-40.3004 31.8243 1.56116
-40.1229 32.9839 1.55218
-40.127 32.9982 1.55204
-40.1242 32.9933 1.55211
-40.1285 33.0071 1.55198
-40.2657 32.7869 1.55717
-40.2701 32.8007 1.55704
-40.2671 32.7962 1.5571
-40.2717 32.8093 1.55698
-40.0976 33.986 1.55739
-40.1016 34.0003 1.55726
-40.0988 33.9954 1.55732
-40.103 34.0091 1.55719
-40.245 33.7892 1.56249
-40.2493 33.8029 1.56237
-40.2464 33.7984 1.56242
-40.2508 33.8115 1.56231
-40.0571 34.9882 1.55132
-40.0609 35.0025 1.55119
-40.0582 34.9977 1.55125
-40.0622 35.0113 1.55113
-40.2094 34.7916 1.55646
-40.2136 34.8053 1.55634
-40.2108 34.8009 1.55639
-40.2151 34.814 1.55629
-39.0543 34.9493 -0.012386
-39.0581 34.9634 -0.0125095
-39.0555 34.9587 -0.0124564
-39.0595 34.9722 -0.0125684
-39.2064 34.7579 -0.00720899
-39.2105 34.7714 -0.00731751
-39.2077 34.767 -0.0072732
-39.212 34.78 -0.00736998
-38.0456 34.9477 -0.00627504
-38.0494 34.9617 -0.00640474
-38.0468 34.957 -0.00635031
-38.0507 34.9704 -0.00646891
-38.1976 34.7616 -0.00117905
-38.2017 34.7751 -0.00129421
-38.1989 34.7707 -0.00124843
-38.2032 34.7836 -0.00135217
-37.0689 34.9529 0.00786597
-37.0727 34.9668 0.00773053
-37.0701 34.9621 0.00778546
-37.074 34.9755 0.00766068
-37.2208 34.7719 0.0128522
-37.2249 34.7853 0.0127307
-37.2221 34.781 0.0127772
-37.2264 34.7938 0.0126667
-36.0955 34.9753 0.0107251
-36.0992 34.989 0.0105844
-36.0966 34.9844 0.0106391
-36.1005 34.9976 0.0105084
-36.2473 34.7992 0.0155735
-36.2514 34.8125 0.015446
-36.2486 34.8082 0.0154927
-36.2529 34.8209 0.0153755
-35.095 34.9792 0.00139013
-35.0988 34.9928 0.00124821
-35.0962 34.9882 0.00130243
-35.1001 35.0013 0.0011704
-35.2469 34.808 0.00619304
-35.251 34.8211 0.00606409
-35.2482 34.8169 0.00611033
-35.2524 34.8295 0.00599157
-35.0769 33.9894 -1.56562
-35.0808 34.003 -1.56577
-35.0781 33.9985 -1.56571
-35.0822 34.0116 -1.56585
-35.2241 33.8185 -1.56087
-35.2283 33.8316 -1.56101
-35.2255 33.8274 -1.56096
-35.2298 33.84 -1.56109
-35.0717 32.9649 -1.56168
-35.0758 32.9785 -1.56183
-35.073 32.9739 -1.56178
-35.0772 32.987 -1.56192
-35.2141 32.794 -1.55694
-35.2184 32.8071 -1.55708
-35.2155 32.8029 -1.55703
-35.22 32.8155 -1.55716
-35.0694 31.9564 -1.58162
-35.0736 31.9701 -1.58177
-35.0708 31.9655 -1.58171
-35.0751 31.9787 -1.58185
-35.2071 31.7856 -1.57692
-35.2115 31.7988 -1.57705
-35.2086 31.7946 -1.577
-35.2132 31.8072 -1.57713
-35.0612 30.9759 -1.57896
-35.0655 30.9896 -1.5791
-35.0627 30.985 -1.57905
-35.0671 30.9982 -1.57918
-35.1944 30.8052 -1.57426
-35.199 30.8184 -1.57439
-35.196 30.8141 -1.57434
-35.2007 30.8268 -1.57447
-35.0748 29.9604 -1.5723
-35.0792 29.9741 -1.57245
-35.0763 29.9695 -1.57239
-35.0809 29.9827 -1.57253
-35.2033 29.7896 -1.56754
-35.208 29.8029 -1.56767
-35.205 29.7986 -1.56762
-35.2098 29.8113 -1.56775
-35.0773 28.9638 -1.56737
-35.0819 28.9776 -1.56751
-35.0789 28.973 -1.56745
-35.0836 28.9863 -1.56758
-35.2012 28.7931 -1.5627
-35.206 28.8064 -1.56283
-35.203 28.8021 -1.56278
-35.2079 28.8149 -1.5629
-35.073 27.964 -1.56584
-35.0776 27.9778 -1.56596
-35.0746 27.9732 -1.56592
-35.0794 27.9865 -1.56603
-35.1924 27.7933 -1.56127
-35.1973 27.8066 -1.56137
-35.1942 27.8023 -1.56133
-35.1992 27.8151 -1.56143
-35.079 26.9684 -1.57891
-35.0837 26.9824 -1.579
-35.0807 26.9777 -1.57896
-35.0856 26.9911 -1.57905
-35.1942 26.7977 -1.57455
-35.1991 26.8112 -1.57464
-35.196 26.8069 -1.5746
-35.2011 26.8198 -1.57468
-35.0962 25.9454 -1.57604
-35.1011 25.9595 -1.57611
-35.098 25.9548 -1.57608
-35.1029 25.9683 -1.57615
-35.2073 25.7748 -1.57191
-35.2124 25.7884 -1.57197
-35.2092 25.784 -1.57194
-35.2143 25.7971 -1.572
-35.1176 24.9609 -1.55887
-35.1225 24.9751 -1.55893
-35.1194 24.9704 -1.55891
-35.1244 24.9841 -1.55896
-35.2249 24.7904 -1.55488
-35.23 24.8041 -1.55494
-35.2268 24.7997 -1.55491
-35.232 24.8129 -1.55496
-35.1256 23.9404 -1.55961
-35.1305 23.9548 -1.55966
-35.1273 23.95 -1.55964
-35.1324 23.9638 -1.55968
-35.2291 23.77 -1.55568
-35.2342 23.7839 -1.55572
-35.231 23.7795 -1.5557
-35.2362 23.7928 -1.55574
-35.1087 22.9411 -1.54549
-35.1137 22.9555 -1.54554
-35.1106 22.9507 -1.54552
-35.1156 22.9646 -1.54557
-35.2085 22.7709 -1.54158
-35.2137 22.7848 -1.54162
-35.2104 22.7804 -1.5416
-35.2157 22.7938 -1.54164
-35.084 21.9076 -1.55376
-35.089 21.9221 -1.55381
-35.0858 21.9173 -1.55379
-35.0909 21.9313 -1.55384
-35.1798 21.7376 -1.54982
-35.185 21.7516 -1.54987
-35.1817 21.7472 -1.54985
-35.187 21.7606 -1.54989
-35.0757 20.9228 -1.55809
-35.0807 20.9374 -1.55815
-35.0775 20.9326 -1.55813
-35.0826 20.9467 -1.55818
-35.1679 20.753 -1.55406
-35.1731 20.7671 -1.55411
-35.1698 20.7626 -1.5541
-35.1751 20.7762 -1.55414
-35.0393 19.9466 -1.56379
-35.0443 19.9613 -1.56385
-35.0411 19.9564 -1.56384
-35.0463 19.9706 -1.56389
-35.1277 19.777 -1.55965
-35.1329 19.7912 -1.5597
-35.1297 19.7867 -1.5597
-35.135 19.8003 -1.55974
-35.04 18.9452 -1.57864
-35.0451 18.96 -1.57871
-35.0419 18.9551 -1.5787
-35.0471 18.9693 -1.57876
-35.1245 18.7757 -1.57436
-35.1298 18.79 -1.57441
-35.1265 18.7854 -1.57441
-35.1318 18.7992 -1.57446
-35.037 17.9661 -1.57352
-35.0422 17.9809 -1.5736
-35.039 17.976 -1.57359
-35.0442 17.9903 -1.57366
-35.1174 17.7968 -1.56906
-35.1227 17.8111 -1.56913
-35.1194 17.8065 -1.56913
-35.1248 17.8203 -1.56919
-35.0182 16.942 -1.58222
-35.0234 16.957 -1.58232
-35.0202 16.952 -1.58231
-35.0255 16.9664 -1.5824
-35.094 16.7729 -1.57758
-35.0994 16.7873 -1.57766
-35.0961 16.7828 -1.57766
-35.1016 16.7966 -1.57773
-35.0454 15.9387 -1.5707
-35.0507 15.9536 -1.57081
-35.0475 15.9487 -1.5708
-35.0529 15.9631 -1.5709
-35.1166 15.7694 -1.56591
-35.1221 15.7839 -1.56601
-35.1188 15.7793 -1.56601
-35.1244 15.7932 -1.56609
-35.0498 14.94 -1.57359
-35.0552 14.955 -1.57369
-35.052 14.95 -1.57368
-35.0575 14.9644 -1.57377
-35.1163 14.7708 -1.56889
-35.1219 14.7852 -1.56897
-35.1186 14.7807 -1.56897
-35.1242 14.7946 -1.56904
-35.0614 13.9216 -1.56615
-35.0669 13.9366 -1.56625
-35.0636 13.9317 -1.56624
-35.0692 13.9461 -1.56634
-35.1231 13.7525 -1.56136
-35.1287 13.767 -1.56145
-35.1254 13.7624 -1.56145
-35.131 13.7763 -1.56153
-35.0527 12.9179 -1.55892
-35.0582 12.933 -1.55904
-35.055 12.928 -1.55903
-35.0606 12.9425 -1.55914
-35.1095 12.749 -1.55405
-35.1152 12.7636 -1.55415
-35.112 12.759 -1.55415
-35.1176 12.773 -1.55424
-35.0113 11.9267 -1.57021
-35.0169 11.9419 -1.57034
-35.0137 11.9369 -1.57033
-35.0192 11.9516 -1.57044
-35.0637 11.7582 -1.56526
-35.0693 11.773 -1.56537
-35.0661 11.7683 -1.56536
-35.0718 11.7825 -1.56547
-35.0121 10.9104 -1.57634
-35.0178 10.9257 -1.57644
-35.0146 10.9206 -1.57643
-35.0203 10.9354 -1.57653
-35.0594 10.7419 -1.57153
-35.0651 10.7567 -1.57161
-35.0619 10.752 -1.57161
-35.0677 10.7663 -1.57169
-35.0255 9.91088 -1.57338
-35.0313 9.9263 -1.57347
-35.0281 9.92123 -1.57346
-35.0338 9.9361 -1.57355
-35.0681 9.74245 -1.56865
-35.0739 9.75738 -1.56873
-35.0707 9.75265 -1.56873
-35.0765 9.76702 -1.5688
-35.0523 8.90105 -1.58375
-35.0582 8.91658 -1.58384
-35.0549 8.91148 -1.58383
-35.0608 8.92647 -1.58391
-35.0902 8.73255 -1.57908
-35.0961 8.74759 -1.57915
-35.0929 8.74283 -1.57915
-35.0988 8.75732 -1.57922
-35.0674 7.94488 -1.57827
-35.0733 7.96053 -1.57835
-35.0701 7.95539 -1.57834
-35.076 7.97049 -1.57842
-35.1009 7.77637 -1.57362
-35.1068 7.79153 -1.5737
-35.1036 7.78674 -1.57369
-35.1096 7.80133 -1.57376
-35.0564 6.97167 -1.57444
-35.0623 6.98779 -1.57451
-35.0591 6.98251 -1.57449
-35.065 6.99807 -1.57455
-35.0859 6.80314 -1.56994
-35.0918 6.81876 -1.56999
-35.0886 6.81384 -1.56998
-35.0946 6.82889 -1.57003
-35.0441 5.98217 -1.57683
-35.05 5.99874 -1.57689
-35.0467 5.99334 -1.57687
-35.0527 6.00935 -1.57693
-35.0696 5.81362 -1.57234
-35.0756 5.82971 -1.57238
-35.0724 5.82465 -1.57237
-35.0783 5.84016 -1.57242
-35.0427 4.97139 -1.58127
-35.0486 4.98843 -1.58134
-35.0453 4.98289 -1.58132
-35.0512 4.99936 -1.58139
-35.0642 4.80278 -1.57666
-35.0702 4.81933 -1.57672
-35.0669 4.81415 -1.5767
-35.0729 4.8301 -1.57676
-35.0457 3.95868 -1.57172
-35.0516 3.97619 -1.57182
-35.0483 3.97052 -1.57179
-35.0542 3.98745 -1.57189
-35.0631 3.78999 -1.56685
-35.069 3.807 -1.56694
-35.0658 3.80169 -1.56692
-35.0717 3.81811 -1.56701
-35.0699 2.9598 -1.56193
-35.0759 2.97778 -1.56208
-35.0726 2.97197 -1.56205
-35.0786 2.98936 -1.56219
-35.0831 2.79092 -1.55669
-35.089 2.8084 -1.55682
-35.0857 2.80296 -1.55679
-35.0917 2.81983 -1.55692
-35.0659 1.94454 -1.57489
-35.0719 1.96298 -1.5751
-35.0686 1.95704 -1.57506
-35.0746 1.97488 -1.57526
-35.0742 1.77561 -1.56912
-35.0802 1.79355 -1.56932
-35.0769 1.78798 -1.56929
-35.0829 1.8053 -1.56947
-35.0832 0.977034 -1.56045
-35.0895 0.995729 -1.5607
-35.0861 0.98972 -1.56065
-35.0923 1.0078 -1.56088
-35.0862 0.807917 -1.5544
-35.0924 0.826103 -1.55463
-35.0891 0.82047 -1.55459
-35.0953 0.838034 -1.5548
-35.0198 -0.033344 -1.56252
-35.0262 -0.0144672 -1.56275
-35.0227 -0.0205343 -1.56271
-35.0291 -0.00226928 -1.56293
-35.017 -0.201952 -1.55634
-35.0233 -0.183583 -1.55655
-35.0199 -0.189273 -1.55652
-35.0262 -0.171529 -1.55672
-35.0607 -1.015 -1.54722
-35.0671 -0.995677 -1.54744
-35.0636 -1.00188 -1.54741
-35.07 -0.983178 -1.5476
-35.0522 -1.18375 -1.54084
-35.0585 -1.16494 -1.54102
-35.0551 -1.17076 -1.54101
-35.0614 -1.15258 -1.54118
-35.027 -1.98715 -1.55888
-35.0334 -1.96742 -1.55912
-35.0299 -1.97373 -1.55911
-35.0364 -1.95463 -1.55932
-35.0126 -2.15556 -1.55221
-35.0189 -2.13635 -1.55242
-35.0155 -2.14228 -1.55242
-35.0218 -2.1237 -1.55261
-35.0087 -2.96596 -1.56107
-35.0152 -2.94603 -1.56124
-35.0117 -2.95241 -1.56125
-35.0182 -2.9331 -1.5614
-34.9878 -3.13424 -1.55434
-34.9942 -3.11482 -1.55449
-34.9908 -3.12081 -1.55451
-34.9972 -3.10203 -1.55464
-34.9814 -3.97636 -1.57249
-34.988 -3.95621 -1.57263
-34.9846 -3.96266 -1.57266
-34.9911 -3.94315 -1.57278
-34.9538 -4.14444 -1.5657
-34.9603 -4.1248 -1.56581
-34.957 -4.13087 -1.56585
-34.9633 -4.11188 -1.56595
-34.9723 -4.95397 -1.57205
-34.9788 -4.93328 -1.5721
-34.9754 -4.93988 -1.57215
-34.9818 -4.91984 -1.57219
-34.9381 -5.12211 -1.56518
-34.9443 -5.10193 -1.5652
-34.9411 -5.10814 -1.56527
-34.9473 -5.08862 -1.56528
-34.999 -6.00072 -1.57055
-35.0052 -5.97947 -1.57058
-35.002 -5.98623 -1.57064
-35.0082 -5.96565 -1.57066
-34.9575 -6.16915 -1.56362
-34.9636 -6.14842 -1.56362
-34.9604 -6.15478 -1.5637
-34.9664 -6.13473 -1.56368
-34.9864 -7.0225 -1.56804
-34.9924 -7.00071 -1.56811
-34.9892 -7.00762 -1.56817
-34.9952 -6.98651 -1.56823
-34.9378 -7.19096 -1.56106
-34.9436 -7.16969 -1.56109
-34.9406 -7.1762 -1.56118
-34.9463 -7.15562 -1.5612
-34.966 -8.0185 -1.57534
-34.972 -7.99663 -1.57541
-34.969 -8.00357 -1.57548
-34.975 -7.98238 -1.57553
-34.9104 -8.18682 -1.56836
-34.9162 -8.16547 -1.5684
-34.9133 -8.17201 -1.56848
-34.919 -8.15135 -1.5685
-34.9432 -9.00883 -1.57568
-34.9493 -8.98687 -1.57575
-34.9463 -8.99385 -1.57582
-34.9523 -8.97257 -1.57588
-34.8807 -9.17699 -1.5687
-34.8865 -9.15555 -1.56874
-34.8837 -9.16213 -1.56883
-34.8894 -9.14138 -1.56885
-34.9516 -10.0127 -1.57716
-34.9577 -9.99062 -1.57724
-34.9548 -9.99763 -1.57732
-34.9608 -9.97626 -1.57739
-34.8821 -10.1809 -1.57018
-34.8879 -10.1594 -1.57023
-34.8852 -10.166 -1.57033
-34.8908 -10.1451 -1.57037
-35.9483 -9.99715 3.13467
-35.9544 -9.97494 3.13459
-35.9515 -9.98189 3.1345
-35.9574 -9.96038 3.13444
-35.8789 -10.1724 -3.14155
-35.8847 -10.1507 3.14159
-35.8819 -10.1572 3.14148
-35.8876 -10.1363 3.14145
-36.9826 -9.98659 -3.13805
-36.9886 -9.96421 -3.1381
-36.9857 -9.9711 -3.1382
-36.9916 -9.94944 -3.13824
-36.9132 -10.169 -3.13109
-36.9189 -10.1472 -3.13111
-36.9162 -10.1537 -3.13124
-36.9218 -10.1326 -3.13124
-37.9994 -9.99801 3.13083
-38.0052 -9.97504 3.13097
-38.0023 -9.98198 3.13076
-38.008 -9.95975 3.13091
-37.9299 -10.1877 3.13771
-37.9354 -10.1653 3.13787
-37.9327 -10.1718 3.13765
-37.9381 -10.1502 3.13783
-39.0049 -10.0376 -3.13863
-39.0104 -10.0142 -3.13818
-39.0076 -10.0211 -3.13851
-39.013 -9.9985 -3.13805
-38.935 -10.2343 -3.13187
-38.9402 -10.2116 -3.13139
-38.9376 -10.218 -3.13174
-38.9427 -10.196 -3.13125
-40.0007 -10.0567 -3.1404
-40.006 -10.0335 -3.13973
-40.0032 -10.0401 -3.14016
-40.0085 -10.0176 -3.13947
-39.9307 -10.2603 -3.13371
-39.9357 -10.2377 -3.13301
-39.9331 -10.2438 -3.13345
-39.938 -10.222 -3.13275
-41.0287 -10.0546 3.12615
-41.0339 -10.0319 3.12694
-41.0311 -10.0382 3.12647
-41.0363 -10.0163 3.12727
-40.9587 -10.2651 3.13281
-40.9636 -10.2431 3.13362
-40.961 -10.2488 3.13314
-40.9658 -10.2276 3.13396
-42.0151 -10.0201 3.13754
-42.0201 -9.998 3.13856
-42.0174 -10.0038 3.138
-42.0224 -9.98244 3.13903
-41.9453 -10.2373 -3.13906
-41.95 -10.2159 -3.13801
-41.9475 -10.2211 -3.13859
-41.9522 -10.2005 -3.13754
-43.0477 -10.0344 3.13708
-43.0525 -10.013 3.13869
-43.0498 -10.0182 3.13793
-43.0546 -9.99751 3.13953
-42.9779 -10.2587 -3.13972
-42.9824 -10.2379 -3.13809
-42.9798 -10.2426 -3.13886
-42.9842 -10.2227 -3.13724
-44.064 -10.0104 -3.13969
-44.0689 -9.99043 -3.13759
-44.066 -9.99455 -3.13861
-44.0709 -9.97547 -3.13652
-43.9943 -10.2413 -3.13342
-43.9988 -10.2221 -3.13131
-43.9962 -10.2257 -3.13233
-44.0007 -10.2074 -3.13023
-45.0311 -9.99628 3.13839
-45.0357 -9.97775 3.14039
-45.033 -9.9816 3.13957
-45.0376 -9.9639 3.14156
-44.9614 -10.2332 -3.1386
-44.9657 -10.2154 -3.13659
-44.9632 -10.2188 -3.13741
-44.9674 -10.2018 -3.13541
-46.0457 -10.0115 3.13993
-46.0499 -9.99429 -3.14142
-46.0476 -9.99817 3.14115
-46.0518 -9.98179 -3.14021
-45.976 -10.2546 -3.13709
-45.9798 -10.2382 -3.13525
-45.9777 -10.2416 -3.13586
-45.9815 -10.226 -3.13403
-47.0146 -9.996 -3.13854
-47.0186 -9.97981 -3.13675
-47.0165 -9.98405 -3.13731
-47.0204 -9.96865 -3.13554
-46.945 -10.245 -3.13239
-46.9486 -10.2296 -3.1306
-46.9467 -10.2334 -3.13115
-46.9502 -10.2187 -3.12937
-48.0271 -10.0242 3.13846
-48.0301 -10.0079 3.14073
-48.0288 -10.0139 3.13971
-48.0317 -9.99841 -3.14123
-47.9573 -10.2793 -3.13862
-47.9599 -10.2638 -3.13635
-47.9588 -10.2693 -3.13737
-47.9614 -10.2546 -3.13511
-49.0349 -9.99017 3.13181
-49.0376 -9.97545 3.13437
-49.0366 -9.98127 3.13301
-49.0393 -9.96729 3.13556
-48.9653 -10.2514 3.1379
-48.9677 -10.2374 3.14047
-48.9668 -10.2427 3.13912
-48.9691 -10.2295 -3.14152
-50.0391 -9.99414 3.12943
-50.041 -9.98121 3.13252
-50.0407 -9.98661 3.13052
-50.0426 -9.97439 3.13359
-49.9695 -10.2613 3.13552
-49.971 -10.2492 3.13862
-49.9709 -10.2541 3.13663
-49.9724 -10.2427 3.13971
-50.0422 -10.9966 -1.58197
-50.0405 -10.9832 -1.57801
-50.0427 -10.9893 -1.58083
-50.041 -10.9766 -1.57688
-49.9664 -11.2639 -1.57586
-49.9644 -11.2513 -1.57189
-49.9668 -11.2569 -1.5747
-49.9646 -11.245 -1.57076
-50.0546 -11.9835 -1.58399
-50.0489 -11.9697 -1.57941
-50.054 -11.9763 -1.58284
-50.0482 -11.9632 -1.57829
-49.9728 -12.2509 -1.57787
-49.9667 -12.2378 -1.57329
-49.972 -12.2441 -1.57671
-49.9658 -12.2316 -1.57215
-50.0732 -12.9889 -1.58741
-50.0623 -12.9734 -1.58074
-50.0715 -12.9823 -1.58624
-50.0605 -12.9675 -1.57961
-49.9853 -13.2567 -1.58127
-49.974 -13.2419 -1.5746
-49.9833 -13.2504 -1.58009
-49.9719 -13.2363 -1.57346
-50.0599 -14.0091 -1.57691
-50.0422 -13.9913 -1.56799
-50.0569 -14.003 -1.57574
-50.0392 -13.9859 -1.56689
-49.9656 -14.277 -1.57076
-49.9476 -14.2599 -1.56185
-49.9624 -14.2713 -1.56958
-49.9443 -14.2548 -1.56073
-50.058 -15.0003 -1.56908
-50.0309 -14.9831 -1.56054
-50.0538 -14.9942 -1.56788
-50.0267 -14.9777 -1.5594
-49.9576 -15.2682 -1.56293
-49.9302 -15.2516 -1.5544
-49.9532 -15.2624 -1.56172
-49.9258 -15.2465 -1.55325
-50.0431 -16.0105 -1.56946
-50.0067 -15.9921 -1.55924
-50.0376 -16.0049 -1.56822
-50.0014 -15.9872 -1.55808
-49.9365 -16.2786 -1.5633
-49.8998 -16.2606 -1.55309
-49.9308 -16.2732 -1.56205
-49.8941 -16.256 -1.55192
-50.0475 -17.0412 -1.58094
-49.9983 -17.0186 -1.56765
-50.0409 -17.0366 -1.57971
-49.9918 -17.0146 -1.56656
-49.9345 -17.3096 -1.57478
-49.885 -17.2874 -1.56151
-49.9277 -17.3052 -1.57354
-49.8782 -17.2837 -1.5604
-50.0524 -18.0361 -1.57798
-49.9905 -18.0081 -1.5621
-50.0448 -18.0319 -1.57696
-49.9832 -18.0044 -1.56124
-49.9333 -18.3045 -1.57181
-49.8712 -18.2769 -1.55594
-49.9254 -18.3005 -1.57077
-49.8636 -18.2734 -1.55507
-50.0673 -19.0174 -1.58673
-49.9881 -18.9875 -1.56943
-50.0588 -19.0135 -1.58575
-49.98 -18.9841 -1.56864
-49.9422 -19.286 -1.58056
-49.8627 -19.2564 -1.56328
-49.9334 -19.2823 -1.57957
-49.8543 -19.2532 -1.56248
-50.0728 -20.0342 -1.57659
-49.9724 -19.9982 -1.55628
-50.0638 -20.0308 -1.57581
-49.9641 -19.9953 -1.55572
-49.9413 -20.3029 -1.5704
-49.8408 -20.267 -1.55012
-49.932 -20.2997 -1.5696
-49.8322 -20.2644 -1.54954
-50.0783 -21.0561 -1.55676
-49.9533 -21.0084 -1.53139
-50.0692 -21.0539 -1.55612
-49.9452 -21.0066 -1.53103
-49.9405 -21.3251 -1.55055
-49.8155 -21.2774 -1.52522
-49.9311 -21.3231 -1.54989
-49.8069 -21.2758 -1.52483
-50.0764 -22.0755 -1.5676
-49.9218 -22.0159 -1.53814
-50.0673 -22.0744 -1.56694
-49.914 -22.0152 -1.53779
-49.9323 -22.3447 -1.56137
-49.7777 -22.2849 -1.53196
-49.9228 -22.3438 -1.5607
-49.7695 -22.2844 -1.53159
-50.0635 -23.0171 -1.56537
-49.8691 -22.9248 -1.52684
-50.0556 -23.0191 -1.56433
-49.863 -22.9271 -1.52616
-49.9134 -23.2868 -1.55911
-49.7194 -23.1941 -1.52063
-49.9051 -23.2891 -1.55805
-49.7128 -23.1967 -1.51993
-50.0367 -24.0151 -1.56383
-49.7971 -23.9036 -1.52192
-50.029 -24.0187 -1.56242
-49.7915 -23.9075 -1.52088
-49.8804 -24.285 -1.55754
-49.6413 -24.1729 -1.5157
-49.8722 -24.2889 -1.55612
-49.6352 -24.177 -1.51464
-50.0373 -24.9997 -1.56988
-49.7482 -24.8634 -1.52608
-50.03 -25.0057 -1.56753
-49.7436 -24.8695 -1.52404
-49.8748 -25.2701 -1.56357
-49.5864 -25.1329 -1.51983
-49.867 -25.2763 -1.56121
-49.5813 -25.1392 -1.51779
-50.0708 -25.9626 -1.56373
-49.7314 -25.8029 -1.51996
-50.0632 -25.971 -1.56003
-49.7268 -25.8113 -1.51648
-49.9022 -26.2337 -1.55742
-49.5637 -26.0727 -1.51371
-49.894 -26.2423 -1.5537
-49.5586 -26.0814 -1.51021
-50.0504 -26.9702 -1.56213
-49.6589 -26.7846 -1.52071
-50.0409 -26.9809 -1.5566
-49.6527 -26.7951 -1.51526
-49.8754 -27.2416 -1.55581
-49.485 -27.0544 -1.51443
-49.8653 -27.2525 -1.55027
-49.4783 -27.0652 -1.50898
-50.0436 -27.9716 -1.56304
-49.6021 -27.7622 -1.52562
-50.0305 -27.9844 -1.55558
-49.5925 -27.7745 -1.51812
-49.8623 -28.2434 -1.55671
-49.4221 -28.0321 -1.51933
-49.8486 -28.2564 -1.54925
-49.4119 -28.0447 -1.51183
-50.025 -28.9852 -1.56259
-49.537 -28.7516 -1.53162
-50.0063 -29 -1.55271
-49.5219 -28.7657 -1.52157
-49.8373 -29.2573 -1.55626
-49.3507 -29.0216 -1.52531
-49.818 -29.2723 -1.54639
-49.335 -29.0359 -1.51526
-50.0423 -29.9881 -1.57134
-49.5186 -29.7398 -1.54526
-50.0143 -30.0044 -1.55975
-49.4941 -29.7549 -1.53341
-49.8481 -30.2606 -1.56502
-49.3261 -30.0099 -1.53894
-49.8196 -30.277 -1.55343
-49.301 -30.0252 -1.52709
-50.0384 -30.9773 -1.56237
-49.4814 -30.7066 -1.54536
-50.0001 -30.9952 -1.54797
-49.4463 -30.723 -1.5306
-49.838 -31.2502 -1.55606
-49.2827 -30.9769 -1.53902
-49.7991 -31.2681 -1.54166
-49.247 -30.9935 -1.52427
-50.0356 -31.9687 -1.56441
-49.4525 -31.6732 -1.55933
-49.9831 -31.9873 -1.54678
-49.4028 -31.6901 -1.5413
-49.8289 -32.242 -1.55811
-49.2477 -31.9438 -1.55298
-49.7758 -32.2606 -1.54048
-49.1974 -31.9607 -1.53495
-50.0357 -32.9549 -1.57758
-49.4383 -32.6345 -1.58669
-49.9659 -32.9743 -1.5567
-49.3709 -32.6521 -1.56547
-49.8227 -33.2287 -1.57131
-49.2274 -32.9056 -1.58035
-49.7524 -33.2479 -1.55042
-49.1594 -32.923 -1.55912
-50.0403 -33.952 -1.58355
-49.4485 -33.6167 -1.59922
-49.9494 -33.9718 -1.56191
-49.3597 -33.635 -1.5773
-49.8211 -34.226 -1.57727
-49.2314 -33.888 -1.59287
-49.7296 -34.2456 -1.55564
-49.1419 -33.906 -1.57095
-50.0416 -34.9401 -1.57032
-49.4659 -34.6015 -1.58947
-49.9262 -34.9577 -1.54824
-49.3521 -34.6178 -1.56715
-49.8163 -35.2143 -1.56405
-49.2424 -34.873 -1.58312
-49.7003 -35.2314 -1.54197
-49.1281 -34.8889 -1.5608
-50.0602 -35.946 -1.57027
-49.5076 -35.6117 -1.59374
-49.9119 -35.9544 -1.54939
-49.3606 -35.6196 -1.5726
-49.8285 -36.2204 -1.56404
-49.2778 -35.8837 -1.58741
-49.6796 -36.2282 -1.54315
-49.1301 -35.8909 -1.56627
-50.0569 -36.9629 -1.57484
-49.529 -36.6297 -1.59848
-49.8937 -36.9827 -1.54912
-49.3669 -36.6493 -1.57255
-49.8189 -37.2372 -1.56861
-49.2927 -36.9017 -1.59216
-49.655 -37.2563 -1.54289
-49.13 -36.9207 -1.56623
-50.0507 -37.9621 -1.57492
-49.5513 -37.6294 -1.60243
-49.8689 -37.9913 -1.54349
-49.3708 -37.6589 -1.57082
-49.8064 -38.2367 -1.56873
-49.3087 -37.9018 -1.59614
-49.624 -38.265 -1.5373
-49.1275 -37.9305 -1.56452
-50.0686 -38.9701 -1.56462
-49.6015 -38.6375 -1.59648
-49.8488 -38.9307 -1.56337
-49.3811 -38.5997 -1.59514
-49.8181 -39.245 -1.5585
-49.3525 -38.9105 -1.59024
-49.598 -39.2045 -1.55724
-49.1318 -38.8716 -1.58889
-50.0395 -39.9545 -1.56661
-49.6063 -39.6221 -1.59857
-49.8101 -39.8971 -1.57938
-49.3756 -39.5667 -1.61125
-49.783 -40.2292 -1.56049
-49.3512 -39.8951 -1.59233
-49.5534 -40.1707 -1.57324
-49.1203 -39.8385 -1.60501
-50.0545 -40.9568 -1.56167
-49.6578 -40.6245 -1.59647
-49.8589 -40.8302 -1.5929
-49.4591 -40.4989 -1.62754
-49.7919 -41.2318 -1.55561
-49.3965 -40.8981 -1.5903
-49.5965 -41.1044 -1.58683
-49.1979 -40.7715 -1.62135
-50.0588 -41.9529 -1.56682
-49.7011 -41.6213 -1.60404
-49.8939 -41.8266 -1.5927
-49.5328 -41.4949 -1.62984
-49.7901 -42.2283 -1.56087
-49.4335 -41.8954 -1.59798
-49.6254 -42.1013 -1.58673
-49.2655 -41.7683 -1.62375
-50.0525 -42.9251 -1.56828
-49.7325 -42.5934 -1.60607
-49.9116 -42.8 -1.59245
-49.5882 -42.4673 -1.63018
-49.7781 -43.2005 -1.56236
-49.4591 -42.8677 -1.60004
-49.6372 -43.0748 -1.58651
-49.3149 -42.7411 -1.62412
-50.0661 -43.918 -1.56632
-49.7841 -43.585 -1.60413
-49.9484 -43.7944 -1.58984
-49.6629 -43.4596 -1.62762
-49.7857 -44.1934 -1.56041
-49.5046 -43.8597 -1.59811
-49.6681 -44.0694 -1.58391
-49.3837 -43.7338 -1.62156
-50.0676 -44.9346 -1.56954
-49.8269 -44.6019 -1.60742
-49.9733 -44.8095 -1.59091
-49.7292 -44.4741 -1.6288
-49.7812 -45.2103 -1.56372
-49.5413 -44.877 -1.60149
-49.6871 -45.0849 -1.58507
-49.4438 -44.749 -1.62285
-50.0791 -45.9434 -1.5799
-49.8779 -45.6099 -1.61755
-50.0063 -45.8172 -1.60055
-49.8017 -45.4802 -1.63822
-49.7869 -46.2193 -1.57412
-49.5864 -45.8855 -1.61165
-49.7142 -46.0929 -1.59474
-49.5103 -45.7556 -1.63229
-50.0684 -46.9254 -1.55886
-49.9072 -46.593 -1.59525
-50.0136 -46.7996 -1.57685
-49.849 -46.4629 -1.61333
-49.7705 -47.2015 -1.55319
-49.6099 -46.869 -1.58948
-49.7158 -47.0756 -1.57115
-49.5518 -46.7388 -1.60753
-50.0712 -47.9386 -1.56451
-49.9488 -47.6065 -1.59933
-50.0324 -47.8128 -1.58043
-49.9068 -47.4759 -1.61539
-49.7677 -48.215 -1.55893
-49.6458 -47.883 -1.59366
-49.7289 -48.0892 -1.57482
-49.6039 -47.7524 -1.60969
-50.0797 -48.947 -1.57227
-49.9939 -48.6149 -1.6054
-50.0551 -48.8212 -1.5867
-49.9662 -48.4839 -1.62001
-49.7706 -49.2235 -1.56677
-49.6851 -48.8919 -1.59981
-49.746 -49.0978 -1.58118
-49.6575 -48.761 -1.6144
-50.0951 -49.9452 -1.57384
-50.0425 -49.6129 -1.60596
-50.0838 -49.8194 -1.58759
-50.0284 -49.4815 -1.61991
-49.7805 -50.2219 -1.56837
-49.7282 -49.8903 -1.60041
-49.7692 -50.0963 -1.5821
-49.7141 -49.759 -1.61434
-49.0716 -49.9635 0.00223853
-49.0201 -49.6639 -0.031015
-49.061 -49.8519 -0.0122156
-49.0071 -49.5467 -0.0456549
-48.757 -50.2346 0.00772467
-48.7056 -49.9355 -0.0254469
-48.7463 -50.1231 -0.00670779
-48.6925 -49.8184 -0.0400641
-48.0794 -49.9631 -0.00291849
-48.031 -49.6948 -0.0339086
-48.0683 -49.8646 -0.0161917
-48.018 -49.5911 -0.0473915
-47.7648 -50.229 0.00250413
-47.7163 -49.9611 -0.0284137
-47.7535 -50.1307 -0.0107499
-47.7032 -49.8575 -0.0418765
-47.0848 -49.9596 -0.00659596
-47.0407 -49.7209 -0.0344816
-47.0739 -49.8736 -0.0185485
-47.0284 -49.6297 -0.0466592
-46.7702 -50.2203 -0.00123047
-46.726 -49.982 -0.0290552
-46.7591 -50.1344 -0.0131668
-46.7134 -49.891 -0.0412159
-46.0672 -49.9518 -0.0264719
-46.0285 -49.7406 -0.0507767
-46.0565 -49.8773 -0.0370084
-46.0166 -49.6613 -0.0615379
-45.7527 -50.2073 -0.0211049
-45.7137 -49.9966 -0.0453592
-45.7417 -50.133 -0.0316281
-45.7016 -49.9173 -0.0561064
-45.0543 -49.9644 -0.0136456
-45.0213 -49.7771 -0.0345114
-45.044 -49.9 -0.0229125
-45.01 -49.7081 -0.043989
-44.7399 -50.2148 -0.00821062
-44.7063 -50.0279 -0.0290334
-44.7292 -50.1505 -0.0174665
-44.6948 -49.9589 -0.0384996
-44.0711 -49.9581 -0.00996811
-44.0401 -49.7896 -0.0294542
-44.0607 -49.9021 -0.0186947
-44.0291 -49.7291 -0.0383867
-43.7567 -50.2032 -0.00451373
-43.7251 -50.035 -0.0239601
-43.746 -50.1472 -0.0132302
-43.7137 -49.9746 -0.032882
-43.0613 -50.0083 -0.0176723
-43.0345 -49.8581 -0.0346165
-43.0514 -49.9603 -0.0254047
-43.0241 -49.8058 -0.0425401
-42.7466 -50.2481 -0.0121382
-42.7191 -50.0982 -0.0290468
-42.7363 -50.2002 -0.0198618
-42.7083 -50.046 -0.0369614
-42.0703 -50.0108 -0.0196262
-42.0447 -49.8774 -0.0348855
-42.0599 -49.9699 -0.026286
-42.0338 -49.8325 -0.041728
-41.7553 -50.2455 -0.013982
-41.7289 -50.1124 -0.0292099
-41.7444 -50.2047 -0.0206344
-41.7176 -50.0676 -0.0360448
-41.0828 -50.0137 -0.0050335
-41.0577 -49.8955 -0.0192128
-41.072 -49.9791 -0.0110829
-41.0467 -49.8571 -0.0254367
-40.7675 -50.2431 0.000744434
-40.7416 -50.1252 -0.0134056
-40.7563 -50.2086 -0.0052983
-40.7301 -50.0868 -0.0196227
-40.0928 -50.0389 0.00758058
-40.0684 -49.9347 -0.00601543
-40.0819 -50.0101 0.00184116
-40.0573 -49.9022 -0.0119242
-39.7773 -50.2627 0.0134526
-39.7519 -50.1588 -0.000115157
-39.7659 -50.2339 0.00771947
-39.7404 -50.1263 -0.00601762
-39.0836 -50.0406 -0.00276177
-39.0594 -49.95 -0.0160219
-39.0726 -50.0174 -0.00836875
-39.0483 -49.9233 -0.0217947
-38.768 -50.2585 0.00317998
-38.7428 -50.1682 -0.0100526
-38.7565 -50.2354 -0.00242094
-38.7312 -50.1415 -0.0158193
-38.0725 -50.0256 -0.00997289
-38.048 -49.9484 -0.0229642
-38.0613 -50.0078 -0.0153528
-38.0368 -49.9272 -0.0285073
-37.7568 -50.2377 -0.00397448
-37.7313 -50.1606 -0.0169381
-37.745 -50.2199 -0.00934822
-37.7194 -50.1395 -0.022475
-37.0504 -50.0232 -3.78477e-05
-37.0258 -49.9591 -0.0127807
-37.039 -50.0105 -0.00527122
-37.0145 -49.9433 -0.0181745
-36.7345 -50.2293 0.00606214
-36.7088 -50.1654 -0.00665321
-36.7225 -50.2167 0.000834893
-36.6968 -50.1496 -0.0120408
-36.0526 -50.0481 -0.00412394
-36.0282 -49.9966 -0.016439
-36.0411 -50.0403 -0.00920773
-36.0168 -49.9857 -0.0216775
-35.7362 -50.2482 0.00219308
-35.7106 -50.1968 -0.0100948
-35.7241 -50.2405 -0.00288473
-35.6986 -50.1861 -0.0153274
-35.0277 -50.0243 -0.0093744
-35.0028 -49.9849 -0.0211146
-35.0158 -50.0214 -0.0142694
-34.9911 -49.9791 -0.0261575
-34.7112 -50.2179 -0.00275741
-34.6849 -50.1786 -0.0144704
-34.6986 -50.215 -0.00764629
-34.6725 -50.1729 -0.0195073
-34.0633 -50.0594 -0.00747847
-34.0385 -50.0308 -0.0187564
-34.0513 -50.0608 -0.0122752
-34.0267 -50.0295 -0.0236951
-33.7461 -50.2465 -0.000579516
-33.7199 -50.2181 -0.0118304
-33.7334 -50.2479 -0.00537018
-33.7074 -50.2168 -0.0167631
-33.0206 -50.071 0.000826341
-32.9948 -50.0532 -0.00970906
-33.0081 -50.0768 -0.00367856
-32.9824 -50.0564 -0.0143494
-32.7023 -50.2507 0.00810156
-32.6749 -50.233 -0.00240628
-32.6889 -50.2565 0.00360338
-32.6618 -50.2362 -0.0070399
-32.0275 -50.0469 -0.00215872
-32.0008 -50.0387 -0.0111293
-32.0146 -50.0567 -0.00588416
-31.9882 -50.0461 -0.0149827
-31.7075 -50.2192 0.00549021
-31.6794 -50.2111 -0.00345255
-31.6938 -50.229 0.00177255
-31.666 -50.2185 -0.00729806
-31.0202 -50.042 -0.00308324
-30.9932 -50.042 -0.0110275
-31.0071 -50.0552 -0.00630218
-30.9804 -50.0529 -0.0143698
-30.6991 -50.2064 0.00481657
-30.6704 -50.2064 -0.00310087
-30.6852 -50.2196 0.00160555
-30.6569 -50.2173 -0.00643509
-30.0334 -50.0536 0.00565931
-30.0058 -50.06 -0.000899259
-30.02 -50.0692 0.00311691
-29.9927 -50.0734 -0.00355933
-29.7102 -50.2099 0.0139086
-29.681 -50.2163 0.00737341
-29.6961 -50.2255 0.0113732
-29.6672 -50.2297 0.00472072
-29.0433 -50.0353 0.0041443
-29.0149 -50.0468 -0.00137325
-29.0296 -50.0527 0.00210734
-29.0015 -50.0621 -0.00352405
-28.7183 -50.1831 0.0126862
-28.6883 -50.1946 0.00718659
-28.7038 -50.2005 0.0106542
-28.6741 -50.2099 0.00504119
-28.0597 -50.0347 0.00810177
-28.0308 -50.0504 0.00389202
-28.0458 -50.0535 0.00670615
-28.0172 -50.0673 0.00238564
-27.732 -50.1741 0.0169845
-27.7014 -50.1897 0.0127889
-27.7172 -50.1929 0.0155927
-27.687 -50.2066 0.0112869
-27.0653 -50.0123 0.00400403
-27.0357 -50.031 0.000800626
-27.051 -50.032 0.00309841
-27.0218 -50.0488 -0.00021347
-26.735 -50.1429 0.013234
-26.7037 -50.1615 0.0100391
-26.7199 -50.1624 0.01233
-26.689 -50.1792 0.00902731
-26.0482 -49.9996 -0.00542
-26.0184 -50.0209 -0.00828138
-26.0339 -50.0198 -0.00616073
-26.0044 -50.0394 -0.00912964
-25.7171 -50.1206 0.00396923
-25.6856 -50.1419 0.00111369
-25.702 -50.1408 0.00322904
-25.6708 -50.1604 0.000266721
-25.0621 -50.0193 0.00405559
-25.032 -50.0427 0.00172366
-25.0476 -50.0399 0.00356527
-25.0178 -50.0616 0.00112772
-24.729 -50.131 0.0137746
-24.6971 -50.1543 0.0114431
-24.7137 -50.1515 0.0132825
-24.6821 -50.1733 0.0108462
-24.0545 -50.0282 0.00138938
-24.0241 -50.0535 -0.00067842
-24.0399 -50.049 0.00103933
-24.0098 -50.0727 -0.00113619
-23.7203 -50.1298 0.0113122
-23.6882 -50.1549 0.00924665
-23.7048 -50.1505 0.0109613
-23.673 -50.1742 0.00878898
-23.0435 -50.0192 0.000237862
-23.0118 -50.0458 -0.000940275
-23.0282 -50.04 0.000345472
-22.9968 -50.0651 -0.000945596
-22.7058 -50.1101 0.011148
-22.6724 -50.1366 0.00997402
-22.6897 -50.1307 0.0112561
-22.6566 -50.1558 0.00997039
-22.0358 -50.024 -0.0182215
-22.0029 -50.051 -0.0187034
-22.0199 -50.0441 -0.017768
-21.9873 -50.0699 -0.0183654
-21.6946 -50.1031 -0.00648988
-21.66 -50.13 -0.00696901
-21.6779 -50.1232 -0.00603639
-21.6435 -50.1488 -0.00662962
-21.0257 -50.0383 -0.0160723
-20.9915 -50.065 -0.0160548
-21.0091 -50.0575 -0.0153866
-20.9752 -50.0831 -0.0154845
-20.6808 -50.1049 -0.0036917
-20.6449 -50.1315 -0.00367526
-20.6634 -50.1241 -0.00300776
-20.6278 -50.1495 -0.00310521
-20.0599 -50.0829 -0.00669439
-20.0245 -50.1088 -0.00637518
-20.0426 -50.1011 -0.00589007
-20.0075 -50.126 -0.00568332
-19.7109 -50.1369 0.00614092
-19.6737 -50.1626 0.00645339
-19.6928 -50.1549 0.00694073
-19.656 -50.1797 0.00714231
-19.0699 -50.1031 -0.00871522
-19.0332 -50.128 -0.00828909
-19.0519 -50.12 -0.00790466
-19.0156 -50.144 -0.00758505
-18.7171 -50.1437 0.00439965
-18.6787 -50.1683 0.00481191
-18.6984 -50.1605 0.00520208
-18.6603 -50.1843 0.00550939
-18.0753 -50.0788 0.00793241
-18.0374 -50.1024 0.0082837
-18.0568 -50.0944 0.0086435
-18.0191 -50.1173 0.00889728
-17.7194 -50.1056 0.021191
-17.6798 -50.1291 0.0215202
-17.7001 -50.1212 0.0218896
-17.6607 -50.1439 0.0221228
-17.0783 -50.0433 0.0111
-17.0391 -50.0658 0.0111977
-17.0591 -50.0578 0.0116075
-17.0202 -50.0797 0.0116198
-16.7194 -50.0562 0.0243762
-16.6785 -50.0786 0.0244424
-16.6994 -50.0706 0.0248661
-16.6588 -50.0923 0.0248482
-16.063 -50.087 -0.000785446
-16.0226 -50.1086 -0.00114824
-16.0432 -50.1005 -0.000600553
-16.003 -50.1216 -0.00103383
-15.7 -50.0857 0.0123083
-15.6579 -50.1072 0.011903
-15.6794 -50.0992 0.0124694
-15.6375 -50.1201 0.0119948
-15.053 -50.1038 -0.00222727
-15.0121 -50.1255 -0.00283858
-15.0329 -50.117 -0.00220615
-14.9922 -50.1383 -0.00288152
-14.6889 -50.0898 0.0109074
-14.6463 -50.1114 0.0102491
-14.6681 -50.1029 0.0109021
-14.6257 -50.1241 0.0101807
-14.0519 -50.0798 0.00434314
-14.0104 -50.102 0.00342442
-14.0315 -50.0929 0.00416941
-13.9903 -50.1146 0.00319336
-13.6873 -50.0531 0.0176526
-13.6441 -50.0752 0.0166816
-13.6662 -50.0662 0.0174492
-13.6232 -50.0878 0.0164218
-13.0495 -50.0542 0.020125
-13.0086 -50.0769 0.0195537
-13.0294 -50.0673 0.0200866
-12.9888 -50.0897 0.0194662
-12.681 -50.0216 0.0276606
-12.6384 -50.0443 0.0270434
-12.6601 -50.0347 0.0275957
-12.6178 -50.057 0.0269303
-12.0227 -50.0404 0.0121074
-11.9821 -50.0633 0.011734
-12.0027 -50.0534 0.0121419
-11.9624 -50.076 0.0117248
-11.6513 -50.007 0.0160784
-11.6091 -50.0299 0.0156596
-11.6306 -50.02 0.0160878
-11.5886 -50.0426 0.0156263
-11.0161 -50.0219 0.0089813
-10.9761 -50.0448 0.00887663
-10.9964 -50.0348 0.00910973
-10.9567 -50.0574 0.00896987
-10.6403 -49.9908 0.00768385
-10.5986 -50.0138 0.00753674
-10.6199 -50.0037 0.0077883
-10.5785 -50.0264 0.0076069
-10.0022 -50.0059 0.000667434
-9.9627 -50.0287 0.000747568
-9.98275 -50.0185 0.000860013
-9.94349 -50.041 0.00091097
-9.6218 -49.9826 -0.00426455
-9.58074 -50.0054 -0.00422603
-9.60165 -49.9952 -0.00409581
-9.56085 -50.0178 -0.00408566
-9.0167 -50.0322 -0.00698232
-8.97769 -50.0546 -0.00679387
-8.99745 -50.0446 -0.00675216
-8.95872 -50.0667 -0.00658936
-8.63191 -50.0202 -0.0140054
-8.59143 -50.0426 -0.0138585
-8.61201 -50.0326 -0.0137994
-8.57179 -50.0547 -0.0136774
-8.00062 -50.031 -0.00550277
-7.96219 -50.0529 -0.00515067
-7.98163 -50.043 -0.00521686
-7.94348 -50.0647 -0.00488499
-7.61077 -50.0315 -0.0156766
-7.57093 -50.0536 -0.0153685
-7.59116 -50.0436 -0.015415
-7.55158 -50.0654 -0.0151265
-6.97813 -50.0316 0.0102432
-6.94026 -50.0529 0.0107237
-6.95939 -50.0432 0.0105726
-6.9218 -50.0643 0.0110372
-6.58338 -50.0474 -0.00239368
-6.54417 -50.0689 -0.00195906
-6.56404 -50.0591 -0.0020886
-6.5251 -50.0804 -0.00166944
-5.99496 -50.0449 0.00223865
-5.95748 -50.0656 0.00279947
-5.9764 -50.0562 0.00259533
-5.93919 -50.0766 0.00314291
-5.59705 -50.0764 -0.0119336
-5.55826 -50.0973 -0.0114192
-5.5779 -50.0878 -0.011601
-5.53938 -50.1084 -0.0110994
-4.99004 -50.0564 -0.00474977
-4.95281 -50.0763 -0.00414986
-4.97159 -50.0672 -0.0043799
-4.93464 -50.087 -0.00379191
-4.59009 -50.1045 -0.0196656
-4.55158 -50.1247 -0.0191121
-4.57106 -50.1155 -0.0193195
-4.53283 -50.1355 -0.0187776
-3.96278 -50.0613 -0.00431152
-3.92596 -50.0806 -0.00367667
-3.94451 -50.0718 -0.0039304
-3.90798 -50.0908 -0.00330622
-3.55942 -50.1272 -0.0198837
-3.52136 -50.1468 -0.0192939
-3.54059 -50.1378 -0.0195251
-3.50281 -50.1571 -0.0189457
-2.96649 -50.0486 0.000295285
-2.92985 -50.0671 0.000935544
-2.9483 -50.0586 0.000677872
-2.91196 -50.077 0.0013077
-2.56146 -50.1311 -0.0153759
-2.52359 -50.15 -0.0147799
-2.54272 -50.1413 -0.0150153
-2.50513 -50.16 -0.0144295
-1.97456 -50.0373 -0.00505489
-1.93857 -50.0551 -0.00446447
-1.95666 -50.047 -0.00469172
-1.92097 -50.0645 -0.00411305
-1.56386 -50.1385 -0.0197654
-1.52671 -50.1566 -0.0192128
-1.54543 -50.1483 -0.0194204
-1.50857 -50.1662 -0.0188794
-0.969641 -50.0195 -0.0123795
-0.934137 -50.0366 -0.0118671
-0.951967 -50.0287 -0.012046
-0.916757 -50.0456 -0.0115474
-0.554712 -50.1377 -0.0256848
-0.518087 -50.1551 -0.0252049
-0.536521 -50.1471 -0.0253664
-0.500187 -50.1643 -0.0249003
0.00971131 -50.0615 -0.0267258
0.0447661 -50.078 -0.026316
0.0271878 -50.0704 -0.0264302
0.0619445 -50.0866 -0.0260372
0.428055 -50.1949 -0.0381407
0.464184 -50.2117 -0.0377571
0.446031 -50.2039 -0.0378567
0.481863 -50.2206 -0.0374898
-0.0115559 -51.0579 -1.59491
0.0232704 -51.0742 -1.59461
0.0059329 -51.0667 -1.59465
0.0404385 -51.0828 -1.59438
0.400201 -51.1929 -1.60374
0.43605 -51.2096 -1.60347
0.418168 -51.2019 -1.6035
0.453697 -51.2185 -1.60324
-0.029287 -52.0302 -1.57644
0.00474233 -52.0465 -1.5761
-0.0120374 -52.0391 -1.57615
0.021642 -52.0552 -1.57584
0.379716 -52.1651 -1.58101
0.41473 -52.1818 -1.58068
0.397429 -52.1741 -1.58072
0.432093 -52.1907 -1.58042
-0.0151098 -53.0379 -1.57543
0.0189136 -53.0543 -1.57504
0.00228217 -53.0468 -1.57511
0.0359273 -53.0629 -1.57475
0.392764 -53.173 -1.57834
0.427751 -53.1898 -1.57796
0.410612 -53.1821 -1.57802
0.445221 -53.1986 -1.57766
-0.0326537 -54.0469 -1.57902
0.00171496 -54.0631 -1.57852
-0.0149667 -54.0557 -1.57866
0.0189992 -54.0718 -1.57818
0.374729 -54.1821 -1.58145
0.410038 -54.1987 -1.58096
0.392862 -54.1911 -1.58109
0.42777 -54.2076 -1.58062
-0.0212499 -55.0392 -1.56997
0.0136022 -55.0555 -1.56943
-0.00321685 -55.0481 -1.5696
0.0312111 -55.0641 -1.56908
0.384836 -55.1745 -1.57236
0.420622 -55.1911 -1.57182
0.403314 -55.1835 -1.57198
0.438676 -55.2 -1.57146
0.979518 -55.038 -0.0043899
1.01426 -55.0537 -0.00387325
0.997513 -55.0465 -0.00402164
1.03183 -55.062 -0.00352771
1.3848 -55.1755 -0.00691613
1.42049 -55.1916 -0.00639824
1.40324 -55.1842 -0.0065465
1.4385 -55.2001 -0.00605109
1.9779 -55.0316 -0.00658927
2.01275 -55.0466 -0.00602286
1.99593 -55.0396 -0.00620546
2.03035 -55.0545 -0.00566008
2.38484 -55.1714 -0.00898724
2.42062 -55.1869 -0.00841749
2.40331 -55.1797 -0.00860111
2.43866 -55.195 -0.00805215
2.98078 -55.0096 0.00142202
3.01569 -55.024 0.00203042
2.99882 -55.0172 0.00181749
3.03331 -55.0315 0.00240655
3.38883 -55.1517 -0.000806237
3.42466 -55.1665 -0.000192325
3.40731 -55.1595 -0.000407475
3.44272 -55.1742 0.000187351
3.99554 -55.0092 -0.00177528
4.03052 -55.023 -0.00114232
4.0136 -55.0164 -0.00137341
4.04816 -55.0301 -0.000758735
4.40465 -55.1534 -0.00386907
4.44054 -55.1676 -0.00322912
4.42315 -55.1608 -0.00346324
4.45862 -55.1749 -0.00284131
4.97188 -55.0247 0.000966937
5.00702 -55.0377 0.00165036
4.98999 -55.0315 0.00138022
5.02472 -55.0444 0.00204782
5.38341 -55.171 -0.00069305
5.41944 -55.1844 2.13961e-06
5.40195 -55.178 -0.00027362
5.43757 -55.1913 0.000406017
6.00138 -55.0188 -0.000991049
6.03675 -55.031 -0.000255409
6.01956 -55.0252 -0.000568927
6.05453 -55.0373 0.000153914
6.41684 -55.1668 -0.00194782
6.45307 -55.1794 -0.00119328
6.43544 -55.1733 -0.0015163
6.47126 -55.1858 -0.000774261
6.99396 -55.003 0.00582292
7.02944 -55.0144 0.00657136
7.01217 -55.0089 0.0062452
7.04726 -55.0202 0.00698192
7.41157 -55.1519 0.00521658
7.44789 -55.1637 0.00598699
7.43018 -55.158 0.00564965
7.46611 -55.1696 0.00640865
7.99936 -54.9986 0.00465266
8.03492 -55.0093 0.00540319
8.0176 -55.0041 0.00507351
8.05275 -55.0146 0.00581274
8.41811 -55.1481 0.00422895
8.45449 -55.159 0.00500294
8.43674 -55.1537 0.00466129
8.47272 -55.1646 0.00542429
9.01823 -55.0008 0.00874396
9.05386 -55.0107 0.00949367
9.03648 -55.0059 0.00915987
9.07173 -55.0156 0.00989905
9.43831 -55.1506 0.00872007
9.47476 -55.1607 0.00949655
9.45696 -55.1557 0.00914895
9.49302 -55.1658 0.00991522
10.0072 -54.9849 0.00995939
10.043 -54.9939 0.0106783
10.0255 -54.9895 0.0103552
10.0609 -54.9984 0.0110642
10.4311 -55.1346 0.0107994
10.4677 -55.1438 0.0115515
10.4498 -55.1393 0.011211
10.486 -55.1485 0.0119537
11.0095 -54.9754 0.0159615
11.0455 -54.9837 0.0166648
11.0279 -54.9796 0.0163478
11.0634 -54.9878 0.0170415
11.4347 -55.1239 0.017184
11.4714 -55.1324 0.0179233
11.4534 -55.1282 0.0175873
11.4897 -55.1367 0.0183174
12.01 -54.9463 0.00549384
12.046 -54.9538 0.00617872
12.0284 -54.9501 0.00587049
12.064 -54.9576 0.00654581
12.4364 -55.0933 0.00703107
12.4732 -55.101 0.00775393
12.4551 -55.0972 0.00742565
12.4915 -55.1049 0.00813933
13.0029 -54.9464 0.0229121
13.039 -54.9533 0.0235568
13.0213 -54.9499 0.0232686
13.057 -54.9567 0.0239036
13.4315 -55.0914 0.0251114
13.4684 -55.0984 0.0257974
13.4503 -55.0949 0.0254872
13.4867 -55.1019 0.026164
13.9973 -54.942 0.00293254
14.0336 -54.9482 0.00351969
14.0158 -54.945 0.00326146
14.0516 -54.9512 0.00383863
14.4285 -55.0842 0.00596352
14.4655 -55.0906 0.0065959
14.4473 -55.0874 0.00631344
14.4839 -55.0936 0.00693627
15.0062 -54.9313 0.00208482
15.0425 -54.9369 0.00266833
15.0246 -54.9341 0.00240781
15.0605 -54.9397 0.00298214
15.4385 -55.0696 0.00607382
15.4755 -55.0753 0.00670001
15.4573 -55.0724 0.00641665
15.4939 -55.0781 0.00703405
16.002 -54.9356 0.0117468
16.0383 -54.9406 0.0123216
16.0204 -54.938 0.0120624
16.0564 -54.9431 0.0126286
16.4354 -55.0695 0.0165654
16.4724 -55.0746 0.0171808
16.4542 -55.072 0.0168998
16.4908 -55.077 0.017507
17.0181 -54.9096 0.0101497
17.0545 -54.914 0.0107269
17.0366 -54.9117 0.0104609
17.0726 -54.9161 0.0110306
17.4519 -55.0381 0.0162158
17.4889 -55.0426 0.0168296
17.4707 -55.0402 0.016544
17.5073 -55.0447 0.0171506
18.0283 -54.89 0.00837634
18.0647 -54.8939 0.0089584
18.0467 -54.8918 0.00868389
18.0828 -54.8957 0.00925963
18.4625 -55.0116 0.0156955
18.4995 -55.0154 0.0163097
18.4812 -55.0134 0.0160181
18.5179 -55.0172 0.0166262
19.0128 -54.8969 -0.00718374
19.0493 -54.9002 -0.00659816
19.0313 -54.8984 -0.00688135
19.0673 -54.9017 -0.00630075
19.4478 -55.0105 0.00162318
19.4848 -55.0137 0.00223575
19.4665 -55.0119 0.00193842
19.5032 -55.0151 0.00254613
19.9975 -54.8846 0.000425944
20.0339 -54.8873 0.00101312
20.0159 -54.8858 0.000722403
20.052 -54.8885 0.00130588
20.4332 -54.9886 0.0107054
20.4703 -54.9912 0.0113145
20.452 -54.9897 0.0110125
20.4887 -54.9923 0.0116179
21.0058 -54.9064 -0.0167661
21.0424 -54.9085 -0.0161804
21.0243 -54.9073 -0.0164757
21.0605 -54.9094 -0.0158927
21.4427 -54.9991 -0.00524819
21.4798 -55.0011 -0.00464474
21.4615 -54.9999 -0.00494899
21.4982 -55.0019 -0.00434827
21.9793 -54.9089 -0.00616424
22.0159 -54.9105 -0.00558022
21.9978 -54.9096 -0.00587701
22.034 -54.9111 -0.00529524
22.4167 -54.9898 0.00592098
22.4539 -54.9911 0.00652082
22.4355 -54.9903 0.00621616
22.4723 -54.9917 0.00681368
22.9921 -54.9186 -0.0171096
23.0288 -54.9196 -0.0165302
23.0106 -54.919 -0.0168262
23.0469 -54.9199 -0.0162488
23.4303 -54.9864 -0.00457903
23.4675 -54.9872 -0.00398519
23.4491 -54.9867 -0.00428828
23.4859 -54.9874 -0.00369654
24.0292 -54.9423 -0.00255933
24.0659 -54.9426 -0.00198589
24.0477 -54.9423 -0.00227934
24.084 -54.9426 -0.00170786
24.4683 -54.9962 0.0102161
24.5055 -54.9963 0.0108033
24.4871 -54.9961 0.0105031
24.5239 -54.9963 0.0110883
25.0136 -54.9329 0.00677903
25.0503 -54.9326 0.00734443
25.0321 -54.9326 0.00705567
25.0685 -54.9324 0.00761893
25.4533 -54.9733 0.0195843
25.4905 -54.9729 0.0201637
25.472 -54.973 0.019868
25.5089 -54.9726 0.0204452
26.0266 -54.9175 -0.00241277
26.0633 -54.9167 -0.0018575
26.045 -54.917 -0.00213939
26.0815 -54.9162 -0.00158665
26.4666 -54.9441 0.0102022
26.5039 -54.9431 0.0107724
26.4854 -54.9435 0.0104831
26.5223 -54.9425 0.0110506
27.0119 -54.9478 -0.0155222
27.0487 -54.9464 -0.0149796
27.0304 -54.947 -0.015252
27.0669 -54.9457 -0.0147126
27.453 -54.9611 -0.00331973
27.4903 -54.9595 -0.00276034
27.4717 -54.9602 -0.00304133
27.5087 -54.9586 -0.00248519
28 -54.9803 -0.00791644
28.0369 -54.9784 -0.00738893
28.0185 -54.9792 -0.00764941
28.0551 -54.9773 -0.00712604
28.4422 -54.9807 0.00365076
28.4795 -54.9785 0.00419774
28.4609 -54.9795 0.00392716
28.4979 -54.9773 0.00447
28.9781 -54.963 -0.00342407
29.015 -54.9605 -0.00290343
28.9966 -54.9617 -0.00315851
29.0331 -54.9592 -0.00264242
29.4203 -54.9517 0.00779109
29.4576 -54.949 0.00833243
29.439 -54.9503 0.00806652
29.476 -54.9476 0.00860334
29.9733 -54.9673 -0.0127131
30.0103 -54.9643 -0.0122088
29.9918 -54.9657 -0.0124501
30.0285 -54.9627 -0.0119516
30.4162 -54.944 -0.0025198
30.4535 -54.9407 -0.00199122
30.4349 -54.9422 -0.00224546
30.4719 -54.939 -0.00172249
29.9701 -53.967 1.54875
30.0065 -53.964 1.54925
29.9883 -53.9654 1.54901
30.0245 -53.9625 1.54951
30.4031 -53.9436 1.55873
30.4399 -53.9404 1.55926
30.4215 -53.9419 1.55901
30.4581 -53.9387 1.55952
29.9906 -52.9545 1.55675
30.0266 -52.9515 1.55725
30.0086 -52.9529 1.55702
30.0442 -52.9499 1.55751
30.4138 -52.9307 1.56661
30.4502 -52.9274 1.56713
30.432 -52.929 1.56688
30.468 -52.9257 1.5674
29.999 -51.9689 1.56386
30.0345 -51.9659 1.56436
30.0167 -51.9673 1.56413
30.0519 -51.9643 1.56462
30.4132 -51.9444 1.57365
30.449 -51.9412 1.57417
30.4311 -51.9427 1.57392
30.4666 -51.9395 1.57444
30.0317 -50.9666 1.56998
30.0667 -50.9636 1.57051
30.0492 -50.965 1.57025
30.0839 -50.962 1.57077
30.4382 -50.9398 1.57998
30.4736 -50.9365 1.58053
30.4558 -50.9381 1.58026
30.4909 -50.9348 1.58081
30.0056 -49.965 1.56567
30.0401 -49.962 1.56622
30.0228 -49.9634 1.56595
30.0571 -49.9604 1.5665
30.4032 -49.9374 1.57606
30.4381 -49.9341 1.57663
30.4206 -49.9356 1.57635
30.4551 -49.9324 1.57691
29.9973 -48.9652 1.58356
30.0314 -48.9622 1.58412
30.0143 -48.9636 1.58384
30.048 -48.9606 1.58439
30.3846 -48.9375 1.59408
30.4188 -48.9342 1.59465
30.4016 -48.9358 1.59437
30.4356 -48.9326 1.59494
29.9914 -47.9515 1.58272
30.0249 -47.9485 1.58327
30.008 -47.9499 1.583
30.0412 -47.9469 1.58355
30.3677 -47.9238 1.59331
30.4014 -47.9205 1.59388
30.3844 -47.9221 1.5936
30.4179 -47.9189 1.59416
30.0057 -46.9426 1.57954
30.0386 -46.9396 1.58009
30.022 -46.941 1.57982
30.0547 -46.938 1.58036
30.3712 -46.9146 1.59025
30.4043 -46.9113 1.59082
30.3876 -46.9129 1.59054
30.4205 -46.9096 1.5911
29.9654 -45.9891 1.56703
29.9978 -45.986 1.56758
29.9815 -45.9875 1.56731
30.0137 -45.9845 1.56786
30.3207 -45.9609 1.57798
30.3533 -45.9577 1.57855
30.3369 -45.9592 1.57827
30.3693 -45.956 1.57884
29.9606 -44.9549 1.56449
29.9925 -44.9518 1.56505
29.9764 -44.9533 1.56477
30.0081 -44.9503 1.56533
30.3047 -44.9263 1.57569
30.3368 -44.923 1.57627
30.3206 -44.9246 1.57599
30.3524 -44.9214 1.57656
29.9472 -43.9804 1.5603
29.9785 -43.9773 1.56087
29.9627 -43.9788 1.56058
29.9938 -43.9758 1.56115
30.2801 -43.9516 1.57174
30.3116 -43.9484 1.57232
30.2958 -43.9499 1.57203
30.327 -43.9467 1.57261
29.9561 -42.9728 1.56273
29.9869 -42.9698 1.56331
29.9714 -42.9712 1.56303
30.0019 -42.9682 1.5636
30.2773 -42.9437 1.57435
30.3083 -42.9404 1.57494
30.2927 -42.942 1.57465
30.3233 -42.9388 1.57523
29.9807 -41.9559 1.56344
30.0109 -41.9528 1.56401
29.9956 -41.9543 1.56373
30.0256 -41.9512 1.5643
30.2882 -41.9267 1.57523
30.3184 -41.9234 1.57581
30.3032 -41.925 1.57553
30.3332 -41.9217 1.57611
30.0148 -40.9549 1.56209
30.0444 -40.9517 1.56266
30.0294 -40.9532 1.56238
30.0588 -40.9501 1.56295
30.3089 -40.9243 1.57461
30.3385 -40.9209 1.57519
30.3236 -40.9226 1.57491
30.353 -40.9193 1.57549
30.0135 -39.9771 1.57791
30.0424 -39.9739 1.57848
30.0278 -39.9755 1.57821
30.0565 -39.9723 1.57877
30.2937 -39.9457 1.59079
30.3228 -39.9423 1.59137
30.3081 -39.9439 1.59109
30.337 -39.9405 1.59166
30.0194 -38.9699 1.57879
30.0478 -38.9666 1.57935
30.0334 -38.9682 1.57908
30.0616 -38.965 1.57963
30.2852 -38.9374 1.59162
30.3136 -38.934 1.59219
30.2992 -38.9357 1.59192
30.3275 -38.9322 1.59248
30.0183 -37.9575 1.56965
30.0461 -37.9542 1.57019
30.032 -37.9558 1.56993
30.0596 -37.9525 1.57047
30.2695 -37.9241 1.58205
30.2973 -37.9206 1.5826
30.2832 -37.9223 1.58233
30.3109 -37.9188 1.58288
30.0101 -36.9666 1.55905
30.0373 -36.9632 1.55958
30.0235 -36.9648 1.55933
30.0505 -36.9615 1.55984
30.2474 -36.9323 1.57064
30.2747 -36.9287 1.57117
30.2608 -36.9305 1.57091
30.2879 -36.927 1.57144
30.0226 -35.9496 1.56255
30.0492 -35.9462 1.56304
30.0356 -35.9479 1.5628
30.0622 -35.9445 1.56329
30.2465 -35.9143 1.57291
30.2733 -35.9107 1.57342
30.2596 -35.9125 1.57317
30.2862 -35.9089 1.57367
30.0037 -34.9094 1.55761
30.0298 -34.9059 1.55809
30.0165 -34.9076 1.55786
30.0425 -34.9042 1.55833
30.2161 -34.874 1.56743
30.2423 -34.8704 1.56792
30.229 -34.8722 1.56768
30.255 -34.8686 1.56817
29.0056 -34.9418 3.13629
29.0318 -34.9388 3.13676
29.0184 -34.9402 3.13653
29.0444 -34.9373 3.137
29.2177 -34.9159 -3.13755
29.2439 -34.9128 -3.13706
29.2305 -34.9143 -3.1373
29.2566 -34.9112 -3.13681
28.0165 -34.9363 3.13133
28.0427 -34.9337 3.13181
28.0293 -34.935 3.13157
28.0553 -34.9325 3.13205
28.2273 -34.9193 3.14047
28.2536 -34.9166 3.14096
28.2402 -34.918 3.14072
28.2663 -34.9153 3.14121
27.0125 -34.9093 -3.13924
27.0388 -34.9072 -3.13875
27.0254 -34.9082 -3.13899
27.0515 -34.9061 -3.1385
27.2209 -34.9007 -3.13021
27.2473 -34.8985 -3.1297
27.2338 -34.8996 -3.12995
27.26 -34.8974 -3.12944
25.9921 -34.8965 3.1408
26.0184 -34.8948 3.1413
26.005 -34.8957 3.14105
26.0311 -34.894 3.14155
26.1988 -34.8965 -3.13335
26.2252 -34.8948 -3.13283
26.2117 -34.8956 -3.13309
26.2379 -34.8939 -3.13257
24.9987 -34.9285 3.13919
25.025 -34.9273 3.1397
25.0116 -34.9279 3.13944
25.0378 -34.9267 3.13995
25.2044 -34.9371 -3.13483
25.2308 -34.9358 -3.1343
25.2173 -34.9365 -3.13457
25.2436 -34.9352 -3.13404
24.0037 -34.9544 3.14108
24.0301 -34.9536 -3.14158
24.0166 -34.954 3.14135
24.0428 -34.9533 -3.14132
24.209 -34.9717 -3.13259
24.2355 -34.9709 -3.13205
24.222 -34.9713 -3.13232
24.2483 -34.9705 -3.13179
23.0184 -34.9394 -3.13868
23.0448 -34.9391 -3.13814
23.0313 -34.9392 -3.13841
23.0576 -34.9389 -3.13788
23.2219 -34.9655 -3.12897
23.2484 -34.9652 -3.12843
23.2348 -34.9653 -3.1287
23.2612 -34.965 -3.12816
22.0179 -34.9249 -3.13918
22.0444 -34.9251 -3.13862
22.0308 -34.925 -3.1389
22.0571 -34.9252 -3.13834
22.2195 -34.9602 -3.12914
22.2461 -34.9604 -3.12857
22.2325 -34.9603 -3.12885
22.2589 -34.9605 -3.12829
21.0259 -34.9316 3.14071
21.0523 -34.9323 3.14125
21.0388 -34.9319 3.14098
21.0651 -34.9327 3.14151
21.2283 -34.9768 -3.13268
21.2549 -34.9776 -3.13213
21.2413 -34.9772 -3.1324
21.2677 -34.978 -3.13185
20.0151 -34.9117 -3.13717
20.0415 -34.913 -3.13662
20.028 -34.9124 -3.13689
20.0543 -34.9137 -3.13634
20.2169 -34.9669 -3.12709
20.2434 -34.9682 -3.12653
20.2298 -34.9675 -3.12681
20.2562 -34.9688 -3.12625
19.9884 -33.9252 1.55769
20.0143 -33.9265 1.55826
20.001 -33.9259 1.55798
20.0268 -33.9271 1.55855
20.1797 -33.9806 1.56791
20.2057 -33.9819 1.56849
20.1924 -33.9812 1.5682
20.2182 -33.9826 1.56878
20.0116 -32.9506 1.56319
20.037 -32.9518 1.56378
20.024 -32.9512 1.56349
20.0492 -32.9524 1.56407
20.1924 -33.0057 1.57341
20.2178 -33.007 1.57401
20.2048 -33.0063 1.57371
20.2301 -33.0076 1.57431
19.9809 -31.9317 1.57457
20.0056 -31.9329 1.57519
19.9929 -31.9323 1.57488
20.0175 -31.9335 1.57549
20.1499 -31.9863 1.58367
20.1748 -31.9875 1.5843
20.162 -31.9869 1.58398
20.1867 -31.9881 1.58461
19.9831 -30.9441 1.56711
20.0072 -30.9451 1.56785
19.9948 -30.9446 1.56747
20.0187 -30.9455 1.56821
20.1431 -30.9952 1.57608
20.1672 -30.9962 1.57682
20.1548 -30.9956 1.57644
20.1788 -30.9966 1.57719
19.9977 -29.9675 1.55733
20.0209 -29.9682 1.55816
20.009 -29.9678 1.55774
20.0321 -29.9685 1.55856
20.1488 -30.0149 1.56613
20.1721 -30.0157 1.56697
20.1601 -30.0153 1.56654
20.1833 -30.016 1.56737
20.0318 -28.9751 1.57027
20.0542 -28.9756 1.57116
20.0427 -28.9753 1.57071
20.0649 -28.9758 1.5716
20.1741 -29.0188 1.57884
20.1965 -29.0193 1.57975
20.185 -29.019 1.57929
20.2072 -29.0195 1.58019
20.0549 -27.9859 1.5562
20.0763 -27.9862 1.55714
20.0653 -27.9861 1.55666
20.0865 -27.9863 1.5576
20.1886 -28.0259 1.56452
20.21 -28.0261 1.56547
20.199 -28.026 1.56498
20.2202 -28.0263 1.56592
20.0437 -26.9882 1.56893
20.0641 -26.9881 1.5699
20.0536 -26.9882 1.5694
20.0738 -26.9882 1.57036
20.169 -27.0247 1.57698
20.1893 -27.0247 1.57795
20.1789 -27.0247 1.57745
20.1991 -27.0248 1.57842
20.0691 -25.9837 1.5829
20.0883 -25.9834 1.58387
20.0784 -25.9836 1.58337
20.0975 -25.9833 1.58433
20.1861 -26.0165 1.59064
20.2054 -26.0163 1.59161
20.1955 -26.0164 1.59111
20.2146 -26.0162 1.59207
20.0971 -24.9764 1.59141
20.1153 -24.9759 1.59234
20.1059 -24.9762 1.59186
20.124 -24.9757 1.5928
20.2062 -25.0056 1.59879
20.2244 -25.0051 1.59973
20.2151 -25.0053 1.59925
20.2332 -25.0049 1.60018
20.0497 -23.9733 1.58513
20.0669 -23.9726 1.58602
20.0581 -23.973 1.58557
20.0751 -23.9723 1.58645
20.1514 -23.9993 1.59218
20.1685 -23.9986 1.59307
20.1597 -23.999 1.59262
20.1767 -23.9983 1.5935
20.0316 -22.9839 1.57951
20.0478 -22.983 1.58033
20.0395 -22.9835 1.57992
20.0556 -22.9826 1.58073
20.1262 -23.0065 1.58623
20.1423 -23.0056 1.58705
20.134 -23.0061 1.58663
20.1501 -23.0052 1.58744
20.0651 -21.98 1.56603
20.0804 -21.9788 1.56676
20.0725 -21.9794 1.56639
20.0877 -21.9783 1.56711
20.1528 -21.9989 1.57236
20.168 -21.9977 1.57308
20.1602 -21.9983 1.57271
20.1754 -21.9972 1.57343
20.0343 -20.9621 1.56341
20.0487 -20.9607 1.56402
20.0413 -20.9615 1.56371
20.0557 -20.9601 1.56432
20.1155 -20.9777 1.56936
20.1299 -20.9763 1.56997
20.1225 -20.977 1.56966
20.1368 -20.9757 1.57027
20.045 -19.9588 1.57112
20.0587 -19.9573 1.57167
20.0516 -19.9581 1.57139
20.0653 -19.9566 1.57194
20.1196 -19.9723 1.5766
20.1333 -19.9708 1.57715
20.1263 -19.9716 1.57687
20.1399 -19.9701 1.57742
20.0466 -18.9343 1.56674
20.0597 -18.9326 1.56724
20.053 -18.9335 1.56699
20.066 -18.9319 1.56748
20.1152 -18.9469 1.57181
20.1283 -18.9453 1.57231
20.1216 -18.9461 1.57205
20.1345 -18.9445 1.57255
20.0204 -17.9276 1.57248
20.0329 -17.9259 1.57302
20.0264 -17.9268 1.57274
20.0389 -17.9251 1.57328
20.0841 -17.9395 1.57754
20.0966 -17.9378 1.57808
20.0902 -17.9387 1.57781
20.1026 -17.937 1.57834
20.0355 -16.943 1.57797
20.0475 -16.9413 1.57856
20.0413 -16.9422 1.57826
20.0532 -16.9405 1.57884
20.0947 -16.9534 1.58301
20.1066 -16.9517 1.5836
20.1005 -16.9526 1.5833
20.1123 -16.9509 1.58388
19.997 -15.9556 1.56615
20.0082 -15.9538 1.56682
20.0024 -15.9547 1.56647
20.0136 -15.9529 1.56714
20.0514 -15.9627 1.57084
20.0626 -15.9608 1.57151
20.0569 -15.9618 1.57116
20.068 -15.9599 1.57182
19.9974 -14.9633 1.56684
20.008 -14.9613 1.56757
20.0025 -14.9623 1.56719
20.013 -14.9603 1.56791
20.0474 -14.9668 1.57124
20.0579 -14.9648 1.57196
20.0525 -14.9658 1.57158
20.0629 -14.9639 1.5723
20.0383 -13.9705 1.58158
20.048 -13.9683 1.58235
20.043 -13.9694 1.58195
20.0527 -13.9672 1.58271
20.0841 -13.9702 1.5857
20.0938 -13.9681 1.58645
20.0888 -13.9692 1.58606
20.0985 -13.967 1.58681
19.9924 -12.9923 1.58208
20.0013 -12.99 1.58286
19.9967 -12.9911 1.58245
20.0055 -12.9888 1.58323
20.0343 -12.9887 1.58601
20.0432 -12.9864 1.58678
20.0387 -12.9876 1.58638
20.0475 -12.9853 1.58715
19.9964 -11.9675 1.58301
20.0045 -11.965 1.58379
20.0003 -11.9663 1.58338
20.0083 -11.9638 1.58416
20.0346 -11.9603 1.5868
20.0426 -11.9579 1.58758
20.0385 -11.9592 1.58717
20.0464 -11.9567 1.58794
19.9817 -10.9835 1.57735
19.9888 -10.9809 1.57811
19.9852 -10.9822 1.57771
19.9923 -10.9796 1.57847
20.0163 -10.9729 1.58108
20.0234 -10.9703 1.58183
20.0198 -10.9716 1.58144
20.0269 -10.969 1.58219
19.9838 -9.98259 1.57785
19.9902 -9.97983 1.57857
19.9869 -9.98125 1.57819
19.9932 -9.97851 1.57891
20.0149 -9.96845 1.58157
20.0212 -9.9657 1.58228
20.018 -9.96712 1.58191
20.0243 -9.96437 1.58261
19.9513 -9.00167 1.5748
19.9569 -8.9988 1.57546
19.9541 -9.00028 1.57512
19.9596 -8.99742 1.57577
19.9789 -8.98412 1.57859
19.9845 -8.98124 1.57923
19.9817 -8.98272 1.5789
19.9872 -8.97986 1.57954
19.9759 -8.00176 1.56375
19.9807 -7.99873 1.56432
19.9783 -8.00029 1.56402
19.983 -7.99726 1.56459
19.9999 -7.98059 1.56763
20.0047 -7.97754 1.5682
20.0023 -7.9791 1.5679
20.0071 -7.97607 1.56847
19.9921 -6.97659 1.56003
19.9963 -6.97339 1.56049
19.9942 -6.97504 1.56025
19.9983 -6.97185 1.56072
20.0124 -6.95182 1.56404
20.0165 -6.9486 1.56451
20.0144 -6.95026 1.56426
20.0186 -6.94705 1.56473
19.9874 -5.95635 1.55829
19.991 -5.95302 1.55871
19.9892 -5.95473 1.55849
19.9927 -5.95142 1.55891
20.0037 -5.92823 1.56222
20.0072 -5.92489 1.56264
20.0054 -5.92661 1.56242
20.009 -5.92327 1.56284
20.0048 -4.99076 1.57766
20.0079 -4.9873 1.578
20.0064 -4.98908 1.57782
20.0094 -4.98564 1.57816
20.0174 -4.95922 1.58152
20.0204 -4.95573 1.58187
20.0189 -4.95752 1.58169
20.0219 -4.95405 1.58203
19.9965 -4.01754 1.56967
19.9992 -4.01403 1.57
19.9979 -4.01583 1.56983
20.0006 -4.01233 1.57015
20.0054 -3.98406 1.57356
20.0081 -3.98052 1.57389
20.0067 -3.98234 1.57372
20.0094 -3.97881 1.57404
19.9943 -2.99921 1.55515
19.9966 -2.99565 1.55544
19.9955 -2.99748 1.55528
19.9978 -2.99392 1.55558
19.9993 -2.96378 1.55908
20.0016 -2.96018 1.55938
20.0005 -2.96203 1.55922
20.0028 -2.95844 1.55952
20.0074 -2.01889 1.56926
20.0095 -2.01525 1.56952
20.0085 -2.01712 1.56938
20.0105 -2.0135 1.56964
20.0086 -1.98143 1.57325
20.0107 -1.97776 1.57351
20.0097 -1.97965 1.57337
20.0117 -1.97599 1.57363
19.9851 -1.00997 1.56377
19.9869 -1.00631 1.564
19.9861 -1.00819 1.56387
19.9878 -1.00453 1.5641
19.9822 -0.971634 1.56765
19.9839 -0.967928 1.56789
19.9831 -0.969832 1.56776
19.9848 -0.966138 1.56799
19.9931 -0.00770667 1.56932
19.9946 -0.00402934 1.56954
19.9939 -0.00591921 1.56942
19.9954 -0.00225375 1.56964
19.9862 0.0310744 1.57331
19.9877 0.0347894 1.57353
19.987 0.0328817 1.57341
19.9885 0.0365844 1.57364
19.9653 0.982055 1.57323
19.9666 0.985733 1.57344
19.966 0.983843 1.57333
19.9673 0.987509 1.57354
19.9545 1.021 1.57721
19.9557 1.02471 1.57743
19.9552 1.0228 1.57731
19.9564 1.02651 1.57753
19.9363 1.99071 1.56869
19.9374 1.9944 1.5689
19.937 1.9925 1.56879
19.938 1.99618 1.569
19.9216 2.03007 1.57275
19.9226 2.0338 1.57297
19.9222 2.03188 1.57285
19.9232 2.0356 1.57307
19.9561 3.01084 1.56974
19.957 3.01457 1.56996
19.9567 3.01266 1.56984
19.9575 3.01637 1.57005
19.9373 3.05093 1.57394
19.9381 3.05469 1.57416
19.9378 3.05276 1.57404
19.9386 3.05651 1.57426
19.9681 4.03341 1.56568
19.9688 4.03716 1.56589
19.9686 4.03524 1.56577
19.9693 4.03898 1.56599
19.945 4.07409 1.57001
19.9456 4.07788 1.57023
19.9454 4.07593 1.57011
19.946 4.07971 1.57033
19.9534 5.01593 1.55161
19.9539 5.0197 1.55183
19.9538 5.01777 1.55171
19.9543 5.02153 1.55193
19.9261 5.05708 1.55608
19.9265 5.06089 1.55631
19.9264 5.05893 1.55619
19.9268 5.06273 1.55642
20.0131 6.01534 1.56843
20.0133 6.01914 1.56865
20.0133 6.01719 1.56853
20.0136 6.02098 1.56875
19.9812 6.05713 1.5729
19.9814 6.06096 1.57312
19.9814 6.059 1.573
19.9816 6.06282 1.57322
20.0071 6.99553 1.56046
20.0071 6.99934 1.56067
20.0072 6.99739 1.56055
20.0073 7.00119 1.56077
19.9708 7.03766 1.56491
19.9708 7.04151 1.56513
19.971 7.03954 1.56501
19.9709 7.04337 1.56523
20.0139 7.97702 1.56858
20.0138 7.98087 1.56877
20.014 7.97889 1.56866
20.0138 7.98274 1.56885
19.9734 8.02034 1.57282
19.9732 8.02423 1.57301
19.9735 8.02223 1.5729
19.9733 8.02611 1.57309
19.9974 8.95515 1.56857
19.9971 8.95904 1.56873
19.9974 8.95704 1.56863
19.9971 8.96093 1.56879
19.9529 8.99955 1.57264
19.9526 9.00348 1.5728
19.9529 9.00147 1.5727
19.9525 9.00539 1.57287
19.9851 9.96234 1.58205
19.9847 9.96628 1.58219
19.9851 9.96426 1.5821
19.9846 9.96818 1.58224
19.9368 10.0079 1.58599
19.9362 10.0118 1.58614
19.9367 10.0098 1.58605
19.9361 10.0138 1.5862
19.9737 10.9903 1.56665
19.9732 10.9943 1.56678
19.9737 10.9923 1.56669
19.9731 10.9962 1.56682
19.9214 11.037 1.57052
19.9208 11.041 1.57065
19.9213 11.0389 1.57056
19.9206 11.0429 1.5707
20.0013 11.9881 1.5631
20.0007 11.9922 1.56322
20.0013 11.9901 1.56314
20.0006 11.9941 1.56326
19.9454 12.036 1.56692
19.9446 12.0401 1.56704
19.9452 12.038 1.56696
19.9444 12.0421 1.56708
20.0278 12.9791 1.56704
20.027 12.9831 1.56716
20.0277 12.981 1.56708
20.0268 12.9851 1.5672
19.9682 13.0282 1.57084
19.9673 13.0323 1.57096
19.968 13.0302 1.57088
19.9671 13.0343 1.571
20.0545 13.9396 1.55866
20.0537 13.9437 1.55878
20.0544 13.9416 1.5587
20.0535 13.9457 1.55882
19.9915 13.99 1.56247
19.9905 13.9942 1.56259
19.9913 13.992 1.56251
19.9903 13.9962 1.56264
20.0547 14.931 1.57056
20.0537 14.9351 1.57069
20.0545 14.933 1.57061
20.0535 14.9371 1.57073
19.9879 14.9825 1.57442
19.9869 14.9867 1.57455
19.9877 14.9846 1.57447
19.9866 14.9888 1.5746
20.0554 15.9558 1.57578
20.0544 15.96 1.5759
20.0552 15.9579 1.57583
20.0541 15.962 1.57595
19.9847 16.0077 1.57966
19.9836 16.012 1.57978
19.9845 16.0098 1.57971
19.9833 16.014 1.57983
20.0273 16.9366 1.57712
20.0262 16.9407 1.57723
20.0271 16.9386 1.57716
20.0259 16.9428 1.57727
19.953 16.9887 1.581
19.9517 16.993 1.58111
19.9527 16.9908 1.58104
19.9514 16.995 1.58115
20.0389 17.9655 1.56907
20.0377 17.9698 1.56915
20.0387 17.9676 1.56909
20.0374 17.9718 1.56918
19.9606 18.0186 1.57292
19.9593 18.0229 1.57301
19.9604 18.0207 1.57295
19.9589 18.0249 1.57305
20.0445 18.9569 1.56634
20.0433 18.9612 1.56642
20.0443 18.959 1.56636
20.043 18.9633 1.56644
19.9625 19.0108 1.57019
19.9611 19.0151 1.57027
19.9622 19.0129 1.57021
19.9608 19.0172 1.5703
20.0365 19.9351 1.57093
20.0352 19.9394 1.571
20.0363 19.9372 1.57095
20.0349 19.9415 1.57103
19.9508 19.9898 1.5748
19.9493 19.9942 1.57488
19.9505 19.9919 1.57482
19.949 19.9963 1.5749
20.0135 20.9141 1.578
20.0122 20.9184 1.57809
20.0133 20.9162 1.57803
20.0119 20.9205 1.57812
19.9241 20.9694 1.58191
19.9226 20.9739 1.582
19.9238 20.9716 1.58194
19.9222 20.976 1.58203
20.0031 21.9178 1.57577
20.0018 21.9222 1.57587
20.0029 21.92 1.5758
20.0014 21.9244 1.57591
19.9098 21.974 1.57973
19.9083 21.9785 1.57984
19.9095 21.9762 1.57977
19.9079 21.9806 1.57988
20.0018 22.9285 1.57446
20.0004 22.9329 1.5746
20.0016 22.9307 1.57452
20.0001 22.9351 1.57465
19.9046 22.9855 1.57849
19.903 22.99 1.57864
19.9043 22.9877 1.57855
19.9026 22.9922 1.57869
19.9785 23.9137 1.57512
19.977 23.9182 1.57528
19.9783 23.9159 1.57519
19.9766 23.9203 1.57535
19.8773 23.9709 1.57929
19.8756 23.9755 1.57946
19.8769 23.9731 1.57937
19.8751 23.9777 1.57953
19.9876 24.9035 1.57275
19.9859 24.908 1.57291
19.9872 24.9057 1.57282
19.9854 24.9101 1.57298
19.8822 24.9609 1.57694
19.8803 24.9654 1.5771
19.8818 24.9631 1.57701
19.8798 24.9676 1.57717
20.003 25.9345 1.56938
20.0012 25.939 1.56952
20.0026 25.9367 1.56944
20.0007 25.9412 1.56958
19.8936 25.9922 1.57353
19.8916 25.9967 1.57367
19.8931 25.9944 1.57359
19.891 25.9989 1.57373
19.9967 26.9131 1.57101
19.9947 26.9177 1.57114
19.9962 26.9153 1.57106
19.9942 26.9199 1.57119
19.8832 26.9711 1.57512
19.8811 26.9757 1.57525
19.8827 26.9734 1.57517
19.8805 26.9779 1.5753
20.011 27.9465 1.58085
20.009 27.9511 1.58096
20.0106 27.9487 1.58089
20.0085 27.9533 1.58101
19.8934 28.0049 1.58493
19.8912 28.0095 1.58505
19.8929 28.0071 1.58497
19.8906 28.0117 1.5851
19.9969 28.9363 1.57659
19.9948 28.9409 1.57671
19.9964 28.9385 1.57664
19.9942 28.9431 1.57676
19.8753 28.9949 1.58067
19.873 28.9996 1.5808
19.8747 28.9972 1.58072
19.8723 29.0018 1.58085
19.9777 29.8993 1.57389
19.9755 29.9039 1.574
19.9772 29.9015 1.57393
19.9749 29.9061 1.57405
19.8522 29.9579 1.57797
19.8498 29.9626 1.57809
19.8516 29.9602 1.57801
19.8491 29.9648 1.57814
19.99 30.8958 1.57246
19.9877 30.9004 1.57258
19.9894 30.898 1.5725
19.987 30.9026 1.57262
19.8605 30.9546 1.57654
19.858 30.9592 1.57666
19.8598 30.9569 1.57659
19.8572 30.9615 1.57671
19.9833 31.9244 1.56944
19.9809 31.9291 1.56955
19.9827 31.9267 1.56948
19.9802 31.9313 1.56959
19.8496 31.9834 1.5735
19.847 31.988 1.57362
19.8489 31.9857 1.57354
19.8461 31.9903 1.57366
19.9882 32.9644 1.57602
19.9858 32.969 1.57612
19.9876 32.9667 1.57605
19.985 32.9713 1.57616
19.8503 33.0236 1.58005
19.8476 33.0283 1.58016
19.8496 33.0259 1.58009
19.8467 33.0306 1.5802
19.9965 33.9624 1.5815
19.994 33.967 1.58159
19.9959 33.9646 1.58153
19.9932 33.9693 1.58162
19.8545 34.0217 1.58558
19.8517 34.0264 1.58568
19.8537 34.024 1.58561
19.8508 34.0287 1.58571
19.9653 34.9577 1.5711
19.9627 34.9624 1.57118
19.9647 34.96 1.57112
19.9619 34.9647 1.57121
19.8192 35.017 1.57522
19.8163 35.0217 1.57531
19.8184 35.0193 1.57525
19.8154 35.024 1.57534
19.9872 35.9721 1.55694
19.9845 35.9768 1.55701
19.9866 35.9744 1.55696
19.9837 35.9791 1.55704
19.8368 36.0315 1.56108
19.8339 36.0363 1.56117
19.8361 36.0339 1.56111
19.833 36.0386 1.56119
19.9953 36.9424 1.57699
19.9926 36.9471 1.57707
19.9946 36.9447 1.57701
19.9917 36.9494 1.57709
19.8408 37.0019 1.58115
19.8378 37.0067 1.58124
19.84 37.0042 1.58118
19.8369 37.009 1.58126
19.9688 37.9655 1.55933
19.966 37.9703 1.55938
19.9681 37.9679 1.55933
19.9651 37.9726 1.55938
19.81 38.0251 1.56352
19.8069 38.0299 1.56358
19.8092 38.0274 1.56353
19.806 38.0322 1.56359
19.9706 38.9525 1.5716
19.9678 38.9573 1.57163
19.9699 38.9549 1.57159
19.9669 38.9596 1.57163
19.8076 39.0122 1.57582
19.8045 39.017 1.57586
19.8068 39.0145 1.57582
19.8036 39.0193 1.57586
19.9351 39.9441 1.56359
19.9323 39.9489 1.56361
19.9345 39.9465 1.56358
19.9315 39.9512 1.5636
19.768 40.0038 1.56784
19.7649 40.0086 1.56786
19.7672 40.0061 1.56782
19.7639 40.0109 1.56785
19.9416 40.9353 1.55632
19.9388 40.9401 1.55633
19.941 40.9376 1.5563
19.938 40.9424 1.55631
19.7702 40.9951 1.56057
19.7671 40.9999 1.56059
19.7694 40.9974 1.56056
19.7662 41.0022 1.56058
19.9542 41.946 1.54372
19.9514 41.9508 1.54373
19.9536 41.9484 1.5437
19.9507 41.9531 1.54372
19.7784 42.006 1.54798
19.7753 42.0108 1.54799
19.7777 42.0083 1.54796
19.7745 42.0132 1.54798
19.9654 42.9623 1.55368
19.9626 42.9671 1.5537
19.9649 42.9647 1.55367
19.9619 42.9695 1.55369
19.7853 43.0224 1.55793
19.7822 43.0273 1.55795
19.7846 43.0248 1.55791
19.7813 43.0297 1.55794
19.9836 43.9144 1.56169
19.9809 43.9192 1.56172
19.9831 43.9167 1.56168
19.9802 43.9215 1.56171
19.7994 43.9747 1.56591
19.7963 43.9796 1.56595
19.7988 43.9771 1.56591
19.7955 43.9819 1.56595
19.99 44.9079 1.56469
19.9872 44.9127 1.56474
19.9895 44.9102 1.56469
19.9865 44.915 1.56475
19.8015 44.9683 1.56889
19.7985 44.9732 1.56894
19.8009 44.9707 1.56889
19.7976 44.9756 1.56895
19.9744 45.8774 1.55782
19.9716 45.8822 1.55789
19.9739 45.8797 1.55784
19.9709 45.8846 1.55792
19.7818 45.9379 1.56198
19.7787 45.9428 1.56206
19.7812 45.9403 1.562
19.7779 45.9452 1.56208
19.9777 46.8599 1.56559
19.9749 46.8647 1.56569
19.9772 46.8623 1.56562
19.9742 46.8671 1.56573
19.781 46.9205 1.56969
19.7779 46.9254 1.56981
19.7804 46.9229 1.56973
19.777 46.9278 1.56985
19.9743 47.8675 1.55538
19.9714 47.8724 1.55553
19.9738 47.8699 1.55544
19.9707 47.8748 1.55559
19.7735 47.9283 1.55943
19.7702 47.9332 1.55958
19.7728 47.9307 1.55949
19.7694 47.9356 1.55965
19.9561 48.8578 1.55977
19.953 48.8627 1.55992
19.9555 48.8602 1.55983
19.9523 48.8651 1.55998
19.7512 48.9186 1.56379
19.7478 48.9235 1.56395
19.7505 48.921 1.56386
19.7469 48.9259 1.56401
19.9924 49.8804 1.56216
19.9892 49.8852 1.56231
19.9918 49.8828 1.56223
19.9884 49.8876 1.56238
19.7834 49.9413 1.56617
19.7798 49.9462 1.56633
19.7826 49.9437 1.56624
19.7789 49.9486 1.5664
18.9875 49.8835 3.12961
18.9843 49.8882 3.12976
18.9869 49.8858 3.12968
18.9835 49.8905 3.12982
18.7786 49.9404 3.13361
18.775 49.9451 3.13376
18.7778 49.9427 3.13367
18.7741 49.9475 3.13382
17.9749 49.8973 3.12676
17.9718 49.9019 3.1269
17.9744 49.8995 3.12682
17.971 49.9041 3.12696
17.766 49.9501 3.13073
17.7625 49.9547 3.13087
17.7652 49.9524 3.13079
17.7615 49.957 3.13093
16.989 49.901 3.12723
16.9859 49.9054 3.12736
16.9885 49.9031 3.12728
16.9851 49.9075 3.12742
16.7801 49.9499 3.13117
16.7766 49.9543 3.13131
16.7794 49.9521 3.13122
16.7756 49.9565 3.13136
15.9853 49.9251 3.13594
15.9822 49.9294 3.13606
15.9848 49.9273 3.13599
15.9815 49.9315 3.13611
15.7763 49.9701 3.13983
15.7728 49.9744 3.13996
15.7756 49.9723 3.13988
15.7719 49.9765 3.14001
14.9755 49.9418 -3.13326
14.9724 49.946 -3.13315
14.9749 49.9439 -3.13322
14.9717 49.948 -3.13311
14.7664 49.9829 -3.12941
14.763 49.9871 -3.1293
14.7657 49.985 -3.12937
14.7621 49.9891 -3.12926
13.9809 49.9065 -3.13096
13.9779 49.9106 -3.13086
13.9804 49.9086 -3.13092
13.9771 49.9126 -3.13082
13.772 49.9438 -3.12713
13.7686 49.9479 -3.12702
13.7713 49.9459 -3.12709
13.7677 49.9499 -3.12698
12.988 49.9339 -3.13233
12.9849 49.9378 -3.13223
12.9875 49.9359 -3.13229
12.9842 49.9398 -3.13219
12.7789 49.9674 -3.12851
12.7756 49.9713 -3.1284
12.7783 49.9694 -3.12847
12.7747 49.9733 -3.12836
12.0067 49.9317 -3.13195
12.0037 49.9356 -3.13186
12.0062 49.9337 -3.13192
12.003 49.9375 -3.13183
11.7977 49.9614 -3.12814
11.7943 49.9653 -3.12805
11.7971 49.9634 -3.12811
11.7935 49.9673 -3.12801
10.9919 49.9226 -3.13517
10.9889 49.9264 -3.1351
10.9914 49.9246 -3.13515
10.9882 49.9283 -3.13507
10.783 49.9485 -3.13139
10.7796 49.9523 -3.13131
10.7823 49.9505 -3.13136
10.7788 49.9542 -3.13128
9.97386 49.897 -3.13717
9.97093 49.9007 -3.1371
9.9734 49.8989 -3.13716
9.97026 49.9026 -3.13708
9.76505 49.9191 -3.1334
9.76177 49.9228 -3.13333
9.76445 49.921 -3.13338
9.76095 49.9247 -3.1333
8.97969 49.9006 -3.14078
8.97681 49.9042 -3.14073
8.97926 49.9025 -3.14078
8.97617 49.9061 -3.14073
8.77091 49.919 -3.13701
8.76768 49.9226 -3.13696
8.77034 49.9209 -3.13701
8.76689 49.9245 -3.13695
7.97998 49.9077 3.14106
7.97714 49.9113 3.1411
7.97957 49.9096 3.14106
7.97651 49.9131 3.1411
7.77117 49.9224 -3.13839
7.76797 49.9259 -3.13835
7.77062 49.9243 -3.13839
7.76719 49.9278 -3.13834
6.99128 49.9001 -3.14057
6.98846 49.9036 -3.14054
6.99088 49.902 -3.14057
6.98784 49.9055 -3.14054
6.78249 49.9111 -3.13684
6.77932 49.9146 -3.13681
6.78196 49.913 -3.13684
6.77856 49.9165 -3.1368
5.97689 49.9127 -3.13467
5.97409 49.9162 -3.13465
5.97651 49.9146 -3.13468
5.97349 49.9181 -3.13465
5.76805 49.92 -3.13097
5.76489 49.9234 -3.13094
5.76752 49.9219 -3.13097
5.76414 49.9253 -3.13094
4.98013 49.8921 -3.14011
4.97736 49.8956 -3.1401
4.97976 49.8941 -3.14012
4.97677 49.8975 -3.14011
4.77134 49.8957 -3.13642
4.76822 49.8992 -3.1364
4.77083 49.8976 -3.13643
4.76748 49.901 -3.13641
4.99276 48.9041 -1.56256
4.99 48.9076 -1.56255
4.99238 48.906 -1.56258
4.9894 48.9095 -1.56256
4.78765 48.9077 -1.55885
4.78453 48.9112 -1.55883
4.78712 48.9097 -1.55886
4.78378 48.9131 -1.55884
4.99827 47.8887 -1.56687
4.99553 47.8922 -1.56686
4.99787 47.8906 -1.56689
4.99492 47.894 -1.56688
4.79701 47.8924 -1.5631
4.79392 47.8958 -1.56308
4.79647 47.8943 -1.56311
4.79317 47.8977 -1.56309
4.98057 46.8783 -1.56129
4.97785 46.8818 -1.56127
4.98016 46.8802 -1.5613
4.97723 46.8836 -1.56128
4.78349 46.8818 -1.5573
4.78043 46.8852 -1.55728
4.78295 46.8837 -1.55732
4.77967 46.8871 -1.55729
4.98138 45.8495 -1.5626
4.97867 45.853 -1.56258
4.98095 45.8514 -1.56262
4.97804 45.8548 -1.5626
4.78857 45.853 -1.55853
4.78553 45.8564 -1.55851
4.78801 45.8549 -1.55854
4.78476 45.8582 -1.55852
4.97713 44.8712 -1.56931
4.97444 44.8747 -1.56929
4.97669 44.8731 -1.56933
4.9738 44.8765 -1.5693
4.78848 44.8746 -1.5652
4.78546 44.878 -1.56517
4.78791 44.8765 -1.56521
4.78469 44.8799 -1.56518
4.96309 43.889 -1.57667
4.96041 43.8924 -1.57666
4.96263 43.8909 -1.57669
4.95976 43.8943 -1.57667
4.77858 43.8924 -1.57257
4.77559 43.8958 -1.57254
4.778 43.8942 -1.57258
4.77481 43.8976 -1.57255
4.97366 42.8956 -1.58177
4.971 42.899 -1.58175
4.97319 42.8975 -1.58179
4.97034 42.9009 -1.58176
4.79342 42.8989 -1.5775
4.79046 42.9023 -1.57748
4.79283 42.9008 -1.57751
4.78967 42.9042 -1.57748
4.99019 41.9233 -1.57489
4.98756 41.9267 -1.57486
4.98971 41.9252 -1.5749
4.98689 41.9285 -1.57487
4.81433 41.9266 -1.57048
4.8114 41.9299 -1.57044
4.81373 41.9284 -1.57048
4.81061 41.9318 -1.57044
4.98767 40.9186 -1.56705
4.98506 40.922 -1.56702
4.98717 40.9205 -1.56706
4.9844 40.9238 -1.56703
4.81634 40.9218 -1.56259
4.81344 40.9251 -1.56255
4.81573 40.9236 -1.56259
4.81265 40.927 -1.56255
4.9855 39.9058 -1.56453
4.98293 39.9091 -1.5645
4.985 39.9076 -1.56454
4.98226 39.9109 -1.56449
4.819 39.9088 -1.56
4.81616 39.9121 -1.55996
4.81839 39.9106 -1.56001
4.81537 39.9139 -1.55996
4.99592 38.9016 -1.56825
4.99339 38.905 -1.56822
4.99541 38.9035 -1.56826
4.99272 38.9067 -1.56821
4.8342 38.9045 -1.56374
4.8314 38.9078 -1.56369
4.83359 38.9064 -1.56374
4.83062 38.9096 -1.56368
5.01167 37.9406 -1.57172
5.00919 37.9439 -1.57168
5.01117 37.9424 -1.57172
5.00853 37.9457 -1.57167
4.85468 37.9434 -1.56731
4.85194 37.9467 -1.56726
4.85407 37.9452 -1.56731
4.85117 37.9485 -1.56725
4.98985 36.9389 -1.57066
4.98742 36.9422 -1.57062
4.98935 36.9407 -1.57066
4.98677 36.944 -1.57061
4.83758 36.9416 -1.56638
4.8349 36.9449 -1.56633
4.83698 36.9434 -1.56638
4.83414 36.9466 -1.56632
4.96654 35.9439 -1.5706
4.96416 35.9472 -1.57056
4.96604 35.9457 -1.5706
4.96352 35.9489 -1.57055
4.81874 35.9464 -1.56643
4.81612 35.9497 -1.56639
4.81815 35.9482 -1.56643
4.81537 35.9514 -1.56638
4.9709 34.9376 -1.57214
4.96857 34.9408 -1.5721
4.97041 34.9394 -1.57214
4.96793 34.9426 -1.57209
4.82731 34.94 -1.56796
4.82473 34.9433 -1.56791
4.82672 34.9418 -1.56795
4.824 34.945 -1.5679
4.98164 33.9186 -1.57479
4.97935 33.9219 -1.57475
4.98115 33.9204 -1.57479
4.97872 33.9236 -1.57474
4.84232 33.921 -1.57059
4.8398 33.9243 -1.57053
4.84174 33.9228 -1.57058
4.83908 33.926 -1.57052
4.98507 32.9213 -1.57374
4.98283 32.9245 -1.5737
4.98458 32.9231 -1.57374
4.98221 32.9263 -1.57369
4.85007 32.9237 -1.56964
4.84761 32.9269 -1.56959
4.84949 32.9255 -1.56964
4.8469 32.9286 -1.56958
4.9912 31.9325 -1.56404
4.98902 31.9357 -1.56398
4.99072 31.9342 -1.56403
4.98841 31.9374 -1.56397
4.86051 31.9346 -1.55993
4.85811 31.9378 -1.55987
4.85994 31.9363 -1.55992
4.85742 31.9395 -1.55985
4.97378 30.9524 -1.56677
4.97166 30.9556 -1.56671
4.97331 30.9542 -1.56676
4.97107 30.9573 -1.56669
4.84726 30.9543 -1.56267
4.84493 30.9574 -1.5626
4.84671 30.956 -1.56265
4.84426 30.9591 -1.56258
4.97067 29.9244 -1.57407
4.96862 29.9276 -1.57401
4.97022 29.9262 -1.57406
4.96805 29.9293 -1.57399
4.84841 29.9263 -1.56991
4.84616 29.9295 -1.56984
4.84788 29.9281 -1.5699
4.84551 29.9312 -1.56982
4.96963 28.8957 -1.56941
4.96765 28.8989 -1.56934
4.9692 28.8974 -1.56939
4.9671 28.9006 -1.56933
4.85172 28.8976 -1.56527
4.84955 28.9007 -1.5652
4.85121 28.8993 -1.56525
4.84893 28.9024 -1.56518
4.94684 27.9363 -1.57897
4.94492 27.9394 -1.57891
4.94642 27.938 -1.57896
4.9444 27.9411 -1.57889
4.83297 27.938 -1.57487
4.83087 27.9411 -1.5748
4.83248 27.9397 -1.57486
4.83027 27.9428 -1.57478
4.97269 26.9289 -1.58021
4.97084 26.932 -1.58015
4.97229 26.9306 -1.5802
4.97034 26.9336 -1.58014
4.86314 26.9306 -1.57627
4.86112 26.9337 -1.5762
4.86267 26.9323 -1.57626
4.86055 26.9353 -1.57618
4.95594 25.9357 -1.57139
4.95416 25.9388 -1.57133
4.95556 25.9374 -1.57138
4.95368 25.9404 -1.57131
4.85035 25.9373 -1.56752
4.8484 25.9403 -1.56745
4.8499 25.939 -1.5675
4.84785 25.942 -1.56743
4.94829 24.9279 -1.56175
4.94657 24.931 -1.5617
4.94792 24.9296 -1.56174
4.9461 24.9327 -1.56168
4.8466 24.9295 -1.55791
4.84472 24.9326 -1.55784
4.84617 24.9312 -1.55789
4.84419 24.9342 -1.55782
4.94587 23.9484 -1.56986
4.94421 23.9515 -1.5698
4.94552 23.9501 -1.56985
4.94376 23.9531 -1.56979
4.84801 23.9499 -1.56603
4.84619 23.953 -1.56597
4.84759 23.9516 -1.56602
4.84568 23.9546 -1.56595
4.95546 22.9369 -1.57184
4.95386 22.9399 -1.57179
4.95512 22.9385 -1.57183
4.95343 22.9416 -1.57177
4.86156 22.9384 -1.56807
4.85982 22.9415 -1.568
4.86116 22.9401 -1.56805
4.85932 22.9431 -1.56798
4.9423 21.9398 -1.57097
4.94076 21.9429 -1.57091
4.94197 21.9415 -1.57095
4.94035 21.9445 -1.57089
4.85217 21.9413 -1.56719
4.85049 21.9443 -1.56713
4.85179 21.943 -1.56718
4.85002 21.946 -1.56711
4.93511 20.9587 -1.5643
4.93363 20.9618 -1.56424
4.93479 20.9604 -1.56429
4.93324 20.9634 -1.56423
4.84872 20.9601 -1.56059
4.8471 20.9631 -1.56053
4.84835 20.9618 -1.56057
4.84665 20.9647 -1.56051
4.9509 19.954 -1.5688
4.94949 19.957 -1.56874
4.9506 19.9557 -1.56879
4.94911 19.9586 -1.56873
4.86833 19.9554 -1.56522
4.86679 19.9583 -1.56517
4.86798 19.957 -1.56521
4.86636 19.9599 -1.56515
4.92118 18.9384 -1.56587
4.91982 18.9414 -1.56582
4.92089 18.94 -1.56586
4.91945 18.943 -1.56581
4.84229 18.9396 -1.56238
4.8408 18.9425 -1.56233
4.84195 18.9412 -1.56237
4.84039 18.9441 -1.56231
4.93462 17.9456 -1.56617
4.93331 17.9485 -1.56612
4.93434 17.9472 -1.56616
4.93296 17.9501 -1.56611
4.85924 17.9467 -1.56268
4.85781 17.9497 -1.56263
4.85891 17.9484 -1.56267
4.85741 17.9513 -1.56261
4.93958 16.9459 -1.56279
4.93832 16.9489 -1.56274
4.93931 16.9475 -1.56278
4.93798 16.9504 -1.56273
4.86773 16.9471 -1.55935
4.86636 16.95 -1.5593
4.86742 16.9487 -1.55934
4.86597 16.9516 -1.55929
4.92492 15.9475 -1.57306
4.92371 15.9505 -1.57302
4.92466 15.9491 -1.57306
4.92338 15.952 -1.57302
4.85668 15.9485 -1.56981
4.85535 15.9514 -1.56977
4.85637 15.9501 -1.56981
4.85498 15.953 -1.56976
4.95035 14.9617 -1.5798
4.94918 14.9647 -1.57976
4.9501 14.9633 -1.5798
4.94886 14.9662 -1.57976
4.88542 14.9628 -1.57656
4.88415 14.9657 -1.57652
4.88512 14.9644 -1.57655
4.88378 14.9672 -1.57651
4.92528 13.9473 -1.57463
4.92416 13.9502 -1.57459
4.92503 13.9489 -1.57463
4.92385 13.9518 -1.57458
4.86385 13.9481 -1.57128
4.86263 13.951 -1.57123
4.86356 13.9497 -1.57127
4.86228 13.9526 -1.57122
4.89615 12.9527 -1.57991
4.89508 12.9556 -1.57987
4.89591 12.9543 -1.5799
4.89479 12.9571 -1.57986
4.83829 12.9533 -1.57652
4.83713 12.9561 -1.57647
4.83802 12.9549 -1.57651
4.8368 12.9577 -1.57646
4.89056 11.9862 -1.58098
4.88955 11.989 -1.58094
4.89033 11.9877 -1.58098
4.88928 11.9905 -1.58092
4.83633 11.9865 -1.57753
4.83524 11.9893 -1.57747
4.83607 11.988 -1.57752
4.83492 11.9908 -1.57746
4.88504 10.9652 -1.56458
4.8841 10.968 -1.56452
4.88483 10.9668 -1.56457
4.88385 10.9695 -1.56451
4.83464 10.9651 -1.56101
4.83362 10.9679 -1.56095
4.83439 10.9667 -1.561
4.83333 10.9694 -1.56094
4.89427 9.96882 -1.56981
4.89341 9.97158 -1.56976
4.89408 9.97034 -1.5698
4.89317 9.97306 -1.56974
4.84755 9.96864 -1.56624
4.8466 9.97138 -1.56618
4.84732 9.97016 -1.56623
4.84633 9.97286 -1.56617
4.89107 8.94558 -1.57592
4.89027 8.94831 -1.57586
4.89089 8.94708 -1.57591
4.89005 8.94978 -1.57584
4.84809 8.9452 -1.57234
4.84722 8.94792 -1.57228
4.84788 8.9467 -1.57233
4.84696 8.94938 -1.57226
4.89388 7.94894 -1.57271
4.89318 7.95162 -1.57265
4.89373 7.95042 -1.5727
4.89299 7.95306 -1.57263
4.85492 7.94812 -1.56908
4.85415 7.95078 -1.56902
4.85473 7.94959 -1.56907
4.85393 7.95221 -1.569
4.88524 6.95914 -1.58329
4.88464 6.96175 -1.58324
4.88512 6.96058 -1.58329
4.88448 6.96316 -1.58322
4.85036 6.95774 -1.57969
4.8497 6.96034 -1.57963
4.85021 6.95918 -1.57968
4.84951 6.96174 -1.57962
4.90565 5.96467 -1.55999
4.90515 5.96722 -1.55994
4.90555 5.96608 -1.55999
4.90502 5.96859 -1.55994
4.87485 5.9628 -1.55653
4.87429 5.96533 -1.55648
4.87473 5.9642 -1.55652
4.87414 5.9667 -1.55647
4.90799 4.95278 -1.54754
4.9076 4.95518 -1.54754
4.90793 4.95411 -1.54756
4.90751 4.95648 -1.54756
4.88153 4.94975 -1.54463
4.88109 4.95214 -1.54463
4.88144 4.95109 -1.54465
4.88098 4.95344 -1.54465
5.93214 4.95393 0.0194445
5.93183 4.95619 0.0194247
5.93211 4.95517 0.0194142
5.93177 4.95739 0.0193981
5.90651 4.95271 0.0221005
5.90615 4.95496 0.022085
5.90646 4.95395 0.0220716
5.90607 4.95616 0.0220599
6.93125 4.98704 0.00722188
6.93101 4.98913 0.00722428
6.93125 4.98817 0.00720389
6.93098 4.99024 0.0072097
6.90636 4.9873 0.00993019
6.90607 4.98939 0.00993681
6.90634 4.98844 0.00991361
6.90602 4.99049 0.00992372
7.92016 4.95891 0.00458645
7.91998 4.96086 0.00464557
7.92019 4.95995 0.00459853
7.91999 4.96189 0.0046605
7.89618 4.96068 0.00763405
7.89596 4.96263 0.00769756
7.89619 4.96173 0.00764774
7.89594 4.96366 0.00771419
8.91396 4.94984 0.00329714
8.91381 4.95182 0.00337601
8.914 4.95088 0.00331981
8.91383 4.95284 0.00340132
8.89022 4.95433 0.0064417
8.89002 4.95631 0.00652496
8.89024 4.95537 0.00646603
8.89002 4.95733 0.00655201
9.93504 4.96385 0.0178125
9.9349 4.96593 0.0179004
9.93509 4.96492 0.0178401
9.93493 4.96698 0.0179304
9.91116 4.97162 0.0210123
9.91098 4.9737 0.0211045
9.91119 4.97269 0.0210416
9.91098 4.97476 0.0211364
10.917 4.99932 0.00150879
10.9169 5.00157 0.00161031
10.9171 5.00047 0.00154367
10.917 5.0027 0.00164757
10.8924 5.01071 0.00481811
10.8923 5.01297 0.00492394
10.8925 5.01187 0.00485463
10.8923 5.01411 0.00496292
11.9582 5.03659 -0.00729829
11.9582 5.03897 -0.00717338
11.9583 5.03779 -0.00724904
11.9582 5.04015 -0.00712243
11.9332 5.05119 -0.00400959
11.9331 5.05358 -0.00388079
11.9333 5.0524 -0.00395882
11.9332 5.05477 -0.00382826
12.9927 5.01054 -0.0122259
12.9928 5.01307 -0.0120832
12.9929 5.0118 -0.0121662
12.9929 5.01432 -0.0120222
12.9676 5.02831 -0.00889525
12.9676 5.03085 -0.00874888
12.9677 5.02958 -0.00883409
12.9677 5.03211 -0.0086864
13.9716 4.98917 -0.0123007
13.9718 4.99186 -0.0121455
13.9718 4.99051 -0.0122342
13.972 4.99318 -0.0120779
13.9462 5.00997 -0.00886924
13.9463 5.01267 -0.00871034
13.9464 5.01131 -0.00880129
13.9465 5.01401 -0.00864125
14.9729 4.96442 0.000929548
14.9731 4.96728 0.00109182
14.9731 4.96584 0.00099895
14.9733 4.96869 0.00116239
14.9473 4.98842 0.00452198
14.9474 4.9913 0.0046882
14.9475 4.98985 0.00459299
14.9476 4.99272 0.00476044
15.9875 4.96013 0.00582728
15.9878 4.96316 0.00599578
15.9878 4.96162 0.00590052
15.988 4.96463 0.00606997
15.9618 4.98756 0.00941653
15.962 4.99061 0.00958887
15.9621 4.98906 0.00949134
15.9622 4.9921 0.00966468
16.9948 4.97723 0.00217558
16.9951 4.98043 0.00234988
16.9951 4.9788 0.00225195
16.9953 4.98199 0.00242712
16.969 5.00807 0.00581385
16.9692 5.0113 0.00599202
16.9692 5.00965 0.00589182
16.9694 5.01287 0.0060709
17.9887 4.99012 -0.00578609
17.989 4.99348 -0.00559312
17.989 4.99176 -0.0056985
17.9893 4.99512 -0.00550519
17.9623 5.02402 -0.00194586
17.9626 5.02742 -0.00174893
17.9626 5.02568 -0.0018566
17.9629 5.02907 -0.0016593
18.9682 4.99996 -0.011791
18.9686 5.00352 -0.0115778
18.9685 5.0017 -0.0116925
18.9689 5.00524 -0.0114792
18.9413 5.03708 -0.00761723
18.9416 5.04066 -0.00739963
18.9416 5.03883 -0.0075168
18.9419 5.0424 -0.00729912
19.963 4.98304 0.00394
19.9635 4.9868 0.00416442
19.9633 4.98487 0.00404451
19.9638 4.98862 0.00426886
19.9359 5.02411 0.00835398
19.9363 5.02792 0.00858315
19.9362 5.02597 0.00846054
19.9366 5.02975 0.00868966
20.9656 4.98735 -0.00551381
20.9661 4.99136 -0.00528024
20.9659 4.9893 -0.00540389
20.9664 4.99329 -0.00517064
20.9384 5.0332 -0.000924442
20.9388 5.03725 -0.000685984
20.9387 5.03517 -0.000812398
20.9391 5.0392 -0.000574233
21.9695 4.98609 -0.0126495
21.97 4.99035 -0.0124007
21.9699 4.98816 -0.0125301
21.9704 4.9924 -0.0122821
21.9422 5.03679 -0.00784295
21.9427 5.04109 -0.00758914
21.9425 5.03888 -0.00772133
21.943 5.04317 -0.00746835
22.9655 4.98909 -0.00508828
22.9661 4.9936 -0.00482223
22.966 4.99128 -0.00495825
22.9665 4.99578 -0.00469363
22.938 5.04474 -3.53275e-05
22.9386 5.0493 0.000235884
22.9384 5.04695 9.69803e-05
22.9389 5.05151 0.000366778
23.9501 4.96234 -0.00265264
23.9508 4.96712 -0.00237991
23.9506 4.96466 -0.00251851
23.9512 4.96943 -0.00224742
23.9227 5.02307 0.00249917
23.9232 5.02791 0.00277715
23.9231 5.02542 0.00263562
23.9236 5.03025 0.00291197
24.9553 4.93507 -0.00185589
24.956 4.94015 -0.00157539
24.9558 4.93754 -0.00171704
24.9564 4.9426 -0.00143845
24.9278 5.00118 0.00342027
24.9284 5.00631 0.0037062
24.9283 5.00368 0.00356152
24.9288 5.0088 0.00384555
25.9615 4.90675 0.0156157
25.9622 4.91212 0.0159012
25.962 4.90937 0.0157574
25.9626 4.91472 0.0160409
25.934 4.97834 0.020977
25.9347 4.98378 0.0212682
25.9345 4.98099 0.0211213
25.9351 4.98641 0.0214104
26.9724 4.9304 0.00437442
26.9731 4.93607 0.00466203
26.9729 4.93317 0.00451703
26.9736 4.93882 0.00480257
26.9447 5.00758 0.00977735
26.9453 5.01332 0.0100708
26.9451 5.01038 0.00992251
26.9458 5.01611 0.0102139
27.9902 4.91431 0.00161927
27.9909 4.92026 0.00192103
27.9907 4.91722 0.00176671
27.9914 4.92315 0.00206631
27.9624 4.99713 0.00702955
27.9631 5.00316 0.00733735
27.9629 5.00008 0.00717966
27.9635 5.00609 0.0074853
28.9919 4.91622 0.0018578
28.9927 4.92249 0.00214552
28.9925 4.91929 0.00199913
28.9932 4.92553 0.00228494
28.964 5.00461 0.00724604
28.9647 5.01096 0.00753966
28.9645 5.00772 0.00738993
28.9652 5.01404 0.00768164
29.9623 4.91414 0.00114701
29.9631 4.9207 0.00142979
29.9628 4.91735 0.00128498
29.9636 4.92388 0.0015661
29.9342 5.00791 0.00646836
29.9349 5.01456 0.00675688
29.9347 5.01116 0.00660881
29.9354 5.01778 0.00689568
30.9738 4.9357 -0.0101685
30.9746 4.94255 -0.00988959
30.9744 4.93906 -0.010033
30.9751 4.94587 -0.00975564
30.9456 5.03489 -0.00489131
30.9463 5.04184 -0.00460675
30.9461 5.03829 -0.00475341
30.9468 5.04521 -0.00447033
31.97 4.92939 -0.00278351
31.9709 4.93652 -0.00250289
31.9706 4.93288 -0.00264778
31.9714 4.93998 -0.00236856
31.9416 5.03392 0.00245556
31.9423 5.04115 0.00274165
31.9421 5.03746 0.00259368
31.9428 5.04466 0.00287838
32.9673 4.91876 -0.00304333
32.9682 4.92617 -0.00276245
32.9679 4.92239 -0.00290864
32.9687 4.92977 -0.00262899
32.9386 5.02857 0.00212814
32.9394 5.03609 0.00241426
32.9392 5.03226 0.00226514
32.9399 5.03974 0.00255006
33.9707 4.94507 -0.0133489
33.9716 4.95277 -0.0130653
33.9713 4.94884 -0.0132158
33.9721 4.95649 -0.0129331
33.9417 5.06011 -0.00826161
33.9425 5.06791 -0.00797292
33.9422 5.06393 -0.0081262
33.943 5.0717 -0.0078385
34.9608 4.95344 0.00602962
34.9617 4.9614 0.00630447
34.9614 4.95733 0.00616094
34.9623 4.96526 0.006435
34.9315 5.07353 0.0110289
34.9323 5.08162 0.0113087
34.932 5.07749 0.0111624
34.9328 5.08554 0.0114414
35.9662 4.95328 0.00216152
35.9671 4.96152 0.00242802
35.9668 4.95731 0.00229074
35.9677 4.96552 0.0025567
35.9367 5.07843 0.00706677
35.9375 5.08679 0.00733812
35.9372 5.08252 0.00719812
35.938 5.09085 0.00746894
36.9921 4.90179 0.00206348
36.9931 4.9103 0.00233474
36.9927 4.90595 0.00218929
36.9937 4.91443 0.00246039
36.9626 5.03201 0.00681241
36.9635 5.04065 0.00708842
36.9631 5.03624 0.00694026
36.964 5.04484 0.00721614
38.0162 4.89563 -0.00030084
38.0172 4.90441 -3.03503e-05
38.0169 4.89992 -0.000176577
38.0178 4.90867 9.39667e-05
37.9866 5.03074 0.00436898
37.9875 5.03966 0.00464408
37.9872 5.0351 0.00449524
37.988 5.04398 0.00477041
39.0128 4.87753 -0.00185019
39.0138 4.8866 -0.00158136
39.0135 4.88196 -0.00172696
39.0144 4.89098 -0.00145801
38.9832 5.01737 0.00280262
38.9841 5.02658 0.00307599
38.9838 5.02186 0.00292784
38.9847 5.03102 0.00320135
39.9968 4.89105 0.00239331
39.9978 4.90039 0.00267449
39.9975 4.8956 0.00252334
39.9984 4.90489 0.00280442
39.9671 5.03555 0.00713783
39.968 5.04503 0.00742356
39.9677 5.04017 0.00726983
39.9685 5.04961 0.00755549
41.0032 4.88945 0.00594254
41.0042 4.89908 0.00623347
41.0038 4.89413 0.00607816
41.0048 4.90373 0.00636883
40.9733 5.03888 0.0107595
40.9742 5.04866 0.011055
40.9739 5.04363 0.0108971
40.9748 5.05337 0.0111923
41.9956 4.90597 0.00186496
41.9966 4.9159 0.00216351
41.9963 4.9108 0.00200474
41.9972 4.92069 0.0023029
41.9656 5.06033 0.00671907
41.9665 5.07041 0.00702212
41.9662 5.06523 0.00686078
41.9671 5.07527 0.00716346
42.9639 4.89125 0.0119095
42.9649 4.90149 0.0122193
42.9645 4.89622 0.0120553
42.9655 4.90642 0.0123646
42.9338 5.05047 0.0168064
42.9347 5.06086 0.0171206
42.9344 5.05552 0.0169541
42.9353 5.06587 0.0172678
43.9417 4.90295 0.00915592
43.9427 4.91351 0.00947329
43.9424 4.90808 0.00930549
43.9433 4.91859 0.00962224
43.9115 5.06712 0.0140557
43.9124 5.07784 0.0143774
43.9121 5.07232 0.0142071
43.9129 5.083 0.0145282
44.9595 4.88358 0.00679519
44.9606 4.89447 0.00711615
44.9602 4.88886 0.00694612
44.9612 4.89971 0.0072665
44.9293 5.0529 0.0116572
44.9302 5.06395 0.0119824
44.9299 5.05826 0.0118099
44.9307 5.06927 0.0121345
46.0007 4.8966 0.00405604
46.0018 4.90784 0.0043766
46.0014 4.90205 0.00420589
46.0024 4.91325 0.00452601
45.9703 5.07114 0.00883763
45.9712 5.08256 0.00916234
45.9709 5.07667 0.00898921
45.9718 5.08804 0.0093135
47.0133 4.9138 0.0133495
47.0143 4.92539 0.013672
47.0139 4.91942 0.0135002
47.0149 4.93096 0.0138222
46.9827 5.09342 0.0181266
46.9836 5.10519 0.0184531
46.9833 5.09912 0.0182789
46.9842 5.11084 0.0186051
47.9951 4.92313 0.0111998
47.9961 4.93506 0.0115189
47.9957 4.92891 0.0113482
47.9967 4.94079 0.011667
47.9644 5.10767 0.0159146
47.9653 5.11978 0.0162378
47.965 5.11353 0.0160647
47.9658 5.12559 0.0163876
49.0168 4.94058 0.00286913
49.0178 4.95286 0.00317941
49.0174 4.94652 0.00301229
49.0184 4.95875 0.00332246
48.986 5.13018 0.00746166
48.9869 5.14263 0.00777591
48.9866 5.1362 0.00760645
48.9874 5.14861 0.00792059
50.0151 4.93394 0.0111699
50.0161 4.9466 0.0114824
50.0158 4.94007 0.0113139
50.0167 4.95268 0.0116263
49.9842 5.12843 0.0157027
49.9851 5.14128 0.016019
49.9848 5.13464 0.0158482
49.9856 5.14744 0.0161644
50.0169 3.95 -1.56381
50.0182 3.96273 -1.56349
50.0177 3.95616 -1.56366
50.0189 3.96885 -1.56335
49.9903 4.14482 -1.5593
49.9915 4.15774 -1.55898
49.991 4.15107 -1.55915
49.9921 4.16394 -1.55883
50.049 2.93076 -1.55863
50.0506 2.94363 -1.55829
50.05 2.937 -1.55847
50.0515 2.94981 -1.55814
50.0268 3.12626 -1.55406
50.0282 3.13931 -1.55372
50.0276 3.13258 -1.5539
50.0291 3.14559 -1.55356
50.0512 1.9517 -1.57162
50.0531 1.96486 -1.57123
50.0523 1.9581 -1.57143
50.0541 1.97121 -1.57104
50.0328 2.14848 -1.56677
50.0346 2.16183 -1.56637
50.0338 2.15497 -1.56658
50.0355 2.16826 -1.56619
50.0311 0.968377 -1.56218
50.0334 0.981753 -1.56172
50.0323 0.9749 -1.56197
50.0345 0.988214 -1.56151
50.0172 1.16612 -1.55712
50.0193 1.17968 -1.55665
50.0184 1.17273 -1.5569
50.0204 1.18623 -1.55644
50.0335 -0.0509013 -1.56236
50.0362 -0.0374074 -1.56188
50.0349 -0.0443128 -1.56213
50.0376 -0.0308836 -1.56165
50.0246 0.147404 -1.55714
50.0272 0.161086 -1.55666
50.0259 0.154079 -1.5569
50.0285 0.167695 -1.55643
50.0351 -1.03821 -1.56083
50.0383 -1.02465 -1.56033
50.0368 -1.03158 -1.56059
50.0399 -1.01809 -1.5601
50.0313 -0.839577 -1.55551
50.0344 -0.825832 -1.55502
50.0329 -0.832864 -1.55527
50.036 -0.819186 -1.55478
50.0422 -2.05788 -1.57298
50.0459 -2.04429 -1.57248
50.0441 -2.05124 -1.57274
50.0478 -2.03773 -1.57224
50.0439 -1.85917 -1.56762
50.0475 -1.84539 -1.56712
50.0458 -1.85244 -1.56738
50.0493 -1.83873 -1.56688
50.0379 -3.04267 -1.56499
50.0421 -3.02903 -1.56447
50.0401 -3.036 -1.56474
50.0442 -3.02243 -1.56421
50.0447 -2.84359 -1.55963
50.0488 -2.82976 -1.5591
50.0468 -2.83683 -1.55937
50.0508 -2.82307 -1.55885
50.0438 -4.03125 -1.56928
50.0485 -4.01758 -1.56874
50.0462 -4.02457 -1.56902
50.0509 -4.01097 -1.56849
50.0559 -3.83194 -1.56389
50.0605 -3.81807 -1.56336
50.0582 -3.82517 -1.56363
50.0628 -3.81137 -1.5631
50.028 -5.06222 -1.56618
50.0333 -5.04852 -1.56563
50.0307 -5.05552 -1.56591
50.0359 -5.04189 -1.56536
50.0455 -4.86268 -1.56074
50.0506 -4.84877 -1.56019
50.0481 -4.85588 -1.56047
50.0532 -4.84205 -1.55992
50.0603 -6.05127 -1.56736
50.0661 -6.03754 -1.5668
50.0632 -6.04455 -1.56709
50.069 -6.03089 -1.56653
50.0831 -5.85147 -1.56187
50.0889 -5.83753 -1.56131
50.086 -5.84465 -1.5616
50.0917 -5.83078 -1.56104
50.0583 -7.06225 -1.56138
50.0647 -7.0485 -1.56081
50.0615 -7.05553 -1.5611
50.0679 -7.04184 -1.56053
50.0867 -6.86227 -1.55585
50.093 -6.84831 -1.55527
50.0899 -6.85544 -1.55557
50.0961 -6.84156 -1.555
50.0633 -8.04815 -1.57683
50.0703 -8.03436 -1.57624
50.0668 -8.04141 -1.57654
50.0737 -8.02769 -1.57595
50.0972 -7.84784 -1.5712
50.104 -7.83384 -1.5706
50.1006 -7.84099 -1.57091
50.1074 -7.82706 -1.57032
50.0745 -9.03742 -1.57174
50.0821 -9.02359 -1.57113
50.0783 -9.03065 -1.57144
50.0858 -9.01688 -1.57083
50.1139 -8.83671 -1.56595
50.1214 -8.82266 -1.56533
50.1176 -8.82984 -1.56565
50.1251 -8.81586 -1.56503
50.058 -10.0624 -1.57918
50.0662 -10.0486 -1.57856
50.0621 -10.0556 -1.57888
50.0703 -10.0419 -1.57826
50.1033 -9.86165 -1.57328
50.1114 -9.84758 -1.57266
50.1073 -9.85476 -1.57297
50.1154 -9.84078 -1.57236
50.0488 -11.0412 -1.57295
50.0576 -11.0273 -1.57233
50.0532 -11.0344 -1.57265
50.0619 -11.0206 -1.57204
50.0999 -10.8405 -1.56701
50.1086 -10.8264 -1.56639
50.1042 -10.8336 -1.5667
50.1129 -10.8196 -1.56609
50.0523 -12.0481 -1.56714
50.0618 -12.0342 -1.56651
50.0571 -12.0413 -1.56683
50.0665 -12.0275 -1.5662
50.1095 -11.847 -1.56111
50.1189 -11.8329 -1.56048
50.1142 -11.8401 -1.5608
50.1235 -11.8261 -1.56017
50.0455 -13.036 -1.56477
50.0557 -13.0221 -1.56409
50.0506 -13.0292 -1.56445
50.0606 -13.0154 -1.56378
50.1087 -12.8347 -1.55865
50.1187 -12.8206 -1.55798
50.1137 -12.8278 -1.55833
50.1237 -12.8138 -1.55766
50.0521 -14.0473 -1.55253
50.063 -14.0334 -1.55186
50.0575 -14.0405 -1.5522
50.0683 -14.0267 -1.55153
50.1215 -13.8457 -1.54631
50.1323 -13.8316 -1.54564
50.1269 -13.8388 -1.54598
50.1375 -13.8248 -1.54531
50.0607 -15.0458 -1.55162
50.0723 -15.0319 -1.55093
50.0665 -15.039 -1.55129
50.0779 -15.0252 -1.55061
50.1364 -14.8441 -1.54534
50.1479 -14.8299 -1.54466
50.1421 -14.8371 -1.54501
50.1535 -14.8231 -1.54433
50.0434 -16.0679 -1.55745
50.0557 -16.054 -1.55675
50.0495 -16.0611 -1.55711
50.0617 -16.0472 -1.55642
50.1256 -15.866 -1.55106
50.1378 -15.8518 -1.55036
50.1317 -15.859 -1.55072
50.1437 -15.845 -1.55003
50.0628 -17.0616 -1.564
50.0757 -17.0477 -1.5633
50.0692 -17.0548 -1.56366
50.082 -17.041 -1.56297
50.1513 -16.8595 -1.55759
50.1642 -16.8454 -1.55689
50.1577 -16.8526 -1.55725
50.1704 -16.8385 -1.55656
50.0417 -18.0494 -1.56725
50.0553 -18.0355 -1.56654
50.0484 -18.0425 -1.5669
50.062 -18.0287 -1.5662
50.1366 -17.847 -1.56061
50.1502 -17.8328 -1.5599
50.1434 -17.84 -1.56026
50.1568 -17.8259 -1.55956
50.0627 -19.0515 -1.57061
50.0771 -19.0375 -1.5699
50.0698 -19.0446 -1.57026
50.0841 -19.0307 -1.56956
50.1645 -18.8486 -1.56383
50.1788 -18.8344 -1.56312
50.1716 -18.8417 -1.56348
50.1858 -18.8275 -1.56278
50.0589 -20.0607 -1.57874
50.0741 -20.0467 -1.57803
50.0664 -20.0538 -1.5784
50.0814 -20.04 -1.57769
50.1677 -19.8577 -1.57185
50.1827 -19.8435 -1.57114
50.1751 -19.8507 -1.5715
50.19 -19.8366 -1.57079
50.0409 -21.0555 -1.56858
50.0568 -21.0415 -1.56787
50.0488 -21.0486 -1.56823
50.0645 -21.0348 -1.56752
50.1567 -20.8524 -1.56157
50.1725 -20.8382 -1.56085
50.1645 -20.8455 -1.56122
50.1801 -20.8313 -1.56051
50.0514 -22.0504 -1.57994
50.0679 -22.0364 -1.57923
50.0595 -22.0435 -1.57959
50.076 -22.0296 -1.57888
50.1743 -21.8469 -1.57274
50.1908 -21.8326 -1.57203
50.1824 -21.8399 -1.57239
50.1988 -21.8257 -1.57168
50.0365 -23.0461 -1.57037
50.0538 -23.0321 -1.56966
50.0451 -23.0392 -1.57002
50.0622 -23.0253 -1.56932
50.1668 -22.8425 -1.56301
50.1841 -22.8282 -1.56229
50.1753 -22.8355 -1.56266
50.1924 -22.8213 -1.56195
50.0379 -24.05 -1.57339
50.0559 -24.036 -1.57269
50.0467 -24.0431 -1.57304
50.0646 -24.0292 -1.57234
50.1756 -23.8461 -1.5659
50.1935 -23.8318 -1.56519
50.1844 -23.8391 -1.56555
50.2022 -23.8249 -1.56484
50.0589 -25.0609 -1.5668
50.0776 -25.0469 -1.5661
50.0681 -25.054 -1.56646
50.0867 -25.0401 -1.56577
50.2043 -24.8565 -1.55909
50.223 -24.8422 -1.55839
50.2135 -24.8495 -1.55875
50.232 -24.8352 -1.55805
50.0782 -26.0634 -1.56944
50.0976 -26.0494 -1.56875
50.0877 -26.0565 -1.5691
50.107 -26.0425 -1.56841
50.2313 -25.8587 -1.56168
50.2507 -25.8444 -1.56098
50.2409 -25.8517 -1.56134
50.2601 -25.8374 -1.56065
50.0841 -27.0806 -1.56693
50.1042 -27.0666 -1.56625
50.094 -27.0737 -1.5666
50.114 -27.0598 -1.56592
50.2454 -26.8757 -1.559
50.2655 -26.8613 -1.55831
50.2553 -26.8686 -1.55866
50.2752 -26.8543 -1.55798
50.0628 -28.0728 -1.57664
50.0835 -28.0587 -1.57597
50.073 -28.0658 -1.57631
50.0936 -28.0519 -1.57564
50.232 -27.8678 -1.56861
50.2528 -27.8534 -1.56792
50.2423 -27.8607 -1.56827
50.2628 -27.8465 -1.56759
50.0427 -29.0504 -1.56961
50.0641 -29.0364 -1.56895
50.0532 -29.0435 -1.56928
50.0745 -29.0296 -1.56863
50.2202 -28.8451 -1.56121
50.2416 -28.8307 -1.56054
50.2308 -28.838 -1.56088
50.252 -28.8238 -1.56022
50.0815 -30.059 -1.56816
50.1036 -30.0449 -1.56751
50.0924 -30.052 -1.56784
50.1143 -30.038 -1.56719
50.2678 -29.853 -1.55961
50.2898 -29.8386 -1.55895
50.2786 -29.8459 -1.55929
50.3005 -29.8316 -1.55863
49.0513 -30.0483 3.13983
49.0733 -30.0349 3.14048
49.0621 -30.0417 3.14015
49.0841 -30.0284 3.1408
49.2371 -29.8513 -3.13512
49.2592 -29.8376 -3.13446
49.248 -29.8446 -3.13479
49.2699 -29.8309 -3.13413
48.0517 -30.0513 3.14026
48.0738 -30.0385 3.14091
48.0626 -30.045 3.14058
48.0845 -30.0323 3.14123
48.2374 -29.8625 -3.13472
48.2594 -29.8494 -3.13406
48.2482 -29.856 -3.1344
48.2701 -29.843 -3.13375
47.076 -30.0507 3.13293
47.0981 -30.0384 3.13354
47.0869 -30.0446 3.13323
47.1089 -30.0324 3.13383
47.2608 -29.8695 3.14142
47.2829 -29.8569 -3.14115
47.2717 -29.8633 -3.14147
47.2936 -29.8508 -3.14086
46.0991 -30.0284 -3.13843
46.1212 -30.0167 -3.13784
46.11 -30.0227 -3.13814
46.1319 -30.011 -3.13755
46.2835 -29.8554 -3.12997
46.3056 -29.8434 -3.12936
46.2944 -29.8495 -3.12967
46.3163 -29.8376 -3.12907
45.0797 -30.0305 3.13512
45.1018 -30.0194 3.13571
45.0906 -30.025 3.13541
45.1126 -30.014 3.136
45.2639 -29.8661 -3.13968
45.2861 -29.8547 -3.13908
45.2748 -29.8605 -3.13938
45.2968 -29.8491 -3.13879
44.0615 -30.0042 3.12386
44.0837 -29.9937 3.12446
44.0724 -29.999 3.12415
44.0944 -29.9886 3.12475
44.2449 -29.8481 3.13218
44.267 -29.8373 3.13278
44.2558 -29.8428 3.13247
44.2778 -29.8321 3.13308
43.0682 -29.9639 3.11961
43.0904 -29.9539 3.12017
43.0792 -29.959 3.11988
43.1012 -29.9491 3.12044
43.2507 -29.8159 3.12773
43.2728 -29.8056 3.1283
43.2616 -29.8108 3.12801
43.2836 -29.8006 3.12858
42.0707 -29.9833 3.12478
42.093 -29.9738 3.12532
42.0817 -29.9786 3.12504
42.1038 -29.9692 3.12558
42.2527 -29.8431 3.13276
42.2749 -29.8334 3.13331
42.2636 -29.8383 3.13302
42.2857 -29.8286 3.13357
41.0889 -29.9849 3.13932
41.1112 -29.9758 3.13986
41.0999 -29.9804 3.13958
41.1221 -29.9714 3.14011
41.2702 -29.8522 -3.13597
41.2925 -29.843 -3.13543
41.2812 -29.8477 -3.13571
41.3033 -29.8385 -3.13516
40.0517 -30.0201 3.13251
40.0741 -30.0116 3.13306
40.0627 -30.0159 3.13278
40.085 -30.0074 3.13333
40.2325 -29.8953 3.14039
40.2549 -29.8866 3.14095
40.2435 -29.891 3.14066
40.2657 -29.8823 3.14122
40.0559 -31.018 -1.5795
40.079 -31.0094 -1.57894
40.0673 -31.0137 -1.57923
40.0901 -31.0052 -1.57868
40.2438 -30.8928 -1.57145
40.2668 -30.884 -1.57088
40.2552 -30.8884 -1.57118
40.278 -30.8797 -1.57061
40.0451 -32.0074 -1.57737
40.0687 -31.9988 -1.57679
40.0567 -32.0032 -1.57709
40.0801 -31.9946 -1.57651
40.2409 -31.882 -1.56927
40.2645 -31.8731 -1.56868
40.2525 -31.8776 -1.56899
40.2759 -31.8688 -1.5684
40.059 -33.0025 -1.57477
40.0833 -32.9938 -1.57417
40.0709 -32.9981 -1.57448
40.095 -32.9896 -1.57389
40.2628 -32.8765 -1.56661
40.2871 -32.8676 -1.56601
40.2747 -32.872 -1.56632
40.2988 -32.8632 -1.56572
40.0398 -34.0028 -1.57532
40.0647 -33.9941 -1.57473
40.052 -33.9984 -1.57503
40.0768 -33.9898 -1.57444
40.2517 -33.8765 -1.56709
40.2766 -33.8676 -1.56649
40.2639 -33.8721 -1.5668
40.2887 -33.8632 -1.5662
40.0162 -35.0082 -1.57488
40.0418 -34.9995 -1.57431
40.0288 -35.0038 -1.5746
40.0542 -34.9952 -1.57403
40.2363 -34.8817 -1.56656
40.2619 -34.8728 -1.56598
40.2489 -34.8773 -1.56628
40.2743 -34.8684 -1.5657
39.0606 -35.0048 3.13572
39.0862 -34.9967 3.13628
39.0732 -35.0007 3.13599
39.0986 -34.9926 3.13655
39.2806 -34.886 -3.13897
39.3063 -34.8776 -3.1384
39.2932 -34.8818 -3.13869
39.3187 -34.8734 -3.13812
38.0646 -35.0107 3.11836
38.0903 -35.0031 3.11892
38.0772 -35.0069 3.11863
38.1027 -34.9993 3.11919
38.2846 -34.9 3.12712
38.3104 -34.8921 3.12769
38.2973 -34.8961 3.1274
38.3228 -34.8882 3.12797
37.0538 -34.9909 3.1401
37.0796 -34.9838 3.14067
37.0665 -34.9873 3.14038
37.0921 -34.9803 3.14094
37.2737 -34.8887 -3.13396
37.2995 -34.8813 -3.13338
37.2864 -34.885 -3.13367
37.312 -34.8777 -3.1331
36.047 -34.9729 -3.13746
36.0728 -34.9664 -3.13689
36.0597 -34.9696 -3.13717
36.0853 -34.9631 -3.1366
36.2667 -34.8795 -3.12788
36.2926 -34.8727 -3.1273
36.2794 -34.8761 -3.12759
36.3051 -34.8694 -3.12701
35.0411 -34.9611 3.14069
35.067 -34.9551 3.14125
35.0538 -34.958 3.14097
35.0795 -34.9521 3.14153
35.2608 -34.8774 -3.13267
35.2867 -34.8712 -3.1321
35.2735 -34.8743 -3.13238
35.2992 -34.8681 -3.13181
34.0475 -34.9382 3.14114
34.0734 -34.9327 -3.14149
34.0602 -34.9354 3.14142
34.0859 -34.93 -3.14121
34.267 -34.8643 -3.13199
34.2929 -34.8587 -3.13142
34.2798 -34.8615 -3.1317
34.3055 -34.8559 -3.13114
33.0295 -34.9255 -3.13894
33.0554 -34.9206 -3.1384
33.0422 -34.923 -3.13866
33.0679 -34.9182 -3.13813
33.2482 -34.862 -3.12885
33.2742 -34.8569 -3.1283
33.261 -34.8595 -3.12857
33.2868 -34.8544 -3.12802
32.0403 -34.9637 -3.1363
32.0663 -34.9593 -3.13579
32.053 -34.9614 -3.13604
32.0789 -34.9571 -3.13554
32.2578 -34.9097 -3.12653
32.2839 -34.9052 -3.12601
32.2706 -34.9074 -3.12627
32.2965 -34.9029 -3.12574
31.0412 -34.9369 -3.13287
31.0673 -34.933 -3.13237
31.054 -34.9349 -3.13262
31.0799 -34.931 -3.13213
31.2572 -34.8926 -3.12325
31.2833 -34.8885 -3.12274
31.27 -34.8905 -3.123
31.2959 -34.8865 -3.12249
30.0104 -34.9362 3.13971
30.0365 -34.9327 3.1402
30.0232 -34.9344 3.13996
30.0491 -34.931 3.14044
30.2254 -34.9016 -3.13395
30.2516 -34.898 -3.13344
30.2383 -34.8998 -3.13369
30.2642 -34.8962 -3.13319
29.0303 -34.9486 3.13161
29.0565 -34.9456 3.13209
29.0431 -34.9471 3.13185
29.0691 -34.9441 3.13233
29.2431 -34.9229 3.14109
29.2693 -34.9198 3.14159
29.256 -34.9213 3.14134
29.282 -34.9182 -3.14135
28.0108 -34.9248 3.13619
28.037 -34.9223 3.13666
28.0236 -34.9235 3.13643
28.0496 -34.921 3.1369
28.2218 -34.908 -3.13782
28.248 -34.9054 -3.13733
28.2346 -34.9067 -3.13757
28.2607 -34.9041 -3.13708
27.0055 -34.9271 3.1356
27.0317 -34.925 3.13609
27.0183 -34.926 3.13585
27.0444 -34.9239 3.13633
27.2151 -34.919 -3.13853
27.2414 -34.9168 -3.13803
27.228 -34.9179 -3.13828
27.2541 -34.9157 -3.13778
26.0031 -34.9299 3.13646
26.0293 -34.9283 3.13696
26.0159 -34.9291 3.13671
26.042 -34.9274 3.13721
26.2111 -34.9304 -3.13775
26.2374 -34.9287 -3.13723
26.224 -34.9295 -3.13749
26.2502 -34.9278 -3.13698
25.0053 -34.949 3.13189
25.0316 -34.9478 3.1324
25.0182 -34.9484 3.13214
25.0443 -34.9472 3.13265
25.2125 -34.9583 3.14073
25.2389 -34.9571 3.14125
25.2255 -34.9577 3.14099
25.2517 -34.9565 3.14151
23.9993 -34.9352 -3.14033
24.0257 -34.9345 -3.13981
24.0122 -34.9348 -3.14007
24.0384 -34.9341 -3.13955
24.205 -34.9533 -3.13152
24.2314 -34.9525 -3.13099
24.2179 -34.9529 -3.13126
24.2442 -34.9522 -3.13072
23.0166 -34.9186 -3.13681
23.0429 -34.9184 -3.13629
23.0294 -34.9185 -3.13655
23.0557 -34.9183 -3.13603
23.221 -34.9453 -3.12757
23.2475 -34.945 -3.12704
23.234 -34.9451 -3.12731
23.2603 -34.9449 -3.12678
22.0097 -34.9204 -3.13548
22.0361 -34.9206 -3.13494
22.0226 -34.9205 -3.13521
22.0489 -34.9207 -3.13467
22.2119 -34.956 -3.12567
22.2385 -34.9563 -3.12512
22.2249 -34.9561 -3.1254
22.2513 -34.9564 -3.12484
21.0449 -34.9589 3.14157
21.0714 -34.9597 -3.14105
21.0578 -34.9593 -3.14133
21.0841 -34.96 -3.14077
21.2472 -35.0041 -3.13137
21.2738 -35.0049 -3.13079
21.2602 -35.0045 -3.13108
21.2866 -35.0052 -3.1305
20.0406 -34.9161 3.1334
20.0672 -34.9175 3.13399
20.0536 -34.9168 3.13369
20.08 -34.9181 3.13428
20.2422 -34.9716 -3.13912
20.2688 -34.973 -3.13852
20.2552 -34.9723 -3.13882
20.2817 -34.9737 -3.13822
20.0415 -35.8843 -1.57994
20.0687 -35.8857 -1.57932
20.0548 -35.885 -1.57963
20.0819 -35.8864 -1.57901
20.2537 -35.941 -1.56785
20.281 -35.9425 -1.56722
20.2671 -35.9418 -1.56753
20.2942 -35.9432 -1.56691
20.0182 -36.8948 -1.58403
20.0462 -36.8963 -1.58341
20.0319 -36.8956 -1.58372
20.0597 -36.8971 -1.5831
20.2429 -36.953 -1.5706
20.271 -36.9546 -1.56996
20.2567 -36.9538 -1.57028
20.2846 -36.9554 -1.56965
20.0043 -37.9185 -1.58998
20.0329 -37.9201 -1.58937
20.0183 -37.9193 -1.58967
20.0467 -37.9209 -1.58907
20.2431 -37.9767 -1.57625
20.2719 -37.9784 -1.57562
20.2572 -37.9775 -1.57593
20.2858 -37.9792 -1.57531
20.0018 -38.9012 -1.5922
20.0311 -38.9029 -1.59161
20.0161 -38.902 -1.5919
20.0452 -38.9037 -1.59132
20.2545 -38.9593 -1.57825
20.2839 -38.961 -1.57765
20.2689 -38.9601 -1.57794
20.2982 -38.9618 -1.57735
19.9685 -39.8883 -1.58578
19.9984 -39.89 -1.58521
19.9831 -39.8891 -1.58549
20.0128 -39.8909 -1.58492
20.2373 -39.9474 -1.5711
20.2673 -39.9493 -1.57052
20.252 -39.9483 -1.5708
20.2819 -39.9501 -1.57023
19.9613 -40.8711 -1.58355
19.9918 -40.8729 -1.58301
19.9763 -40.8719 -1.58326
20.0065 -40.8738 -1.58272
20.2495 -40.9326 -1.56785
20.2801 -40.9346 -1.5673
20.2646 -40.9335 -1.56756
20.2949 -40.9355 -1.56702
19.9065 -41.8815 -1.57789
19.9375 -41.8835 -1.57737
19.9217 -41.8825 -1.57761
19.9526 -41.8845 -1.5771
20.2155 -41.9462 -1.56245
20.2467 -41.9482 -1.56192
20.2308 -41.9471 -1.56217
20.2617 -41.9492 -1.56165
19.9382 -42.9032 -1.56942
19.9698 -42.9053 -1.56892
19.9538 -42.9042 -1.56915
19.9852 -42.9063 -1.56866
20.268 -42.9696 -1.55548
20.2996 -42.9718 -1.55497
20.2836 -42.9707 -1.5552
20.315 -42.9728 -1.5547
19.9572 -43.8853 -1.55877
19.9893 -43.8875 -1.55829
19.973 -43.8863 -1.55851
20.0049 -43.8885 -1.55803
20.304 -43.9518 -1.54612
20.3362 -43.9541 -1.54561
20.3199 -43.9529 -1.54585
20.3518 -43.9551 -1.54535
19.9566 -44.9099 -1.56356
19.9891 -44.9121 -1.56309
19.9727 -44.9109 -1.5633
20.005 -44.9132 -1.56285
20.3168 -44.9781 -1.55187
20.3495 -44.9804 -1.55137
20.333 -44.9792 -1.5516
20.3654 -44.9815 -1.55111
18.9547 -44.9335 3.12792
18.9873 -44.9362 3.12839
18.9708 -44.9348 3.12817
19.0032 -44.9375 3.12863
19.3177 -45.0126 3.13994
19.3504 -45.0154 3.14044
19.3339 -45.0139 3.14021
19.3664 -45.0167 3.1407
17.9831 -44.9098 3.13029
18.0159 -44.913 3.13076
17.9993 -44.9114 3.13054
18.0318 -44.9145 3.131
18.3484 -44.9997 -3.14032
18.3812 -45.003 -3.13982
18.3646 -45.0013 -3.14006
18.3972 -45.0046 -3.13956
16.9599 -44.8878 3.14045
16.9927 -44.8915 3.14092
16.9761 -44.8896 3.1407
17.0087 -44.8933 3.14117
17.3274 -44.9898 -3.12939
17.3603 -44.9935 -3.12889
17.3437 -44.9916 -3.12912
17.3763 -44.9954 -3.12863
15.9487 -44.88 3.13914
15.9817 -44.8841 3.13962
15.965 -44.882 3.1394
15.9977 -44.8861 3.13986
16.3201 -44.9932 -3.1289
16.353 -44.9975 -3.1284
16.3363 -44.9954 -3.12863
16.3691 -44.9996 -3.12815
14.9417 -44.8612 3.13242
14.9748 -44.8658 3.1329
14.958 -44.8635 3.13268
14.9908 -44.8681 3.13315
15.3176 -44.9879 -3.133
15.3507 -44.9927 -3.13252
15.3339 -44.9903 -3.13274
15.3668 -44.9951 -3.13227
13.9305 -44.8925 -3.1319
13.9637 -44.8976 -3.13142
13.9469 -44.8951 -3.13164
13.9799 -44.9001 -3.13117
14.3119 -45.0354 -3.11114
14.3451 -45.0407 -3.11068
14.3282 -45.038 -3.11089
14.3612 -45.0433 -3.11043
12.9537 -44.9089 -3.1308
12.9871 -44.9145 -3.13032
12.9701 -44.9117 -3.13054
13.0032 -44.9173 -3.13007
13.3387 -45.0715 -3.10783
13.372 -45.0772 -3.10737
13.3551 -45.0744 -3.10758
13.3882 -45.0801 -3.10713
11.9858 -44.949 -3.12616
12.0193 -44.9551 -3.12568
12.0023 -44.9521 -3.1259
12.0355 -44.9581 -3.12543
12.3763 -45.1338 -3.09999
12.4097 -45.14 -3.09955
12.3927 -45.137 -3.09974
12.426 -45.1431 -3.09932
10.9666 -44.9459 -3.12952
11.0002 -44.9524 -3.12905
10.9831 -44.9492 -3.12926
11.0165 -44.9557 -3.12879
11.3616 -45.1573 -3.10016
11.3952 -45.1639 -3.09975
11.3781 -45.1607 -3.09992
11.4115 -45.1673 -3.09952
9.96526 -44.9515 -3.13392
9.99892 -44.9585 -3.13344
9.98178 -44.9551 -3.13366
10.0152 -44.962 -3.13319
10.3618 -45.1909 -3.10379
10.3954 -45.198 -3.10338
10.3783 -45.1946 -3.10355
10.4117 -45.2016 -3.10316
9.95426 -43.9646 1.58501
9.9875 -43.9716 1.5855
9.97054 -43.9682 1.58528
10.0036 -43.9751 1.58576
10.3223 -44.2059 1.61799
10.3555 -44.213 1.61839
10.3386 -44.2096 1.61822
10.3716 -44.2165 1.61861
9.9555 -42.9743 1.57149
9.98841 -42.9812 1.57206
9.97158 -42.9779 1.57179
10.0043 -42.9847 1.57235
10.2954 -43.2192 1.61382
10.3283 -43.2261 1.61423
10.3115 -43.2228 1.61405
10.3443 -43.2297 1.61445
9.96119 -41.9727 1.57146
9.99336 -41.9795 1.57199
9.97689 -41.9762 1.57174
10.0089 -41.983 1.57227
10.2618 -42.2118 1.60453
10.2942 -42.2187 1.60497
10.2776 -42.2154 1.60478
10.3098 -42.2222 1.60521
9.97831 -40.9491 1.57535
10.0099 -40.9559 1.57589
9.99368 -40.9527 1.57564
10.025 -40.9594 1.57617
10.2488 -41.1863 1.60537
10.2806 -41.1932 1.60584
10.2643 -41.1899 1.60563
10.2959 -41.1967 1.60609
9.95003 -39.9466 1.57709
9.98099 -39.9534 1.57763
9.96509 -39.9501 1.57738
9.99588 -39.9568 1.57791
10.1921 -40.1836 1.60569
10.2233 -40.1905 1.60617
10.2073 -40.1871 1.60595
10.2384 -40.194 1.60642
10.9664 -39.9532 0.00201166
10.9973 -39.9595 0.00253638
10.9814 -39.9564 0.00229456
11.0121 -39.9626 0.00281164
11.2104 -40.1621 0.0288478
11.2416 -40.1685 0.0293286
11.2256 -40.1654 0.0291126
11.2566 -40.1718 0.029585
11.9565 -39.9243 0.0160811
11.9872 -39.9301 0.016589
11.9714 -39.9273 0.0163545
12.002 -39.933 0.0168554
12.2033 -40.1085 0.0395793
12.2343 -40.1145 0.0400647
12.2184 -40.1116 0.0398439
12.2492 -40.1175 0.0403217
12.9569 -39.9252 0.0202226
12.9875 -39.9305 0.0207252
12.9718 -39.9279 0.0204918
13.0022 -39.9332 0.0209879
13.2075 -40.0877 0.0408477
13.2383 -40.0932 0.0413442
13.2225 -40.0905 0.0411152
13.2532 -40.096 0.0416049
13.9431 -39.8833 0.00960897
13.9735 -39.8881 0.0101159
13.9579 -39.8857 0.00987855
13.9881 -39.8906 0.0103793
14.1966 -40.0272 0.0278582
14.2272 -40.0323 0.0283706
14.2115 -40.0298 0.028131
14.2419 -40.0348 0.0286371
14.9324 -39.8563 0.0152219
14.9626 -39.8607 0.0157433
14.9472 -39.8586 0.0154966
14.9772 -39.8629 0.0160122
15.1892 -39.9841 0.0315762
15.2196 -39.9886 0.0321101
15.2041 -39.9864 0.0318571
15.2343 -39.9909 0.032385
15.9541 -39.8348 0.00519158
15.9841 -39.8387 0.00573839
15.9688 -39.8368 0.0054765
15.9986 -39.8407 0.00601759
16.2143 -39.9476 0.0201394
16.2446 -39.9517 0.0207008
16.2291 -39.9497 0.0204312
16.2592 -39.9537 0.0209869
16.9728 -39.8537 -0.00613918
17.0027 -39.8571 -0.00555463
16.9874 -39.8554 -0.00583838
17.0171 -39.8588 -0.0052595
17.2372 -39.9531 0.00784765
17.2672 -39.9566 0.0084445
17.2519 -39.9548 0.00815413
17.2818 -39.9583 0.00874528
17.9891 -39.8569 -0.00821526
18.0189 -39.8597 -0.0076289
18.0037 -39.8583 -0.00791343
18.0333 -39.8611 -0.00733288
18.255 -39.9435 0.00576906
18.285 -39.9464 0.00636642
18.2697 -39.945 0.006076
18.2995 -39.9478 0.00666752
18.9643 -39.867 -0.0163954
18.9941 -39.8692 -0.0157956
18.9789 -39.8681 -0.0160897
19.0085 -39.8703 -0.0154952
19.2293 -39.9398 -0.00314678
19.2593 -39.9421 -0.00253363
19.244 -39.941 -0.00283499
19.2738 -39.9432 -0.00222706
19.9724 -39.8619 -0.0112207
20.0022 -39.8635 -0.0106269
19.987 -39.8627 -0.0109198
20.0166 -39.8643 -0.0103307
20.2366 -39.9221 0.00126922
20.2665 -39.9237 0.00187894
20.2513 -39.9229 0.00157727
20.281 -39.9246 0.00218231
20.9464 -39.8752 -0.0176123
20.9761 -39.8762 -0.0170207
20.961 -39.8757 -0.0173142
20.9905 -39.8767 -0.0167269
21.21 -39.9238 -0.00572306
21.2399 -39.9249 -0.00511402
21.2247 -39.9243 -0.00541706
21.2543 -39.9254 -0.00481228
21.9317 -39.8783 -0.00586902
21.9614 -39.8788 -0.00527605
21.9462 -39.8785 -0.00557148
21.9757 -39.879 -0.00498254
22.1946 -39.9159 0.00557722
22.2244 -39.9164 0.00618825
22.2092 -39.9161 0.00588284
22.2388 -39.9166 0.0064899
22.928 -39.8611 -0.0233957
22.9576 -39.861 -0.022798
22.9425 -39.861 -0.0230968
22.9719 -39.8609 -0.022503
23.19 -39.8878 -0.012237
23.2197 -39.8878 -0.0116215
23.2046 -39.8878 -0.0119302
23.2341 -39.8877 -0.0113185
23.9423 -39.8312 -0.0122737
23.9719 -39.8305 -0.011668
23.9568 -39.8308 -0.0119716
23.9862 -39.8302 -0.0113697
24.2032 -39.8473 -0.00124666
24.2329 -39.8466 -0.00062434
24.2178 -39.8469 -0.000937171
24.2473 -39.8462 -0.000318613
24.9748 -39.9083 -0.00469304
25.0044 -39.907 -0.0040747
24.9893 -39.9076 -0.00438511
25.0187 -39.9063 -0.00377066
25.2359 -39.9136 0.00637915
25.2655 -39.9123 0.00701199
25.2504 -39.9129 0.00669349
25.2799 -39.9116 0.00732247
24.9707 -38.8994 1.56722
24.9996 -38.8981 1.56783
24.9849 -38.8987 1.56752
25.0135 -38.8975 1.56814
25.2199 -38.9055 1.57816
25.2489 -38.9042 1.57879
25.2341 -38.9048 1.57847
25.2629 -38.9035 1.5791
24.975 -37.9099 1.56938
25.0032 -37.9087 1.56998
24.9888 -37.9093 1.56968
25.0169 -37.908 1.57028
25.2127 -37.9167 1.58003
25.241 -37.9154 1.58065
25.2266 -37.916 1.58034
25.2547 -37.9147 1.58095
24.9798 -36.9369 1.57232
25.0074 -36.9357 1.57291
24.9933 -36.9363 1.57261
25.0207 -36.9351 1.57319
25.2064 -36.9443 1.58252
25.2341 -36.943 1.58311
25.22 -36.9437 1.58281
25.2475 -36.9424 1.5834
24.9838 -35.9286 1.55784
25.0107 -35.9274 1.55838
24.997 -35.928 1.55811
25.0237 -35.9268 1.55865
25.1995 -35.9367 1.5674
25.2265 -35.9354 1.56796
25.2127 -35.936 1.56768
25.2396 -35.9348 1.56823
25.0061 -34.9282 1.56412
25.0325 -34.927 1.56464
25.019 -34.9276 1.56438
25.0452 -34.9264 1.56489
25.2126 -34.9369 1.57321
25.2391 -34.9356 1.57374
25.2256 -34.9362 1.57348
25.2518 -34.935 1.57401
24.9954 -33.9146 1.55968
25.0212 -33.9135 1.56019
25.0081 -33.914 1.55994
25.0337 -33.9129 1.56044
25.1938 -33.9239 1.56867
25.2196 -33.9227 1.5692
25.2064 -33.9233 1.56893
25.2321 -33.9221 1.56946
25.014 -32.8936 1.557
25.0392 -32.8925 1.55751
25.0263 -32.893 1.55725
25.0514 -32.8919 1.55776
25.2035 -32.9029 1.56599
25.2288 -32.9017 1.56652
25.2159 -32.9023 1.56626
25.241 -32.9011 1.56678
25.0029 -31.9098 1.56352
25.0276 -31.9087 1.56407
25.015 -31.9092 1.56379
25.0396 -31.9081 1.56433
25.1834 -31.9192 1.57227
25.2082 -31.918 1.57282
25.1956 -31.9186 1.57254
25.2202 -31.9174 1.5731
25.0232 -30.8968 1.56435
25.0473 -30.8957 1.56497
25.0349 -30.8962 1.56466
25.0589 -30.8952 1.56528
25.1955 -30.9056 1.57264
25.2196 -30.9045 1.57327
25.2072 -30.905 1.57295
25.2312 -30.9039 1.57358
25.0126 -29.8987 1.57431
25.036 -29.8977 1.57499
25.0241 -29.8982 1.57464
25.0473 -29.8972 1.57531
25.1773 -29.9071 1.5823
25.2006 -29.9061 1.58298
25.1887 -29.9066 1.58263
25.2119 -29.9056 1.58331
25.0065 -28.9317 1.56707
25.0291 -28.9308 1.56778
25.0175 -28.9312 1.56742
25.04 -28.9303 1.56812
25.164 -28.9398 1.5749
25.1866 -28.9388 1.57561
25.1751 -28.9393 1.57525
25.1976 -28.9383 1.57596
25.0044 -27.8992 1.56679
25.0262 -27.8983 1.56751
25.0151 -27.8987 1.56714
25.0368 -27.8978 1.56785
25.1544 -27.9068 1.57462
25.1763 -27.9059 1.57535
25.1651 -27.9063 1.57497
25.1868 -27.9054 1.5757
25.012 -26.9338 1.57339
25.033 -26.9329 1.57409
25.0223 -26.9333 1.57373
25.0432 -26.9325 1.57443
25.1551 -26.941 1.58137
25.1761 -26.9401 1.58208
25.1654 -26.9405 1.58171
25.1863 -26.9397 1.58242
24.9965 -25.9217 1.57911
25.0167 -25.9209 1.57977
25.0064 -25.9212 1.57943
25.0265 -25.9205 1.5801
25.1321 -25.9285 1.58739
25.1523 -25.9278 1.58807
25.142 -25.9281 1.58772
25.1621 -25.9274 1.58839
24.9943 -24.9168 1.57683
25.0137 -24.9161 1.57744
25.0038 -24.9164 1.57713
25.0231 -24.9157 1.57774
25.1221 -24.9233 1.58557
25.1416 -24.9226 1.5862
25.1317 -24.9229 1.58588
25.151 -24.9222 1.5865
25.9723 -24.9185 -0.00938799
25.9916 -24.9173 -0.00882043
25.9817 -24.9179 -0.00910934
26.001 -24.9167 -0.0085445
26.1007 -24.916 -0.000301415
26.1201 -24.9148 0.000281311
26.1102 -24.9154 -1.55895e-05
26.1295 -24.9141 0.000564439
26.9687 -24.9169 0.00617402
26.988 -24.9151 0.00671449
26.9782 -24.916 0.0064402
26.9973 -24.9142 0.006978
27.0977 -24.9048 0.015497
27.117 -24.9031 0.0160536
27.1072 -24.9039 0.0157708
27.1263 -24.9022 0.0163248
27.957 -24.9103 0.0160497
27.9762 -24.9081 0.0165784
27.9664 -24.9092 0.0163107
27.9855 -24.907 0.0168366
28.0865 -24.8886 0.0254994
28.1057 -24.8864 0.0260446
28.0959 -24.8875 0.0257681
28.115 -24.8852 0.0263106
28.9669 -24.8949 0.0067884
28.986 -24.8922 0.00732067
28.9762 -24.8935 0.00705145
28.9952 -24.8909 0.00758085
29.0968 -24.8632 0.0162543
29.1159 -24.8604 0.0168026
29.1062 -24.8618 0.0165248
29.1251 -24.8591 0.0170703
29.999 -24.897 0.00353292
30.018 -24.8938 0.00408495
30.0083 -24.8954 0.0038057
30.0272 -24.8922 0.00435463
30.1295 -24.8551 0.0128992
30.1485 -24.8518 0.0134659
30.1388 -24.8534 0.0131789
30.1577 -24.8502 0.0137426
31.0364 -24.9322 -0.00174517
31.0554 -24.9285 -0.0011564
31.0457 -24.9303 -0.00145462
31.0645 -24.9267 -0.000869286
31.1678 -24.8801 0.00739998
31.1868 -24.8763 0.00800141
31.1771 -24.8782 0.00769659
31.1959 -24.8744 0.00829459
32.0504 -24.9835 0.00636856
32.0693 -24.9793 0.00701103
32.0597 -24.9814 0.00668489
32.0785 -24.9772 0.00732349
32.1829 -24.9217 0.0151714
32.2017 -24.9174 0.0158237
32.1921 -24.9195 0.0154926
32.2109 -24.9152 0.0161409
33.0457 -24.9635 -0.00444265
33.0646 -24.9586 -0.00377209
33.055 -24.961 -0.00411262
33.0737 -24.9563 -0.00344618
33.1782 -24.8931 0.00422927
33.1971 -24.8881 0.00490832
33.1875 -24.8906 0.00456357
33.2062 -24.8857 0.00523843
34.0419 -24.9688 -0.000755523
34.0608 -24.9633 -9.41551e-05
34.0512 -24.966 -0.000430715
34.0698 -24.9606 0.000226806
34.1746 -24.8894 0.00786419
34.1933 -24.8838 0.00853408
34.1838 -24.8866 0.00819326
34.2024 -24.881 0.00885925
35.0511 -24.9634 -0.0120192
35.0699 -24.9572 -0.0113805
35.0604 -24.9603 -0.0117061
35.079 -24.9542 -0.0110709
35.1839 -24.8752 -0.00349588
35.2026 -24.8688 -0.00284848
35.1931 -24.872 -0.00317851
35.2117 -24.8657 -0.00253468
36.0568 -24.997 -0.0195736
36.0756 -24.9902 -0.0189826
36.066 -24.9936 -0.0192851
36.0846 -24.9869 -0.018697
36.1902 -24.9003 -0.0112474
36.209 -24.8933 -0.0106474
36.1994 -24.8968 -0.0109546
36.2181 -24.8899 -0.0103574
37.0317 -25.0056 -0.0181729
37.0505 -24.9983 -0.017618
37.0409 -25.0019 -0.0179031
37.0596 -24.9947 -0.0173505
37.1657 -24.9008 -0.010027
37.1845 -24.8933 -0.00946288
37.1749 -24.8971 -0.00975273
37.1935 -24.8897 -0.00919097
38.0327 -25.0059 -0.00842217
38.0515 -24.9981 -0.00789145
38.0419 -25.0021 -0.00816488
38.0606 -24.9943 -0.00763615
38.1671 -24.8931 -0.000438207
38.1859 -24.8851 0.000101755
38.1763 -24.8891 -0.000176529
38.1949 -24.8812 0.000361436
38.9946 -25.0249 -0.0026951
39.0134 -25.0166 -0.00217701
39.0038 -25.0208 -0.00244448
39.0225 -25.0126 -0.00192819
39.1296 -24.9044 0.00514219
39.1484 -24.896 0.00566932
39.1388 -24.9003 0.00539709
39.1574 -24.8918 0.00592242
40.0146 -25.0254 -0.00666935
40.0334 -25.0167 -0.00615175
40.0238 -25.0211 -0.00641921
40.0424 -25.0124 -0.00590338
40.1501 -24.897 0.00103968
40.1688 -24.8881 0.00156592
40.1593 -24.8926 0.00129393
40.1778 -24.8837 0.00181839
41.0108 -25.0581 -0.012608
41.0296 -25.0489 -0.0120789
41.0201 -25.0536 -0.0123522
41.0387 -25.0444 -0.0118251
41.147 -24.9221 -0.00501313
41.1657 -24.9127 -0.00447601
41.1562 -24.9175 -0.00475351
41.1748 -24.9081 -0.00421832
42.0212 -25.0604 0.0037508
42.0399 -25.0507 0.00430341
42.0304 -25.0556 0.00401832
42.049 -25.046 0.00456873
42.1578 -24.9168 0.0112494
42.1765 -24.9069 0.0118092
42.167 -24.9119 0.0115205
42.1856 -24.902 0.0120781
43.0802 -25.0387 0.0100679
43.099 -25.0284 0.0106566
43.0894 -25.0336 0.0103536
43.108 -25.0234 0.0109396
43.2171 -24.8872 0.0174917
43.2358 -24.8767 0.0180866
43.2263 -24.882 0.0177806
43.2448 -24.8716 0.0183728
44.1225 -25.0328 0.0172786
44.1412 -25.022 0.0179158
44.1316 -25.0275 0.0175889
44.1502 -25.0168 0.0182227
44.2597 -24.8737 0.024647
44.2784 -24.8627 0.0252892
44.2689 -24.8683 0.02496
44.2874 -24.8573 0.0255988
45.0881 -25.0262 0.0127074
45.1068 -25.0148 0.0133609
45.0972 -25.0206 0.013026
45.1158 -25.0093 0.0136759
45.2254 -24.86 0.0200653
45.244 -24.8483 0.0207235
45.2346 -24.8543 0.0203865
45.2531 -24.8427 0.021041
45.0685 -24.0213 1.56782
45.0865 -24.0099 1.56849
45.0773 -24.0157 1.56815
45.0952 -24.0044 1.56882
45.1985 -23.8552 1.5752
45.2165 -23.8436 1.57588
45.2074 -23.8495 1.57553
45.2252 -23.8379 1.5762
45.0778 -23.0067 1.57539
45.0952 -22.9953 1.57608
45.0864 -23.0011 1.57573
45.1036 -22.9898 1.57641
45.2006 -22.8405 1.58283
45.2178 -22.8289 1.58352
45.2091 -22.8348 1.58316
45.2262 -22.8233 1.58385
45.0828 -22.0054 1.57121
45.0995 -21.994 1.57191
45.091 -21.9998 1.57155
45.1076 -21.9885 1.57224
45.1983 -21.8393 1.57876
45.2149 -21.8277 1.57946
45.2064 -21.8336 1.5791
45.2229 -21.822 1.5798
45.0967 -21.0267 1.55614
45.1127 -21.0153 1.55683
45.1046 -21.0211 1.55648
45.1204 -21.0097 1.55717
45.2048 -20.8604 1.56351
45.2207 -20.8488 1.56421
45.2126 -20.8547 1.56386
45.2284 -20.8431 1.56455
45.0891 -20.0495 1.56872
45.1044 -20.0381 1.56941
45.0966 -20.0439 1.56906
45.1118 -20.0326 1.56975
45.19 -19.8833 1.57592
45.2052 -19.8716 1.57662
45.1974 -19.8775 1.57626
45.2125 -19.866 1.57696
45.0758 -19.0452 1.57271
45.0904 -19.0338 1.57341
45.083 -19.0396 1.57305
45.0975 -19.0283 1.57374
45.1697 -18.879 1.57961
45.1841 -18.8674 1.58031
45.1768 -18.8733 1.57995
45.1912 -18.8617 1.58065
45.0898 -18.0258 1.55402
45.1037 -18.0144 1.55471
45.0966 -18.0202 1.55435
45.1104 -18.0089 1.55504
45.1768 -17.8595 1.56066
45.1905 -17.8479 1.56135
45.1836 -17.8538 1.561
45.1972 -17.8422 1.56169
45.0837 -17.0511 1.56821
45.0968 -17.0397 1.56888
45.0902 -17.0455 1.56853
45.1032 -17.0341 1.5692
45.1644 -16.8847 1.57464
45.1774 -16.8731 1.57532
45.1708 -16.879 1.57497
45.1837 -16.8675 1.57564
45.0683 -16.0463 1.56188
45.0807 -16.0349 1.56258
45.0744 -16.0407 1.56222
45.0867 -16.0294 1.56291
45.1431 -15.8794 1.56784
45.1554 -15.8679 1.56854
45.1492 -15.8738 1.56818
45.1614 -15.8623 1.56888
45.0629 -15.0515 1.56243
45.0745 -15.0402 1.56314
45.0686 -15.0459 1.56277
45.0801 -15.0347 1.56347
45.1323 -14.884 1.56807
45.1438 -14.8725 1.56877
45.138 -14.8784 1.56841
45.1494 -14.8669 1.56911
45.0303 -14.0492 1.5776
45.0411 -14.0379 1.57829
45.0357 -14.0436 1.57793
45.0464 -14.0325 1.57862
45.0947 -13.8813 1.58306
45.1054 -13.8699 1.58375
45.1 -13.8757 1.58339
45.1106 -13.8643 1.58408
45.0528 -13.0597 1.56811
45.0629 -13.0485 1.56877
45.0578 -13.0542 1.56843
45.0678 -13.0431 1.56909
45.1123 -12.8911 1.57352
45.1223 -12.8797 1.57419
45.1172 -12.8856 1.57385
45.1271 -12.8742 1.57451
45.0373 -12.1001 1.58462
45.0467 -12.089 1.58524
45.0419 -12.0946 1.58492
45.0512 -12.0836 1.58554
45.0922 -11.931 1.59014
45.1014 -11.9196 1.59076
45.0968 -11.9254 1.59044
45.106 -11.9141 1.59106
45.0237 -11.0846 1.58686
45.0324 -11.0735 1.58742
45.028 -11.0791 1.58713
45.0366 -11.0681 1.5877
45.0736 -10.9149 1.59262
45.0822 -10.9036 1.59319
45.0779 -10.9094 1.59289
45.0864 -10.8981 1.59346
45.0159 -10.0926 1.5855
45.024 -10.0815 1.58604
45.0199 -10.0872 1.58577
45.0279 -10.0761 1.5863
45.06 -9.92304 1.59132
45.068 -9.91176 1.59187
45.064 -9.91752 1.59159
45.0719 -9.90629 1.59213
45.0144 -9.08711 1.58312
45.0219 -9.07602 1.58366
45.0181 -9.08168 1.58338
45.0256 -9.07065 1.58392
45.0527 -8.91751 1.5889
45.0602 -8.90623 1.58944
45.0565 -8.91199 1.58916
45.0638 -8.90076 1.58971
44.9886 -8.1038 1.58768
44.9956 -8.09274 1.58822
44.9921 -8.09838 1.58794
44.999 -8.08737 1.58848
45.0214 -7.93432 1.59344
45.0283 -7.92306 1.59399
45.0248 -7.92881 1.59371
45.0317 -7.91761 1.59425
44.9863 -7.08617 1.579
44.9927 -7.07513 1.57956
44.9895 -7.08076 1.57927
44.9958 -7.06977 1.57983
45.0136 -6.91635 1.58469
45.0199 -6.90511 1.58525
45.0168 -6.91085 1.58496
45.0231 -6.89967 1.58552
44.9887 -6.07391 1.57576
44.9946 -6.06285 1.57631
44.9917 -6.06849 1.57603
44.9974 -6.05749 1.57658
45.0107 -5.9038 1.5812
45.0164 -5.89256 1.58176
45.0136 -5.89831 1.58147
45.0193 -5.88712 1.58203
45.0117 -5.07649 1.58077
45.017 -5.0654 1.58132
45.0144 -5.07107 1.58104
45.0196 -5.06003 1.58158
45.0286 -4.906 1.58608
45.0338 -4.89473 1.58662
45.0313 -4.90049 1.58634
45.0363 -4.88928 1.58689
45.0533 -4.08122 1.57237
45.058 -4.0701 1.57289
45.0557 -4.07578 1.57262
45.0603 -4.06471 1.57315
45.0653 -3.91024 1.57762
45.0699 -3.89894 1.57814
45.0676 -3.90472 1.57787
45.0721 -3.89347 1.5784
45.0535 -3.04623 1.57403
45.0576 -3.0351 1.57452
45.0556 -3.04079 1.57427
45.0596 -3.02971 1.57476
45.0604 -2.87499 1.57932
45.0644 -2.86368 1.57982
45.0625 -2.86947 1.57956
45.0664 -2.85821 1.58006
45.0076 -2.05595 1.57278
45.0111 -2.04483 1.57324
45.0094 -2.05052 1.57301
45.0129 -2.03944 1.57347
45.0095 -1.8848 1.57814
45.0129 -1.8735 1.57861
45.0113 -1.87929 1.57837
45.0147 -1.86804 1.57884
45.0219 -1.06886 1.56863
45.025 -1.05772 1.56908
45.0235 -1.06342 1.56885
45.0265 -1.05233 1.5693
45.0186 -0.897565 1.57404
45.0216 -0.886255 1.5745
45.0201 -0.892047 1.57427
45.0231 -0.880788 1.57472
44.9923 -0.0799212 1.57479
44.995 -0.0687972 1.57525
44.9937 -0.0744897 1.57502
44.9963 -0.0634172 1.57547
44.9837 0.0912138 1.58022
44.9863 0.102509 1.58068
44.9851 0.0967249 1.58044
44.9876 0.107968 1.5809
46.0194 -0.050597 0.00580617
46.022 -0.0390019 0.00626521
46.0208 -0.0449346 0.00603126
46.0233 -0.0333937 0.00648762
46.0106 0.126127 0.0112363
46.0131 0.137897 0.0116987
46.0119 0.13187 0.0114628
46.0144 0.143585 0.0119226
47.0374 -0.0614784 -0.00109458
47.0401 -0.049405 -0.000621215
47.0388 -0.0555811 -0.000862708
47.0414 -0.0435648 -0.000392104
47.0286 0.120893 0.00430454
47.0312 0.133144 0.00478122
47.03 0.126872 0.00453779
47.0325 0.139066 0.00501163
48.0104 -0.0619713 0.00615912
48.013 -0.0494136 0.00664184
48.0118 -0.0558406 0.00639727
48.0144 -0.0433429 0.00687713
48.0015 0.12573 0.0115386
48.004 0.138469 0.0120245
48.0028 0.131945 0.011778
48.0053 0.144623 0.012261
49.0008 -0.0420112 0.00172035
49.0035 -0.0289518 0.00220665
49.0022 -0.0356368 0.00196287
49.0048 -0.0226405 0.00244625
48.9917 0.151095 0.00706129
48.9943 0.164339 0.00755063
48.9931 0.157555 0.007305
48.9956 0.170735 0.00779135
50.0152 -0.0284544 -0.00273833
50.0178 -0.0148905 -0.00224232
50.0166 -0.0218291 -0.00249399
50.0192 -0.00833152 -0.00200091
50.006 0.170109 0.00259683
50.0085 0.18386 0.00309582
50.0073 0.176821 0.00284233
50.0098 0.190505 0.00333832
50.0306 -1.04816 -1.56952
50.0338 -1.03458 -1.56902
50.0323 -1.04153 -1.56927
50.0354 -1.02802 -1.56877
50.0269 -0.849459 -1.56419
50.03 -0.835693 -1.56368
50.0285 -0.842738 -1.56394
50.0315 -0.829039 -1.56344
50.0132 -2.05702 -1.56919
50.0169 -2.04343 -1.56868
50.0151 -2.05038 -1.56894
50.0187 -2.03685 -1.56843
50.0148 -1.85827 -1.56383
50.0184 -1.84448 -1.56332
50.0166 -1.85153 -1.56358
50.0201 -1.83781 -1.56307
50.0154 -3.03589 -1.57296
50.0196 -3.02229 -1.57245
50.0175 -3.02924 -1.57271
50.0217 -3.01571 -1.57221
50.0223 -2.83715 -1.5676
50.0264 -2.82336 -1.56709
50.0244 -2.83042 -1.56735
50.0284 -2.81669 -1.56684
50.0402 -4.04189 -1.57842
50.0449 -4.02824 -1.57789
50.0426 -4.03522 -1.57816
50.0472 -4.02163 -1.57764
50.0523 -3.84271 -1.57304
50.0569 -3.82886 -1.57251
50.0546 -3.83594 -1.57278
50.0592 -3.82216 -1.57225
50.0409 -5.04316 -1.57296
50.0462 -5.02947 -1.57241
50.0436 -5.03647 -1.57269
50.0488 -5.02285 -1.57215
50.0584 -4.84375 -1.56753
50.0635 -4.82987 -1.56699
50.061 -4.83697 -1.56727
50.0661 -4.82316 -1.56672
50.0607 -6.05106 -1.57199
50.0664 -6.03732 -1.57142
50.0636 -6.04434 -1.57172
50.0693 -6.03067 -1.57115
50.0835 -5.85122 -1.56648
50.0892 -5.83727 -1.56591
50.0864 -5.8444 -1.5662
50.092 -5.83052 -1.56564
50.0384 -7.06471 -1.57116
50.0448 -7.05097 -1.57059
50.0416 -7.05799 -1.57088
50.0479 -7.04431 -1.57031
50.0667 -6.86482 -1.56562
50.073 -6.85087 -1.56505
50.0699 -6.858 -1.56534
50.0761 -6.84412 -1.56477
50.0456 -8.06079 -1.56651
50.0526 -8.047 -1.56591
50.0491 -8.05404 -1.56622
50.056 -8.04031 -1.56562
50.0794 -7.86044 -1.56082
50.0863 -7.84643 -1.56022
50.0829 -7.85359 -1.56053
50.0897 -7.83965 -1.55993
50.0368 -9.05956 -1.56988
50.0444 -9.04575 -1.56927
50.0406 -9.0528 -1.56958
50.0481 -9.03906 -1.56898
50.0763 -8.8591 -1.5641
50.0838 -8.84507 -1.56349
50.08 -8.85223 -1.5638
50.0875 -8.83828 -1.56319
50.059 -10.0477 -1.56988
50.0673 -10.0339 -1.56927
50.0631 -10.0409 -1.56958
50.0713 -10.0272 -1.56897
50.1042 -9.84703 -1.56398
50.1123 -9.83298 -1.56337
50.1083 -9.84015 -1.56368
50.1163 -9.82617 -1.56307
50.0337 -11.0393 -1.56106
50.0426 -11.0254 -1.56043
50.0381 -11.0325 -1.56075
50.0469 -11.0187 -1.56012
50.0847 -10.8384 -1.55504
50.0935 -10.8243 -1.55441
50.0891 -10.8315 -1.55473
50.0978 -10.8175 -1.5541
50.0512 -12.0409 -1.56734
50.0607 -12.027 -1.56668
50.0559 -12.0341 -1.56702
50.0654 -12.0203 -1.56637
50.1083 -11.8397 -1.56128
50.1177 -11.8256 -1.56062
50.113 -11.8328 -1.56096
50.1223 -11.8188 -1.56031
50.0151 -13.0509 -1.57617
50.0253 -13.0371 -1.57549
50.0201 -13.0441 -1.57584
50.0302 -13.0303 -1.57517
50.0782 -12.8496 -1.56999
50.0883 -12.8356 -1.56931
50.0833 -12.8427 -1.56966
50.0933 -12.8287 -1.56899
50.0328 -14.0212 -1.56378
50.0436 -14.0074 -1.56309
50.0381 -14.0144 -1.56345
50.0489 -14.0006 -1.56277
50.102 -13.8198 -1.55756
50.1127 -13.8057 -1.55687
50.1073 -13.8129 -1.55723
50.118 -13.7988 -1.55654
50.0579 -15.0397 -1.56899
50.0695 -15.0258 -1.5683
50.0637 -15.0329 -1.56866
50.0751 -15.0191 -1.56797
50.1335 -14.8378 -1.56264
50.145 -14.8236 -1.56194
50.1392 -14.8309 -1.5623
50.1506 -14.8168 -1.56161
50.0542 -16.0495 -1.57042
50.0665 -16.0356 -1.56972
50.0603 -16.0427 -1.57008
50.0725 -16.0289 -1.56939
50.1363 -15.8474 -1.56397
50.1485 -15.8333 -1.56327
50.1423 -15.8405 -1.56363
50.1544 -15.8264 -1.56293
50.0452 -17.0714 -1.56077
50.0581 -17.0575 -1.56006
50.0516 -17.0645 -1.56043
50.0645 -17.0507 -1.55973
50.1338 -16.8692 -1.55429
50.1467 -16.8551 -1.55359
50.1402 -16.8623 -1.55395
50.153 -16.8482 -1.55325
50.0608 -18.046 -1.56855
50.0745 -18.0321 -1.56784
50.0675 -18.0392 -1.5682
50.0811 -18.0253 -1.5675
50.1558 -17.8436 -1.56199
50.1694 -17.8294 -1.56128
50.1625 -17.8366 -1.56164
50.176 -17.8225 -1.56094
50.0629 -19.0508 -1.56455
50.0773 -19.0369 -1.56384
50.07 -19.044 -1.5642
50.0843 -19.0301 -1.5635
50.1646 -18.8479 -1.55773
50.1789 -18.8337 -1.55701
50.1717 -18.841 -1.55738
50.1859 -18.8268 -1.55667
50.066 -20.035 -1.57198
50.0811 -20.021 -1.57127
50.0735 -20.0281 -1.57163
50.0885 -20.0142 -1.57092
50.1746 -19.8317 -1.56498
50.1896 -19.8175 -1.56427
50.182 -19.8247 -1.56463
50.1969 -19.8106 -1.56392
50.0553 -21.0625 -1.56921
50.0712 -21.0485 -1.56849
50.0631 -21.0556 -1.56886
50.0789 -21.0417 -1.56815
50.1711 -20.859 -1.56201
50.1869 -20.8447 -1.56129
50.1789 -20.852 -1.56166
50.1945 -20.8378 -1.56095
50.0556 -22.0586 -1.57314
50.0722 -22.0446 -1.57243
50.0638 -22.0517 -1.57279
50.0803 -22.0378 -1.57208
50.1786 -21.8549 -1.5659
50.1951 -21.8407 -1.56518
50.1868 -21.8479 -1.56555
50.2031 -21.8338 -1.56484
50.0602 -23.0612 -1.57672
50.0775 -23.0472 -1.57602
50.0687 -23.0544 -1.57638
50.0859 -23.0404 -1.57567
50.1905 -22.8574 -1.56934
50.2077 -22.8431 -1.56863
50.199 -22.8504 -1.569
50.2161 -22.8362 -1.56829
50.0657 -24.0831 -1.56608
50.0837 -24.0691 -1.56538
50.0746 -24.0762 -1.56573
50.0925 -24.0623 -1.56503
50.2037 -23.879 -1.55858
50.2216 -23.8647 -1.55787
50.2125 -23.872 -1.55823
50.2304 -23.8578 -1.55753
50.0689 -25.0781 -1.56586
50.0876 -25.0641 -1.56516
50.0781 -25.0712 -1.56551
50.0967 -25.0573 -1.56482
50.2144 -24.8738 -1.55819
50.233 -24.8594 -1.55749
50.2236 -24.8667 -1.55785
50.2421 -24.8525 -1.55715
50.0568 -26.0769 -1.5736
50.0763 -26.0628 -1.57291
50.0664 -26.07 -1.57326
50.0857 -26.056 -1.57258
50.2101 -25.8721 -1.56567
50.2295 -25.8578 -1.56498
50.2197 -25.8651 -1.56533
50.2389 -25.8508 -1.56465
50.0534 -27.0622 -1.57185
50.0735 -27.0482 -1.57117
50.0633 -27.0553 -1.57151
50.0832 -27.0413 -1.57084
50.2146 -26.8573 -1.56382
50.2346 -26.8429 -1.56314
50.2245 -26.8502 -1.56349
50.2444 -26.8359 -1.56281
50.0548 -28.0549 -1.57533
50.0755 -28.0409 -1.57466
50.065 -28.048 -1.575
50.0856 -28.034 -1.57433
50.2241 -27.8497 -1.56714
50.2448 -27.8354 -1.56647
50.2343 -27.8427 -1.56681
50.2549 -27.8284 -1.56614
50.0588 -29.0558 -1.57196
50.0803 -29.0418 -1.5713
50.0694 -29.0489 -1.57163
50.0907 -29.0349 -1.57098
50.2365 -28.8503 -1.56356
50.2579 -28.8359 -1.56289
50.2471 -28.8432 -1.56323
50.2683 -28.8289 -1.56257
50.0443 -30.046 -1.56941
50.0664 -30.032 -1.56876
50.0552 -30.0391 -1.56909
50.0771 -30.0251 -1.56844
50.2305 -29.8403 -1.56084
50.2525 -29.826 -1.56018
50.2414 -29.8333 -1.56051
50.2632 -29.819 -1.55986
50.0629 -31.0376 -1.567
50.0857 -31.0235 -1.56637
50.0741 -31.0306 -1.56669
50.0967 -31.0166 -1.56606
50.2577 -30.8312 -1.55821
50.2804 -30.8168 -1.55756
50.2689 -30.8242 -1.55789
50.2914 -30.8098 -1.55725
50.0655 -32.0383 -1.57363
50.0889 -32.0242 -1.57298
50.077 -32.0313 -1.57331
50.1002 -32.0173 -1.57267
50.2691 -31.8321 -1.56482
50.2925 -31.8177 -1.56417
50.2806 -31.825 -1.56449
50.3038 -31.8107 -1.56385
50.0473 -33.0321 -1.57761
50.0713 -33.018 -1.57697
50.0591 -33.0252 -1.57729
50.083 -33.0112 -1.57666
50.2602 -32.8258 -1.56853
50.2842 -32.8114 -1.56788
50.2721 -32.8187 -1.5682
50.2959 -32.8044 -1.56756
50.0608 -34.0294 -1.56958
50.0854 -34.0153 -1.56895
50.0729 -34.0225 -1.56926
50.0974 -34.0085 -1.56863
50.2832 -33.8227 -1.56025
50.3079 -33.8083 -1.55961
50.2954 -33.8156 -1.55993
50.3199 -33.8013 -1.55929
50.0614 -35.0242 -1.57937
50.0867 -35.0101 -1.57874
50.0739 -35.0172 -1.57906
50.0989 -35.0033 -1.57843
50.2935 -34.8172 -1.56991
50.3188 -34.8028 -1.56927
50.306 -34.8101 -1.56959
50.3311 -34.7958 -1.56896
51.0522 -35.041 -0.0038661
51.0774 -35.0264 -0.00324187
51.0646 -35.0338 -0.0035539
51.0897 -35.0192 -0.00293442
51.2845 -34.8247 0.00558045
51.3098 -34.8097 0.0062141
51.297 -34.8173 0.00589725
51.3221 -34.8024 0.0065261
52.052 -35.045 -0.00896053
52.0772 -35.0297 -0.0083494
52.0644 -35.0374 -0.00865485
52.0895 -35.0223 -0.00804835
52.2845 -34.8192 0.000547366
52.3098 -34.8035 0.00116832
52.297 -34.8115 0.000857812
52.322 -34.7959 0.00147408
53.0625 -35.0359 0.000727277
53.0878 -35.0201 0.00132486
53.075 -35.0281 0.0010263
53.1001 -35.0124 0.00161931
53.2952 -34.8005 0.0103427
53.3205 -34.7843 0.0109508
53.3077 -34.7926 0.0106468
53.3327 -34.7764 0.0112503
54.0609 -35.0074 -0.0214751
54.0862 -34.991 -0.0208775
54.0734 -34.9993 -0.0211757
54.0985 -34.983 -0.0205828
54.2935 -34.7624 -0.0117424
54.3188 -34.7457 -0.0111339
54.306 -34.7542 -0.0114378
54.331 -34.7375 -0.010834
55.0717 -35.0149 -0.0180562
55.097 -34.9979 -0.0174527
55.0842 -35.0065 -0.0177534
55.1093 -34.9896 -0.0171547
55.3045 -34.76 -0.00820559
55.3297 -34.7426 -0.00759115
55.317 -34.7514 -0.00789741
55.342 -34.7341 -0.00728783
55.0339 -36.0233 -1.58242
55.0598 -36.0064 -1.58181
55.0467 -36.0149 -1.58212
55.0724 -35.9981 -1.58151
55.2768 -35.7686 -1.57249
55.3027 -35.7513 -1.57188
55.2896 -35.7601 -1.57218
55.3153 -35.7428 -1.57157
55.0532 -37.006 -1.59955
55.0797 -36.9891 -1.59893
55.0663 -36.9976 -1.59924
55.0926 -36.9808 -1.59863
55.306 -36.7508 -1.58951
55.3325 -36.7335 -1.58889
55.3191 -36.7423 -1.5892
55.3453 -36.725 -1.58858
55.07 -38.0193 -1.60141
55.0971 -38.0023 -1.6008
55.0834 -38.0109 -1.6011
55.1103 -37.994 -1.60049
55.333 -37.7636 -1.59129
55.3601 -37.7463 -1.59067
55.3464 -37.7551 -1.59098
55.3733 -37.7378 -1.59036
55.0319 -39.0236 -1.58633
55.0596 -39.0067 -1.58572
55.0456 -39.0153 -1.58602
55.0731 -38.9984 -1.58541
55.3052 -38.7681 -1.57615
55.3329 -38.7508 -1.57553
55.3189 -38.7596 -1.57584
55.3464 -38.7423 -1.57522
55.0144 -40.0115 -1.58236
55.0428 -39.9945 -1.58175
55.0285 -40.0031 -1.58205
55.0566 -39.9863 -1.58144
55.2979 -39.7558 -1.57214
55.3262 -39.7385 -1.57152
55.3119 -39.7473 -1.57183
55.3401 -39.73 -1.57121
55.0248 -41.0229 -1.58444
55.0537 -41.0059 -1.58382
55.0391 -41.0145 -1.58413
55.0678 -40.9976 -1.58352
55.3187 -40.7667 -1.57419
55.3477 -40.7493 -1.57356
55.333 -40.7581 -1.57387
55.3618 -40.7408 -1.57326
55.0277 -42.0208 -1.58409
55.0573 -42.0038 -1.58348
55.0424 -42.0124 -1.58378
55.0717 -41.9955 -1.58318
55.332 -41.7641 -1.57384
55.3616 -41.7467 -1.57322
55.3467 -41.7555 -1.57353
55.376 -41.7382 -1.57292
55.0185 -43.0369 -1.58311
55.0487 -43.02 -1.5825
55.0334 -43.0286 -1.5828
55.0634 -43.0117 -1.58219
55.3331 -42.7803 -1.57286
55.3634 -42.7629 -1.57224
55.3481 -42.7717 -1.57255
55.3782 -42.7544 -1.57193
54.9943 -44.0448 -1.58328
55.0251 -44.0279 -1.58267
55.0096 -44.0364 -1.58298
55.0401 -44.0196 -1.58237
55.3193 -43.7882 -1.57306
55.3502 -43.7708 -1.57245
55.3346 -43.7796 -1.57275
55.3653 -43.7623 -1.57214
54.9952 -45.0244 -1.56887
55.0266 -45.0074 -1.56827
55.0108 -45.016 -1.56857
55.0419 -44.9991 -1.56797
55.3303 -44.7674 -1.55872
55.3618 -44.75 -1.55811
55.3459 -44.7588 -1.55841
55.3772 -44.7415 -1.5578
54.9993 -46.0296 -1.56163
55.0313 -46.0127 -1.56103
55.0151 -46.0212 -1.56133
55.0469 -46.0044 -1.56074
55.3447 -45.7722 -1.55162
55.3768 -45.7548 -1.55101
55.3606 -45.7636 -1.55132
55.3925 -45.7463 -1.55071
54.9944 -47.0456 -1.57098
55.027 -47.0287 -1.57039
55.0106 -47.0373 -1.57068
55.0429 -47.0204 -1.5701
55.35 -46.7879 -1.56109
55.3827 -46.7705 -1.56049
55.3663 -46.7793 -1.56079
55.3987 -46.762 -1.56019
54.9955 -48.0225 -1.57404
55.0287 -48.0056 -1.57345
55.012 -48.0141 -1.57374
55.045 -47.9973 -1.57316
55.361 -47.7646 -1.56423
55.3943 -47.7471 -1.56363
55.3775 -47.756 -1.56393
55.4106 -47.7386 -1.56333
54.9925 -49.0154 -1.58828
55.0262 -48.9984 -1.58769
55.0092 -49.007 -1.58798
55.0427 -48.9901 -1.5874
55.3676 -48.7574 -1.57846
55.4015 -48.74 -1.57786
55.3845 -48.7488 -1.57816
55.4181 -48.7314 -1.57756
54.9812 -49.9983 -1.57652
55.0155 -49.9814 -1.57593
54.9982 -49.9899 -1.57622
55.0323 -49.9731 -1.57564
55.366 -49.7405 -1.56669
55.4005 -49.723 -1.56609
55.3831 -49.7318 -1.56639
55.4174 -49.7145 -1.56579
53.9925 -49.9825 3.13787
54.0268 -49.9661 3.13846
54.0095 -49.9744 3.13817
54.0436 -49.9581 3.13875
54.3772 -49.7344 -3.13547
54.4117 -49.7175 -3.13488
54.3943 -49.726 -3.13518
54.4286 -49.7093 -3.13458
52.9853 -50.0025 -3.14106
53.0196 -49.9867 -3.14048
53.0023 -49.9947 -3.14077
53.0364 -49.979 -3.14019
53.3703 -49.7642 -3.13123
53.4048 -49.748 -3.13063
53.3874 -49.7562 -3.13093
53.4217 -49.74 -3.13034
51.9864 -50.0034 3.13533
52.0208 -49.9882 3.13591
52.0035 -49.9959 3.13562
52.0376 -49.9808 3.1362
52.3715 -49.7747 -3.13803
52.406 -49.759 -3.13744
52.3887 -49.7669 -3.13773
52.4229 -49.7514 -3.13714
50.9833 -50.0007 3.13718
51.0177 -49.9861 3.13776
51.0004 -49.9935 3.13747
51.0345 -49.9789 3.13804
51.3685 -49.7816 -3.13618
51.4031 -49.7666 -3.13559
51.3857 -49.7742 -3.13588
51.4199 -49.7592 -3.1353
50.0069 -50.0107 -3.13687
50.0413 -49.9967 -3.13629
50.0239 -50.0038 -3.13658
50.0581 -49.9898 -3.136
50.3923 -49.8012 -3.12699
50.4268 -49.7867 -3.1264
50.4095 -49.7941 -3.1267
50.4437 -49.7796 -3.12611
48.9999 -49.9983 3.13589
49.0343 -49.9848 3.13647
49.017 -49.9916 3.13618
49.0511 -49.9782 3.13676
49.3854 -49.7987 -3.13744
49.4199 -49.7848 -3.13685
49.4025 -49.7918 -3.13714
49.4368 -49.778 -3.13656
47.995 -50.0132 3.14124
48.0294 -50.0004 -3.14136
48.0121 -50.0069 3.14153
48.0462 -49.9941 -3.14108
48.3807 -49.8233 -3.13216
48.4153 -49.8099 -3.13157
48.3979 -49.8167 -3.13187
48.4321 -49.8035 -3.13128
47.0076 -50.009 -3.14028
47.042 -49.9967 -3.13971
47.0247 -50.0029 -3.14
47.0588 -49.9907 -3.13943
47.3936 -49.8282 -3.1307
47.4282 -49.8155 -3.13011
47.4108 -49.822 -3.13041
47.4451 -49.8093 -3.12983
46.0356 -50.0189 3.13804
46.07 -50.0071 3.13861
46.0527 -50.0131 3.13832
46.0868 -50.0014 3.13888
46.4221 -49.8473 -3.13582
46.4567 -49.8351 -3.13524
46.4393 -49.8413 -3.13554
46.4736 -49.8291 -3.13496
45.0196 -49.995 -3.14115
45.054 -49.9838 -3.14059
45.0367 -49.9894 -3.14087
45.0708 -49.9783 -3.14032
45.4066 -49.8325 -3.13215
45.4412 -49.8209 -3.13158
45.4238 -49.8268 -3.13187
45.4581 -49.8152 -3.13131
44.0336 -50.0142 -3.14151
44.068 -50.0035 -3.14096
44.0507 -50.0089 -3.14124
44.0849 -49.9983 -3.14069
44.4213 -49.8603 -3.1327
44.4559 -49.8493 -3.13213
44.4385 -49.8549 -3.13242
44.4729 -49.8439 -3.13186
43.0252 -49.9787 -3.13919
43.0596 -49.9686 -3.13864
43.0422 -49.9737 -3.13893
43.0764 -49.9637 -3.13838
43.4133 -49.8331 -3.13076
43.4479 -49.8226 -3.13021
43.4305 -49.8279 -3.1305
43.4649 -49.8175 -3.12994
42.0687 -49.9727 -3.13234
42.1031 -49.9631 -3.1318
42.0858 -49.968 -3.13208
42.1199 -49.9584 -3.13154
42.4576 -49.8345 -3.12415
42.4922 -49.8246 -3.1236
42.4748 -49.8296 -3.12388
42.5092 -49.8197 -3.12334
41.0453 -49.951 -3.13846
41.0798 -49.942 -3.13792
41.0624 -49.9465 -3.1382
41.0966 -49.9376 -3.13767
41.4351 -49.8205 -3.13038
41.4697 -49.8111 -3.12984
41.4523 -49.8158 -3.13013
41.4867 -49.8064 -3.12958
40.0354 -49.9769 -3.13405
40.0699 -49.9684 -3.13352
40.0526 -49.9727 -3.1338
40.0868 -49.9642 -3.13326
40.4264 -49.8538 -3.12591
40.4611 -49.8449 -3.12537
40.4437 -49.8493 -3.12565
40.4781 -49.8405 -3.12511
39.036 -49.9908 -3.14119
39.0705 -49.9828 -3.14065
39.0531 -49.9868 -3.14093
39.0873 -49.9789 -3.1404
39.4281 -49.8752 -3.13277
39.4628 -49.8668 -3.13222
39.4453 -49.871 -3.13251
39.4798 -49.8627 -3.13196
38.0301 -49.9696 3.13315
38.0646 -49.9621 3.13369
38.0473 -49.9658 3.13341
38.0815 -49.9584 3.13395
38.423 -49.8618 -3.14117
38.4578 -49.854 -3.14062
38.4403 -49.8579 -3.14091
38.4747 -49.8501 -3.14036
37.0133 -49.9643 3.13467
37.0478 -49.9574 3.13522
37.0304 -49.9608 3.13494
37.0647 -49.9539 3.13548
37.4071 -49.8649 -3.13905
37.4419 -49.8576 -3.1385
37.4244 -49.8612 -3.13878
37.4589 -49.854 -3.13823
36.0169 -49.9397 -3.14059
36.0514 -49.9333 -3.14004
36.0341 -49.9364 -3.14032
36.0683 -49.9301 -3.13977
36.411 -49.8493 -3.13073
36.4458 -49.8426 -3.13017
36.4283 -49.8459 -3.13045
36.4628 -49.8393 -3.12989
35.0502 -49.951 -3.13194
35.0847 -49.9452 -3.13139
35.0673 -49.9481 -3.13167
35.1016 -49.9423 -3.13112
35.4445 -49.8702 -3.12188
35.4792 -49.864 -3.12131
35.4618 -49.867 -3.1216
35.4963 -49.8609 -3.12104
35.0212 -48.9537 1.57515
35.0552 -48.9479 1.5757
35.0381 -48.9507 1.57543
35.0718 -48.945 1.57598
35.4056 -48.8731 1.58543
35.4398 -48.867 1.586
35.4226 -48.87 1.58571
35.4565 -48.8639 1.58627
35.0268 -47.9485 1.57654
35.0602 -47.9426 1.5771
35.0434 -47.9455 1.57682
35.0765 -47.9397 1.57737
35.4003 -47.867 1.58719
35.4339 -47.8609 1.58777
35.417 -47.8639 1.58748
35.4504 -47.8578 1.58805
35.0055 -46.9561 1.57304
35.0383 -46.9502 1.5736
35.0218 -46.9531 1.57333
35.0544 -46.9473 1.57388
35.3679 -46.874 1.58422
35.401 -46.8679 1.5848
35.3844 -46.8709 1.58451
35.4172 -46.8648 1.58509
35.0005 -45.9566 1.56355
35.0328 -45.9508 1.56412
35.0165 -45.9536 1.56384
35.0486 -45.9478 1.5644
35.3515 -45.8743 1.57494
35.3839 -45.8681 1.57552
35.3676 -45.8711 1.57524
35.3998 -45.865 1.57581
34.9987 -44.9473 1.56782
35.0304 -44.9415 1.56839
35.0145 -44.9443 1.56811
35.0459 -44.9385 1.56868
35.338 -44.8648 1.57934
35.3699 -44.8586 1.57992
35.3538 -44.8617 1.57963
35.3855 -44.8556 1.58021
33.995 -44.956 3.13906
34.0267 -44.9507 3.13963
34.0107 -44.9533 3.13935
34.0422 -44.948 3.13992
34.3343 -44.8848 -3.13256
34.3662 -44.8793 -3.13197
34.3501 -44.882 -3.13226
34.3818 -44.8765 -3.13168
32.9996 -44.9536 3.13974
33.0313 -44.9488 3.14031
33.0153 -44.9511 3.14003
33.0468 -44.9464 3.1406
33.3391 -44.8937 -3.13196
33.371 -44.8887 -3.13138
33.355 -44.8912 -3.13166
33.3866 -44.8862 -3.13109
32.001 -44.9652 -3.13215
32.0328 -44.961 -3.13158
32.0168 -44.963 -3.13186
32.0484 -44.9589 -3.1313
32.3421 -44.9152 -3.12088
32.3741 -44.9108 -3.1203
32.358 -44.913 -3.12059
32.3897 -44.9086 -3.12001
30.9785 -44.9623 -3.13746
31.0104 -44.9587 -3.13689
30.9943 -44.9604 -3.13717
31.0259 -44.9568 -3.13661
31.3209 -44.9224 -3.12604
31.353 -44.9185 -3.12545
31.3368 -44.9204 -3.12574
31.3686 -44.9166 -3.12516
29.9629 -44.9418 3.13972
29.9948 -44.9387 3.14028
29.9787 -44.9402 3.14
30.0104 -44.9372 3.14057
30.3062 -44.9132 -3.13217
30.3382 -44.9099 -3.13159
30.3221 -44.9115 -3.13188
30.3539 -44.9082 -3.1313
28.9803 -44.9452 3.13843
29.0123 -44.9427 3.139
28.9962 -44.9439 3.13872
29.0278 -44.9415 3.13928
29.3247 -44.9274 -3.13351
29.3567 -44.9247 -3.13293
29.3406 -44.926 -3.13322
29.3724 -44.9233 -3.13264
27.9867 -44.9237 3.13147
28.0186 -44.9218 3.13204
28.0025 -44.9227 3.13176
28.0342 -44.9208 3.13232
28.3322 -44.9166 -3.14077
28.3643 -44.9145 -3.14019
28.3481 -44.9155 -3.14048
28.38 -44.9134 -3.1399
26.9811 -44.9027 3.13783
27.0132 -44.9013 3.13837
26.997 -44.9019 3.1381
27.0288 -44.9006 3.13864
27.3295 -44.9056 -3.13512
27.3617 -44.9041 -3.13455
27.3454 -44.9047 -3.13484
27.3774 -44.9033 -3.13427
25.9775 -44.9013 -3.13406
26.0097 -44.9005 -3.13353
25.9934 -44.9008 -3.1338
26.0254 -44.9 -3.13327
26.3288 -44.9134 -3.12427
26.3612 -44.9124 -3.12372
26.3449 -44.9128 -3.12399
26.3769 -44.9119 -3.12345
24.9987 -44.8803 -3.14014
25.031 -44.88 -3.13963
25.0147 -44.8801 -3.13988
25.0467 -44.8798 -3.13938
25.3529 -44.9009 -3.13052
25.3853 -44.9005 -3.12999
25.3689 -44.9006 -3.13025
25.4011 -44.9003 -3.12973
23.9625 -44.8859 -3.14029
23.9949 -44.8861 -3.13981
23.9785 -44.8859 -3.14004
24.0106 -44.8862 -3.13956
24.3181 -44.9162 -3.13065
24.3505 -44.9164 -3.13013
24.3342 -44.9162 -3.13038
24.3664 -44.9164 -3.12987
22.9755 -44.868 -3.13889
23.0079 -44.8688 -3.1384
22.9915 -44.8683 -3.13863
23.0236 -44.8691 -3.13815
23.3316 -44.9075 -3.12909
23.364 -44.9082 -3.12857
23.3477 -44.9077 -3.12882
23.3799 -44.9084 -3.12831
21.9758 -44.8822 -3.14013
22.0083 -44.8835 -3.13965
21.9919 -44.8828 -3.13988
22.024 -44.884 -3.1394
22.333 -44.9309 -3.12995
22.3655 -44.9322 -3.12944
22.3491 -44.9315 -3.12969
22.3814 -44.9327 -3.12918
20.948 -44.8981 -3.14103
20.9805 -44.8999 -3.14055
20.9641 -44.8989 -3.14078
20.9963 -44.9007 -3.1403
21.3062 -44.9562 -3.13
21.3388 -44.9579 -3.12949
21.3223 -44.957 -3.12973
21.3547 -44.9587 -3.12923
19.9462 -44.9098 -3.13882
19.9788 -44.912 -3.13834
19.9623 -44.9108 -3.13856
19.9946 -44.9131 -3.13809
20.3055 -44.9779 -3.12667
20.3382 -44.9801 -3.12617
20.3216 -44.9789 -3.1264
20.3541 -44.9812 -3.12591
19.9519 -45.9098 -1.57915
19.985 -45.9121 -1.57869
19.9683 -45.9109 -1.5789
20.0011 -45.9132 -1.57845
20.3248 -45.9784 -1.56757
20.358 -45.9807 -1.56708
20.3412 -45.9794 -1.56731
20.3742 -45.9817 -1.56682
19.9524 -46.9092 -1.57082
19.9859 -46.9115 -1.57036
19.969 -46.9103 -1.57057
20.0022 -46.9126 -1.57012
20.3353 -46.9799 -1.55934
20.369 -46.9822 -1.55885
20.352 -46.981 -1.55908
20.3854 -46.9833 -1.55859
19.9703 -47.918 -1.56689
20.0041 -47.9205 -1.56641
19.9871 -47.9192 -1.56663
20.0206 -47.9216 -1.56616
20.3626 -47.9933 -1.55514
20.3966 -47.9957 -1.55463
20.3795 -47.9944 -1.55487
20.4132 -47.9968 -1.55436
19.9916 -48.9072 -1.57871
20.0258 -48.9097 -1.5782
20.0086 -48.9084 -1.57844
20.0425 -48.9109 -1.57794
20.3946 -48.9847 -1.56626
20.4291 -48.9872 -1.56572
20.4118 -48.9858 -1.56597
20.4459 -48.9883 -1.56545
19.9615 -49.8907 -1.56954
19.9962 -49.8932 -1.56902
19.9788 -49.8919 -1.56926
20.0132 -49.8944 -1.56875
20.3764 -49.9691 -1.55692
20.4114 -49.9716 -1.55637
20.3938 -49.9703 -1.55663
20.4285 -49.9728 -1.55609
18.9732 -49.8927 -3.12601
19.0079 -49.8958 -3.12549
18.9905 -49.8942 -3.12574
19.0249 -49.8972 -3.12522
19.3881 -49.9836 -3.11329
19.423 -49.9866 -3.11274
19.4055 -49.9851 -3.113
19.4402 -49.9881 -3.11246
17.9743 -49.9204 -3.13539
18.0089 -49.924 -3.13486
17.9916 -49.9221 -3.13511
18.0259 -49.9257 -3.13459
18.3902 -50.0249 -3.12255
18.4252 -50.0285 -3.122
18.4077 -50.0266 -3.12226
18.4424 -50.0302 -3.12172
16.9827 -49.924 3.13965
17.0173 -49.9281 3.14016
16.9999 -49.926 3.13992
17.0343 -49.9302 3.14043
17.3992 -50.0421 -3.13083
17.4342 -50.0463 -3.13029
17.4167 -50.0441 -3.13054
17.4514 -50.0483 -3.13001
15.965 -49.9355 -3.1357
15.9996 -49.9402 -3.13521
15.9823 -49.9378 -3.13543
16.0166 -49.9425 -3.13496
16.3826 -50.0681 -3.12369
16.4176 -50.0728 -3.12318
16.4001 -50.0704 -3.12341
16.4347 -50.0751 -3.12291
14.9823 -49.9272 3.14042
15.0169 -49.9324 3.1409
14.9996 -49.9298 3.14069
15.0339 -49.935 3.14115
15.4007 -50.0724 -3.13048
15.4357 -50.0776 -3.12998
15.4182 -50.075 -3.1302
15.4529 -50.0802 -3.12971
13.9765 -49.9224 -3.13
14.0112 -49.9281 -3.12954
13.9938 -49.9253 -3.12974
14.0282 -49.9309 -3.12929
14.3965 -50.081 -3.11757
14.4315 -50.0868 -3.11708
14.414 -50.0839 -3.11729
14.4487 -50.0896 -3.11681
13.0064 -49.9319 -3.13294
13.0412 -49.938 -3.13249
13.0238 -49.935 -3.13268
13.0583 -49.9411 -3.13224
13.4308 -50.1056 -3.12031
13.4659 -50.1118 -3.11983
13.4484 -50.1087 -3.12004
13.4832 -50.1148 -3.11957
11.9769 -49.9363 -3.13055
12.0119 -49.9429 -3.13011
11.9943 -49.9397 -3.1303
12.029 -49.9462 -3.12986
12.4057 -50.126 -3.11855
12.4409 -50.1327 -3.11807
12.4233 -50.1294 -3.11827
12.4582 -50.136 -3.11781
11.0075 -49.9289 -3.12544
11.0426 -49.9358 -3.125
11.025 -49.9324 -3.12518
11.0597 -49.9394 -3.12476
11.4404 -50.1332 -3.1148
11.4758 -50.1403 -3.11432
11.4581 -50.1368 -3.11452
11.4932 -50.1438 -3.11405
9.99886 -49.9511 -3.11512
10.034 -49.9585 -3.11465
10.0164 -49.955 -3.11485
10.0512 -49.9623 -3.11439
10.4342 -50.167 -3.10549
10.4697 -50.1745 -3.10498
10.4519 -50.1709 -3.1052
10.487 -50.1783 -3.1047
9.00484 -49.9725 -3.12269
9.04008 -49.9804 -3.12214
9.02239 -49.9767 -3.12238
9.05736 -49.9845 -3.12185
9.44341 -50.1995 -3.1153
9.47901 -50.2076 -3.11471
9.46116 -50.2037 -3.11497
9.49647 -50.2117 -3.11439
8.03118 -49.9961 -3.13321
8.06655 -50.0045 -3.13259
8.04879 -50.0005 -3.13286
8.08387 -50.0089 -3.13225
8.47297 -50.2319 -3.12846
8.50871 -50.2405 -3.1278
8.49078 -50.2364 -3.12809
8.52623 -50.245 -3.12744
7.03604 -50.0165 -3.13692
7.07136 -50.0258 -3.13614
7.05363 -50.0214 -3.13649
7.08866 -50.0306 -3.13571
7.47479 -50.2517 -3.13847
7.51058 -50.2613 -3.13764
7.49262 -50.2568 -3.13801
7.52812 -50.2663 -3.13719
6.0319 -49.9916 -3.13356
6.06713 -50.0019 -3.13267
6.04944 -49.997 -3.13307
6.08439 -50.0073 -3.13218
6.46754 -50.22 -3.1401
6.50335 -50.2307 -3.13917
6.48538 -50.2256 -3.13959
6.5209 -50.2362 -3.13867
5.01352 -49.9874 -3.12129
5.04868 -49.999 -3.12035
5.03103 -49.9935 -3.12077
5.06591 -50.0049 -3.11985
5.44608 -50.204 -3.1315
5.48191 -50.2159 -3.13053
5.46393 -50.2103 -3.13097
5.49947 -50.222 -3.13001
4.0025 -50.0151 -3.13288
4.03763 -50.0278 -3.13196
4.02 -50.0218 -3.13236
4.05484 -50.0344 -3.13146
4.43171 -50.2161 3.13776
4.46761 -50.2292 3.1387
4.44959 -50.223 3.13829
4.48519 -50.236 3.13921
3.00288 -50.0335 -3.14038
3.03796 -50.0474 -3.13955
3.02037 -50.0408 -3.1399
3.05515 -50.0546 -3.13908
3.42883 -50.2167 3.12923
3.46476 -50.2311 3.13007
3.44672 -50.2243 3.12972
3.48236 -50.2385 3.13055
1.99587 -50.0632 3.12663
2.03091 -50.0782 3.12732
2.01334 -50.0712 3.12705
2.04808 -50.0861 3.12772
2.41839 -50.2276 3.11335
2.45438 -50.243 3.11404
2.43631 -50.2358 3.11377
2.47199 -50.2511 3.11444
1.01172 -50.0834 3.12177
1.04671 -50.0993 3.12225
1.02917 -50.0919 3.1221
1.06386 -50.1077 3.12256
1.43095 -50.2295 3.11008
1.46698 -50.2458 3.11054
1.44888 -50.2382 3.1104
1.48461 -50.2544 3.11084
0.0243301 -50.0709 3.12514
0.0596238 -50.0874 3.12564
0.0419139 -50.0797 3.12547
0.0769114 -50.0961 3.12596
0.440734 -50.2034 3.1124
0.477114 -50.2203 3.11287
0.458821 -50.2124 3.11271
0.494908 -50.2292 3.11317
-0.993137 -50.0582 3.12487
-0.957305 -50.0754 3.12545
-0.975312 -50.0675 3.12523
-0.939773 -50.0844 3.12579
-0.581334 -50.1747 3.11047
-0.544353 -50.1922 3.11101
-0.562981 -50.1841 3.11081
-0.526288 -50.2015 3.11134
-1.95609 -50.0343 3.14025
-1.9199 -50.0521 3.14087
-1.93811 -50.0439 3.14062
-1.9022 -50.0616 3.14123
-1.5472 -50.1347 3.12501
-1.50981 -50.1529 3.12559
-1.52867 -50.1445 3.12536
-1.49157 -50.1625 3.12593
-2.97323 -50.0531 3.136
-2.93664 -50.0716 3.13664
-2.95507 -50.0631 3.13638
-2.91877 -50.0814 3.13701
-2.56785 -50.1358 3.12047
-2.53004 -50.1546 3.12106
-2.54913 -50.146 3.12083
-2.5116 -50.1646 3.12141
-3.96828 -50.0408 3.13118
-3.93155 -50.06 3.13182
-3.95006 -50.0512 3.13156
-3.91361 -50.0703 3.13219
-3.56392 -50.1072 3.1156
-3.52595 -50.1267 3.11619
-3.54513 -50.1178 3.11596
-3.50745 -50.1371 3.11654
-4.981 -50.0301 3.13007
-4.94402 -50.05 3.13068
-4.96266 -50.0409 3.13044
-4.92597 -50.0606 3.13105
-4.57857 -50.0795 3.11483
-4.54034 -50.0996 3.1154
-4.55967 -50.0904 3.11518
-4.52171 -50.1104 3.11574
-5.99528 -50.0348 -3.13922
-5.95793 -50.0554 -3.13865
-5.97678 -50.046 -3.13886
-5.9397 -50.0664 -3.1383
-5.59611 -50.0671 3.1296
-5.55747 -50.0879 3.13012
-5.57703 -50.0785 3.12993
-5.53866 -50.0991 3.13045
-6.9883 -50.0483 -3.13594
-6.95069 -50.0696 -3.13541
-6.96968 -50.06 -3.13559
-6.93235 -50.0809 -3.13508
-6.5914 -50.0655 3.13375
-6.55248 -50.0869 3.13423
-6.5722 -50.0772 3.13407
-6.53355 -50.0984 3.13453
-8.02073 -50.0464 -3.13994
-7.98276 -50.0682 -3.1395
-8.00194 -50.0584 -3.13962
-7.96425 -50.08 -3.13919
-7.62693 -50.0493 3.13126
-7.58761 -50.0712 3.13166
-7.60755 -50.0613 3.13155
-7.56849 -50.083 3.13194
-9.01291 -50.0492 -3.13455
-8.97448 -50.0714 -3.13421
-8.99392 -50.0615 -3.13427
-8.95576 -50.0835 -3.13396
-8.62312 -50.0399 3.13889
-8.58329 -50.0622 3.13918
-8.60351 -50.0523 3.13915
-8.56394 -50.0743 3.13941
-10.0327 -50.0531 3.13655
-9.99386 -50.0756 3.13675
-10.0135 -50.0657 3.13678
-9.97494 -50.0879 3.13695
-9.6469 -50.0342 3.1294
-9.60657 -50.0568 3.12955
-9.62707 -50.0468 3.12961
-9.587 -50.0691 3.12973
-11.0224 -50.042 3.13097
-10.9832 -50.0647 3.13104
-11.003 -50.0548 3.13116
-10.9641 -50.0772 3.13121
-10.6392 -50.0165 3.12613
-10.5985 -50.0392 3.12616
-10.6192 -50.0293 3.12629
-10.5788 -50.0517 3.1263
-12.0448 -50.0437 3.13282
-12.0051 -50.0664 3.13269
-12.0252 -50.0567 3.13294
-11.9858 -50.079 3.13277
-11.6661 -50.0143 3.13219
-11.6249 -50.037 3.13202
-11.6459 -50.0272 3.13229
-11.6049 -50.0496 3.13208
-13.0506 -50.0405 -3.13328
-13.0104 -50.0631 -3.13361
-13.0308 -50.0536 -3.13322
-12.9909 -50.0757 -3.1336
-12.6763 -50.0115 -3.12997
-12.6345 -50.034 -3.13035
-12.6558 -50.0246 -3.12995
-12.6143 -50.0466 -3.13036
-14.0381 -50.0628 -3.13672
-13.9975 -50.085 -3.13723
-14.0181 -50.0759 -3.13673
-13.9777 -50.0976 -3.13729
-13.6682 -50.0381 -3.12971
-13.6258 -50.0601 -3.13028
-13.6474 -50.0511 -3.12975
-13.6053 -50.0727 -3.13036
-15.063 -50.091 -3.13088
-15.0219 -50.1125 -3.13165
-15.0428 -50.104 -3.13097
-15.0019 -50.1251 -3.1318
-14.6974 -50.0755 -3.11818
-14.6545 -50.0969 -3.119
-14.6764 -50.0885 -3.11829
-14.6338 -50.1094 -3.11917
-15.0568 -49.0852 1.58711
-15.0141 -49.1065 1.58604
-15.0361 -49.0981 1.58687
-14.9935 -49.1189 1.58575
-14.705 -49.0685 1.60426
-14.6604 -49.0896 1.60315
-14.6835 -49.0813 1.604
-14.6391 -49.1019 1.60282
-15.0772 -48.0934 1.58657
-15.0325 -48.1143 1.58543
-15.0558 -48.1061 1.58629
-15.0113 -48.1266 1.58509
-14.7434 -48.0758 1.60794
-14.6968 -48.0966 1.60676
-14.7212 -48.0885 1.60764
-14.6747 -48.1088 1.6064
-15.1165 -47.0955 1.5893
-15.0684 -47.1159 1.58843
-15.0937 -47.1079 1.58914
-15.0457 -47.1278 1.58822
-14.8094 -47.073 1.62168
-14.7592 -47.0932 1.62083
-14.7857 -47.0853 1.62152
-14.7356 -47.105 1.62062
-15.1104 -46.0726 1.58798
-15.0592 -46.0925 1.58797
-15.0864 -46.0846 1.58823
-15.0352 -46.1041 1.58817
-14.8418 -46.0444 1.63003
-14.7884 -46.0641 1.63012
-14.8168 -46.0563 1.63032
-14.7633 -46.0756 1.63036
-15.1252 -45.0755 1.57468
-15.074 -45.0954 1.57481
-15.1014 -45.0875 1.57499
-15.0501 -45.1069 1.57508
-14.9005 -45.0495 1.61886
-14.8471 -45.0691 1.61911
-14.8757 -45.0613 1.61921
-14.8223 -45.0806 1.61941
-15.1068 -44.0367 1.58307
-15.0556 -44.0565 1.58335
-15.0833 -44.0486 1.58344
-15.032 -44.068 1.58367
-14.9299 -44.0115 1.62885
-14.8767 -44.0311 1.62926
-14.9055 -44.0233 1.62927
-14.8522 -44.0425 1.62964
-15.1129 -43.0315 1.5687
-15.0618 -43.0511 1.56903
-15.0897 -43.0433 1.56909
-15.0384 -43.0625 1.56937
-14.9788 -43.0068 1.61133
-14.9258 -43.0262 1.61178
-14.9547 -43.0185 1.61177
-14.9016 -43.0375 1.61217
-15.1251 -42.0654 1.58139
-15.0741 -42.0848 1.58181
-15.1022 -42.077 1.58182
-15.051 -42.096 1.5822
-15.0289 -42.0412 1.62166
-14.9762 -42.0605 1.62219
-15.0052 -42.0529 1.62213
-14.9522 -42.0717 1.62261
-15.1218 -41.0678 1.55852
-15.0713 -41.0866 1.55915
-15.0994 -41.0791 1.55902
-15.0486 -41.0975 1.55961
-15.0651 -41.0455 1.59462
-15.013 -41.0642 1.59532
-15.0419 -41.0568 1.59514
-14.9895 -41.075 1.59581
-15.123 -40.0981 1.55646
-15.0732 -40.1163 1.55728
-15.101 -40.109 1.55703
-15.0509 -40.1268 1.55782
-15.1005 -40.0776 1.58856
-15.0491 -40.0957 1.58943
-15.0778 -40.0885 1.58914
-15.0261 -40.1062 1.58998
-15.1198 -39.053 1.55586
-15.0709 -39.0705 1.55685
-15.0985 -39.0635 1.55648
-15.0493 -39.0807 1.55745
-15.1302 -39.034 1.58414
-15.0797 -39.0515 1.58517
-15.1081 -39.0446 1.58476
-15.0573 -39.0617 1.58577
-15.0809 -38.069 1.5628
-15.033 -38.0859 1.56396
-15.0602 -38.0792 1.56348
-15.012 -38.0957 1.56461
-15.1183 -38.0504 1.58745
-15.069 -38.0673 1.58862
-15.0969 -38.0606 1.58812
-15.0471 -38.0772 1.58927
-15.0687 -37.0384 1.57199
-15.022 -37.0547 1.57329
-15.0487 -37.0483 1.57271
-15.0017 -37.0642 1.57399
-15.1308 -37.021 1.59318
-15.0827 -37.0374 1.59449
-15.11 -37.0309 1.59389
-15.0615 -37.0469 1.59518
-15.0886 -36.0338 1.57461
-15.0434 -36.0495 1.57604
-15.0694 -36.0433 1.57537
-15.0237 -36.0587 1.57678
-15.1713 -36.0182 1.59252
-15.1245 -36.034 1.59396
-15.1513 -36.0278 1.59327
-15.1041 -36.0432 1.59469
-15.0923 -35.0509 1.58336
-15.0485 -35.066 1.58491
-15.0739 -35.06 1.58416
-15.0297 -35.0748 1.5857
-15.1919 -35.0366 1.59817
-15.1466 -35.0518 1.59972
-15.1726 -35.0458 1.59896
-15.1269 -35.0607 1.6005
-15.0929 -34.0229 1.56828
-15.0507 -34.0374 1.56994
-15.0753 -34.0317 1.56911
-15.0327 -34.0459 1.57076
-15.207 -34.0099 1.58016
-15.1633 -34.0245 1.58183
-15.1885 -34.0188 1.58098
-15.1445 -34.033 1.58264
-15.0997 -33.0397 1.58133
-15.0593 -33.0536 1.58308
-15.083 -33.0481 1.58218
-15.0421 -33.0617 1.58393
-15.2247 -33.0279 1.59046
-15.1828 -33.042 1.59222
-15.2071 -33.0364 1.59131
-15.1647 -33.0501 1.59307
-15.1003 -32.0443 1.5737
-15.0616 -32.0576 1.57553
-15.0844 -32.0523 1.57457
-15.0453 -32.0653 1.5764
-15.2336 -32.0337 1.58026
-15.1935 -32.0471 1.58211
-15.2169 -32.0419 1.58113
-15.1763 -32.055 1.58298
-15.1028 -31.0257 1.57526
-15.0661 -31.0383 1.57717
-15.0878 -31.0334 1.57615
-15.0506 -31.0457 1.57806
-15.2421 -31.0162 1.57943
-15.2039 -31.0291 1.58136
-15.2263 -31.0241 1.58033
-15.1876 -31.0366 1.58225
-15.1149 -30.0158 1.58566
-15.0801 -30.0279 1.58762
-15.1008 -30.0232 1.58657
-15.0656 -30.035 1.58853
-15.2577 -30.0076 1.58762
-15.2215 -30.0199 1.58962
-15.2428 -30.0151 1.58854
-15.2061 -30.0271 1.59053
-15.1742 -29.0043 1.57611
-15.1415 -29.0159 1.57812
-15.1611 -29.0113 1.57702
-15.1279 -29.0227 1.57904
-15.3183 -28.9973 1.57603
-15.2841 -29.0091 1.57808
-15.3043 -29.0045 1.57696
-15.2697 -29.016 1.57902
-15.1564 -28.0059 1.58328
-15.1257 -28.0169 1.58534
-15.1442 -28.0126 1.58421
-15.1131 -28.0233 1.58627
-15.2996 -28.0001 1.58135
-15.2675 -28.0112 1.58345
-15.2866 -28.0068 1.58229
-15.2541 -28.0178 1.5844
-15.1417 -27.0203 1.58891
-15.1131 -27.0306 1.59099
-15.1305 -27.0266 1.58983
-15.1014 -27.0367 1.59192
-15.2823 -27.0156 1.5853
-15.2524 -27.0262 1.58744
-15.2702 -27.022 1.58625
-15.2399 -27.0323 1.58839
-15.1777 -26.0498 1.59017
-15.1512 -26.0596 1.59227
-15.1673 -26.0558 1.59109
-15.1404 -26.0654 1.5932
-15.314 -26.0462 1.58505
-15.2862 -26.0562 1.58721
-15.3029 -26.0523 1.58601
-15.2747 -26.062 1.58818
-15.2127 -25.0463 1.58868
-15.1883 -25.0556 1.59079
-15.2033 -25.0519 1.5896
-15.1785 -25.061 1.59172
-15.3432 -25.0436 1.58224
-15.3176 -25.0531 1.58442
-15.333 -25.0494 1.5832
-15.307 -25.0586 1.58539
-15.2577 -24.0579 1.57334
-15.2355 -24.0667 1.57545
-15.2492 -24.0632 1.57425
-15.2266 -24.0718 1.57638
-15.3811 -24.0561 1.56574
-15.3577 -24.065 1.56792
-15.3719 -24.0615 1.56669
-15.3481 -24.0702 1.56889
-15.2626 -23.0548 1.56934
-15.2426 -23.0629 1.57145
-15.2551 -23.0597 1.57025
-15.2346 -23.0677 1.57237
-15.3776 -23.0541 1.56076
-15.3565 -23.0624 1.56295
-15.3694 -23.0591 1.56172
-15.3479 -23.0673 1.56392
-15.2837 -22.0283 1.55909
-15.2659 -22.0359 1.56118
-15.2771 -22.0329 1.55999
-15.2589 -22.0403 1.56209
-15.3892 -22.0286 1.54972
-15.3703 -22.0363 1.55189
-15.382 -22.0333 1.55066
-15.3628 -22.0409 1.55284
-15.2811 -20.9926 1.55216
-15.2655 -20.9996 1.55422
-15.2754 -20.9969 1.55304
-15.2595 -21.0037 1.55511
-15.3761 -20.9941 1.54218
-15.3596 -21.0012 1.54433
-15.3699 -20.9984 1.54311
-15.353 -21.0054 1.54527
-15.2323 -19.9917 1.55913
-15.2188 -19.9979 1.56114
-15.2276 -19.9955 1.55999
-15.2138 -20.0017 1.56201
-15.3167 -19.9948 1.54875
-15.3023 -20.0012 1.55085
-15.3114 -19.9988 1.54966
-15.2967 -20.005 1.55176
-15.2438 -18.9845 1.53049
-15.2323 -18.9902 1.53243
-15.2399 -18.988 1.53131
-15.2282 -18.9936 1.53327
-15.3169 -18.9887 1.51989
-15.3047 -18.9945 1.52192
-15.3126 -18.9923 1.52076
-15.3001 -18.998 1.52281
-15.1956 -18.0047 1.53971
-15.1861 -18.0097 1.54157
-15.1926 -18.0078 1.54049
-15.1828 -18.0127 1.54237
-15.2576 -18.0106 1.52909
-15.2475 -18.0157 1.53103
-15.2542 -18.0138 1.52992
-15.2438 -18.0188 1.53188
-15.1777 -17.0036 1.53671
-15.1702 -17.0079 1.53848
-15.1755 -17.0063 1.53745
-15.1677 -17.0106 1.53923
-15.2284 -17.0109 1.52625
-15.2202 -17.0153 1.5281
-15.2258 -17.0137 1.52704
-15.2174 -17.018 1.5289
-15.1117 -16.001 1.55742
-15.1059 -16.0046 1.55906
-15.1102 -16.0033 1.55809
-15.1042 -16.0068 1.55975
-15.1511 -16.0101 1.54732
-15.1449 -16.0138 1.54905
-15.1493 -16.0125 1.54805
-15.1428 -16.0161 1.54979
-15.0939 -14.9827 1.55372
-15.0899 -14.9858 1.55522
-15.0931 -14.9847 1.55433
-15.0889 -14.9876 1.55585
-15.1223 -14.9933 1.54419
-15.1179 -14.9963 1.54577
-15.1213 -14.9953 1.54484
-15.1167 -14.9982 1.54644
-15.0485 -13.9898 1.55229
-15.046 -13.9921 1.55364
-15.0483 -13.9914 1.55283
-15.0457 -13.9936 1.5542
-15.0667 -14.0019 1.54351
-15.0639 -14.0043 1.54493
-15.0664 -14.0035 1.5441
-15.0633 -14.0058 1.54553
-15.0343 -12.979 1.54525
-15.0332 -12.9807 1.54643
-15.0347 -12.9802 1.54571
-15.0335 -12.9818 1.5469
-15.0429 -12.9924 1.53742
-15.0416 -12.9942 1.53866
-15.0432 -12.9937 1.53792
-15.0417 -12.9953 1.53918
-15.0276 -11.9766 1.54402
-15.0278 -11.9777 1.54501
-15.0285 -11.9775 1.54439
-15.0286 -11.9785 1.54541
-15.0277 -11.9913 1.53733
-15.0277 -11.9924 1.53838
-15.0285 -11.9922 1.53774
-15.0283 -11.9932 1.5388
-15.0286 -10.9379 1.54975
-15.0299 -10.9384 1.55054
-15.0299 -10.9384 1.55003
-15.0311 -10.9389 1.55085
-15.021 -10.9538 1.54439
-15.0221 -10.9542 1.54523
-15.0222 -10.9542 1.5447
-15.0232 -10.9547 1.54556
-15.0144 -9.98037 1.55147
-15.0165 -9.98024 1.55205
-15.016 -9.9805 1.55166
-15.018 -9.98033 1.55226
-15.0009 -9.99741 1.54761
-15.0029 -9.99728 1.54823
-15.0024 -9.99754 1.54783
-15.0043 -9.99737 1.54846
-15.0225 -8.98982 1.56298
-15.0253 -8.98909 1.56334
-15.0244 -8.98959 1.56307
-15.027 -8.98883 1.56344
-15.0045 -9.00797 1.56081
-15.0071 -9.00724 1.5612
-15.0063 -9.00774 1.56092
-15.0088 -9.00698 1.56132
-14.9902 -8.00569 1.57075
-14.9933 -8.00433 1.57087
-14.9921 -8.00509 1.57073
-14.9952 -8.00372 1.57086
-14.9693 -8.02504 1.57045
-14.9724 -8.02369 1.57059
-14.9712 -8.02445 1.57044
-14.9742 -8.02308 1.5706
-14.9973 -6.97453 1.56852
-15.0007 -6.97256 1.56837
-14.9993 -6.97357 1.56838
-15.0025 -6.9716 1.56825
-14.9754 -6.99502 1.57027
-14.9787 -6.99306 1.57015
-14.9773 -6.99406 1.57015
-14.9805 -6.9921 1.57004
-15.017 -5.98072 1.57321
-15.0202 -5.97815 1.57281
-15.0188 -5.9794 1.57296
-15.022 -5.97683 1.57256
-14.9961 -6.00238 1.5772
-14.9992 -5.99982 1.57681
-14.9979 -6.00106 1.57696
-15.001 -5.99851 1.57657
-15.0302 -4.97927 1.57095
-15.0329 -4.97651 1.57046
-15.0317 -4.97784 1.57066
-15.0344 -4.97509 1.57018
-15.0134 -5.0011 1.57581
-15.0161 -4.99835 1.57533
-15.0149 -4.99966 1.57553
-15.0176 -4.99693 1.57505
-14.0402 -4.95992 -0.00582132
-14.0427 -4.95778 -0.00628688
-14.0416 -4.95884 -0.00608494
-14.0441 -4.9567 -0.00654458
-14.0243 -4.9753 -0.000617295
-14.0268 -4.97316 -0.00107297
-14.0257 -4.97421 -0.000878363
-14.0281 -4.97208 -0.00132787
-13.0495 -4.9869 0.00206655
-13.0518 -4.98535 0.00166264
-13.0508 -4.98614 0.00184116
-13.0531 -4.98459 0.00144162
-13.0343 -4.99549 0.00721088
-13.0366 -4.99393 0.00681372
-13.0356 -4.99471 0.00698665
-13.0378 -4.99315 0.00659413
-12.0298 -4.99447 -8.16275e-05
-12.0318 -4.99346 -0.000390728
-12.0309 -4.994 -0.000253363
-12.0329 -4.99299 -0.000559504
-12.0153 -4.99618 0.00458274
-12.0173 -4.99515 0.00427609
-12.0164 -4.99569 0.00441041
-12.0184 -4.99465 0.00410695
-11.0282 -4.99432 -0.00209898
-11.03 -4.99376 -0.00228028
-11.0292 -4.99408 -0.00220166
-11.031 -4.99351 -0.0023813
-11.0145 -4.98974 0.00167346
-11.0163 -4.98914 0.00148918
-11.0155 -4.98948 0.00156804
-11.0172 -4.98887 0.00138559
-10.0558 -5.02066 -0.00648921
-10.0575 -5.02021 -0.00663276
-10.0568 -5.02048 -0.00656909
-10.0584 -5.02003 -0.00671162
-10.0428 -5.01335 -0.00367676
-10.0444 -5.01287 -0.00382402
-10.0437 -5.01316 -0.00375942
-10.0453 -5.01267 -0.00390555
-9.0385 -5.03897 -0.0172458
-9.04004 -5.03861 -0.0173673
-9.03936 -5.03884 -0.0173124
-9.04087 -5.03847 -0.0174331
-9.02607 -5.02975 -0.0151475
-9.0276 -5.02936 -0.0152729
-9.02693 -5.02961 -0.0152168
-9.02843 -5.02921 -0.0153413
-8.04222 -5.07682 -0.00732737
-8.04362 -5.07657 -0.00743325
-8.043 -5.07675 -0.00738328
-8.04438 -5.07649 -0.00748887
-8.03039 -5.06615 -0.00591658
-8.03177 -5.06587 -0.00602629
-8.03116 -5.06607 -0.00597491
-8.03253 -5.06578 -0.00608424
-7.0501 -5.09864 -0.00796158
-7.0512 -5.09847 -0.00803429
-7.05071 -5.0986 -0.00799583
-7.0518 -5.09842 -0.00806893
-7.03975 -5.08804 -0.00781661
-7.04084 -5.08786 -0.00789281
-7.04036 -5.088 -0.0078527
-7.04143 -5.0878 -0.00792927
-6.04929 -5.06753 -0.0140258
-6.05027 -5.06742 -0.0140859
-6.04984 -5.06752 -0.014052
-6.0508 -5.0674 -0.0141128
-6.03952 -5.05763 -0.0143167
-6.04049 -5.05751 -0.0143803
-6.04006 -5.05761 -0.0143446
-6.04102 -5.05748 -0.0144088
-5.04666 -5.08087 -0.0028857
-5.0476 -5.08081 -0.00294073
-5.04718 -5.08088 -0.00290885
-5.0481 -5.08081 -0.00296459
-5.03715 -5.07164 -0.00332666
-5.03808 -5.07157 -0.00338492
-5.03767 -5.07165 -0.00335134
-5.03858 -5.07157 -0.0034103
-4.05761 -5.06986 0.0053693
-4.05839 -5.06984 0.00532644
-4.05805 -5.06988 0.00535282
-4.05881 -5.06986 0.00530919
-4.04888 -5.06193 0.00469817
-4.04965 -5.06191 0.00465256
-4.04931 -5.06195 0.00468047
-4.05006 -5.06192 0.00463408
-3.02038 -5.04063 -0.000492131
-3.0131 -5.03483 -0.00121663
-2.02537 -5.05517 0.0107879
-2.01957 -5.05153 0.0103777
-1.0337 -5.02458 0.00877334
-1.02805 -5.02147 0.00835915
-0.0134369 -5.00527 0.00861245
-0.00840859 -5.00299 0.00851059
-0.00446176 -4.04742 1.57475
0.000190076 -4.04535 1.57483
-0.00665085 -3.03129 1.56483
-0.00246346 -3.02941 1.56507
0.00201708 -2.02568 1.57742
0.00473529 -2.02452 1.57784
-0.00783604 -1.00692 1.57927
-0.00747075 -1.00669 1.57937
-0.00570236 0.0241941 1.57554
-0.00591304 0.0244175 1.57553
-0.997455 -0.0106148 -3.14009
-0.998063 -0.00998218 -3.14002
-1.98282 -0.00214739 -3.1399
-1.98382 -0.00118934 -3.13965
-2.98053 -0.00947219 -3.13925
-2.98222 -0.00825638 -3.13877
-3.9424 -0.0415861 -3.13645
-3.94489 -0.0402027 -3.13564
-4.97298 -0.0194196 3.13973
-4.9734 -0.0190251 3.13952
-4.97319 -0.0192225 3.13962
-4.97359 -0.0188295 3.13941
-4.97632 -0.0182342 3.14102
-4.97673 -0.0178363 3.14081
-4.97652 -0.0180344 3.14091
-4.97692 -0.0176382 3.1407
-5.98351 -0.0205945 3.13579
-5.98403 -0.0199414 3.13556
-5.98376 -0.0202635 3.13567
-5.98428 -0.0196135 3.13544
-5.98743 -0.0201298 3.13747
-5.98794 -0.0194726 3.13724
-5.98768 -0.0197949 3.13735
-5.98819 -0.0191411 3.13712
-7.00544 -0.0156268 3.1402
-7.00607 -0.0146907 3.13996
-7.00575 -0.0151473 3.14007
-7.00637 -0.0142163 3.13983
-7.00996 -0.0162886 -3.14077
-7.01058 -0.0153483 -3.14101
-7.01026 -0.0158042 -3.1409
-7.01088 -0.0148695 -3.14114
-8.01228 -0.0138725 3.12904
-8.01299 -0.0126782 3.12879
-8.01263 -0.0132541 3.1289
-8.01333 -0.0120672 3.12865
-8.01744 -0.0163088 3.13189
-8.01814 -0.0151114 3.13164
-8.01778 -0.0156849 3.13175
-8.01847 -0.0144956 3.13151
-8.99427 0.00990492 3.13674
-8.99501 0.0113516 3.13648
-8.99463 0.010662 3.13659
-8.99536 0.0120987 3.13634
-8.9998 0.00503079 3.13996
-9.00054 0.00647826 3.13971
-9.00016 0.00579341 3.13982
-9.00088 0.00723004 3.13957
-9.99903 0.0100265 3.14035
-9.99981 0.0117385 3.1401
-9.99941 0.0109312 3.14021
-10.0002 0.0126302 3.13995
-10.0048 0.00213104 -3.13935
-10.0056 0.0038407 -3.1396
-10.0052 0.00304105 -3.13949
-10.0059 0.00473667 -3.13974
-11.0179 0.0099938 3.14102
-11.0187 0.0119888 3.14077
-11.0183 0.011058 3.14088
-11.0191 0.0130364 3.14063
-11.0238 -0.00160735 -3.13861
-11.0246 0.000380853 -3.13886
-11.0242 -0.000538489 -3.13876
-11.0249 0.00143195 -3.139
-12.0069 -0.00787055 -3.14039
-12.0077 -0.00560685 -3.1407
-12.0073 -0.00666081 -3.14057
-12.0081 -0.00441574 -3.14087
-12.0128 -0.02278 -3.13657
-12.0136 -0.0205263 -3.13688
-12.0132 -0.0215657 -3.13674
-12.014 -0.0193321 -3.13705
-13.0019 -0.0151629 3.13193
-13.0027 -0.0125316 3.13153
-13.0023 -0.0137591 3.13171
-13.0031 -0.0111483 3.1313
-13.0081 -0.0337929 3.13623
-13.0089 -0.031176 3.13583
-13.0085 -0.032385 3.13601
-13.0092 -0.0297902 3.13561
-14.0062 -0.031352 3.12639
-14.007 -0.0282816 3.12594
-14.0065 -0.029708 3.12614
-14.0073 -0.026662 3.1257
-14.0124 -0.0543007 3.13092
-14.0132 -0.0512514 3.13048
-14.0128 -0.0526538 3.13067
-14.0136 -0.0496306 3.13024
-15.0078 -0.00598342 3.13645
-15.0086 -0.00243367 3.13597
-15.0082 -0.00407604 3.13618
-15.0089 -0.000554968 3.1357
-15.0144 -0.0334708 3.14121
-15.0152 -0.0299493 3.14074
-15.0148 -0.0315616 3.14094
-15.0155 -0.0280708 3.14047
-15.992 0.0206474 3.13636
-15.9927 0.0246892 3.13591
-15.9923 0.0228275 3.1361
-15.9931 0.0268358 3.13565
-15.9988 -0.011527 3.14113
-15.9995 -0.00752166 3.14068
-15.9991 -0.00934663 3.14087
-15.9998 -0.00537711 3.14043
-17.0035 0.0251127 3.13853
-17.0042 0.0298789 3.13792
-17.0038 0.0276803 3.13819
-17.0045 0.0324092 3.13759
-17.0105 -0.0121169 -3.13942
-17.0112 -0.0073953 -3.14001
-17.0108 -0.00955006 -3.13976
-17.0115 -0.0048685 -3.14034
-18.0055 0.0582526 -3.13769
-18.0062 0.0639105 -3.13836
-18.0058 0.0612957 -3.13808
-18.0064 0.0669094 -3.13874
-18.0129 0.0155368 -3.13203
-18.0135 0.0211384 -3.13269
-18.0131 0.0185775 -3.13242
-18.0137 0.0241319 -3.13307
-19.0014 0.0240793 -3.13634
-19.0021 0.0305373 -3.13706
-19.0017 0.0275759 -3.13676
-19.0024 0.0339796 -3.13747
-19.0085 -0.0245609 -3.13035
-19.0093 -0.0181736 -3.13106
-19.0088 -0.0210699 -3.13077
-19.0096 -0.0147403 -3.13146
-19.9946 0.0223217 -3.13441
-19.9954 0.0296321 -3.13519
-19.9949 0.026314 -3.13488
-19.9958 0.0335573 -3.13565
-20.0015 -0.0327606 -3.12804
-20.0024 -0.0255378 -3.12881
-20.0018 -0.0287777 -3.1285
-20.0027 -0.0216261 -3.12925
-20.9886 0.0430645 3.12929
-20.9896 0.0512921 3.12847
-20.989 0.0475957 3.1288
-20.99 0.0557413 3.128
-20.9954 -0.0188466 3.13592
-20.9964 -0.0107261 3.13512
-20.9958 -0.0143294 3.13543
-20.9968 -0.00629536 3.13465
-21.9708 0.0997401 -3.13322
-21.9721 0.109135 -3.13401
-21.9713 0.104947 -3.13372
-21.9726 0.114242 -3.13449
-21.9775 0.0301787 -3.12622
-21.9788 0.0394428 -3.12699
-21.978 0.0353662 -3.12671
-21.9793 0.0445259 -3.12746
-22.9551 0.0934872 -3.13938
-22.9568 0.104026 -3.14005
-22.9558 0.0993787 -3.13983
-22.9575 0.109797 -3.14048
-22.9612 0.0159006 -3.13229
-22.9629 0.0262822 -3.13294
-22.9619 0.0217654 -3.13274
-22.9636 0.032021 -3.13336
-23.9364 0.0707124 3.1381
-23.9384 0.0819511 3.1374
-23.9373 0.0770996 3.13759
-23.9393 0.0881914 3.13692
-23.9417 -0.0140349 -3.13777
-23.9438 -0.00297891 -3.13844
-23.9426 -0.00768244 -3.13827
-23.9446 0.00322035 -3.13892
-24.9627 0.0528349 3.13503
-24.9652 0.0648485 3.13431
-24.9638 0.059793 3.13448
-24.9662 0.0716251 3.13379
-24.9672 -0.0396247 -3.14067
-24.9697 -0.0278214 -3.14137
-24.9683 -0.0327095 -3.14121
-24.9707 -0.0210947 3.14131
-25.9537 0.0772967 3.13618
-25.9565 0.0900507 3.13545
-25.9549 0.0848464 3.1356
-25.9578 0.0973802 3.13491
-25.9577 -0.022786 -3.1394
-25.9606 -0.0102692 -3.1401
-25.959 -0.0152871 -3.13997
-25.9618 -0.00299802 -3.14063
-26.9723 0.0608842 3.14118
-26.9756 0.0744183 3.14045
-26.9738 0.0690694 3.14059
-26.977 0.0823396 3.1399
-26.9755 -0.0471501 -3.13433
-26.9788 -0.0338821 -3.13504
-26.977 -0.0390238 -3.13492
-26.9802 -0.0260278 -3.13558
-27.9898 0.0784588 -3.13705
-27.9935 0.0927698 -3.13776
-27.9915 0.0872939 -3.13764
-27.9951 0.101295 -3.13831
-27.9925 -0.0375851 -3.12937
-27.9962 -0.0235697 -3.13005
-27.9942 -0.0288171 -3.12995
-27.9978 -0.0151209 -3.1306
-29.0083 0.0747763 -3.13292
-29.0123 0.0898534 -3.13361
-29.0101 0.0842644 -3.1335
-29.0141 0.0989831 -3.13415
-29.0103 -0.0492972 -3.12528
-29.0143 -0.034546 -3.12594
-29.0121 -0.0398845 -3.12585
-29.0161 -0.0255011 -3.12648
-29.9982 0.03652 -3.11567
-30.0026 0.0523177 -3.11632
-30.0002 0.0466343 -3.11622
-30.0047 0.0620264 -3.11684
-29.9993 -0.0953226 -3.10812
-30.0037 -0.0798812 -3.10875
-30.0013 -0.0852924 -3.10867
-30.0057 -0.0702664 -3.10926
-31.0162 -0.0223647 -3.13291
-31.0211 -0.00584737 -3.13351
-31.0185 -0.0116327 -3.13343
-31.0233 0.00443149 -3.13399
-31.0161 -0.162089 -3.12553
-31.021 -0.145958 -3.1261
-31.0184 -0.15145 -3.12604
-31.0232 -0.135783 -3.12658
-31.9958 -0.00805607 3.13853
-32.001 0.00908741 3.13799
-31.9982 0.00323315 3.13807
-32.0034 0.0198798 3.13756
-31.9951 -0.155214 -3.13748
-32.0003 -0.138488 -3.138
-31.9975 -0.144027 -3.13794
-32.0027 -0.127808 -3.13842
-33.007 -0.0363205 -3.12793
-33.0126 -0.0185896 -3.1284
-33.0096 -0.0245094 -3.12834
-33.0152 -0.00731691 -3.12877
-33.0054 -0.190931 -3.12104
-33.011 -0.173648 -3.12148
-33.0081 -0.179232 -3.12143
-33.0136 -0.162499 -3.12184
-34.0222 -0.0408136 -3.12898
-34.0282 -0.0225818 -3.12936
-34.025 -0.028545 -3.1293
-34.031 -0.0108886 -3.12965
-34.02 -0.202632 -3.1224
-34.0259 -0.184879 -3.12276
-34.0228 -0.190485 -3.12272
-34.0287 -0.17332 -3.12305
-35.0614 -0.0370387 -3.12824
-35.0678 -0.0183736 -3.12852
-35.0644 -0.0243845 -3.12847
-35.0708 -0.00632687 -3.12873
-35.0586 -0.205893 -3.12205
-35.0649 -0.187736 -3.12231
-35.0616 -0.193371 -3.12227
-35.0679 -0.175834 -3.12251
-36.0678 -0.0397799 -3.12579
-36.0745 -0.0207917 -3.12608
-36.0709 -0.026854 -3.12602
-36.0776 -0.00849578 -3.12629
-36.0645 -0.215043 -3.11959
-36.0712 -0.196589 -3.11985
-36.0677 -0.20226 -3.11981
-36.0743 -0.184449 -3.12005
-37.0655 -0.0434866 -3.1352
-37.0728 -0.0241291 -3.1355
-37.069 -0.0302506 -3.13543
-37.0762 -0.0115484 -3.13571
-37.0618 -0.225329 -3.12893
-37.0689 -0.206534 -3.1292
-37.0652 -0.212248 -3.12915
-37.0724 -0.194122 -3.1294
-38.0612 -0.0393841 3.1388
-38.0689 -0.0196459 3.13852
-38.0649 -0.0258352 3.13859
-38.0726 -0.00677789 3.13833
-38.057 -0.227862 -3.13814
-38.0646 -0.208715 -3.1384
-38.0607 -0.21448 -3.13834
-38.0683 -0.196028 -3.13859
-39.0159 -0.0439359 3.13613
-39.0242 -0.0238387 3.13588
-39.02 -0.0301006 3.13596
-39.0282 -0.0107073 3.13572
-39.0112 -0.238764 -3.14094
-39.0194 -0.219286 -3.14117
-39.0153 -0.225107 -3.14111
-39.0234 -0.206348 -3.14132
-40.0262 -0.0293108 3.14149
-40.0347 -0.00886405 3.14126
-40.0303 -0.015225 3.14134
-40.0388 0.00450018 3.14112
-40.0214 -0.230511 -3.13558
-40.0298 -0.210711 -3.1358
-40.0256 -0.216616 -3.13572
-40.0339 -0.197552 -3.13592
-40.0214 -1.03446 -1.57792
-40.0302 -1.01392 -1.57812
-40.0258 -1.02031 -1.57804
-40.0346 -1.0005 -1.57823
-40.0104 -1.23577 -1.57176
-40.0191 -1.21588 -1.57194
-40.0148 -1.22181 -1.57187
-40.0235 -1.20266 -1.57204
-40.0399 -2.02349 -1.56816
-40.0493 -2.00274 -1.56825
-40.0446 -2.0091 -1.5682
-40.0539 -1.98908 -1.56828
-40.0226 -2.22539 -1.56178
-40.0318 -2.2053 -1.56185
-40.0272 -2.21119 -1.56181
-40.0364 -2.19185 -1.56187
-40.04 -3.01663 -1.57138
-40.0496 -2.99566 -1.57136
-40.0447 -3.00207 -1.57135
-40.0543 -2.98185 -1.57133
-40.0162 -3.21881 -1.56487
-40.0256 -3.19851 -1.56484
-40.0209 -3.20446 -1.56483
-40.0303 -3.18491 -1.56479
-40.0426 -4.00486 -1.57044
-40.0523 -3.98378 -1.57036
-40.0474 -3.99023 -1.57037
-40.057 -3.96989 -1.57027
-40.0122 -4.20723 -1.56386
-40.0217 -4.18681 -1.56376
-40.0169 -4.19279 -1.56377
-40.0263 -4.17313 -1.56366
-40.0248 -5.00111 -1.56746
-40.0343 -4.97996 -1.56735
-40.0294 -4.98643 -1.56737
-40.0389 -4.96604 -1.56725
-39.9878 -5.20341 -1.56085
-39.9972 -5.18293 -1.56072
-39.9925 -5.18893 -1.56075
-40.0017 -5.16921 -1.56061
-41.0471 -5.00387 -3.13179
-41.0569 -4.98279 -3.13159
-41.0519 -4.98927 -3.13163
-41.0617 -4.96894 -3.13142
-41.0099 -5.21301 -3.12518
-41.0196 -5.19261 -3.12496
-41.0147 -5.19861 -3.125
-41.0242 -5.17899 -3.12477
-42.0576 -4.99789 -3.13572
-42.0676 -4.977 -3.13546
-42.0625 -4.98347 -3.1355
-42.0724 -4.96334 -3.13523
-42.0203 -5.2137 -3.12912
-42.0301 -5.19352 -3.12884
-42.0252 -5.1995 -3.12889
-42.0349 -5.1801 -3.1286
-43.0402 -4.98912 -3.13826
-43.0507 -4.96852 -3.13776
-43.0454 -4.97498 -3.13786
-43.0558 -4.95516 -3.13735
-43.0027 -5.21156 -3.13169
-43.013 -5.19169 -3.13117
-43.0078 -5.19766 -3.13128
-43.018 -5.17859 -3.13075
-44.029 -4.97656 -3.13907
-44.0401 -4.95649 -3.13834
-44.0345 -4.96289 -3.13852
-44.0455 -4.9436 -3.13778
-43.9913 -5.20564 -3.13258
-44.0022 -5.18633 -3.13183
-43.9967 -5.19221 -3.13201
-44.0075 -5.1737 -3.13126
-45.0357 -4.9841 -3.13349
-45.0473 -4.96481 -3.13254
-45.0415 -4.97106 -3.13279
-45.053 -4.95255 -3.13184
-44.9976 -5.21986 -3.12711
-45.009 -5.20134 -3.12614
-45.0033 -5.20708 -3.1264
-45.0146 -5.18937 -3.12543
-46.0496 -4.97842 3.13898
-46.0618 -4.96013 3.14015
-46.0556 -4.96616 3.13981
-46.0677 -4.94866 3.14097
-46.0112 -5.2208 -3.13796
-46.0231 -5.20331 -3.13678
-46.0172 -5.20881 -3.13712
-46.029 -5.19212 -3.13595
-47.0325 -4.99604 3.13683
-47.0451 -4.97896 3.13819
-47.0388 -4.98468 3.13776
-47.0512 -4.96837 3.13911
-46.9938 -5.24459 -3.14023
-47.0061 -5.22831 -3.13886
-47 -5.23351 -3.13928
-47.0121 -5.21803 -3.13792
-48.0086 -4.99138 -3.13342
-48.0217 -4.97545 -3.13188
-48.0149 -4.98122 -3.13247
-48.0279 -4.96605 -3.13094
-47.9697 -5.24582 -3.12737
-47.9825 -5.23071 -3.12582
-47.9759 -5.23596 -3.12641
-47.9886 -5.22162 -3.12488
-48.9946 -4.97536 -3.13878
-49.0081 -4.96066 -3.13704
-49.001 -4.96639 -3.1379
-49.0144 -4.95243 -3.13616
-48.9556 -5.23571 -3.13279
-48.9688 -5.22183 -3.13104
-48.9619 -5.22705 -3.13189
-48.9749 -5.21393 -3.13015
-49.9924 -4.99564 -3.13615
-50.0059 -4.98265 -3.13451
-49.9988 -4.98758 -3.13535
-50.0121 -4.97532 -3.13372
-49.9532 -5.26182 -3.13022
-49.9664 -5.24966 -3.12857
-49.9594 -5.25408 -3.12941
-49.9725 -5.24267 -3.12777
-50.0078 -5.97951 -1.57602
-50.0196 -5.96658 -1.57421
-50.0133 -5.97152 -1.57517
-50.025 -5.95932 -1.57337
-49.9627 -6.2459 -1.57004
-49.9741 -6.23379 -1.56822
-49.9681 -6.23823 -1.56918
-49.9794 -6.22687 -1.56737
-50.0037 -6.98814 -1.57152
-50.0136 -6.97522 -1.56942
-50.0084 -6.98026 -1.57061
-50.0182 -6.96806 -1.56851
-49.9525 -7.25468 -1.56549
-49.962 -7.24257 -1.56338
-49.957 -7.2471 -1.56456
-49.9665 -7.23574 -1.56246
-50.0104 -7.98631 -1.574
-50.0181 -7.97349 -1.57171
-50.0142 -7.97849 -1.57303
-50.0218 -7.96639 -1.57076
-49.9532 -8.25301 -1.56794
-49.9605 -8.24099 -1.56565
-49.9568 -8.24549 -1.56696
-49.964 -8.23422 -1.56468
-50.0066 -8.99122 -1.57817
-50.0119 -8.97857 -1.57543
-50.0095 -8.98354 -1.57705
-50.0147 -8.97161 -1.57434
-49.9432 -9.25817 -1.57209
-49.9481 -9.2463 -1.56934
-49.9458 -9.25079 -1.57096
-49.9507 -9.23966 -1.56823
-50.0334 -9.99284 -1.57841
-50.0358 -9.98023 -1.57528
-50.0351 -9.98528 -1.57724
-50.0375 -9.97339 -1.57413
-49.9638 -10.2601 -1.57231
-49.9659 -10.2482 -1.56918
-49.9653 -10.2528 -1.57113
-49.9673 -10.2417 -1.56802
-49.0446 -9.97732 -0.0111796
-49.0477 -9.96301 -0.00876492
-49.0464 -9.96836 -0.00995568
-49.0494 -9.95479 -0.00756034
-48.9751 -10.2386 -0.00508219
-48.9778 -10.2251 -0.00266177
-48.9767 -10.2299 -0.00384616
-48.9793 -10.2171 -0.00144456
-48.0319 -9.99756 -0.0063278
-48.0353 -9.98128 -0.0041392
-48.0336 -9.98726 -0.00512287
-48.037 -9.97175 -0.00295438
-47.9623 -10.2527 -0.000242093
-47.9654 -10.2371 0.00195265
-47.9638 -10.2426 0.000974858
-47.9668 -10.2279 0.00315001
-47.054 -10.0112 -0.0106172
-47.058 -9.99508 -0.00877455
-47.0558 -9.99926 -0.00943895
-47.0598 -9.9839 -0.00761245
-46.9842 -10.2605 -0.00445713
-46.9879 -10.2452 -0.00260687
-46.9859 -10.2488 -0.00326665
-46.9895 -10.2343 -0.001432
-46.0389 -10.0272 -0.0119593
-46.0432 -10.0103 -0.00995958
-46.0408 -10.0138 -0.0107728
-46.0451 -9.99773 -0.0087865
-45.969 -10.2704 -0.00577265
-45.973 -10.2542 -0.00376533
-45.9707 -10.2572 -0.00457379
-45.9747 -10.2419 -0.00257937
-45.0324 -10.0305 -0.00348516
-45.037 -10.0118 -0.00158967
-45.0344 -10.0159 -0.00239255
-45.0388 -9.99805 -0.000508977
-44.9626 -10.2674 0.00275505
-44.9668 -10.2495 0.00465936
-44.9644 -10.253 0.00386006
-44.9685 -10.236 0.00575298
-45.037 -11.0243 -1.57794
-45.0398 -11.006 -1.57569
-45.0379 -11.0095 -1.57672
-45.0406 -10.992 -1.57449
-44.961 -11.2613 -1.57174
-44.9634 -11.2438 -1.56949
-44.9617 -11.2467 -1.57051
-44.9641 -11.23 -1.56827
-45.0633 -12.0217 -1.56676
-45.0647 -12.0049 -1.56339
-45.0631 -12.0062 -1.56534
-45.0645 -11.9903 -1.56197
-44.981 -12.2591 -1.56061
-44.982 -12.2431 -1.55723
-44.9807 -12.2439 -1.55917
-44.9817 -12.2287 -1.55579
-45.065 -13.0117 -1.57979
-45.0635 -12.9959 -1.57548
-45.0635 -12.9957 -1.57815
-45.062 -12.9808 -1.57384
-44.9767 -13.2493 -1.57366
-44.9748 -13.2343 -1.56936
-44.9749 -13.2336 -1.57201
-44.9731 -13.2194 -1.5677
-45.0922 -14.0177 -1.57839
-45.0868 -14.003 -1.57305
-45.089 -14.0013 -1.57653
-45.0837 -13.9875 -1.57117
-44.9977 -14.2556 -1.57229
-44.9919 -14.2417 -1.56695
-44.9943 -14.2394 -1.57042
-44.9886 -14.2264 -1.56507
-45.1027 -15.0157 -1.58019
-45.0913 -15.0009 -1.57511
-45.0976 -14.9994 -1.5784
-45.0863 -14.9855 -1.5733
-45.0022 -15.2537 -1.5741
-44.9904 -15.2396 -1.56902
-44.9968 -15.2376 -1.57229
-44.9851 -15.2243 -1.5672
-45.0968 -16.0068 -1.57299
-45.0811 -15.9942 -1.56547
-45.09 -15.9898 -1.57084
-45.0743 -15.9781 -1.56329
-44.9902 -16.2449 -1.56689
-44.9741 -16.233 -1.55938
-44.9832 -16.2281 -1.56473
-44.9671 -16.217 -1.55718
-45.0959 -17.0442 -1.55384
-45.073 -17.0347 -1.5437
-45.0868 -17.0265 -1.55141
-45.0639 -17.018 -1.54121
-44.983 -17.2824 -1.54772
-44.9597 -17.2736 -1.53759
-44.9737 -17.265 -1.54528
-44.9503 -17.257 -1.53509
-45.0745 -18.0188 -1.56315
-45.0408 -18.011 -1.55108
-45.0629 -18.0006 -1.5605
-45.0291 -17.9937 -1.54835
-44.9556 -18.257 -1.55701
-44.9215 -18.2498 -1.54496
-44.9437 -18.239 -1.55435
-44.9095 -18.2326 -1.54222
-45.0979 -18.9968 -1.54966
-45.053 -18.9928 -1.53438
-45.0835 -18.978 -1.54671
-45.0384 -18.9749 -1.53132
-44.973 -19.2353 -1.54351
-44.9276 -19.2318 -1.52825
-44.9583 -19.2167 -1.54055
-44.9128 -19.214 -1.52518
-45.0723 -20.0112 -1.55291
-45.0125 -20.0104 -1.53425
-45.0547 -19.9917 -1.54972
-44.9946 -19.9917 -1.53092
-44.9411 -20.2496 -1.54675
-44.8809 -20.2492 -1.52811
-44.9233 -20.2302 -1.54354
-44.8628 -20.2307 -1.52477
-45.0634 -21.0062 -1.55639
-44.9842 -21.0068 -1.53712
-45.0424 -20.9864 -1.55313
-44.9628 -20.9877 -1.53373
-44.926 -21.2447 -1.55022
-44.8465 -21.2455 -1.53098
-44.9048 -21.225 -1.54696
-44.8248 -21.2265 -1.52758
-45.0575 -22.0123 -1.56206
-44.9569 -22.0127 -1.54096
-45.033 -21.9923 -1.5587
-44.932 -21.9934 -1.53746
-44.9139 -22.2507 -1.55589
-44.813 -22.2513 -1.53481
-44.8892 -22.2308 -1.55252
-44.7878 -22.2321 -1.5313
-45.0707 -23.0058 -1.57152
-44.9436 -23.0108 -1.54385
-45.0424 -22.9851 -1.56784
-44.9145 -22.9907 -1.53999
-44.921 -23.2444 -1.56533
-44.7935 -23.2495 -1.53769
-44.8924 -23.2238 -1.56164
-44.7641 -23.2294 -1.53382
-45.067 -23.9858 -1.56565
-44.9029 -23.9971 -1.52998
-45.0344 -23.9642 -1.56168
-44.8692 -23.9759 -1.52578
-44.9112 -24.2246 -1.55944
-44.7467 -24.2356 -1.52381
-44.8783 -24.203 -1.55546
-44.7127 -24.2145 -1.5196
-45.0703 -24.9858 -1.55371
-44.8544 -25.0095 -1.5013
-45.0327 -24.9624 -1.54923
-44.8154 -24.9863 -1.49654
-44.9082 -25.2251 -1.54746
-44.6919 -25.2481 -1.49511
-44.8703 -25.2016 -1.54298
-44.6526 -25.2249 -1.49034
-45.0507 -25.9776 -1.55406
-44.7667 -26.0117 -1.48873
-45.0076 -25.9523 -1.54935
-44.7218 -25.9863 -1.48369
-44.8823 -26.2171 -1.54779
-44.598 -26.2502 -1.48253
-44.8389 -26.1917 -1.54307
-44.5528 -26.2248 -1.47748
-45.0527 -26.9657 -1.55288
-44.6877 -27.0051 -1.4773
-45.0043 -26.9392 -1.54794
-44.637 -26.9781 -1.472
-44.8781 -27.2055 -1.5466
-44.5127 -27.2433 -1.47108
-44.8294 -27.1788 -1.54165
-44.4618 -27.2162 -1.46578
-45.0385 -27.9799 -1.56651
-44.5744 -28.0246 -1.47821
-44.9843 -27.9517 -1.56141
-44.5176 -27.9954 -1.47273
-44.8574 -28.2199 -1.56022
-44.393 -28.2625 -1.47198
-44.803 -28.1916 -1.55511
-44.336 -28.2332 -1.4665
-45.0212 -28.9906 -1.571
-44.4448 -29.0387 -1.47028
-44.9613 -28.9606 -1.56583
-44.3818 -29.0072 -1.46473
-44.8338 -29.2309 -1.56471
-44.2571 -29.2761 -1.46404
-44.7736 -29.2007 -1.55953
-44.1939 -29.2444 -1.45849
-45.0025 -29.9848 -1.56496
-44.3042 -30.0361 -1.4498
-44.9368 -29.9527 -1.55984
-44.2352 -30.0018 -1.44436
-44.8087 -30.2253 -1.55865
-44.1102 -30.273 -1.44354
-44.7428 -30.1931 -1.55353
-44.0409 -30.2385 -1.4381
-45.023 -30.9944 -1.56947
-44.1642 -31.0309 -1.47378
-44.9517 -30.96 -1.56452
-44.0895 -30.9935 -1.46863
-44.8228 -31.2356 -1.56317
-43.9639 -31.2675 -1.4675
-44.7513 -31.201 -1.55821
-43.889 -31.2298 -1.46234
-45.0311 -31.9602 -1.57198
-43.9652 -31.8545 -1.68522
-44.9546 -31.9238 -1.56725
-43.8865 -31.814 -1.68047
-44.8248 -32.2019 -1.5657
-43.7596 -32.0903 -1.6789
-44.7481 -32.1652 -1.56095
-43.6806 -32.0495 -1.67414
-45.0531 -32.9659 -1.57473
-44.0146 -32.7886 -1.78536
-44.9716 -32.9281 -1.56984
-43.9315 -32.7467 -1.78055
-44.8405 -33.2079 -1.56845
-43.803 -33.0248 -1.77903
-44.7587 -33.1698 -1.56354
-43.7196 -32.9827 -1.7742
-45.0653 -33.9427 -1.56685
-44.2238 -33.7864 -1.73651
-44.9808 -33.9047 -1.56353
-44.1375 -33.7453 -1.73327
-44.8466 -34.185 -1.56061
-44.0059 -34.0242 -1.73018
-44.7618 -34.1467 -1.55728
-43.9193 -33.9828 -1.72693
-45.0189 -34.9551 -1.57593
-44.3385 -34.8147 -1.72539
-44.932 -34.9169 -1.57346
-44.2498 -34.7737 -1.72301
-44.7938 -35.1973 -1.56972
-44.114 -35.0533 -1.71906
-44.7067 -35.1587 -1.56724
-44.025 -35.012 -1.71668
-45.0204 -35.9697 -1.56761
-44.4717 -35.8242 -1.69635
-44.9326 -35.9306 -1.56664
-44.3821 -35.7826 -1.69552
-44.789 -36.2122 -1.56147
-44.2409 -36.0641 -1.69006
-44.701 -36.1728 -1.56049
-44.151 -36.0221 -1.68922
-45.0289 -36.9465 -1.55883
-44.5937 -36.7921 -1.66388
-44.942 -36.9062 -1.55988
-44.505 -36.7493 -1.66511
-44.7915 -37.1898 -1.55281
-44.3567 -37.0334 -1.65769
-44.7043 -37.1491 -1.55385
-44.2677 -36.9903 -1.65889
-45.0146 -37.9668 -1.56064
-44.6786 -37.8069 -1.65146
-44.93 -37.9257 -1.56284
-44.5923 -37.7631 -1.65385
-44.7711 -38.2104 -1.5547
-44.4353 -38.0492 -1.64533
-44.6862 -38.1689 -1.55688
-44.3487 -38.005 -1.6477
-45.0111 -38.968 -1.54682
-44.7586 -38.8022 -1.6216
-44.9299 -38.9257 -1.55012
-44.6759 -38.7569 -1.62509
-44.7616 -39.2121 -1.54096
-44.5093 -39.0455 -1.61557
-44.6801 -39.1695 -1.54424
-44.4262 -38.9999 -1.61904
-44.9932 -39.9792 -1.55133
-44.8091 -39.8099 -1.61187
-44.9166 -39.9358 -1.55542
-44.731 -39.7633 -1.61615
-44.7379 -40.2238 -1.54555
-44.5537 -40.054 -1.60593
-44.6609 -40.18 -1.54961
-44.4753 -40.0071 -1.61018
-45.0183 -40.9482 -1.55787
-44.8855 -40.7736 -1.60586
-44.9468 -40.9034 -1.56243
-44.8126 -40.7254 -1.61062
-44.7573 -41.1934 -1.55216
-44.6244 -41.0187 -1.60002
-44.6855 -41.1484 -1.55671
-44.5512 -40.9702 -1.60476
-44.9861 -41.9448 -1.58008
-44.8853 -41.7703 -1.61407
-44.9203 -41.8975 -1.58542
-44.8181 -41.7193 -1.61959
-44.7194 -42.1908 -1.57437
-44.6183 -42.0163 -1.60825
-44.6532 -42.1433 -1.5797
-44.5507 -41.9651 -1.61375
-45.0053 -42.9389 -1.57658
-44.9223 -42.7627 -1.60053
-44.9459 -42.8887 -1.58241
-44.8616 -42.7086 -1.60651
-44.7327 -43.1859 -1.57092
-44.6494 -43.0099 -1.59477
-44.673 -43.1356 -1.57673
-44.5883 -42.9557 -1.60074
-45.0145 -43.9485 -1.58413
-44.9397 -43.7713 -1.60208
-44.9621 -43.8955 -1.59015
-44.8859 -43.7144 -1.60825
-44.736 -44.1965 -1.57856
-44.6608 -44.0196 -1.59643
-44.6833 -44.1434 -1.58456
-44.6067 -43.9625 -1.60258
-45.0142 -44.9695 -1.57832
-44.9417 -44.7917 -1.59436
-44.9691 -44.9139 -1.58424
-44.8952 -44.732 -1.60043
-44.7299 -45.2186 -1.57286
-44.657 -45.0409 -1.58885
-44.6844 -45.1628 -1.57877
-44.6102 -44.9811 -1.59491
-44.0152 -44.9669 -0.00464559
-43.9332 -44.8044 -0.0195888
-43.9704 -44.9154 -0.0110008
-43.8871 -44.749 -0.026112
-43.7307 -45.2111 0.000932129
-43.6482 -45.0486 -0.0139712
-43.6855 -45.1594 -0.00541493
-43.6017 -44.9931 -0.0204861
-42.9968 -44.9786 -0.0143899
-42.9143 -44.8323 -0.0295218
-42.9529 -44.9334 -0.0206258
-42.8692 -44.7833 -0.0359307
-42.7126 -45.2173 -0.00888199
-42.6295 -45.071 -0.0239769
-42.6683 -45.172 -0.0151104
-42.5839 -45.0219 -0.0303782
-42.026 -44.9731 -0.0223383
-41.9431 -44.8431 -0.0369385
-41.9836 -44.934 -0.0281636
-41.8995 -44.8004 -0.0429356
-41.7424 -45.2067 -0.016859
-41.6587 -45.0767 -0.0314282
-41.6995 -45.1675 -0.0226784
-41.6147 -45.0339 -0.0374193
-41.0412 -44.9944 -0.0101603
-40.9578 -44.8797 -0.0241459
-41 -44.961 -0.0157177
-40.9157 -44.843 -0.0298724
-40.7578 -45.2229 -0.00464389
-40.6736 -45.1081 -0.0186034
-40.7161 -45.1894 -0.0101969
-40.631 -45.0713 -0.0243254
-40.0311 -45.0228 0.000381595
-39.9482 -44.9233 -0.0129736
-39.991 -44.9951 -0.00484798
-39.9072 -44.8924 -0.018369
-39.7481 -45.2458 0.00586623
-39.6643 -45.1462 -0.00746805
-39.7075 -45.218 0.000639308
-39.6228 -45.1151 -0.0128608
-39.0393 -45.0191 -0.000490423
-38.9565 -44.9339 -0.0130081
-39.0001 -44.9966 -0.00535363
-38.9165 -44.9084 -0.0180303
-38.757 -45.2367 0.00493815
-38.6732 -45.1514 -0.00756362
-38.7173 -45.2141 7.58659e-05
-38.6327 -45.1257 -0.0125848
-38.0501 -45.0651 0.00728441
-37.9686 -44.9942 -0.0037392
-38.0121 -45.0477 0.00299256
-37.93 -44.9738 -0.00817265
-37.7685 -45.2774 0.0125934
-37.686 -45.2063 0.00157991
-37.73 -45.2599 0.00830039
-37.6468 -45.1859 -0.0028548
-37.0517 -45.0673 -0.0120194
-36.9706 -45.0076 -0.022565
-37.0141 -45.0541 -0.0161386
-36.9324 -44.9916 -0.0268203
-36.7704 -45.2744 -0.00675559
-36.6882 -45.2144 -0.0172933
-36.7322 -45.261 -0.0108768
-36.6494 -45.1984 -0.0215508
-36.0326 -45.0466 -0.00570452
-35.9516 -44.9978 -0.0157269
-35.9952 -45.0375 -0.00966635
-35.9136 -44.9861 -0.0198185
-35.7517 -45.2483 -0.000479815
-35.6695 -45.1993 -0.0104963
-35.7137 -45.2391 -0.00444442
-35.631 -45.1875 -0.0145909
-35.0371 -45.058 -0.00647815
-34.9562 -45.0194 -0.0160049
-34.9999 -45.0529 -0.0102781
-34.9185 -45.0117 -0.0199283
-34.7565 -45.2546 -0.00133172
-34.6744 -45.2158 -0.010853
-34.7186 -45.2493 -0.00513454
-34.636 -45.208 -0.0147794
-35.0395 -44.0444 1.57131
-34.949 -44.0057 1.56182
-34.9984 -44.0391 1.56753
-34.9072 -43.998 1.55791
-34.764 -44.2409 1.5765
-34.6723 -44.2021 1.56701
-34.7223 -44.2355 1.57271
-34.6299 -44.1942 1.5631
-35.0598 -43.0362 1.56973
-34.9597 -42.9975 1.56038
-35.0149 -43.0309 1.56599
-34.9141 -42.9898 1.55652
-34.7896 -43.2329 1.5749
-34.6883 -43.1939 1.56555
-34.744 -43.2274 1.57115
-34.642 -43.186 1.56168
-35.0607 -42.0463 1.56687
-34.9513 -42.0083 1.55852
-35.0121 -42.0409 1.56349
-34.9018 -42.0005 1.55504
-34.7955 -42.2429 1.57206
-34.685 -42.2046 1.56373
-34.7463 -42.2373 1.56869
-34.6349 -42.1966 1.56024
-35.0446 -41.0588 1.5752
-34.9264 -41.0225 1.5694
-34.9925 -41.0531 1.57271
-34.8733 -41.0145 1.56683
-34.7846 -41.255 1.58051
-34.6653 -41.2183 1.57473
-34.7318 -41.2491 1.57802
-34.6115 -41.2101 1.57216
-35.0399 -40.048 1.58102
-34.9154 -40.0127 1.577
-34.9851 -40.0421 1.57915
-34.8596 -40.0046 1.57506
-34.7853 -40.244 1.5864
-34.6597 -40.2083 1.5824
-34.7299 -40.2379 1.58454
-34.6032 -40.1999 1.58047
-35.0574 -39.0613 1.57347
-34.9288 -39.0263 1.56991
-35.0007 -39.0554 1.57173
-34.871 -39.0182 1.56811
-34.8081 -39.2573 1.57886
-34.6784 -39.222 1.57532
-34.7507 -39.2512 1.57713
-34.6199 -39.2136 1.57353
-35.0717 -38.0576 1.5713
-34.9408 -38.023 1.56924
-35.0137 -38.0516 1.57019
-34.8816 -38.0148 1.56808
-34.8279 -38.2536 1.57678
-34.6958 -38.2186 1.57475
-34.7693 -38.2473 1.57568
-34.6361 -38.2101 1.5736
-35.0721 -37.0613 1.58073
-34.9404 -37.0272 1.57987
-35.0135 -37.0552 1.58014
-34.8805 -37.0188 1.57924
-34.8338 -37.2571 1.58629
-34.701 -37.2225 1.58545
-34.7746 -37.2508 1.58571
-34.6405 -37.214 1.58484
-35.0649 -36.0607 1.57526
-34.9332 -36.0264 1.57519
-35.0062 -36.0545 1.57509
-34.8733 -36.0181 1.57499
-34.8323 -36.2563 1.5809
-34.6995 -36.2216 1.58086
-34.7729 -36.25 1.58074
-34.639 -36.213 1.58067
-35.0775 -35.0489 1.57505
-34.9458 -35.0147 1.57625
-35.0186 -35.0427 1.57549
-34.8857 -35.0063 1.57668
-34.8506 -35.2445 1.58079
-34.7178 -35.2098 1.58202
-34.7911 -35.238 1.58125
-34.6571 -35.2011 1.58246
-35.1129 -34.0584 1.56902
-34.9824 -34.0242 1.57013
-35.0545 -34.0522 1.56942
-34.9228 -34.0158 1.57051
-34.8917 -34.2542 1.57476
-34.7602 -34.2196 1.57589
-34.8327 -34.2478 1.57516
-34.6999 -34.2109 1.57628
-35.1158 -33.0767 1.58032
-34.9873 -33.0426 1.58217
-35.0582 -33.0705 1.58107
-34.9283 -33.0342 1.58291
-34.9003 -33.2724 1.58611
-34.7707 -33.2378 1.58799
-34.8421 -33.2659 1.58688
-34.7112 -33.2292 1.58875
-35.1039 -32.0681 1.57292
-34.9781 -32.034 1.57564
-35.0475 -32.0618 1.57409
-34.9205 -32.0255 1.57681
-34.8943 -32.2635 1.57879
-34.7676 -32.229 1.58153
-34.8373 -32.2569 1.57997
-34.7093 -32.2203 1.58272
-35.1249 -31.0694 1.57998
-35.0022 -31.0354 1.58381
-35.0698 -31.0629 1.58167
-34.9458 -31.0268 1.58552
-34.9212 -31.2647 1.58595
-34.7975 -31.2303 1.58981
-34.8655 -31.258 1.58765
-34.7406 -31.2215 1.59153
-35.1047 -30.0431 1.5771
-34.9862 -30.0091 1.58178
-35.0515 -30.0365 1.57919
-34.9318 -30.0004 1.5839
-34.9071 -30.238 1.58315
-34.7877 -30.2036 1.58785
-34.8534 -30.2312 1.58525
-34.7327 -30.1948 1.58999
-35.1079 -29.0543 1.5792
-34.9943 -29.0203 1.58465
-35.0569 -29.0476 1.58166
-34.9421 -29.0116 1.58715
-34.9163 -29.249 1.58532
-34.8019 -29.2147 1.5908
-34.8648 -29.2421 1.58779
-34.7492 -29.2058 1.59331
-35.1192 -28.0619 1.57787
-35.0111 -28.028 1.58364
-35.0707 -28.0551 1.58047
-34.9615 -28.0193 1.58628
-34.9337 -28.2566 1.58402
-34.8248 -28.2224 1.58982
-34.8847 -28.2496 1.58663
-34.7747 -28.2135 1.59248
-35.1242 -27.0412 1.56921
-35.0222 -27.0074 1.57526
-35.0785 -27.0344 1.57194
-34.9753 -26.9986 1.57805
-34.945 -27.2358 1.57539
-34.8422 -27.2018 1.58148
-34.8987 -27.2289 1.57814
-34.7948 -27.1929 1.58427
-35.1331 -26.0557 1.57883
-35.0376 -26.022 1.5853
-35.0903 -26.0488 1.58175
-34.9938 -26.0132 1.58828
-34.96 -26.2502 1.58506
-34.8638 -26.2163 1.59156
-34.9168 -26.2432 1.58799
-34.8195 -26.2074 1.59456
-35.134 -25.0697 1.57452
-35.0455 -25.0361 1.58131
-35.0944 -25.0627 1.57757
-35.0048 -25.0272 1.58442
-34.9671 -25.264 1.58079
-34.8778 -25.2302 1.58761
-34.927 -25.2569 1.58385
-34.8368 -25.2212 1.59074
-35.1342 -24.0888 1.56935
-35.0523 -24.0553 1.57611
-35.0976 -24.0819 1.57239
-35.0147 -24.0464 1.57922
-34.9735 -24.2832 1.57561
-34.8908 -24.2495 1.58241
-34.9364 -24.2761 1.57867
-34.8528 -24.2406 1.58553
-35.1385 -23.0947 1.56308
-35.0638 -23.0613 1.56998
-35.1051 -23.0877 1.56617
-35.0295 -23.0524 1.57314
-34.984 -23.2889 1.56937
-34.9086 -23.2554 1.5763
-34.9502 -23.2818 1.57247
-34.8739 -23.2464 1.57948
-35.1391 -22.0983 1.55281
-35.072 -22.065 1.55971
-35.1091 -22.0911 1.55586
-35.0412 -22.056 1.56285
-34.9909 -22.2922 1.55913
-34.9232 -22.2588 1.56607
-34.9606 -22.2849 1.5622
-34.892 -22.2498 1.56922
-35.1536 -21.0812 1.54791
-35.094 -21.048 1.55466
-35.127 -21.0739 1.55086
-35.0667 -21.039 1.55769
-35.0119 -21.2749 1.55424
-34.9517 -21.2418 1.56102
-34.9849 -21.2676 1.55721
-34.924 -21.2327 1.56407
-35.1343 -20.0788 1.55465
-35.0819 -20.0456 1.56112
-35.1108 -20.0714 1.55743
-35.0579 -20.0364 1.56399
-34.999 -20.2722 1.56097
-34.9461 -20.239 1.56748
-34.9751 -20.2647 1.56377
-34.9216 -20.2299 1.57037
-35.1102 -19.0825 1.55988
-35.0646 -19.0491 1.56622
-35.0897 -19.0748 1.56257
-35.0435 -19.0398 1.569
-34.9812 -19.2755 1.56622
-34.9351 -19.2422 1.57259
-34.9603 -19.2679 1.56892
-34.9137 -19.2329 1.57539
-35.1066 -18.074 1.56589
-35.0681 -18.0405 1.57169
-35.0891 -18.066 1.56823
-35.0502 -18.0309 1.57413
-34.9841 -18.2665 1.57223
-34.9451 -18.2332 1.57807
-34.9663 -18.2586 1.57458
-34.9269 -18.2237 1.58052
-35.1305 -17.0764 1.58042
-35.0981 -17.0429 1.58577
-35.1155 -17.0682 1.58243
-35.0828 -17.0331 1.5879
-35.0144 -17.2688 1.58667
-34.9816 -17.2354 1.59206
-34.9991 -17.2606 1.5887
-34.966 -17.2258 1.5942
-35.1256 -16.0643 1.5766
-35.099 -16.0305 1.58141
-35.1129 -16.0558 1.57824
-35.0861 -16.0205 1.58318
-35.0159 -16.2563 1.58275
-34.989 -16.2228 1.58759
-35.0029 -16.2479 1.5844
-34.9758 -16.2128 1.58937
-35.1126 -15.0882 1.56988
-35.0911 -15.0542 1.57406
-35.1017 -15.0794 1.5711
-35.0801 -15.0439 1.57541
-35.0091 -15.2799 1.57589
-34.9872 -15.2461 1.5801
-34.9979 -15.2711 1.57712
-34.976 -15.2359 1.58147
-36.1054 -15.0746 3.12635
-36.0851 -15.0438 3.12959
-36.0951 -15.0662 3.12677
-36.0748 -15.0341 3.1302
-36.0022 -15.2717 3.13181
-35.9816 -15.2412 3.13509
-35.9917 -15.2633 3.13224
-35.971 -15.2316 3.13571
-37.1164 -15.0398 3.12493
-37.0974 -15.0113 3.12748
-37.1068 -15.031 3.12476
-37.0878 -15.0014 3.12752
-37.0137 -15.2418 3.12997
-36.9943 -15.2137 3.13256
-37.0038 -15.2331 3.12981
-36.9844 -15.204 3.13262
-38.0814 -14.9949 3.1184
-38.0638 -14.9679 3.12046
-38.0725 -14.9851 3.11782
-38.0548 -14.9574 3.12013
-37.9792 -15.2013 3.12315
-37.9612 -15.1747 3.12526
-37.9701 -15.1916 3.12259
-37.952 -15.1643 3.12493
-39.0931 -14.969 3.12764
-39.0767 -14.9432 3.12946
-39.0848 -14.9578 3.12687
-39.0684 -14.9316 3.12892
-38.9913 -15.1797 3.13224
-38.9745 -15.1543 3.13409
-38.9828 -15.1686 3.13148
-38.966 -15.1428 3.13357
-40.0865 -14.9973 3.13029
-40.0713 -14.9723 3.13211
-40.0789 -14.9845 3.12953
-40.0637 -14.9594 3.13157
-39.9849 -15.212 3.13488
-39.9693 -15.1875 3.13672
-39.9771 -15.1993 3.13412
-39.9615 -15.1748 3.13619
-41.0961 -14.9821 3.13032
-41.0821 -14.958 3.13236
-41.0892 -14.9677 3.12976
-41.0751 -14.9437 3.13201
-40.9949 -15.2008 3.13502
-40.9805 -15.1773 3.13709
-40.9877 -15.1866 3.13448
-40.9733 -15.1632 3.13675
-42.0707 -15.0165 3.12182
-42.0578 -14.9934 3.12433
-42.0644 -15.0008 3.12168
-42.0515 -14.9781 3.12436
-41.9696 -15.2393 3.12678
-41.9563 -15.2169 3.12931
-41.963 -15.2237 3.12665
-41.9498 -15.2017 3.12934
-43.0518 -14.9799 3.12065
-43.0402 -14.9583 3.12385
-43.0462 -14.9632 3.12113
-43.0346 -14.9423 3.12444
-42.9512 -15.207 3.12599
-42.9392 -15.1861 3.12921
-42.9453 -15.1905 3.12648
-42.9334 -15.1702 3.1298
-44.0681 -15.0059 3.13918
-44.0576 -14.9867 -3.13987
-44.0631 -14.9889 3.14047
-44.0526 -14.9705 -3.13853
-43.9676 -15.238 -3.13814
-43.9567 -15.2194 -3.134
-43.9624 -15.2211 -3.13683
-43.9515 -15.2034 -3.13265
-45.0668 -14.9958 -3.13521
-45.0567 -14.9807 -3.13036
-45.0618 -14.9796 -3.13353
-45.0518 -14.9655 -3.12866
-44.9663 -15.2335 -3.12917
-44.9559 -15.2192 -3.12432
-44.9612 -15.2176 -3.12748
-44.9507 -15.2041 -3.12261
-46.0783 -15.0091 -3.14095
-46.0671 -14.9974 -3.13657
-46.0733 -14.9947 -3.1392
-46.062 -14.984 -3.13481
-45.9778 -15.253 -3.13489
-45.9661 -15.242 -3.13051
-45.9725 -15.2389 -3.13314
-45.9609 -15.2288 -3.12875
-47.0623 -15.0106 3.137
-47.049 -14.9993 3.14078
-47.0573 -14.9983 3.13878
-47.0441 -14.9878 -3.14063
-46.9618 -15.2605 -3.14011
-46.9481 -15.2498 -3.13633
-46.9566 -15.2484 -3.13833
-46.9429 -15.2386 -3.13455
-48.067 -15.002 3.13903
-48.0482 -14.9815 -3.13937
-48.0623 -14.9924 3.14049
-48.0435 -14.9727 -3.13795
-47.9667 -15.2578 -3.13804
-47.9475 -15.2379 -3.13326
-47.9617 -15.2484 -3.13657
-47.9426 -15.2294 -3.13182
-49.044 -14.9929 -3.13736
-49.0197 -14.9674 -3.12876
-49.0397 -14.9856 -3.13611
-49.0154 -14.9609 -3.12758
-48.9437 -15.2547 -3.13122
-48.9191 -15.2298 -3.12263
-48.9391 -15.2477 -3.12997
-48.9146 -15.2236 -3.12144
-50.0526 -14.9995 3.13692
-50.0266 -14.9826 -3.13804
-50.0484 -14.9933 3.13812
-50.0225 -14.9771 -3.1369
-49.9522 -15.2673 -3.14013
-49.9259 -15.251 -3.1319
-49.9477 -15.2614 -3.13892
-49.9215 -15.2458 -3.13075
-50.0415 -14.0176 1.56461
-50.0227 -14.0006 1.57281
-50.0385 -14.0114 1.5658
-50.0197 -13.9951 1.57394
-49.9472 -14.2854 1.57075
-49.928 -14.269 1.57894
-49.944 -14.2795 1.57195
-49.9247 -14.2638 1.58009
-50.0548 -13.0044 1.56356
-50.0441 -12.9879 1.57143
-50.0531 -12.9982 1.56477
-50.0423 -12.9824 1.57258
-49.9667 -13.2723 1.5697
-49.9557 -13.2565 1.57756
-49.9647 -13.2664 1.57092
-49.9536 -13.2512 1.57873
-50.039 -12.0107 1.56419
-50.0345 -11.9964 1.57016
-50.0385 -12.0041 1.56545
-50.0339 -11.9904 1.57138
-49.957 -12.2784 1.57032
-49.9521 -12.2648 1.57629
-49.9562 -12.2721 1.57159
-49.9512 -12.2592 1.57752
-50.0447 -10.9997 1.56406
-50.0443 -10.9865 1.56819
-50.0452 -10.9926 1.56527
-50.0448 -10.98 1.56938
-49.9689 -11.2672 1.57018
-49.9681 -11.2547 1.57431
-49.9693 -11.2604 1.5714
-49.9684 -11.2486 1.57551
-50.0407 -9.9993 1.55814
-50.0432 -9.98615 1.56172
-50.0424 -9.99192 1.55927
-50.0448 -9.97948 1.56284
-49.9711 -10.2666 1.56424
-49.9732 -10.2542 1.56783
-49.9726 -10.2595 1.56539
-49.9746 -10.2478 1.56896
-50.0384 -8.95468 1.55751
-50.0441 -8.94162 1.56078
-50.0412 -8.94719 1.55862
-50.0468 -8.93485 1.56186
-49.9751 -9.2219 1.56361
-49.9805 -9.20962 1.56688
-49.9778 -9.21471 1.56473
-49.983 -9.20317 1.56798
-50.0139 -7.9952 1.56046
-50.022 -7.98248 1.56317
-50.0178 -7.98751 1.56155
-50.0258 -7.97551 1.56424
-49.9564 -8.26224 1.56655
-49.9642 -8.25032 1.56926
-49.9602 -8.25485 1.56765
-49.9678 -8.24367 1.57035
-50.0206 -6.99429 1.56122
-50.0311 -6.98142 1.5637
-50.0255 -6.98656 1.56222
-50.0358 -6.97442 1.56468
-49.9694 -7.2612 1.56728
-49.9795 -7.24915 1.56977
-49.974 -7.25378 1.56829
-49.984 -7.24248 1.57077
-50.0334 -5.98785 1.56899
-50.0455 -5.97501 1.57101
-50.039 -5.97997 1.5699
-50.051 -5.96785 1.57191
-49.9882 -6.25459 1.57501
-50 -6.24258 1.57704
-49.9937 -6.24702 1.57593
-50.0054 -6.23576 1.57795
-50.0262 -4.98692 1.57298
-50.0399 -4.97406 1.57477
-50.0326 -4.9789 1.57387
-50.0461 -4.96677 1.57565
-49.9871 -5.25353 1.57898
-50.0004 -5.2415 1.58079
-49.9934 -5.24583 1.57988
-50.0066 -5.23455 1.58167
-50.0106 -3.97516 1.56588
-50.0259 -3.96223 1.56756
-50.0179 -3.96712 1.5667
-50.033 -3.95492 1.56837
-49.9775 -4.24152 1.57183
-49.9925 -4.22943 1.57352
-49.9847 -4.23381 1.57266
-49.9995 -4.22247 1.57434
-50.0214 -2.99686 1.56801
-50.0381 -2.98392 1.56958
-50.0294 -2.9888 1.56879
-50.046 -2.9766 1.57035
-49.994 -3.26319 1.57392
-50.0105 -3.25111 1.5755
-50.0019 -3.25547 1.57471
-50.0182 -3.24413 1.57628
-50.0079 -1.99073 1.57174
-50.0259 -1.97772 1.57316
-50.0165 -1.98259 1.57247
-50.0344 -1.97032 1.57388
-49.9864 -2.2568 1.57759
-50.0042 -2.24466 1.57902
-49.995 -2.249 1.57833
-50.0126 -2.2376 1.57975
-49.9857 -1.00047 1.56028
-50.0047 -0.987354 1.56142
-49.9949 -0.992227 1.56087
-50.0137 -0.979842 1.56201
-49.9699 -1.26603 1.56601
-49.9886 -1.25377 1.56716
-49.979 -1.25812 1.56661
-49.9975 -1.24662 1.56776
-49.9707 0.0143567 1.56048
-49.9906 0.0275242 1.5615
-49.9804 0.0226329 1.56101
-50.0001 0.0350672 1.56202
-49.9606 -0.250954 1.56616
-49.9802 -0.238654 1.56718
-49.9703 -0.243014 1.56669
-49.9897 -0.231468 1.56772
-49.9718 1.03386 1.57221
-49.9922 1.04713 1.57286
-49.9817 1.0422 1.57255
-50.0019 1.05475 1.5732
-49.9672 0.769124 1.57772
-49.9874 0.781531 1.57839
-49.9771 0.777134 1.57807
-49.9971 0.78879 1.57873
-49.9818 2.00628 1.57096
-50.0024 2.01967 1.5712
-49.9919 2.01471 1.57108
-50.0123 2.02737 1.57133
-49.9825 1.74211 1.57628
-50.0029 1.75463 1.57654
-49.9925 1.7502 1.57641
-50.0127 1.76197 1.57667
-49.9827 3.01533 1.58131
-50.0032 3.02884 1.58124
-49.9927 3.02385 1.58127
-50.013 3.03663 1.5812
-49.9886 2.75178 1.58649
-50.0089 2.76442 1.58643
-49.9985 2.75996 1.58645
-50.0186 2.77185 1.5864
-49.9938 4.00938 1.58009
-50.014 4.02298 1.57978
-50.0036 4.01796 1.57992
-50.0236 4.03083 1.57962
-50.0047 3.74624 1.58515
-50.0247 3.75899 1.58486
-50.0145 3.75449 1.58499
-50.0343 3.76649 1.58471
-50.0049 4.99811 1.57154
-50.0245 5.01181 1.57107
-50.0144 5.00675 1.57129
-50.0338 5.01973 1.57083
-50.0207 4.7354 1.57652
-50.0401 4.74825 1.57607
-50.0301 4.74372 1.57628
-50.0493 4.75582 1.57584
-49.9868 6.012 1.56892
-50.0057 6.02576 1.56835
-49.996 6.02069 1.56862
-50.0147 6.03371 1.56805
-50.0076 5.74966 1.57385
-50.0263 5.76256 1.57329
-50.0167 5.75802 1.57355
-50.0353 5.77018 1.57301
-50.0032 6.99733 1.56943
-50.0214 7.01115 1.56879
-50.012 7.00606 1.56909
-50.03 7.01915 1.56846
-50.0288 6.73519 1.57432
-50.0468 6.74815 1.5737
-50.0375 6.74359 1.57399
-50.0554 6.75581 1.57338
-50.0137 8.01419 1.57467
-50.0312 8.02803 1.574
-50.0221 8.02293 1.57432
-50.0394 8.03605 1.57366
-50.0442 7.7521 1.57954
-50.0615 7.7651 1.57889
-50.0526 7.76053 1.57919
-50.0698 7.77278 1.57855
-50.0058 9.01314 1.57869
-50.0224 9.02704 1.57796
-50.0137 9.02193 1.5783
-50.0303 9.03511 1.57759
-50.0411 8.75143 1.58352
-50.0576 8.7645 1.58281
-50.049 8.7599 1.58315
-50.0654 8.77223 1.58245
-50.0028 10.0145 1.5837
-50.0184 10.0285 1.58292
-50.0102 10.0234 1.5833
-50.0258 10.0367 1.58253
-50.0427 9.75345 1.58849
-50.0583 9.76665 1.58773
-50.0502 9.76201 1.58809
-50.0657 9.77447 1.58734
-49.9895 11.0282 1.58591
-50.0041 11.0424 1.58513
-49.9964 11.0372 1.58551
-50.0109 11.0506 1.58475
-50.0342 10.7679 1.59067
-50.0488 10.7812 1.58992
-50.0411 10.7766 1.59028
-50.0556 10.7891 1.58954
-50.0036 12.0288 1.56984
-50.0173 12.0431 1.56911
-50.01 12.0379 1.56946
-50.0237 12.0514 1.56875
-50.053 11.7689 1.5746
-50.0667 11.7823 1.5739
-50.0595 11.7776 1.57424
-50.0731 11.7903 1.57354
-50.0072 12.988 1.5887
-50.0202 13.0022 1.58798
-50.0133 12.997 1.58833
-50.0262 13.0106 1.58762
-50.0612 12.7281 1.59345
-50.0742 12.7415 1.59274
-50.0673 12.7368 1.59308
-50.0803 12.7495 1.59239
-50.043 13.9968 1.57569
-50.0552 14.0112 1.57504
-50.0486 14.0059 1.57536
-50.0608 14.0196 1.57472
-50.1017 13.7373 1.5804
-50.114 13.7509 1.57977
-50.1074 13.7461 1.58007
-50.1196 13.759 1.57946
-50.0658 14.9981 1.5766
-50.0774 15.0125 1.57598
-50.0712 15.0073 1.57629
-50.0827 15.021 1.57568
-50.1293 14.7387 1.5813
-50.1409 14.7523 1.5807
-50.1346 14.7475 1.58099
-50.1462 14.7604 1.5804
-50.0703 16.0077 1.57966
-50.0813 16.0222 1.57906
-50.0753 16.0169 1.57935
-50.0863 16.0306 1.57877
-50.1384 15.7484 1.5843
-50.1494 15.7621 1.58372
-50.1435 15.7573 1.584
-50.1545 15.7702 1.58344
-50.0782 17.0105 1.58281
-50.0886 17.0249 1.58222
-50.0829 17.0196 1.5825
-50.0933 17.0334 1.58193
-50.1509 16.7512 1.58741
-50.1613 16.7649 1.58684
-50.1556 16.7601 1.58711
-50.1661 16.773 1.58655
-50.0957 18.0083 1.5631
-50.1055 18.0228 1.56254
-50.1001 18.0175 1.56281
-50.1099 18.0312 1.56226
-50.1728 17.7491 1.56762
-50.1827 17.7628 1.56708
-50.1773 17.758 1.56734
-50.1872 17.771 1.56681
-50.0945 18.9892 1.56701
-50.1038 19.0037 1.56647
-50.0986 18.9984 1.56673
-50.1079 19.0122 1.5662
-50.176 18.7302 1.5715
-50.1854 18.7439 1.57097
-50.1802 18.7391 1.57122
-50.1896 18.752 1.57071
-50.0985 19.994 1.56648
-50.1073 20.0085 1.56597
-50.1024 20.0032 1.56621
-50.1112 20.017 1.56571
-50.1844 19.7351 1.5709
-50.1933 19.7488 1.5704
-50.1883 19.744 1.57063
-50.1973 19.757 1.57015
-50.0767 21.0027 1.56824
-50.085 21.0172 1.56775
-50.0803 21.0119 1.56798
-50.0886 21.0257 1.5675
-50.1669 20.7441 1.57261
-50.1753 20.7578 1.57214
-50.1706 20.753 1.57236
-50.1791 20.766 1.57189
-50.0438 22.0152 1.57905
-50.0516 22.0298 1.57859
-50.0471 22.0245 1.57881
-50.055 22.0383 1.57836
-50.1383 21.757 1.5834
-50.1462 21.7707 1.58296
-50.1417 21.7659 1.58316
-50.1497 21.7789 1.58272
-50.0615 23.0399 1.56962
-50.0689 23.0545 1.56916
-50.0646 23.0492 1.56937
-50.072 23.063 1.56893
-50.1605 22.7816 1.57396
-50.168 22.7954 1.57352
-50.1637 22.7906 1.57372
-50.1713 22.8036 1.57329
-50.0366 24.0283 1.56463
-50.0435 24.0429 1.56421
-50.0395 24.0376 1.56441
-50.0465 24.0514 1.564
-50.1397 23.7704 1.56896
-50.1469 23.7841 1.56856
-50.1427 23.7794 1.56875
-50.1499 23.7924 1.56835
-50.0481 25.0121 1.56423
-50.0546 25.0266 1.56386
-50.0507 25.0213 1.56403
-50.0574 25.0352 1.56367
-50.1554 24.7543 1.56858
-50.1621 24.7681 1.56822
-50.1581 24.7633 1.56838
-50.165 24.7764 1.56803
-50.0451 26.008 1.57055
-50.0513 26.0226 1.57018
-50.0476 26.0173 1.57035
-50.0539 26.0312 1.56999
-50.1567 25.7503 1.57489
-50.1632 25.7641 1.57454
-50.1593 25.7593 1.5747
-50.1658 25.7724 1.57435
-50.0607 27.0238 1.56265
-50.0666 27.0384 1.56231
-50.063 27.0331 1.56246
-50.0689 27.047 1.56213
-50.1767 26.7661 1.56701
-50.1828 26.78 1.56668
-50.1791 26.7752 1.56683
-50.1853 26.7882 1.56651
-50.0559 28.0079 1.55847
-50.0614 28.0225 1.55815
-50.058 28.0172 1.55829
-50.0636 28.0311 1.55799
-50.1762 27.7504 1.56285
-50.182 27.7643 1.56254
-50.1784 27.7595 1.56268
-50.1843 27.7726 1.56238
-50.0358 28.9843 1.55279
-50.0411 28.9989 1.55251
-50.0378 28.9936 1.55263
-50.0432 29.0075 1.55236
-50.1604 28.7271 1.55719
-50.1659 28.741 1.55692
-50.1625 28.7361 1.55703
-50.1681 28.7493 1.55678
-50.0542 30.0154 1.56361
-50.0592 30.0301 1.56334
-50.056 30.0248 1.56346
-50.0612 30.0387 1.56319
-50.1833 29.7582 1.56801
-50.1886 29.7721 1.56775
-50.1853 29.7672 1.56787
-50.1907 29.7804 1.56761
-50.0504 31.0144 1.56328
-50.0552 31.029 1.56301
-50.0521 31.0237 1.56313
-50.057 31.0377 1.56287
-50.1839 30.7572 1.56769
-50.189 30.7711 1.56743
-50.1857 30.7663 1.56754
-50.1909 30.7794 1.5673
-50.0567 31.9862 1.56945
-50.0613 32.0009 1.5692
-50.0583 31.9956 1.56931
-50.0629 32.0095 1.56907
-50.1945 31.7291 1.57387
-50.1993 31.743 1.57363
-50.1962 31.7382 1.57374
-50.2011 31.7513 1.57351
-50.0465 32.9867 1.56384
-50.0508 33.0013 1.56362
-50.0479 32.996 1.56372
-50.0524 33.01 1.5635
-50.1887 32.7298 1.56829
-50.1932 32.7437 1.56808
-50.1902 32.7388 1.56817
-50.1949 32.752 1.56797
-50.0457 33.9964 1.56664
-50.0497 34.0111 1.56643
-50.0469 34.0057 1.56652
-50.0512 34.0197 1.56632
-50.1923 33.7395 1.57111
-50.1966 33.7534 1.57092
-50.1937 33.7486 1.571
-50.1982 33.7618 1.57081
-50.0291 34.985 1.56697
-50.033 34.9997 1.56678
-50.0303 34.9944 1.56686
-50.0343 35.0083 1.56668
-50.1801 34.7283 1.57152
-50.1843 34.7422 1.57134
-50.1814 34.7374 1.57142
-50.1857 34.7506 1.57124
-49.0399 34.9877 0.00313291
-49.0438 35.0022 0.00296565
-49.0411 34.997 0.00304282
-49.0451 35.0108 0.00288474
-49.1909 34.7357 0.00784797
-49.1951 34.7494 0.00769344
-49.1922 34.7447 0.00776282
-49.1966 34.7577 0.00761774
-48.0437 34.9809 0.0088274
-48.0475 34.9953 0.00870501
-48.0448 34.9901 0.00877172
-48.0489 35.0038 0.00866006
-48.1948 34.734 0.0140015
-48.1989 34.7476 0.0138942
-48.1961 34.7429 0.0139521
-48.2004 34.7558 0.0138559
-47.0141 34.9696 0.00353959
-47.018 34.9838 0.00345287
-47.0153 34.9787 0.00351105
-47.0193 34.9923 0.0034363
-47.1653 34.7283 0.00907972
-47.1694 34.7418 0.00900988
-47.1666 34.7372 0.0090586
-47.1709 34.7501 0.00900113
-46.0408 34.9752 0.0101815
-46.0446 34.9894 0.0101217
-46.0419 34.9844 0.0101732
-46.0459 34.9979 0.0101264
-46.1921 34.7397 0.0159996
-46.1962 34.7532 0.0159581
-46.1934 34.7486 0.0159996
-46.1977 34.7614 0.0159715
-45.0452 34.9958 0.00129026
-45.049 35.01 0.00124867
-45.0463 35.005 0.00129525
-45.0504 35.0185 0.00126725
-45.1967 34.7664 0.00729614
-45.2009 34.78 0.00727369
-45.198 34.7754 0.00730994
-45.2024 34.7882 0.00730155
-44.0582 34.9831 -0.00936271
-44.0621 34.9973 -0.00939532
-44.0594 34.9924 -0.00935141
-44.0634 35.0059 -0.00937004
-44.2098 34.76 -0.00325743
-44.214 34.7736 -0.00327042
-44.2111 34.769 -0.00323703
-44.2155 34.7819 -0.00323558
-43.0603 34.9522 -0.0040779
-43.0642 34.9664 -0.00411151
-43.0615 34.9615 -0.00406735
-43.0655 34.975 -0.00408693
-43.2119 34.7356 0.00203802
-43.216 34.7491 0.00202408
-43.2132 34.7446 0.00205769
-43.2175 34.7575 0.00205825
-42.0857 34.9662 -0.00846103
-42.0896 34.9804 -0.00850514
-42.0869 34.9755 -0.00845829
-42.0909 34.9891 -0.00848858
-42.2375 34.7559 -0.00242239
-42.2416 34.7695 -0.00244717
-42.2388 34.765 -0.00241079
-42.2431 34.7779 -0.00242127
-41.0981 34.9827 -0.0196565
-41.1019 34.9969 -0.0197179
-41.0992 34.992 -0.0196682
-41.1032 35.0056 -0.0197163
-41.25 34.7787 -0.0137844
-41.2542 34.7923 -0.0138274
-41.2513 34.7878 -0.0137878
-41.2557 34.8008 -0.0138171
-40.0771 34.9922 -0.0226453
-40.0809 35.0063 -0.022734
-40.0782 35.0015 -0.0226787
-40.0822 35.0151 -0.0227549
-40.2292 34.7945 -0.0170318
-40.2334 34.8081 -0.0171034
-40.2305 34.8037 -0.0170578
-40.2349 34.8167 -0.0171164
-39.066 34.9654 -0.0150956
-39.0698 34.9795 -0.0152213
-39.0672 34.9748 -0.0151581
-39.0712 34.9883 -0.0152723
-39.2181 34.7738 -0.00983136
-39.2223 34.7874 -0.00994173
-39.2194 34.783 -0.00988741
-39.2237 34.796 -0.00998598
-38.0714 34.967 -0.0131963
-38.0752 34.981 -0.0133283
-38.0725 34.9763 -0.0132698
-38.0765 34.9898 -0.0133908
-38.2234 34.7809 -0.00808639
-38.2275 34.7944 -0.00820383
-38.2246 34.79 -0.00815401
-38.2289 34.8029 -0.00826009
-37.0795 34.9897 -0.00363051
-37.0832 35.0036 -0.00377163
-37.0806 34.9989 -0.00371566
-37.0845 35.0123 -0.00384649
-37.2314 34.8089 0.00126598
-37.2355 34.8223 0.00113832
-37.2327 34.818 0.0011861
-37.2369 34.8308 0.00106903
-36.0797 34.9666 -0.000993691
-36.0835 34.9803 -0.00114275
-36.0808 34.9758 -0.00108708
-36.0848 34.9889 -0.00122641
-36.2315 34.7909 0.00374677
-36.2355 34.8041 0.00361036
-36.2327 34.7998 0.00365818
-36.237 34.8125 0.00353178
-35.079 34.9814 0.0026638
-35.0828 34.995 0.00250331
-35.0802 34.9904 0.00256183
-35.0841 35.0035 0.00241149
-35.2308 34.8104 0.00743872
-35.2349 34.8235 0.00729112
-35.2321 34.8193 0.00734159
-35.2363 34.8318 0.00720444
-34.0758 35.0029 0.00589007
-34.0795 35.0163 0.00570227
-34.0769 35.0118 0.00576834
-34.0808 35.0247 0.00559172
-34.2277 34.8368 0.0107546
-34.2317 34.8497 0.0105803
-34.2289 34.8456 0.0106379
-34.2331 34.858 0.0104751
-33.1068 35.0251 0.0163149
-33.1106 35.0383 0.0160529
-33.1079 35.0339 0.0161368
-33.1118 35.0465 0.015889
-33.2586 34.8641 0.0214564
-33.2626 34.8768 0.0212096
-33.2598 34.8727 0.0212837
-33.264 34.8849 0.0210515
-32.0911 34.9744 -0.00086626
-32.0949 34.9872 -0.00117981
-32.0923 34.9829 -0.00108508
-32.0962 34.9953 -0.00138226
-32.2424 34.819 0.00446538
-32.2465 34.8313 0.00416827
-32.2437 34.8273 0.0042522
-32.2479 34.8392 0.00397184
-31.0886 34.9641 0.00479872
-31.0923 34.9764 0.00445597
-31.0897 34.9723 0.00455455
-31.0936 34.9842 0.00422943
-31.2396 34.8143 0.0102377
-31.2436 34.8262 0.00991204
-31.2408 34.8224 0.00999927
-31.245 34.8339 0.00969165
-30.0822 34.9468 0.0138924
-30.086 34.9588 0.0135428
-30.0834 34.9547 0.0136383
-30.0873 34.9663 0.0133066
-30.2329 34.8028 0.0193553
-30.2369 34.8144 0.0190229
-30.2342 34.8106 0.0191069
-30.2384 34.8217 0.0187929
-29.0788 34.9687 0.0139023
-29.0825 34.9802 0.0135661
-29.0799 34.9763 0.0136541
-29.0838 34.9874 0.0133352
-29.2293 34.8305 0.0193085
-29.2334 34.8417 0.0189893
-29.2306 34.838 0.0190659
-29.2348 34.8487 0.0187643
-28.0869 34.9949 0.0089717
-28.0907 35.006 0.00865767
-28.088 35.0022 0.00874392
-28.0919 35.0129 0.00844597
-28.2374 34.8624 0.0142417
-28.2414 34.8732 0.0139436
-28.2386 34.8696 0.0140191
-28.2428 34.88 0.0137376
-27.0914 35.003 0.0127307
-27.0951 35.0136 0.0124618
-27.0925 35.01 0.0125385
-27.0964 35.0203 0.0122837
-27.2417 34.8761 0.0177831
-27.2457 34.8864 0.0175287
-27.2429 34.883 0.0175958
-27.2471 34.8929 0.0173558
-26.0908 35.0186 0.00167019
-26.0945 35.0289 0.00146963
-26.0919 35.0254 0.00152897
-26.0958 35.0353 0.00133964
-26.2409 34.8971 0.00642357
-26.2449 34.9071 0.00623551
-26.2421 34.9037 0.00628658
-26.2463 34.9134 0.00611004
-25.0981 35.0302 0.00261471
-25.1018 35.0403 0.00242263
-25.0992 35.0368 0.00248202
-25.1031 35.0465 0.00230064
-25.2482 34.9135 0.00729348
-25.2522 34.9233 0.00711343
-25.2495 34.92 0.00716488
-25.2536 34.9294 0.00699581
-24.075 35.0187 0.003915
-24.0787 35.0285 0.00374634
-24.0761 35.0251 0.00379602
-24.08 35.0347 0.00363704
-24.2251 34.907 0.00848073
-24.229 34.9165 0.00832346
-24.2263 34.9133 0.00836564
-24.2304 34.9225 0.0082183
-23.0331 35.0023 -0.00493709
-23.0368 35.0119 -0.00512752
-23.0342 35.0086 -0.00506795
-23.0381 35.0179 -0.00524866
-23.1829 34.8954 -0.000439169
-23.1869 34.9047 -0.000618362
-23.1842 34.9016 -0.000566317
-23.1883 34.9106 -0.000735539
-22.0377 35.0098 0.00216218
-22.0415 35.0191 0.00197009
-22.0389 35.0159 0.00203224
-22.0429 35.0249 0.00184946
-22.1875 34.9074 0.00658162
-22.1916 34.9165 0.0064004
-22.1888 34.9134 0.00645521
-22.193 34.9222 0.00628353
-21.0372 35.0053 0.00467453
-21.041 35.0143 0.0045011
-21.0384 35.0112 0.00455848
-21.0424 35.0199 0.0043935
-21.1868 34.9073 0.00900442
-21.1909 34.9161 0.00884131
-21.1881 34.9132 0.00889169
-21.1924 34.9217 0.00873724
-20.0218 35.014 0.0123399
-20.0257 35.0228 0.0122055
-20.0231 35.0198 0.0122507
-20.0271 35.0283 0.0121235
-20.1714 34.9206 0.0165694
-20.1756 34.9291 0.0164447
-20.1727 34.9262 0.0164834
-20.1771 34.9345 0.016366
-20.0405 36.021 1.56113
-20.0443 36.0298 1.56103
-20.0417 36.0267 1.56106
-20.0456 36.0352 1.56096
-20.1942 35.9275 1.56529
-20.1983 35.936 1.56519
-20.1955 35.9331 1.56523
-20.1997 35.9413 1.56513
-20.005 37.0062 1.56669
-20.0087 37.0149 1.5666
-20.0061 37.0119 1.56663
-20.01 37.0202 1.56654
-20.1626 36.9129 1.57081
-20.1667 36.9213 1.57072
-20.1639 36.9185 1.57075
-20.1681 36.9266 1.57067
-20.0114 37.9919 1.56764
-20.0151 38.0004 1.56755
-20.0125 37.9975 1.56758
-20.0164 38.0057 1.5675
-20.173 37.8986 1.57174
-20.177 37.9069 1.57167
-20.1743 37.9041 1.57169
-20.1784 37.9121 1.57162
-19.9992 38.9891 1.55924
-20.0028 38.9976 1.55915
-20.0003 38.9946 1.55918
-20.0041 39.0028 1.55909
-20.1648 38.8959 1.56337
-20.1687 38.9041 1.56328
-20.166 38.9013 1.56331
-20.1701 38.9092 1.56323
-20.0385 39.9975 1.56077
-20.0422 40.0059 1.56065
-20.0396 40.003 1.56069
-20.0434 40.0111 1.56058
-20.2082 39.9042 1.56495
-20.2121 39.9123 1.56484
-20.2094 39.9096 1.56487
-20.2135 39.9174 1.56477
-20.0538 41.008 1.57126
-20.0574 41.0163 1.57111
-20.0548 41.0134 1.57116
-20.0585 41.0215 1.57101
-20.2275 40.9146 1.57552
-20.2314 40.9227 1.57537
-20.2287 40.9199 1.57542
-20.2327 40.9277 1.57528
-20.073 41.985 1.57085
-20.0764 41.9933 1.57065
-20.0739 41.9904 1.57071
-20.0776 41.9984 1.57052
-20.2508 41.8916 1.57521
-20.2545 41.8996 1.57502
-20.2518 41.8969 1.57508
-20.2558 41.9046 1.5749
-20.0638 42.9591 1.57239
-20.0671 42.9673 1.57213
-20.0646 42.9645 1.57221
-20.0681 42.9724 1.57196
-20.2457 42.8658 1.5769
-20.2493 42.8737 1.57665
-20.2467 42.871 1.57672
-20.2505 42.8787 1.57648
-20.0648 43.9605 1.57068
-20.0679 43.9687 1.5704
-20.0655 43.9658 1.57049
-20.0688 43.9737 1.57022
-20.2512 43.8671 1.57524
-20.2546 43.875 1.57497
-20.252 43.8724 1.57506
-20.2556 43.88 1.5748
-20.0739 44.9285 1.57121
-20.0768 44.9366 1.57095
-20.0744 44.9338 1.57103
-20.0775 44.9416 1.57078
-20.2646 44.8351 1.57574
-20.2678 44.8429 1.5755
-20.2653 44.8403 1.57557
-20.2687 44.8479 1.57534
-20.0756 45.9391 1.56479
-20.0782 45.9473 1.56454
-20.0759 45.9444 1.56462
-20.0788 45.9523 1.56438
-20.2707 45.8457 1.56932
-20.2737 45.8536 1.56909
-20.2713 45.8509 1.56916
-20.2745 45.8585 1.56893
-20.0629 46.9186 1.55618
-20.0653 46.9268 1.55593
-20.0631 46.9239 1.55601
-20.0658 46.9318 1.55577
-20.2625 46.8253 1.56072
-20.2653 46.8332 1.56048
-20.2629 46.8305 1.56055
-20.2659 46.8381 1.56033
-20.0312 47.9447 1.56129
-20.0334 47.9528 1.56103
-20.0313 47.95 1.56111
-20.0338 47.9578 1.56086
-20.2353 47.8516 1.56584
-20.2379 47.8594 1.5656
-20.2356 47.8568 1.56567
-20.2384 47.8643 1.56543
-20.0286 48.9572 1.56577
-20.0306 48.9653 1.56551
-20.0285 48.9625 1.56559
-20.0308 48.9703 1.56534
-20.2374 48.864 1.57037
-20.2397 48.8719 1.57012
-20.2374 48.8692 1.57019
-20.2401 48.8768 1.56995
-20.0289 49.922 1.56806
-20.0305 49.9301 1.5678
-20.0286 49.9273 1.56788
-20.0305 49.9351 1.56763
-20.2421 49.8288 1.57266
-20.2442 49.8367 1.57241
-20.242 49.834 1.57248
-20.2444 49.8416 1.57225
-21.0175 49.9434 -3.13
-21.0191 49.9518 -3.13026
-21.0172 49.9489 -3.13018
-21.0191 49.957 -3.13043
-21.231 49.8456 -3.12534
-21.2331 49.8537 -3.1256
-21.2309 49.851 -3.12552
-21.2332 49.8588 -3.12576
-22.032 49.9242 -3.13427
-22.0336 49.9329 -3.13453
-22.0317 49.9299 -3.13445
-22.0336 49.9382 -3.1347
-22.2456 49.8216 -3.12957
-22.2477 49.83 -3.12983
-22.2455 49.8272 -3.12975
-22.2478 49.8353 -3.12999
-23.0272 49.9367 -3.14067
-23.0288 49.9456 -3.14093
-23.0269 49.9425 -3.14085
-23.0288 49.9511 -3.14109
-23.2411 49.8294 -3.13595
-23.2431 49.838 -3.13619
-23.2409 49.8351 -3.13612
-23.2433 49.8435 -3.13635
-24.0264 49.9291 3.13802
-24.0281 49.9383 3.13776
-24.0261 49.9351 3.13784
-24.028 49.944 3.1376
-24.2403 49.8171 -3.14042
-24.2423 49.826 -3.14067
-24.2402 49.823 -3.1406
-24.2425 49.8316 -3.14083
-25.0291 49.9322 -3.1399
-25.0307 49.9417 -3.14015
-25.0288 49.9384 -3.14007
-25.0307 49.9475 -3.14031
-25.2432 49.8154 -3.1351
-25.2452 49.8245 -3.13534
-25.243 49.8215 -3.13527
-25.2454 49.8303 -3.13549
-25.0272 48.9408 -1.58041
-25.029 48.9503 -1.58066
-25.027 48.947 -1.58058
-25.0292 48.9561 -1.58082
-25.2365 48.824 -1.57567
-25.2387 48.8332 -1.57591
-25.2365 48.8301 -1.57584
-25.239 48.8389 -1.57607
-25.05 47.9441 -1.57688
-25.0521 47.9536 -1.57713
-25.05 47.9503 -1.57705
-25.0524 47.9595 -1.57728
-25.2547 47.8272 -1.57219
-25.2572 47.8364 -1.57242
-25.2548 47.8333 -1.57235
-25.2576 47.8422 -1.57257
-25.1085 46.9541 -1.56583
-25.1108 46.9637 -1.56607
-25.1086 46.9604 -1.566
-25.1112 46.9696 -1.56623
-25.309 46.8369 -1.56119
-25.3116 46.8462 -1.56142
-25.3093 46.8431 -1.56135
-25.3122 46.852 -1.56157
-25.1013 45.9541 -1.5599
-25.1038 45.9637 -1.56015
-25.1016 45.9604 -1.56007
-25.1043 45.9697 -1.56032
-25.2976 45.8369 -1.5552
-25.3004 45.8462 -1.55544
-25.298 45.8431 -1.55538
-25.3011 45.8521 -1.55561
-25.1164 44.9689 -1.56949
-25.1191 44.9785 -1.56975
-25.1168 44.9752 -1.56966
-25.1197 44.9845 -1.56991
-25.3082 44.8517 -1.56479
-25.3112 44.861 -1.56503
-25.3088 44.8579 -1.56496
-25.3121 44.8669 -1.56519
-25.1196 43.9477 -1.58117
-25.1225 43.9573 -1.58141
-25.1202 43.954 -1.58133
-25.1233 43.9633 -1.58156
-25.3066 43.8307 -1.57661
-25.3099 43.84 -1.57683
-25.3074 43.8369 -1.57676
-25.3109 43.8459 -1.57698
-25.1369 42.9447 -1.57333
-25.14 42.9543 -1.57353
-25.1376 42.951 -1.57347
-25.1409 42.9603 -1.57366
-25.3196 42.8276 -1.56887
-25.323 42.837 -1.56906
-25.3204 42.8339 -1.56901
-25.3241 42.8429 -1.56919
-25.109 41.9577 -1.56473
-25.1122 41.9674 -1.56488
-25.1098 41.964 -1.56483
-25.1132 41.9734 -1.56498
-25.2875 41.8408 -1.56043
-25.291 41.8502 -1.56057
-25.2884 41.8471 -1.56053
-25.2922 41.8561 -1.56067
-25.0988 40.9435 -1.56186
-25.1021 40.9532 -1.56198
-25.0997 40.9499 -1.56194
-25.1032 40.9593 -1.56206
-25.2732 40.8266 -1.55767
-25.2768 40.8361 -1.55778
-25.2742 40.8329 -1.55774
-25.278 40.842 -1.55784
-25.0777 39.9403 -1.55279
-25.0811 39.9501 -1.55289
-25.0786 39.9467 -1.55286
-25.0822 39.9562 -1.55295
-25.248 39.8235 -1.54863
-25.2518 39.8331 -1.54872
-25.2491 39.8299 -1.5487
-25.253 39.839 -1.54878
-25.074 38.9248 -1.56187
-25.0775 38.9347 -1.56197
-25.075 38.9313 -1.56194
-25.0786 38.9408 -1.56202
-25.2404 38.8081 -1.55769
-25.2442 38.8177 -1.55778
-25.2415 38.8145 -1.55775
-25.2454 38.8237 -1.55783
-25.0895 37.9334 -1.56779
-25.093 37.9434 -1.56789
-25.0905 37.94 -1.56786
-25.0941 37.9496 -1.56795
-25.252 37.8167 -1.56353
-25.2558 37.8263 -1.56362
-25.2531 37.8231 -1.56359
-25.2571 37.8324 -1.56368
-25.1096 36.9608 -1.55487
-25.1131 36.9708 -1.55499
-25.1105 36.9673 -1.55495
-25.1142 36.977 -1.55507
-25.2681 36.8439 -1.55047
-25.2719 36.8536 -1.55058
-25.2693 36.8504 -1.55055
-25.2732 36.8598 -1.55065
-25.0791 36.0063 -1.56095
-25.0827 36.0164 -1.56111
-25.0801 36.0129 -1.56106
-25.0839 36.0227 -1.56121
-25.2337 35.8897 -1.55635
-25.2376 35.8994 -1.5565
-25.2349 35.8962 -1.55646
-25.2389 35.9056 -1.5566
-25.0628 35.0243 -1.55901
-25.0665 35.0344 -1.55918
-25.064 35.0309 -1.55913
-25.0678 35.0406 -1.55929
-25.213 34.9078 -1.55437
-25.217 34.9176 -1.55452
-25.2142 34.9143 -1.55448
-25.2184 34.9237 -1.55462
-25.0447 34.0192 -1.55895
-25.0485 34.0293 -1.5591
-25.0459 34.0258 -1.55906
-25.0499 34.0356 -1.55919
-25.1902 33.903 -1.55435
-25.1943 33.9128 -1.55448
-25.1916 33.9095 -1.55445
-25.1958 33.9189 -1.55457
-25.0497 33.0163 -1.55616
-25.0537 33.0264 -1.5563
-25.051 33.0229 -1.55626
-25.0551 33.0327 -1.55639
-25.1907 32.9003 -1.5516
-25.1949 32.9101 -1.55172
-25.1921 32.9068 -1.55169
-25.1964 32.9162 -1.5518
-25.0398 32.0007 -1.58111
-25.0437 32.0108 -1.58123
-25.0411 32.0073 -1.5812
-25.0451 32.0171 -1.5813
-25.1762 31.885 -1.57655
-25.1804 31.8948 -1.57665
-25.1776 31.8915 -1.57663
-25.1819 31.901 -1.57672
-25.0089 30.9761 -1.57986
-25.0129 30.9863 -1.57998
-25.0103 30.9828 -1.57995
-25.0143 30.9926 -1.58006
-25.1408 30.8609 -1.57527
-25.145 30.8708 -1.57538
-25.1422 30.8675 -1.57536
-25.1465 30.877 -1.57546
-25.0225 29.9582 -1.57653
-25.0264 29.9684 -1.57669
-25.0238 29.9648 -1.57665
-25.0279 29.9747 -1.5768
-25.1498 29.8432 -1.57189
-25.154 29.8531 -1.57204
-25.1512 29.8498 -1.57201
-25.1555 29.8593 -1.57215
-25.0117 28.9773 -1.5792
-25.0158 28.9876 -1.57934
-25.0132 28.984 -1.57931
-25.0173 28.9939 -1.57945
-25.1347 28.8625 -1.57457
-25.139 28.8725 -1.57471
-25.1362 28.8691 -1.57468
-25.1406 28.8788 -1.57481
-25.03 27.9963 -1.58445
-25.0341 28.0066 -1.58456
-25.0314 28.003 -1.58454
-25.0357 28.013 -1.58464
-25.1486 27.8817 -1.57994
-25.153 27.8917 -1.58005
-25.1502 27.8883 -1.58003
-25.1547 27.898 -1.58012
-25.0465 27.0185 -1.59292
-25.0506 27.0289 -1.59294
-25.048 27.0252 -1.59294
-25.0522 27.0353 -1.59295
-25.1611 26.9044 -1.58879
-25.1654 26.9145 -1.5888
-25.1627 26.9111 -1.58881
-25.1671 26.9208 -1.58881
-25.0489 25.9735 -1.5722
-25.053 25.9839 -1.57214
-25.0504 25.9802 -1.57217
-25.0545 25.9903 -1.5721
-25.1595 25.86 -1.56836
-25.1638 25.8701 -1.56829
-25.1611 25.8667 -1.56833
-25.1654 25.8764 -1.56825
-25.0402 24.9489 -1.57857
-25.0441 24.9593 -1.57845
-25.0416 24.9556 -1.5785
-25.0456 24.9657 -1.57838
-25.1473 24.8361 -1.57493
-25.1514 24.8462 -1.57481
-25.1487 24.8427 -1.57486
-25.1529 24.8525 -1.57474
-25.0834 23.9508 -1.56895
-25.0871 23.9612 -1.56879
-25.0847 23.9575 -1.56886
-25.0885 23.9677 -1.56871
-25.1872 23.8385 -1.56542
-25.1911 23.8486 -1.56527
-25.1885 23.8451 -1.56533
-25.1925 23.855 -1.56517
-25.0768 22.932 -1.55517
-25.0803 22.9425 -1.55501
-25.0779 22.9388 -1.55508
-25.0815 22.949 -1.55492
-25.1773 22.8204 -1.55168
-25.1809 22.8306 -1.55151
-25.1785 22.8271 -1.55158
-25.1822 22.8369 -1.55141
-25.04 21.929 -1.56739
-25.0432 21.9395 -1.56724
-25.0409 21.9357 -1.5673
-25.0442 21.9459 -1.56716
-25.1373 21.8181 -1.56384
-25.1407 21.8283 -1.56369
-25.1383 21.8247 -1.56376
-25.1418 21.8346 -1.5636
-25.0713 20.937 -1.56382
-25.0743 20.9475 -1.56371
-25.0721 20.9437 -1.56376
-25.0752 20.954 -1.56364
-25.1654 20.8266 -1.56014
-25.1686 20.8368 -1.56002
-25.1663 20.8333 -1.56007
-25.1696 20.8432 -1.55995
-25.071 19.9717 -1.56856
-25.0738 19.9823 -1.5685
-25.0717 19.9785 -1.56854
-25.0746 19.9888 -1.56848
-25.162 19.862 -1.56466
-25.1649 19.8723 -1.56459
-25.1627 19.8687 -1.56463
-25.1658 19.8786 -1.56456
-25.1146 18.9902 -1.55216
-25.1172 19.0008 -1.55218
-25.1152 18.997 -1.55219
-25.118 19.0073 -1.55221
-25.202 18.8809 -1.54795
-25.2048 18.8912 -1.54796
-25.2027 18.8876 -1.54797
-25.2056 18.8976 -1.54798
-25.1024 17.9913 -1.54697
-25.105 18.0019 -1.54709
-25.103 17.9981 -1.54707
-25.1057 18.0084 -1.54718
-25.186 17.8827 -1.54236
-25.1887 17.893 -1.54247
-25.1866 17.8894 -1.54246
-25.1894 17.8994 -1.54256
-25.0649 17.0073 -1.54827
-25.0674 17.018 -1.54852
-25.0655 17.0141 -1.54846
-25.0682 17.0245 -1.54869
-25.1442 16.8995 -1.5432
-25.1469 16.9099 -1.54343
-25.1449 16.9062 -1.54338
-25.1477 16.9163 -1.5436
-25.0421 16.0418 -1.56682
-25.0449 16.0525 -1.56711
-25.0429 16.0486 -1.56704
-25.0458 16.0589 -1.56732
-25.1166 15.9344 -1.56157
-25.1195 15.9448 -1.56185
-25.1174 15.9411 -1.56178
-25.1205 15.9512 -1.56205
-25.0421 15.0012 -1.57353
-25.0451 15.0118 -1.57387
-25.043 15.0079 -1.57377
-25.0461 15.0183 -1.57409
-25.1112 14.8942 -1.56822
-25.1143 14.9046 -1.56854
-25.1122 14.9009 -1.56845
-25.1154 14.911 -1.56876
-25.0372 14.0017 -1.56283
-25.0406 14.0124 -1.56318
-25.0384 14.0085 -1.56308
-25.0418 14.0188 -1.56341
-25.101 13.8949 -1.5575
-25.1045 13.9053 -1.55783
-25.1023 13.9016 -1.55774
-25.1058 13.9117 -1.55806
-25.028 13.0173 -1.55768
-25.0316 13.028 -1.55804
-25.0294 13.0241 -1.55793
-25.033 13.0344 -1.55828
-25.0868 12.9111 -1.55234
-25.0905 12.9215 -1.55269
-25.0883 12.9178 -1.55259
-25.092 12.9279 -1.55293
-25.0387 11.9595 -1.56893
-25.0424 11.9702 -1.56929
-25.0402 11.9662 -1.56919
-25.0439 11.9766 -1.56954
-25.0927 11.8541 -1.56345
-25.0965 11.8645 -1.5638
-25.0943 11.8608 -1.56371
-25.0981 11.8709 -1.56404
-25.024 10.9822 -1.5872
-25.0279 10.9929 -1.58757
-25.0256 10.9889 -1.58747
-25.0295 10.9993 -1.58782
-25.0731 10.8777 -1.58172
-25.0771 10.8881 -1.58207
-25.0748 10.8844 -1.58198
-25.0788 10.8945 -1.58231
-25.0339 9.99014 -1.59014
-25.0381 10.0009 -1.59048
-25.0358 9.99685 -1.59039
-25.04 10.0073 -1.59071
-25.0777 9.88586 -1.5847
-25.082 9.89632 -1.58503
-25.0796 9.8925 -1.58495
-25.0839 9.90267 -1.58525
-25.0355 9.02212 -1.58137
-25.04 9.03287 -1.58165
-25.0376 9.02882 -1.58158
-25.042 9.0393 -1.58184
-25.0744 8.91848 -1.57613
-25.0789 8.92896 -1.5764
-25.0765 8.92511 -1.57634
-25.081 8.93531 -1.57659
-25.0232 8.06636 -1.57061
-25.0278 8.07725 -1.57074
-25.0253 8.07309 -1.57072
-25.0299 8.08371 -1.57084
-25.0574 7.96376 -1.56579
-25.0621 7.97438 -1.56591
-25.0597 7.97041 -1.5659
-25.0643 7.98075 -1.56601
-25.0236 7.10354 -1.55789
-25.0282 7.11455 -1.55789
-25.0258 7.11028 -1.55793
-25.0303 7.12104 -1.55792
-25.0537 7.0019 -1.55339
-25.0583 7.01265 -1.55338
-25.0559 7.00858 -1.55342
-25.0605 7.01906 -1.55341
-25.0056 6.10485 -1.55901
-25.01 6.11599 -1.55892
-25.0078 6.11161 -1.55899
-25.0122 6.12251 -1.5589
-25.0316 6.00426 -1.55471
-25.0361 6.01515 -1.55461
-25.0338 6.01096 -1.55469
-25.0383 6.02159 -1.55458
-24.9945 5.1018 -1.55823
-24.9987 5.11308 -1.55808
-24.9966 5.10859 -1.55818
-25.0008 5.11963 -1.55803
-25.0167 5.00223 -1.55403
-25.0209 5.01326 -1.55387
-25.0188 5.00896 -1.55397
-25.023 5.01974 -1.55382
-24.9628 4.08141 -1.57851
-24.9667 4.09282 -1.57834
-24.9647 4.08822 -1.57845
-24.9686 4.0994 -1.57827
-24.9811 3.98294 -1.5743
-24.9851 3.9941 -1.57413
-24.983 3.98969 -1.57424
-24.987 4.00062 -1.57406
-24.9378 3.1362 -1.57727
-24.9415 3.14774 -1.57711
-24.9396 3.14303 -1.57722
-24.9432 3.15436 -1.57705
-24.9526 3.0388 -1.57296
-24.9563 3.05011 -1.57279
-24.9544 3.04558 -1.5729
-24.9581 3.05666 -1.57273
-24.9396 2.11476 -1.56578
-24.9429 2.12643 -1.56566
-24.9412 2.12161 -1.56575
-24.9446 2.13308 -1.56563
-24.9504 2.01832 -1.56125
-24.9538 2.02976 -1.56112
-24.9521 2.02512 -1.56122
-24.9554 2.03635 -1.56108
-24.9149 1.10033 -1.57273
-24.918 1.11213 -1.57269
-24.9164 1.1072 -1.57275
-24.9195 1.11882 -1.5727
-24.9216 1.00497 -1.56788
-24.9247 1.01655 -1.56782
-24.9231 1.0118 -1.5679
-24.9262 1.02317 -1.56783
-24.9113 0.0779882 -1.58451
-24.9143 0.0899247 -1.58457
-24.9128 0.0848891 -1.5846
-24.9157 0.0966434 -1.58465
-24.9135 -0.0163786 -1.57922
-24.9165 -0.00466361 -1.57927
-24.915 -0.00952823 -1.57931
-24.9179 0.00199764 -1.57934
-24.9454 -0.914812 -1.58375
-24.9483 -0.902743 -1.58395
-24.9469 -0.907886 -1.58393
-24.9497 -0.89599 -1.58412
-24.9428 -1.00838 -1.5779
-24.9457 -0.996532 -1.57809
-24.9443 -1.00151 -1.57808
-24.9471 -0.989834 -1.57825
-24.9616 -1.91185 -1.57925
-24.9646 -1.89965 -1.57963
-24.9632 -1.9049 -1.57955
-24.9661 -1.89286 -1.5799
-24.9536 -2.00454 -1.57274
-24.9566 -1.99255 -1.57309
-24.9552 -1.99763 -1.57303
-24.9581 -1.98581 -1.57336
-24.9941 -2.90491 -1.56997
-24.9973 -2.89224 -1.57025
-24.9959 -2.89778 -1.57024
-24.999 -2.88526 -1.5705
-24.9803 -2.99775 -1.56321
-24.9834 -2.98529 -1.56347
-24.982 -2.99067 -1.56347
-24.9851 -2.97837 -1.56371
-24.9985 -3.93373 -1.58901
-25.0018 -3.9206 -1.58926
-25.0004 -3.92643 -1.58929
-25.0036 -3.91344 -1.58951
-24.9784 -4.02654 -1.58185
-24.9816 -4.01362 -1.58207
-24.9802 -4.01929 -1.58213
-24.9834 -4.00651 -1.58231
-25.0068 -4.93607 -1.58715
-25.01 -4.92266 -1.58718
-25.0088 -4.92873 -1.5873
-25.0119 -4.91545 -1.5873
-24.9802 -5.02878 -1.57981
-24.9833 -5.01558 -1.57981
-24.9822 -5.02149 -1.57995
-24.9852 -5.00842 -1.57992
-25.0659 -5.93151 -1.59048
-25.0684 -5.91729 -1.58978
-25.0678 -5.92392 -1.59025
-25.0702 -5.9098 -1.58953
-25.0321 -6.02503 -1.58316
-25.0346 -6.01101 -1.58243
-25.034 -6.01749 -1.58291
-25.0363 -6.00357 -1.58216
-25.0813 -6.93841 -1.5718
-25.0825 -6.92339 -1.57053
-25.0826 -6.93059 -1.57125
-25.0837 -6.91563 -1.56997
-25.0403 -7.03242 -1.56445
-25.0414 -7.01759 -1.56315
-25.0416 -7.02463 -1.56389
-25.0425 -7.00987 -1.56257
-25.063 -7.9534 -1.57022
-25.0623 -7.93753 -1.56855
-25.0636 -7.94532 -1.56943
-25.0627 -7.92948 -1.56775
-25.0148 -8.04764 -1.5628
-25.0139 -8.03194 -1.5611
-25.0153 -8.0396 -1.56199
-25.0142 -8.02393 -1.56028
-25.0658 -8.93497 -1.5629
-25.0628 -8.91829 -1.561
-25.0653 -8.92666 -1.56193
-25.0621 -8.90997 -1.56004
-25.0104 -9.02961 -1.55537
-25.0072 -9.01308 -1.55344
-25.0098 -9.02132 -1.55438
-25.0064 -9.00479 -1.55245
-25.0742 -9.95873 -1.56487
-25.0686 -9.94125 -1.56291
-25.0724 -9.95018 -1.5638
-25.0666 -9.93268 -1.56185
-25.0113 -10.0538 -1.55719
-25.0055 -10.0365 -1.55519
-25.0094 -10.0453 -1.5561
-25.0034 -10.0279 -1.55411
-25.0931 -10.991 -1.5553
-25.0849 -10.9728 -1.55343
-25.09 -10.9823 -1.55419
-25.0815 -10.9639 -1.55236
-25.0224 -11.0866 -1.54743
-25.0139 -11.0685 -1.54552
-25.0191 -11.0778 -1.5463
-25.0104 -11.0596 -1.54442
-25.0663 -12.0051 -1.56563
-25.0555 -11.986 -1.56404
-25.0618 -11.9961 -1.56457
-25.0508 -11.9769 -1.56302
-24.9878 -12.1009 -1.55753
-24.9767 -12.0818 -1.55589
-24.9831 -12.0918 -1.55644
-24.9718 -12.0727 -1.55485
-25.071 -13.0231 -1.56063
-25.0579 -13.0032 -1.55947
-25.0651 -13.0138 -1.55968
-25.0519 -12.9938 -1.55858
-24.9844 -13.1193 -1.55225
-24.971 -13.0994 -1.55105
-24.9783 -13.11 -1.55127
-24.9647 -13.09 -1.55013
-25.0669 -14.0282 -1.54133
-25.052 -14.0075 -1.54076
-25.0597 -14.0187 -1.54055
-25.0448 -13.9978 -1.54007
-24.972 -14.1247 -1.53263
-24.9567 -14.104 -1.53203
-24.9647 -14.1151 -1.53183
-24.9493 -14.0943 -1.53131
-25.0504 -15.0349 -1.55077
-25.0343 -15.0133 -1.55097
-25.0422 -15.0251 -1.55023
-25.0261 -15.0033 -1.55055
-24.9469 -15.1316 -1.54171
-24.9304 -15.11 -1.54187
-24.9385 -15.1218 -1.54116
-24.922 -15.1 -1.54143
-26.0304 -15.0346 3.13868
-26.0137 -15.012 3.13791
-26.0219 -15.0251 3.13902
-26.0052 -15.0021 3.13813
-25.927 -15.1406 -3.13518
-25.9099 -15.118 -3.13592
-25.9183 -15.131 -3.13482
-25.9012 -15.1082 -3.13568
-27.0134 -15.0401 3.12059
-26.996 -15.0159 3.11945
-27.0046 -15.0307 3.1208
-26.9872 -15.006 3.11953
-26.9101 -15.1557 3.13007
-26.8923 -15.1316 3.12897
-26.9011 -15.1462 3.13031
-26.8833 -15.1217 3.12907
-28.0545 -15.0484 3.13904
-28.0365 -15.0222 3.13776
-28.0455 -15.0389 3.13919
-28.0275 -15.0121 3.13776
-27.9512 -15.1742 -3.1346
-27.9329 -15.1482 -3.13585
-27.942 -15.1648 -3.13443
-27.9236 -15.1381 -3.13583
-29.1188 -15.0294 -3.14088
-29.1001 -15.001 3.14108
-29.1095 -15.0198 -3.14073
-29.0908 -14.9907 3.14109
-29.0158 -15.1658 -3.13138
-28.9968 -15.1376 -3.13257
-29.0063 -15.1563 -3.13122
-28.9872 -15.1272 -3.13255
-30.1203 -15.0715 -3.13135
-30.1011 -15.0411 -3.13231
-30.1107 -15.0619 -3.13114
-30.0914 -15.0305 -3.13223
-30.017 -15.2178 -3.122
-29.9974 -15.1876 -3.12293
-30.0072 -15.2082 -3.12178
-29.9876 -15.177 -3.12283
-31.1227 -15.093 -3.13652
-31.1029 -15.0608 -3.13702
-31.1129 -15.0833 -3.1362
-31.093 -15.05 -3.1368
-31.0194 -15.2491 -3.12742
-30.9992 -15.2171 -3.12789
-31.0093 -15.2395 -3.12709
-30.989 -15.2063 -3.12766
-32.133 -15.0932 3.1327
-32.1126 -15.0597 3.13288
-32.1229 -15.0836 3.1332
-32.1024 -15.0488 3.1333
-32.0298 -15.2589 3.14145
-32.009 -15.2256 -3.14153
-32.0195 -15.2493 -3.14122
-31.9985 -15.2148 -3.14109
-33.0993 -15.0832 3.13309
-33.0781 -15.0491 3.13413
-33.0889 -15.0738 3.13382
-33.0677 -15.0383 3.13482
-32.9962 -15.2577 3.14139
-32.9748 -15.2238 -3.14072
-32.9856 -15.2484 -3.14105
-32.964 -15.2132 -3.14001
-34.0733 -15.0808 3.13033
-34.0515 -15.0468 3.13243
-34.0627 -15.0719 3.13135
-34.0408 -15.0365 3.13346
-33.9704 -15.2638 3.13809
-33.9483 -15.2301 3.14023
-33.9595 -15.255 3.13912
-33.9373 -15.2199 3.14127
-35.0944 -15.0653 -3.13402
-35.072 -15.0328 -3.13064
-35.0835 -15.0573 -3.13264
-35.061 -15.0232 -3.1292
-34.9918 -15.2567 -3.12691
-34.969 -15.2244 -3.12349
-34.9806 -15.2487 -3.12551
-34.9577 -15.2149 -3.12204
-35.0986 -16.0993 -1.56263
-35.0721 -16.0659 -1.55815
-35.086 -16.091 -1.56097
-35.0593 -16.0561 -1.55638
-34.9888 -16.291 -1.55613
-34.9619 -16.2579 -1.5516
-34.9759 -16.2828 -1.55444
-34.9488 -16.2482 -1.54982
-35.0606 -17.095 -1.57181
-35.0281 -17.0614 -1.56627
-35.0456 -17.087 -1.56958
-35.0127 -17.0518 -1.56395
-34.9443 -17.2871 -1.56541
-34.9113 -17.2537 -1.55984
-34.9289 -17.2791 -1.56317
-34.8957 -17.2441 -1.5575
-35.1155 -18.0919 -1.56659
-35.0763 -18.0586 -1.56055
-35.0976 -18.0842 -1.56406
-35.058 -18.0493 -1.55793
-34.9927 -18.2848 -1.56025
-34.9531 -18.2517 -1.55417
-34.9746 -18.2771 -1.5577
-34.9345 -18.2424 -1.55154
-35.123 -19.0755 -1.57835
-35.0773 -19.0422 -1.57203
-35.1024 -19.0679 -1.57566
-35.0562 -19.033 -1.56926
-34.994 -19.2686 -1.57202
-34.9478 -19.2354 -1.56567
-34.9731 -19.261 -1.56932
-34.9264 -19.2262 -1.56288
-35.1051 -20.0804 -1.58658
-35.0525 -20.047 -1.57998
-35.0815 -20.0729 -1.58372
-35.0284 -20.0378 -1.57704
-34.9697 -20.2736 -1.58025
-34.9166 -20.2403 -1.57362
-34.9458 -20.2661 -1.57738
-34.8921 -20.2311 -1.57066
-35.0957 -21.0806 -1.58396
-35.0359 -21.047 -1.57712
-35.0689 -21.0732 -1.58095
-35.0084 -21.0378 -1.57403
-34.9539 -21.274 -1.57764
-34.8936 -21.2404 -1.57076
-34.9268 -21.2666 -1.57462
-34.8658 -21.2313 -1.56766
-35.136 -22.0827 -1.57441
-35.069 -22.0493 -1.5675
-35.1061 -22.0755 -1.57135
-35.0382 -22.0403 -1.56436
-34.9879 -22.2765 -1.5681
-34.9203 -22.2431 -1.56115
-34.9576 -22.2693 -1.56502
-34.8892 -22.2341 -1.55799
-35.1467 -23.0798 -1.57053
-35.072 -23.0464 -1.56367
-35.1133 -23.0728 -1.56746
-35.0378 -23.0375 -1.56053
-34.9922 -23.274 -1.56424
-34.9169 -23.2405 -1.55735
-34.9585 -23.2669 -1.56116
-34.8823 -23.2316 -1.5542
-35.1397 -24.0685 -1.57603
-35.058 -24.0351 -1.56923
-35.1032 -24.0616 -1.57298
-35.0206 -24.0262 -1.56611
-34.9791 -24.2628 -1.56976
-34.8967 -24.2292 -1.56293
-34.9421 -24.2558 -1.56669
-34.8588 -24.2203 -1.55979
-35.1471 -25.0766 -1.5739
-35.0581 -25.0431 -1.56737
-35.1073 -25.0698 -1.57096
-35.0172 -25.0343 -1.56437
-34.9801 -25.2712 -1.56767
-34.8904 -25.2375 -1.5611
-34.9398 -25.2642 -1.56471
-34.8491 -25.2286 -1.55808
-35.1224 -26.0529 -1.56764
-35.0269 -26.0191 -1.56122
-35.0796 -26.046 -1.56474
-34.983 -26.0103 -1.55827
-34.9493 -26.2473 -1.56142
-34.853 -26.2134 -1.55497
-34.906 -26.2403 -1.55851
-34.8087 -26.2044 -1.552
-35.1157 -27.0465 -1.56818
-35.0132 -27.0126 -1.5624
-35.0697 -27.0397 -1.56558
-34.9661 -27.0039 -1.55975
-34.9364 -27.2412 -1.56203
-34.8331 -27.2071 -1.55622
-34.8899 -27.2342 -1.55941
-34.7855 -27.1981 -1.55355
-35.117 -28.0364 -1.56712
-35.008 -28.0025 -1.56213
-35.068 -28.0298 -1.56488
-34.9578 -27.9939 -1.55986
-34.9315 -28.2314 -1.56105
-34.8217 -28.1972 -1.55603
-34.8821 -28.2246 -1.55879
-34.771 -28.1884 -1.55374
-35.1158 -29.0225 -1.56683
-35.001 -28.9885 -1.56283
-35.0642 -29.016 -1.56506
-34.9482 -28.9799 -1.56104
-34.9243 -29.2177 -1.56085
-34.8086 -29.1834 -1.55682
-34.8722 -29.2111 -1.55906
-34.7553 -29.1747 -1.55501
-35.1008 -30.0542 -1.57161
-34.9814 -30.0201 -1.56817
-35.0471 -30.0477 -1.5701
-34.9266 -30.0115 -1.56665
-34.903 -30.2494 -1.56568
-34.7828 -30.215 -1.56221
-34.8489 -30.2427 -1.56415
-34.7274 -30.2062 -1.56067
-35.1263 -31.0557 -1.56399
-35.0035 -31.0217 -1.56098
-35.0712 -31.0493 -1.56268
-34.947 -31.0132 -1.55966
-34.9227 -31.2512 -1.5581
-34.7989 -31.2168 -1.55506
-34.8669 -31.2446 -1.55678
-34.7419 -31.2081 -1.55373
-35.1097 -32.0662 -1.56171
-34.9837 -32.0321 -1.55915
-35.0532 -32.0598 -1.56062
-34.9259 -32.0236 -1.55805
-34.9001 -32.2616 -1.55586
-34.7731 -32.2271 -1.55326
-34.843 -32.2551 -1.55475
-34.7148 -32.2184 -1.55215
-35.0917 -33.065 -1.57117
-34.9626 -33.0308 -1.5696
-35.0338 -33.0587 -1.57056
-34.9034 -33.0223 -1.56899
-34.8761 -33.2605 -1.5654
-34.746 -33.2259 -1.5638
-34.8177 -33.254 -1.56477
-34.6863 -33.2172 -1.56318
-35.0722 -34.0626 -1.57149
-34.9411 -34.0283 -1.57062
-35.0134 -34.0563 -1.57121
-34.8811 -34.0199 -1.57036
-34.8508 -34.2581 -1.56577
-34.7188 -34.2234 -1.56488
-34.7915 -34.2517 -1.56548
-34.6582 -34.2148 -1.5646
-35.1034 -35.0616 -1.56427
-34.9712 -35.0274 -1.56421
-35.0443 -35.0554 -1.56439
-34.9108 -35.019 -1.56436
-34.8764 -35.2575 -1.55863
-34.7431 -35.2228 -1.55854
-34.8166 -35.251 -1.55874
-34.6821 -35.2142 -1.55868
-35.106 -36.0766 -1.55248
-34.9741 -36.0423 -1.55277
-35.0472 -36.0704 -1.55277
-34.914 -36.034 -1.55308
-34.8733 -36.2725 -1.54687
-34.7403 -36.2377 -1.54712
-34.8138 -36.2661 -1.54714
-34.6796 -36.2292 -1.54742
-35.0572 -37.0595 -1.56056
-34.9258 -37.0252 -1.56112
-34.9987 -37.0534 -1.56096
-34.8662 -37.0168 -1.56155
-34.8189 -37.2551 -1.55496
-34.6865 -37.2203 -1.55549
-34.7599 -37.2488 -1.55535
-34.6262 -37.2118 -1.55591
-35.0537 -38.0781 -1.56197
-34.9235 -38.0436 -1.56375
-34.996 -38.072 -1.56294
-34.8647 -38.0353 -1.56476
-34.8098 -38.2739 -1.55646
-34.6785 -38.2389 -1.55821
-34.7515 -38.2676 -1.55741
-34.619 -38.2304 -1.55921
-35.0545 -39.0701 -1.57078
-34.9262 -39.0354 -1.57409
-34.9978 -39.0641 -1.57243
-34.8685 -39.0271 -1.5758
-34.8051 -39.2661 -1.56538
-34.6757 -39.2309 -1.56866
-34.7479 -39.2599 -1.56702
-34.6174 -39.2224 -1.57036
-35.046 -40.0565 -1.57676
-34.9222 -40.0202 -1.58265
-34.9915 -40.0508 -1.5793
-34.8666 -40.0122 -1.58527
-34.7914 -40.2527 -1.57147
-34.6664 -40.216 -1.57734
-34.7362 -40.2468 -1.574
-34.6101 -40.2078 -1.57995
-35.0522 -41.0622 -1.57574
-34.9348 -41.0247 -1.58364
-35.0004 -41.0567 -1.57897
-34.882 -41.0168 -1.58697
-34.7922 -41.2587 -1.57055
-34.6736 -41.2208 -1.57844
-34.7397 -41.253 -1.57378
-34.6201 -41.2128 -1.58177
-35.0301 -42.026 -1.56553
-34.921 -41.9885 -1.5737
-34.9817 -42.0206 -1.56885
-34.8717 -41.9807 -1.57713
-34.7651 -42.2224 -1.56042
-34.6548 -42.1846 -1.56858
-34.716 -42.2169 -1.56374
-34.6048 -42.1767 -1.57201
-35.0449 -43.0437 -1.57954
-34.9455 -43.0054 -1.58852
-35.0004 -43.0384 -1.58313
-34.9002 -42.9977 -1.59223
-34.7748 -43.2403 -1.57468
-34.6741 -43.2017 -1.58366
-34.7296 -43.2349 -1.57828
-34.6281 -43.1939 -1.58738
-35.0588 -44.0487 -1.57565
-34.9683 -44.0097 -1.58535
-35.0178 -44.0434 -1.57953
-34.9266 -44.002 -1.58936
-34.7832 -44.2453 -1.57034
-34.6915 -44.2061 -1.58004
-34.7416 -44.2399 -1.57423
-34.6492 -44.1983 -1.58405
-35.0435 -45.0592 -1.56538
-34.963 -45.0205 -1.57526
-35.0066 -45.0543 -1.56943
-34.9256 -45.0131 -1.57943
-34.7623 -45.2555 -1.55988
-34.6806 -45.2165 -1.56975
-34.7248 -45.2505 -1.56393
-34.6426 -45.209 -1.57392
-35.0338 -46.0565 -1.57215
-34.9639 -46.0178 -1.58276
-35.0018 -46.0526 -1.57671
-34.9315 -46.0114 -1.58745
-34.7455 -46.2513 -1.5658
-34.6743 -46.2125 -1.5764
-34.7128 -46.2474 -1.57036
-34.6413 -46.206 -1.58109
-35.0247 -47.0714 -1.58257
-34.9663 -47.0325 -1.5935
-34.9981 -47.068 -1.58725
-34.9395 -47.0265 -1.59832
-34.7286 -47.2656 -1.57571
-34.669 -47.2267 -1.58662
-34.7014 -47.2622 -1.58039
-34.6415 -47.2206 -1.59143
-35.0632 -48.0834 -1.58126
-35.0161 -48.0441 -1.59251
-35.0416 -48.08 -1.5861
-34.9943 -48.0379 -1.59748
-34.7601 -48.2778 -1.57441
-34.7117 -48.2385 -1.58562
-34.7377 -48.2743 -1.57923
-34.6892 -48.2322 -1.59059
-35.0685 -49.057 -1.58377
-35.0325 -49.0175 -1.59528
-35.0517 -49.0536 -1.58871
-35.0157 -49.0114 -1.60037
-34.7586 -49.2513 -1.57695
-34.7213 -49.2119 -1.58844
-34.7411 -49.2479 -1.58189
-34.7038 -49.2057 -1.59352
-35.054 -50.0562 -1.57739
-35.0297 -50.0169 -1.58941
-35.0424 -50.0531 -1.58249
-35.0183 -50.011 -1.59466
-34.7372 -50.2502 -1.57076
-34.7117 -50.211 -1.58275
-34.7249 -50.2471 -1.57586
-34.6995 -50.2051 -1.588
-36.0614 -50.0384 -3.13966
-36.0366 -49.987 3.13163
-36.0495 -50.0303 3.13855
-36.0249 -49.9758 3.1265
-35.7446 -50.2389 -3.13308
-35.7186 -50.1877 3.13823
-35.7322 -50.2308 -3.13805
-35.7063 -50.1766 3.13311
-37.0593 -50.0372 -3.13604
-37.0347 -49.9734 3.13457
-37.0478 -50.0243 -3.14122
-37.0233 -49.9574 3.12923
-36.743 -50.2437 -3.12983
-36.7173 -50.1801 3.14081
-36.7309 -50.2309 -3.13501
-36.7053 -50.1642 3.13547
-38.0769 -50.038 -3.13477
-38.0524 -49.9611 3.13564
-38.0655 -50.0199 -3.14003
-38.041 -49.9397 3.13021
-37.7608 -50.2506 -3.12866
-37.7352 -50.1739 -3.14141
-37.7488 -50.2325 -3.13392
-37.7232 -50.1526 3.13635
-39.0575 -50.0562 3.13194
-39.0334 -49.9663 3.11867
-39.0466 -50.0331 3.12638
-39.0223 -49.9397 3.11294
-38.7417 -50.2743 3.13789
-38.7165 -50.1847 3.12464
-38.7302 -50.2512 3.13234
-38.7049 -50.1581 3.11892
-40.0561 -50.045 3.13515
-40.0321 -49.9416 3.12144
-40.0453 -50.0165 3.12923
-40.0211 -49.9094 3.11535
-39.7408 -50.2686 3.14103
-39.7158 -50.1654 3.12735
-39.7294 -50.2401 3.13512
-39.7043 -50.1333 3.12126
-41.0638 -50.0383 3.13758
-41.0391 -49.9204 3.12297
-41.0533 -50.0039 3.13124
-41.0284 -49.8821 3.11645
-40.7485 -50.2676 -3.13987
-40.723 -50.1498 3.12873
-40.7376 -50.2332 3.13698
-40.7118 -50.1116 3.12222
-42.0706 -50.033 3.1327
-42.0456 -49.8993 3.11716
-42.0605 -49.9922 3.12571
-42.0352 -49.8543 3.10999
-41.7556 -50.2676 3.13836
-41.7299 -50.1341 3.12285
-41.7451 -50.2268 3.13138
-41.719 -50.0893 3.11568
-43.0624 -50.0204 3.12712
-43.0364 -49.8696 3.11065
-43.0524 -49.9721 3.11961
-43.0259 -49.8171 3.10295
-42.7476 -50.2601 3.13269
-42.7209 -50.1097 3.11626
-42.7372 -50.212 3.12519
-42.71 -50.0573 3.10857
-44.0848 -49.9827 3.13538
-44.0565 -49.8146 3.11725
-44.0749 -49.9268 3.12708
-44.0458 -49.7543 3.10875
-43.7703 -50.2279 3.14092
-43.7413 -50.0602 3.12283
-43.7599 -50.1721 3.13263
-43.7304 -50 3.11434
-45.0729 -49.9569 3.13404
-45.0452 -49.7709 3.11699
-45.0629 -49.8929 3.12596
-45.0343 -49.7023 3.10872
-44.7586 -50.2076 3.13962
-44.7303 -50.022 3.12261
-44.7483 -50.1437 3.13155
-44.7192 -49.9535 3.11435
-46.0527 -49.9455 3.13602
-46.0194 -49.7381 3.11462
-46.0422 -49.8721 3.12651
-46.0078 -49.6598 3.1049
-45.7384 -50.2014 3.14146
-45.7047 -49.9943 3.1201
-45.7275 -50.128 3.13196
-45.6928 -49.9161 3.11039
-47.0762 -49.9622 3.12161
-47.0364 -49.7285 3.09452
-47.0653 -49.8776 3.11001
-47.0242 -49.6388 3.08269
-46.7617 -50.2233 3.12698
-46.7217 -49.99 3.09995
-46.7506 -50.1388 3.11539
-46.7093 -49.9004 3.08814
-48.0923 -49.9468 -3.14122
-48.0452 -49.6812 3.11033
-48.0808 -49.8489 3.12864
-48.0319 -49.578 3.09679
-47.7779 -50.213 -3.13583
-47.7307 -49.9478 3.1158
-47.7662 -50.1152 3.13405
-47.7173 -49.8448 3.10228
-49.072 -49.9549 3.13344
-49.022 -49.6562 3.10195
-49.0607 -49.8433 3.12004
-49.0084 -49.5391 3.08835
-48.7574 -50.2261 3.13887
-48.7075 -49.928 3.10746
-48.7461 -50.1147 3.1255
-48.6939 -49.8111 3.09388
-50.0661 -49.9416 3.1327
-50.0142 -49.6111 3.10145
-50.0545 -49.8165 3.1194
-49.9999 -49.4804 3.08794
-49.7515 -50.2183 3.13816
-49.7 -49.8883 3.10699
-49.7399 -50.0933 3.12488
-49.6857 -49.7578 3.0935
-50.0844 -50.9685 -1.57199
-50.064 -50.637 -1.60283
-50.0862 -50.8431 -1.58507
-50.0633 -50.5055 -1.61611
-49.7642 -51.2453 -1.56652
-49.7441 -50.9145 -1.59728
-49.766 -51.1201 -1.57957
-49.7434 -50.7832 -1.61054
-50.081 -51.9627 -1.57192
-50.089 -51.6313 -1.60165
-50.0945 -51.8374 -1.58438
-50.1001 -51.4996 -1.61432
-49.7553 -52.2395 -1.56642
-49.7635 -51.909 -1.59609
-49.7687 -52.1145 -1.57886
-49.7746 -51.7776 -1.60873
-50.0642 -52.9748 -1.57686
-50.1001 -52.6445 -1.60465
-50.0888 -52.85 -1.58834
-50.1226 -52.5129 -1.61635
-49.7328 -53.2516 -1.57137
-49.7688 -52.9223 -1.5991
-49.7573 -53.1271 -1.58283
-49.7913 -52.7911 -1.61078
-50.0782 -53.9748 -1.57262
-50.1416 -53.6439 -1.60019
-50.1141 -53.8499 -1.58401
-50.1756 -53.5119 -1.61181
-49.7413 -54.2517 -1.56714
-49.8047 -53.922 -1.59465
-49.7771 -54.1272 -1.57852
-49.8387 -53.7905 -1.60625
-50.0841 -54.9762 -1.56844
-50.1745 -54.6451 -1.59584
-50.1309 -54.8512 -1.5798
-50.2197 -54.5127 -1.60742
-49.7416 -55.2532 -1.56298
-49.832 -54.9234 -1.59032
-49.7884 -55.1286 -1.57432
-49.8771 -54.7915 -1.60188
-49.0828 -54.9897 -0.00408933
-49.1733 -54.686 -0.0312807
-49.1295 -54.8761 -0.0153849
-49.2187 -54.5653 -0.0427943
-48.7402 -55.2612 0.00135924
-48.8306 -54.9588 -0.0257714
-48.7868 -55.1481 -0.00991994
-48.8759 -54.8386 -0.0372679
-48.0837 -55.0014 -0.00205129
-48.1734 -54.7254 -0.0285317
-48.1296 -54.8993 -0.0131921
-48.2182 -54.6164 -0.0398905
-47.741 -55.2675 0.00337937
-47.8304 -54.9928 -0.0230425
-47.7867 -55.1658 -0.00774572
-47.875 -54.8843 -0.0343848
-47.0948 -54.9922 -0.0119705
-47.184 -54.7424 -0.0381472
-47.1402 -54.9012 -0.0230317
-47.2287 -54.6447 -0.0494259
-46.7521 -55.253 -0.00654272
-46.8409 -55.0044 -0.0326617
-46.7973 -55.1624 -0.0175884
-46.8854 -54.9071 -0.0439241
-46.0843 -55.0034 0.00699957
-46.1725 -54.7802 -0.0182388
-46.1288 -54.9236 -0.00379864
-46.2167 -54.694 -0.0292519
-45.7415 -55.2588 0.0124431
-45.8291 -55.0367 -0.0127397
-45.7857 -55.1794 0.00165977
-45.873 -54.9509 -0.0237373
-45.0937 -55.0026 -0.00622952
-45.182 -54.8045 -0.0314417
-45.1381 -54.9336 -0.0170829
-45.2263 -54.7294 -0.0425099
-44.7509 -55.2526 -0.000778708
-44.8385 -55.0556 -0.0259355
-44.7949 -55.184 -0.0116173
-44.8824 -54.9809 -0.0369883
-45.0823 -53.9739 1.57167
-45.1444 -53.7778 1.54695
-45.115 -53.9058 1.56081
-45.1768 -53.7038 1.53588
-44.7452 -54.2239 1.57716
-44.8066 -54.0287 1.55249
-44.7775 -54.1561 1.56632
-44.8386 -53.9551 1.54144
-45.1013 -52.9954 1.57894
-45.138 -52.802 1.55605
-45.1222 -52.9283 1.56859
-45.1585 -52.7294 1.5455
-44.7697 -53.2458 1.58448
-44.8058 -53.0531 1.56164
-44.7903 -53.1789 1.57415
-44.826 -52.9808 1.55111
-45.0763 -51.9981 1.57573
-45.089 -51.8084 1.55499
-45.0858 -51.9325 1.56619
-45.098 -51.7376 1.54526
-44.7504 -52.2486 1.5813
-44.7625 -52.0595 1.56061
-44.7595 -52.1831 1.57177
-44.7712 -51.9889 1.55088
-45.0874 -50.9633 1.56215
-45.0776 -50.7764 1.54387
-45.0859 -50.8988 1.5537
-45.0754 -50.707 1.53523
-44.7674 -51.2141 1.56771
-44.757 -51.0276 1.54947
-44.7655 -51.1497 1.55927
-44.7545 -50.9584 1.54084
-45.0579 -49.9739 1.55709
-45.0301 -49.7883 1.53955
-45.048 -49.9099 1.54897
-45.0193 -49.7197 1.53124
-44.7434 -50.2245 1.56264
-44.7151 -50.0393 1.54514
-44.7331 -50.1607 1.55453
-44.704 -49.9708 1.53684
-45.0399 -48.988 1.54582
-44.9962 -48.8041 1.52919
-45.0221 -48.9248 1.53809
-44.9774 -48.7363 1.52127
-44.7309 -49.2387 1.55141
-44.6867 -49.0551 1.53481
-44.7128 -49.1755 1.54368
-44.6676 -48.9874 1.5269
-45.0276 -47.9779 1.55894
-44.968 -47.7948 1.54281
-45.0021 -47.9151 1.55135
-44.9414 -47.7275 1.53504
-44.7243 -48.2286 1.56455
-44.6643 -48.0456 1.54846
-44.6985 -48.1657 1.55697
-44.6373 -47.9784 1.54069
-45.0367 -46.9738 1.56472
-44.9641 -46.7908 1.54945
-45.0037 -46.9114 1.55728
-44.9298 -46.7242 1.54183
-44.7394 -47.2243 1.57039
-44.6663 -47.0415 1.55515
-44.706 -47.1619 1.56296
-44.6317 -46.9748 1.54754
-45.0112 -45.9484 1.55668
-44.9363 -45.7691 1.54206
-44.9721 -45.889 1.55003
-44.8959 -45.7056 1.53524
-44.7207 -46.1983 1.56232
-44.6454 -46.0192 1.54774
-44.6812 -46.1388 1.55568
-44.6046 -45.9556 1.54093
-45.0196 -44.9725 1.55462
-44.9364 -44.7949 1.53952
-44.9749 -44.9145 1.54825
-44.8903 -44.7328 1.53297
-44.7351 -45.2223 1.56018
-44.6515 -45.0448 1.54512
-44.69 -45.1641 1.55381
-44.605 -44.9826 1.53858
-44.0322 -44.9955 -0.00966488
-43.9538 -44.8336 -0.0251543
-43.988 -44.9446 -0.0157173
-43.9084 -44.7788 -0.031373
-43.7479 -45.2396 -0.00420008
-43.669 -45.0778 -0.0196463
-43.7033 -45.1886 -0.0102438
-43.6231 -45.0229 -0.025856
-43.0613 -44.9892 -0.0029578
-42.9809 -44.8433 -0.0180586
-43.0183 -44.9443 -0.00882071
-42.9366 -44.7946 -0.0240915
-42.7774 -45.2283 0.00247879
-42.6963 -45.0824 -0.0125854
-42.7339 -45.1832 -0.00337693
-42.6517 -45.0336 -0.018611
-42.0305 -44.9643 -0.013455
-41.9477 -44.8349 -0.0279076
-41.9884 -44.9254 -0.0191396
-41.9045 -44.7924 -0.0337628
-41.747 -45.198 -0.00798519
-41.6635 -45.0686 -0.022408
-41.7045 -45.159 -0.0136643
-41.6199 -45.026 -0.0282577
-41.0588 -44.9963 -0.00806703
-40.9758 -44.8817 -0.0220257
-41.0177 -44.9629 -0.0135441
-40.9338 -44.8449 -0.0276719
-40.7755 -45.2248 -0.00258766
-40.6918 -45.1101 -0.0165208
-40.7339 -45.1913 -0.00806056
-40.6492 -45.0732 -0.0221627
-40.049 -45.017 -0.00760012
-39.9657 -44.9172 -0.0208915
-40.0089 -44.9892 -0.0128564
-39.9248 -44.8861 -0.0263127
-39.766 -45.2402 -0.00207858
-39.6818 -45.1402 -0.0153488
-39.7254 -45.2122 -0.00733199
-39.6403 -45.109 -0.0207671
-39.0692 -45.0226 -0.0094564
-38.9867 -44.9373 -0.0218759
-39.0302 -45 -0.0142974
-38.9468 -44.9117 -0.0268738
-38.7869 -45.2404 -0.0040092
-38.7035 -45.155 -0.0164122
-38.7473 -45.2178 -0.00884901
-38.663 -45.1293 -0.0214089
-38.0595 -45.0468 -0.00926932
-37.9779 -44.9756 -0.0204379
-38.0215 -45.0293 -0.013655
-37.9393 -44.9552 -0.0249662
-37.7779 -45.2593 -0.00385559
-37.6952 -45.1879 -0.0150125
-37.7393 -45.2417 -0.00824181
-37.656 -45.1674 -0.0195413
-37.0596 -45.0569 -0.00455994
-36.9786 -44.9975 -0.014886
-37.0224 -45.0438 -0.00873229
-36.9408 -44.9816 -0.0191906
-36.7782 -45.2643 0.00100533
-36.6962 -45.2047 -0.00931218
-36.7404 -45.251 -0.00316879
-36.6578 -45.1887 -0.0136187
-36.0273 -45.0641 0.0118204
-35.9465 -45.0158 0.00210322
-35.9901 -45.0552 0.00792595
-35.9088 -45.0043 -0.00191756
-35.7465 -45.2659 0.017035
-35.6646 -45.2174 0.00732242
-35.7087 -45.2568 0.0131373
-35.6263 -45.2057 0.00329821
-35.0305 -45.0621 0.0036188
-34.95 -45.0234 -0.00594256
-34.9935 -45.057 -0.000217807
-34.9125 -45.0159 -0.00990596
-34.7502 -45.2587 0.00864649
-34.6684 -45.2199 -0.000914696
-34.7125 -45.2535 0.00480489
-34.6303 -45.2122 -0.00488329
-34.0364 -45.0433 0.000811915
-33.9563 -45.014 -0.00833656
-33.9996 -45.0419 -0.00282131
-33.919 -45.0103 -0.0120995
-33.7576 -45.2355 0.00521146
-33.6762 -45.2061 -0.00394847
-33.7201 -45.2341 0.00156879
-33.6382 -45.2023 -0.00772109
-33.0647 -45.0325 -0.0134202
-32.9856 -45.0119 -0.0217193
-33.0283 -45.0345 -0.0166674
-32.9488 -45.0116 -0.0250988
-32.7884 -45.2217 -0.00985537
-32.708 -45.201 -0.0181845
-32.7513 -45.2236 -0.013119
-32.6704 -45.2006 -0.0215808
-32.1056 -45.0912 -0.00621527
-32.0287 -45.0784 -0.0134965
-32.0702 -45.0963 -0.00899278
-31.9929 -45.0814 -0.0164089
-31.8321 -45.2787 -0.00328998
-31.7538 -45.2658 -0.0106217
-31.7959 -45.2836 -0.00609151
-31.7172 -45.2686 -0.0135587
-31.1252 -45.0578 0.0145911
-31.0498 -45.052 0.00827955
-31.0905 -45.0655 0.0122579
-31.0147 -45.0577 0.00581126
-30.8548 -45.244 0.0172431
-30.7779 -45.2381 0.0108693
-30.8193 -45.2516 0.014882
-30.742 -45.2437 0.00837246
-30.1368 -45.0751 -0.00376274
-30.0632 -45.0753 -0.00912769
-30.1028 -45.085 -0.00566609
-30.0289 -45.0834 -0.0111639
-29.8692 -45.2602 -0.000974497
-29.7941 -45.2605 -0.00640651
-29.8345 -45.2701 -0.00290643
-29.7591 -45.2685 -0.008472
-29.14 -45.0774 -0.00964142
-29.0681 -45.0828 -0.014099
-29.1068 -45.0891 -0.0111355
-29.0346 -45.0928 -0.0157222
-28.8754 -45.2613 -0.00631988
-28.8019 -45.2669 -0.0108415
-28.8414 -45.273 -0.00784032
-28.7677 -45.2769 -0.0124918
-28.1097 -45.1015 -0.00363318
-28.0396 -45.1114 -0.00721074
-28.0773 -45.1147 -0.00473385
-28.007 -45.123 -0.0084354
-27.848 -45.2836 0.000649812
-27.7763 -45.2937 -0.00298254
-27.8148 -45.2968 -0.000472419
-27.7429 -45.3053 -0.00422928
-27.1135 -45.1104 -0.00114767
-27.0452 -45.1237 -0.0038784
-27.082 -45.1246 -0.00187312
-27.0134 -45.1364 -0.00472156
-26.8548 -45.2898 0.0044992
-26.7847 -45.3034 0.00172806
-26.8223 -45.3041 0.00375901
-26.7521 -45.3162 0.000869879
-26.1294 -45.1116 0.000682948
-26.0626 -45.1274 -0.00141466
-26.0985 -45.1264 0.000234371
-26.0316 -45.1409 -0.00197486
-25.8734 -45.2875 0.00789975
-25.8049 -45.3037 0.00577883
-25.8417 -45.3025 0.00744405
-25.773 -45.3173 0.00521152
-25.1561 -45.127 -0.00792178
-25.0909 -45.1447 -0.00941632
-25.1259 -45.1422 -0.0081105
-25.0606 -45.1587 -0.0097097
-24.9028 -45.2981 0.00137409
-24.8359 -45.3161 -0.000122644
-24.8718 -45.3134 0.00118741
-24.8047 -45.3302 -0.000413572
-24.1411 -45.1151 -0.00284434
-24.0762 -45.1342 -0.00421583
-24.1111 -45.1304 -0.00297947
-24.046 -45.1483 -0.0044544
-23.8884 -45.2764 0.00675785
-23.8217 -45.2958 0.00538765
-23.8575 -45.2918 0.00662636
-23.7906 -45.31 0.00515318
-23.1532 -45.1199 0.00401884
-23.0895 -45.1399 0.00297663
-23.1238 -45.1351 0.00402149
-23.0599 -45.1541 0.00288065
-22.9026 -45.2722 0.01524
-22.837 -45.2926 0.0142142
-22.8722 -45.2876 0.0152527
-22.8065 -45.3069 0.014129
-22.1224 -45.1309 0.00874976
-22.0599 -45.1518 0.0079997
-22.0935 -45.146 0.00887043
-22.0308 -45.166 0.00802689
-21.8738 -45.273 0.0221565
-21.8094 -45.2942 0.0214406
-21.844 -45.2882 0.0222942
-21.7794 -45.3085 0.021486
-21.1149 -45.1588 0.0250346
-21.0541 -45.1803 0.0246308
-21.0868 -45.1737 0.02529
-21.0258 -45.1943 0.0247998
-20.8691 -45.2897 0.0418506
-20.8063 -45.3115 0.0415049
-20.8399 -45.3047 0.0421323
-20.7771 -45.3256 0.041702
-20.1157 -45.1298 0.0115423
-20.0565 -45.1514 0.0114127
-20.0883 -45.1444 0.011896
-20.029 -45.1652 0.0116873
-19.8734 -45.2463 0.03231
-19.8123 -45.2681 0.032262
-19.8451 -45.2608 0.032699
-19.7838 -45.282 0.032574
-19.1067 -45.125 0.00678583
-19.0492 -45.1465 0.00686819
-19.08 -45.139 0.00720622
-19.0224 -45.1598 0.0072165
-18.8678 -45.2228 0.0320725
-18.8083 -45.2445 0.0322572
-18.8402 -45.2369 0.0325353
-18.7806 -45.2579 0.0326506
-18.1173 -45.0853 0.0140048
-18.0615 -45.1065 0.0142234
-18.0914 -45.0988 0.014454
-18.0355 -45.1194 0.0146075
-17.8828 -45.1605 0.0443398
-17.8249 -45.1818 0.0446773
-17.8559 -45.174 0.0448363
-17.798 -45.1947 0.0451121
-17.1129 -45.0739 0.0113628
-17.0588 -45.0946 0.0116531
-17.0878 -45.0868 0.0118079
-17.0336 -45.107 0.0120399
-16.8823 -45.121 0.0473064
-16.8261 -45.1418 0.0477255
-16.8563 -45.1339 0.0478006
-16.7999 -45.1541 0.0481652
-16.1134 -45.0726 0.00863693
-16.061 -45.0928 0.00893871
-16.0891 -45.0849 0.00904709
-16.0366 -45.1047 0.0092974
-15.8866 -45.0862 0.0507552
-15.832 -45.1063 0.0511866
-15.8613 -45.0985 0.0512117
-15.8066 -45.1181 0.0515957
-15.1163 -45.0469 0.00910471
-15.0646 -45.0668 0.00944758
-15.0923 -45.0588 0.00951875
-15.0405 -45.0783 0.00981326
-14.8931 -45.0208 0.0555175
-14.8392 -45.0405 0.0560071
-14.8681 -45.0326 0.0559843
-14.8142 -45.0519 0.0564298
-14.1145 -45.0252 0.0127219
-14.0632 -45.0448 0.0130446
-14.0907 -45.0368 0.0131195
-14.0393 -45.056 0.0133947
-13.8942 -44.9541 0.0606878
-13.8408 -44.9734 0.0611567
-13.8694 -44.9655 0.0611377
-13.8159 -44.9844 0.0615635
-13.1208 -45.0027 0.0151564
-13.07 -45.0217 0.0157832
-13.0972 -45.0137 0.015671
-13.0463 -45.0324 0.0162571
-12.9078 -44.8841 0.0726977
-12.8548 -44.9027 0.0735302
-12.8832 -44.8949 0.0732897
-12.8301 -44.9132 0.0740866
-12.125 -44.9935 0.0124344
-12.0746 -45.0117 0.0133082
-12.1016 -45.0039 0.0130326
-12.0512 -45.0218 0.0138733
-11.9191 -44.8179 0.0795207
-11.8665 -44.8355 0.0806583
-11.8947 -44.828 0.0802205
-11.842 -44.8454 0.0813311
-11.1218 -44.991 0.0255074
-11.0718 -45.0081 0.0265131
-11.0985 -45.0007 0.0261452
-11.0485 -45.0176 0.0271229
-10.9222 -44.7458 0.0986794
-10.8699 -44.7621 0.0999849
-10.8979 -44.7551 0.099434
-10.8456 -44.7712 0.100718
-10.1155 -44.9472 0.0201536
-10.0657 -44.9632 0.0212069
-10.0923 -44.9562 0.0207975
-10.0425 -44.972 0.0218261
-9.92487 -44.6276 0.0974644
-9.87293 -44.6425 0.0988417
-9.90075 -44.6361 0.0982353
-9.84876 -44.6508 0.0995945
-9.11397 -44.9479 0.0203935
-9.06452 -44.9629 0.0214289
-9.09092 -44.9563 0.0210194
-9.04144 -44.971 0.0220321
-8.93245 -44.5473 0.108787
-8.88087 -44.5607 0.110192
-8.90849 -44.555 0.109559
-8.85686 -44.5682 0.110948
-8.10292 -44.9429 0.0239031
-8.05435 -44.9569 0.0248125
-8.08023 -44.9507 0.0244523
-8.03165 -44.9644 0.0253428
-7.94701 -44.4351 0.14761
-7.89627 -44.4472 0.149019
-7.92341 -44.4421 0.14836
-7.87264 -44.4539 0.149759
-7.10696 -44.9192 0.0122357
-7.0593 -44.9322 0.0130265
-7.08465 -44.9264 0.0127136
-7.03699 -44.9393 0.0134886
-6.98292 -44.2709 0.166231
-6.9331 -44.2816 0.167622
-6.95972 -44.2771 0.166953
-6.90987 -44.2876 0.168339
-6.12244 -44.8974 0.0109896
-6.07568 -44.9098 0.0116693
-6.1005 -44.9042 0.0114012
-6.05376 -44.9164 0.0120678
-6.03478 -44.0809 0.1902
-5.98591 -44.0903 0.191549
-6.012 -44.0865 0.190884
-5.96312 -44.0956 0.192231
-5.09539 -44.8867 0.0156285
-5.04953 -44.8984 0.0162075
-5.07382 -44.8931 0.0159802
-5.02799 -44.9047 0.0165485
-5.04758 -43.8699 0.21472
-4.9997 -43.8779 0.215997
-5.02523 -43.8748 0.215357
-4.97733 -43.8827 0.216635
-4.11952 -44.8727 -0.00247559
-4.07455 -44.8839 -0.00198834
-4.09832 -44.8788 -0.00217795
-4.0534 -44.8899 -0.00169953
-4.11533 -43.646 0.211341
-4.06842 -43.6528 0.212515
-4.09341 -43.6503 0.21192
-4.0465 -43.657 0.213097
-3.13865 -44.8723 -0.0150981
-3.09457 -44.8831 -0.0146905
-3.11783 -44.8781 -0.0148476
-3.0738 -44.8888 -0.0144472
-3.17856 -43.4204 0.208272
-3.13261 -43.4262 0.209312
-3.15704 -43.4242 0.208783
-3.1111 -43.4298 0.209826
-2.13262 -44.8805 -0.0136511
-2.08941 -44.8909 -0.013309
-2.11216 -44.886 -0.0134398
-2.06902 -44.8963 -0.0131037
-2.21747 -43.1885 0.213971
-2.17245 -43.1933 0.214846
-2.19635 -43.1918 0.214402
-2.15137 -43.1964 0.21528
-1.09938 -44.8793 -0.0150722
-1.05706 -44.8894 -0.0147832
-1.07929 -44.8847 -0.0148929
-1.03705 -44.8947 -0.0146089
-1.23298 -42.9374 0.2113
-1.18889 -42.9414 0.211976
-1.21226 -42.9403 0.21164
-1.1682 -42.9441 0.212318
-0.093762 -44.935 0.00275978
-0.0523104 -44.9448 0.0030201
-0.0740229 -44.9402 0.0029192
-0.0326658 -44.95 0.0031755
0.08762 -41.0918 -0.5319
0.129758 -41.095 -0.531727
0.107428 -41.0943 -0.531773
0.149513 -41.0972 -0.531606
0.948285 -44.937 0.00340403
0.988852 -44.9467 0.00364895
0.967658 -44.9421 0.00355115
1.00812 -44.9517 0.00379266
0.961778 -41.6057 -0.548277
1.00329 -41.6087 -0.548504
0.981361 -41.6081 -0.548319
1.02281 -41.611 -0.548559
1.92209 -44.9124 -0.00332134
1.96177 -44.9219 -0.00308539
1.9411 -44.9174 -0.00318192
1.98065 -44.9267 -0.0029491
1.78262 -42.0762 -0.573484
1.82331 -42.0795 -0.574015
1.80189 -42.0787 -0.573655
1.8425 -42.0818 -0.574202
2.91718 -44.9046 -0.0248576
2.95597 -44.9139 -0.0246202
2.93582 -44.9095 -0.0247196
2.97448 -44.9186 -0.0244853
2.60312 -42.5879 -0.61476
2.64281 -42.5917 -0.615488
2.62201 -42.5906 -0.615014
2.6616 -42.5942 -0.61576
3.92904 -44.9304 -0.012843
3.96695 -44.9395 -0.0125861
3.94732 -44.9352 -0.0126969
3.98508 -44.9441 -0.0124434
3.40827 -43.1533 -0.623402
3.44682 -43.1577 -0.624208
3.42672 -43.1562 -0.623689
3.46515 -43.1605 -0.624516
4.98043 -44.9467 -0.00397859
5.01746 -44.9556 -0.00368573
4.99834 -44.9514 -0.00381555
5.03521 -44.9601 -0.00352647
4.23901 -43.7505 -0.636085
4.27636 -43.7557 -0.636846
4.257 -43.7537 -0.636352
4.2942 -43.7587 -0.637134
5.97568 -44.9586 -0.0176889
6.01184 -44.9672 -0.0173453
5.99323 -44.9631 -0.0175008
6.02921 -44.9716 -0.0171616
5.01367 -44.3291 -0.672076
5.04986 -44.335 -0.672672
5.03121 -44.3325 -0.672274
5.06723 -44.3382 -0.67289
6.9921 -44.9579 -0.00260553
7.02737 -44.9662 -0.00219882
7.00928 -44.9622 -0.00238521
7.04436 -44.9705 -0.00198393
7.44405 -45.399 0.0865496
7.47889 -45.4064 0.0863481
7.46109 -45.403 0.0865202
7.49572 -45.4103 0.0863032
7.98491 -44.98 0.00141062
8.0193 -44.9879 0.00189752
8.00173 -44.9841 0.00167221
8.03592 -44.992 0.00215248
8.41252 -45.3159 0.0580912
8.44667 -45.3236 0.0582847
8.42927 -45.3199 0.0582325
8.46321 -45.3275 0.0584143
8.98572 -44.9465 -0.000763213
9.01956 -44.954 -0.00028215
9.00231 -44.9504 -0.000499003
9.03593 -44.9578 -2.60358e-05
9.38913 -45.2183 0.0353175
9.42288 -45.2258 0.0356771
9.40572 -45.2222 0.0355326
9.43925 -45.2296 0.0358819
9.96546 -44.9601 0.001835
9.99919 -44.9671 0.00232778
9.982 -44.9637 0.00210475
10.0155 -44.9706 0.00258934
10.3644 -45.1988 0.033881
10.3981 -45.2058 0.0342869
10.3809 -45.2024 0.0341156
10.4144 -45.2094 0.0345116
10.9533 -44.9532 0.013722
10.9869 -44.9597 0.0142066
10.9698 -44.9565 0.0139879
11.0032 -44.963 0.0144642
11.3488 -45.1631 0.0433128
11.3824 -45.1697 0.0437279
11.3653 -45.1665 0.0435507
11.3987 -45.1731 0.0439563
11.9677 -44.9216 0.016543
12.0013 -44.9276 0.0170237
11.9842 -44.9247 0.0168058
12.0175 -44.9306 0.0172787
12.3585 -45.1049 0.0431439
12.392 -45.1111 0.0435748
12.375 -45.1081 0.043387
12.4082 -45.1143 0.0438091
12.9384 -44.9193 0.0212304
12.9717 -44.9249 0.0217117
12.9548 -44.9221 0.0214912
12.9879 -44.9277 0.0219653
13.3223 -45.0816 0.0431674
13.3556 -45.0874 0.0436279
13.3387 -45.0845 0.0434206
13.3718 -45.0903 0.0438733
13.9438 -44.8882 0.013198
13.9769 -44.8933 0.0136766
13.9601 -44.8908 0.0134561
13.993 -44.8959 0.0139279
14.3207 -45.0315 0.0312608
14.3538 -45.0368 0.0317412
14.3371 -45.0342 0.0315207
14.3699 -45.0394 0.031994
14.9565 -44.9009 0.0087263
14.9894 -44.9054 0.00920143
14.9727 -44.9032 0.00898201
15.0054 -44.9077 0.00945051
15.3273 -45.0288 0.0236324
15.3603 -45.0335 0.0241264
15.3436 -45.0312 0.023897
15.3764 -45.0359 0.0243844
15.948 -44.8935 0.0111388
15.9808 -44.8976 0.0116118
15.9641 -44.8955 0.0113935
15.9967 -44.8996 0.0118598
16.3147 -45.0083 0.0246149
16.3476 -45.0126 0.0251136
16.331 -45.0105 0.0248814
16.3636 -45.0147 0.0253735
16.9497 -44.878 0.00226231
16.9823 -44.8816 0.00273173
16.9658 -44.8798 0.00251588
16.9982 -44.8834 0.00297831
17.3122 -44.9811 0.0147166
17.3449 -44.9849 0.0152153
17.3284 -44.983 0.0149835
17.3609 -44.9867 0.0154754
17.9681 -44.8959 0.00348251
18.0007 -44.8991 0.00394928
17.9842 -44.8975 0.00373445
18.0166 -44.9006 0.00419434
18.3311 -44.9865 0.015635
18.3639 -44.9897 0.0161324
18.3473 -44.988 0.0159008
18.3798 -44.9913 0.0163916
18.9683 -44.9092 0.000257284
19.0009 -44.9119 0.000724654
18.9844 -44.9105 0.000508623
19.0167 -44.9132 0.000969249
19.3293 -44.9888 0.0117959
19.362 -44.9916 0.012295
19.3455 -44.9901 0.0120616
19.3779 -44.9929 0.0125542
19.9523 -44.8979 0.00995053
19.9848 -44.9001 0.010426
19.9684 -44.8989 0.0102025
20.0006 -44.9012 0.0106719
20.3114 -44.9667 0.0208426
20.344 -44.969 0.0213493
20.3275 -44.9678 0.0211086
20.3599 -44.9701 0.0216096
20.9639 -44.8749 0.0207929
20.9963 -44.8766 0.0212743
20.98 -44.8757 0.0210449
21.0121 -44.8774 0.021521
21.3216 -44.9335 0.0311388
21.3541 -44.9352 0.0316513
21.3377 -44.9343 0.0314048
21.37 -44.936 0.0319122
21.9752 -44.8663 0.0143005
22.0076 -44.8675 0.0147855
21.9912 -44.8668 0.0145526
22.0234 -44.8681 0.0150326
22.3317 -44.9152 0.0242835
22.3642 -44.9164 0.0247993
22.3478 -44.9157 0.0245495
22.38 -44.9169 0.0250605
22.9749 -44.8762 0.00225402
23.0073 -44.8769 0.00274292
22.9909 -44.8765 0.00250692
23.023 -44.8772 0.00299105
23.3308 -44.9155 0.0121087
23.3633 -44.9162 0.012628
23.3469 -44.9157 0.0123753
23.3791 -44.9164 0.0128902
23.9504 -44.8671 0.0124284
23.9827 -44.8674 0.0129138
23.9664 -44.8671 0.0126801
23.9985 -44.8674 0.0131606
24.3061 -44.8971 0.0221618
24.3385 -44.8973 0.0226781
24.3221 -44.8971 0.0224275
24.3543 -44.8974 0.0229391
24.9773 -44.8725 0.014581
25.0096 -44.8723 0.0150625
24.9933 -44.8723 0.0148317
25.0253 -44.8721 0.0153081
25.3326 -44.8931 0.0242685
25.3651 -44.8928 0.0247812
25.3487 -44.8928 0.0245333
25.3809 -44.8925 0.0250412
24.9774 -45.8981 -1.56131
25.0102 -45.8979 -1.56083
24.9936 -45.8979 -1.56106
25.0261 -45.8977 -1.56058
25.3423 -45.9193 -1.55153
25.3753 -45.9189 -1.55102
25.3587 -45.919 -1.55127
25.3913 -45.9187 -1.55076
24.9821 -46.904 -1.56314
25.0153 -46.9037 -1.56263
24.9986 -46.9038 -1.56288
25.0315 -46.9036 -1.56237
25.3563 -46.9262 -1.55296
25.3896 -46.9258 -1.55242
25.3728 -46.9259 -1.55268
25.4059 -46.9256 -1.55216
24.9937 -47.9504 -1.56453
25.0273 -47.9502 -1.56401
25.0104 -47.9502 -1.56427
25.0438 -47.95 -1.56375
25.3783 -47.9729 -1.55404
25.4122 -47.9725 -1.55349
25.3951 -47.9726 -1.55376
25.4287 -47.9723 -1.55322
25.0038 -48.9296 -1.57035
25.0379 -48.9293 -1.56983
25.0208 -48.9294 -1.57009
25.0547 -48.9292 -1.56957
25.3983 -48.952 -1.56
25.4327 -48.9516 -1.55945
25.4154 -48.9517 -1.55972
25.4495 -48.9513 -1.55918
24.9912 -49.9263 -1.56601
25.0258 -49.9261 -1.56549
25.0084 -49.9261 -1.56575
25.0428 -49.9259 -1.56522
25.3955 -49.9489 -1.5557
25.4305 -49.9485 -1.55515
25.4129 -49.9486 -1.55542
25.4476 -49.9483 -1.55487
25.9752 -49.9449 0.009133
26.0099 -49.9441 0.00967297
25.9925 -49.9444 0.00940382
26.0268 -49.9437 0.00994035
26.3779 -49.9577 0.0193658
26.4128 -49.9568 0.0199276
26.3953 -49.9572 0.0196467
26.4299 -49.9562 0.0202052
26.9765 -49.9383 0.000810472
27.0111 -49.937 0.00135715
26.9937 -49.9376 0.00108404
27.028 -49.9363 0.0016273
27.3772 -49.9413 0.0110414
27.4121 -49.9398 0.0116085
27.3945 -49.9404 0.0113244
27.4292 -49.9389 0.0118882
27.9831 -49.9574 0.00406572
28.0177 -49.9555 0.00461525
28.0003 -49.9563 0.00434166
28.0346 -49.9545 0.00488744
28.382 -49.9504 0.0143918
28.4169 -49.9483 0.0149607
28.3994 -49.9493 0.0146767
28.434 -49.9472 0.0152419
29.0195 -49.9448 -0.00411381
29.0541 -49.9423 -0.00356429
29.0367 -49.9435 -0.00383787
29.071 -49.9411 -0.0032921
29.4182 -49.9272 0.00616809
29.453 -49.9245 0.00673701
29.4355 -49.9258 0.00645298
29.4701 -49.9231 0.00701823
30.0282 -49.956 -0.00799787
30.0628 -49.953 -0.00745209
30.0454 -49.9544 -0.00772172
30.0797 -49.9514 -0.0071802
30.4257 -49.9283 0.00237892
30.4605 -49.925 0.00294405
30.443 -49.9265 0.00266403
30.4776 -49.9233 0.00322498
31.0272 -49.9666 -0.00952702
31.0618 -49.963 -0.00897335
31.0444 -49.9648 -0.00924899
31.0787 -49.9612 -0.00869919
31.4245 -49.9281 0.000975005
31.4593 -49.9242 0.00154634
31.4418 -49.9261 0.00126122
31.4764 -49.9223 0.00182874
32.0312 -49.9714 0.00484698
32.0658 -49.9672 0.00540425
32.0484 -49.9692 0.00512589
32.0827 -49.9651 0.00567942
32.4279 -49.922 0.0154463
32.4627 -49.9175 0.0160196
32.4452 -49.9197 0.0157327
32.4797 -49.9153 0.0163023
33.0101 -49.9678 0.00819084
33.0447 -49.9631 0.00874639
33.0273 -49.9654 0.00846741
33.0616 -49.9607 0.00901952
33.4058 -49.9079 0.0186037
33.4406 -49.9029 0.0191739
33.4231 -49.9053 0.0188871
33.4576 -49.9004 0.0194539
34.0139 -49.96 0.0041978
34.0484 -49.9547 0.00475303
34.031 -49.9573 0.0044737
34.0653 -49.9521 0.00502558
34.4093 -49.8897 0.0145569
34.4441 -49.8841 0.0151265
34.4266 -49.8868 0.0148395
34.4611 -49.8813 0.0154057
35.0247 -49.9369 0.00597752
35.0592 -49.931 0.00652963
35.0419 -49.9339 0.00625082
35.0761 -49.9281 0.00679981
35.4193 -49.8561 0.0161165
35.454 -49.8499 0.0166822
35.4366 -49.853 0.0163962
35.471 -49.8469 0.0169588
36.0157 -49.9457 -0.00486317
36.0502 -49.9393 -0.0043145
36.0328 -49.9424 -0.00459384
36.0671 -49.9361 -0.00404777
36.4099 -49.8554 0.00495289
36.4447 -49.8487 0.00551448
36.4272 -49.852 0.00522825
36.4617 -49.8453 0.00578726
37.0634 -49.9608 -0.0102575
37.0979 -49.9538 -0.00971674
37.0805 -49.9572 -0.0099966
37.1148 -49.9504 -0.00945738
37.4567 -49.8611 -0.00118806
37.4914 -49.8538 -0.000636004
37.474 -49.8574 -0.000921868
37.5084 -49.8502 -0.000371386
38.0663 -49.9601 -0.00841105
38.1008 -49.9526 -0.00787504
38.0834 -49.9563 -0.00815551
38.1177 -49.9489 -0.0076204
38.4586 -49.8521 0.000123878
38.4933 -49.8443 0.00066994
38.4758 -49.8482 0.000384097
38.5103 -49.8405 0.000929255
39.0447 -49.9585 0.000387994
39.0791 -49.9506 0.000922245
39.0618 -49.9545 0.000641041
39.096 -49.9466 0.00117473
39.4359 -49.8431 0.00859534
39.4706 -49.8348 0.00913886
39.4531 -49.8389 0.0088527
39.4875 -49.8307 0.00939566
40.0451 -49.9783 -0.00474096
40.0796 -49.9697 -0.00420638
40.0622 -49.974 -0.00448818
40.0964 -49.9656 -0.00395409
40.4358 -49.8552 0.00334487
40.4705 -49.8463 0.0038884
40.453 -49.8507 0.00360183
40.4874 -49.8419 0.00414486
41.0755 -49.9739 0.0107226
41.1099 -49.9649 0.0112605
41.0926 -49.9694 0.0109776
41.1268 -49.9604 0.0115149
41.4652 -49.8432 0.0188127
41.4998 -49.8338 0.0193595
41.4824 -49.8385 0.0190719
41.5167 -49.8292 0.019618
42.0775 -49.9912 0.0107889
42.1119 -49.9816 0.0113327
42.0946 -49.9865 0.0110487
42.1287 -49.9769 0.0115914
42.4663 -49.8531 0.0190627
42.5009 -49.8432 0.0196157
42.4835 -49.8482 0.0193268
42.5179 -49.8383 0.0198786
43.0285 -49.9876 0.00287362
43.0629 -49.9775 0.00342865
43.0456 -49.9826 0.00314274
43.0798 -49.9726 0.00369569
43.4161 -49.8424 0.0116101
43.4507 -49.832 0.012175
43.4333 -49.8373 0.0118839
43.4676 -49.8269 0.0124467
44.0243 -49.9959 -0.00631463
44.0587 -49.9853 -0.00575328
44.0414 -49.9907 -0.00604018
44.0755 -49.9801 -0.00548146
44.4113 -49.8424 0.00270671
44.4459 -49.8314 0.00327838
44.4285 -49.837 0.00298604
44.4629 -49.826 0.00355507
45.0014 -49.9928 0.00252733
45.0357 -49.9816 0.00309671
45.0184 -49.9873 0.00280865
45.0525 -49.9762 0.0033747
45.3877 -49.8309 0.011949
45.4223 -49.8193 0.0125294
45.4049 -49.8252 0.0122356
45.4392 -49.8137 0.0128126
46.0154 -50.0051 -0.00255188
46.0498 -49.9934 -0.00197984
46.0324 -49.9993 -0.00226878
46.0666 -49.9876 -0.00170019
46.4016 -49.8338 0.00693779
46.4361 -49.8216 0.0075208
46.4187 -49.8278 0.00722611
46.453 -49.8157 0.00780564
47.0099 -50.0006 -0.00317343
47.0442 -49.9882 -0.00259653
47.0269 -49.9945 -0.00288662
47.061 -49.9822 -0.0023135
47.3956 -49.8201 0.00650012
47.4302 -49.8073 0.00708819
47.4128 -49.8138 0.00679224
47.4471 -49.8011 0.00737651
47.996 -49.9953 -0.00430049
48.0304 -49.9824 -0.00372207
48.0131 -49.9889 -0.0040123
48.0472 -49.9761 -0.0034378
48.3815 -49.8053 0.0054545
48.4161 -49.792 0.00604425
48.3987 -49.7988 0.00574807
48.433 -49.7855 0.00633387
48.983 -50.0102 0.000970246
49.0174 -49.9967 0.00154896
49 -50.0035 0.00125842
49.0342 -49.9901 0.00183323
49.3686 -49.8105 0.0107081
49.4031 -49.7966 0.011298
49.3857 -49.8037 0.0110016
49.42 -49.7898 0.0115876
49.9861 -50.0001 0.00132147
50.0205 -49.9861 0.00190188
50.0032 -49.9932 0.00161104
50.0373 -49.9792 0.00218742
50.3715 -49.7908 0.0111394
50.4061 -49.7763 0.0117312
50.3887 -49.7836 0.0114344
50.4229 -49.7692 0.0120221
50.0127 -49.0162 1.56666
50.0465 -49.0021 1.56724
50.0295 -49.0092 1.56695
50.063 -48.9953 1.56753
50.3883 -48.8067 1.57651
50.4222 -48.7922 1.57711
50.4051 -48.7996 1.57681
50.4388 -48.7852 1.5774
49.9922 -48.0025 1.5694
50.0254 -47.9885 1.56998
50.0087 -47.9956 1.56969
50.0417 -47.9817 1.57026
50.3578 -47.7934 1.57927
50.3911 -47.7789 1.57986
50.3744 -47.7863 1.57957
50.4074 -47.7719 1.58016
50.0163 -47.0167 1.57946
50.049 -47.0027 1.58004
50.0325 -47.0098 1.57975
50.0649 -46.9958 1.58033
50.3721 -46.8074 1.58942
50.4048 -46.7929 1.59002
50.3883 -46.8003 1.58972
50.4209 -46.7859 1.59031
50.0276 -46.0234 1.58183
50.0596 -46.0093 1.58242
50.0435 -46.0164 1.58213
50.0753 -46.0025 1.58272
50.373 -45.8142 1.59203
50.4052 -45.7997 1.59264
50.389 -45.8071 1.59234
50.4209 -45.7926 1.59293
50.027 -45.0135 1.57826
50.0584 -44.9994 1.57886
50.0426 -45.0066 1.57856
50.0738 -44.9926 1.57916
50.3617 -44.8045 1.58859
50.3933 -44.7901 1.5892
50.3774 -44.7974 1.5889
50.4087 -44.783 1.58951
50.0021 -44.0291 1.56953
50.033 -44.015 1.57013
50.0174 -44.0221 1.56984
50.048 -44.0082 1.57043
50.3264 -43.8206 1.57992
50.3574 -43.8061 1.58053
50.3418 -43.8134 1.58023
50.3725 -43.7991 1.58084
50.009 -43.0291 1.57493
50.0392 -43.015 1.57554
50.024 -43.0222 1.57524
50.054 -43.0082 1.57584
50.3227 -42.8207 1.58531
50.3531 -42.8062 1.58592
50.3378 -42.8136 1.58562
50.3679 -42.7992 1.58623
50.0185 -42.0365 1.57242
50.0481 -42.0224 1.57303
50.0332 -42.0296 1.57273
50.0626 -42.0156 1.57334
50.3217 -41.8283 1.5827
50.3514 -41.8138 1.58333
50.3364 -41.8212 1.58302
50.3659 -41.8068 1.58364
50.0329 -41.0351 1.56524
50.0619 -41.021 1.56586
50.0472 -41.0282 1.56555
50.076 -41.0142 1.56616
50.3253 -40.8269 1.57529
50.3544 -40.8125 1.57592
50.3397 -40.8198 1.5756
50.3686 -40.8054 1.57623
50.0224 -40.0442 1.56525
50.0508 -40.0302 1.56588
50.0364 -40.0373 1.56557
50.0646 -40.0233 1.56619
50.3048 -39.8364 1.57527
50.3332 -39.822 1.57591
50.3189 -39.8293 1.57559
50.3471 -39.8149 1.57622
50.0602 -39.0434 1.56992
50.088 -39.0293 1.57054
50.074 -39.0365 1.57024
50.1016 -39.0224 1.57085
50.3325 -38.8353 1.57988
50.3603 -38.8209 1.58051
50.3463 -38.8282 1.5802
50.3739 -38.8138 1.58082
50.061 -38.0274 1.5668
50.0882 -38.0133 1.56742
50.0744 -38.0204 1.56711
50.1014 -38.0064 1.56773
50.3231 -37.8195 1.57672
50.3503 -37.8051 1.57735
50.3365 -37.8124 1.57703
50.3635 -37.798 1.57766
50.0404 -37.0265 1.56601
50.0669 -37.0125 1.56664
50.0535 -37.0196 1.56632
50.0798 -37.0056 1.56695
50.2923 -36.8193 1.57575
50.3188 -36.8048 1.57639
50.3054 -36.8122 1.57607
50.3318 -36.7978 1.5767
50.0413 -36.0243 1.56271
50.0672 -36.0103 1.56334
50.0541 -36.0174 1.56303
50.0798 -36.0034 1.56365
50.283 -35.8174 1.57223
50.3089 -35.803 1.57287
50.2958 -35.8103 1.57255
50.3215 -35.796 1.57319
50.0613 -35.027 1.56612
50.0865 -35.0129 1.56675
50.0737 -35.02 1.56643
50.0988 -35.0061 1.56706
50.2935 -34.8199 1.57566
50.3188 -34.8055 1.5763
50.306 -34.8128 1.57598
50.3311 -34.7984 1.57662
50.0839 -34.05 1.57466
50.1085 -34.0359 1.5753
50.096 -34.043 1.57498
50.1205 -34.029 1.57561
50.3068 -33.8429 1.58408
50.3315 -33.8285 1.58473
50.319 -33.8358 1.58441
50.3434 -33.8214 1.58504
50.0714 -33.0439 1.57135
50.0954 -33.0299 1.57199
50.0832 -33.037 1.57167
50.1071 -33.023 1.5723
50.2847 -32.8372 1.58063
50.3087 -32.8227 1.58128
50.2966 -32.8301 1.58095
50.3204 -32.8157 1.58159
50.0971 -32.0466 1.57602
50.1205 -32.0326 1.57667
50.1086 -32.0397 1.57634
50.1318 -32.0257 1.57698
50.301 -31.8401 1.58492
50.3244 -31.8256 1.58557
50.3125 -31.833 1.58525
50.3357 -31.8186 1.58589
50.0627 -31.0722 1.56629
50.0855 -31.0582 1.56694
50.074 -31.0653 1.56662
50.0965 -31.0513 1.56726
50.2578 -30.8662 1.57503
50.2805 -30.8518 1.57568
50.269 -30.8591 1.57535
50.2916 -30.8448 1.57601
50.0532 -30.0432 1.56917
50.0753 -30.0291 1.56982
50.0641 -30.0362 1.56949
50.0861 -30.0222 1.57014
50.2393 -29.8375 1.57769
50.2613 -29.8231 1.57835
50.2502 -29.8304 1.57801
50.272 -29.8161 1.57867
50.0455 -29.061 1.56468
50.0669 -29.0469 1.56534
50.056 -29.054 1.565
50.0773 -29.0401 1.56566
50.2231 -28.8556 1.57308
50.2445 -28.8412 1.57374
50.2337 -28.8485 1.57341
50.2549 -28.8342 1.57407
50.0506 -28.0572 1.56644
50.0714 -28.0432 1.56711
50.0608 -28.0503 1.56677
50.0814 -28.0363 1.56744
50.2198 -27.8521 1.57456
50.2406 -27.8378 1.57524
50.23 -27.8451 1.57489
50.2506 -27.8308 1.57557
50.0479 -27.0369 1.57239
50.068 -27.0228 1.57306
50.0578 -27.03 1.57272
50.0777 -27.016 1.57339
50.2088 -26.832 1.58042
50.2289 -26.8177 1.5811
50.2187 -26.825 1.58076
50.2386 -26.8107 1.58143
50.0543 -26.0403 1.5701
50.0738 -26.0262 1.57079
50.0639 -26.0334 1.57044
50.0832 -26.0194 1.57112
50.2073 -25.8356 1.57796
50.2267 -25.8212 1.57865
50.2169 -25.8285 1.5783
50.2361 -25.8143 1.57899
50.0703 -25.0446 1.56396
50.089 -25.0305 1.56465
50.0795 -25.0377 1.5643
50.0981 -25.0237 1.56498
50.2155 -24.8398 1.5718
50.2342 -24.8255 1.57249
50.2247 -24.8328 1.57214
50.2432 -24.8185 1.57283
50.069 -24.053 1.5661
50.087 -24.039 1.5668
50.0779 -24.0461 1.56644
50.0958 -24.0322 1.56714
50.2067 -23.8486 1.57371
50.2246 -23.8343 1.57442
50.2155 -23.8416 1.57406
50.2333 -23.8273 1.57476
50.0466 -23.0732 1.57097
50.0639 -23.0592 1.57168
50.0551 -23.0664 1.57132
50.0723 -23.0524 1.57202
50.177 -22.8693 1.5784
50.1943 -22.8551 1.57911
50.1855 -22.8623 1.57874
50.2026 -22.8481 1.57945
50.0621 -22.0468 1.56071
50.0787 -22.0329 1.56142
50.0703 -22.04 1.56106
50.0867 -22.0261 1.56177
50.185 -21.8431 1.56798
50.2015 -21.8289 1.56869
50.1932 -21.8361 1.56833
50.2095 -21.8219 1.56904
50.0661 -21.0465 1.56922
50.082 -21.0325 1.56993
50.074 -21.0396 1.56956
50.0897 -21.0257 1.57027
50.1818 -20.8429 1.57638
50.1976 -20.8287 1.5771
50.1896 -20.8359 1.57673
50.2052 -20.8217 1.57745
50.0542 -20.0498 1.57617
50.0694 -20.0358 1.57688
50.0617 -20.043 1.57652
50.0767 -20.0291 1.57723
50.1629 -19.8467 1.5831
50.1779 -19.8325 1.58382
50.1703 -19.8398 1.58345
50.1852 -19.8256 1.58416
50.0471 -19.0424 1.59699
50.0615 -19.0285 1.5977
50.0542 -19.0356 1.59733
50.0685 -19.0217 1.59804
50.1487 -18.8397 1.60372
50.163 -18.8256 1.60443
50.1558 -18.8328 1.60407
50.17 -18.8187 1.60478
50.0624 -18.0482 1.57932
50.0761 -18.0342 1.58002
50.0692 -18.0413 1.57966
50.0828 -18.0275 1.58036
50.1574 -17.8458 1.58586
50.171 -17.8316 1.58656
50.1641 -17.8388 1.5862
50.1776 -17.8247 1.5869
50.0605 -17.0516 1.57663
50.0734 -17.0376 1.57734
50.0669 -17.0447 1.57698
50.0798 -17.0309 1.57768
50.1489 -16.8491 1.58323
50.1618 -16.8349 1.58394
50.1553 -16.8421 1.58357
50.1681 -16.828 1.58428
50.0495 -16.0411 1.58002
50.0617 -16.0272 1.58073
50.0555 -16.0343 1.58036
50.0677 -16.0205 1.58106
50.1314 -15.839 1.58647
50.1436 -15.8248 1.58717
50.1375 -15.832 1.58681
50.1495 -15.818 1.58751
50.0544 -15.0482 1.57279
50.066 -15.0343 1.57348
50.0602 -15.0414 1.57313
50.0717 -15.0276 1.57382
50.1301 -14.8463 1.57912
50.1416 -14.8322 1.57982
50.1358 -14.8394 1.57946
50.1472 -14.8253 1.58015
50.0512 -14.0361 1.57579
50.0621 -14.0222 1.57648
50.0566 -14.0293 1.57612
50.0674 -14.0155 1.57681
50.1205 -13.8345 1.58203
50.1313 -13.8203 1.58271
50.1259 -13.8276 1.58236
50.1365 -13.8135 1.58304
50.0284 -13.0446 1.57812
50.0385 -13.0307 1.57879
50.0334 -13.0378 1.57844
50.0435 -13.024 1.57911
50.0915 -12.8433 1.58425
50.1016 -12.8293 1.58493
50.0965 -12.8365 1.58458
50.1065 -12.8224 1.58524
50.0236 -12.0564 1.57386
50.0331 -12.0425 1.57451
50.0284 -12.0496 1.57418
50.0378 -12.0358 1.57483
50.0807 -11.8554 1.57989
50.0901 -11.8413 1.58055
50.0854 -11.8485 1.58021
50.0947 -11.8344 1.58086
50.0411 -11.0486 1.57436
50.0499 -11.0347 1.57501
50.0455 -11.0418 1.57468
50.0543 -11.028 1.57532
50.0921 -10.8475 1.58039
50.1009 -10.8334 1.58104
50.0965 -10.8406 1.5807
50.1052 -10.8266 1.58135
50.0452 -10.034 1.56794
50.0534 -10.0202 1.56856
50.0493 -10.0272 1.56824
50.0575 -10.0134 1.56887
50.0903 -9.83321 1.57384
50.0984 -9.81915 1.57447
50.0944 -9.82633 1.57415
50.1024 -9.81234 1.57477
50.0466 -9.03353 1.57213
50.0542 -9.0197 1.57275
50.0504 -9.02676 1.57243
50.0579 -9.013 1.57305
50.0859 -8.8329 1.57798
50.0934 -8.81886 1.5786
50.0897 -8.82603 1.57828
50.0971 -8.81206 1.5789
50.0547 -8.04598 1.57839
50.0616 -8.03218 1.57899
50.0582 -8.03923 1.57868
50.0651 -8.02549 1.57928
50.0884 -7.84556 1.5841
50.0952 -7.83154 1.5847
50.0918 -7.8387 1.58439
50.0986 -7.82476 1.58499
50.0558 -7.04011 1.56538
50.0622 -7.02633 1.56596
50.059 -7.03337 1.56566
50.0653 -7.01966 1.56625
50.0839 -6.83993 1.57099
50.0902 -6.82594 1.57158
50.0871 -6.83309 1.57128
50.0933 -6.81917 1.57187
50.0339 -6.07191 1.57617
50.0397 -6.05816 1.57675
50.0368 -6.06518 1.57645
50.0425 -6.05151 1.57702
50.0567 -5.872 1.58172
50.0624 -5.85805 1.58229
50.0595 -5.86518 1.582
50.0652 -5.8513 1.58257
50.0552 -5.07935 1.5785
50.0605 -5.06562 1.57906
50.0579 -5.07263 1.57878
50.0631 -5.05897 1.57933
50.0727 -4.87952 1.58398
50.0779 -4.86558 1.58455
50.0753 -4.87271 1.58426
50.0804 -4.85884 1.58482
50.0349 -4.05801 1.5685
50.0396 -4.04432 1.56904
50.0373 -4.05132 1.56876
50.042 -4.0377 1.5693
50.047 -3.85855 1.57391
50.0516 -3.84466 1.57446
50.0493 -3.85177 1.57418
50.0539 -3.83795 1.57472
50.0296 -3.03481 1.57496
50.0338 -3.02116 1.57549
50.0318 -3.02814 1.57522
50.0359 -3.01455 1.57575
50.0363 -2.8356 1.58034
50.0403 -2.82175 1.58087
50.0384 -2.82883 1.5806
50.0424 -2.81505 1.58113
50.0465 -2.03185 1.57516
50.0502 -2.01825 1.57566
50.0484 -2.0252 1.5754
50.052 -2.01167 1.5759
50.048 -1.83294 1.58049
50.0515 -1.81915 1.581
50.0498 -1.8262 1.58074
50.0533 -1.81248 1.58125
50.0333 -1.02778 1.57626
50.0364 -1.01424 1.57675
50.0349 -1.02116 1.5765
50.038 -1.00769 1.57699
50.0294 -0.8292 1.58155
50.0325 -0.815466 1.58204
50.031 -0.822494 1.58179
50.034 -0.808827 1.58228
50.0401 -0.0477231 1.58423
50.0428 -0.0342315 1.5847
50.0415 -0.0411371 1.58446
50.0442 -0.0277102 1.58493
50.0312 0.150587 1.58944
50.0338 0.164266 1.58991
50.0325 0.157259 1.58967
50.0351 0.170874 1.59014
49.0125 -0.0573715 -3.13778
49.0152 -0.044329 -3.13729
49.0139 -0.0509992 -3.13754
49.0166 -0.0380196 -3.13705
49.0036 0.135778 -3.13249
49.0061 0.149005 -3.13199
49.0049 0.142236 -3.13224
49.0075 0.155399 -3.13175
48.0181 -0.0408147 -3.13353
48.0207 -0.0282577 -3.13304
48.0195 -0.0346801 -3.13329
48.0221 -0.0221833 -3.1328
48.009 0.147018 -3.1282
48.0116 0.159757 -3.12771
48.0104 0.153237 -3.12796
48.0129 0.165914 -3.12747
47.0351 -0.0519956 -3.13635
47.0378 -0.0399348 -3.13588
47.0365 -0.0461088 -3.13612
47.0391 -0.0341048 -3.13566
47.0262 0.130392 -3.13106
47.0288 0.14263 -3.13059
47.0276 0.136361 -3.13083
47.0301 0.148543 -3.13037
46.0283 -0.0542093 3.13712
46.0309 -0.0426156 3.13759
46.0297 -0.048548 3.13735
46.0323 -0.0370085 3.13781
46.0195 0.122641 -3.14068
46.022 0.134409 -3.14021
46.0208 0.128384 -3.14045
46.0233 0.140097 -3.13999
45.0404 -0.0653244 3.13956
45.0431 -0.0541891 3.14001
45.0418 -0.0598881 3.13978
45.0444 -0.0488043 3.14023
45.0318 0.106044 -3.13823
45.0343 0.117351 -3.13778
45.0331 0.11156 -3.13801
45.0356 0.122815 -3.13756
44.0237 -0.0531308 3.13614
44.0264 -0.0424511 3.13659
44.0251 -0.0479173 3.13636
44.0277 -0.0372864 3.13681
44.0151 0.112697 3.14157
44.0176 0.123544 -3.14116
44.0164 0.117989 -3.14139
44.0189 0.128787 -3.14095
43.0099 -0.0621057 3.13671
43.0125 -0.0518633 3.13713
43.0113 -0.0571076 3.13692
43.0138 -0.0469112 3.13733
43.0014 0.0980949 -3.14099
43.0039 0.108501 -3.14057
43.0028 0.103169 -3.14078
43.0052 0.113529 -3.14036
42.0188 -0.0765378 3.12822
42.0213 -0.0666761 3.12859
42.0201 -0.0717271 3.1284
42.0226 -0.061909 3.12877
42.0106 0.0779276 3.13382
42.0131 0.0879478 3.1342
42.0119 0.0828122 3.13401
42.0143 0.0927888 3.13439
41.0284 -0.0769545 -3.14136
41.0309 -0.0674508 -3.141
41.0297 -0.0723194 -3.14118
41.0322 -0.0628571 -3.14082
41.0204 0.0717811 -3.13573
41.0228 0.0814382 -3.13536
41.0217 0.0764877 -3.13555
41.024 0.0861032 -3.13518
40.0142 -0.0739266 -3.14157
40.0166 -0.0647775 -3.14122
40.0155 -0.0694646 -3.1414
40.0179 -0.060355 -3.14105
40.0063 0.0689147 -3.13595
40.0086 0.0782115 -3.13559
40.0075 0.0734455 -3.13578
40.0098 0.0827026 -3.13542
38.9819 -0.084425 3.12809
38.9843 -0.0756266 3.12844
38.9831 -0.080136 3.12826
38.9855 -0.0713756 3.12861
38.9741 0.0525896 3.1337
38.9764 0.0615299 3.13405
38.9753 0.0569448 3.13387
38.9776 0.065847 3.13423
37.998 -0.0777705 3.14151
38.0004 -0.069317 -3.14133
37.9993 -0.0736467 -3.1415
38.0016 -0.0652298 -3.14116
37.9902 0.0537363 -3.13605
37.9926 0.0623264 -3.1357
37.9915 0.0579239 -3.13588
37.9938 0.0664772 -3.13554
37.0134 -0.0594203 3.12889
37.0158 -0.0513166 3.12923
37.0147 -0.0554651 3.12906
37.017 -0.0473966 3.1294
37.0056 0.0663607 3.13454
37.0079 0.0745952 3.13489
37.0068 0.070377 3.13471
37.0091 0.0785761 3.13506
35.9965 -0.05791 3.12576
35.9988 -0.0501587 3.12609
35.9978 -0.0541282 3.12592
36 -0.0464107 3.12626
35.9887 0.0617533 3.1314
35.9909 0.0696286 3.13174
35.9899 0.0655931 3.13156
35.9921 0.0734345 3.1319
34.9851 -0.0552178 3.12942
34.9873 -0.0478027 3.12975
34.9863 -0.0516016 3.12958
34.9885 -0.0442187 3.1299
34.9773 0.0585542 3.13503
34.9795 0.066087 3.13536
34.9784 0.0622255 3.13519
34.9806 0.069726 3.13552
33.9793 -0.0426601 3.14075
33.9816 -0.0356064 3.14108
33.9805 -0.0392202 3.14091
33.9827 -0.0321976 3.14124
33.9714 0.065281 -3.1369
33.9736 0.072447 -3.13656
33.9726 0.0687737 -3.13673
33.9747 0.0759083 -3.1364
32.9332 -0.052494 3.13943
32.9354 -0.0457719 3.13973
32.9344 -0.0492181 3.13958
32.9365 -0.0425251 3.13988
32.9255 0.0495485 -3.13825
32.9276 0.0563771 -3.13794
32.9266 0.0528745 -3.13809
32.9287 0.0596737 -3.13779
31.9522 -0.079831 -3.13816
31.9543 -0.0733951 -3.13788
31.9534 -0.0766978 -3.13802
31.9554 -0.070289 -3.13774
31.9448 0.0166962 -3.13269
31.9468 0.0232331 -3.13241
31.9459 0.0198771 -3.13255
31.9479 0.0263867 -3.13227
30.9505 -0.0785546 -3.14141
30.9526 -0.072396 -3.14114
30.9516 -0.0755588 -3.14128
30.9537 -0.0694253 -3.14101
30.9432 0.012393 -3.13602
30.9452 0.0186475 -3.13575
30.9443 0.0154341 -3.13589
30.9462 0.0216632 -3.13562
29.943 -0.0825264 3.13258
29.945 -0.0766261 3.13284
29.944 -0.0796601 3.13271
29.946 -0.0737828 3.13297
29.9358 0.00288716 3.13787
29.9377 0.00887764 3.13813
29.9368 0.00579618 3.138
29.9387 0.0117634 3.13826
28.96 -0.0924366 3.12668
28.9619 -0.0867705 3.12692
28.961 -0.0896886 3.1268
28.9629 -0.0840433 3.12704
28.953 -0.012325 3.13182
28.9549 -0.00657462 3.13207
28.954 -0.00953684 3.13194
28.9558 -0.00380759 3.13219
27.9526 -0.0563947 3.12269
27.9544 -0.0509285 3.12292
27.9536 -0.0537556 3.1228
27.9553 -0.0483089 3.12304
27.9455 0.0185135 3.12777
27.9472 0.0240578 3.12802
27.9464 0.02119 3.12789
27.9481 0.0267145 3.12814
26.9642 -0.00799582 3.13234
26.9659 -0.00276107 3.13257
26.9651 -0.0054707 3.13245
26.9668 -0.000253461 3.13268
26.9569 0.0617984 3.13726
26.9586 0.0671055 3.1375
26.9578 0.0643584 3.13738
26.9595 0.0696477 3.13761
25.9883 0.0120148 3.13781
25.99 0.0170254 3.13804
25.9892 0.014431 3.13792
25.9909 0.0194257 3.13815
25.981 0.0769178 -3.14063
25.9827 0.0819951 -3.1404
25.9819 0.0793664 -3.14052
25.9835 0.0844275 -3.14029
24.9809 0.00751765 3.13704
24.9825 0.0123004 3.13726
24.9818 0.00982434 3.13714
24.9834 0.0145927 3.13737
24.9737 0.0675589 3.14158
24.9753 0.0724029 -3.14138
24.9746 0.0698957 -3.1415
24.9762 0.0747249 -3.14127
24.0006 -0.012188 3.13487
24.0022 -0.00762402 3.13509
24.0014 -0.00998516 3.13497
24.003 -0.00543441 3.1352
23.9936 0.0433221 3.13918
23.9951 0.0479424 3.13941
23.9944 0.0455529 3.13929
23.996 0.0501595 3.13952
22.9891 0.012517 -3.13309
22.9906 0.0168595 -3.13287
22.9899 0.014615 -3.13299
22.9915 0.018945 -3.13276
22.982 0.0635912 -3.12891
22.9836 0.067985 -3.12868
22.9829 0.065715 -3.1288
22.9844 0.0700957 -3.12857
21.9863 0.00561923 -3.14136
21.9878 0.00973602 -3.14113
21.9871 0.00761166 -3.14125
21.9886 0.0117162 -3.14103
21.9793 0.0525631 -3.13719
21.9808 0.0567265 -3.13697
21.9801 0.0545792 -3.13709
21.9816 0.05873 -3.13686
20.9801 0.00160903 3.13563
20.9817 0.00550635 3.13585
20.981 0.00349852 3.13573
20.9825 0.00738395 3.13596
20.9733 0.0444247 3.13967
20.9747 0.0483642 3.1399
20.9741 0.046336 3.13978
20.9755 0.0502631 3.14
19.9872 0.00306155 3.13659
19.9887 0.00673215 3.13682
19.988 0.00484561 3.1367
19.9895 0.00850431 3.13692
19.9804 0.0414651 3.14047
19.9818 0.0451727 3.1407
19.9812 0.0432687 3.14058
19.9826 0.0469639 3.14081
18.9676 -0.0118275 3.1402
18.969 -0.00835982 3.14042
18.9684 -0.0101367 3.1403
18.9698 -0.00668091 3.14052
18.9608 0.0231384 -3.13908
18.9623 0.0266398 -3.13886
18.9616 0.0248473 -3.13898
18.963 0.0283363 -3.13876
17.9806 -0.0115178 -3.13096
17.982 -0.00825431 -3.13075
17.9814 -0.00992167 -3.13086
17.9828 -0.00667003 -3.13065
17.9739 0.0197071 -3.12713
17.9753 0.0230005 -3.12692
17.9746 0.0213197 -3.12703
17.976 0.0246008 -3.12682
16.9861 -0.0213827 -3.12925
16.9874 -0.0183194 -3.12905
16.9868 -0.0198798 -3.12916
16.9882 -0.0168282 -3.12895
16.9794 0.00621523 -3.12553
16.9808 0.009305 -3.12532
16.9802 0.00773325 -3.12543
16.9815 0.0108108 -3.12522
16.0054 -0.0190425 -3.13787
16.0066 -0.0161716 -3.13766
16.0061 -0.0176292 -3.13777
16.0073 -0.0147698 -3.13757
15.9988 0.00509426 -3.13424
16 0.00798854 -3.13403
15.9995 0.00652132 -3.13414
16.0007 0.00940351 -3.13393
14.9804 -0.0256906 3.1331
14.9817 -0.0230256 3.13331
14.9811 -0.0243725 3.1332
14.9823 -0.0217191 3.13341
14.9739 -0.00513011 3.13672
14.9751 -0.002445 3.13693
14.9745 -0.00379969 3.13681
14.9758 -0.00112673 3.13702
14.9952 0.961515 1.56322
14.9963 0.964189 1.56343
14.9958 0.962837 1.56332
14.9968 0.965499 1.56352
14.9851 0.982234 1.56683
14.9861 0.984927 1.56704
14.9857 0.983568 1.56693
14.9867 0.98625 1.56714
15.0018 1.98424 1.57611
15.0026 1.98693 1.57631
15.0023 1.98557 1.5762
15.0031 1.98825 1.5764
14.988 2.00533 1.57976
14.9887 2.00804 1.57996
14.9884 2.00667 1.57985
14.9892 2.00937 1.58005
14.9809 2.96476 1.57973
14.9815 2.96751 1.57991
14.9813 2.96612 1.57981
14.9819 2.96887 1.58
14.9631 2.98683 1.58344
14.9637 2.9896 1.58363
14.9635 2.9882 1.58352
14.9641 2.99096 1.58371
15.0006 3.96044 1.58306
15.0011 3.96326 1.58324
15.001 3.96183 1.58314
15.0014 3.96465 1.58332
14.9788 3.98363 1.58674
14.9792 3.98648 1.58692
14.9791 3.98505 1.58682
14.9794 3.98788 1.587
14.9756 4.96715 1.58597
14.9758 4.97001 1.58613
14.9758 4.96857 1.58604
14.976 4.97141 1.58621
14.9499 4.99093 1.58963
14.9501 4.9938 1.5898
14.9501 4.99235 1.5897
14.9503 4.99522 1.58987
14.9851 5.97058 1.58105
14.9852 5.97347 1.58121
14.9853 5.97201 1.58112
14.9853 5.97489 1.58128
14.9557 5.99483 1.58474
14.9557 5.99774 1.58491
14.9559 5.99627 1.58481
14.9558 5.99917 1.58498
14.9389 6.96512 1.57182
14.9388 6.9681 1.57197
14.939 6.9666 1.57188
14.9389 6.96956 1.57204
14.9056 6.99057 1.57567
14.9055 6.99356 1.57583
14.9057 6.99206 1.57573
14.9055 6.99504 1.57589
14.9176 7.96509 1.56058
14.9174 7.96815 1.56072
14.9177 7.96661 1.56063
14.9174 7.96966 1.56077
14.8803 7.99182 1.56453
14.88 7.99491 1.56468
14.8803 7.99336 1.56459
14.88 7.99643 1.56473
14.96 8.99443 1.56537
14.9597 8.99759 1.5655
14.96 8.996 1.56541
14.9596 8.99915 1.56554
14.9184 9.02271 1.56936
14.918 9.02589 1.56949
14.9184 9.02429 1.56941
14.9179 9.02746 1.56954
14.9517 9.99011 1.56971
14.9512 9.99336 1.56983
14.9517 9.99172 1.56975
14.9511 9.99496 1.56987
14.9059 10.0197 1.57368
14.9054 10.023 1.57381
14.9059 10.0213 1.57373
14.9052 10.0246 1.57386
14.9414 10.9531 1.5843
14.9408 10.9565 1.58441
14.9414 10.9548 1.58434
14.9407 10.9581 1.58445
14.8916 10.9841 1.58822
14.8909 10.9874 1.58834
14.8915 10.9858 1.58826
14.8908 10.9891 1.58838
14.9428 11.9482 1.57893
14.9421 11.9516 1.57903
14.9427 11.9499 1.57896
14.9419 11.9533 1.57906
14.8889 11.9805 1.58273
14.8881 11.984 1.58283
14.8887 11.9822 1.58276
14.8879 11.9857 1.58287
14.9566 12.9221 1.5625
14.9558 12.9256 1.56259
14.9565 12.9239 1.56253
14.9556 12.9274 1.56262
14.8988 12.9558 1.56613
14.8979 12.9594 1.56622
14.8986 12.9576 1.56616
14.8977 12.9611 1.56626
14.9626 13.9211 1.57751
14.9617 13.9247 1.5776
14.9625 13.9229 1.57754
14.9615 13.9264 1.57763
14.9012 13.9554 1.58115
14.9002 13.959 1.58125
14.901 13.9572 1.58118
14.8999 13.9608 1.58128
14.9611 14.9203 1.56808
14.9601 14.9239 1.56817
14.961 14.9221 1.56811
14.9599 14.9256 1.5682
14.896 14.9549 1.57178
14.8949 14.9585 1.57187
14.8958 14.9567 1.57181
14.8946 14.9603 1.5719
14.9678 15.9172 1.55848
14.9668 15.9208 1.55857
14.9676 15.919 1.55851
14.9665 15.9226 1.55859
14.899 15.9523 1.56224
14.8978 15.9559 1.56233
14.8988 15.9541 1.56227
14.8975 15.9577 1.56236
14.9538 16.9395 1.56765
14.9527 16.9431 1.56773
14.9536 16.9413 1.56767
14.9524 16.9449 1.56775
14.8811 16.9748 1.57144
14.8799 16.9785 1.57152
14.8809 16.9767 1.57146
14.8795 16.9803 1.57155
14.9601 17.9359 1.57177
14.9588 17.9396 1.57185
14.9598 17.9377 1.57179
14.9585 17.9414 1.57187
14.8835 17.9719 1.57561
14.8822 17.9756 1.57569
14.8832 17.9737 1.57564
14.8818 17.9774 1.57572
14.98 18.9244 1.56992
14.9787 18.9281 1.56999
14.9797 18.9263 1.56994
14.9784 18.93 1.57002
14.8996 18.9608 1.57383
14.8982 18.9645 1.57391
14.8993 18.9627 1.57386
14.8978 18.9664 1.57394
14.9832 19.9195 1.5668
14.9819 19.9233 1.56688
14.983 19.9214 1.56682
14.9815 19.9251 1.5669
14.8989 19.956 1.57076
14.8974 19.9598 1.57084
14.8986 19.9579 1.57078
14.897 19.9617 1.57087
14.9851 20.9004 1.57099
14.9837 20.9042 1.57107
14.9848 20.9023 1.57102
14.9833 20.906 1.5711
14.8969 20.9372 1.57498
14.8953 20.941 1.57507
14.8965 20.9391 1.57501
14.8949 20.9428 1.5751
15.001 21.9286 1.57569
14.9995 21.9323 1.57577
15.0007 21.9304 1.57572
14.9991 21.9342 1.5758
14.9087 21.9654 1.57969
14.907 21.9692 1.57977
14.9083 21.9673 1.57971
14.9066 21.9711 1.5798
14.9929 22.9101 1.57868
14.9914 22.9139 1.57876
14.9926 22.912 1.5787
14.991 22.9158 1.57879
14.8966 22.9471 1.58268
14.8949 22.9509 1.58277
14.8963 22.949 1.58271
14.8944 22.9528 1.5828
14.9719 23.9279 1.57631
14.9702 23.9317 1.5764
14.9715 23.9298 1.57634
14.9698 23.9336 1.57643
14.8715 23.9649 1.5803
14.8697 23.9688 1.5804
14.8711 23.9669 1.58034
14.8692 23.9707 1.58043
14.993 24.937 1.57614
14.9913 24.9408 1.57624
14.9926 24.9389 1.57617
14.9908 24.9427 1.57627
14.8885 24.9743 1.58012
14.8866 24.9781 1.58022
14.8881 24.9762 1.58015
14.8861 24.98 1.58026
15.993 24.9334 -0.000612938
15.9913 24.9373 -0.000510212
15.9926 24.9353 -0.000576101
15.9908 24.9392 -0.00047083
15.8884 24.9746 0.00337374
15.8865 24.9786 0.00348214
15.888 24.9766 0.00341279
15.886 24.9805 0.00352382
16.9901 24.9378 0.00431335
16.9884 24.9418 0.00442196
16.9897 24.9398 0.00435353
16.9879 24.9438 0.00446451
16.8854 24.983 0.00830615
16.8835 24.987 0.00842032
16.885 24.985 0.0083485
16.883 24.989 0.00846513
17.9807 24.9273 0.00990312
17.979 24.9314 0.0100402
17.9803 24.9293 0.0099593
17.9785 24.9335 0.010098
17.8756 24.9763 0.0139859
17.8737 24.9805 0.0141281
17.8751 24.9784 0.0140441
17.8731 24.9826 0.0141881
18.984 24.9293 0.00968386
18.9823 24.9336 0.00983732
18.9836 24.9314 0.00974931
18.9818 24.9357 0.00990398
18.8786 24.9824 0.0138311
18.8768 24.9867 0.0139897
18.8782 24.9845 0.0138986
18.8762 24.9889 0.0140584
19.9976 24.9414 0.0105323
19.9959 24.9459 0.0107077
19.9972 24.9436 0.0106103
19.9954 24.9481 0.0107863
19.892 24.9989 0.0147798
19.8901 25.0034 0.0149602
19.8916 25.0011 0.0148598
19.8896 25.0056 0.0150408
21.0147 24.9809 0.00792722
21.013 24.9856 0.00811707
21.0143 24.9832 0.00801347
21.0125 24.9878 0.00820354
20.9087 25.0428 0.0122297
20.9069 25.0475 0.0124243
20.9083 25.0451 0.0123179
20.9063 25.0498 0.0125128
21.9843 24.9695 -0.00223552
21.9826 24.9744 -0.00203555
21.9839 24.9718 -0.00214345
21.9821 24.9767 -0.00194354
21.8782 25.0356 0.0020998
21.8763 25.0406 0.00230447
21.8778 25.038 0.00219377
21.8758 25.043 0.00239843
22.9524 24.9533 0.0091889
22.9507 24.9584 0.00939469
22.9521 24.9557 0.00928438
22.9503 24.9608 0.00948994
22.8463 25.0237 0.0135352
22.8444 25.0289 0.0137457
22.8458 25.0262 0.0136326
22.8439 25.0314 0.0138429
23.9612 24.9792 0.0118285
23.9595 24.9846 0.0120607
23.9608 24.9818 0.0119395
23.959 24.9871 0.0121707
23.8546 25.0541 0.016239
23.8527 25.0595 0.0164758
23.8541 25.0567 0.0163519
23.8521 25.0621 0.0165876
24.9365 24.993 -0.00324107
24.9348 24.9986 -0.00299162
24.9362 24.9957 -0.00311988
24.9344 25.0012 -0.002872
24.8296 25.0722 0.00120929
24.8277 25.0779 0.00146313
24.8292 25.0749 0.00133229
24.8272 25.0806 0.00158455
25.9531 24.9616 0.00118303
25.9514 24.9674 0.00144679
25.9527 24.9644 0.00131271
25.9509 24.9702 0.00157443
25.846 25.0454 0.0056645
25.8441 25.0513 0.00593261
25.8456 25.0482 0.00579598
25.8436 25.0541 0.00606203
26.9567 24.9715 0.00175807
26.955 24.9776 0.00202438
26.9563 24.9744 0.00188938
26.9545 24.9805 0.00215361
26.8496 25.0598 0.00624092
26.8477 25.066 0.00651157
26.8491 25.0628 0.00637404
26.8471 25.069 0.0066426
27.9731 24.9433 -0.000396167
27.9714 24.9497 -0.000113917
27.9727 24.9464 -0.000255198
27.9709 24.9528 2.45721e-05
27.8657 25.0363 0.00411757
27.8638 25.0428 0.00440423
27.8653 25.0394 0.00426041
27.8633 25.0459 0.00454457
28.9315 24.9365 -0.0126534
28.9297 24.9432 -0.0123648
28.9311 24.9397 -0.0125089
28.9292 24.9464 -0.0122228
28.824 25.0338 -0.00813537
28.822 25.0406 -0.00784247
28.8235 25.0371 -0.00798894
28.8215 25.0439 -0.00769861
29.9659 24.9072 -0.0098831
29.9642 24.9142 -0.00959593
29.9655 24.9106 -0.00973907
29.9637 24.9176 -0.00945437
29.8583 25.0092 -0.0053777
29.8563 25.0164 -0.00508646
29.8578 25.0127 -0.00523186
29.8557 25.0198 -0.00494311
30.9738 24.9208 -0.00608437
30.9721 24.9281 -0.00579739
30.9734 24.9244 -0.00594047
30.9716 24.9317 -0.00565594
30.866 25.0274 -0.00158329
30.864 25.0349 -0.00129233
30.8655 25.0311 -0.00143761
30.8635 25.0385 -0.00114912
31.9915 24.9086 -0.00269131
31.9897 24.9163 -0.00241499
31.9911 24.9123 -0.00255301
31.9892 24.92 -0.00227884
31.8835 25.0199 0.00177986
31.8815 25.0276 0.00206004
31.883 25.0237 0.00191992
31.8809 25.0314 0.00219793
32.9945 24.9214 -0.00546537
32.9927 24.9294 -0.00519817
32.9941 24.9253 -0.00533195
32.9922 24.9332 -0.00506666
32.8863 25.0373 -0.00101927
32.8843 25.0453 -0.000748232
32.8858 25.0412 -0.000884099
32.8837 25.0492 -0.000614977
34.0019 24.905 -0.00958274
34.0001 24.9132 -0.0093401
34.0015 24.909 -0.00946346
33.9996 24.9172 -0.00922206
33.8935 25.0253 -0.00520766
33.8915 25.0337 -0.00496116
33.893 25.0294 -0.0050866
33.8909 25.0377 -0.00484134
34.9993 24.9018 -0.0103414
34.9975 24.9103 -0.0101056
34.9989 24.906 -0.0102274
34.997 24.9144 -0.00999254
34.8909 25.0266 -0.00599368
34.8888 25.0352 -0.00575383
34.8903 25.0308 -0.00587796
34.8882 25.0393 -0.00563897
35.9982 24.921 -0.000762351
35.9963 24.9297 -0.000539915
35.9977 24.9253 -0.000656571
35.9958 24.934 -0.000434579
35.8895 25.0501 0.00354576
35.8875 25.059 0.00377251
35.889 25.0545 0.00365336
35.8869 25.0633 0.00387969
36.974 24.927 -0.00583402
36.9721 24.936 -0.00566567
36.9735 24.9314 -0.0057622
36.9716 24.9403 -0.00559247
36.8649 25.0604 -0.00169361
36.8629 25.0695 -0.00152046
36.8644 25.0649 -0.00161982
36.8622 25.0739 -0.00144522
37.9785 24.9116 -0.00812034
37.9766 24.9208 -0.00797278
37.9781 24.9161 -0.00806109
37.9761 24.9252 -0.00791149
37.8694 25.0493 -0.0040469
37.8673 25.0586 -0.00389439
37.8689 25.0538 -0.00398562
37.8667 25.0631 -0.003831
38.981 24.8758 -0.00284152
38.9791 24.8851 -0.00269847
38.9806 24.8803 -0.00278509
38.9786 24.8896 -0.0026398
38.872 25.0175 0.00124903
38.8699 25.027 0.0013972
38.8714 25.0221 0.00130753
38.8692 25.0315 0.00145802
39.971 24.8899 0.00162638
39.9692 24.8994 0.00176364
39.9706 24.8945 0.00167954
39.9686 24.9039 0.00181924
39.8619 25.0357 0.00572899
39.8598 25.0453 0.00587152
39.8614 25.0404 0.00578426
39.8592 25.0499 0.00592933
40.9805 24.9164 0.00966619
40.9786 24.926 0.00980045
40.98 24.921 0.00971771
40.978 24.9306 0.00985456
40.8711 25.0664 0.0137888
40.869 25.0762 0.0139285
40.8706 25.0711 0.0138425
40.8684 25.0809 0.0139848
41.9895 24.9364 -0.00151868
41.9876 24.9462 -0.00138491
41.9891 24.9411 -0.00146763
41.9871 24.9509 -0.0013312
41.88 25.0908 0.0026222
41.8778 25.1007 0.00276145
41.8794 25.0956 0.00267542
41.8772 25.1055 0.00281742
42.9768 24.9244 0.00331793
42.9749 24.9343 0.00345099
42.9764 24.9291 0.00336853
42.9744 24.939 0.00350429
42.8673 25.0828 0.00746572
42.8652 25.0929 0.00760428
42.8667 25.0877 0.0075185
42.8645 25.0977 0.00765986
43.9634 24.9301 -0.0012856
43.9615 24.9401 -0.00115278
43.9629 24.9349 -0.00123515
43.9609 24.9449 -0.00109961
43.8538 25.0927 0.00286235
43.8516 25.1029 0.00300069
43.8532 25.0976 0.00291498
43.851 25.1078 0.00305613
44.9779 24.9141 0.00907687
44.976 24.9243 0.00921258
44.9774 24.919 0.00912891
44.9754 24.9292 0.00926728
44.8683 25.081 0.0132401
44.8662 25.0913 0.0133813
44.8678 25.086 0.0132943
44.8655 25.0963 0.0134382
45.9804 24.9256 0.00731468
45.9784 24.936 0.00745056
45.9799 24.9306 0.00736678
45.9779 24.9409 0.00750531
45.8706 25.0969 0.0114735
45.8684 25.1074 0.0116148
45.87 25.1019 0.0115277
45.8678 25.1124 0.0116719
46.9951 24.9469 0.00642076
46.9932 24.9575 0.00654709
46.9946 24.952 0.00646752
46.9926 24.9625 0.00659673
46.885 25.1226 0.0105227
46.8829 25.1333 0.0106545
46.8845 25.1277 0.0105716
46.8822 25.1384 0.0107064
47.9739 24.9299 0.00716672
47.9719 24.9406 0.00727427
47.9734 24.935 0.00720304
47.9713 24.9456 0.00731388
47.8637 25.1098 0.0111627
47.8615 25.1206 0.0112759
47.8631 25.1149 0.0112012
47.8609 25.1258 0.0113177
48.9747 24.9562 0.0106995
48.9727 24.9671 0.0107955
48.9742 24.9614 0.0107294
48.9721 24.9722 0.010829
48.8643 25.1402 0.0146327
48.8621 25.1512 0.0147343
48.8637 25.1454 0.0146647
48.8615 25.1564 0.01477
49.9565 24.965 0.00192658
49.9545 24.9759 0.00201781
49.956 24.9702 0.00195404
49.9539 24.981 0.00204889
49.8461 25.1528 0.00586507
49.8439 25.1638 0.005962
49.8455 25.158 0.00589474
49.8432 25.1691 0.0059954
49.9616 25.9683 1.57305
49.9595 25.9791 1.57314
49.961 25.9734 1.57307
49.9589 25.9843 1.57317
49.8472 26.156 1.577
49.8449 26.167 1.57709
49.8466 26.1612 1.57703
49.8442 26.1723 1.57713
49.9521 26.9503 1.57234
49.95 26.9611 1.57242
49.9516 26.9554 1.57236
49.9493 26.9662 1.57245
49.8339 27.1379 1.57629
49.8315 27.1489 1.57639
49.8333 27.1431 1.57632
49.8308 27.1541 1.57642
49.9777 27.9565 1.57396
49.9755 27.9673 1.57405
49.9771 27.9616 1.57399
49.9748 27.9724 1.57408
49.8555 28.1442 1.57793
49.8531 28.1552 1.57802
49.8549 28.1494 1.57796
49.8523 28.1604 1.57805
49.9689 28.9531 1.57802
49.9666 28.964 1.57811
49.9683 28.9583 1.57805
49.9659 28.9691 1.57814
49.8428 29.1407 1.58201
49.8403 29.1517 1.5821
49.8421 29.1459 1.58204
49.8395 29.1569 1.58214
49.9522 29.9405 1.57621
49.9498 29.9513 1.57629
49.9515 29.9456 1.57623
49.949 29.9564 1.57632
49.8221 30.128 1.5802
49.8195 30.139 1.58029
49.8214 30.1332 1.58023
49.8186 30.1441 1.58032
49.9445 30.9387 1.57404
49.942 30.9494 1.57412
49.9438 30.9438 1.57407
49.9413 30.9545 1.57415
49.8104 31.126 1.57805
49.8077 31.137 1.57813
49.8097 31.1312 1.57807
49.8068 31.1422 1.57816
49.9359 31.9272 1.57511
49.9334 31.9379 1.57519
49.9352 31.9323 1.57513
49.9326 31.943 1.57522
49.7979 32.1145 1.57912
49.7951 32.1255 1.5792
49.7971 32.1197 1.57914
49.7942 32.1306 1.57923
49.9436 32.9257 1.57344
49.941 32.9364 1.57352
49.9429 32.9308 1.57346
49.9402 32.9415 1.57354
49.8016 33.113 1.57745
49.7987 33.1239 1.57753
49.8008 33.1181 1.57747
49.7978 33.1291 1.57756
49.9581 33.9156 1.57422
49.9554 33.9263 1.57429
49.9574 33.9207 1.57424
49.9546 33.9314 1.57431
49.8121 34.1029 1.57823
49.8092 34.1139 1.5783
49.8113 34.1081 1.57825
49.8082 34.119 1.57833
49.9523 34.9333 1.58091
49.9495 34.944 1.58098
49.9516 34.9383 1.58093
49.9487 34.949 1.581
49.8022 35.1205 1.58492
49.7992 35.1314 1.58499
49.8014 35.1257 1.58494
49.7982 35.1366 1.58502
49.9396 35.9195 1.56683
49.9367 35.9302 1.5669
49.9388 35.9246 1.56685
49.9359 35.9353 1.56691
49.7856 36.1067 1.57083
49.7825 36.1176 1.5709
49.7848 36.1118 1.57085
49.7815 36.1227 1.57092
49.9436 36.9242 1.57011
49.9407 36.9349 1.57017
49.9428 36.9293 1.57012
49.9398 36.9399 1.57018
49.7856 37.1114 1.57411
49.7824 37.1222 1.57417
49.7848 37.1165 1.57412
49.7815 37.1273 1.57419
49.932 37.9319 1.5665
49.9291 37.9425 1.56655
49.9313 37.9369 1.56651
49.9282 37.9476 1.56657
49.77 38.1189 1.57049
49.7668 38.1298 1.57056
49.7692 38.124 1.57051
49.7658 38.1349 1.57057
49.901 38.9384 1.56897
49.898 38.949 1.56902
49.9003 38.9434 1.56898
49.8972 38.954 1.56904
49.735 39.1252 1.57297
49.7318 39.136 1.57304
49.7342 39.1303 1.57299
49.7308 39.1411 1.57306
49.9348 39.9248 1.56563
49.9318 39.9353 1.56569
49.9341 39.9298 1.56564
49.9309 39.9403 1.56571
49.7649 40.1116 1.56965
49.7616 40.1224 1.56972
49.764 40.1167 1.56966
49.7606 40.1275 1.56974
49.9876 40.8942 1.54793
49.9846 40.9048 1.548
49.9869 40.8992 1.54795
49.9837 40.9098 1.54802
49.8138 41.0812 1.55196
49.8105 41.092 1.55203
49.8129 41.0863 1.55198
49.8094 41.0971 1.55206
50.0113 41.8691 1.55123
50.0082 41.8797 1.55131
50.0106 41.8741 1.55125
50.0073 41.8847 1.55133
49.8336 42.0562 1.55527
49.8302 42.067 1.55536
49.8328 42.0613 1.5553
49.8292 42.0721 1.55538
49.9693 42.8643 1.56039
49.9662 42.8749 1.56047
49.9686 42.8693 1.56041
49.9652 42.8799 1.5605
49.7876 43.0513 1.56445
49.7841 43.062 1.56453
49.7867 43.0563 1.56447
49.7831 43.0671 1.56457
49.9734 43.8929 1.57986
49.9702 43.9034 1.57995
49.9726 43.8978 1.57989
49.9692 43.9084 1.57998
49.7875 44.0798 1.58393
49.784 44.0905 1.58402
49.7866 44.0848 1.58396
49.7829 44.0956 1.58405
49.9631 44.9179 1.568
49.9597 44.9284 1.56809
49.9622 44.9228 1.56802
49.9587 44.9334 1.56812
49.773 45.1047 1.57207
49.7693 45.1154 1.57216
49.7721 45.1098 1.5721
49.7682 45.1205 1.5722
49.9699 45.9106 1.57059
49.9665 45.9212 1.57068
49.9691 45.9156 1.57062
49.9655 45.9261 1.57072
49.7758 46.0975 1.57467
49.7721 46.1082 1.57476
49.7748 46.1025 1.5747
49.7709 46.1132 1.5748
49.9821 46.8961 1.57116
49.9786 46.9066 1.57125
49.9812 46.901 1.57119
49.9775 46.9116 1.57128
49.784 47.083 1.57523
49.7801 47.0937 1.57533
49.783 47.088 1.57527
49.7789 47.0987 1.57537
49.9848 47.8864 1.56227
49.9812 47.8969 1.56236
49.9839 47.8913 1.5623
49.9801 47.9019 1.5624
49.7827 48.0733 1.56634
49.7787 48.084 1.56645
49.7816 48.0783 1.56638
49.7775 48.089 1.56648
49.9966 48.9035 1.56575
49.9929 48.914 1.56585
49.9957 48.9084 1.56579
49.9918 48.919 1.56589
49.7903 49.0904 1.56984
49.7863 49.1011 1.56994
49.7892 49.0955 1.56988
49.785 49.1062 1.56998
50.0019 49.9225 1.56362
49.9981 49.9331 1.56373
50.001 49.9275 1.56366
49.997 49.938 1.56377
49.7915 50.1095 1.56771
49.7873 50.1202 1.56782
49.7904 50.1145 1.56775
49.786 50.1253 1.56786
49.004 49.895 -3.14009
49.0002 49.9054 -3.13998
49.003 49.8999 -3.14005
48.999 49.9103 -3.13994
48.7937 50.0778 -3.136
48.7895 50.0884 -3.13589
48.7925 50.0828 -3.13596
48.7882 50.0934 -3.13584
48.0071 49.891 3.13702
48.0033 49.9013 3.13712
48.0061 49.8959 3.13706
48.0021 49.9062 3.13716
47.7968 50.0698 3.14111
47.7926 50.0803 3.14122
47.7956 50.0747 3.14115
47.7913 50.0852 3.14127
47.0045 49.9079 3.12583
47.0007 49.9182 3.12594
47.0035 49.9128 3.12587
46.9995 49.923 3.12599
46.7941 50.0826 3.12994
46.79 50.093 3.13005
46.793 50.0875 3.12998
46.7887 50.0979 3.13009
46.0209 49.9083 3.13041
46.0171 49.9184 3.13053
46.0199 49.9131 3.13045
46.0159 49.9232 3.13057
45.8105 50.0789 3.13452
45.8064 50.0891 3.13465
45.8094 50.0838 3.13457
45.8051 50.094 3.13469
45.0261 49.9258 3.13489
45.0223 49.9358 3.13501
45.0251 49.9306 3.13494
45.0211 49.9405 3.13506
44.8157 50.0923 3.13901
44.8115 50.1025 3.13914
44.8145 50.0972 3.13906
44.8102 50.1073 3.13919
44.0277 49.9169 3.13049
44.0239 49.9268 3.13061
44.0267 49.9216 3.13054
44.0227 49.9315 3.13066
43.8173 50.0793 3.13462
43.8132 50.0893 3.13475
43.8162 50.0841 3.13467
43.8119 50.0941 3.13481
43.0199 49.9335 3.13337
43.0161 49.9432 3.13349
43.0189 49.9381 3.13342
43.0149 49.9478 3.13354
42.8094 50.0917 3.1375
42.8053 50.1016 3.13762
42.8083 50.0964 3.13755
42.804 50.1063 3.13768
42.0201 49.9522 3.13027
42.0164 49.9618 3.1304
42.0192 49.9568 3.13032
42.0152 49.9664 3.13046
41.8096 50.1063 3.13441
41.8055 50.1161 3.13455
41.8085 50.111 3.13447
41.8042 50.1207 3.13461
40.9981 49.9484 3.13523
40.9943 49.9578 3.13537
40.9972 49.953 3.13529
40.9932 49.9624 3.13543
40.7877 50.0982 3.13939
40.7836 50.1078 3.13953
40.7866 50.1028 3.13945
40.7823 50.1124 3.13959
40.0152 49.9598 3.13408
40.0114 49.9691 3.13423
40.0142 49.9643 3.13415
40.0102 49.9735 3.1343
39.8047 50.1055 3.13826
39.8006 50.1149 3.13841
39.8036 50.1101 3.13832
39.7993 50.1194 3.13848
39.0192 49.9596 3.13789
39.0154 49.9687 3.13805
39.0182 49.964 3.13796
39.0142 49.9731 3.13812
38.8087 50.1011 -3.1411
38.8046 50.1104 -3.14094
38.8076 50.1056 -3.14103
38.8033 50.1148 -3.14087
38.0051 49.9501 3.13479
38.0014 49.9591 3.13495
38.0042 49.9544 3.13486
38.0002 49.9634 3.13502
37.7948 50.0874 3.13899
37.7906 50.0965 3.13915
37.7937 50.0918 3.13906
37.7893 50.1008 3.13923
36.9906 49.9814 -3.13167
36.9869 49.9902 -3.13149
36.9897 49.9857 -3.13159
36.9858 49.9944 -3.13141
36.7802 50.1144 -3.12744
36.7761 50.1233 -3.12726
36.7791 50.1187 -3.12735
36.7748 50.1276 -3.12717
35.9935 49.9803 -3.13745
35.9898 49.9888 -3.13726
35.9926 49.9844 -3.13736
35.9887 49.9929 -3.13717
35.7831 50.1089 -3.13319
35.7791 50.1176 -3.133
35.7821 50.1131 -3.1331
35.7778 50.1218 -3.13291
34.9907 49.9482 -3.12692
34.987 49.9565 -3.12673
34.9898 49.9522 -3.12683
34.9859 49.9605 -3.12663
34.7805 50.0725 -3.12265
34.7764 50.081 -3.12245
34.7794 50.0766 -3.12255
34.7752 50.085 -3.12236
34.0122 49.916 -3.12493
34.0085 49.9241 -3.12473
34.0113 49.9199 -3.12483
34.0074 49.928 -3.12463
33.8022 50.0361 -3.12065
33.7982 50.0444 -3.12044
33.8012 50.0401 -3.12055
33.7969 50.0483 -3.12034
33.0057 49.8921 -3.12577
33.0021 49.9 -3.12556
33.0049 49.8959 -3.12567
33.0011 49.9038 -3.12546
32.7959 50.0079 -3.12148
32.7919 50.0159 -3.12126
32.7949 50.0118 -3.12137
32.7907 50.0198 -3.12115
31.9952 49.8847 -3.13848
31.9917 49.8924 -3.13825
31.9944 49.8884 -3.13837
31.9906 49.8961 -3.13815
31.7855 49.9962 -3.13418
31.7816 50.0039 -3.13395
31.7845 49.9999 -3.13407
31.7804 50.0076 -3.13384
30.9956 49.8939 -3.12596
30.9921 49.9013 -3.12571
30.9948 49.8974 -3.12584
30.9911 49.9048 -3.12559
30.786 50.001 -3.12167
30.7821 50.0085 -3.12141
30.785 50.0046 -3.12155
30.781 50.012 -3.12129
29.9964 49.9117 -3.13578
29.9929 49.9189 -3.13553
29.9956 49.9152 -3.13566
29.9919 49.9223 -3.13541
29.7867 50.0145 -3.13149
29.7829 50.0217 -3.13123
29.7858 50.018 -3.13137
29.7817 50.0252 -3.13111
28.9828 49.8766 -3.13432
28.9793 49.8835 -3.13407
28.982 49.8799 -3.1342
28.9784 49.8868 -3.13395
28.7733 49.9751 -3.13005
28.7695 49.982 -3.12979
28.7724 49.9784 -3.12992
28.7684 49.9853 -3.12967
27.9966 49.8811 -3.13249
27.9932 49.8877 -3.13224
27.9958 49.8843 -3.13237
27.9922 49.8909 -3.13212
27.7872 49.9753 -3.12824
27.7834 49.982 -3.12798
27.7863 49.9786 -3.12812
27.7823 49.9852 -3.12786
27.0266 49.8751 -3.12773
27.0232 49.8814 -3.1275
27.0259 49.8781 -3.12762
27.0223 49.8844 -3.12738
26.8172 49.9651 -3.1235
26.8135 49.9715 -3.12326
26.8164 49.9682 -3.12338
26.8125 49.9746 -3.12315
26.0347 49.8694 3.13985
26.0314 49.8754 3.14006
26.034 49.8723 3.13995
26.0305 49.8784 3.14017
25.8255 49.9552 -3.13912
25.8218 49.9614 -3.1389
25.8246 49.9582 -3.13901
25.8207 49.9643 -3.13879
25.0254 49.8816 3.13514
25.0221 49.8875 3.13535
25.0247 49.8845 3.13524
25.0212 49.8903 3.13544
24.8162 49.9632 3.13932
24.8125 49.9691 3.13953
24.8153 49.9661 3.13942
24.8114 49.972 3.13963
24.0106 49.8452 3.13452
24.0073 49.8508 3.13472
24.0099 49.8479 3.13462
24.0064 49.8536 3.13481
23.8015 49.9226 3.13867
23.7979 49.9283 3.13888
23.8007 49.9253 3.13877
23.7968 49.931 3.13897
23.0056 49.8455 3.13821
23.0023 49.8509 3.1384
23.005 49.8481 3.1383
23.0014 49.8535 3.13849
22.7966 49.9187 -3.14084
22.7929 49.9241 -3.14064
22.7958 49.9213 -3.14075
22.7919 49.9268 -3.14054
22.006 49.8387 3.12678
22.0027 49.8439 3.12696
22.0053 49.8412 3.12686
22.0018 49.8464 3.12704
21.797 49.9077 3.13087
21.7934 49.913 3.13106
21.7963 49.9103 3.13095
21.7924 49.9155 3.13114
20.9896 49.8601 3.12389
20.9863 49.8651 3.12405
20.9889 49.8626 3.12396
20.9855 49.8676 3.12412
20.7806 49.925 3.12794
20.777 49.9301 3.12811
20.7798 49.9275 3.12801
20.776 49.9326 3.12818
19.996 49.879 3.11878
19.9928 49.8838 3.11893
19.9954 49.8813 3.11884
19.992 49.8862 3.119
19.787 49.9398 3.12281
19.7834 49.9448 3.12296
19.7862 49.9422 3.12287
19.7825 49.9471 3.12303
18.989 49.8976 3.13411
18.9858 49.9023 3.13426
18.9884 49.8999 3.13418
18.985 49.9046 3.13433
18.78 49.9544 3.13811
18.7764 49.9592 3.13826
18.7792 49.9568 3.13818
18.7755 49.9615 3.13833
17.9971 49.8912 3.12939
17.9939 49.8958 3.12954
17.9965 49.8935 3.12945
17.9931 49.898 3.1296
17.7881 49.9441 3.13338
17.7846 49.9487 3.13353
17.7874 49.9464 3.13344
17.7836 49.951 3.1336
16.9921 49.9228 3.13166
16.989 49.9272 3.1318
16.9915 49.9249 3.13172
16.9882 49.9293 3.13186
16.783 49.9717 3.13563
16.7795 49.9761 3.13577
16.7823 49.9739 3.13569
16.7786 49.9783 3.13583
15.9693 49.9392 3.12538
15.9661 49.9435 3.1255
15.9687 49.9413 3.12543
15.9654 49.9456 3.12556
15.7602 49.9841 3.12931
15.7567 49.9884 3.12944
15.7594 49.9862 3.12936
15.7557 49.9905 3.1295
14.9758 49.9373 3.13362
14.9727 49.9415 3.13374
14.9752 49.9394 3.13367
14.9719 49.9435 3.1338
14.7667 49.9784 3.13753
14.7632 49.9825 3.13765
14.766 49.9804 3.13758
14.7623 49.9846 3.13771
14.0023 49.9224 3.13618
13.9992 49.9264 3.13629
14.0018 49.9244 3.13622
13.9985 49.9284 3.13633
13.7933 49.9597 3.14003
13.7899 49.9637 3.14015
13.7926 49.9617 3.14008
13.789 49.9658 3.14019
13.0026 49.9248 -3.13091
12.9996 49.9287 -3.13081
13.0021 49.9267 -3.13088
12.9989 49.9306 -3.13078
12.7937 49.9583 -3.12709
12.7903 49.9622 -3.12699
12.793 49.9603 -3.12706
12.7894 49.9642 -3.12696
11.9915 49.9246 -3.12994
11.9885 49.9284 -3.12985
11.991 49.9265 -3.12991
11.9878 49.9304 -3.12982
11.7826 49.9542 -3.12614
11.7792 49.9581 -3.12605
11.7819 49.9562 -3.12611
11.7784 49.9601 -3.12601
10.9549 49.918 3.13892
10.9519 49.9217 3.13899
10.9544 49.9199 3.13894
10.9513 49.9236 3.13901
10.746 49.9437 -3.14049
10.7427 49.9475 -3.14041
10.7454 49.9457 -3.14047
10.7419 49.9494 -3.14039
9.98312 49.9359 3.13814
9.98022 49.9396 3.1382
9.98267 49.9378 3.13815
9.97955 49.9415 3.13821
9.77418 49.958 -3.14129
9.77092 49.9617 -3.14122
9.77359 49.96 -3.14127
9.77011 49.9636 -3.1412
8.97796 49.9277 -3.13805
8.97509 49.9313 -3.13801
8.97754 49.9296 -3.13805
8.97445 49.9332 -3.138
8.76909 49.9461 -3.13429
8.76586 49.9497 -3.13424
8.76852 49.948 -3.13429
8.76507 49.9516 -3.13423
7.97785 49.919 -3.13268
7.975 49.9226 -3.13263
7.97743 49.9209 -3.13267
7.97436 49.9244 -3.13263
7.76899 49.9336 -3.12894
7.76578 49.9372 -3.12889
7.76844 49.9355 -3.12893
7.765 49.9391 -3.12888
6.98095 49.9471 -3.13811
6.97812 49.9506 -3.13807
6.98055 49.949 -3.13811
6.97749 49.9524 -3.13807
6.77199 49.958 -3.13438
6.7688 49.9615 -3.13434
6.77144 49.9599 -3.13438
6.76802 49.9634 -3.13434
5.99336 49.9297 -3.13806
5.99053 49.9332 -3.13803
5.99296 49.9316 -3.13806
5.98991 49.935 -3.13803
5.78446 49.9369 -3.13434
5.78127 49.9404 -3.13431
5.78392 49.9388 -3.13435
5.7805 49.9423 -3.13431
4.98255 49.9066 -3.14099
4.97976 49.91 -3.14097
4.98217 49.9085 -3.141
4.97915 49.9119 -3.14098
4.77372 49.9101 -3.1373
4.77056 49.9136 -3.13727
4.77319 49.912 -3.13731
4.76981 49.9154 -3.13728
3.97963 49.923 -3.13321
3.97688 49.9265 -3.1332
3.97928 49.925 -3.13322
3.9763 49.9284 -3.13322
3.77064 49.923 -3.1296
3.76753 49.9264 -3.12959
3.77015 49.9249 -3.12961
3.76681 49.9283 -3.1296
2.96853 49.9009 -3.13257
2.96587 49.9043 -3.1326
2.96823 49.9028 -3.13261
2.96534 49.9062 -3.13263
2.75944 49.8973 -3.12908
2.75642 49.9007 -3.12911
2.75899 49.8992 -3.12912
2.75574 49.9026 -3.12914
1.96503 49.9092 -3.13348
1.96243 49.9127 -3.13353
1.96476 49.9112 -3.13353
1.96194 49.9146 -3.13358
1.75576 49.9023 -3.13006
1.7528 49.9057 -3.1301
1.75536 49.9042 -3.13011
1.75216 49.9076 -3.13015
0.984726 49.8991 -3.1357
0.982147 49.9026 -3.13575
0.984472 49.9011 -3.13575
0.981663 49.9046 -3.1358
0.775462 49.8888 -3.13229
0.772519 49.8923 -3.13234
0.775064 49.8908 -3.13234
0.771884 49.8943 -3.13239
-0.015684 49.898 3.13705
-0.0182255 49.9016 3.13698
-0.0159163 49.9001 3.13699
-0.0186886 49.9037 3.13693
-0.225048 49.8844 3.14043
-0.227955 49.888 3.14037
-0.225425 49.8865 3.14037
-0.22857 49.89 3.14031
-1.0141 49.8898 -3.12975
-1.01661 49.8935 -3.12983
-1.01431 49.892 -3.12982
-1.01705 49.8956 -3.1299
-1.22354 49.8729 -3.12638
-1.22641 49.8766 -3.12646
-1.22389 49.8751 -3.12645
-1.227 49.8786 -3.12652
-2.0211 49.8896 -3.13743
-2.02358 49.8934 -3.13753
-2.02129 49.8918 -3.13751
-2.02401 49.8955 -3.1376
-2.2306 49.8694 -3.13406
-2.23345 49.8731 -3.13415
-2.23094 49.8716 -3.13414
-2.23403 49.8752 -3.13422
-3.04123 49.8827 -3.1254
-3.04364 49.8866 -3.12551
-3.04138 49.885 -3.12548
-3.04403 49.8888 -3.12559
-3.25088 49.8591 -3.12199
-3.25367 49.863 -3.12209
-3.25119 49.8615 -3.12207
-3.25421 49.8652 -3.12217
-4.02385 49.8865 -3.1293
-4.02619 49.8905 -3.12944
-4.02396 49.8889 -3.1294
-4.02654 49.8928 -3.12953
-4.23372 49.8597 -3.12581
-4.23644 49.8636 -3.12594
-4.23399 49.8621 -3.12591
-4.23694 49.866 -3.12603
-5.01022 49.8736 -3.12868
-5.01246 49.8778 -3.12884
-5.01028 49.8761 -3.1288
-5.01276 49.8802 -3.12896
-5.22039 49.8436 -3.12502
-5.223 49.8476 -3.12518
-5.22059 49.8461 -3.12514
-5.22345 49.85 -3.1253
-6.02313 49.9048 -3.13643
-6.02529 49.9091 -3.13662
-6.02314 49.9074 -3.13656
-6.02555 49.9117 -3.13674
-6.23365 49.8711 -3.13266
-6.23619 49.8754 -3.13284
-6.23381 49.8737 -3.13279
-6.2366 49.8779 -3.13296
-7.04441 49.8882 3.13638
-7.04658 49.8927 3.13619
-7.04442 49.891 3.13624
-7.04683 49.8954 3.13606
-7.25488 49.8506 3.14016
-7.25742 49.8551 3.13998
-7.25504 49.8534 3.14003
-7.25783 49.8577 3.13985
-8.04615 49.8785 3.12612
-8.04828 49.8832 3.12591
-8.04614 49.8814 3.12597
-8.04851 49.886 3.12578
-8.25672 49.8371 3.12997
-8.25922 49.8418 3.12978
-8.25686 49.8401 3.12983
-8.25962 49.8446 3.12965
-9.02784 49.9052 3.13272
-9.02992 49.9101 3.13251
-9.0278 49.9083 3.13257
-9.03013 49.9131 3.13237
-9.23865 49.8601 3.13666
-9.24111 49.8649 3.13646
-9.23876 49.8632 3.13651
-9.24148 49.8679 3.13632
-10.0132 49.9197 3.13417
-10.0153 49.9248 3.13396
-10.0131 49.9229 3.13402
-10.0155 49.928 3.13382
-10.2241 49.8707 3.13815
-10.2266 49.8757 3.13795
-10.2242 49.8739 3.138
-10.2269 49.8788 3.13782
-11.0168 49.8941 3.13624
-11.0189 49.8995 3.13601
-11.0168 49.8976 3.13608
-11.0191 49.9028 3.13586
-11.2277 49.8412 3.14027
-11.2302 49.8464 3.14005
-11.2278 49.8445 3.14011
-11.2305 49.8496 3.1399
-12.0116 49.9269 3.1339
-12.0136 49.9326 3.13365
-12.0115 49.9305 3.13372
-12.0138 49.936 3.13349
-12.2229 49.8698 3.13807
-12.2253 49.8753 3.13783
-12.223 49.8734 3.1379
-12.2256 49.8787 3.13767
-12.9851 49.9459 3.14119
-12.9871 49.9518 3.14093
-12.985 49.9496 3.14101
-12.9872 49.9554 3.14076
-13.1966 49.8846 -3.13776
-13.199 49.8904 -3.13801
-13.1967 49.8883 -3.13794
-13.1993 49.8939 -3.13818
-13.9808 49.9314 3.13729
-13.9827 49.9376 3.13702
-13.9806 49.9353 3.1371
-13.9829 49.9414 3.13684
-14.1924 49.8658 -3.14159
-14.1948 49.8718 3.14133
-14.1925 49.8697 3.14141
-14.1951 49.8756 3.14116
-15.0113 49.9109 3.13995
-15.0132 49.9174 3.13966
-15.0112 49.9151 3.13975
-15.0133 49.9214 3.13947
-15.2233 49.8408 -3.1388
-15.2256 49.8471 -3.13908
-15.2233 49.8449 -3.139
-15.2258 49.851 -3.13926
-16.0111 49.9372 3.13955
-16.013 49.944 3.13925
-16.0109 49.9416 3.13934
-16.0131 49.9482 3.13906
-16.2234 49.8625 -3.13914
-16.2256 49.8692 -3.13943
-16.2234 49.8669 -3.13935
-16.2259 49.8733 -3.13962
-17.0038 49.9161 3.12916
-17.0056 49.9233 3.12887
-17.0036 49.9208 3.12896
-17.0057 49.9277 3.12867
-17.2161 49.837 3.13368
-17.2183 49.8439 3.1334
-17.2161 49.8415 3.13348
-17.2186 49.8482 3.13321
-17.9975 49.9336 3.14011
-17.9993 49.941 3.13981
-17.9973 49.9384 3.1399
-17.9993 49.9456 3.13962
-18.2101 49.8498 -3.13852
-18.2123 49.8571 -3.1388
-18.2101 49.8546 -3.13872
-18.2125 49.8616 -3.13899
-19.0153 49.927 3.13447
-19.0171 49.9348 3.1342
-19.0151 49.9321 3.13428
-19.0171 49.9396 3.13402
-19.2283 49.8385 3.13905
-19.2305 49.8461 3.13879
-19.2282 49.8435 3.13886
-19.2306 49.8508 3.13861
-20.0183 49.9249 3.13294
-20.02 49.933 3.13268
-20.018 49.9302 3.13276
-20.02 49.938 3.13252
-20.2314 49.8317 3.13752
-20.2335 49.8396 3.13727
-20.2313 49.8369 3.13734
-20.2337 49.8445 3.1371
-20.0314 48.9321 -1.58351
-20.0333 48.9403 -1.58377
-20.0313 48.9374 -1.58369
-20.0335 48.9453 -1.58393
-20.2401 48.8389 -1.57894
-20.2424 48.8468 -1.57919
-20.2401 48.8441 -1.57912
-20.2427 48.8517 -1.57935
-20.0442 47.9415 -1.58384
-20.0463 47.9497 -1.58409
-20.0442 47.9468 -1.58401
-20.0466 47.9547 -1.58425
-20.2484 47.8483 -1.57927
-20.2509 47.8561 -1.57952
-20.2486 47.8535 -1.57944
-20.2514 47.8611 -1.57967
-20.0563 46.9457 -1.58317
-20.0587 46.9538 -1.58342
-20.0565 46.951 -1.58334
-20.0591 46.9588 -1.58358
-20.256 46.8523 -1.57862
-20.2588 46.8602 -1.57886
-20.2564 46.8576 -1.57879
-20.2594 46.8652 -1.57902
-20.0837 45.9237 -1.57065
-20.0863 45.9318 -1.57091
-20.084 45.929 -1.57083
-20.0869 45.9368 -1.57107
-20.2788 45.8302 -1.56611
-20.2818 45.8381 -1.56635
-20.2793 45.8354 -1.56628
-20.2825 45.843 -1.56651
-20.0774 44.9769 -1.56486
-20.0802 44.9851 -1.56514
-20.0779 44.9823 -1.56505
-20.0809 44.9901 -1.56533
-20.2684 44.8835 -1.56028
-20.2715 44.8914 -1.56056
-20.269 44.8887 -1.56047
-20.2724 44.8963 -1.56073
-19.0748 44.9904 -0.000821244
-19.0776 44.9982 -0.00111791
-19.0753 44.9955 -0.00102309
-19.0783 45.0031 -0.00130704
-19.2658 44.9016 0.00376087
-19.2689 44.9092 0.00347649
-19.2664 44.9066 0.00356311
-19.2698 44.9139 0.00329175
-18.0639 45.0112 -0.00153692
-18.0667 45.0186 -0.00185644
-18.0644 45.016 -0.00175428
-18.0674 45.0233 -0.00206042
-18.2549 44.927 0.00307202
-18.258 44.9343 0.00276515
-18.2556 44.9318 0.00285885
-18.2589 44.9388 0.00256567
-17.0662 44.9904 -0.0133688
-17.0689 44.9975 -0.0136954
-17.0666 44.995 -0.0135917
-17.0696 45.0019 -0.0139046
-17.257 44.911 -0.00875332
-17.2601 44.9178 -0.00906712
-17.2576 44.9155 -0.00897193
-17.261 44.9221 -0.0092718
-16.0758 44.9842 -0.00290379
-16.0785 44.991 -0.00322175
-16.0762 44.9886 -0.00312214
-16.0792 44.9951 -0.00342667
-16.2665 44.9094 0.00169854
-16.2696 44.9159 0.00139325
-16.2671 44.9137 0.0014844
-16.2704 44.92 0.00119287
-15.0599 44.9785 -0.00519342
-15.0627 44.9848 -0.00549597
-15.0604 44.9826 -0.00540274
-15.0633 44.9887 -0.0056922
-15.2505 44.9084 -0.000611591
-15.2536 44.9146 -0.000901654
-15.2511 44.9124 -0.00081673
-15.2545 44.9184 -0.00109339
-14.0743 44.9593 -0.00198273
-14.0771 44.9653 -0.00227384
-14.0748 44.9632 -0.00218566
-14.0778 44.969 -0.0024639
-14.2648 44.8937 0.00258486
-14.268 44.8996 0.0023061
-14.2655 44.8976 0.00238609
-14.2688 44.9032 0.0021205
-13.086 44.9635 0.00397976
-13.0888 44.9692 0.00371649
-13.0865 44.9672 0.00379385
-13.0894 44.9727 0.00354282
-13.2765 44.9025 0.00851209
-13.2796 44.908 0.00826081
-13.2771 44.9061 0.00833026
-13.2804 44.9115 0.00809151
-12.0793 44.9641 -0.00907246
-12.0821 44.9695 -0.0092803
-12.0798 44.9675 -0.00922285
-12.0828 44.9728 -0.00941999
-12.2697 44.9077 -0.00462707
-12.2728 44.913 -0.00482383
-12.2703 44.9111 -0.00477363
-12.2737 44.9162 -0.00495943
-11.0674 44.9397 0.00112384
-11.0701 44.9449 0.000953588
-11.0679 44.943 0.000997056
-11.0708 44.948 0.00083646
-11.2576 44.8878 0.00551411
-11.2607 44.8929 0.0053543
-11.2583 44.8911 0.00539097
-11.2616 44.8959 0.00524105
-10.0616 44.9439 0.00406487
-10.0643 44.9489 0.00390634
-10.062 44.947 0.00394517
-10.065 44.9519 0.00379607
-10.2518 44.8965 0.00846601
-10.2549 44.9014 0.00831781
-10.2524 44.8996 0.00834993
-10.2558 44.9043 0.00821141
-10.0672 43.9441 -1.5704
-10.0701 43.949 -1.57055
-10.0678 43.9472 -1.57052
-10.0709 43.952 -1.57066
-10.253 43.8968 -1.566
-10.2563 43.9016 -1.56614
-10.2538 43.8999 -1.56611
-10.2572 43.9046 -1.56624
-10.0649 42.9366 -1.56979
-10.068 42.9415 -1.56993
-10.0656 42.9397 -1.5699
-10.0689 42.9445 -1.57003
-10.2463 42.8894 -1.5654
-10.2497 42.8942 -1.56553
-10.2472 42.8925 -1.5655
-10.2507 42.8972 -1.56563
-10.0438 41.9374 -1.57324
-10.047 41.9423 -1.57334
-10.0446 41.9405 -1.57332
-10.048 41.9453 -1.57342
-10.2208 41.8906 -1.56878
-10.2243 41.8954 -1.56887
-10.2217 41.8937 -1.56886
-10.2254 41.8983 -1.56895
-10.0698 40.9287 -1.57048
-10.0731 40.9336 -1.57055
-10.0707 40.9318 -1.57054
-10.0741 40.9365 -1.5706
-10.2422 40.8821 -1.56598
-10.2458 40.8869 -1.56603
-10.2432 40.8852 -1.56604
-10.2469 40.8898 -1.56608
-10.0673 39.9319 -1.56971
-10.0707 39.9368 -1.56975
-10.0683 39.935 -1.56975
-10.0717 39.9397 -1.56979
-10.2352 39.8856 -1.56518
-10.2388 39.8903 -1.56521
-10.2363 39.8886 -1.56522
-10.2401 39.8932 -1.56525
-10.0722 38.9291 -1.57097
-10.0755 38.9339 -1.571
-10.0732 38.9321 -1.57101
-10.0767 38.9368 -1.57104
-10.2355 38.8829 -1.56644
-10.2392 38.8876 -1.56646
-10.2366 38.8859 -1.56647
-10.2404 38.8905 -1.56649
-10.0908 37.9406 -1.5661
-10.0942 37.9454 -1.5661
-10.0918 37.9436 -1.56612
-10.0953 37.9483 -1.56611
-10.2496 37.8949 -1.56154
-10.2533 37.8995 -1.56152
-10.2507 37.8979 -1.56155
-10.2545 37.9024 -1.56153
-10.0907 36.9606 -1.56374
-10.094 36.9653 -1.56371
-10.0917 36.9635 -1.56374
-10.0952 36.9681 -1.5637
-10.245 36.9154 -1.55916
-10.2486 36.92 -1.55912
-10.2461 36.9183 -1.55916
-10.2498 36.9228 -1.55911
-10.0668 35.9563 -1.56183
-10.07 35.961 -1.56177
-10.0677 35.9592 -1.56182
-10.0711 35.9638 -1.56176
-10.2164 35.9118 -1.55725
-10.2199 35.9163 -1.55719
-10.2175 35.9146 -1.55724
-10.2211 35.919 -1.55717
-10.0313 34.9392 -1.5452
-10.0345 34.9437 -1.54514
-10.0323 34.942 -1.54518
-10.0356 34.9465 -1.54512
-10.1762 34.8953 -1.54066
-10.1796 34.8998 -1.54058
-10.1773 34.8982 -1.54064
-10.1808 34.9025 -1.54056
-10.0121 33.9076 -1.54869
-10.0151 33.9121 -1.54863
-10.013 33.9104 -1.54867
-10.0162 33.9148 -1.5486
-10.1522 33.8643 -1.54418
-10.1555 33.8687 -1.5441
-10.1532 33.8671 -1.54416
-10.1566 33.8713 -1.54408
-9.99552 32.9202 -1.57159
-9.99847 32.9246 -1.57153
-9.99638 32.9229 -1.57157
-9.99946 32.9273 -1.57151
-10.1311 32.8773 -1.56712
-10.1343 32.8817 -1.56706
-10.1321 32.88 -1.56711
-10.1354 32.8843 -1.56704
-10.0032 31.9207 -1.56222
-10.006 31.9252 -1.56218
-10.004 31.9235 -1.56221
-10.007 31.9278 -1.56217
-10.1343 31.8781 -1.5578
-10.1374 31.8825 -1.55775
-10.1352 31.8808 -1.55779
-10.1384 31.8851 -1.55774
-10.0061 30.9334 -1.5704
-10.0088 30.9378 -1.57041
-10.0069 30.9361 -1.57043
-10.0098 30.9404 -1.57043
-10.1328 30.8913 -1.56608
-10.1358 30.8956 -1.56608
-10.1337 30.894 -1.5661
-10.1368 30.8981 -1.56609
-10.0237 29.9495 -1.56453
-10.0264 29.9538 -1.56453
-10.0245 29.9522 -1.56455
-10.0273 29.9564 -1.56454
-10.1461 29.9076 -1.56024
-10.149 29.9118 -1.56022
-10.147 29.9102 -1.56025
-10.15 29.9143 -1.56023
-10.0385 28.97 -1.55844
-10.0411 28.9743 -1.55843
-10.0392 28.9727 -1.55846
-10.042 28.9769 -1.55845
-10.1566 28.9283 -1.5542
-10.1594 28.9325 -1.55418
-10.1574 28.931 -1.55421
-10.1604 28.935 -1.55419
-10.0422 27.9693 -1.55907
-10.0448 27.9735 -1.55905
-10.043 27.9719 -1.55908
-10.0457 27.976 -1.55905
-10.156 27.9279 -1.55493
-10.1588 27.932 -1.5549
-10.1568 27.9305 -1.55493
-10.1597 27.9345 -1.5549
-9.99231 26.9599 -1.56036
-9.99483 26.9641 -1.5603
-9.99305 26.9625 -1.56035
-9.99567 26.9666 -1.56029
-10.1019 26.9191 -1.55628
-10.1046 26.9232 -1.55621
-10.1027 26.9217 -1.55626
-10.1055 26.9257 -1.55619
-10.018 25.9635 -1.55741
-10.0204 25.9677 -1.55733
-10.0187 25.9661 -1.55738
-10.0212 25.9701 -1.55731
-10.1235 25.9232 -1.55346
-10.126 25.9273 -1.55338
-10.1242 25.9258 -1.55343
-10.1269 25.9297 -1.55335
-9.9951 24.9625 -1.54942
-9.99741 24.9666 -1.54934
-9.99577 24.965 -1.5494
-9.99817 24.9691 -1.54931
-10.0966 24.9227 -1.54568
-10.099 24.9267 -1.54559
-10.0973 24.9252 -1.54565
-10.0999 24.9291 -1.54556
-11.0105 24.972 -3.13111
-11.0128 24.9761 -3.13102
-11.0112 24.9745 -3.13108
-11.0135 24.9785 -3.13099
-11.112 24.9288 -3.12748
-11.1144 24.9327 -3.12739
-11.1127 24.9313 -3.12745
-11.1152 24.9351 -3.12735
-12.0222 24.9556 -3.12504
-12.0244 24.9595 -3.12496
-12.0228 24.958 -3.12501
-12.0251 24.9618 -3.12493
-12.1234 24.9094 -3.12152
-12.1258 24.9132 -3.12144
-12.1241 24.9118 -3.12149
-12.1266 24.9155 -3.1214
-12.9931 24.9492 -3.13495
-12.9953 24.953 -3.13488
-12.9937 24.9516 -3.13492
-12.996 24.9554 -3.13485
-13.0943 24.9001 -3.13165
-13.0967 24.9038 -3.13157
-13.095 24.9025 -3.13162
-13.0974 24.9061 -3.13153
-14.0057 24.9504 -3.13564
-14.0079 24.9542 -3.13556
-14.0063 24.9528 -3.13561
-14.0086 24.9565 -3.13553
-14.1069 24.8985 -3.13242
-14.1093 24.9022 -3.13234
-14.1076 24.9009 -3.13239
-14.11 24.9045 -3.1323
-15.0357 24.953 3.13942
-15.0379 24.9567 3.13951
-15.0363 24.9553 3.13946
-15.0385 24.959 3.13955
-15.1369 24.8982 -3.14049
-15.1392 24.9019 -3.1404
-15.1375 24.9006 -3.14045
-15.14 24.9041 -3.14035
-15.045 23.91 -1.57762
-15.047 23.9138 -1.57752
-15.0455 23.9124 -1.57758
-15.0476 23.9161 -1.57748
-15.1427 23.8558 -1.57428
-15.1449 23.8595 -1.57419
-15.1433 23.8581 -1.57424
-15.1456 23.8617 -1.57414
-15.0399 22.9101 -1.57932
-15.0418 22.9139 -1.57923
-15.0404 22.9125 -1.57928
-15.0424 22.9162 -1.57919
-15.1343 22.8564 -1.57594
-15.1364 22.8602 -1.57584
-15.1348 22.8588 -1.5759
-15.137 22.8624 -1.5758
-15.0601 21.8979 -1.57011
-15.0619 21.9017 -1.57003
-15.0605 21.9003 -1.57008
-15.0624 21.904 -1.56999
-15.151 21.8447 -1.56668
-15.153 21.8484 -1.56659
-15.1515 21.8471 -1.56665
-15.1535 21.8507 -1.56656
-15.0471 20.9272 -1.56978
-15.0488 20.9311 -1.56971
-15.0475 20.9296 -1.56976
-15.0493 20.9334 -1.56969
-15.1347 20.8746 -1.56631
-15.1366 20.8784 -1.56624
-15.1352 20.877 -1.56628
-15.1371 20.8806 -1.56621
-15.0243 19.9138 -1.57903
-15.0259 19.9177 -1.57899
-15.0247 19.9163 -1.57902
-15.0263 19.9201 -1.57898
-15.1084 19.8618 -1.57553
-15.1101 19.8656 -1.57548
-15.1088 19.8642 -1.57552
-15.1106 19.8679 -1.57546
-15.0126 18.9173 -1.5887
-15.0141 18.9212 -1.58869
-15.0129 18.9198 -1.58871
-15.0145 18.9236 -1.58869
-15.0932 18.8659 -1.58517
-15.0948 18.8697 -1.58515
-15.0935 18.8683 -1.58517
-15.0953 18.872 -1.58515
-15.0613 17.9138 -1.5608
-15.0628 17.9178 -1.56083
-15.0616 17.9163 -1.56083
-15.0631 17.9201 -1.56085
-15.1383 17.8627 -1.55723
-15.1399 17.8666 -1.55725
-15.1386 17.8652 -1.55726
-15.1403 17.8689 -1.55727
-15.0366 16.9607 -1.55676
-15.0381 16.9647 -1.55683
-15.0369 16.9631 -1.55682
-15.0384 16.967 -1.55688
-15.1102 16.9102 -1.55317
-15.1118 16.9141 -1.55323
-15.1105 16.9127 -1.55322
-15.1122 16.9165 -1.55327
-15.0402 16.0002 -1.56289
-15.0418 16.0042 -1.563
-15.0406 16.0027 -1.56297
-15.0422 16.0066 -1.56308
-15.1104 15.9503 -1.55927
-15.112 15.9542 -1.55938
-15.1108 15.9527 -1.55936
-15.1125 15.9565 -1.55945
-15.016 15.0038 -1.57041
-15.0176 15.0078 -1.57053
-15.0165 15.0063 -1.5705
-15.0181 15.0102 -1.57062
-15.0825 14.9542 -1.56685
-15.0842 14.9581 -1.56696
-15.0829 14.9566 -1.56693
-15.0847 14.9604 -1.56704
-14.0316 15.0031 -0.00430803
-14.0332 15.007 -0.00442987
-14.0321 15.0055 -0.00439774
-14.0337 15.0092 -0.00451344
-14.098 14.9572 -0.000842298
-14.0997 14.961 -0.000956803
-14.0985 14.9596 -0.000929594
-14.1002 14.9632 -0.00103777
-13.0094 15.0198 -9.64329e-06
-13.0109 15.0235 -0.00011596
-13.0098 15.0221 -8.9812e-05
-13.0114 15.0257 -0.000190376
-13.0757 14.9775 0.00336418
-13.0774 14.9811 0.00326485
-13.0762 14.9797 0.00328633
-13.0779 14.9833 0.00319292
-12.0437 15.0126 -0.00283787
-12.0453 15.0162 -0.00292294
-12.0441 15.0148 -0.00290525
-12.0457 15.0183 -0.00298503
-12.11 14.9736 0.000439205
-12.1116 14.9771 0.000360736
-12.1104 14.9757 0.000374049
-12.1121 14.9791 0.000301036
-11.0528 15.0101 0.0016669
-11.0544 15.0136 0.00161999
-11.0533 15.0122 0.00162318
-11.0549 15.0156 0.00158067
-11.1189 14.9741 0.00475508
-11.1206 14.9775 0.00471409
-11.1194 14.9762 0.00471343
-11.1211 14.9795 0.00467698
-10.0324 15.0234 0.00636961
-10.034 15.0269 0.00633352
-10.0328 15.0255 0.00633321
-10.0345 15.0289 0.00630115
-10.0986 14.9904 0.00935809
-10.1002 14.9937 0.00932761
-10.099 14.9924 0.00932369
-10.1007 14.9957 0.00929736
-9.03491 15.0327 0.00378619
-9.03647 15.0361 0.00375646
-9.03533 15.0348 0.00375399
-9.03694 15.0381 0.00372807
-9.10109 15.0023 0.00672136
-9.10274 15.0057 0.00669706
-9.10155 15.0043 0.0066911
-9.10326 15.0076 0.00667073
-8.04762 15.0549 0.00119845
-8.04916 15.0582 0.00116872
-8.04804 15.0569 0.00116757
-8.04963 15.0602 0.00114129
-8.11386 15.0271 0.00395447
-8.1155 15.0304 0.0039297
-8.11431 15.0291 0.00392534
-8.11601 15.0323 0.00390412
-7.06488 15.0287 -0.00419836
-7.0664 15.0321 -0.00422337
-7.06529 15.0307 -0.00422593
-7.06687 15.0339 -0.00424773
-7.13105 15.0034 -0.00150913
-7.13267 15.0066 -0.00152941
-7.1315 15.0053 -0.00153504
-7.13318 15.0085 -0.00155199
-6.06843 15.0309 -0.00310755
-6.06994 15.0342 -0.00312511
-6.06883 15.0328 -0.00313111
-6.07041 15.0361 -0.0031455
-6.13461 15.0079 -0.000374101
-6.13622 15.0111 -0.000386885
-6.13506 15.0098 -0.000395968
-6.13673 15.0129 -0.000405474
-5.07486 15.016 0.000685872
-5.07637 15.0192 0.000664329
-5.07527 15.0178 0.000660933
-5.07683 15.021 0.000642379
-5.14103 14.9955 0.00330005
-5.14264 14.9987 0.00328301
-5.14147 14.9974 0.00327668
-5.14314 15.0005 0.00326273
-4.08045 15.0202 -0.00498903
-4.08194 15.0234 -0.00501876
-4.08084 15.022 -0.00501676
-4.08239 15.0252 -0.00504386
-4.14679 15.0018 -0.00260837
-4.14838 15.005 -0.00263411
-4.14722 15.0037 -0.00263477
-4.14888 15.0068 -0.0026578
-3.09178 14.9874 0.00365109
-3.09325 14.9906 0.0036169
-3.09217 14.9892 0.00362186
-3.0937 14.9923 0.00359007
-3.15818 14.9708 0.00590115
-3.15975 14.974 0.00587063
-3.15861 14.9727 0.0058731
-3.16024 14.9757 0.00584507
-2.09695 14.9736 0.00206227
-2.09839 14.9767 0.00202929
-2.09732 14.9754 0.00203383
-2.09883 14.9785 0.00200319
-2.16345 14.9588 0.0043164
-2.165 14.9618 0.00428705
-2.16387 14.9606 0.00428912
-2.16548 14.9636 0.0042622
-1.10285 14.9823 0.00782488
-1.10427 14.9853 0.00779464
-1.10322 14.984 0.00779769
-1.1047 14.987 0.00776982
-1.16941 14.9694 0.0101278
-1.17094 14.9724 0.0101013
-1.16982 14.9711 0.0101019
-1.17141 14.9741 0.0100778
-0.127035 15.0142 -0.000453888
-0.128473 15.0172 -0.000481559
-0.127408 15.0159 -0.000479859
-0.128908 15.0189 -0.000505102
-0.193812 15.0036 0.00191064
-0.195353 15.0067 0.00188681
-0.194227 15.0054 0.00188592
-0.195832 15.0083 0.00186462
-0.0936849 16.027 1.57667
-0.0951059 16.03 1.57664
-0.0940367 16.0287 1.57664
-0.0955218 16.0317 1.57662
-0.162993 16.0166 1.57906
-0.164522 16.0196 1.57903
-0.163388 16.0184 1.57903
-0.164983 16.0213 1.57901
-0.0955885 17.0047 1.57362
-0.0969876 17.0077 1.5736
-0.0959176 17.0064 1.5736
-0.0973838 17.0094 1.57358
-0.16758 16.9941 1.57616
-0.169092 16.9971 1.57615
-0.167954 16.9958 1.57614
-0.169535 16.9987 1.57613
-0.0816375 17.9985 1.57063
-0.0830622 18.0016 1.57061
-0.0819651 18.0003 1.57061
-0.0834605 18.0033 1.57059
-0.157131 17.9877 1.57321
-0.158674 17.9907 1.5732
-0.157506 17.9894 1.57319
-0.159122 17.9924 1.57318
-0.0962024 18.9902 1.5671
-0.0976173 18.9932 1.56708
-0.0965117 18.9919 1.56708
-0.0980003 18.9949 1.56707
-0.174567 18.9791 1.56967
-0.176105 18.9821 1.56966
-0.174925 18.9808 1.56966
-0.17654 18.9838 1.56965
-0.101034 20.0102 1.5571
-0.102439 20.0132 1.55709
-0.101324 20.0119 1.55708
-0.102805 20.0149 1.55707
-0.182129 19.9991 1.55964
-0.183662 20.0021 1.55963
-0.18247 20.0008 1.55962
-0.184082 20.0038 1.55961
0.916207 20.0314 -0.010184
0.914802 20.0344 -0.0101951
0.915916 20.0331 -0.010203
0.914434 20.036 -0.0102116
0.834723 20.0224 -0.00761087
0.833188 20.0254 -0.00761804
0.834381 20.0241 -0.00762853
0.832767 20.027 -0.00763315
1.89417 20.0101 -0.00949326
1.89276 20.0131 -0.00949339
1.89388 20.0118 -0.00950709
1.89239 20.0147 -0.0095047
1.8124 20.0033 -0.00678303
1.81087 20.0062 -0.00677908
1.81206 20.0049 -0.00679549
1.81044 20.0078 -0.00678893
2.90677 20.0082 -0.0129165
2.90536 20.0112 -0.0129004
2.90648 20.0099 -0.0129229
2.90499 20.0128 -0.0129041
2.82467 20.0037 -0.00996181
2.82313 20.0066 -0.00994125
2.82432 20.0053 -0.00996659
2.82271 20.0082 -0.00994324
3.91671 19.979 -0.00843846
3.91531 19.9819 -0.00840086
3.91642 19.9806 -0.00843495
3.91493 19.9835 -0.00839438
3.83435 19.977 -0.00512969
3.83281 19.9799 -0.005087
3.83401 19.9786 -0.0051243
3.83239 19.9815 -0.00507853
4.93617 19.959 -0.00755328
4.93476 19.9619 -0.00750374
4.93588 19.9606 -0.00754424
4.93439 19.9635 -0.00749155
4.85367 19.9602 -0.00404228
4.85213 19.9631 -0.00398726
4.85332 19.9618 -0.00403117
4.8517 19.9647 -0.00397291
5.95101 19.946 -0.00183929
5.9496 19.9491 -0.00178716
5.95071 19.9477 -0.00182887
5.94923 19.9507 -0.00177368
5.86849 19.9508 0.00166267
5.86695 19.9538 0.00172018
5.86814 19.9524 0.00167512
5.86652 19.9554 0.0017358
6.9604 19.9567 0.00413475
6.959 19.9598 0.00419175
6.96011 19.9584 0.00414777
6.95863 19.9615 0.00420771
6.87755 19.9649 0.00763879
6.87601 19.968 0.00770106
6.87721 19.9665 0.00765379
6.87559 19.9696 0.00771909
7.96886 19.967 -0.00987812
7.96747 19.9701 -0.00981214
7.96857 19.9687 -0.00986067
7.9671 19.9718 -0.00979172
7.88554 19.9784 -0.0062465
7.88401 19.9815 -0.00617508
7.8852 19.9801 -0.00622698
7.88358 19.9832 -0.00615249
8.96838 19.9543 -0.0108196
8.96699 19.9575 -0.0107519
8.9681 19.956 -0.0108016
8.96663 19.9592 -0.010731
8.88499 19.9691 -0.007197
8.88346 19.9723 -0.00712395
8.88465 19.9708 -0.00717697
8.88304 19.974 -0.00710085
9.96646 19.9307 -0.0148258
9.96508 19.934 -0.0147547
9.96618 19.9324 -0.014806
9.96472 19.9357 -0.0147319
9.88298 19.9491 -0.0111815
9.88146 19.9524 -0.011105
9.88264 19.9508 -0.0111596
9.88104 19.9541 -0.0110801
10.9635 19.9034 -0.0115772
10.9621 19.9068 -0.0115014
10.9632 19.9051 -0.0115547
10.9618 19.9085 -0.0114761
10.8799 19.9253 -0.00793592
10.8784 19.9287 -0.00785489
10.8796 19.927 -0.00791139
10.878 19.9304 -0.00782752
11.9741 19.9004 -0.00806126
11.9727 19.9038 -0.00798288
11.9738 19.9021 -0.00803737
11.9724 19.9056 -0.00795624
11.8903 19.9258 -0.00438062
11.8888 19.9292 -0.00429695
11.89 19.9275 -0.00435471
11.8884 19.931 -0.0042682
12.9664 19.9028 0.00304002
12.9651 19.9063 0.00311897
12.9662 19.9046 0.00306397
12.9647 19.9081 0.00314581
12.8825 19.9317 0.00680148
12.881 19.9352 0.00688594
12.8822 19.9335 0.00682755
12.8806 19.937 0.00691499
13.9657 19.9331 -0.0011658
13.9644 19.9368 -0.00108825
13.9655 19.935 -0.00114306
13.964 19.9386 -0.00106234
13.8815 19.9656 0.00271708
13.88 19.9693 0.00280054
13.8812 19.9674 0.0027421
13.8796 19.9711 0.00282884
14.9827 19.9345 -0.00472801
14.9813 19.9383 -0.00465019
14.9824 19.9364 -0.00470521
14.981 19.9401 -0.00462411
14.8983 19.9712 -0.000769391
14.8969 19.9749 -0.000685444
14.898 19.9731 -0.000744204
14.8965 19.9768 -0.000656878
14.9941 20.9222 1.5763
14.9927 20.9259 1.57638
14.9938 20.9241 1.57633
14.9924 20.9278 1.57641
14.9058 20.959 1.58029
14.9043 20.9627 1.58037
14.9055 20.9608 1.58031
14.9038 20.9646 1.5804
15.0043 21.9158 1.56792
15.0028 21.9196 1.568
15.004 21.9177 1.56795
15.0024 21.9215 1.56803
14.912 21.9527 1.57191
14.9103 21.9565 1.572
14.9116 21.9546 1.57194
14.9099 21.9583 1.57203
14.9872 22.9199 1.58011
14.9856 22.9237 1.5802
14.9869 22.9218 1.58014
14.9852 22.9255 1.58023
14.8908 22.9568 1.58412
14.8891 22.9606 1.58422
14.8905 22.9587 1.58415
14.8887 22.9625 1.58425
14.9738 23.9546 1.57452
14.9721 23.9584 1.57461
14.9734 23.9565 1.57455
14.9717 23.9603 1.57465
14.8732 23.9916 1.57852
14.8714 23.9955 1.57862
14.8728 23.9935 1.57856
14.8709 23.9974 1.57866
15.0299 24.9492 1.5808
15.0281 24.953 1.5809
15.0295 24.9511 1.58083
15.0277 24.9549 1.58093
14.9254 24.9866 1.5848
14.9235 24.9904 1.5849
14.9249 24.9885 1.58483
14.9229 24.9923 1.58494
14.9946 25.9399 1.58274
14.9927 25.9437 1.58283
14.9941 25.9418 1.58277
14.9922 25.9456 1.58287
14.8861 25.9771 1.58674
14.8841 25.981 1.58684
14.8856 25.9791 1.58678
14.8835 25.9829 1.58688
14.9962 26.9159 1.57025
14.9943 26.9197 1.57035
14.9958 26.9178 1.57029
14.9937 26.9216 1.57038
14.8837 26.9533 1.57426
14.8816 26.9571 1.57436
14.8832 26.9552 1.5743
14.881 26.959 1.5744
15.011 27.9012 1.56427
15.009 27.9051 1.56436
15.0105 27.9032 1.56429
15.0084 27.907 1.56439
14.8946 27.9391 1.56829
14.8924 27.9429 1.56838
14.8941 27.941 1.56832
14.8918 27.9449 1.56841
15.0084 28.9163 1.5683
15.0063 28.9202 1.56839
15.0079 28.9182 1.56833
15.0057 28.9221 1.56842
14.8879 28.9545 1.57233
14.8856 28.9584 1.57242
14.8873 28.9565 1.57236
14.8849 28.9603 1.57246
15.043 29.9206 1.57365
15.0408 29.9245 1.57373
15.0425 29.9226 1.57367
15.0402 29.9264 1.57376
14.9185 29.9593 1.57769
14.9161 29.9633 1.57778
14.9179 29.9613 1.57771
14.9154 29.9652 1.57781
15.0408 30.9335 1.57892
15.0385 30.9374 1.579
15.0402 30.9354 1.57894
15.0379 30.9393 1.57902
14.9121 30.9726 1.58299
14.9097 30.9765 1.58307
14.9115 30.9746 1.58301
14.909 30.9785 1.5831
15.0129 31.9414 1.57038
15.0106 31.9453 1.57045
15.0124 31.9434 1.57039
15.01 31.9473 1.57047
14.8802 31.9807 1.57448
14.8777 31.9846 1.57456
14.8796 31.9826 1.5745
14.8769 31.9866 1.57458
15.014 32.9302 1.56982
15.0117 32.9341 1.56988
15.0135 32.9321 1.56983
15.011 32.936 1.5699
14.8772 32.9695 1.57393
14.8746 32.9735 1.57401
14.8766 32.9715 1.57395
14.8738 32.9755 1.57403
15.0198 33.9525 1.57174
15.0174 33.9565 1.57181
15.0192 33.9545 1.57175
15.0167 33.9584 1.57182
14.8788 33.992 1.57586
14.8761 33.996 1.57593
14.8781 33.994 1.57587
14.8753 33.998 1.57595
15.0364 34.9753 1.57407
15.0339 34.9792 1.57413
15.0358 34.9772 1.57408
15.0332 34.9812 1.57414
14.891 35.0151 1.5782
14.8883 35.019 1.57826
14.8904 35.0171 1.57821
14.8875 35.021 1.57828
15.0115 35.9664 1.56461
15.009 35.9704 1.56466
15.011 35.9684 1.56462
15.0083 35.9723 1.56467
14.862 36.0063 1.56879
14.8592 36.0102 1.56885
14.8613 36.0083 1.5688
14.8584 36.0122 1.56886
15.0376 36.9502 1.5767
15.035 36.9542 1.57674
15.037 36.9522 1.5767
15.0343 36.9561 1.57674
14.8839 36.9904 1.58099
14.881 36.9943 1.58103
14.8832 36.9923 1.58098
14.8802 36.9963 1.58103
15.0294 37.9721 1.57583
15.0268 37.9761 1.57586
15.0288 37.9741 1.57582
15.0261 37.978 1.57586
14.8712 38.0122 1.58012
14.8684 38.0162 1.58016
14.8706 38.0142 1.58012
14.8675 38.0182 1.58016
15.0135 38.9829 1.57821
15.0109 38.9868 1.57824
15.013 38.9848 1.5782
15.0102 38.9888 1.57823
14.851 39.023 1.58253
14.8481 39.0269 1.58257
14.8503 39.025 1.58252
14.8473 39.0289 1.58257
14.9917 40.0032 1.58797
14.9891 40.0072 1.588
14.9912 40.0052 1.58796
14.9884 40.0092 1.58799
14.8247 40.0433 1.5923
14.8218 40.0473 1.59234
14.824 40.0453 1.59229
14.8209 40.0493 1.59233
15.001 40.9777 1.58657
14.9984 40.9817 1.58659
15.0005 40.9797 1.58656
14.9977 40.9836 1.58658
14.8297 41.0181 1.59089
14.8268 41.0221 1.59092
14.8291 41.0201 1.59088
14.8259 41.024 1.59092
15.0314 41.9681 1.58203
15.0287 41.9721 1.58205
15.0309 41.9701 1.58202
15.028 41.974 1.58205
14.8556 42.0088 1.58631
14.8527 42.0128 1.58634
14.855 42.0108 1.5863
14.8519 42.0148 1.58634
15.0134 42.9583 1.56891
15.0108 42.9622 1.56895
15.013 42.9602 1.56891
15.0101 42.9642 1.56895
14.8333 42.9992 1.57306
14.8303 43.0032 1.57311
14.8327 43.0012 1.57306
14.8295 43.0052 1.57312
15.0122 43.9714 1.57158
15.0095 43.9754 1.57163
15.0117 43.9734 1.57158
15.0089 43.9774 1.57163
14.8277 44.0123 1.57574
14.8247 44.0164 1.57579
14.8272 44.0143 1.57575
14.824 44.0184 1.5758
14.9926 44.9597 1.58148
14.9899 44.9637 1.58154
14.9921 44.9617 1.58149
14.9892 44.9657 1.58155
14.8039 45.0006 1.58563
14.8009 45.0047 1.58569
14.8034 45.0026 1.58564
14.8001 45.0067 1.58571
14.9696 45.9474 1.57585
14.9668 45.9514 1.57592
14.9691 45.9494 1.57587
14.9662 45.9535 1.57594
14.7768 45.9882 1.57996
14.7737 45.9923 1.58004
14.7762 45.9903 1.57998
14.7729 45.9943 1.58007
14.9717 46.9555 1.5674
14.9689 46.9596 1.56749
14.9712 46.9575 1.56743
14.9682 46.9616 1.56753
14.7746 46.9964 1.57146
14.7715 47.0005 1.57156
14.774 46.9984 1.57149
14.7707 47.0025 1.5716
14.9656 47.9234 1.56134
14.9627 47.9275 1.56146
14.9651 47.9255 1.56138
14.962 47.9296 1.56151
14.7645 47.9643 1.56533
14.7613 47.9685 1.56545
14.7639 47.9664 1.56538
14.7605 47.9705 1.56551
14.9837 48.9134 1.55559
14.9807 48.9175 1.55572
14.9832 48.9154 1.55564
14.98 48.9195 1.55577
14.7786 48.9544 1.55955
14.7753 48.9585 1.55968
14.778 48.9565 1.5596
14.7744 48.9606 1.55974
14.9879 49.9242 1.55525
14.9847 49.9283 1.55538
14.9873 49.9263 1.5553
14.9839 49.9304 1.55543
14.7788 49.9652 1.55918
14.7753 49.9694 1.55932
14.7781 49.9673 1.55924
14.7744 49.9715 1.55938
15.9827 49.9177 -0.0219201
15.9795 49.922 -0.021781
15.9821 49.9199 -0.0218626
15.9787 49.9241 -0.0217223
15.7736 49.9627 -0.0179586
15.7701 49.967 -0.0178147
15.7729 49.9648 -0.0178993
15.7692 49.9691 -0.0177541
16.9868 49.9189 -0.016875
16.9837 49.9233 -0.0167296
16.9863 49.9211 -0.016814
16.9829 49.9255 -0.0166675
16.7778 49.9678 -0.0128919
16.7742 49.9722 -0.0127418
16.777 49.97 -0.012829
16.7733 49.9744 -0.0126778
17.9933 49.926 -0.0181462
17.9901 49.9306 -0.018
17.9927 49.9283 -0.0180847
17.9893 49.9328 -0.0179374
17.7842 49.9789 -0.0141619
17.7807 49.9835 -0.014011
17.7835 49.9812 -0.0140986
17.7797 49.9858 -0.0139465
18.9894 49.9097 -0.0261661
18.9862 49.9144 -0.0260126
18.9888 49.912 -0.0261006
18.9854 49.9167 -0.0259462
18.7804 49.9665 -0.0221498
18.7768 49.9713 -0.0219917
18.7796 49.9689 -0.0220825
18.7758 49.9736 -0.0219234
20.0044 49.8699 -0.0155228
20.0012 49.8747 -0.0153662
20.0038 49.8722 -0.0154555
20.0004 49.8771 -0.0152981
19.7955 49.9308 -0.0115035
19.7919 49.9357 -0.0113423
19.7947 49.9332 -0.0114343
19.791 49.9381 -0.0112723
20.9968 49.8447 -0.00906255
20.9936 49.8498 -0.00889159
20.9962 49.8472 -0.00898717
20.9927 49.8522 -0.00881575
20.7879 49.9097 -0.00499519
20.7843 49.9147 -0.00481974
20.7871 49.9121 -0.00491801
20.7833 49.9172 -0.00474206
21.9819 49.8647 -0.000724128
21.9786 49.8699 -0.000534043
21.9813 49.8673 -0.000637847
21.9778 49.8725 -0.000447757
21.7729 49.9336 0.00340134
21.7692 49.9389 0.00359575
21.7721 49.9362 0.00348938
21.7682 49.9415 0.00368383
23.007 49.858 0.00821576
23.0037 49.8635 0.00840894
23.0063 49.8607 0.00830367
23.0028 49.8661 0.0084968
22.7979 49.9312 0.012363
22.7943 49.9367 0.0125605
22.7971 49.9339 0.0124527
22.7932 49.9393 0.0126502
24.0259 49.8565 0.00685422
24.0226 49.8621 0.00705949
24.0253 49.8592 0.00694943
24.0217 49.8649 0.00715426
23.8168 49.9339 0.0110262
23.8131 49.9396 0.0112356
23.816 49.9367 0.0111231
23.8121 49.9424 0.0113321
24.9966 49.8559 0.012977
24.9933 49.8618 0.0131899
24.9959 49.8588 0.0130773
24.9924 49.8646 0.0132893
24.7875 49.9374 0.0171758
24.7837 49.9433 0.0173925
24.7866 49.9403 0.0172777
24.7827 49.9462 0.0174935
26.0064 49.8603 0.0109434
26.003 49.8663 0.011175
26.0057 49.8632 0.0110539
26.0021 49.8693 0.0112845
25.7972 49.946 0.0151672
25.7934 49.9521 0.0154028
25.7963 49.949 0.0152794
25.7924 49.9551 0.015514
27.0319 49.887 0.00650174
27.0285 49.8933 0.00676823
27.0311 49.8901 0.00662333
27.0276 49.8964 0.00688824
26.8225 49.9771 0.0107446
26.8188 49.9835 0.0110145
26.8216 49.9802 0.0108677
26.8177 49.9866 0.011136
28.0224 49.8759 0.0135265
28.019 49.8825 0.0137815
28.0217 49.8791 0.0136463
28.0181 49.8856 0.0138998
27.813 49.9702 0.0177844
27.8093 49.9768 0.018043
27.8122 49.9734 0.0179058
27.8082 49.9801 0.0181628
28.9857 49.8782 0.0221013
28.9823 49.885 0.0223597
28.9849 49.8815 0.0222242
28.9813 49.8883 0.0224812
28.7762 49.9766 0.026384
28.7724 49.9836 0.0266463
28.7753 49.98 0.0265086
28.7713 49.9869 0.0267695
30.0226 49.8918 0.0162477
30.0191 49.8989 0.0165114
30.0218 49.8952 0.0163734
30.0182 49.9023 0.0166359
29.813 49.9947 0.0205383
29.8091 50.0019 0.0208063
29.8121 49.9982 0.0206659
29.808 50.0054 0.0209327
31.0055 49.8987 0.00178371
31.002 49.9061 0.00202235
31.0047 49.9022 0.00189765
31.001 49.9096 0.00213524
30.7958 50.0058 0.00608161
30.7919 50.0133 0.00632433
30.7948 50.0095 0.00619728
30.7907 50.0169 0.00643895
31.9982 49.9 0.0116068
31.9945 49.9076 0.0118574
31.9973 49.9037 0.0117227
31.9935 49.9113 0.0119725
31.7884 50.0115 0.0158988
31.7844 50.0192 0.0161536
31.7874 50.0152 0.0160164
31.7832 50.0229 0.0162704
33.0129 49.9031 0.02083
33.0093 49.911 0.0210396
33.0121 49.9069 0.0209309
33.0082 49.9148 0.0211403
32.803 50.0189 0.0251139
32.799 50.0269 0.0253281
32.802 50.0228 0.0252167
32.7978 50.0308 0.0254307
34.02 49.9408 0.00268074
34.0163 49.9489 0.00288112
34.0191 49.9447 0.00277441
34.0152 49.9528 0.00297487
33.8099 50.0609 0.00695714
33.8059 50.0692 0.0071622
33.8089 50.0649 0.00705272
33.8046 50.0731 0.00725791
35.0242 49.9518 -0.00552972
35.0206 49.9601 -0.00534936
35.0234 49.9558 -0.00544707
35.0195 49.9641 -0.00526607
34.8141 50.0762 -0.00126665
34.81 50.0846 -0.00108133
34.813 50.0803 -0.00118198
34.8088 50.0887 -0.00099598
35.0276 48.9534 -1.57442
35.0241 48.9617 -1.57426
35.0268 48.9574 -1.57435
35.0231 48.9657 -1.57419
34.8217 49.0779 -1.57017
34.8178 49.0863 -1.57
34.8207 49.082 -1.57009
34.8167 49.0903 -1.56993
35.0115 47.9517 -1.56956
35.0081 47.96 -1.56941
35.0107 47.9557 -1.5695
35.0072 47.9639 -1.56935
34.8098 48.0761 -1.56532
34.8061 48.0845 -1.56517
34.8089 48.0801 -1.56525
34.805 48.0885 -1.5651
35.0131 46.9713 -1.569
35.0099 46.9796 -1.56886
35.0124 46.9753 -1.56894
35.009 46.9835 -1.5688
34.8156 47.0957 -1.56476
34.812 47.1041 -1.56462
34.8147 47.0997 -1.5647
34.8109 47.1081 -1.56456
35.0232 45.9949 -1.56707
35.0201 46.0032 -1.56695
35.0225 45.9989 -1.56702
35.0192 46.0072 -1.5669
34.8298 46.1194 -1.56284
34.8263 46.1277 -1.56272
34.829 46.1234 -1.56279
34.8253 46.1318 -1.56266
35.0558 45.0289 -1.56605
35.0528 45.0372 -1.56596
35.0552 45.0329 -1.56602
35.052 45.0411 -1.56592
34.8665 45.1534 -1.56184
34.8631 45.1618 -1.56174
34.8657 45.1575 -1.5618
34.8622 45.1658 -1.5617
35.0546 44.0222 -1.56987
35.0517 44.0304 -1.56979
35.054 44.0262 -1.56985
35.0509 44.0343 -1.56977
34.8695 44.1467 -1.56567
34.8662 44.155 -1.56558
34.8688 44.1507 -1.56564
34.8653 44.159 -1.56556
35.0551 43.0118 -1.57827
35.0522 43.02 -1.5782
35.0545 43.0158 -1.57826
35.0515 43.024 -1.57819
34.8742 43.1363 -1.57407
34.871 43.1446 -1.574
34.8735 43.1403 -1.57406
34.8701 43.1486 -1.57398
35.0611 42.017 -1.5859
35.0582 42.0252 -1.58584
35.0605 42.021 -1.58589
35.0575 42.0291 -1.58582
34.8844 42.1415 -1.5817
34.8812 42.1498 -1.58164
34.8837 42.1455 -1.58169
34.8803 42.1537 -1.58162
35.0723 41.0159 -1.58841
35.0695 41.024 -1.58836
35.0717 41.0198 -1.58841
35.0687 41.0279 -1.58835
34.8997 41.1403 -1.58422
34.8967 41.1486 -1.58416
34.899 41.1443 -1.58421
34.8958 41.1526 -1.58414
35.0603 40.0168 -1.5726
35.0575 40.0249 -1.57255
35.0597 40.0207 -1.5726
35.0568 40.0288 -1.57254
34.8919 40.1412 -1.56841
34.8889 40.1494 -1.56835
34.8912 40.1451 -1.5684
34.888 40.1534 -1.56834
35.0505 38.9923 -1.56038
35.0478 39.0004 -1.56032
35.05 38.9962 -1.56037
35.0471 39.0043 -1.56031
34.8865 39.1166 -1.55618
34.8835 39.1248 -1.55611
34.8858 39.1206 -1.55617
34.8826 39.1287 -1.5561
35.0469 38.013 -1.55625
35.0443 38.021 -1.55618
35.0464 38.0168 -1.55624
35.0435 38.0249 -1.55617
34.887 38.1372 -1.55204
34.884 38.1453 -1.55197
34.8863 38.1411 -1.55203
34.8832 38.1492 -1.55195
35.0505 37.041 -1.54933
35.0479 37.049 -1.54925
35.0499 37.0448 -1.54931
35.0472 37.0528 -1.54923
34.8946 37.1652 -1.54511
34.8918 37.1733 -1.54503
34.894 37.1691 -1.54509
34.8909 37.1772 -1.545
35.0445 36.0132 -1.55876
35.042 36.0212 -1.55867
35.044 36.0171 -1.55874
35.0413 36.0251 -1.55865
34.893 36.1374 -1.55453
34.8902 36.1455 -1.55444
34.8923 36.1413 -1.5545
34.8894 36.1494 -1.5544
35.0354 35.0154 -1.55524
35.033 35.0234 -1.5551
35.0349 35.0192 -1.55519
35.0323 35.0272 -1.55505
34.8882 35.1395 -1.55096
34.8854 35.1476 -1.55082
34.8875 35.1433 -1.55091
34.8846 35.1514 -1.55076
34.0488 34.989 -3.12398
34.0464 34.9968 -3.1238
34.0483 34.9928 -3.1239
34.0457 35.0006 -3.12372
33.9017 35.1088 -3.11966
33.8989 35.1168 -3.11948
33.901 35.1126 -3.11958
33.8981 35.1205 -3.1194
33.0587 34.9572 -3.12523
33.0562 34.9648 -3.12502
33.0582 34.9609 -3.12514
33.0555 34.9684 -3.12493
32.9117 35.0727 -3.12089
32.909 35.0804 -3.12067
32.9111 35.0764 -3.12079
32.9082 35.0841 -3.12058
32.0505 34.9159 -3.13281
32.0481 34.9233 -3.13258
32.05 34.9195 -3.1327
32.0473 34.9268 -3.13247
31.9038 35.027 -3.12845
31.901 35.0345 -3.12822
31.9031 35.0306 -3.12834
31.9002 35.038 -3.12811
31.0566 34.9579 -3.1315
31.054 34.965 -3.13126
31.056 34.9613 -3.13138
31.0533 34.9684 -3.13114
30.9096 35.0646 -3.12713
30.9069 35.0718 -3.12689
30.9089 35.0681 -3.12702
30.906 35.0752 -3.12677
30.0489 34.9301 -3.13538
30.0464 34.9369 -3.13514
30.0483 34.9333 -3.13527
30.0457 34.9401 -3.13502
29.9022 35.0323 -3.13102
29.8994 35.0392 -3.13078
29.9015 35.0356 -3.13091
29.8985 35.0425 -3.13066
29.0559 34.9132 -3.13787
29.0533 34.9198 -3.13763
29.0553 34.9164 -3.13775
29.0526 34.9229 -3.13752
28.9092 35.0111 -3.13353
28.9064 35.0177 -3.13329
28.9085 35.0143 -3.13341
28.9056 35.0209 -3.13318
28.0464 34.9084 3.12533
28.0438 34.9146 3.12555
28.0458 34.9114 3.12543
28.0431 34.9176 3.12565
27.8998 35.0018 3.12964
27.897 35.0081 3.12986
27.8991 35.0049 3.12974
27.8961 35.0112 3.12996
27.0517 34.9514 3.13159
27.0491 34.9573 3.13178
27.0511 34.9542 3.13167
27.0484 34.9602 3.13186
26.905 35.0405 3.13585
26.9021 35.0466 3.13605
26.9042 35.0434 3.13594
26.9013 35.0495 3.13613
26.0507 34.994 3.13058
26.0481 34.9998 3.13073
26.05 34.9968 3.13064
26.0473 35.0025 3.1308
25.9038 35.0788 3.13479
25.9009 35.0847 3.13495
25.903 35.0816 3.13486
25.9 35.0875 3.13502
25.0858 35.0101 -3.13134
25.0831 35.0156 -3.13119
25.0851 35.0127 -3.13127
25.0824 35.0183 -3.13112
24.9388 35.0908 -3.12715
24.936 35.0964 -3.12699
24.9381 35.0935 -3.12708
24.9351 35.0992 -3.12693
24.0603 34.985 -3.13999
24.0577 34.9904 -3.13985
24.0596 34.9876 -3.13993
24.0569 34.993 -3.13979
23.9135 35.0614 -3.13583
23.9106 35.0669 -3.13568
23.9128 35.0641 -3.13577
23.9098 35.0695 -3.13562
23.0438 34.9736 -3.12752
23.0412 34.9788 -3.12738
23.0432 34.9761 -3.12746
23.0404 34.9813 -3.12732
22.8972 35.0458 -3.12337
22.8943 35.0511 -3.12322
22.8965 35.0483 -3.1233
22.8935 35.0536 -3.12315
22.0193 34.9799 -3.13273
22.0167 34.9849 -3.13259
22.0187 34.9823 -3.13268
22.0159 34.9874 -3.13254
21.8728 35.0478 -3.12858
21.87 35.0529 -3.12844
21.8721 35.0503 -3.12852
21.8691 35.0553 -3.12838
21.0118 34.9612 -3.14158
21.0092 34.9661 -3.14147
21.0111 34.9636 -3.14154
21.0084 34.9684 -3.14143
20.8655 35.0249 -3.13744
20.8627 35.0298 -3.13732
20.8648 35.0273 -3.13739
20.8618 35.0322 -3.13727
19.9902 34.9341 3.13944
19.9876 34.9388 3.13955
19.9895 34.9364 3.13948
19.9868 34.9411 3.1396
19.8441 34.9936 -3.13964
19.8413 34.9983 -3.13952
19.8434 34.9959 -3.1396
19.8404 35.0006 -3.13947
18.9698 34.9577 -3.14049
18.9672 34.9622 -3.14038
18.9691 34.9599 -3.14045
18.9664 34.9644 -3.14033
18.8238 35.0128 -3.13643
18.8209 35.0174 -3.13632
18.823 35.0151 -3.13639
18.82 35.0197 -3.13627
17.959 34.9629 -3.13871
17.9563 34.9673 -3.1386
17.9583 34.9651 -3.13867
17.9555 34.9695 -3.13856
17.813 35.014 -3.13469
17.8102 35.0184 -3.13457
17.8123 35.0162 -3.13464
17.8093 35.0206 -3.13453
16.9807 34.9873 -3.12926
16.9781 34.9916 -3.12915
16.9801 34.9895 -3.12922
16.9774 34.9937 -3.12911
16.8349 35.0346 -3.12525
16.8321 35.0389 -3.12514
16.8342 35.0367 -3.12521
16.8312 35.041 -3.12509
15.9977 34.9754 -3.13505
15.9951 34.9795 -3.13495
15.9971 34.9775 -3.13502
15.9944 34.9815 -3.13491
15.8521 35.0188 -3.13103
15.8493 35.0229 -3.13092
15.8514 35.0209 -3.13099
15.8484 35.025 -3.13089
15.0308 34.9695 -3.13597
15.0283 34.9735 -3.1359
15.0302 34.9715 -3.13595
15.0275 34.9755 -3.13587
14.8854 35.0091 -3.13192
14.8826 35.0131 -3.13183
14.8847 35.0111 -3.13189
14.8818 35.0151 -3.13181
14.021 34.9509 -3.13169
14.0185 34.9548 -3.13163
14.0205 34.9529 -3.13168
14.0178 34.9568 -3.13162
13.8758 34.9866 -3.12761
13.8731 34.9905 -3.12755
13.8752 34.9886 -3.1276
13.8723 34.9925 -3.12753
13.0075 34.9418 -3.13844
13.005 34.9456 -3.13837
13.0069 34.9437 -3.13842
13.0043 34.9475 -3.13835
12.8625 34.9736 -3.13449
12.8598 34.9775 -3.13442
12.8619 34.9756 -3.13447
12.859 34.9794 -3.13439
12.0094 34.9441 3.13302
12.0069 34.9478 3.13309
12.0088 34.946 3.13304
12.0063 34.9497 3.13311
11.8647 34.9723 3.13692
11.862 34.9761 3.137
11.864 34.9743 3.13694
11.8612 34.978 3.13702
11.0133 34.9653 3.13113
11.0108 34.9689 3.13119
11.0127 34.9672 3.13114
11.0101 34.9708 3.13121
10.8687 34.99 3.13505
10.866 34.9936 3.13512
10.868 34.9919 3.13507
10.8652 34.9955 3.13514
9.98929 34.9816 3.13393
9.98687 34.9852 3.13399
9.98875 34.9835 3.13394
9.9862 34.987 3.13401
9.84483 35.0026 3.13796
9.84218 35.0062 3.13803
9.8442 35.0045 3.13797
9.84141 35.008 3.13804
8.98486 34.9712 3.13128
8.98246 34.9747 3.13134
8.98433 34.973 3.13129
8.9818 34.9765 3.13136
8.84045 34.9884 3.13528
8.83782 34.9919 3.13535
8.83983 34.9903 3.13529
8.83705 34.9937 3.13536
8.02578 34.9733 3.12848
8.0234 34.9768 3.12854
8.02526 34.9752 3.12849
8.02274 34.9786 3.12855
7.8815 34.9872 3.13245
7.87888 34.9906 3.13251
7.88088 34.989 3.13246
7.87812 34.9924 3.13253
7.00862 34.9256 3.12808
7.00626 34.9289 3.12813
7.00811 34.9274 3.12808
7.00561 34.9307 3.12814
6.86467 34.9358 3.13213
6.86207 34.9392 3.13219
6.86406 34.9376 3.13214
6.86132 34.941 3.1322
6.00735 34.9434 3.13732
6.005 34.9468 3.13737
6.00685 34.9452 3.13732
6.00436 34.9485 3.13738
5.86346 34.9501 3.14156
5.86087 34.9534 -3.14157
5.86286 34.9519 3.14157
5.86013 34.9551 -3.14155
4.97894 34.9516 3.13683
4.9766 34.9549 3.13687
4.97845 34.9534 3.13683
4.97596 34.9567 3.13688
4.83515 34.9541 3.14107
4.83257 34.9574 3.14112
4.83456 34.9559 3.14107
4.83183 34.9591 3.14113
4.00208 34.9375 3.13966
3.99974 34.9408 3.1397
4.00159 34.9393 3.13966
3.99911 34.9425 3.13971
3.85848 34.936 -3.13937
3.8559 34.9392 -3.13932
3.85789 34.9378 -3.13936
3.85517 34.941 -3.13931
2.97455 34.9437 3.13918
2.97222 34.9469 3.13921
2.97406 34.9455 3.13917
2.97159 34.9486 3.13921
2.83115 34.9381 -3.14
2.82858 34.9413 -3.13996
2.83056 34.9399 -3.14
2.82785 34.943 -3.13996
1.94527 34.9423 -3.12994
1.94294 34.9455 -3.12992
1.94478 34.9441 -3.12995
1.94231 34.9472 -3.12993
1.80219 34.9332 -3.12616
1.79963 34.9364 -3.12615
1.80161 34.935 -3.12618
1.7989 34.9381 -3.12615
0.922252 34.9435 -3.13565
0.919928 34.9467 -3.13565
0.921763 34.9453 -3.13567
0.9193 34.9485 -3.13566
0.779488 34.9312 -3.13195
0.776929 34.9344 -3.13194
0.778906 34.933 -3.13196
0.776204 34.9361 -3.13195
-0.0790928 34.9719 -3.13048
-0.0814122 34.9751 -3.13048
-0.0795788 34.9737 -3.1305
-0.0820369 34.9769 -3.1305
-0.221643 34.9565 -3.12668
-0.224198 34.9597 -3.12667
-0.222223 34.9584 -3.1267
-0.22492 34.9615 -3.12669
-0.0558855 33.9651 -1.55437
-0.058205 33.9684 -1.55438
-0.0563909 33.967 -1.5544
-0.0588446 33.9702 -1.5544
-0.194302 33.9505 -1.55056
-0.196849 33.9537 -1.55056
-0.194898 33.9524 -1.55058
-0.197583 33.9556 -1.55058
-0.021727 32.9372 -1.56308
-0.0240523 32.9405 -1.5631
-0.022255 32.9391 -1.56311
-0.0247098 32.9423 -1.56312
-0.155913 32.9234 -1.55933
-0.158459 32.9266 -1.55934
-0.156529 32.9253 -1.55935
-0.159208 32.9284 -1.55936
0.00822761 31.941 -1.55002
0.0058904 31.9443 -1.55004
0.00767454 31.9429 -1.55005
0.00521218 31.9462 -1.55007
-0.121918 31.9279 -1.54641
-0.124468 31.9312 -1.54643
-0.122556 31.9298 -1.54644
-0.125235 31.9331 -1.54645
-0.00493589 30.9599 -1.56416
-0.00729267 30.9633 -1.5642
-0.00551754 30.9618 -1.5642
-0.00799525 30.9652 -1.56423
-0.131242 30.9475 -1.56078
-0.133805 30.9508 -1.56081
-0.131907 30.9494 -1.56081
-0.134594 30.9527 -1.56084
0.0012996 29.9643 -1.56141
-0.00108612 29.9677 -1.56145
0.000684396 29.9662 -1.56145
-0.0018181 29.9696 -1.56149
-0.121334 29.9525 -1.55832
-0.12392 29.9559 -1.55836
-0.12203 29.9545 -1.55836
-0.124736 29.9578 -1.55839
-0.987507 29.9855 3.14107
-0.989887 29.989 3.14102
-0.988119 29.9875 3.14103
-0.990616 29.991 3.14098
-1.1099 29.9714 -3.13916
-1.11248 29.9748 -3.1392
-1.11059 29.9734 -3.1392
-1.11329 29.9768 -3.13923
-1.99239 30.0013 -3.13978
-1.99477 30.0049 -3.13982
-1.993 30.0034 -3.13982
-1.99549 30.0069 -3.13986
-2.11453 29.9848 -3.13678
-2.1171 29.9883 -3.13682
-2.11522 29.9869 -3.13682
-2.11791 29.9903 -3.13685
-3.02117 29.9885 -3.13828
-3.02355 29.9921 -3.1383
-3.02178 29.9906 -3.13831
-3.02427 29.9942 -3.13833
-3.14296 29.9696 -3.13507
-3.14553 29.9732 -3.13509
-3.14365 29.9717 -3.1351
-3.14634 29.9752 -3.13512
-4.05016 30.0182 3.14091
-4.05253 30.0219 3.14091
-4.05076 30.0203 3.14089
-4.05325 30.024 3.14089
-4.17173 29.9966 -3.13869
-4.1743 30.0003 -3.13869
-4.17242 29.9988 -3.13871
-4.1751 30.0023 -3.13871
-5.04162 30.02 3.13516
-5.044 30.0237 3.13516
-5.04223 30.0222 3.13514
-5.04472 30.0258 3.13514
-5.16315 29.995 3.13884
-5.16572 29.9986 3.13885
-5.16384 29.9972 3.13882
-5.16653 30.0007 3.13883
-6.0114 30.0306 3.13512
-6.01379 30.0343 3.13512
-6.01202 30.0328 3.1351
-6.01452 30.0364 3.1351
-6.1329 30.0022 3.13891
-6.13548 30.0058 3.13891
-6.13359 30.0044 3.13889
-6.1363 30.0079 3.13889
-7.03904 29.9955 -3.14096
-7.04149 29.9993 -3.14099
-7.03969 29.9978 -3.141
-7.04226 30.0015 -3.14103
-7.1606 29.9637 -3.13727
-7.16325 29.9674 -3.1373
-7.16133 29.966 -3.13731
-7.1641 29.9696 -3.13734
-8.02136 29.9926 3.13299
-8.02388 29.9965 3.13294
-8.02204 29.995 3.13294
-8.02467 29.9988 3.1329
-8.1431 29.9577 3.13669
-8.14582 29.9615 3.13665
-8.14386 29.96 3.13664
-8.1467 29.9638 3.13661
-9.02169 30.0084 -3.13015
-9.02427 30.0125 -3.13018
-9.0224 30.0109 -3.13019
-9.0251 30.0149 -3.13022
-9.14368 29.9702 -3.12631
-9.14646 29.9742 -3.12634
-9.14448 29.9727 -3.12635
-9.14738 29.9766 -3.12637
-10.0457 29.9642 3.13645
-10.0484 29.9684 3.13645
-10.0465 29.9668 3.13643
-10.0492 29.9709 3.13643
-10.1677 29.9225 3.14056
-10.1706 29.9267 3.14056
-10.1686 29.9251 3.14053
-10.1715 29.9291 3.14055
-11.0352 29.9689 -3.12892
-11.0379 29.9732 -3.12895
-11.036 29.9716 -3.12896
-11.0388 29.9758 -3.12899
-11.1575 29.9229 -3.12465
-11.1604 29.9271 -3.12467
-11.1584 29.9256 -3.12469
-11.1614 29.9296 -3.12471
-11.991 29.9629 -3.12795
-11.9938 29.9673 -3.12803
-11.9919 29.9657 -3.12802
-11.9948 29.97 -3.1281
-12.1136 29.9125 -3.12356
-12.1166 29.9168 -3.12364
-12.1146 29.9152 -3.12363
-12.1177 29.9194 -3.1237
-12.9642 29.9426 -3.13079
-12.9671 29.9472 -3.13097
-12.9651 29.9455 -3.13093
-12.9681 29.9499 -3.1311
-13.0871 29.8879 -3.12625
-13.0902 29.8923 -3.12642
-13.088 29.8907 -3.12638
-13.0912 29.895 -3.12655
-13.9773 29.9327 -3.12107
-13.9803 29.9375 -3.12134
-13.9782 29.9358 -3.12126
-13.9813 29.9405 -3.12153
-14.1005 29.8733 -3.11639
-14.1037 29.8779 -3.11666
-14.1015 29.8763 -3.11659
-14.1048 29.8808 -3.11684
-14.9767 29.9397 -3.1289
-14.9797 29.9448 -3.12925
-14.9776 29.943 -3.12914
-14.9808 29.9479 -3.12949
-15.1002 29.8754 -3.12411
-15.1035 29.8804 -3.12446
-15.1012 29.8787 -3.12435
-15.1046 29.8835 -3.12468
-15.9945 29.9199 3.14106
-15.9977 29.9254 3.14064
-15.9955 29.9235 3.14077
-15.9988 29.9289 3.14037
-16.1183 29.8507 -3.13725
-16.1217 29.8561 -3.13766
-16.1194 29.8542 -3.13753
-16.1229 29.8595 -3.13792
-16.973 29.8964 -3.12578
-16.9762 29.9025 -3.12625
-16.974 29.9004 -3.12609
-16.9774 29.9062 -3.12655
-17.0971 29.8224 -3.12084
-17.1005 29.8283 -3.12129
-17.0982 29.8263 -3.12114
-17.1017 29.8319 -3.12158
-17.993 29.8709 -3.13461
-17.9963 29.8775 -3.1351
-17.994 29.8752 -3.13494
-17.9975 29.8815 -3.13542
-18.1173 29.7917 -3.12961
-18.1208 29.7981 -3.13009
-18.1184 29.7959 -3.12993
-18.1221 29.8021 -3.1304
-19.0214 29.8602 -3.13692
-19.0248 29.8674 -3.13743
-19.0225 29.8649 -3.13726
-19.026 29.8718 -3.13775
-19.1459 29.7758 -3.13189
-19.1496 29.7828 -3.13239
-19.1471 29.7804 -3.13222
-19.1509 29.7872 -3.1327
-20.0143 29.8542 3.13778
-20.0179 29.8619 3.13727
-20.0155 29.8592 3.13744
-20.0191 29.8667 3.13696
-20.1393 29.7647 -3.14037
-20.143 29.7722 -3.14086
-20.1405 29.7697 -3.1407
-20.1444 29.7769 -3.14117
-21.0038 29.85 3.1308
-21.0074 29.8583 3.13032
-21.005 29.8554 3.13048
-21.0087 29.8634 3.13002
-21.1291 29.7554 3.13583
-21.1329 29.7635 3.13536
-21.1303 29.7608 3.13551
-21.1343 29.7686 3.13506
-21.9951 29.8418 3.12407
-21.9988 29.8507 3.12363
-21.9963 29.8476 3.12378
-22.0001 29.8562 3.12335
-22.1207 29.7422 3.12907
-22.1246 29.7508 3.12864
-22.122 29.7479 3.12878
-22.126 29.7562 3.12837
-23.0062 29.8849 3.12576
-23.0099 29.8943 3.12537
-23.0074 29.891 3.1255
-23.0113 29.9 3.12513
-23.1323 29.7801 3.1307
-23.1363 29.7892 3.13033
-23.1337 29.7861 3.13045
-23.1378 29.7949 3.13009
-24.0049 29.8872 3.12548
-24.0087 29.897 3.12517
-24.0062 29.8936 3.12526
-24.0101 29.9031 3.12496
-24.1314 29.7774 3.13034
-24.1354 29.7869 3.13004
-24.1328 29.7837 3.13013
-24.137 29.7929 3.12985
-25.0125 29.9463 3.1331
-25.0164 29.9565 3.13287
-25.0138 29.953 3.13294
-25.0179 29.9628 3.13273
-25.1396 29.8315 3.13786
-25.1438 29.8414 3.13765
-25.1411 29.8381 3.1377
-25.1453 29.8476 3.1375
-26.004 29.9849 3.13664
-26.0079 29.9953 3.13644
-26.0053 29.9917 3.13649
-26.0094 30.0018 3.13631
-26.1316 29.8654 3.14142
-26.1357 29.8756 3.14124
-26.133 29.8722 3.14128
-26.1373 29.882 3.14111
-27.0401 29.9368 3.14144
-27.0441 29.9476 3.14117
-27.0415 29.9439 3.14125
-27.0456 29.9543 3.14099
-27.1676 29.8121 -3.13659
-27.1718 29.8225 -3.13685
-27.1691 29.819 -3.13678
-27.1734 29.829 -3.13702
-28.0376 29.934 -3.12843
-28.0417 29.9451 -3.12875
-28.039 29.9413 -3.12866
-28.0432 29.952 -3.12896
-28.1652 29.8037 -3.12302
-28.1695 29.8144 -3.12332
-28.1667 29.8109 -3.12324
-28.1711 29.8212 -3.12353
-29.0589 29.9554 -3.13795
-29.063 29.9669 -3.1383
-29.0603 29.963 -3.1382
-29.0646 29.9741 -3.13853
-29.1867 29.8191 -3.13238
-29.1911 29.8303 -3.13271
-29.1883 29.8266 -3.13262
-29.1927 29.8374 -3.13293
-30.0362 29.9602 -3.13095
-30.0404 29.9722 -3.1313
-30.0376 29.9681 -3.1312
-30.0419 29.9796 -3.13154
-30.1642 29.8181 -3.12531
-30.1686 29.8296 -3.12565
-30.1657 29.8259 -3.12556
-30.1702 29.837 -3.12588
-31.0525 29.9619 3.13484
-31.0567 29.9743 3.13449
-31.0539 29.9701 3.1346
-31.0583 29.982 3.13427
-31.1806 29.8136 3.14043
-31.1851 29.8256 3.1401
-31.1822 29.8217 3.14019
-31.1868 29.8332 3.13989
-32.0617 29.9671 3.13994
-32.066 29.9799 3.13963
-32.0632 29.9756 3.13972
-32.0676 29.988 3.13943
-32.19 29.8128 -3.13781
-32.1945 29.8252 -3.1381
-32.1916 29.8212 -3.13801
-32.1962 29.8331 -3.13829
-33.0593 29.9699 3.12621
-33.0637 29.9831 3.12596
-33.0608 29.9787 3.12604
-33.0653 29.9914 3.1258
-33.1877 29.8097 3.13141
-33.1923 29.8225 3.13117
-33.1894 29.8184 3.13124
-33.1941 29.8307 3.13102
-34.0609 29.9616 3.14127
-34.0654 29.9752 3.1411
-34.0625 29.9707 3.14116
-34.067 29.9837 3.141
-34.1894 29.7959 -3.13707
-34.1941 29.8089 -3.13723
-34.1911 29.8048 -3.13717
-34.1959 29.8173 -3.13732
-35.0643 29.9665 3.13405
-35.0688 29.9803 3.13391
-35.0659 29.9757 3.13396
-35.0704 29.9889 3.13383
-35.1929 29.7958 3.13875
-35.1976 29.8091 3.13862
-35.1946 29.8048 3.13867
-35.1994 29.8176 3.13855
-36.0684 29.9508 3.14064
-36.0729 29.9648 3.14052
-36.07 29.9601 3.14057
-36.0745 29.9735 3.14045
-36.197 29.7754 -3.13787
-36.2017 29.7888 -3.13798
-36.1986 29.7845 -3.13794
-36.2035 29.7974 -3.13804
-37.0605 29.9675 3.14141
-37.065 29.9815 3.14129
-37.0621 29.9768 3.14134
-37.0666 29.9903 3.14122
-37.1891 29.7872 -3.13699
-37.1938 29.8007 -3.1371
-37.1908 29.7964 -3.13705
-37.1956 29.8093 -3.13715
-38.0596 29.9656 3.11827
-38.0641 29.9798 3.11815
-38.0612 29.9751 3.1182
-38.0658 29.9887 3.11809
-38.1882 29.7799 3.12326
-38.1929 29.7935 3.12315
-38.1899 29.7892 3.1232
-38.1947 29.8022 3.1231
-39.0956 29.9876 3.13325
-39.1002 30.0019 3.13313
-39.0972 29.9971 3.13319
-39.1019 30.0108 3.13308
-39.2242 29.7961 3.13828
-39.229 29.8098 3.13818
-39.2259 29.8054 3.13823
-39.2309 29.8185 3.13813
-40.1121 30.0072 3.12844
-40.1167 30.0216 3.12833
-40.1137 30.0167 3.12839
-40.1184 30.0305 3.1283
-40.2407 29.8103 3.13363
-40.2456 29.8241 3.13354
-40.2425 29.8197 3.13359
-40.2475 29.8329 3.13351
-41.0921 30.0183 -3.13583
-41.0968 30.0327 -3.13591
-41.0937 30.0278 -3.13586
-41.0985 30.0416 -3.13592
-41.2209 29.816 -3.13041
-41.2258 29.8298 -3.13047
-41.2226 29.8254 -3.13043
-41.2276 29.8386 -3.13048
-42.0771 29.9749 3.13889
-42.0818 29.9893 3.13886
-42.0788 29.9844 3.1389
-42.0836 29.9982 3.13887
-42.2057 29.7668 -3.1385
-42.2106 29.7806 -3.13852
-42.2075 29.7761 -3.13849
-42.2125 29.7893 -3.1385
-43.0531 29.9776 -3.13878
-43.0578 29.9921 -3.1388
-43.0547 29.9871 -3.13876
-43.0596 30.0009 -3.13877
-43.1817 29.7633 -3.13276
-43.1867 29.7771 -3.13276
-43.1835 29.7726 -3.13273
-43.1886 29.7858 -3.13271
-44.0897 29.9784 -3.13862
-44.0945 29.9928 -3.13863
-44.0914 29.9878 -3.13859
-44.0963 30.0015 -3.13859
-44.2184 29.7573 -3.13249
-44.2234 29.771 -3.13249
-44.2202 29.7665 -3.13246
-44.2253 29.7795 -3.13244
-45.0896 29.9568 3.1372
-45.0945 29.9711 3.13717
-45.0913 29.9661 3.13722
-45.0963 29.9797 3.1372
-45.2183 29.729 -3.13989
-45.2233 29.7427 -3.1399
-45.2201 29.7381 -3.13986
-45.2253 29.7511 -3.13985
-46.0832 29.9676 -3.13944
-46.0881 29.9819 -3.13949
-46.085 29.9768 -3.13944
-46.0899 29.9904 -3.13948
-46.212 29.7333 -3.1335
-46.2171 29.7468 -3.13354
-46.2138 29.7423 -3.13349
-46.2191 29.7552 -3.13351
-47.0741 29.964 3.13071
-47.079 29.9783 3.13061
-47.0758 29.9732 3.13068
-47.0808 29.9868 3.13059
-47.2028 29.7233 3.13635
-47.208 29.7368 3.13627
-47.2047 29.7322 3.13633
-47.21 29.7451 3.13626
-48.0797 30.0079 3.13077
-48.0847 30.0222 3.1306
-48.0815 30.0171 3.13069
-48.0866 30.0307 3.13053
-48.2088 29.761 3.13599
-48.214 29.7746 3.13583
-48.2107 29.7699 3.13592
-48.216 29.7827 3.13577
-49.0705 30.0083 3.12972
-49.0755 30.0227 3.12947
-49.0723 30.0175 3.12959
-49.0774 30.0312 3.12935
-49.1997 29.7557 3.13438
-49.2049 29.7693 3.13414
-49.2016 29.7646 3.13425
-49.207 29.7775 3.13402
-50.0533 30.0227 3.12885
-50.0583 30.0374 3.12858
-50.0551 30.0321 3.12871
-50.0602 30.046 3.12845
-50.1824 29.7655 3.13334
-50.1877 29.7794 3.13309
-50.1844 29.7746 3.1332
-50.1897 29.7877 3.13295
-50.0501 31.0109 1.56042
-50.0548 31.0255 1.56016
-50.0517 31.0202 1.56028
-50.0566 31.0342 1.56002
-50.1836 30.7537 1.56485
-50.1886 30.7676 1.5646
-50.1854 30.7628 1.56471
-50.1905 30.7759 1.56447
-50.0417 31.999 1.57337
-50.0462 32.0136 1.57312
-50.0433 32.0083 1.57323
-50.0479 32.0222 1.57299
-50.1796 31.7419 1.57779
-50.1844 31.7558 1.57755
-50.1812 31.7509 1.57765
-50.1862 31.7641 1.57742
-50.043 32.9678 1.57263
-50.0473 32.9825 1.57238
-50.0444 32.9772 1.57249
-50.0488 32.9911 1.57225
-50.1851 32.7108 1.57704
-50.1897 32.7247 1.57681
-50.1866 32.7198 1.57691
-50.1913 32.733 1.57669
-50.0419 33.9738 1.56114
-50.046 33.9885 1.56092
-50.0432 33.9832 1.56102
-50.0474 33.9971 1.5608
-50.1885 33.7169 1.56557
-50.1928 33.7308 1.56536
-50.1899 33.726 1.56545
-50.1944 33.7391 1.56525
-50.0432 34.9762 1.56293
-50.047 34.9909 1.56272
-50.0443 34.9855 1.56281
-50.0484 34.9995 1.56261
-50.1941 34.7193 1.56737
-50.1983 34.7332 1.56718
-50.1954 34.7284 1.56726
-50.1998 34.7416 1.56707
-50.0121 35.9703 1.56838
-50.0158 35.9849 1.56819
-50.0132 35.9796 1.56827
-50.017 35.9936 1.56809
-50.1675 35.7137 1.57283
-50.1715 35.7276 1.57266
-50.1687 35.7227 1.57273
-50.1728 35.7359 1.57257
-50.0285 36.9801 1.56322
-50.032 36.9947 1.56303
-50.0294 36.9894 1.56311
-50.0331 37.0034 1.56294
-50.1884 36.7234 1.56769
-50.1922 36.7373 1.56752
-50.1895 36.7325 1.56759
-50.1935 36.7457 1.56743
-50.0162 37.9782 1.56166
-50.0196 37.9929 1.56148
-50.0171 37.9876 1.56155
-50.0206 38.0015 1.56138
-50.1805 37.7216 1.56612
-50.1842 37.7355 1.56595
-50.1815 37.7307 1.56602
-50.1854 37.7439 1.56586
-50.0273 38.9962 1.5643
-50.0305 39.0108 1.56413
-50.0281 39.0055 1.5642
-50.0314 39.0195 1.56404
-50.1961 38.7396 1.56876
-50.1996 38.7535 1.5686
-50.197 38.7487 1.56866
-50.2007 38.7619 1.56851
-50.0138 39.9624 1.57517
-50.0168 39.9771 1.57501
-50.0144 39.9718 1.57508
-50.0176 39.9857 1.57493
-50.1868 39.7059 1.57965
-50.1901 39.7199 1.5795
-50.1876 39.715 1.57956
-50.1912 39.7282 1.57942
-50.0181 40.9991 1.56469
-50.0209 41.0138 1.56454
-50.0187 41.0085 1.5646
-50.0217 41.0224 1.56445
-50.1957 40.7426 1.56917
-50.199 40.7565 1.56903
-50.1965 40.7517 1.56908
-50.1999 40.7649 1.56895
-50.0328 41.9888 1.55985
-50.0355 42.0035 1.5597
-50.0333 41.9982 1.55976
-50.0362 42.0121 1.55962
-50.2148 41.7323 1.56436
-50.2179 41.7462 1.56421
-50.2155 41.7414 1.56427
-50.2188 41.7546 1.56414
-50.0146 42.9914 1.56606
-50.0171 43.0061 1.56591
-50.0149 43.0008 1.56597
-50.0177 43.0148 1.56584
-50.2011 42.7351 1.57062
-50.204 42.749 1.57048
-50.2016 42.7442 1.57054
-50.2048 42.7574 1.57041
-50.0388 43.9906 1.55709
-50.0412 44.0053 1.55694
-50.0391 44 1.557
-50.0417 44.014 1.55687
-50.2299 43.7341 1.56166
-50.2327 43.7481 1.56152
-50.2303 43.7432 1.56158
-50.2334 43.7564 1.56145
-50.0235 44.9842 1.56231
-50.0258 44.9988 1.56217
-50.0238 44.9935 1.56223
-50.0263 45.0075 1.56209
-50.2192 44.7278 1.56692
-50.2219 44.7417 1.56679
-50.2196 44.7369 1.56684
-50.2225 44.7501 1.56672
-49.0432 44.9864 -0.0056604
-49.0455 45.001 -0.00579711
-49.0435 44.9957 -0.00573689
-49.046 45.0096 -0.00586437
-49.2389 44.7347 -0.000910941
-49.2416 44.7485 -0.00103533
-49.2393 44.7437 -0.000982564
-49.2423 44.7568 -0.00109744
-48.0597 44.9868 0.000360219
-48.062 45.0012 0.00023975
-48.0599 44.996 0.000300479
-48.0625 45.0097 0.000190737
-48.2553 44.7399 0.00549005
-48.258 44.7536 0.00538387
-48.2557 44.7489 0.00543632
-48.2587 44.7619 0.0053412
-47.073 44.9943 -0.000963707
-47.0753 45.0086 -0.00107837
-47.0733 45.0035 -0.00101739
-47.0758 45.0171 -0.00112073
-47.2687 44.7526 0.00431608
-47.2714 44.7662 0.00421649
-47.2691 44.7615 0.00426885
-47.2721 44.7744 0.00418095
-46.0725 44.9989 -0.00207921
-46.0748 45.0131 -0.00218963
-46.0728 45.008 -0.00212857
-46.0753 45.0215 -0.00222713
-46.2682 44.7625 0.00332527
-46.2709 44.7761 0.00323061
-46.2686 44.7714 0.00328274
-46.2716 44.7843 0.00320032
-45.0748 44.9863 -0.0029259
-45.0771 45.0004 -0.0030317
-45.075 44.9954 -0.00297042
-45.0776 45.0088 -0.00306362
-45.2704 44.7555 0.00264743
-45.2731 44.7689 0.00255833
-45.2708 44.7644 0.00261024
-45.2738 44.7771 0.00253413
-44.0928 44.9957 -0.000656466
-44.0951 45.0097 -0.000759897
-44.093 45.0048 -0.000698688
-44.0956 45.0181 -0.000788897
-44.2884 44.7706 0.00504786
-44.2912 44.7839 0.00496191
-44.2889 44.7794 0.00501335
-44.2918 44.7921 0.00494103
-43.0846 44.9695 0.00579015
-43.0869 44.9834 0.00568687
-43.0848 44.9785 0.0057479
-43.0874 44.9918 0.00565838
-43.2801 44.7502 0.0115964
-43.2828 44.7635 0.0115112
-43.2805 44.7591 0.0115621
-43.2835 44.7717 0.0114912
-42.0714 44.9502 0.00133849
-42.0738 44.964 0.00123388
-42.0717 44.9592 0.00129377
-42.0743 44.9724 0.00120333
-42.2668 44.737 0.00720797
-42.2696 44.7502 0.007122
-42.2673 44.7458 0.0071714
-42.2702 44.7583 0.00710004
-41.0876 44.966 0.00859649
-41.0899 44.9798 0.00849007
-41.0878 44.975 0.008547
-41.0904 44.9881 0.0084551
-41.2831 44.7587 0.0144918
-41.2858 44.7719 0.0144043
-41.2835 44.7675 0.0144505
-41.2865 44.78 0.0143779
-40.0901 44.9705 0.0223093
-40.0924 44.9841 0.0222018
-40.0903 44.9794 0.0222556
-40.0929 44.9924 0.0221627
-40.2856 44.7692 0.0282064
-40.2883 44.7822 0.028118
-40.286 44.7779 0.0281608
-40.289 44.7903 0.0280875
-39.066 44.9837 0.0134991
-39.0684 44.9972 0.0133838
-39.0663 44.9926 0.013439
-39.0689 45.0055 0.0133384
-39.2616 44.7885 0.019371
-39.2644 44.8015 0.0192748
-39.2621 44.7972 0.0193189
-39.2651 44.8096 0.0192379
-38.0659 45.0048 0.0179014
-38.0682 45.0182 0.0177779
-38.0662 45.0136 0.0178331
-38.0688 45.0264 0.0177243
-38.2616 44.8156 0.0237226
-38.2644 44.8284 0.0236181
-38.2621 44.8242 0.0236622
-38.2651 44.8365 0.0235728
-37.0575 44.9897 0.00997309
-37.0599 45.003 0.00984741
-37.0578 44.9985 0.00989597
-37.0604 45.0112 0.00978496
-37.2532 44.8065 0.0157196
-37.2559 44.8192 0.0156127
-37.2536 44.8151 0.0156501
-37.2566 44.8273 0.0155583
-36.0773 44.9684 -0.00289508
-36.0797 44.9816 -0.00306226
-36.0776 44.9771 -0.00299714
-36.0803 44.9898 -0.00315044
-36.2728 44.791 0.0025968
-36.2757 44.8038 0.00244698
-36.2733 44.7996 0.00250151
-36.2764 44.8118 0.00236598
-35.0703 44.9721 -0.00858205
-35.0728 44.9852 -0.00877749
-35.0706 44.9807 -0.00870227
-35.0733 44.9932 -0.00888367
-35.2658 44.8003 -0.00314546
-35.2687 44.8129 -0.00332373
-35.2663 44.8088 -0.00325915
-35.2694 44.8208 -0.003423
-34.0572 44.9585 0.00255679
-34.0597 44.9713 0.00232443
-34.0575 44.9669 0.00241219
-34.0602 44.9792 0.0021949
-34.2524 44.7923 0.00806459
-34.2553 44.8046 0.00785008
-34.2529 44.8006 0.0079266
-34.256 44.8124 0.00772755
-33.0498 44.9577 0.00369082
-33.0523 44.9703 0.00340098
-33.0501 44.966 0.00350729
-33.0529 44.978 0.00323403
-33.2445 44.7973 0.00927478
-33.2474 44.8094 0.00900372
-33.245 44.8055 0.00909786
-33.2482 44.817 0.00884379
-32.075 44.9465 -0.0165143
-32.0775 44.9587 -0.0168466
-32.0753 44.9546 -0.016726
-32.0781 44.9663 -0.0170408
-32.2692 44.7918 -0.0109131
-32.2721 44.8036 -0.0112261
-32.2697 44.7997 -0.0111182
-32.2728 44.811 -0.0114132
-31.0667 44.9477 -0.0117063
-31.0693 44.9595 -0.0120658
-31.067 44.9555 -0.0119349
-31.0699 44.9668 -0.0122765
-31.2604 44.7989 -0.00614721
-31.2634 44.8103 -0.00648701
-31.2609 44.8065 -0.00636953
-31.2641 44.8175 -0.00669103
-30.0501 44.9452 -0.000688809
-30.0527 44.9565 -0.00104838
-30.0505 44.9527 -0.000923119
-30.0533 44.9636 -0.0012652
-30.2433 44.8022 0.00476776
-30.2463 44.8132 0.00442653
-30.2438 44.8096 0.00453946
-30.247 44.8201 0.00421612
-29.0587 44.9434 0.00117063
-29.0613 44.9543 0.00082542
-29.0591 44.9506 0.000941604
-29.0619 44.9611 0.000612927
-29.2514 44.8061 0.00646611
-29.2544 44.8167 0.00613767
-29.2519 44.8132 0.00624268
-29.2552 44.8234 0.00593115
-28.1052 44.9519 0.00492773
-28.1078 44.9624 0.00461065
-28.1056 44.9588 0.0047145
-28.1085 44.969 0.00441245
-28.2975 44.8199 0.0100072
-28.3005 44.8301 0.0097051
-28.2981 44.8268 0.00979909
-28.3013 44.8365 0.00951233
-27.1174 44.9569 0.00211186
-27.1201 44.9671 0.00183709
-27.1179 44.9636 0.0019253
-27.1208 44.9734 0.00166351
-27.3093 44.8302 0.00691828
-27.3123 44.84 0.00665642
-27.3099 44.8368 0.00673619
-27.3132 44.8462 0.00648763
-26.1278 44.9126 -0.0111553
-26.1305 44.9225 -0.0114248
-26.1282 44.9191 -0.0113353
-26.1312 44.9287 -0.0115922
-26.3193 44.7907 -0.00641534
-26.3224 44.8002 -0.00667231
-26.3199 44.7971 -0.00659102
-26.3232 44.8063 -0.00683501
-25.1227 44.9325 -0.0139263
-25.1254 44.9422 -0.0141839
-25.1231 44.9389 -0.0140996
-25.126 44.9482 -0.0143452
-25.3142 44.8154 -0.00925996
-25.3173 44.8247 -0.00950545
-25.3148 44.8216 -0.00942916
-25.3181 44.8306 -0.00966224
-24.1275 44.9432 -0.00238078
-24.1302 44.9526 -0.00262771
-24.1279 44.9493 -0.00254743
-24.1309 44.9584 -0.00278289
-24.319 44.8307 0.00220433
-24.3221 44.8398 0.00196915
-24.3196 44.8368 0.00204168
-24.3229 44.8455 0.00181824
-23.1205 44.9342 0.00364558
-23.1232 44.9433 0.00337421
-23.1209 44.9402 0.00346146
-23.1239 44.9489 0.00320225
-23.3116 44.8265 0.00825179
-23.3148 44.8353 0.00799249
-23.3123 44.8324 0.00807174
-23.3156 44.8409 0.0078249
-22.0769 44.9615 0.00664097
-22.0797 44.9702 0.00636094
-22.0774 44.9672 0.0064503
-22.0804 44.9757 0.0061826
-22.2679 44.8588 0.0112229
-22.2711 44.8673 0.010955
-22.2686 44.8645 0.0110363
-22.2719 44.8726 0.010781
-21.0604 44.9742 0.0104221
-21.0632 44.9827 0.0101393
-21.0609 44.9798 0.0102295
-21.0639 44.9879 0.00995901
-21.2514 44.8763 0.014995
-21.2546 44.8844 0.0147242
-21.2521 44.8817 0.0148064
-21.2554 44.8896 0.0145483
-20.0562 44.9809 0.0034616
-20.059 44.9891 0.00317828
-20.0567 44.9863 0.00326875
-20.0597 44.9941 0.00299771
-20.2472 44.8876 0.00801734
-20.2503 44.8955 0.00774606
-20.2478 44.8928 0.00782851
-20.2512 44.9004 0.00756981
-19.0567 44.9591 -0.00356373
-19.0595 44.967 -0.00385285
-19.0572 44.9643 -0.00376057
-19.0602 44.9719 -0.00403724
-19.2476 44.8704 0.000996663
-19.2508 44.878 0.00071967
-19.2483 44.8754 0.000803857
-19.2516 44.8827 0.000539615
-18.0586 44.9669 -0.00235643
-18.0614 44.9744 -0.0026719
-18.0591 44.9718 -0.00257156
-18.0621 44.979 -0.00287376
-18.2495 44.8827 0.00224124
-18.2526 44.89 0.00193834
-18.2501 44.8875 0.00203027
-18.2534 44.8946 0.00174095
-17.0635 44.9714 -0.00123777
-17.0663 44.9785 -0.00156506
-17.064 44.976 -0.00146169
-17.067 44.9829 -0.00177531
-17.2543 44.8919 0.00337727
-17.2574 44.8988 0.00306277
-17.2549 44.8965 0.00315757
-17.2583 44.9031 0.00285707
-16.0385 44.9817 -0.00300826
-16.0413 44.9884 -0.00333237
-16.039 44.986 -0.00323121
-16.042 44.9926 -0.00354165
-16.2292 44.907 0.00160376
-16.2324 44.9135 0.00129243
-16.2299 44.9113 0.00138504
-16.2332 44.9176 0.0010877
-15.0618 44.9896 -0.00283214
-15.0645 44.996 -0.00313944
-15.0622 44.9937 -0.00304481
-15.0652 44.9999 -0.00333885
-15.2524 44.9195 0.00175737
-15.2556 44.9257 0.00146264
-15.2531 44.9235 0.00154891
-15.2564 44.9295 0.00126774
-14.0706 44.9453 0.00185655
-14.0734 44.9513 0.00156946
-14.0711 44.9492 0.00165626
-14.0741 44.955 0.00138192
-14.2611 44.8798 0.00641899
-14.2642 44.8856 0.00614418
-14.2617 44.8836 0.00622283
-14.265 44.8893 0.00596107
-13.087 44.9297 -0.000990747
-13.0898 44.9354 -0.00125846
-13.0875 44.9334 -0.00117864
-13.0905 44.9389 -0.00143414
-13.2774 44.8687 0.00354303
-13.2805 44.8743 0.00328731
-13.278 44.8723 0.00335922
-13.2813 44.8777 0.00311599
-12.0665 44.9329 0.0026219
-12.0693 44.9383 0.00242935
-12.067 44.9364 0.0024808
-12.07 44.9415 0.00229855
-12.2568 44.8767 0.00706556
-12.2599 44.8819 0.00688386
-12.2574 44.8801 0.00692822
-12.2607 44.8851 0.00675708
-11.0608 44.9418 0.0070556
-11.0636 44.947 0.0068913
-11.0613 44.9451 0.00693214
-11.0642 44.9501 0.0067774
-11.251 44.8901 0.0114498
-11.2541 44.8951 0.0112959
-11.2517 44.8933 0.0113299
-11.255 44.8982 0.0111858
-10.054 44.9488 -0.000937649
-10.0568 44.9538 -0.00109861
-10.0545 44.952 -0.00105895
-10.0575 44.9568 -0.00121053
-10.2443 44.9015 0.00340945
-10.2474 44.9063 0.0032587
-10.2449 44.9046 0.00329171
-10.2482 44.9093 0.00315057
-9.08706 44.932 -0.0126756
-9.08982 44.9368 -0.0128303
-9.08754 44.935 -0.0127928
-9.0905 44.9397 -0.0129386
-9.27721 44.8888 -0.00847622
-9.2803 44.8935 -0.00862118
-9.27783 44.8918 -0.0085901
-9.28114 44.8963 -0.0087259
-8.11378 44.9381 -0.00913608
-8.11653 44.9427 -0.00928874
-8.11425 44.941 -0.00925172
-8.11721 44.9455 -0.009396
-8.30389 44.8985 -0.00517715
-8.30698 44.9031 -0.00532082
-8.30451 44.9014 -0.00528976
-8.3078 44.9058 -0.00542483
-7.09369 44.9337 -0.011524
-7.09643 44.9382 -0.0116663
-7.09416 44.9365 -0.011633
-7.09711 44.9408 -0.0117673
-7.28373 44.8978 -0.00770497
-7.28681 44.9022 -0.00783874
-7.28434 44.9005 -0.00781105
-7.28763 44.9048 -0.00793676
-6.08236 44.9248 0.00176636
-6.08509 44.9291 0.00164288
-6.08282 44.9275 0.00166927
-6.08577 44.9316 0.00155315
-6.2723 44.8924 0.00554511
-6.27537 44.8966 0.00542977
-6.2729 44.895 0.00545076
-6.27619 44.8991 0.00534297
-5.07542 44.9368 0.00766941
-5.07815 44.9409 0.00757302
-5.07589 44.9393 0.00758923
-5.07882 44.9433 0.00749972
-5.26535 44.9078 0.0115072
-5.26841 44.9118 0.0114188
-5.26595 44.9103 0.0114298
-5.26922 44.9142 0.0113485
-4.03614 44.9438 0.00396388
-4.03888 44.9478 0.00386166
-4.03661 44.9462 0.00388111
-4.03955 44.9502 0.00378555
-4.22618 44.9183 0.00762789
-4.22924 44.9222 0.00753324
-4.22678 44.9207 0.00754767
-4.23005 44.9245 0.00745987
-3.05206 44.9469 -0.0235718
-3.05479 44.9508 -0.0236702
-3.05252 44.9493 -0.023651
-3.05545 44.953 -0.0237434
-3.24194 44.9245 -0.0201952
-3.245 44.9283 -0.020287
-3.24254 44.9268 -0.0202723
-3.24581 44.9305 -0.0203578
-2.01436 44.9228 -0.0150724
-2.01709 44.9266 -0.0151618
-2.01482 44.925 -0.0151456
-2.01775 44.9287 -0.0152295
-2.204 44.9033 -0.0118534
-2.20705 44.907 -0.0119367
-2.20459 44.9056 -0.0119246
-2.20785 44.9092 -0.0120023
-1.03055 44.9194 -0.0215937
-1.03327 44.923 -0.0216691
-1.03101 44.9215 -0.0216584
-1.03393 44.9251 -0.0217287
-1.22001 44.9026 -0.0184087
-1.22306 44.9062 -0.0184784
-1.2206 44.9047 -0.0184717
-1.22385 44.9082 -0.018536
0.00142023 44.9141 -0.0220909
-0.00128922 44.9176 -0.0221473
0.000968383 44.9161 -0.0221449
-0.00194223 44.9196 -0.0221963
-0.187856 44.9 -0.0188108
-0.190892 44.9035 -0.0188612
-0.188438 44.9021 -0.0188628
-0.191681 44.9055 -0.0189082
1.00748 44.9166 -0.0148759
1.00478 44.92 -0.014908
1.00703 44.9186 -0.0149166
1.00413 44.922 -0.0149438
0.818361 44.9053 -0.0113738
0.815333 44.9087 -0.0113997
0.817783 44.9073 -0.0114124
0.814549 44.9107 -0.0114332
2.00618 44.894 -0.0111904
2.00349 44.8974 -0.0111933
2.00574 44.8959 -0.0112155
2.00284 44.8993 -0.0112134
1.81731 44.8857 -0.00734109
1.81429 44.8891 -0.00733713
1.81674 44.8877 -0.00736372
1.81352 44.891 -0.00735451
2.9802 44.8706 0.00041608
2.9775 44.874 0.000423687
2.97975 44.8725 0.000396749
2.97686 44.8759 0.000409359
2.79132 44.8661 0.00435138
2.7883 44.8694 0.00436598
2.79075 44.868 0.00433463
2.78752 44.8713 0.00435438
3.98701 44.8889 0.00401069
3.98432 44.8923 0.00402365
3.98657 44.8908 0.00399431
3.98368 44.8942 0.00401228
3.79816 44.8883 0.00799407
3.79514 44.8917 0.00801411
3.79759 44.8902 0.00798033
3.79437 44.8936 0.00800552
4.97802 44.8901 0.000855382
4.97533 44.8935 0.000873853
4.97758 44.892 0.000842006
4.97469 44.8954 0.000865489
4.78927 44.8934 0.00489517
4.78625 44.8969 0.00492082
4.7887 44.8953 0.00488449
4.78548 44.8987 0.0049153
5.98869 44.9003 0.00171062
5.986 44.9038 0.00173608
5.98825 44.9022 0.00170183
5.98536 44.9057 0.00173187
5.7998 44.9076 0.00566345
5.79678 44.9111 0.00569569
5.79923 44.9095 0.0056572
5.79601 44.9129 0.00569415
6.99932 44.9383 0.00625892
6.99663 44.9418 0.00628948
6.99888 44.9401 0.0062535
6.99599 44.9436 0.00628836
6.81024 44.9493 0.0101509
6.80723 44.9528 0.010188
6.80968 44.9512 0.0101479
6.80646 44.9547 0.0101894
8.00069 44.9537 0.00690483
7.99799 44.9573 0.00694283
8.00025 44.9556 0.00690395
7.99736 44.9592 0.00694602
7.81163 44.9684 0.0107742
7.80861 44.9719 0.0108185
7.81106 44.9703 0.0107757
7.80784 44.9738 0.0108242
9.0019 44.9588 0.0049044
8.9992 44.9624 0.00494599
9.00145 44.9607 0.00490535
8.99856 44.9643 0.0049511
8.81289 44.9769 0.00883216
8.80987 44.9806 0.00888026
8.81232 44.9789 0.00883556
8.8091 44.9824 0.00888796
9.98571 44.9532 0.001447
9.98301 44.9569 0.0014902
9.98527 44.9552 0.00144875
9.98237 44.9588 0.00149613
9.79673 44.9751 0.00539781
9.79371 44.9788 0.00544756
9.79616 44.977 0.00540204
9.79294 44.9807 0.0054561
10.9786 44.9636 0.00149164
10.9759 44.9674 0.00153805
10.9782 44.9656 0.00149515
10.9753 44.9693 0.00154575
10.7898 44.9892 0.00546786
10.7867 44.9929 0.00552088
10.7892 44.9911 0.00547389
10.786 44.9948 0.00553123
11.9863 44.9575 -0.0129036
11.9836 44.9613 -0.0128562
11.9858 44.9595 -0.0128995
11.9829 44.9632 -0.0128479
11.7976 44.9867 -0.00892771
11.7946 44.9905 -0.00887362
11.797 44.9886 -0.00892106
11.7938 44.9924 -0.00886262
13.013 44.9344 -0.00538946
13.0102 44.9382 -0.00534754
13.0125 44.9363 -0.00538914
13.0096 44.9402 -0.00534254
12.8245 44.9673 -0.00132021
12.8215 44.9711 -0.00127121
12.8239 44.9692 -0.00131716
12.8207 44.9731 -0.00126334
14.0136 44.9381 0.0107803
14.0109 44.942 0.0108196
14.0132 44.94 0.0107789
14.0102 44.9439 0.0108231
13.8252 44.9749 0.0148839
13.8222 44.9789 0.0149305
13.8246 44.9769 0.0148853
13.8214 44.9808 0.0149369
15.025 44.9549 0.00893817
15.0223 44.9589 0.0089736
15.0246 44.9569 0.00893417
15.0216 44.9608 0.00897474
14.8366 44.9958 0.0130979
14.8335 44.9998 0.0131408
14.836 44.9978 0.0130968
14.8327 45.0018 0.013145
15.0419 43.9345 -1.56685
15.0392 43.9385 -1.56682
15.0414 43.9365 -1.56685
15.0385 43.9405 -1.56682
14.8578 43.9755 -1.56263
14.8547 43.9794 -1.5626
14.8572 43.9774 -1.56264
14.8539 43.9814 -1.56259
15.0362 42.974 -1.55419
15.0335 42.9779 -1.55417
15.0357 42.9759 -1.5542
15.0329 42.9799 -1.55417
14.8562 43.0148 -1.54994
14.8532 43.0188 -1.5499
14.8556 43.0168 -1.54995
14.8524 43.0207 -1.5499
15.0427 41.9842 -1.56568
15.04 41.9881 -1.56565
15.0422 41.9861 -1.56569
15.0393 41.9901 -1.56566
14.8669 42.0249 -1.56139
14.8639 42.0289 -1.56136
14.8663 42.0269 -1.5614
14.8631 42.0309 -1.56136
15.061 40.9932 -1.56995
15.0583 40.9971 -1.56992
15.0605 40.9951 -1.56996
15.0576 40.9991 -1.56993
14.8895 41.0339 -1.56564
14.8866 41.0379 -1.56561
14.8889 41.0359 -1.56565
14.8857 41.0399 -1.56561
15.034 39.9921 -1.56577
15.0314 39.9961 -1.56575
15.0335 39.9941 -1.56578
15.0307 39.9981 -1.56575
14.867 40.0326 -1.56145
14.8641 40.0365 -1.56142
14.8663 40.0346 -1.56146
14.8632 40.0385 -1.56142
15.0215 38.9904 -1.57771
15.0188 38.9944 -1.57768
15.0209 38.9924 -1.57772
15.0181 38.9963 -1.57768
14.8589 39.0306 -1.5734
14.856 39.0346 -1.57337
14.8582 39.0326 -1.57341
14.8551 39.0366 -1.57337
15.0143 37.9863 -1.56828
15.0117 37.9902 -1.56825
15.0137 37.9882 -1.56829
15.0109 37.9922 -1.56825
14.856 38.0263 -1.56398
14.8532 38.0303 -1.56394
14.8554 38.0283 -1.56399
14.8523 38.0323 -1.56394
15.037 36.963 -1.56736
15.0345 36.967 -1.56732
15.0365 36.965 -1.56736
15.0337 36.969 -1.56732
14.8833 37.0031 -1.5631
14.8804 37.0071 -1.56305
14.8826 37.0051 -1.5631
14.8796 37.009 -1.56305
15.009 35.9625 -1.57137
15.0065 35.9664 -1.57132
15.0084 35.9644 -1.57137
15.0057 35.9684 -1.57131
14.8596 36.0022 -1.56721
14.8568 36.0061 -1.56715
14.8589 36.0042 -1.5672
14.856 36.0081 -1.56714
15.0275 34.9442 -1.573
15.025 34.9481 -1.57294
15.0269 34.9461 -1.57299
15.0243 34.9501 -1.57292
14.8824 34.9837 -1.56887
14.8796 34.9876 -1.5688
14.8817 34.9857 -1.56886
14.8788 34.9896 -1.56878
15.017 33.9561 -1.56691
15.0145 33.96 -1.56684
15.0164 33.9581 -1.56689
15.0138 33.962 -1.56682
14.876 33.9954 -1.5628
14.8733 33.9994 -1.56272
14.8753 33.9974 -1.56278
14.8725 34.0013 -1.5627
15.013 32.9254 -1.56666
15.0106 32.9293 -1.56658
15.0125 32.9274 -1.56664
15.01 32.9313 -1.56656
14.8763 32.9646 -1.56257
14.8737 32.9686 -1.56249
14.8757 32.9666 -1.56255
14.8729 32.9705 -1.56247
14.9966 31.9515 -1.56579
14.9942 31.9554 -1.56571
14.996 31.9534 -1.56576
14.9936 31.9573 -1.56568
14.864 31.9905 -1.56178
14.8615 31.9944 -1.56169
14.8633 31.9924 -1.56175
14.8607 31.9964 -1.56166
15.0031 30.9403 -1.56846
15.0008 30.9442 -1.56837
15.0025 30.9423 -1.56843
15.0002 30.9462 -1.56834
14.8745 30.9792 -1.56443
14.872 30.9831 -1.56434
14.8739 30.9812 -1.5644
14.8713 30.9851 -1.56431
15.0324 29.9222 -1.56806
15.0303 29.9261 -1.56798
15.0319 29.9242 -1.56804
15.0297 29.9281 -1.56795
14.908 29.9612 -1.56407
14.9056 29.9651 -1.56397
14.9074 29.9632 -1.56404
14.9049 29.9671 -1.56394
15.0275 28.9187 -1.57219
15.0255 28.9226 -1.5721
15.0271 28.9206 -1.57216
15.0249 28.9245 -1.57207
14.9071 28.9573 -1.56817
14.9048 28.9612 -1.56807
14.9065 28.9593 -1.56814
14.9041 28.9632 -1.56804
15.01 27.9274 -1.58307
15.008 27.9312 -1.58298
15.0095 27.9293 -1.58304
15.0074 27.9331 -1.58295
14.8936 27.9654 -1.57906
14.8914 27.9693 -1.57896
14.893 27.9674 -1.57903
14.8907 27.9713 -1.57893
14.989 26.9328 -1.57648
14.9871 26.9366 -1.57638
14.9886 26.9347 -1.57644
14.9866 26.9385 -1.57635
14.8767 26.9703 -1.5725
14.8746 26.9742 -1.5724
14.8762 26.9723 -1.57247
14.874 26.9761 -1.57236
14.9865 25.9374 -1.56499
14.9847 25.9412 -1.5649
14.9861 25.9393 -1.56496
14.9842 25.9431 -1.56486
14.878 25.9747 -1.561
14.876 25.9786 -1.5609
14.8776 25.9766 -1.56097
14.8755 25.9805 -1.56086
15.0123 24.9514 -1.57425
15.0105 24.9553 -1.57415
15.0119 24.9534 -1.57422
15.01 24.9571 -1.57412
14.9078 24.9888 -1.57026
14.9058 24.9927 -1.57016
14.9073 24.9908 -1.57022
14.9053 24.9946 -1.57012
14.9914 23.9499 -1.57441
14.9898 23.9537 -1.57432
14.9911 23.9518 -1.57438
14.9894 23.9556 -1.57429
14.891 23.9871 -1.57046
14.8892 23.991 -1.57036
14.8906 23.9891 -1.57043
14.8887 23.9929 -1.57033
15.0018 22.9353 -1.57144
15.0003 22.9391 -1.57135
15.0015 22.9372 -1.57141
14.9999 22.9409 -1.57132
14.9054 22.9723 -1.56745
14.9037 22.9761 -1.56736
14.9051 22.9742 -1.56742
14.9033 22.978 -1.56732
14.979 21.9258 -1.56707
14.9775 21.9295 -1.56699
14.9787 21.9276 -1.56705
14.9771 21.9314 -1.56697
14.8867 21.9625 -1.56309
14.885 21.9662 -1.563
14.8863 21.9644 -1.56306
14.8846 21.9681 -1.56297
14.9851 20.9217 -1.58009
14.9837 20.9255 -1.58002
14.9848 20.9236 -1.58007
14.9833 20.9273 -1.57999
14.8969 20.9582 -1.57614
14.8953 20.962 -1.57606
14.8965 20.9601 -1.57612
14.8949 20.9639 -1.57604
14.9759 19.9111 -1.56595
14.9746 19.9149 -1.56587
14.9757 19.913 -1.56593
14.9742 19.9167 -1.56585
14.8917 19.9475 -1.56202
14.8902 19.9512 -1.56194
14.8913 19.9494 -1.56199
14.8898 19.9531 -1.56191
15.005 18.8992 -1.57833
15.0037 18.9029 -1.57826
15.0047 18.901 -1.57831
15.0034 18.9047 -1.57823
14.9247 18.9354 -1.57443
14.9233 18.9391 -1.57435
14.9244 18.9373 -1.5744
14.9229 18.941 -1.57432
15.0092 17.9004 -1.58566
15.008 17.9041 -1.58558
15.009 17.9023 -1.58563
15.0077 17.9059 -1.58555
14.9329 17.936 -1.58185
14.9316 17.9397 -1.58177
14.9326 17.9378 -1.58183
14.9312 17.9415 -1.58174
14.9661 16.9138 -1.57745
14.965 16.9174 -1.57736
14.9659 16.9156 -1.57742
14.9647 16.9192 -1.57733
14.8936 16.9488 -1.5737
14.8923 16.9524 -1.57361
14.8933 16.9506 -1.57367
14.892 16.9542 -1.57358
14.9649 15.9278 -1.57744
14.9638 15.9314 -1.57735
14.9647 15.9296 -1.57741
14.9635 15.9332 -1.57732
14.896 15.9628 -1.5737
14.8948 15.9665 -1.5736
14.8958 15.9646 -1.57367
14.8945 15.9683 -1.57357
14.9704 14.9104 -1.57993
14.9694 14.914 -1.57984
14.9702 14.9122 -1.5799
14.9691 14.9158 -1.57981
14.9053 14.9451 -1.57622
14.9042 14.9488 -1.57613
14.9051 14.9469 -1.57619
14.9039 14.9505 -1.57609
13.9487 14.9027 -3.13952
13.9477 14.9062 -3.13943
13.9486 14.9045 -3.13949
13.9475 14.9079 -3.1394
13.8837 14.9335 -3.13586
13.8826 14.937 -3.13577
13.8835 14.9352 -3.13583
13.8823 14.9387 -3.13574
12.9552 14.94 3.13075
12.9542 14.9434 3.13083
12.9551 14.9417 3.13077
12.954 14.945 3.13086
12.8901 14.967 3.13435
12.889 14.9704 3.13444
12.8899 14.9688 3.13438
12.8887 14.9721 3.13447
11.9678 14.96 3.13706
11.9667 14.9632 3.13714
11.9676 14.9616 3.13709
11.9665 14.9649 3.13717
11.9026 14.9836 3.14063
11.9015 14.9869 3.14072
11.9024 14.9853 3.14066
11.9012 14.9886 3.14075
10.9602 14.9371 3.13614
10.9592 14.9403 3.13622
10.96 14.9388 3.13616
10.9589 14.942 3.13624
10.8952 14.9573 3.13971
10.8941 14.9605 3.13979
10.895 14.959 3.13974
10.8938 14.9622 3.13982
9.95545 14.9428 3.13355
9.95441 14.9459 3.13362
9.95525 14.9444 3.13356
9.95415 14.9475 3.13364
9.89056 14.9593 3.13707
9.88941 14.9625 3.13715
9.89032 14.961 3.1371
9.8891 14.9641 3.13717
8.95078 14.9501 3.13035
8.94972 14.9531 3.13041
8.95057 14.9517 3.13036
8.94945 14.9547 3.13042
8.886 14.9632 3.13376
8.88483 14.9663 3.13383
8.88575 14.9649 3.13378
8.88451 14.9679 3.13384
7.95576 14.9622 -3.13844
7.95466 14.9652 -3.13838
7.95554 14.9638 -3.13843
7.95438 14.9667 -3.13837
7.89092 14.9723 -3.13512
7.88972 14.9753 -3.13506
7.89065 14.9739 -3.13511
7.88939 14.9768 -3.13505
6.95614 14.9408 -3.13294
6.95502 14.9437 -3.1329
6.95591 14.9424 -3.13294
6.95473 14.9453 -3.13289
6.89136 14.9479 -3.12965
6.89013 14.9508 -3.1296
6.89108 14.9495 -3.12964
6.88979 14.9524 -3.12959
5.9259 14.9333 3.13806
5.92475 14.9362 3.1381
5.92565 14.9349 3.13807
5.92444 14.9378 3.13811
5.86113 14.9373 3.14142
5.85988 14.9402 3.14147
5.86084 14.9389 3.14142
5.85952 14.9418 3.14148
4.93805 14.9364 3.1323
4.93689 14.9393 3.13234
4.9378 14.938 3.13231
4.93658 14.9409 3.13235
4.87325 14.9372 3.13569
4.87199 14.9401 3.13574
4.87296 14.9388 3.1357
4.87164 14.9416 3.13575
4.91654 15.9344 1.57048
4.91534 15.9373 1.57053
4.91629 15.936 1.57049
4.91502 15.9389 1.57054
4.84826 15.9352 1.5739
4.84695 15.9381 1.57395
4.84796 15.9368 1.57391
4.84659 15.9396 1.57396
4.92817 16.9427 1.56913
4.92693 16.9456 1.56918
4.92791 16.9443 1.56914
4.9266 16.9472 1.56919
4.85635 16.9435 1.57254
4.85499 16.9464 1.5726
4.85604 16.9451 1.57255
4.85461 16.948 1.57261
4.94477 17.9382 1.56896
4.94347 17.9412 1.56901
4.9445 17.9398 1.56897
4.94313 17.9428 1.56902
4.8694 17.9394 1.57244
4.86797 17.9423 1.57249
4.86907 17.941 1.57245
4.86757 17.9439 1.57251
4.94113 18.9502 1.57442
4.93977 18.9532 1.57447
4.94084 18.9518 1.57443
4.93941 18.9548 1.57448
4.86218 18.9514 1.57792
4.86069 18.9544 1.57798
4.86184 18.9531 1.57793
4.86028 18.956 1.57799
4.93543 19.9603 1.56848
4.93402 19.9632 1.56853
4.93513 19.9619 1.56849
4.93365 19.9648 1.56855
4.8529 19.9614 1.57201
4.85136 19.9644 1.57207
4.85255 19.9631 1.57202
4.85093 19.966 1.57208
4.9481 20.9529 1.57655
4.94663 20.9559 1.5766
4.94779 20.9545 1.57656
4.94625 20.9575 1.57661
4.86192 20.9541 1.58011
4.86032 20.9571 1.58016
4.86155 20.9558 1.58012
4.85987 20.9587 1.58018
4.96567 21.9585 1.57143
4.96415 21.9615 1.57148
4.96535 21.9602 1.57144
4.96374 21.9631 1.5715
4.87585 21.9599 1.57505
4.87419 21.9629 1.57511
4.87548 21.9616 1.57507
4.87372 21.9645 1.57513
4.92887 22.9508 1.57002
4.92728 22.9539 1.57007
4.92853 22.9525 1.57003
4.92685 22.9555 1.57009
4.83504 22.9522 1.57376
4.83329 22.9552 1.57382
4.83464 22.9539 1.57377
4.8328 22.9569 1.57384
4.94746 23.9553 1.57347
4.94581 23.9584 1.57353
4.94711 23.957 1.57348
4.94536 23.96 1.57354
4.8497 23.9568 1.57727
4.84789 23.9599 1.57733
4.84928 23.9585 1.57728
4.84738 23.9615 1.57735
4.94547 24.938 1.56959
4.94375 24.941 1.56965
4.9451 24.9396 1.56961
4.94329 24.9427 1.56967
4.84381 24.9395 1.57342
4.84193 24.9426 1.57349
4.84338 24.9412 1.57344
4.8414 24.9442 1.57351
4.97991 25.9401 1.57332
4.97813 25.9431 1.57338
4.97953 25.9417 1.57333
4.97765 25.9448 1.57339
4.87431 25.9417 1.57713
4.87236 25.9448 1.57719
4.87386 25.9434 1.57714
4.87181 25.9464 1.57721
4.9751 26.9339 1.56763
4.97326 26.937 1.56769
4.9747 26.9356 1.56764
4.97276 26.9386 1.56771
4.8656 26.9356 1.57153
4.86358 26.9387 1.57159
4.86513 26.9373 1.57154
4.86301 26.9403 1.57161
4.95538 27.9249 1.56568
4.95347 27.928 1.56575
4.95497 27.9266 1.5657
4.95295 27.9297 1.56576
4.84169 27.9266 1.56971
4.8396 27.9297 1.56978
4.84121 27.9283 1.56972
4.839 27.9314 1.5698
4.96951 28.9342 1.5715
4.96753 28.9373 1.57156
4.96908 28.9359 1.57151
4.96698 28.939 1.57158
4.85135 28.9359 1.57555
4.84917 28.9391 1.57562
4.85084 28.9377 1.57556
4.84854 28.9408 1.57564
4.96375 29.93 1.57521
4.9617 29.9331 1.57528
4.9633 29.9317 1.57523
4.96113 29.9348 1.5753
4.84155 29.9318 1.57933
4.8393 29.9349 1.5794
4.84102 29.9335 1.57934
4.83865 29.9366 1.57942
4.97294 30.9215 1.57082
4.97083 30.9246 1.57088
4.97248 30.9232 1.57084
4.97025 30.9263 1.5709
4.84658 30.9234 1.57498
4.84426 30.9265 1.57505
4.84604 30.9251 1.57499
4.84359 30.9282 1.57507
4.99618 31.9089 1.57628
4.994 31.9121 1.57634
4.9957 31.9107 1.57629
4.9934 31.9139 1.57635
4.86557 31.9111 1.58048
4.86317 31.9142 1.58054
4.865 31.9128 1.58049
4.86248 31.9159 1.58056
4.97491 32.922 1.5669
4.97266 32.9253 1.56695
4.97442 32.9238 1.56691
4.97204 32.927 1.56696
4.83979 32.9243 1.57112
4.83732 32.9275 1.57118
4.83921 32.9261 1.57113
4.83661 32.9293 1.57119
4.96556 33.9398 1.55735
4.96326 33.943 1.5574
4.96507 33.9416 1.55735
4.96263 33.9448 1.5574
4.8261 33.9422 1.56158
4.82357 33.9454 1.56163
4.82551 33.944 1.56158
4.82285 33.9472 1.56164
4.96964 34.9559 1.56101
4.9673 34.9591 1.56106
4.96914 34.9577 1.56102
4.96666 34.9609 1.56107
4.82582 34.9583 1.56529
4.82324 34.9616 1.56534
4.82523 34.9601 1.56529
4.8225 34.9633 1.56535
5.00025 35.9769 1.56814
4.99785 35.9802 1.56818
4.99974 35.9787 1.56814
4.99721 35.9819 1.56819
4.85199 35.9795 1.57247
4.84935 35.9828 1.57252
4.85139 35.9813 1.57248
4.8486 35.9845 1.57253
5.00659 36.949 1.55812
5.00415 36.9523 1.55816
5.00608 36.9508 1.55812
5.00349 36.954 1.55817
4.854 36.9516 1.5625
4.85131 36.9549 1.56255
4.8534 36.9534 1.5625
4.85054 36.9566 1.56256
4.97897 37.9524 1.55967
4.97648 37.9557 1.55971
4.97846 37.9542 1.55967
4.97581 37.9575 1.55971
4.82168 37.9551 1.56416
4.81892 37.9584 1.56421
4.82106 37.9569 1.56416
4.81815 37.9602 1.56421
4.98844 38.9094 1.57082
4.98591 38.9127 1.57085
4.98794 38.9112 1.57081
4.98524 38.9145 1.57085
4.82655 38.9123 1.57534
4.82374 38.9156 1.57538
4.82593 38.9142 1.57533
4.82296 38.9174 1.57539
4.98236 39.9015 1.55593
4.97979 39.9049 1.55596
4.98186 39.9033 1.55592
4.97911 39.9067 1.55596
4.81562 39.9046 1.56039
4.81276 39.908 1.56043
4.815 39.9065 1.56038
4.81197 39.9098 1.56043
4.99023 40.9027 1.54974
4.98762 40.906 1.54977
4.98973 40.9045 1.54973
4.98695 40.9079 1.54976
4.81886 40.9059 1.55415
4.81596 40.9093 1.55418
4.81824 40.9078 1.55414
4.81517 40.9111 1.55418
4.99911 41.8861 1.55467
4.99648 41.8895 1.55469
4.99863 41.8879 1.55466
4.99581 41.8913 1.55469
4.82324 41.8894 1.55899
4.8203 41.8928 1.55902
4.82263 41.8913 1.55898
4.81951 41.8946 1.55902
4.99738 42.8849 1.55924
4.99472 42.8883 1.55927
4.99691 42.8868 1.55923
4.99406 42.8902 1.55926
4.81721 42.8883 1.56354
4.81424 42.8917 1.56357
4.81661 42.8901 1.56353
4.81346 42.8935 1.56357
4.98508 43.885 1.56699
4.9824 43.8884 1.56701
4.98462 43.8869 1.56698
4.98175 43.8903 1.567
4.80057 43.8884 1.57118
4.79758 43.8918 1.57121
4.79999 43.8903 1.57117
4.7968 43.8936 1.5712
4.97579 44.8899 1.56766
4.9731 44.8934 1.56768
4.97535 44.8918 1.56765
4.97246 44.8952 1.56767
4.78707 44.8933 1.57174
4.78406 44.8967 1.57177
4.7865 44.8952 1.57173
4.78328 44.8985 1.57176
4.97748 45.9094 1.56914
4.97477 45.9129 1.56916
4.97705 45.9113 1.56913
4.97414 45.9147 1.56916
4.78454 45.9127 1.57311
4.7815 45.9161 1.57314
4.78398 45.9146 1.5731
4.78073 45.918 1.57314
5.0173 46.8716 1.57049
5.01457 46.875 1.57051
5.01688 46.8735 1.57048
5.01394 46.8769 1.57051
4.82031 46.8751 1.57439
4.81724 46.8786 1.57442
4.81976 46.877 1.57439
4.81647 46.8804 1.57442
4.98936 47.8903 1.57087
4.98661 47.8938 1.57089
4.98896 47.8923 1.57086
4.98599 47.8957 1.57088
4.78816 47.8939 1.57464
4.78507 47.8973 1.57467
4.78762 47.8958 1.57464
4.78431 47.8992 1.57467
4.97505 48.9036 1.57791
4.97228 48.9071 1.57793
4.97466 48.9055 1.5779
4.97168 48.9089 1.57792
4.76998 48.9071 1.58166
4.76686 48.9106 1.58168
4.76945 48.9091 1.58165
4.7661 48.9125 1.58168
4.98 49.9057 1.57476
4.97719 49.9091 1.57478
4.97961 49.9076 1.57475
4.97658 49.911 1.57478
4.77118 49.9092 1.57847
4.76801 49.9127 1.5785
4.77065 49.9111 1.57846
4.76726 49.9145 1.5785
5.99934 49.894 -0.00138628
5.99652 49.8975 -0.00135665
5.99894 49.8959 -0.00139143
5.99591 49.8993 -0.00135801
5.79057 49.9013 0.00232793
5.78739 49.9048 0.00236342
5.79003 49.9032 0.0023249
5.78663 49.9066 0.00236431
6.97542 49.9249 0.00792119
6.97258 49.9284 0.00795721
6.97501 49.9268 0.0079197
6.97196 49.9303 0.0079594
6.76654 49.9358 0.0116563
6.76335 49.9393 0.0116982
6.766 49.9377 0.011657
6.76257 49.9412 0.0117026
7.97699 49.9187 -0.00250167
7.97414 49.9223 -0.0024587
7.97658 49.9206 -0.00249911
7.9735 49.9241 -0.00245263
7.76814 49.9333 0.00124242
7.76492 49.9369 0.00129114
7.76758 49.9352 0.00124708
7.76414 49.9388 0.00129943
8.97222 49.9011 0.00381372
8.96933 49.9047 0.00386843
8.97179 49.903 0.00382309
8.96868 49.9066 0.00388103
8.76342 49.9194 0.00757396
8.76018 49.9231 0.00763428
8.76285 49.9214 0.00758539
8.75938 49.9249 0.00764906
9.97066 49.9146 0.00206084
9.96774 49.9183 0.002128
9.97021 49.9165 0.00207738
9.96706 49.9202 0.00214745
9.7618 49.9367 0.00584085
9.75851 49.9403 0.00591347
9.7612 49.9386 0.00585941
9.75769 49.9422 0.00593504
9.97782 48.9131 -1.57145
9.97498 48.9168 -1.5714
9.97739 48.915 -1.57145
9.97434 48.9186 -1.57139
9.77276 48.9352 -1.56767
9.76958 48.9389 -1.56761
9.7722 48.9371 -1.56766
9.76879 48.9408 -1.5676
9.99569 47.918 -1.57309
9.9929 47.9216 -1.57304
9.99527 47.9199 -1.57308
9.99227 47.9235 -1.57303
9.79446 47.9402 -1.56926
9.79133 47.9438 -1.56921
9.79391 47.9421 -1.56925
9.79056 47.9457 -1.5692
9.99834 46.8988 -1.58475
9.99559 46.9024 -1.58471
9.99792 46.9007 -1.58475
9.99495 46.9043 -1.5847
9.80127 46.9208 -1.58082
9.79818 46.9245 -1.58077
9.80071 46.9228 -1.58082
9.7974 46.9264 -1.58077
9.98785 45.9362 -1.5695
9.98512 45.9399 -1.56946
9.98741 45.9382 -1.5695
9.98448 45.9418 -1.56946
9.79481 45.9582 -1.56554
9.79175 45.9618 -1.56549
9.79424 45.9601 -1.56553
9.79097 45.9637 -1.56548
9.98357 44.9379 -1.55331
9.98088 44.9416 -1.55327
9.98313 44.9398 -1.55331
9.98024 44.9434 -1.55327
9.79457 44.9598 -1.54931
9.79155 44.9634 -1.54926
9.794 44.9617 -1.5493
9.79078 44.9653 -1.54925
9.97886 43.9387 -1.54897
9.97621 43.9423 -1.54893
9.97842 43.9406 -1.54897
9.97557 43.9442 -1.54893
9.79393 43.9605 -1.54495
9.79096 43.9642 -1.5449
9.79337 43.9624 -1.54495
9.79019 43.9661 -1.54489
10.0024 42.9532 -1.56448
9.99983 42.9569 -1.56444
10.002 42.9551 -1.56448
9.99919 42.9588 -1.56444
9.82164 42.975 -1.56037
9.81871 42.9787 -1.56033
9.82107 42.9769 -1.56037
9.81794 42.9806 -1.56032
10.0207 41.9642 -1.57435
10.0181 41.9679 -1.57431
10.0202 41.9662 -1.57435
10.0174 41.9698 -1.57431
9.84411 41.986 -1.57008
9.84122 41.9897 -1.57004
9.84354 41.9879 -1.57008
9.84046 41.9916 -1.57003
10.0558 40.9602 -1.56709
10.0533 40.9638 -1.56705
10.0554 40.9621 -1.56709
10.0526 40.9657 -1.56705
9.88374 40.9821 -1.5627
9.88088 40.9857 -1.56266
9.88316 40.984 -1.5627
9.88012 40.9876 -1.56265
10.0355 39.969 -1.56351
10.033 39.9727 -1.56348
10.035 39.9709 -1.56352
10.0323 39.9745 -1.56348
9.86794 39.9907 -1.55905
9.86512 39.9944 -1.55901
9.86735 39.9926 -1.55905
9.86435 39.9962 -1.55901
10.0424 38.9603 -1.56722
10.0399 38.9639 -1.56719
10.0419 38.9622 -1.56723
10.0393 38.9658 -1.56719
9.87956 38.982 -1.56274
9.87677 38.9856 -1.5627
9.87896 38.9839 -1.56274
9.876 38.9874 -1.56269
10.0185 37.9832 -1.5736
10.016 37.9868 -1.57357
10.018 37.9851 -1.57361
10.0154 37.9887 -1.57357
9.86024 38.0048 -1.56913
9.85748 38.0084 -1.56909
9.85963 38.0066 -1.56914
9.85671 38.0102 -1.56909
10.0154 36.9507 -1.5776
10.013 36.9543 -1.57756
10.0149 36.9526 -1.5776
10.0123 36.9561 -1.57756
9.86193 36.9721 -1.5732
9.85922 36.9757 -1.57315
9.86132 36.974 -1.5732
9.85845 36.9776 -1.57314
9.98963 35.9789 -1.59885
9.9872 35.9825 -1.59881
9.98911 35.9808 -1.59885
9.98653 35.9843 -1.5988
9.84058 36.0001 -1.59456
9.8379 36.0037 -1.59451
9.83996 36.002 -1.59456
9.83714 36.0056 -1.5945
9.98029 34.9757 -1.58864
9.97789 34.9793 -1.58859
9.97976 34.9776 -1.58863
9.97723 34.9811 -1.58858
9.83573 34.9968 -1.58451
9.8331 35.0004 -1.58445
9.83511 34.9987 -1.5845
9.83233 35.0023 -1.58444
9.97231 33.9975 -1.58342
9.96997 34.001 -1.58336
9.97179 33.9993 -1.58341
9.96931 34.0028 -1.58335
9.83185 34.0184 -1.57933
9.82927 34.022 -1.57927
9.83124 34.0203 -1.57932
9.82852 34.0238 -1.57925
9.9721 32.9882 -1.57785
9.96981 32.9917 -1.57779
9.97159 32.99 -1.57784
9.96917 32.9935 -1.57778
9.83585 33.009 -1.57377
9.83334 33.0125 -1.5737
9.83525 33.0108 -1.57376
9.8326 33.0144 -1.57368
9.96931 31.9929 -1.58311
9.96708 31.9964 -1.58304
9.9688 31.9947 -1.58309
9.96645 31.9982 -1.58302
9.83739 32.0135 -1.57904
9.83494 32.017 -1.57897
9.8368 32.0154 -1.57903
9.83423 32.0188 -1.57895
9.96267 30.9658 -1.57904
9.9605 30.9693 -1.57897
9.96218 30.9676 -1.57902
9.95989 30.9711 -1.57894
9.8352 30.9862 -1.57505
9.83283 30.9897 -1.57498
9.83463 30.988 -1.57503
9.83213 30.9915 -1.57495
10.002 29.9621 -1.57513
9.99989 29.9656 -1.57506
10.0015 29.9639 -1.57511
9.9993 29.9674 -1.57504
9.87858 29.9823 -1.57116
9.87628 29.9858 -1.57108
9.87802 29.9842 -1.57113
9.8756 29.9876 -1.57105
10.0053 28.9584 -1.58101
10.0033 28.9619 -1.58093
10.0048 28.9602 -1.58099
10.0027 28.9637 -1.58091
9.88619 28.9784 -1.577
9.88397 28.9819 -1.57692
9.88566 28.9803 -1.57698
9.88333 28.9837 -1.57689
9.99074 27.9391 -1.59198
9.98879 27.9425 -1.59191
9.9903 27.9409 -1.59196
9.98825 27.9443 -1.59189
9.87601 27.9588 -1.58802
9.87388 27.9622 -1.58794
9.8755 27.9606 -1.588
9.87326 27.964 -1.58792
9.94084 26.9292 -1.57335
9.93897 26.9326 -1.57328
9.94042 26.931 -1.57333
9.93845 26.9344 -1.57326
9.83041 26.9485 -1.56952
9.82836 26.9519 -1.56944
9.82993 26.9503 -1.5695
9.82777 26.9536 -1.56942
9.94897 25.9281 -1.57276
9.94718 25.9315 -1.57269
9.94858 25.9299 -1.57274
9.94669 25.9333 -1.57267
9.84255 25.9475 -1.56899
9.84058 25.9508 -1.56891
9.84209 25.9492 -1.56897
9.84002 25.9526 -1.56889
9.97676 24.9163 -1.56833
9.97504 24.9197 -1.56825
9.97639 24.918 -1.56831
9.97457 24.9214 -1.56823
9.87409 24.9356 -1.56455
9.8722 24.9389 -1.56447
9.87365 24.9373 -1.56453
9.87166 24.9407 -1.56445
9.94714 23.9257 -1.57626
9.94549 23.929 -1.57619
9.94679 23.9274 -1.57624
9.94504 23.9308 -1.57616
9.84819 23.9448 -1.57247
9.84637 23.9481 -1.57239
9.84777 23.9465 -1.57245
9.84585 23.9499 -1.57237
9.97923 22.9206 -1.58986
9.97764 22.924 -1.58979
9.97889 22.9224 -1.58984
9.97721 22.9257 -1.58977
9.88433 22.9397 -1.58607
9.88258 22.9431 -1.586
9.88393 22.9415 -1.58605
9.88209 22.9448 -1.58597
9.96478 21.9344 -1.5883
9.96326 21.9377 -1.58823
9.96446 21.9361 -1.58828
9.96285 21.9394 -1.58821
9.87398 21.953 -1.58462
9.87231 21.9563 -1.58454
9.8736 21.9547 -1.58459
9.87184 21.958 -1.58452
9.97161 20.9298 -1.59332
9.97015 20.9331 -1.59325
9.9713 20.9315 -1.5933
9.96977 20.9348 -1.59323
9.88452 20.9482 -1.58965
9.88293 20.9515 -1.58957
9.88416 20.9499 -1.58963
9.88248 20.9532 -1.58955
9.93598 19.918 -1.5722
9.9346 19.9212 -1.57213
9.9357 19.9197 -1.57218
9.93423 19.9229 -1.57211
9.85267 19.9361 -1.56853
9.85115 19.9394 -1.56846
9.85233 19.9378 -1.56851
9.85072 19.941 -1.56843
9.95614 18.9167 -1.56826
9.95482 18.9199 -1.56819
9.95587 18.9184 -1.56824
9.95447 18.9216 -1.56817
9.87655 18.9346 -1.56461
9.8751 18.9379 -1.56454
9.87622 18.9364 -1.56459
9.8747 18.9396 -1.56451
9.95693 17.9168 -1.56509
9.95568 17.92 -1.56502
9.95668 17.9185 -1.56508
9.95535 17.9217 -1.565
9.88109 17.9343 -1.56146
9.87972 17.9375 -1.56139
9.88079 17.9359 -1.56144
9.87934 17.9391 -1.56136
9.97935 16.9382 -1.57901
9.97817 16.9413 -1.57894
9.97912 16.9398 -1.57899
9.97786 16.943 -1.57891
9.90718 16.9552 -1.57542
9.90588 16.9583 -1.57534
9.90689 16.9568 -1.57539
9.90552 16.96 -1.57531
9.97442 15.9722 -1.57409
9.97331 15.9753 -1.57402
9.9742 15.9738 -1.57407
9.97302 15.9769 -1.57399
9.90577 15.9889 -1.57052
9.90454 15.9921 -1.57044
9.9055 15.9906 -1.57049
9.9042 15.9937 -1.57041
9.95336 14.9479 -1.57624
9.95232 14.951 -1.57617
9.95317 14.9495 -1.57622
9.95206 14.9526 -1.57615
9.88842 14.9645 -1.5727
9.88727 14.9676 -1.57263
9.88818 14.9662 -1.57268
9.88696 14.9693 -1.5726
9.92277 13.9322 -1.58549
9.9218 13.9353 -1.58542
9.92259 13.9338 -1.58547
9.92156 13.9369 -1.58539
9.86148 13.9485 -1.5819
9.8604 13.9516 -1.58182
9.86126 13.9501 -1.58188
9.86012 13.9532 -1.5818
9.9174 12.9399 -1.57846
9.91649 12.943 -1.57839
9.91723 12.9415 -1.57844
9.91627 12.9446 -1.57837
9.85972 12.956 -1.57483
9.85871 12.9591 -1.57476
9.85952 12.9576 -1.57481
9.85845 12.9607 -1.57473
9.95616 11.9264 -1.57384
9.95533 11.9293 -1.57376
9.95602 11.9279 -1.57382
9.95514 11.9308 -1.57373
9.90263 11.9414 -1.56993
9.90171 11.9444 -1.56984
9.90245 11.943 -1.56991
9.90147 11.9459 -1.56981
9.94775 10.9674 -1.57682
9.94701 10.9702 -1.57673
9.94763 10.9689 -1.57679
9.94684 10.9716 -1.5767
9.89843 10.9812 -1.57274
9.89761 10.984 -1.57264
9.89828 10.9827 -1.57271
9.8974 10.9854 -1.57261
9.93883 9.9771 -1.58653
9.9382 9.97975 -1.58643
9.93874 9.97848 -1.5865
9.93806 9.9811 -1.5864
9.89402 9.98963 -1.5824
9.89331 9.99228 -1.5823
9.8939 9.99101 -1.58237
9.89314 9.99364 -1.58227
9.91835 8.9914 -1.59404
9.91782 8.9939 -1.59394
9.91829 8.9927 -1.59401
9.91772 8.99518 -1.59391
9.87808 9.00263 -1.58998
9.87748 9.00514 -1.58987
9.87799 9.00394 -1.58995
9.87734 9.00642 -1.58984
9.88394 7.97631 -1.58824
9.88352 7.97867 -1.58815
9.88391 7.97754 -1.58822
9.88345 7.97988 -1.58812
9.84826 7.9862 -1.58438
9.84778 7.98856 -1.58428
9.8482 7.98743 -1.58435
9.84768 7.98977 -1.58425
9.8937 6.98642 -1.57216
9.89339 6.98864 -1.57206
9.8937 6.98757 -1.57213
9.89336 6.98977 -1.57203
9.86231 6.99513 -1.5686
9.86195 6.99735 -1.56851
9.86229 6.99629 -1.56857
9.86189 6.99849 -1.56847
9.90474 5.95729 -1.56326
9.90452 5.95944 -1.56318
9.90477 5.9584 -1.56324
9.90451 5.96053 -1.56315
9.87722 5.96556 -1.55983
9.87694 5.96771 -1.55974
9.87722 5.96667 -1.5598
9.87691 5.9688 -1.55971
9.91272 4.9539 -1.55335
9.91256 4.95597 -1.55327
9.91276 4.95496 -1.55333
9.91258 4.95703 -1.55325
9.88884 4.9617 -1.55009
9.88864 4.96378 -1.55
9.88886 4.96278 -1.55007
9.88863 4.96484 -1.54998
9.93187 3.96481 -1.55577
9.9318 3.96682 -1.55567
9.93193 3.96584 -1.55574
9.93184 3.96784 -1.55564
9.91152 3.97215 -1.55253
9.91141 3.97416 -1.55243
9.91157 3.97319 -1.5525
9.91144 3.97518 -1.55239
9.94496 2.96033 -1.55569
9.94502 2.96222 -1.55556
9.94507 2.9613 -1.55564
9.94511 2.96318 -1.5555
9.92859 2.96677 -1.55247
9.92862 2.96866 -1.55233
9.92869 2.96774 -1.55241
9.9287 2.96962 -1.55227
9.97018 1.9501 -1.5627
9.97042 1.9519 -1.56252
9.97037 1.95102 -1.56262
9.97059 1.9528 -1.56245
9.95761 1.95586 -1.5595
9.95783 1.95766 -1.55933
9.95779 1.95678 -1.55943
9.95799 1.95857 -1.55925
9.97587 0.936154 -1.5634
9.97634 0.937851 -1.5632
9.97616 0.937021 -1.56331
9.9766 0.938707 -1.56311
9.96708 0.941174 -1.56037
9.96753 0.942876 -1.56017
9.96736 0.942047 -1.56028
9.96779 0.943736 -1.56008
9.99169 -0.0310665 -1.57462
9.99236 -0.0294597 -1.5744
9.99207 -0.0302471 -1.57452
9.99273 -0.0286513 -1.5743
9.98634 -0.0268102 -1.57197
9.987 -0.0251991 -1.57175
9.98671 -0.0259858 -1.57187
9.98735 -0.0243861 -1.57164
9.97015 -1.037 -1.56202
9.97107 -1.03546 -1.56178
9.97064 -1.03622 -1.5619
9.97154 -1.03469 -1.56167
9.96775 -1.03356 -1.5596
9.96866 -1.03202 -1.55936
9.96824 -1.03277 -1.55949
9.96913 -1.03124 -1.55925
9.94957 -2.01768 -1.56541
9.95073 -2.01634 -1.56511
9.95018 -2.017 -1.56526
9.95133 -2.01568 -1.56497
9.95021 -2.01712 -1.56273
9.95137 -2.01579 -1.56243
9.95082 -2.01644 -1.56259
9.95196 -2.01512 -1.56229
9.96018 -3.03956 -1.56645
9.96166 -3.03829 -1.56613
9.96094 -3.03892 -1.5663
9.9624 -3.03766 -1.56598
9.96383 -3.03994 -1.56372
9.9653 -3.03867 -1.56339
9.96459 -3.03929 -1.56356
9.96604 -3.03803 -1.56324
9.98572 -4.01555 -1.56473
9.98752 -4.01434 -1.56438
9.98663 -4.01494 -1.56457
9.98841 -4.01374 -1.56422
9.99232 -4.01681 -1.56199
9.99411 -4.0156 -1.56164
9.99323 -4.0162 -1.56182
9.99501 -4.01499 -1.56147
10.0027 -5.03175 -1.56482
10.0048 -5.03053 -1.56447
10.0038 -5.03114 -1.56466
10.0059 -5.02992 -1.56431
10.0121 -5.03294 -1.56199
10.0143 -5.03172 -1.56163
10.0132 -5.03232 -1.56182
10.0154 -5.03111 -1.56147
10.0085 -6.05297 -1.57289
10.011 -6.05179 -1.57251
10.0098 -6.05237 -1.57271
10.0123 -6.0512 -1.57234
10.021 -6.05485 -1.56994
10.0235 -6.05366 -1.56956
10.0222 -6.05425 -1.56976
10.0248 -6.05307 -1.56938
10.0157 -7.05358 -1.57342
10.0187 -7.05248 -1.57299
10.0172 -7.05303 -1.57321
10.0202 -7.05194 -1.57279
10.0314 -7.05687 -1.57027
10.0344 -7.05577 -1.56984
10.0328 -7.05631 -1.57007
10.0358 -7.05522 -1.56964
10.0095 -8.03602 -1.57635
10.013 -8.03511 -1.57585
10.0112 -8.03556 -1.57611
10.0148 -8.03465 -1.57561
10.0291 -8.04232 -1.57278
10.0327 -8.0414 -1.57228
10.0309 -8.04185 -1.57254
10.0344 -8.04094 -1.57204
10.0202 -9.02605 -1.56363
10.0244 -9.02535 -1.56307
10.0223 -9.0257 -1.56336
10.0264 -9.02501 -1.56281
10.0443 -9.03607 -1.55968
10.0485 -9.03536 -1.55913
10.0464 -9.03571 -1.55942
10.0506 -9.03501 -1.55886
10.0265 -9.99338 -1.56856
10.0314 -9.9929 -1.56798
10.0289 -9.99315 -1.56828
10.0338 -9.99267 -1.56771
10.0554 -10.0071 -1.56447
10.0604 -10.0066 -1.5639
10.0578 -10.0069 -1.5642
10.0627 -10.0064 -1.56363
11.0425 -9.94675 -0.00130855
11.0474 -9.94575 -0.000822853
11.0449 -9.94627 -0.00107724
11.0498 -9.94526 -0.000593294
11.0716 -9.95643 0.00269789
11.0765 -9.95541 0.00318192
11.074 -9.95594 0.00292843
11.0789 -9.95493 0.00341061
12.0624 -9.96554 0.000567596
12.0674 -9.9641 0.000977028
12.0648 -9.96484 0.00076348
12.0698 -9.96341 0.00117144
12.0919 -9.9712 0.00451674
12.0969 -9.96976 0.00492548
12.0944 -9.9705 0.00471231
12.0994 -9.96907 0.00511951
13.0334 -9.9797 0.00879104
13.0385 -9.97793 0.00913894
13.0359 -9.97885 0.00895837
13.0409 -9.97708 0.00930501
13.0633 -9.98161 0.012701
13.0684 -9.97983 0.013049
13.0658 -9.98075 0.0128684
13.0709 -9.97898 0.0132151
13.9911 -10.0019 0.00836794
13.9963 -9.99985 0.00866872
13.9936 -10.0009 0.00851342
13.9988 -9.99887 0.00881308
14.0215 -10.0001 0.0122558
14.0267 -9.99808 0.0125574
14.024 -9.99915 0.0124017
14.0292 -9.9971 0.0127021
14.9318 -9.99655 0.0121059
14.9371 -9.99428 0.0123742
14.9344 -9.99546 0.0122364
14.9396 -9.9932 0.0125036
14.9625 -9.99121 0.0159909
14.9678 -9.98894 0.0162605
14.9651 -9.99011 0.016122
14.9703 -9.98785 0.0163905
15.9407 -10.0074 0.00851193
15.946 -10.0049 0.00876303
15.9433 -10.0062 0.00863453
15.9486 -10.0037 0.00888459
15.9718 -9.99823 0.0124132
15.9771 -9.99574 0.012666
15.9744 -9.99703 0.0125366
15.9797 -9.99455 0.0127883
16.9766 -9.99922 0.00338213
16.9819 -9.99654 0.00363217
16.9792 -9.99792 0.00350442
16.9845 -9.99526 0.00375335
17.008 -9.98608 0.0073211
17.0134 -9.98339 0.00757298
17.0106 -9.98477 0.00744421
17.016 -9.98209 0.00769497
18.0272 -9.98775 0.00414442
18.0327 -9.98491 0.00441418
18.0299 -9.98637 0.00427623
18.0353 -9.98354 0.00454482
18.059 -9.97055 0.00814293
18.0644 -9.96769 0.00841478
18.0616 -9.96916 0.00827571
18.0671 -9.96631 0.00854638
19.0393 -9.96639 0.0087968
19.0448 -9.96334 0.00910224
19.042 -9.96491 0.00894561
19.0474 -9.96187 0.00924974
19.0712 -9.94522 0.0128769
19.0768 -9.94215 0.0131846
19.074 -9.94373 0.0130268
19.0794 -9.94067 0.0133331
19.9664 -9.97241 -0.00356783
19.972 -9.96914 -0.00321249
19.9692 -9.97082 -0.00339539
19.9747 -9.96756 -0.00304156
19.9988 -9.94754 0.000611863
20.0044 -9.94425 0.000969358
20.0016 -9.94594 0.000785352
20.0071 -9.94266 0.0011413
20.9848 -9.91249 -0.00593647
20.9904 -9.90889 -0.00563271
20.9876 -9.91074 -0.00578696
20.9932 -9.90715 -0.00548463
21.0174 -9.88326 -0.00150814
21.023 -9.87964 -0.00120101
21.0201 -9.8815 -0.00135706
21.0258 -9.87789 -0.00105138
21.9999 -9.90046 -0.00194715
22.0056 -9.89658 -0.0016858
22.0027 -9.89857 -0.00181624
22.0084 -9.89471 -0.00155629
22.0329 -9.86664 0.00270714
22.0386 -9.86273 0.00297286
22.0357 -9.86474 0.00284005
22.0414 -9.86085 0.00310438
22.9679 -9.89476 -0.00709475
22.9738 -9.89066 -0.00686725
22.9708 -9.89276 -0.00697843
22.9766 -9.88869 -0.00675232
23.0013 -9.85634 -0.00223654
23.0072 -9.85221 -0.00200388
23.0042 -9.85432 -0.00211786
23.01 -9.85021 -0.00188657
23.997 -9.91783 -0.000799098
24.003 -9.91353 -0.000593204
24 -9.91573 -0.000693421
24.0059 -9.91145 -0.000488901
24.031 -9.87431 0.00423643
24.037 -9.86997 0.00444827
24.034 -9.87219 0.00434476
24.0399 -9.86787 0.00455526
25.0223 -9.90683 0.00494596
25.0284 -9.90235 0.00513952
25.0253 -9.90464 0.0050453
25.0313 -9.90018 0.00523748
25.0567 -9.85805 0.0101365
25.0627 -9.85353 0.0103366
25.0597 -9.85584 0.0102387
25.0657 -9.85133 0.0104374
26.025 -9.89302 -0.00044729
26.0311 -9.88839 -0.000256926
26.028 -9.89075 -0.000350049
26.0341 -9.88614 -0.000161113
26.0597 -9.83895 0.00487686
26.0658 -9.83426 0.00507414
26.0628 -9.83665 0.0049771
26.0688 -9.83198 0.005173
27.0501 -9.86797 -0.009231
27.0564 -9.86318 -0.00903424
27.0532 -9.86561 -0.00913138
27.0594 -9.86084 -0.00893613
27.0852 -9.80834 -0.00379358
27.0914 -9.80349 -0.00358971
27.0883 -9.80596 -0.00369091
27.0945 -9.80112 -0.0034885
28.0433 -9.89867 -0.0106822
28.0496 -9.89372 -0.0104711
28.0464 -9.89623 -0.0105766
28.0527 -9.8913 -0.0103671
28.079 -9.83355 -0.00515749
28.0853 -9.82852 -0.00493929
28.0821 -9.83107 -0.00504884
28.0884 -9.82607 -0.0048322
29.0416 -9.93195 -0.0233892
29.0481 -9.92682 -0.0231559
29.0448 -9.92942 -0.0232739
29.0512 -9.92431 -0.0230424
29.0779 -9.86122 -0.0178035
29.0844 -9.85601 -0.0175632
29.0811 -9.85865 -0.0176854
29.0875 -9.85347 -0.0174468
30.0622 -9.94312 -0.00604823
30.0688 -9.93779 -0.00578401
30.0655 -9.94049 -0.00591941
30.072 -9.93518 -0.00565704
30.099 -9.86659 -0.000425847
30.1056 -9.86117 -0.000154954
30.1023 -9.86392 -0.000294223
30.1088 -9.85853 -2.51537e-05
31.0643 -9.96805 -0.0214087
31.071 -9.96249 -0.0211054
31.0676 -9.96531 -0.0212626
31.0743 -9.95978 -0.0209612
31.1018 -9.88581 -0.015775
31.1084 -9.88015 -0.0154654
31.1051 -9.88302 -0.0156262
31.1117 -9.87739 -0.0153186
32.0824 -9.97984 -0.0179796
32.0892 -9.97401 -0.0176283
32.0858 -9.97696 -0.017812
32.0925 -9.97116 -0.0174629
32.1203 -9.89176 -0.0123585
32.1271 -9.88582 -0.0120016
32.1237 -9.88884 -0.0121886
32.1304 -9.88293 -0.011834
33.0563 -9.98445 -0.0161916
33.0632 -9.97831 -0.015789
33.0598 -9.98143 -0.0159988
33.0666 -9.97532 -0.0155986
33.0948 -9.89081 -0.0106056
33.1016 -9.88455 -0.0101985
33.0982 -9.88773 -0.0104108
33.105 -9.88151 -0.0100062
34.0382 -10.0087 -0.0171383
34.0451 -10.0022 -0.0166764
34.0416 -10.0056 -0.0169165
34.0486 -9.99908 -0.0164572
34.0772 -9.90953 -0.0116123
34.0841 -9.90291 -0.0111471
34.0806 -9.90628 -0.0113889
34.0875 -9.89969 -0.0109264
35.0458 -10.0197 0.00294285
35.0529 -10.0128 0.00347287
35.0493 -10.0163 0.00319774
35.0563 -10.0094 0.00372481
35.0853 -9.91485 0.00838507
35.0923 -9.90779 0.00891689
35.0888 -9.91139 0.00864107
35.0958 -9.90437 0.00916985
36.0626 -10.0228 -0.0108168
36.0698 -10.0154 -0.0103371
36.0662 -10.0192 -0.0105857
36.0734 -10.0118 -0.0101085
36.1027 -9.91198 -0.00493158
36.1098 -9.90444 -0.00444792
36.1063 -9.90829 -0.00469856
36.1134 -9.90079 -0.00421748
37.081 -10.0775 -0.00083953
37.0883 -10.0696 -0.000397022
37.0847 -10.0736 -0.00062577
37.0919 -10.0658 -0.00018547
37.1219 -9.9602 0.00537222
37.1292 -9.95223 0.00582028
37.1255 -9.9563 0.0055885
37.1328 -9.94837 0.00603433
38.0641 -10.0781 -0.00704369
38.0715 -10.0699 -0.00662446
38.0678 -10.0741 -0.0068403
38.0752 -10.0659 -0.00642304
38.1055 -9.95431 -0.000610756
38.1129 -9.94595 -0.00018486
38.1092 -9.95022 -0.00040446
38.1165 -9.9419 1.9457e-05
39.0748 -10.1082 -0.0116253
39.0824 -10.0997 -0.0112158
39.0786 -10.104 -0.0114255
39.0861 -10.0955 -0.0110179
39.1169 -9.9775 -0.00508318
39.1244 -9.96877 -0.00466644
39.1207 -9.97324 -0.00488036
39.1281 -9.96454 -0.00446544
40.0682 -10.1104 -0.0107613
40.0759 -10.1015 -0.0103427
40.072 -10.106 -0.0105583
40.0797 -10.0972 -0.0101417
40.1108 -9.97272 -0.00421647
40.1184 -9.96366 -0.0037907
40.1146 -9.96828 -0.0040104
40.1222 -9.95926 -0.00358658
41.0585 -10.1186 0.00102908
41.0663 -10.1093 0.00146575
41.0624 -10.1141 0.00124229
41.0701 -10.1048 0.00167695
41.1017 -9.97403 0.00746989
41.1094 -9.96456 0.00791329
41.1056 -9.96941 0.00768594
41.1132 -9.95998 0.00812732
42.0437 -10.1244 0.0066197
42.0517 -10.1147 0.00709308
42.0477 -10.1196 0.00684991
42.0555 -10.1101 0.00732095
42.0874 -9.973 0.0128504
42.0953 -9.9632 0.0133293
42.0914 -9.96819 0.013083
42.0992 -9.95844 0.0135596
43.0381 -10.1255 0.0116365
43.0461 -10.1154 0.0121607
43.0421 -10.1205 0.0118908
43.0501 -10.1105 0.0124122
43.0823 -9.96746 0.0175505
43.0903 -9.95724 0.0180786
43.0863 -9.96245 0.0178066
43.0942 -9.95228 0.0183317
44.0371 -10.1217 0.0057087
44.0452 -10.1112 0.0062541
44.0411 -10.1166 0.00597322
44.0491 -10.1061 0.00651568
44.0814 -9.95773 0.0115295
44.0894 -9.947 0.0120781
44.0854 -9.95247 0.0117955
44.0934 -9.94179 0.0123411
45.0099 -10.1032 0.0117139
45.018 -10.0922 0.0122687
45.014 -10.0978 0.0119833
45.022 -10.0868 0.0125351
45.0543 -9.9335 0.0175426
45.0623 -9.92225 0.0181004
45.0583 -9.92799 0.0178135
45.0662 -9.91679 0.0183682
46.0209 -10.0807 0.021076
46.029 -10.0691 0.0216375
46.025 -10.075 0.0213493
46.033 -10.0635 0.0219077
46.0654 -9.90487 0.0269246
46.0734 -9.89307 0.027489
46.0694 -9.8991 0.0271994
46.0773 -9.88736 0.0277605
47.0388 -10.061 0.0123716
47.047 -10.0489 0.0129684
47.0429 -10.0551 0.0126645
47.051 -10.0431 0.0132577
47.0838 -9.87839 0.0182964
47.0919 -9.86613 0.0188952
47.0879 -9.87239 0.0185905
47.0959 -9.8602 0.0191856
48.0341 -10.0801 0.00176041
48.0424 -10.0675 0.00237853
48.0382 -10.0739 0.00206367
48.0464 -10.0614 0.00267804
48.0794 -9.89137 0.00771054
48.0876 -9.87859 0.00833006
48.0835 -9.8851 0.00801492
48.0916 -9.87238 0.00863057
49.0534 -10.0616 0.00715718
49.0617 -10.0485 0.0077602
49.0575 -10.0552 0.00746046
49.0657 -10.0421 0.00805966
49.0987 -9.86682 0.0130735
49.1069 -9.85342 0.0136778
49.1027 -9.86025 0.0133779
49.1108 -9.84691 0.0139783
50.053 -10.0433 0.00230448
50.0612 -10.0295 0.00292189
50.0571 -10.0365 0.00260734
50.0652 -10.0228 0.00322098
50.0982 -9.84258 0.00815464
50.1063 -9.82853 0.00877329
50.1023 -9.83571 0.00845851
50.1103 -9.82173 0.00907327
50.0631 -11.0432 -1.56818
50.0719 -11.0293 -1.56754
50.0675 -11.0364 -1.56787
50.0763 -11.0226 -1.56723
50.1141 -10.8421 -1.56221
50.1229 -10.828 -1.56157
50.1185 -10.8352 -1.5619
50.1272 -10.8212 -1.56126
50.0478 -12.0391 -1.56437
50.0573 -12.0252 -1.5637
50.0525 -12.0323 -1.56404
50.0619 -12.0185 -1.56338
50.1048 -11.8377 -1.55823
50.1141 -11.8236 -1.55756
50.1094 -11.8308 -1.5579
50.1187 -11.8167 -1.55724
50.0472 -13.0287 -1.57403
50.0574 -13.0148 -1.57334
50.0523 -13.0219 -1.5737
50.0623 -13.0081 -1.57302
50.1101 -12.827 -1.56777
50.1202 -12.8129 -1.56708
50.1152 -12.8201 -1.56744
50.1251 -12.8061 -1.56675
50.0366 -14.038 -1.56458
50.0475 -14.0241 -1.56389
50.042 -14.0312 -1.56425
50.0528 -14.0174 -1.56356
50.1058 -13.8362 -1.55822
50.1166 -13.8221 -1.55753
50.1111 -13.8293 -1.55789
50.1218 -13.8153 -1.5572
50.0277 -15.0362 -1.57107
50.0392 -15.0223 -1.57038
50.0334 -15.0294 -1.57074
50.0449 -15.0156 -1.57005
50.1032 -14.8345 -1.56474
50.1147 -14.8204 -1.56405
50.1089 -14.8276 -1.56441
50.1203 -14.8136 -1.56372
50.0527 -16.0361 -1.57245
50.065 -16.0222 -1.57175
50.0588 -16.0293 -1.57211
50.0709 -16.0154 -1.57142
50.1346 -15.8339 -1.56599
50.1468 -15.8198 -1.56529
50.1406 -15.827 -1.56565
50.1527 -15.8129 -1.56495
50.062 -17.044 -1.5668
50.0749 -17.0301 -1.5661
50.0684 -17.0372 -1.56646
50.0812 -17.0233 -1.56576
50.1504 -16.8417 -1.56029
50.1632 -16.8275 -1.55959
50.1567 -16.8347 -1.55995
50.1695 -16.8206 -1.55925
50.0576 -18.0425 -1.56152
50.0713 -18.0285 -1.56081
50.0644 -18.0357 -1.56117
50.078 -18.0218 -1.56047
50.1524 -17.8398 -1.55474
50.166 -17.8256 -1.55403
50.1592 -17.8328 -1.5544
50.1727 -17.8187 -1.55369
50.0457 -19.0379 -1.56662
50.0601 -19.024 -1.56591
50.0528 -19.0311 -1.56627
50.0671 -19.0172 -1.56556
50.1473 -18.835 -1.55967
50.1616 -18.8208 -1.55896
50.1544 -18.828 -1.55932
50.1686 -18.8139 -1.55861
50.0642 -20.054 -1.57881
50.0793 -20.0401 -1.5781
50.0716 -20.0472 -1.57846
50.0867 -20.0333 -1.57775
50.1728 -19.8507 -1.57172
50.1878 -19.8364 -1.571
50.1802 -19.8437 -1.57137
50.1952 -19.8295 -1.57066
50.0652 -21.0696 -1.56921
50.0811 -21.0556 -1.5685
50.073 -21.0627 -1.56886
50.0888 -21.0488 -1.56816
50.181 -20.866 -1.56198
50.1968 -20.8517 -1.56126
50.1888 -20.859 -1.56163
50.2044 -20.8448 -1.56092
50.0677 -22.0741 -1.56992
50.0843 -22.0601 -1.56921
50.0759 -22.0672 -1.56957
50.0924 -22.0533 -1.56887
50.1907 -21.8701 -1.56253
50.2072 -21.8559 -1.56182
50.1988 -21.8631 -1.56218
50.2152 -21.8489 -1.56148
50.0622 -23.0589 -1.56555
50.0795 -23.045 -1.56484
50.0708 -23.0521 -1.5652
50.0879 -23.0382 -1.5645
50.1924 -22.8551 -1.5582
50.2096 -22.8408 -1.55749
50.2009 -22.8481 -1.55785
50.218 -22.8339 -1.55714
50.0541 -24.0471 -1.56951
50.0721 -24.0331 -1.56881
50.063 -24.0402 -1.56916
50.0808 -24.0263 -1.56847
50.1915 -23.8428 -1.56181
50.2095 -23.8285 -1.56111
50.2004 -23.8357 -1.56146
50.2182 -23.8215 -1.56077
50.038 -25.0426 -1.57545
50.0567 -25.0285 -1.57476
50.0472 -25.0357 -1.57511
50.0658 -25.0217 -1.57443
50.1832 -24.8381 -1.56761
50.2018 -24.8238 -1.56692
50.1924 -24.8311 -1.56727
50.2109 -24.8168 -1.56658
50.0731 -26.0533 -1.59049
50.0925 -26.0392 -1.58981
50.0827 -26.0464 -1.59015
50.102 -26.0324 -1.58948
50.2261 -25.8482 -1.58241
50.2455 -25.8338 -1.58173
50.2356 -25.8411 -1.58207
50.2548 -25.8268 -1.5814
50.0586 -27.0467 -1.5766
50.0788 -27.0326 -1.57594
50.0686 -27.0397 -1.57627
50.0885 -27.0258 -1.57562
50.2195 -26.8413 -1.56832
50.2396 -26.827 -1.56766
50.2294 -26.8343 -1.56799
50.2493 -26.82 -1.56733
50.0714 -28.0651 -1.57307
50.0921 -28.051 -1.57241
50.0816 -28.0581 -1.57274
50.1022 -28.0441 -1.57209
50.2406 -27.8594 -1.56463
50.2614 -27.845 -1.56396
50.2509 -27.8523 -1.5643
50.2714 -27.838 -1.56364
50.0666 -29.0629 -1.57273
50.0881 -29.0488 -1.57208
50.0772 -29.056 -1.57241
50.0985 -29.042 -1.57176
50.2443 -28.857 -1.56417
50.2657 -28.8426 -1.56351
50.2549 -28.85 -1.56384
50.2761 -28.8356 -1.56319
50.0875 -30.0476 -1.57249
50.1096 -30.0335 -1.57185
50.0984 -30.0407 -1.57217
50.1204 -30.0267 -1.57153
50.2736 -29.8414 -1.56387
50.2956 -29.827 -1.56322
50.2845 -29.8343 -1.56355
50.3064 -29.82 -1.5629
50.0794 -31.0473 -1.56103
50.1022 -31.0332 -1.56039
50.0907 -31.0404 -1.56072
50.1132 -31.0264 -1.56008
50.2743 -30.8408 -1.55203
50.297 -30.8263 -1.55138
50.2855 -30.8337 -1.55171
50.308 -30.8193 -1.55106
50.0962 -32.0522 -1.56652
50.1196 -32.0382 -1.56589
50.1078 -32.0453 -1.56621
50.131 -32.0313 -1.56557
50.3003 -31.8453 -1.55723
50.3236 -31.8309 -1.55659
50.3118 -31.8382 -1.55691
50.335 -31.8238 -1.55627
50.0641 -33.0496 -1.57102
50.0882 -33.0355 -1.57039
50.076 -33.0427 -1.57071
50.0998 -33.0287 -1.57008
50.2776 -32.8428 -1.56166
50.3016 -32.8284 -1.56102
50.2895 -32.8357 -1.56134
50.3133 -32.8214 -1.5607
50.069 -34.0567 -1.57416
50.0936 -34.0426 -1.57353
50.0811 -34.0497 -1.57385
50.1056 -34.0357 -1.57322
50.292 -33.8496 -1.56468
50.3167 -33.8352 -1.56404
50.3042 -33.8425 -1.56436
50.3287 -33.8282 -1.56372
50.0472 -35.0343 -1.58182
50.0725 -35.0203 -1.58119
50.0597 -35.0274 -1.5815
50.0848 -35.0134 -1.58087
50.2798 -34.8272 -1.57217
50.305 -34.8128 -1.57153
50.2923 -34.8201 -1.57185
50.3173 -34.8058 -1.57121
50.0565 -36.0195 -1.57819
50.0824 -36.0054 -1.57757
50.0693 -36.0125 -1.57788
50.095 -35.9985 -1.57726
50.2986 -35.812 -1.56839
50.3246 -35.7975 -1.56775
50.3115 -35.8049 -1.56807
50.3372 -35.7905 -1.56744
50.0776 -37.0319 -1.5782
50.1041 -37.0178 -1.57758
50.0907 -37.0249 -1.57789
50.117 -37.0109 -1.57727
50.3297 -36.824 -1.56836
50.3563 -36.8096 -1.56772
50.3429 -36.8169 -1.56804
50.3692 -36.8025 -1.56741
50.057 -38.026 -1.57472
50.0841 -38.0119 -1.5741
50.0704 -38.0191 -1.57441
50.0974 -38.0051 -1.5738
50.3191 -37.8181 -1.56474
50.3463 -37.8036 -1.56411
50.3325 -37.811 -1.56442
50.3595 -37.7966 -1.5638
50.0443 -39.0234 -1.57426
50.0721 -39.0093 -1.57364
50.058 -39.0164 -1.57394
50.0856 -39.0025 -1.57333
50.3164 -38.8155 -1.56422
50.3442 -38.8011 -1.5636
50.3302 -38.8084 -1.56391
50.3578 -38.794 -1.56328
50.0525 -40.0314 -1.58151
50.0809 -40.0173 -1.58089
50.0665 -40.0245 -1.5812
50.0947 -40.0105 -1.58059
50.3349 -39.8232 -1.57139
50.3633 -39.8087 -1.57076
50.349 -39.8161 -1.57108
50.3772 -39.8017 -1.57045
50.0363 -41.0237 -1.58001
50.0654 -41.0096 -1.57939
50.0507 -41.0168 -1.5797
50.0795 -41.0028 -1.57909
50.329 -40.8155 -1.56978
50.3581 -40.801 -1.56916
50.3434 -40.8084 -1.56947
50.3723 -40.794 -1.56885
49.9966 -42.0332 -1.56936
50.0262 -42.0191 -1.56875
50.0113 -42.0262 -1.56905
50.0407 -42.0123 -1.56845
50.2999 -41.825 -1.55904
50.3296 -41.8106 -1.55842
50.3146 -41.8179 -1.55873
50.3441 -41.8036 -1.55811
50.0065 -43.0198 -1.56953
50.0368 -43.0057 -1.56893
50.0215 -43.0128 -1.56923
50.0515 -42.9989 -1.56862
50.32 -42.8115 -1.55919
50.3504 -42.797 -1.55857
50.3351 -42.8043 -1.55887
50.3652 -42.79 -1.55826
50.0228 -44.0125 -1.57274
50.0536 -43.9984 -1.57214
50.0381 -44.0056 -1.57244
50.0687 -43.9916 -1.57184
50.3468 -43.8038 -1.56238
50.3778 -43.7893 -1.56177
50.3622 -43.7967 -1.56207
50.3929 -43.7823 -1.56146
50.0041 -45.0196 -1.57147
50.0356 -45.0055 -1.57087
50.0197 -45.0127 -1.57117
50.0509 -44.9987 -1.57057
50.3389 -44.8108 -1.56117
50.3704 -44.7964 -1.56056
50.3545 -44.8037 -1.56086
50.3858 -44.7893 -1.56026
50.0053 -46.0117 -1.57353
50.0374 -45.9976 -1.57294
50.0212 -46.0047 -1.57323
50.053 -45.9907 -1.57265
50.3506 -45.8026 -1.56339
50.3828 -45.7881 -1.56279
50.3666 -45.7954 -1.56309
50.3985 -45.781 -1.56249
50.0233 -46.9948 -1.57792
50.0559 -46.9808 -1.57734
50.0395 -46.9879 -1.57763
50.0718 -46.9739 -1.57705
50.3789 -46.7854 -1.56798
50.4116 -46.7709 -1.56739
50.3952 -46.7782 -1.56769
50.4277 -46.7638 -1.56709
49.9967 -48.0225 -1.58074
50.03 -48.0085 -1.58016
50.0132 -48.0156 -1.58045
50.0462 -48.0016 -1.57988
50.3626 -47.8132 -1.57089
50.396 -47.7987 -1.5703
50.3792 -47.8061 -1.57059
50.4123 -47.7916 -1.57
50.0018 -49.0083 -1.568
50.0356 -48.9942 -1.56742
50.0186 -49.0014 -1.56771
50.0521 -48.9874 -1.56713
50.3776 -48.7988 -1.55824
50.4115 -48.7843 -1.55765
50.3944 -48.7916 -1.55795
50.4281 -48.7772 -1.55736
49.9739 -50.0103 -1.56371
50.0083 -49.9962 -1.56313
49.991 -50.0033 -1.56342
50.0251 -49.9894 -1.56285
50.3594 -49.801 -1.55389
50.3939 -49.7865 -1.5533
50.3765 -49.7938 -1.5536
50.4108 -49.7794 -1.55301
48.975 -50.0197 3.13983
49.0094 -50.0062 3.14041
48.9921 -50.013 3.14012
49.0262 -49.9996 3.1407
49.3607 -49.8202 -3.13359
49.3953 -49.8063 -3.133
49.3779 -49.8133 -3.13329
49.4122 -49.7995 -3.13271
47.9902 -50.0021 -3.14078
48.0246 -49.9892 -3.1402
48.0073 -49.9958 -3.14049
48.0414 -49.9829 -3.13992
48.3759 -49.8121 -3.13109
48.4105 -49.7988 -3.1305
48.3931 -49.8055 -3.1308
48.4274 -49.7923 -3.13021
46.9964 -50.0053 -3.13861
47.0308 -49.993 -3.13804
47.0135 -49.9993 -3.13833
47.0476 -49.987 -3.13775
47.3822 -49.8249 -3.12893
47.4167 -49.8122 -3.12834
47.3993 -49.8186 -3.12864
47.4336 -49.8059 -3.12805
45.9911 -49.9918 3.13298
46.0255 -49.9801 3.13355
46.0082 -49.986 3.13326
46.0423 -49.9743 3.13384
46.3771 -49.8207 -3.14058
46.4117 -49.8085 -3.13999
46.3943 -49.8147 -3.14029
46.4286 -49.8026 -3.1397
44.9957 -49.9985 3.13425
45.0301 -49.9873 3.13482
45.0127 -49.993 3.13453
45.0469 -49.9819 3.1351
45.3819 -49.8368 -3.1394
45.4165 -49.8253 -3.13882
45.3991 -49.8311 -3.13912
45.4334 -49.8196 -3.13854
45.0164 -50.9908 -1.57536
45.0514 -50.9796 -1.5748
45.0338 -50.9853 -1.57508
45.0685 -50.9742 -1.57452
45.4125 -50.8286 -1.56602
45.4476 -50.817 -1.56544
45.4299 -50.8229 -1.56574
45.4648 -50.8114 -1.56516
45.006 -52.0137 -1.57721
45.0415 -52.0025 -1.57664
45.0236 -52.0082 -1.57693
45.0589 -51.997 -1.57637
45.412 -51.8516 -1.56772
45.4477 -51.84 -1.56714
45.4297 -51.8459 -1.56743
45.4652 -51.8343 -1.56686
44.9904 -53.0406 -1.58261
45.0265 -53.0295 -1.58205
45.0083 -53.0351 -1.58233
45.0441 -53.024 -1.58177
45.4065 -52.8787 -1.57308
45.4428 -52.8671 -1.5725
45.4246 -52.873 -1.57279
45.4606 -52.8614 -1.57222
44.955 -54.0389 -1.56889
44.9916 -54.0277 -1.56832
44.9732 -54.0334 -1.56861
45.0096 -54.0223 -1.56804
45.3807 -53.8773 -1.55934
45.4176 -53.8657 -1.55875
45.3991 -53.8716 -1.55905
45.4357 -53.8601 -1.55847
44.9584 -55.0552 -1.57011
44.9957 -55.0441 -1.56954
44.9769 -55.0497 -1.56982
45.0139 -55.0386 -1.56926
45.3939 -54.8936 -1.56055
45.4314 -54.882 -1.55997
45.4125 -54.8879 -1.56026
45.4498 -54.8764 -1.55968
45.9762 -55.0729 0.0141159
46.0135 -55.0611 0.0146873
45.9947 -55.0671 0.0143987
46.0317 -55.0554 0.0149667
46.4118 -54.9016 0.0237044
46.4493 -54.8894 0.0242869
46.4304 -54.8956 0.0239925
46.4676 -54.8835 0.0245716
46.9623 -55.0538 0.010727
46.9996 -55.0414 0.0112992
46.9808 -55.0477 0.0110109
47.0178 -55.0354 0.0115795
47.3976 -54.8732 0.0203671
47.4351 -54.8604 0.0209507
47.4162 -54.8669 0.0206564
47.4534 -54.8542 0.0212363
47.966 -55.0306 -0.00326527
48.0033 -55.0177 -0.00269284
47.9845 -55.0243 -0.00298014
48.0215 -55.0115 -0.00241155
48.4009 -54.8405 0.00645892
48.4384 -54.8272 0.00704318
48.4196 -54.8339 0.00674965
48.4568 -54.8207 0.00733005
48.9414 -55.0261 -0.00375379
48.9786 -55.0127 -0.00318074
48.9599 -55.0195 -0.0034681
48.9968 -55.0061 -0.00289896
49.3762 -54.8265 0.00599232
49.4137 -54.8126 0.00657726
49.3948 -54.8197 0.00628363
49.432 -54.8058 0.00686465
49.9426 -55.0664 0.00757619
49.9799 -55.0524 0.00814968
49.9611 -55.0595 0.00786243
49.9981 -55.0455 0.00843193
50.3777 -54.8571 0.0173509
50.4152 -54.8426 0.0179364
50.3964 -54.8499 0.0176428
50.4336 -54.8355 0.0182243
49.9696 -54.0339 1.58154
50.0063 -54.0198 1.58211
49.9878 -54.0269 1.58182
50.0242 -54.013 1.58239
50.3947 -53.8243 1.59131
50.4316 -53.8098 1.59189
50.413 -53.8172 1.5916
50.4496 -53.8028 1.59218
49.9673 -53.0164 1.58052
50.0034 -53.0024 1.58109
49.9853 -53.0095 1.5808
50.0211 -52.9956 1.58137
50.3824 -52.8069 1.59029
50.4187 -52.7925 1.59088
50.4005 -52.7998 1.59058
50.4365 -52.7854 1.59117
49.9416 -52.0285 1.57334
49.9772 -52.0145 1.57391
49.9593 -52.0216 1.57362
49.9945 -52.0076 1.57419
50.3471 -51.8193 1.58313
50.3828 -51.8048 1.58372
50.3648 -51.8122 1.58342
50.4002 -51.7978 1.58401
49.9589 -51.0224 1.57377
49.9939 -51.0084 1.57435
49.9763 -51.0155 1.57406
50.011 -51.0016 1.57463
50.3544 -50.8132 1.5836
50.3896 -50.7987 1.58419
50.3719 -50.8061 1.58389
50.4067 -50.7917 1.58448
49.9702 -50.0165 1.57786
50.0046 -50.0025 1.57844
49.9872 -50.0096 1.57815
50.0214 -49.9956 1.57872
50.3557 -49.8073 1.5877
50.3903 -49.7928 1.58829
50.3729 -49.8001 1.588
50.4072 -49.7857 1.58858
49.9856 -49.0321 1.57081
50.0194 -49.018 1.57139
50.0023 -49.0251 1.5711
50.0359 -49.0112 1.57168
50.3614 -48.8228 1.58076
50.3954 -48.8083 1.58135
50.3783 -48.8157 1.58105
50.412 -48.8013 1.58164
49.9705 -48.0101 1.56836
50.0037 -47.9961 1.56894
49.9869 -48.0032 1.56865
50.0199 -47.9892 1.56923
50.3362 -47.801 1.57827
50.3695 -47.7865 1.57886
50.3527 -47.7939 1.57857
50.3858 -47.7795 1.57915
49.9867 -47.0141 1.56334
50.0193 -47 1.56392
50.0029 -47.0072 1.56363
50.0352 -46.9932 1.56421
50.3424 -46.805 1.57332
50.3751 -46.7905 1.57392
50.3586 -46.7978 1.57362
50.3911 -46.7834 1.57421
50.0015 -46.0181 1.56188
50.0335 -46.004 1.56247
50.0174 -46.0112 1.56218
50.0492 -45.9972 1.56277
50.3468 -45.8091 1.57205
50.3789 -45.7946 1.57265
50.3627 -45.8019 1.57236
50.3947 -45.7875 1.57295
50.0045 -45.0173 1.562
50.036 -45.0033 1.5626
50.0201 -45.0104 1.5623
50.0513 -44.9964 1.56289
50.3393 -44.8085 1.5723
50.3709 -44.794 1.57291
50.355 -44.8014 1.5726
50.3863 -44.787 1.57321
49.989 -44.0506 1.55895
50.0198 -44.0366 1.55955
50.0043 -44.0437 1.55925
50.0349 -44.0297 1.55984
50.3136 -43.8421 1.56929
50.3446 -43.8277 1.5699
50.329 -43.835 1.5696
50.3597 -43.8206 1.5702
50.0155 -43.0274 1.56097
50.0458 -43.0134 1.56157
50.0305 -43.0205 1.56128
50.0605 -43.0065 1.56187
50.3293 -42.8189 1.57133
50.3596 -42.8045 1.57194
50.3443 -42.8118 1.57164
50.3744 -42.7974 1.57225
50.0169 -42.0159 1.56627
50.0465 -42.0019 1.56688
50.0316 -42.009 1.56658
50.061 -41.995 1.56718
50.3198 -41.8078 1.5765
50.3495 -41.7933 1.57712
50.3345 -41.8007 1.57681
50.364 -41.7863 1.57743
50.0289 -41.0256 1.57458
50.0579 -41.0116 1.5752
50.0433 -41.0187 1.57489
50.0721 -41.0047 1.5755
50.3216 -40.8174 1.58481
50.3507 -40.803 1.58544
50.336 -40.8103 1.58513
50.3649 -40.7959 1.58575
50.0339 -40.0327 1.56471
50.0623 -40.0187 1.56533
50.048 -40.0258 1.56502
50.0762 -40.0118 1.56563
50.3164 -39.8247 1.57488
50.3449 -39.8102 1.57551
50.3305 -39.8175 1.5752
50.3588 -39.8032 1.57582
50.0199 -39.0445 1.55503
50.0477 -39.0305 1.55565
50.0336 -39.0376 1.55534
50.0612 -39.0236 1.55596
50.2923 -38.8367 1.56508
50.3201 -38.8223 1.56571
50.3061 -38.8296 1.56539
50.3337 -38.8153 1.56602
50.0564 -38.025 1.56083
50.0835 -38.0109 1.56145
50.0698 -38.0181 1.56114
50.0968 -38.0041 1.56176
50.3185 -37.8171 1.57078
50.3457 -37.8026 1.57141
50.3319 -37.81 1.5711
50.3589 -37.7956 1.57173
50.0619 -37.0352 1.56469
50.0885 -37.0211 1.56531
50.075 -37.0282 1.565
50.1014 -37.0142 1.56562
50.3141 -36.8274 1.57459
50.3407 -36.813 1.57522
50.3273 -36.8203 1.57491
50.3536 -36.8059 1.57554
50.0524 -36.0298 1.56962
50.0783 -36.0157 1.57025
50.0652 -36.0229 1.56994
50.0909 -36.0089 1.57056
50.2946 -35.8224 1.57937
50.3205 -35.808 1.58001
50.3074 -35.8153 1.57969
50.3331 -35.801 1.58032
50.0716 -35.0442 1.57662
50.0969 -35.0301 1.57725
50.0841 -35.0372 1.57693
50.1092 -35.0232 1.57756
50.3042 -34.8368 1.5863
50.3295 -34.8223 1.58694
50.3167 -34.8297 1.58662
50.3418 -34.8153 1.58725
50.055 -34.0453 1.56576
50.0797 -34.0312 1.56639
50.0672 -34.0384 1.56607
50.0916 -34.0244 1.5667
50.278 -33.8382 1.57537
50.3026 -33.8238 1.57601
50.2902 -33.8311 1.57569
50.3146 -33.8168 1.57632
50.0561 -33.032 1.57353
50.0801 -33.0179 1.57416
50.068 -33.025 1.57384
50.0918 -33.0111 1.57446
50.2695 -32.8252 1.58299
50.2935 -32.8108 1.58363
50.2813 -32.8181 1.58331
50.3052 -32.8038 1.58394
50.0291 -32.0326 1.57234
50.0525 -32.0186 1.57297
50.0406 -32.0257 1.57265
50.0638 -32.0117 1.57328
50.2331 -31.8263 1.58162
50.2565 -31.8119 1.58227
50.2446 -31.8192 1.58194
50.2678 -31.8049 1.58258
50.0674 -31.0622 1.56547
50.0901 -31.0481 1.56611
50.0786 -31.0553 1.56578
50.1012 -31.0413 1.56642
50.2625 -30.8559 1.57446
50.2852 -30.8415 1.57511
50.2737 -30.8488 1.57478
50.2963 -30.8345 1.57543
50.0767 -30.0652 1.57503
50.0988 -30.0511 1.57567
50.0876 -30.0583 1.57535
50.1096 -30.0443 1.57599
50.263 -29.859 1.58383
50.2851 -29.8446 1.58449
50.2739 -29.8519 1.58416
50.2958 -29.8376 1.58481
50.0823 -29.0693 1.5793
50.1037 -29.0552 1.57995
50.0928 -29.0623 1.57962
50.1141 -29.0483 1.58026
50.2599 -28.8632 1.58793
50.2814 -28.8488 1.58859
50.2705 -28.8561 1.58826
50.2917 -28.8418 1.58891
50.0741 -28.0476 1.5702
50.0949 -28.0336 1.57085
50.0843 -28.0407 1.57052
50.1049 -28.0267 1.57117
50.2431 -27.8418 1.5787
50.2638 -27.8274 1.57936
50.2533 -27.8347 1.57902
50.2739 -27.8204 1.57968
50.0708 -27.039 1.57101
50.091 -27.0249 1.57168
50.0807 -27.032 1.57134
50.1007 -27.018 1.572
50.2316 -26.8335 1.5793
50.2516 -26.8191 1.57997
50.2415 -26.8264 1.57963
50.2614 -26.8121 1.5803
50.0638 -26.055 1.56778
50.0832 -26.0409 1.56846
50.0734 -26.0481 1.56811
50.0927 -26.0341 1.56879
50.2168 -25.85 1.57578
50.2361 -25.8356 1.57646
50.2263 -25.8429 1.57611
50.2455 -25.8287 1.57679
50.0688 -25.0525 1.56634
50.0876 -25.0384 1.56703
50.078 -25.0456 1.56668
50.0966 -25.0316 1.56736
50.214 -24.8476 1.57423
50.2327 -24.8333 1.57492
50.2232 -24.8406 1.57457
50.2417 -24.8263 1.57526
50.0546 -24.039 1.56834
50.0727 -24.025 1.56903
50.0635 -24.0321 1.56868
50.0814 -24.0182 1.56937
50.1921 -23.8345 1.57607
50.21 -23.8202 1.57677
50.2009 -23.8275 1.57642
50.2187 -23.8133 1.57711
50.0412 -23.0537 1.56353
50.0585 -23.0397 1.56423
50.0497 -23.0468 1.56387
50.0669 -23.0329 1.56457
50.1713 -22.8497 1.57106
50.1885 -22.8354 1.57177
50.1798 -22.8426 1.57141
50.1969 -22.8284 1.57211
50.0587 -22.0496 1.56726
50.0753 -22.0356 1.56797
50.0668 -22.0428 1.56761
50.0833 -22.0288 1.56831
50.1814 -21.8457 1.57466
50.1979 -21.8314 1.57537
50.1895 -21.8387 1.57501
50.2059 -21.8245 1.57571
50.0517 -21.0415 1.56493
50.0676 -21.0275 1.56564
50.0595 -21.0346 1.56528
50.0753 -21.0207 1.56599
50.1672 -20.8378 1.57222
50.183 -20.8236 1.57293
50.175 -20.8308 1.57257
50.1906 -20.8167 1.57328
50.0686 -20.0502 1.57064
50.0838 -20.0362 1.57136
50.0761 -20.0433 1.57099
50.0911 -20.0294 1.5717
50.1771 -19.8467 1.57772
50.1922 -19.8325 1.57844
50.1846 -19.8398 1.57807
50.1995 -19.8256 1.57878
50.0391 -19.0529 1.57217
50.0536 -19.039 1.57288
50.0462 -19.0461 1.57252
50.0606 -19.0322 1.57323
50.1408 -18.85 1.5791
50.1552 -18.8358 1.57981
50.1479 -18.843 1.57945
50.1621 -18.8289 1.58016
50.0482 -18.0539 1.57758
50.0619 -18.04 1.57829
50.055 -18.0471 1.57793
50.0686 -18.0332 1.57863
50.1432 -17.8513 1.5843
50.1568 -17.8371 1.58501
50.1499 -17.8443 1.58465
50.1634 -17.8302 1.58535
50.063 -17.0509 1.58032
50.0759 -17.0369 1.58103
50.0694 -17.044 1.58066
50.0823 -17.0302 1.58136
50.1513 -16.8484 1.58692
50.1642 -16.8342 1.58762
50.1577 -16.8414 1.58726
50.1705 -16.8273 1.58796
50.038 -16.0555 1.57872
50.0503 -16.0416 1.57942
50.0441 -16.0487 1.57906
50.0562 -16.0348 1.57975
50.12 -15.8533 1.58522
50.1322 -15.8392 1.58593
50.126 -15.8464 1.58557
50.1381 -15.8323 1.58626
50.0397 -15.0489 1.57289
50.0513 -15.035 1.57358
50.0455 -15.0421 1.57323
50.0569 -15.0283 1.57392
50.1153 -14.847 1.57928
50.1268 -14.8329 1.57997
50.121 -14.8401 1.57962
50.1324 -14.8261 1.58031
50.0247 -14.055 1.57138
50.0356 -14.0412 1.57207
50.0301 -14.0482 1.57172
50.0409 -14.0344 1.57239
50.0941 -13.8535 1.57767
50.1049 -13.8394 1.57835
50.0995 -13.8465 1.578
50.1102 -13.8325 1.57868
50.0364 -13.0507 1.57341
50.0466 -13.0368 1.57407
50.0415 -13.0439 1.57374
50.0516 -13.0301 1.57439
50.0996 -12.8493 1.57958
50.1097 -12.8352 1.58024
50.1046 -12.8424 1.5799
50.1146 -12.8284 1.58056
50.0603 -12.0452 1.57369
50.0699 -12.0313 1.57436
50.0651 -12.0384 1.57402
50.0745 -12.0246 1.57468
50.1173 -11.8437 1.57984
50.1268 -11.8296 1.58051
50.122 -11.8368 1.58017
50.1314 -11.8228 1.58083
50.0501 -11.0566 1.58027
50.0589 -11.0427 1.58093
50.0545 -11.0498 1.58059
50.0633 -11.036 1.58124
50.1011 -10.8553 1.58634
50.1099 -10.8412 1.587
50.1055 -10.8484 1.58666
50.1141 -10.8344 1.58731
50.0401 -10.0485 1.58727
50.0483 -10.0346 1.58792
50.0442 -10.0417 1.58759
50.0524 -10.0279 1.58823
50.0852 -9.84745 1.59328
50.0933 -9.83338 1.59392
50.0892 -9.84056 1.59359
50.0973 -9.82656 1.59423
50.0451 -9.05921 1.5752
50.0527 -9.04537 1.57583
50.049 -9.05243 1.57551
50.0565 -9.03866 1.57614
50.0845 -8.85836 1.5811
50.092 -8.8443 1.58173
50.0882 -8.85148 1.58141
50.0956 -8.8375 1.58204
50.0353 -8.0539 1.57586
50.0423 -8.04008 1.57647
50.0388 -8.04713 1.57616
50.0457 -8.03339 1.57677
50.0689 -7.85337 1.58165
50.0758 -7.83934 1.58227
50.0724 -7.84651 1.58195
50.0792 -7.83255 1.58256
50.0563 -7.04904 1.57829
50.0627 -7.03523 1.57889
50.0595 -7.04228 1.57858
50.0658 -7.02854 1.57918
50.0843 -6.84858 1.584
50.0906 -6.83456 1.5846
50.0874 -6.84172 1.58429
50.0937 -6.82778 1.58489
50.0559 -6.08609 1.57647
50.0617 -6.07231 1.57706
50.0588 -6.07935 1.57676
50.0646 -6.06564 1.57734
50.0786 -5.88589 1.58207
50.0843 -5.87191 1.58265
50.0815 -5.87905 1.58235
50.0872 -5.86514 1.58294
50.0364 -5.05846 1.5764
50.0417 -5.04473 1.57697
50.0391 -5.05174 1.57668
50.0443 -5.03807 1.57725
50.0537 -4.85864 1.58191
50.0588 -4.8447 1.58249
50.0563 -4.85183 1.58219
50.0614 -4.83796 1.58276
50.0662 -4.05626 1.58096
50.0709 -4.04254 1.58151
50.0686 -4.04955 1.58122
50.0732 -4.0359 1.58177
50.0782 -3.85658 1.58639
50.0827 -3.84266 1.58694
50.0805 -3.84978 1.58666
50.085 -3.83594 1.58721
50.0481 -3.05321 1.57482
50.0523 -3.03952 1.57536
50.0502 -3.04652 1.57508
50.0544 -3.0329 1.57562
50.0548 -2.85378 1.58022
50.0588 -2.8399 1.58076
50.0568 -2.847 1.58048
50.0608 -2.83318 1.58102
50.0467 -2.0441 1.57864
50.0504 -2.03046 1.57916
50.0486 -2.03744 1.57889
50.0522 -2.02387 1.57941
50.0481 -1.84506 1.58398
50.0517 -1.83124 1.5845
50.05 -1.83832 1.58424
50.0534 -1.82456 1.58475
50.033 -1.04878 1.58052
50.0361 -1.03516 1.58104
50.0346 -1.04213 1.58077
50.0377 -1.02858 1.58128
50.0291 -0.849901 1.58586
50.0321 -0.836094 1.58638
50.0307 -0.843164 1.58611
50.0336 -0.829425 1.58663
50.0213 -0.0444728 1.58109
50.0238 -0.0308663 1.58161
50.0227 -0.0378407 1.58134
50.0252 -0.0243007 1.58185
50.0122 0.154175 1.58643
50.0146 0.167968 1.58695
50.0135 0.160893 1.58668
50.0159 0.174619 1.5872
49.0363 -0.0442651 -3.13795
49.039 -0.0311938 -3.13745
49.0377 -0.037879 -3.1377
49.0403 -0.0248709 -3.1372
49.0273 0.149056 -3.13261
49.0298 0.162311 -3.13211
49.0286 0.155527 -3.13237
49.0311 0.168719 -3.13187
48.0501 -0.0306426 -3.13662
48.0527 -0.0180669 -3.13613
48.0515 -0.0245004 -3.13638
48.0541 -0.011985 -3.13589
48.0409 0.157396 -3.1313
48.0435 0.170153 -3.13081
48.0423 0.163622 -3.13106
48.0448 0.176318 -3.13057
47.035 -0.0530711 -3.13044
47.0377 -0.0409896 -3.12995
47.0364 -0.0471743 -3.1302
47.039 -0.0351501 -3.12972
47.0261 0.129452 -3.12509
47.0286 0.141712 -3.12461
47.0274 0.135432 -3.12486
47.0299 0.147634 -3.12437
46.0398 -0.0590354 -3.13429
46.0424 -0.0474365 -3.13382
46.0412 -0.0533727 -3.13406
46.0438 -0.0418281 -3.1336
46.0309 0.117996 -3.12893
46.0335 0.12977 -3.12845
46.0323 0.12374 -3.1287
46.0348 0.135459 -3.12823
45.0379 -0.0718047 -3.13913
45.0405 -0.0606779 -3.13867
45.0393 -0.0663726 -3.13891
45.0419 -0.0552972 -3.13845
45.0292 0.0996298 -3.13375
45.0318 0.110928 -3.13329
45.0306 0.105142 -3.13353
45.0331 0.116388 -3.13307
44.0072 -0.0812051 3.13327
44.0099 -0.0705422 3.13372
44.0086 -0.0760001 3.1335
44.0112 -0.0653858 3.13394
43.9987 0.084552 3.13866
44.0012 0.0953827 3.13911
44 0.0898353 3.13888
44.0025 0.100617 3.13933
43.0112 -0.0666054 3.13551
43.0139 -0.0563822 3.13595
43.0126 -0.0616159 3.13573
43.0152 -0.051439 3.13617
43.0026 0.0937197 3.14095
43.0052 0.104107 3.1414
43.004 0.0987857 3.14117
43.0065 0.109126 -3.14157
42.0346 -0.0851744 3.13906
42.0372 -0.075341 3.13947
42.0359 -0.0803768 3.13926
42.0385 -0.070587 3.13966
42.0263 0.0696195 -3.13858
42.0288 0.0796125 -3.13817
42.0276 0.0744916 -3.13838
42.03 0.0844408 -3.13797
41.0243 -0.0708466 3.12659
41.0268 -0.0613786 3.12696
41.0256 -0.066229 3.12677
41.0281 -0.0568024 3.12714
41.0161 0.0781272 3.13218
41.0185 0.0877495 3.13256
41.0174 0.0828168 3.13237
41.0197 0.0923975 3.13275
40.0238 -0.0559895 3.13312
40.0263 -0.0468544 3.13347
40.0251 -0.0515361 3.13329
40.0276 -0.0424404 3.13365
40.0158 0.0871697 3.13871
40.0181 0.0964533 3.13907
40.017 0.0916924 3.13889
40.0194 0.100936 3.13925
39.042 -0.0661926 3.13466
39.0444 -0.0573817 3.135
39.0432 -0.0618954 3.13483
39.0456 -0.0531225 3.13517
39.0341 0.0712924 3.14023
39.0364 0.080246 3.14059
39.0353 0.0756561 3.14041
39.0376 0.0845715 3.14076
38.0327 -0.0570821 3.13496
38.0351 -0.0486056 3.1353
38.034 -0.052947 3.13513
38.0363 -0.0445072 3.13546
38.025 0.0747658 3.14052
38.0273 0.0833793 3.14087
38.0262 0.0789649 3.14069
38.0285 0.0875415 3.14104
37.0013 -0.0481115 3.13841
37.0036 -0.0399933 3.13875
37.0025 -0.0441544 3.13857
37.0049 -0.0360714 3.13892
36.9935 0.077731 -3.13915
36.9957 0.0859799 -3.1388
36.9947 0.0817493 -3.13898
36.9969 0.0899628 -3.13863
36.0159 -0.0677915 -3.14138
36.0182 -0.060022 -3.14104
36.0171 -0.0640035 -3.14122
36.0194 -0.0562677 -3.14088
36.0081 0.0521793 -3.13572
36.0104 0.0600733 -3.13538
36.0093 0.0560257 -3.13556
36.0116 0.0638857 -3.13521
34.9912 -0.0695336 3.13497
34.9935 -0.0621215 3.1353
34.9924 -0.0659191 3.13513
34.9947 -0.0585391 3.13546
34.9834 0.0443176 3.14056
34.9856 0.0518476 3.1409
34.9846 0.0479874 3.14073
34.9868 0.0554851 3.14107
33.9646 -0.0604461 3.13429
33.9669 -0.0533856 3.13463
33.9659 -0.0570028 3.13446
33.9681 -0.0499734 3.13478
33.9569 0.0475803 3.13989
33.9591 0.0547534 3.14023
33.958 0.0510765 3.14005
33.9602 0.0582182 3.14039
32.9783 -0.0347585 3.13385
32.9805 -0.0280157 3.13417
32.9795 -0.0314714 3.13401
32.9817 -0.0247579 3.13432
32.9704 0.0677135 3.13943
32.9726 0.0745633 3.13976
32.9716 0.0710509 3.13959
32.9737 0.0778712 3.13991
32.0221 -0.0439125 -3.11919
32.0243 -0.0374611 -3.1189
32.0232 -0.0407695 -3.11905
32.0254 -0.0343454 -3.11876
32.0144 0.0531048 -3.11367
32.0165 0.0596577 -3.11338
32.0155 0.0562956 -3.11353
32.0176 0.062821 -3.11323
30.9902 -0.0592693 -3.12284
30.9923 -0.0530993 -3.12257
30.9913 -0.0562676 -3.12271
30.9934 -0.0501231 -3.12244
30.9828 0.031937 -3.11742
30.9848 0.0382031 -3.11714
30.9839 0.0349841 -3.11728
30.9858 0.0412245 -3.117
29.9741 -0.0842236 -3.1371
29.9761 -0.0783218 -3.13684
29.9751 -0.0813549 -3.13697
29.9771 -0.0754763 -3.13671
29.9669 0.00135697 -3.1318
29.9688 0.0073492 -3.13154
29.9679 0.00426845 -3.13167
29.9698 0.0102372 -3.13141
28.96 -0.076178 3.12377
28.9619 -0.0705365 3.12403
28.961 -0.0734369 3.1239
28.963 -0.0678165 3.12415
28.9529 0.00391952 3.12893
28.9548 0.0096456 3.12919
28.9539 0.00670079 3.12906
28.9557 0.0124056 3.12932
27.9874 -0.0835016 3.12137
27.9893 -0.0780731 3.12161
27.9884 -0.0808713 3.12149
27.9902 -0.0754626 3.12173
27.9804 -0.00847406 3.12645
27.9822 -0.00296675 3.12671
27.9814 -0.00580605 3.12658
27.9831 -0.000318897 3.12683
26.9627 -0.0440307 3.12444
26.9645 -0.038849 3.12468
26.9636 -0.0415206 3.12456
26.9655 -0.0363566 3.12479
26.9555 0.0257363 3.12944
26.9573 0.0309909 3.12968
26.9565 0.0282815 3.12956
26.9582 0.0335181 3.1298
25.9684 -0.0320694 3.12625
25.9701 -0.0271013 3.12648
25.9693 -0.029667 3.12636
25.9711 -0.0247146 3.12659
25.9613 0.0325966 3.13099
25.963 0.0376315 3.13122
25.9622 0.0350315 3.1311
25.9639 0.0400504 3.13133
24.9693 -0.0121045 3.11676
24.9709 -0.00734178 3.11698
24.9701 -0.0098048 3.11687
24.9718 -0.00505613 3.11709
24.9622 0.0476987 3.1212
24.9638 0.0525225 3.12143
24.9631 0.0500284 3.12131
24.9647 0.0548378 3.12154
23.9831 -0.0060797 3.12929
23.9847 -0.00152439 3.12951
23.9839 -0.00388025 3.12939
23.9855 0.000661877 3.12962
23.9761 0.0493143 3.13358
23.9776 0.0539258 3.13381
23.9769 0.0515417 3.13369
23.9785 0.0561394 3.13392
22.9505 -0.00281911 -3.13877
22.9521 0.00150839 -3.13855
22.9514 -0.000727426 -3.13867
22.953 0.00358737 -3.13845
22.9435 0.0481817 -3.1345
22.9451 0.0525605 -3.13428
22.9444 0.0502992 -3.1344
22.9459 0.0546648 -3.13417
21.9637 0.0135151 3.13665
21.9652 0.0176236 3.13687
21.9645 0.0155039 3.13675
21.9661 0.0196001 3.13698
21.9566 0.0603623 3.14087
21.9582 0.0645174 3.1411
21.9575 0.0623748 3.14098
21.959 0.0665172 3.1412
20.9616 0.000626496 -3.13638
20.9631 0.00451563 -3.13615
20.9624 0.00251252 -3.13627
20.9639 0.00638967 -3.13605
20.9546 0.0433419 -3.13228
20.9561 0.0472732 -3.13205
20.9555 0.0452497 -3.13218
20.9569 0.0491685 -3.13195
19.9667 -0.0135034 -3.13786
19.9682 -0.00983423 -3.13764
19.9675 -0.0117198 -3.13776
19.969 -0.00806239 -3.13754
19.9599 0.0252064 -3.13383
19.9614 0.0289133 -3.1336
19.9607 0.02701 -3.13372
19.9621 0.0307045 -3.1335
18.9779 -0.00387943 3.14111
18.9794 -0.000431185 3.14134
18.9787 -0.00219858 3.14122
18.9802 0.0012379 3.14144
18.9711 0.0307696 -3.13813
18.9726 0.0342511 -3.13791
18.9719 0.0324684 -3.13803
18.9733 0.0359376 -3.1378
17.9965 -0.0139869 -3.14147
17.998 -0.0107513 -3.14125
17.9973 -0.012405 -3.14136
17.9988 -0.00918104 -3.14115
17.9898 0.0168849 -3.13766
17.9912 0.0201498 -3.13743
17.9906 0.0184831 -3.13755
17.992 0.0217358 -3.13733
16.9875 -0.0259919 3.13824
16.9888 -0.0229346 3.13845
16.9882 -0.0244925 3.13834
16.9895 -0.0214466 3.13854
16.9809 0.00158071 -3.14127
16.9822 0.00466456 -3.14106
16.9816 0.00309521 -3.14117
16.9829 0.00616702 -3.14096
16.014 0.00558521 -3.13955
16.0152 0.0084574 -3.13935
16.0147 0.00699886 -3.13946
16.0159 0.00985959 -3.13925
16.0073 0.0298596 -3.13595
16.0085 0.0327553 -3.13574
16.008 0.031287 -3.13585
16.0092 0.0341707 -3.13564
15.0113 -0.0238895 3.1373
15.0125 -0.0212089 3.1375
15.0119 -0.0225644 3.13739
15.0131 -0.0198953 3.13759
15.0048 -0.0029876 3.14089
15.006 -0.000286487 3.1411
15.0054 -0.00165003 3.14099
15.0066 0.00103904 3.14119
14.0001 -0.055258 3.1375
14.0013 -0.0527778 3.1377
14.0008 -0.0540254 3.13759
14.0019 -0.0515569 3.13779
13.9938 -0.0379811 3.14103
13.995 -0.035484 3.14124
13.9945 -0.0367375 3.14113
13.9956 -0.0342527 3.14133
13.0001 -0.0404401 -3.13975
13.0012 -0.0381608 -3.13954
13.0007 -0.0393005 -3.13965
13.0018 -0.037033 -3.13945
12.9939 -0.0266907 -3.13627
12.995 -0.0243977 -3.13606
12.9945 -0.0255416 -3.13617
12.9955 -0.0232611 -3.13596
12.0129 -0.0382056 -3.13821
12.0139 -0.036148 -3.13799
12.0135 -0.0371722 -3.13811
12.0144 -0.0351259 -3.13789
12.0069 -0.0279379 -3.13495
12.0079 -0.0258697 -3.13474
12.0075 -0.0268964 -3.13485
12.0084 -0.0248401 -3.13463
10.9894 -0.0458455 -3.13798
10.9902 -0.0440277 -3.13775
10.9898 -0.0449275 -3.13787
10.9906 -0.0431205 -3.13765
10.9838 -0.0389746 -3.13509
10.9846 -0.0371493 -3.13486
10.9843 -0.0380501 -3.13498
10.985 -0.0362362 -3.13475
9.9748 -0.0528221 -3.14071
9.97555 -0.051218 -3.14049
9.97522 -0.0520036 -3.14061
9.97596 -0.0504105 -3.14038
9.96927 -0.0485828 -3.13785
9.97001 -0.0469744 -3.13762
9.96969 -0.0477593 -3.13774
9.97041 -0.0461624 -3.13752
8.97733 -0.0453786 3.1403
8.97805 -0.0440015 3.14052
8.97773 -0.0446669 3.1404
8.97844 -0.0433006 3.14063
8.97192 -0.04383 -3.14015
8.97262 -0.0424515 -3.13992
8.97232 -0.0431147 -3.14005
8.973 -0.0417476 -3.13982
7.97397 -0.0259375 -3.13851
7.97464 -0.0248439 -3.13828
7.97435 -0.0253641 -3.1384
7.975 -0.0242804 -3.13817
7.96891 -0.0269559 -3.13613
7.96957 -0.0258636 -3.1359
7.96928 -0.0263804 -3.13602
7.96992 -0.0252984 -3.13579
6.96538 -0.0194518 3.14045
6.96594 -0.0186617 3.14067
6.9657 -0.01903 3.14056
6.96625 -0.0182481 3.14078
6.96085 -0.0222685 -3.14092
6.9614 -0.0214811 -3.1407
6.96116 -0.0218457 -3.14081
6.9617 -0.021067 -3.14059
5.99745 0.0051258 -3.13466
5.9978 0.00559157 -3.13449
5.99765 0.00537705 -3.13457
5.99799 0.00583748 -3.13441
5.99374 0.00215965 -3.13362
5.99408 0.00262323 -3.13345
5.99393 0.00241128 -3.13353
5.99426 0.00286928 -3.13336
4.9936 0.0228205 -3.1413
4.99085 0.0201557 -3.1409
3.99784 -0.0133644 -3.13789
3.99549 -0.015713 -3.13768
3.00181 -0.00041308 3.13743
3.00047 -0.00195685 3.13735
2.00162 -0.00431437 3.13728
2.00088 -0.00514558 3.13717
0.997173 0.0241018 -3.13957
0.996593 0.0235716 -3.1397
0.00249666 -0.0092548 -3.14028
0.00241603 -0.00928048 -3.14029
-0.999452 -0.00958791 -3.13374
-0.999448 -0.00951484 -3.13374
-2.0149 -0.0161232 -3.13222
-2.01452 -0.0157238 -3.13201
-2.99775 -0.0147721 -3.12979
-2.99848 -0.0141711 -3.12949
-3.97969 -0.0178657 -3.13398
-3.98123 -0.0172487 -3.13346
-5.00694 -0.00811692 -3.12741
-5.00917 -0.00785298 -3.12659
-5.9796 -0.00772097 3.13442
-5.97994 -0.00721136 3.13423
-5.97977 -0.00745997 3.13432
-5.98011 -0.00695314 3.13413
-5.98251 -0.00807616 3.13559
-5.98285 -0.00756443 3.1354
-5.98267 -0.00781259 3.13549
-5.98301 -0.00730387 3.13529
-6.96279 0.0111012 3.13911
-6.9633 0.0119974 3.13889
-6.96304 0.011563 3.139
-6.96354 0.012454 3.13878
-6.9664 0.00977652 3.14066
-6.9669 0.0106757 3.14045
-6.96664 0.0102426 3.14055
-6.96714 0.011136 3.14033
-7.97618 0.0118499 3.13486
-7.9768 0.01301 3.13462
-7.97649 0.0124517 3.13473
-7.97709 0.0136044 3.13449
-7.9807 0.00917156 3.13712
-7.98131 0.010334 3.13689
-7.981 0.00977843 3.13699
-7.9816 0.0109329 3.13676
-8.98803 0.00571083 -3.13852
-8.98876 0.00714661 -3.13877
-8.98838 0.00646113 -3.13866
-8.9891 0.00788708 -3.13891
-8.99338 0.0010893 -3.13541
-8.9941 0.00252618 -3.13566
-8.99373 0.00184519 -3.13555
-8.99444 0.00327149 -3.13579
-10.0105 -0.00448651 3.12927
-10.0113 -0.00277537 3.12901
-10.0109 -0.0035814 3.12912
-10.0116 -0.00188349 3.12887
-10.016 -0.0125275 3.13252
-10.0168 -0.010819 3.13227
-10.0164 -0.0116172 3.13238
-10.0171 -0.00992292 3.13213
-10.9993 -0.00829248 3.14045
-11.0001 -0.0063272 3.1402
-10.9997 -0.00724361 3.14031
-11.0005 -0.00529482 3.14005
-11.005 -0.0197099 -3.13926
-11.0058 -0.017751 -3.13951
-11.0054 -0.0186563 -3.1394
-11.0062 -0.0167151 -3.13965
-12.0244 0.00510433 -3.14018
-12.0252 0.00733553 -3.14044
-12.0248 0.00630608 -3.14033
-12.0256 0.00851687 -3.14058
-12.0306 -0.0101514 -3.13633
-12.0314 -0.00793081 -3.13658
-12.031 -0.0089454 -3.13648
-12.0318 -0.00674664 -3.13672
-13.0306 0.0170331 -3.14142
-13.0313 0.0196369 3.14143
-13.0309 0.0184306 3.14158
-13.0317 0.0210123 3.14125
-13.037 -0.00195041 -3.13723
-13.0378 0.000638291 -3.13756
-13.0374 -0.000549134 -3.13742
-13.0381 0.00201581 -3.13775
-14.0063 -0.00795441 3.13493
-14.0071 -0.00490509 3.13454
-14.0067 -0.00632184 3.13471
-14.0075 -0.00329685 3.13433
-14.0128 -0.0308711 3.13949
-14.0136 -0.0278426 3.1391
-14.0132 -0.0292355 3.13927
-14.014 -0.0262331 3.13889
-15.0042 -0.00125744 3.12546
-15.005 0.0022544 3.125
-15.0046 0.000632607 3.1252
-15.0054 0.00411541 3.12475
-15.0108 -0.028775 3.13018
-15.0116 -0.0252914 3.12973
-15.0112 -0.0268832 3.12992
-15.0119 -0.0234308 3.12948
-16.004 -0.0183153 3.12772
-16.0048 -0.0142774 3.1272
-16.0044 -0.0161338 3.12743
-16.0052 -0.01213 3.12691
-16.0105 -0.0506114 3.13264
-16.0113 -0.0466103 3.13212
-16.0109 -0.0484297 3.13234
-16.0117 -0.0444652 3.13183
-17.0155 -0.0100041 3.12804
-17.0163 -0.00536518 3.12746
-17.0158 -0.00748981 3.12771
-17.0166 -0.00289085 3.12714
-17.022 -0.0473296 3.13313
-17.0228 -0.0427369 3.13256
-17.0224 -0.0448169 3.1328
-17.0232 -0.0402669 3.13224
-18.0036 -0.0172736 3.12265
-18.0045 -0.011873 3.12197
-18.004 -0.0143421 3.12226
-18.0048 -0.00898802 3.1216
-18.0102 -0.0599677 3.12816
-18.0111 -0.0546244 3.1275
-18.0106 -0.0570396 3.12778
-18.0114 -0.051746 3.12712
-19.0122 0.00864163 3.1337
-19.013 0.0149272 3.13298
-19.0126 0.0120612 3.13328
-19.0134 0.0182913 3.13257
-19.0191 -0.0399582 3.13955
-19.0199 -0.0337432 3.13884
-19.0194 -0.0365446 3.13913
-19.0202 -0.0303885 3.13843
-20.0064 0.0209699 3.14086
-20.0073 0.0281806 3.14013
-20.0068 0.0249035 3.14043
-20.0076 0.0320483 3.13971
-20.0134 -0.0337868 -3.13623
-20.0143 -0.0266617 -3.13694
-20.0138 -0.0298621 -3.13666
-20.0146 -0.0228069 -3.13736
-20.0182 -0.978037 -1.57787
-20.0196 -0.97085 -1.57856
-20.0189 -0.974121 -1.57828
-20.0203 -0.966998 -1.57895
-20.0195 -1.03255 -1.57196
-20.0209 -1.02545 -1.57263
-20.0202 -1.02864 -1.57236
-20.0216 -1.02161 -1.57302
-20.0389 -1.96639 -1.5848
-20.0407 -1.95922 -1.58547
-20.0398 -1.9625 -1.58519
-20.0416 -1.95539 -1.58585
-20.0349 -2.02051 -1.579
-20.0367 -2.01343 -1.57966
-20.0359 -2.01663 -1.57939
-20.0376 -2.00961 -1.58004
-20.0373 -2.97351 -1.57637
-20.0394 -2.96624 -1.57711
-20.0384 -2.96959 -1.57679
-20.0405 -2.96238 -1.57752
-20.0283 -3.02704 -1.57034
-20.0303 -3.01986 -1.57107
-20.0294 -3.02313 -1.57076
-20.0315 -3.01601 -1.57148
-20.0737 -3.99057 -1.57427
-20.0764 -3.98326 -1.57506
-20.0753 -3.98663 -1.57472
-20.0779 -3.97938 -1.57549
-20.0589 -4.04404 -1.56815
-20.0616 -4.03682 -1.56892
-20.0604 -4.04011 -1.56859
-20.063 -4.03295 -1.56935
-20.0608 -4.99034 -1.5583
-20.0642 -4.9831 -1.55912
-20.0628 -4.98644 -1.55877
-20.0661 -4.97925 -1.55958
-20.0402 -5.04348 -1.55211
-20.0435 -5.03633 -1.55292
-20.0421 -5.03959 -1.55257
-20.0454 -5.0325 -1.55337
-19.0681 -4.9755 0.000956462
-19.0714 -4.96924 0.000135373
-19.07 -4.97213 0.000495592
-19.0732 -4.96593 -0.000315429
-19.0483 -5.02206 0.007046
-19.0516 -5.01588 0.00623879
-19.0502 -5.01871 0.00658786
-19.0534 -5.01258 0.00579112
-18.0581 -4.97996 0.000284371
-18.0613 -4.97468 -0.000495669
-18.0599 -4.97713 -0.000152836
-18.063 -4.97189 -0.000923498
-18.0391 -5.01994 0.00616418
-18.0422 -5.01472 0.00539755
-18.0409 -5.01712 0.00572983
-18.044 -5.01195 0.00497294
-17.0474 -4.98693 -0.0116207
-17.0504 -4.98258 -0.0123236
-17.0491 -4.98462 -0.0120163
-17.0521 -4.9803 -0.0127106
-17.0291 -5.02055 -0.0060594
-17.0321 -5.01625 -0.00674946
-17.0308 -5.01824 -0.00645198
-17.0337 -5.01397 -0.00713309
-16.0245 -4.98882 -0.00220285
-16.0274 -4.98536 -0.00277365
-16.0262 -4.98699 -0.0025294
-16.029 -4.98355 -0.00309227
-16.0072 -5.01628 0.00286561
-16.01 -5.01285 0.00230678
-16.0088 -5.01445 0.00254229
-16.0116 -5.01105 0.00199165
-15.0242 -4.96832 0.000220454
-15.0271 -4.96545 -0.000306594
-15.0258 -4.96683 -8.31628e-05
-15.0286 -4.96398 -0.000602521
-15.0073 -4.99066 0.00518487
-15.01 -4.98782 0.00466934
-15.0088 -4.98917 0.00488444
-15.0115 -4.98634 0.00437684
-15.04 -3.97465 1.57132
-15.0423 -3.9717 1.5708
-15.0413 -3.97311 1.57102
-15.0436 -3.97017 1.57051
-15.0279 -3.99759 1.57628
-15.0302 -3.99466 1.57577
-15.0292 -3.99605 1.57598
-15.0314 -3.99314 1.57548
-15.0135 -2.98459 1.5724
-15.0153 -2.98157 1.57193
-15.0145 -2.983 1.57213
-15.0163 -2.98 1.57166
-15.0064 -3.0081 1.57728
-15.0082 -3.0051 1.57681
-15.0074 -3.00652 1.577
-15.0092 -3.00353 1.57654
-15.0248 -1.99349 1.57252
-15.0264 -1.9901 1.57209
-15.0256 -1.99168 1.57227
-15.0272 -1.98832 1.57184
-15.0222 -2.01997 1.57721
-15.0238 -2.01661 1.57678
-15.0231 -2.01815 1.57697
-15.0246 -2.01482 1.57654
-15.0124 -0.999785 1.56356
-15.0136 -0.996309 1.56312
-15.013 -0.997917 1.56331
-15.0141 -0.99447 1.56287
-15.0143 -1.02697 1.56816
-15.0155 -1.02352 1.56773
-15.0149 -1.0251 1.56792
-15.0161 -1.02168 1.56749
-15.0129 -0.00601302 1.57051
-15.0137 -0.00249385 1.57007
-15.0132 -0.0041191 1.57026
-15.014 -0.000629015 1.56983
-15.0194 -0.0335685 1.57518
-15.0202 -0.0300777 1.57475
-15.0198 -0.0316728 1.57494
-15.0206 -0.0282133 1.57451
-14.9801 0.984528 1.57848
-14.9805 0.988046 1.57811
-14.9803 0.986426 1.57827
-14.9806 0.989915 1.5779
-14.9913 0.956715 1.5831
-14.9916 0.960206 1.58273
-14.9914 0.958616 1.58289
-14.9918 0.962075 1.58253
-14.9813 1.99405 1.56294
-14.9813 1.99758 1.56262
-14.9812 1.99596 1.56275
-14.9812 1.99946 1.56244
-14.9971 1.96582 1.5675
-14.9971 1.96933 1.56719
-14.997 1.96774 1.56732
-14.997 1.97121 1.56701
-14.9633 3.01312 1.55651
-14.9632 3.01672 1.5564
-14.9632 3.0151 1.55643
-14.9631 3.01865 1.55632
-14.9835 2.98288 1.56088
-14.9835 2.98645 1.56077
-14.9834 2.98486 1.5608
-14.9833 2.98838 1.5607
-14.9947 4.003 1.55878
-14.9948 4.00667 1.55882
-14.9946 4.00504 1.55878
-14.9947 4.00867 1.55882
-15.0191 3.97053 1.56298
-15.0191 3.97416 1.56303
-15.019 3.97258 1.56298
-15.019 3.97616 1.56304
-14.9985 5.00455 1.57591
-14.9988 5.00829 1.57605
-14.9985 5.00667 1.57596
-14.9988 5.01035 1.5761
-15.0269 4.96999 1.58
-15.0272 4.97367 1.58015
-15.0269 4.97209 1.58005
-15.0272 4.97572 1.58021
-14.992 6.0332 1.56806
-14.9927 6.03701 1.56825
-14.9922 6.03538 1.56813
-14.9928 6.03913 1.56832
-15.0244 5.99657 1.57209
-15.0251 6.00032 1.57228
-15.0246 5.99875 1.57216
-15.0253 6.00243 1.57236
-15.0405 7.01582 1.55428
-15.0416 7.01969 1.55446
-15.0409 7.01807 1.55434
-15.0419 7.02187 1.55453
-15.0766 6.97691 1.55828
-15.0777 6.98071 1.55846
-15.077 6.97914 1.55834
-15.0781 6.98287 1.55853
-15.0119 8.01209 1.55292
-15.0133 8.01603 1.55304
-15.0124 8.0144 1.55295
-15.0139 8.01827 1.55307
-15.0518 7.9712 1.55695
-15.0533 7.97506 1.55707
-15.0524 7.9735 1.55698
-15.0539 7.97729 1.5571
-15.018 9.01859 1.55602
-15.0198 9.0226 1.55602
-15.0187 9.02098 1.55598
-15.0205 9.0249 1.55599
-15.0618 8.97559 1.56011
-15.0636 8.97952 1.56012
-15.0625 8.97796 1.56008
-15.0643 8.9818 1.56009
-15.0218 9.98013 1.57065
-15.0238 9.98421 1.57048
-15.0225 9.98258 1.57052
-15.0246 9.98657 1.57036
-15.0693 9.93503 1.57485
-15.0713 9.93902 1.57469
-15.0701 9.93746 1.57473
-15.0721 9.94135 1.57457
-15.0232 10.9879 1.58318
-15.0251 10.992 1.58304
-15.0238 10.9904 1.58307
-15.0258 10.9944 1.58294
-15.0747 10.9418 1.58721
-15.0767 10.9458 1.58708
-15.0755 10.9442 1.5871
-15.0775 10.9481 1.58698
-15.0262 12.0161 1.57895
-15.028 12.0202 1.57882
-15.0268 12.0186 1.57885
-15.0287 12.0226 1.57873
-15.0817 11.969 1.58284
-15.0837 11.973 1.58272
-15.0824 11.9714 1.58274
-15.0844 11.9753 1.58264
-15.0214 13.0151 1.5782
-15.0232 13.0192 1.57807
-15.0219 13.0176 1.5781
-15.0238 13.0216 1.57797
-15.0807 12.967 1.58199
-15.0826 12.971 1.58187
-15.0813 12.9695 1.58189
-15.0833 12.9733 1.58178
-15.0292 14.0016 1.57362
-15.031 14.0057 1.57346
-15.0298 14.0042 1.57351
-15.0316 14.0082 1.57335
-15.0921 13.9525 1.57735
-15.094 13.9565 1.57719
-15.0927 13.955 1.57724
-15.0946 13.9589 1.57709
-15.0231 14.9895 1.57086
-15.0248 14.9936 1.5707
-15.0236 14.992 1.57075
-15.0253 14.996 1.57059
-15.0897 14.94 1.57454
-15.0914 14.9439 1.57439
-15.0901 14.9425 1.57443
-15.0919 14.9463 1.57429
-14.0185 14.995 -0.00563984
-14.0201 14.9989 -0.00577956
-14.0189 14.9974 -0.00574046
-14.0206 15.0011 -0.00587362
-14.0849 14.9492 -0.002114
-14.0866 14.953 -0.00224609
-14.0854 14.9515 -0.00221213
-14.0872 14.9552 -0.00233747
-13.0245 15.01 0.00133107
-13.026 15.0137 0.00122857
-13.0249 15.0122 0.00125312
-13.0265 15.0158 0.0011563
-13.0908 14.9677 0.00468667
-13.0924 14.9713 0.00459108
-13.0912 14.9699 0.00461103
-13.093 14.9734 0.00452129
-12.0495 15.0203 -0.00069358
-12.051 15.0238 -0.000751109
-12.0499 15.0224 -0.000744961
-12.0515 15.0259 -0.000797645
-12.1157 14.9814 0.00251587
-12.1173 14.9848 0.0024646
-12.1161 14.9835 0.00246667
-12.1179 14.9868 0.00242039
-11.0477 15.0379 -0.0117388
-11.0493 15.0414 -0.0117828
-11.0481 15.04 -0.011781
-11.0498 15.0434 -0.0118207
-11.1139 15.002 -0.00863735
-11.1156 15.0054 -0.00867547
-11.1144 15.0041 -0.00867752
-11.1161 15.0074 -0.00871111
-10.0376 15.0143 0.00293946
-10.0392 15.0177 0.00290429
-10.0381 15.0163 0.00290304
-10.0397 15.0197 0.00287201
-10.1037 14.9814 0.00597775
-10.1054 14.9847 0.00594831
-10.1042 14.9834 0.00594337
-10.1059 14.9867 0.0059182
-9.03358 15.0095 -0.00642699
-9.03514 15.0129 -0.00646099
-9.034 15.0115 -0.00646201
-9.03561 15.0148 -0.00649205
-9.09965 14.9794 -0.00345929
-9.10131 14.9827 -0.00348774
-9.10011 14.9814 -0.00349233
-9.10183 14.9847 -0.00351669
-8.02396 14.9974 -0.014485
-8.02552 15.0007 -0.0145177
-8.02438 14.9994 -0.0145182
-8.02599 15.0027 -0.0145472
-8.08999 14.9701 -0.0116474
-8.09164 14.9734 -0.0116748
-8.09045 14.9721 -0.0116788
-8.09216 14.9753 -0.0117024
-7.03359 15.0253 -0.00727323
-7.03513 15.0286 -0.00730235
-7.034 15.0272 -0.00730336
-7.0356 15.0305 -0.00732915
-7.09975 15.0003 -0.00456383
-7.10138 15.0036 -0.00458812
-7.1002 15.0023 -0.00459228
-7.10189 15.0054 -0.00461312
-6.06609 15.009 -0.00362425
-6.06761 15.0122 -0.00364914
-6.0665 15.0109 -0.00365135
-6.06808 15.0141 -0.00367313
-6.13224 14.9862 -0.000979896
-6.13386 14.9894 -0.00100017
-6.13269 14.9881 -0.00100539
-6.13437 14.9913 -0.00102244
-5.08235 14.9899 -0.00626507
-5.08385 14.9931 -0.00628944
-5.08275 14.9917 -0.00629085
-5.08431 14.9949 -0.00631238
-5.14855 14.9693 -0.00373277
-5.15016 14.9725 -0.00375282
-5.14899 14.9712 -0.00375707
-5.15066 14.9744 -0.00377417
-4.07333 14.9998 -0.00586476
-4.07483 15.0031 -0.00588465
-4.07373 15.0017 -0.00588841
-4.0753 15.0049 -0.0059054
-4.1396 14.9817 -0.00325859
-4.14121 14.9849 -0.00327401
-4.14005 14.9836 -0.00328068
-4.14171 14.9867 -0.00329309
-3.10273 15.0039 -0.00419297
-3.10421 15.0071 -0.00422284
-3.10312 15.0057 -0.00422054
-3.10466 15.0089 -0.00424784
-3.16914 14.9877 -0.00182758
-3.17072 14.9908 -0.00185351
-3.16957 14.9895 -0.00185385
-3.17122 14.9926 -0.00187712
-2.10194 14.9948 -0.000765709
-2.10339 14.9979 -0.000796431
-2.10232 14.9966 -0.000793214
-2.10383 14.9997 -0.000821496
-2.16856 14.9801 0.00156127
-2.17012 14.9832 0.00153436
-2.16898 14.9819 0.00153501
-2.1706 14.9849 0.00151063
-1.09867 14.9875 -0.00147727
-1.10011 14.9905 -0.00150597
-1.09904 14.9892 -0.00150383
-1.10054 14.9922 -0.00153011
-1.1653 14.9746 0.000866018
-1.16683 14.9776 0.00084111
-1.16571 14.9763 0.000840695
-1.16731 14.9793 0.000818292
-0.103243 15.0003 0.00326785
-0.104643 15.0033 0.00324111
-0.103599 15.002 0.00324207
-0.105061 15.005 0.00321773
-0.169757 14.9893 0.00562899
-0.17126 14.9923 0.00560601
-0.170156 14.991 0.00560443
-0.171722 14.9939 0.00558394
0.898416 15.0244 -0.0126717
0.897113 15.0273 -0.012683
0.898102 15.026 -0.0126908
0.896737 15.0289 -0.0126995
0.832457 15.0145 -0.0101156
0.831051 15.0174 -0.0101229
0.832102 15.0162 -0.0101334
0.830631 15.019 -0.0101381
1.93801 14.982 -0.00733549
1.93681 14.9848 -0.00731344
1.93774 14.9836 -0.00733967
1.93647 14.9864 -0.00731479
1.87278 14.9736 -0.00428466
1.87147 14.9764 -0.00425799
1.87246 14.9752 -0.0042872
1.87109 14.978 -0.00425761
2.93369 14.9631 -0.00633707
2.93252 14.966 -0.00630156
2.93343 14.9647 -0.00633527
2.9322 14.9675 -0.00629679
2.86875 14.9575 -0.00308698
2.86747 14.9603 -0.00304657
2.86845 14.9591 -0.00308339
2.86711 14.9618 -0.00303992
3.94168 14.9738 -0.0179418
3.94052 14.9766 -0.0178985
3.94143 14.9754 -0.0179363
3.9402 14.9782 -0.01789
3.87675 14.9712 -0.0145897
3.87548 14.9741 -0.0145414
3.87646 14.9728 -0.0145824
3.87513 14.9756 -0.0145309
4.93212 14.9741 -0.0131382
4.93096 14.977 -0.0130959
4.93187 14.9757 -0.0131329
4.93065 14.9786 -0.0130876
4.86712 14.975 -0.00981521
4.86586 14.9779 -0.00976787
4.86683 14.9766 -0.0098081
4.8655 14.9794 -0.0097577
5.91984 14.9467 -0.00624171
5.91871 14.9497 -0.00619637
5.9196 14.9483 -0.00623488
5.91841 14.9512 -0.00618664
5.8549 14.9506 -0.0029251
5.85367 14.9535 -0.00287485
5.85462 14.9522 -0.00291646
5.85333 14.9551 -0.00286323
6.9412 14.9901 -0.00915457
6.94012 14.9931 -0.00909848
6.94098 14.9917 -0.00914239
6.93984 14.9946 -0.00908353
6.87619 14.9967 -0.00577915
6.875 14.9997 -0.00571825
6.87593 14.9983 -0.00576521
6.87467 15.0012 -0.00570144
7.95432 14.9655 -0.0121905
7.95327 14.9685 -0.0121237
7.95412 14.9671 -0.012173
7.953 14.9701 -0.0121034
7.88935 14.9752 -0.00870337
7.88819 14.9782 -0.00863164
7.88911 14.9768 -0.008684
7.88788 14.9797 -0.00860943
8.94577 14.965 -0.0148772
8.94473 14.968 -0.0148066
8.94557 14.9666 -0.0148577
8.94446 14.9696 -0.0147844
8.88078 14.978 -0.0113501
8.87963 14.981 -0.0112745
8.88054 14.9796 -0.0113288
8.87932 14.9826 -0.0112504
9.93922 14.9367 -0.00642808
9.93818 14.9398 -0.00635256
9.93902 14.9384 -0.00640617
9.93792 14.9414 -0.00632792
9.87428 14.9531 -0.00284835
9.87313 14.9563 -0.00276782
9.87404 14.9548 -0.00282456
9.87283 14.9579 -0.00274121
10.9721 14.9397 -0.00818103
10.9711 14.9429 -0.00810072
10.972 14.9414 -0.00815641
10.9709 14.9446 -0.00807345
10.9072 14.9598 -0.00458537
10.906 14.963 -0.00450007
10.9069 14.9615 -0.00455887
10.9057 14.9647 -0.00447082
11.9572 14.9313 -0.00597195
11.9562 14.9346 -0.00588882
11.957 14.933 -0.00594582
11.956 14.9363 -0.00586
11.8922 14.9551 -0.00232655
11.8911 14.9584 -0.0022383
11.892 14.9568 -0.00229847
11.8908 14.9601 -0.00220744
12.9448 14.9167 -0.00492065
12.9438 14.9201 -0.00483567
12.9446 14.9185 -0.00489361
12.9436 14.9219 -0.0048059
12.8798 14.9441 -0.00124622
12.8786 14.9475 -0.00115604
12.8795 14.9458 -0.00121719
12.8784 14.9492 -0.00112419
13.9533 14.9155 0.00235358
13.9524 14.919 0.00244122
13.9532 14.9172 0.00238202
13.9521 14.9207 0.00247232
13.8883 14.9464 0.00601557
13.8872 14.9499 0.00610833
13.888 14.9481 0.00604596
13.8869 14.9516 0.00614149
14.9853 14.9078 0.00105144
14.9843 14.9114 0.0011421
14.9851 14.9096 0.00108157
14.9841 14.9131 0.00117478
14.9202 14.9422 0.00467821
14.9191 14.9458 0.00477383
14.92 14.944 0.00471023
14.9188 14.9476 0.0048085
15.9426 14.9223 -0.00316341
15.9416 14.926 -0.00306385
15.9424 14.9242 -0.0031282
15.9413 14.9278 -0.00302635
15.8772 14.9598 0.000445214
15.8761 14.9635 0.000549519
15.877 14.9617 0.000482225
15.8758 14.9653 0.000588902
16.9822 14.9396 -0.00972482
16.9813 14.9434 -0.00961378
16.9821 14.9415 -0.00968286
16.981 14.9452 -0.00956985
16.9165 14.9806 -0.00610029
16.9154 14.9845 -0.00598468
16.9163 14.9825 -0.00605658
16.9151 14.9863 -0.00593892
18.0113 14.9227 -0.00981738
18.0103 14.9266 -0.00970053
18.0111 14.9246 -0.0097725
18.0101 14.9285 -0.00965367
17.9452 14.9672 -0.00612022
17.9441 14.9712 -0.00599869
17.945 14.9692 -0.00607353
17.9439 14.9731 -0.00594995
19.0414 14.9233 -0.00659363
19.0404 14.9273 -0.00647657
19.0412 14.9253 -0.00654963
19.0402 14.9293 -0.00643026
18.9749 14.9714 -0.00276869
18.9738 14.9755 -0.00264658
18.9747 14.9734 -0.00272273
18.9736 14.9775 -0.00259823
20.006 14.9394 -0.00347007
20.0051 14.9435 -0.0033497
20.0059 14.9414 -0.00342421
20.0049 14.9455 -0.00330159
19.9394 14.9912 0.000399794
19.9383 14.9955 0.000525264
19.9392 14.9933 0.000447638
19.9381 14.9975 0.000575439
21.0492 14.9488 -0.0060211
21.0483 14.9531 -0.0058849
21.0491 14.9509 -0.00596628
21.0481 14.9552 -0.00582823
20.9824 15.0046 -0.00206376
20.9813 15.0089 -0.00192256
20.9822 15.0067 -0.00200698
20.9811 15.011 -0.00186385
22.0738 14.9264 -0.0194962
22.0728 14.9309 -0.019318
22.0736 14.9286 -0.0194166
22.0726 14.933 -0.0192378
22.0067 14.9863 -0.0152967
22.0057 14.9908 -0.0151137
22.0065 14.9885 -0.0152152
22.0054 14.993 -0.0150316
23.0846 14.9176 -0.0215501
23.0837 14.9223 -0.0213351
23.0844 14.9198 -0.0214488
23.0835 14.9245 -0.0212344
23.0173 14.9819 -0.017139
23.0162 14.9866 -0.0169195
23.0171 14.9841 -0.0170359
23.016 14.9888 -0.0168168
24.0754 14.8858 -0.00971979
24.0745 14.8907 -0.00947335
24.0752 14.8881 -0.00959994
24.0743 14.893 -0.00935495
24.0079 14.9545 -0.00512554
24.0069 14.9595 -0.0048745
24.0077 14.9569 -0.00500375
24.0066 14.9619 -0.00475415
25.0812 14.8992 -0.00673826
25.0802 14.9044 -0.00646558
25.081 14.9017 -0.00660297
25.08 14.9069 -0.00633249
25.0133 14.9727 -0.00199284
25.0123 14.978 -0.00171552
25.0131 14.9752 -0.00185555
25.012 14.9805 -0.00158045
26.0586 14.9013 -0.00957753
26.0576 14.9067 -0.00928372
26.0584 14.9039 -0.00942983
26.0574 14.9094 -0.00913881
25.9904 14.9796 -0.0047118
25.9894 14.9851 -0.00441325
25.9902 14.9822 -0.00456203
25.9891 14.9877 -0.00426629
27.0445 14.9035 0.000820423
27.0436 14.9092 0.00113019
27.0443 14.9062 0.000977461
27.0433 14.912 0.00128401
26.976 14.9866 0.00577571
26.975 14.9925 0.00609041
26.9758 14.9895 0.00593492
26.9747 14.9953 0.00624638
28.0664 14.8687 4.57128e-05
28.0655 14.8748 0.000366083
28.0662 14.8717 0.000208917
28.0653 14.8777 0.000525823
27.9978 14.9571 0.00506111
27.9967 14.9632 0.0053867
27.9976 14.9601 0.00522662
27.9965 14.9662 0.0055487
29.0845 14.8719 0.00687956
29.0835 14.8783 0.00720442
29.0843 14.875 0.00704531
29.0833 14.8814 0.00736661
29.0156 14.9655 0.0119241
29.0145 14.972 0.0122538
29.0153 14.9686 0.012092
29.0142 14.9751 0.0124182
30.0785 14.9016 0.014851
30.0776 14.9084 0.015175
30.0783 14.9049 0.0150161
30.0773 14.9117 0.0153367
30.0092 15.0003 0.0198916
30.0081 15.0072 0.0202203
30.0089 15.0037 0.0200589
30.0078 15.0105 0.0203841
31.0883 14.8908 0.0159909
31.0873 14.898 0.0163087
31.0881 14.8943 0.0161523
31.0871 14.9014 0.016467
31.0187 14.9948 0.0209971
31.0176 15.002 0.0213194
31.0185 14.9983 0.0211606
31.0173 15.0055 0.0214796
32.0382 14.8719 5.64672e-05
32.0373 14.8793 0.000363128
32.0381 14.8755 0.000211199
32.0371 14.883 0.000515052
31.9684 14.9807 0.00500017
31.9673 14.9883 0.00531109
31.9682 14.9844 0.00515692
31.9671 14.9919 0.005465
32.9956 14.889 -0.00548539
32.9946 14.8968 -0.00519503
32.9954 14.8928 -0.00534037
32.9944 14.9005 -0.00505224
32.9254 15.0027 -0.000635089
32.9243 15.0105 -0.000340619
32.9252 15.0065 -0.000488092
32.924 15.0144 -0.000195862
34.0014 14.8667 0.00404246
34.0005 14.8748 0.00431119
34.0013 14.8707 0.00417462
34.0003 14.8787 0.00444187
33.931 14.9854 0.00876981
33.9299 14.9936 0.00904255
33.9308 14.9894 0.00890393
33.9297 14.9976 0.0091752
35.0074 14.8667 0.00900529
35.0064 14.8751 0.0092477
35.0072 14.8708 0.00912145
35.0062 14.8791 0.0093633
34.9367 14.9902 0.0135786
34.9356 14.9987 0.0138254
34.9365 14.9944 0.0136967
34.9353 15.0028 0.0139429
36.0001 14.9189 -0.00570854
35.9991 14.9276 -0.0054977
35.9999 14.9232 -0.00561151
35.9989 14.9318 -0.00540012
35.9289 15.0472 -0.00132372
35.9278 15.0559 -0.00110813
35.9286 15.0515 -0.00122474
35.9275 15.0602 -0.00100856
37.0034 14.9007 0.000360042
37.0025 14.9096 0.000533355
37.0033 14.9051 0.000434814
37.0022 14.9139 0.000609942
36.932 15.0335 0.00452666
36.9309 15.0425 0.00470478
36.9318 15.0379 0.00460341
36.9306 15.0468 0.00478341
38.0079 14.8984 -0.00147637
38.0069 14.9075 -0.00131209
38.0077 14.9028 -0.00140903
38.0067 14.9119 -0.00124251
37.9364 15.0354 0.00262295
37.9353 15.0446 0.00279218
37.9362 15.0399 0.00269227
37.935 15.049 0.00286382
39.0409 14.8888 -0.0026347
39.04 14.8981 -0.00247334
39.0408 14.8933 -0.00256967
39.0398 14.9025 -0.00240589
38.9695 15.03 0.00144767
38.9684 15.0394 0.00161407
38.9692 15.0346 0.00151471
38.9681 15.0439 0.0016836
40.0024 14.8859 0.0060592
40.0015 14.8953 0.00621757
40.0022 14.8904 0.00612234
40.0013 14.8998 0.00628319
39.931 15.0311 0.010141
39.9299 15.0406 0.0103044
39.9307 15.0357 0.0102061
39.9296 15.0452 0.0103721
41.0082 14.9204 0.0031633
41.0073 14.93 0.00333484
41.008 14.9251 0.00323388
41.007 14.9346 0.00340761
40.9365 15.07 0.00735029
40.9354 15.0797 0.00752691
40.9363 15.0747 0.0074229
40.9351 15.0844 0.00760178
42.0266 14.9266 -0.00238496
42.0256 14.9364 -0.00219633
42.0264 14.9314 -0.00230496
42.0254 14.9412 -0.00211452
41.9547 15.0808 0.00193002
41.9536 15.0908 0.00212372
41.9544 15.0856 0.00201206
41.9533 15.0955 0.00220764
43.0228 14.9157 -0.00236876
43.0219 14.9257 -0.00217518
43.0226 14.9205 -0.00228624
43.0216 14.9305 -0.00209095
42.9508 15.0745 0.00198443
42.9496 15.0847 0.00218307
42.9505 15.0794 0.00206899
42.9493 15.0896 0.00226942
44.0002 14.8761 -0.001799
43.9992 14.8864 -0.00161227
44 14.881 -0.00172066
43.9989 14.8913 -0.00153205
43.9281 15.0395 0.00250556
43.927 15.05 0.00269737
43.9278 15.0446 0.00258594
43.9266 15.055 0.0027797
44.9897 14.8838 0.00190218
44.9887 14.8943 0.00208698
44.9895 14.8888 0.00197916
44.9885 14.8993 0.00216594
44.9175 15.0517 0.00619214
44.9163 15.0623 0.00638205
44.9172 15.0568 0.00627117
44.916 15.0674 0.00646312
45.9955 14.8854 0.0143361
45.9945 14.8961 0.0145197
45.9953 14.8906 0.0144124
45.9943 14.9012 0.014598
45.9233 15.0577 0.0186255
45.9221 15.0686 0.0188142
45.923 15.0629 0.0187038
45.9218 15.0737 0.0188946
46.9907 14.9093 0.0035313
46.9897 14.9202 0.00371641
46.9905 14.9145 0.00360844
46.9895 14.9254 0.00379551
46.9183 15.0862 0.00783428
46.9171 15.0973 0.00802449
46.918 15.0915 0.00791346
46.9168 15.1026 0.0081057
47.9739 14.9171 0.00245754
47.9729 14.9283 0.00263371
47.9737 14.9225 0.00252961
47.9726 14.9336 0.00270791
47.9014 15.0986 0.006688
47.9002 15.1099 0.00686921
47.9011 15.104 0.00676207
47.8999 15.1153 0.0069455
48.9831 14.9346 -0.00122918
48.9821 14.946 -0.0010727
48.9829 14.9401 -0.00116823
48.9818 14.9514 -0.00100922
48.9105 15.1207 0.00284036
48.9093 15.1323 0.00300181
48.9102 15.1262 0.00290326
48.909 15.1378 0.00306733
49.9892 14.9158 -0.00750789
49.9882 14.9273 -0.00736187
49.989 14.9213 -0.00745274
49.9879 14.9328 -0.00730397
49.9167 15.106 -0.00350723
49.9155 15.1177 -0.00335623
49.9164 15.1115 -0.00345014
49.9152 15.1232 -0.00329631
49.9661 13.9256 -1.5803
49.9652 13.9372 -1.58014
49.9659 13.9311 -1.58024
49.965 13.9427 -1.58008
49.8975 14.1159 -1.57624
49.8965 14.1277 -1.57608
49.8973 14.1215 -1.57617
49.8962 14.1333 -1.57601
49.962 12.9314 -1.56645
49.9613 12.9431 -1.56628
49.9619 12.937 -1.56639
49.9612 12.9486 -1.56621
49.8974 13.122 -1.56232
49.8966 13.1338 -1.56215
49.8973 13.1277 -1.56225
49.8964 13.1395 -1.56208
49.9722 11.9457 -1.55983
49.9716 11.9574 -1.55965
49.9722 11.9513 -1.55976
49.9716 11.963 -1.55957
49.9116 12.1367 -1.5556
49.9109 12.1485 -1.55541
49.9115 12.1423 -1.55552
49.9108 12.1542 -1.55533
49.9848 10.9487 -1.56915
49.9844 10.9605 -1.56894
49.9848 10.9544 -1.56906
49.9844 10.9662 -1.56884
49.9284 11.1402 -1.56474
49.9279 11.1522 -1.56452
49.9284 11.1459 -1.56464
49.9278 11.1579 -1.56442
49.9698 9.96264 -1.56889
49.9697 9.97448 -1.56866
49.97 9.96832 -1.56879
49.9698 9.98012 -1.56856
49.9178 10.1542 -1.56439
49.9175 10.1662 -1.56416
49.9179 10.1599 -1.56429
49.9176 10.1719 -1.56405
48.9618 9.95128 3.13874
48.9616 9.96285 3.13896
48.9619 9.95683 3.13883
48.9617 9.96837 3.13906
48.9099 10.1381 -3.13997
48.9096 10.1499 -3.13974
48.91 10.1437 -3.13987
48.9096 10.1555 -3.13964
47.9578 9.95867 3.13858
47.9576 9.97001 3.13881
47.9579 9.96412 3.13868
47.9577 9.97543 3.13891
47.9059 10.1409 -3.14009
47.9056 10.1525 -3.13985
47.906 10.1465 -3.13999
47.9056 10.158 -3.13975
46.9608 9.92136 3.14129
46.9607 9.93246 3.14152
46.961 9.92671 3.14139
46.9608 9.93776 -3.14157
46.9091 10.0989 -3.13737
46.9089 10.1102 -3.13714
46.9092 10.1043 -3.13727
46.9089 10.1156 -3.13704
45.9526 9.89277 3.14048
45.9525 9.90361 3.1407
45.9528 9.898 3.14058
45.9526 9.90881 3.1408
45.9011 10.0655 -3.13823
45.9009 10.0766 -3.13801
45.9012 10.0708 -3.13814
45.9009 10.0818 -3.13791
44.9414 9.89713 3.14006
44.9413 9.90773 3.14029
44.9416 9.90225 3.14016
44.9414 9.91282 3.14038
44.89 10.0653 -3.13863
44.8897 10.076 -3.1384
44.8901 10.0705 -3.13853
44.8898 10.0812 -3.1383
43.9706 9.87323 3.13249
43.9705 9.88361 3.13271
43.9707 9.87825 3.13258
43.9706 9.88859 3.13281
43.9193 10.0369 3.13698
43.919 10.0475 3.13721
43.9194 10.042 3.13708
43.9191 10.0525 3.13731
42.9699 9.89164 3.13896
42.9698 9.90178 3.13917
42.9701 9.89655 3.13905
42.97 9.90665 3.13927
42.9186 10.0507 -3.13976
42.9184 10.061 -3.13954
42.9187 10.0557 -3.13966
42.9184 10.066 -3.13944
41.9824 9.90539 -3.13848
41.9823 9.91527 -3.13826
41.9826 9.91019 -3.13838
41.9824 9.92003 -3.13816
41.931 10.0598 -3.134
41.9308 10.0698 -3.13377
41.9311 10.0646 -3.1339
41.9308 10.0746 -3.13367
40.989 9.88644 3.13847
40.9889 9.89607 3.13868
40.9891 9.89112 3.13856
40.989 9.90071 3.13878
40.9377 10.036 -3.14031
40.9374 10.0458 -3.14009
40.9378 10.0408 -3.14021
40.9375 10.0505 -3.13999
40.0039 9.90213 3.13771
40.0038 9.91152 3.13791
40.004 9.9067 3.13779
40.0039 9.91604 3.13799
39.9525 10.0471 -3.14121
39.9522 10.0566 -3.14101
39.9526 10.0517 -3.14112
39.9523 10.0612 -3.14092
39.0277 9.90491 -3.13826
39.0275 9.9141 -3.13807
39.0278 9.90939 -3.13818
39.0276 9.91854 -3.13799
38.9763 10.0457 -3.13403
38.976 10.055 -3.13384
38.9764 10.0502 -3.13395
38.9761 10.0595 -3.13376
38.0373 9.91675 -3.12975
38.0371 9.92577 -3.12956
38.0374 9.92116 -3.12967
38.0372 9.93013 -3.12948
37.9859 10.0534 -3.12554
37.9857 10.0626 -3.12534
37.986 10.0579 -3.12546
37.9857 10.067 -3.12526
37.0295 9.90365 -3.13195
37.0293 9.91247 -3.13175
37.0296 9.90798 -3.13187
37.0294 9.91676 -3.13167
36.9782 10.0361 -3.12763
36.9779 10.045 -3.12743
36.9783 10.0405 -3.12755
36.978 10.0494 -3.12734
36.0618 9.87687 -3.13228
36.0616 9.88546 -3.13204
36.0619 9.8811 -3.13217
36.0617 9.88965 -3.13193
36.0104 10.0048 -3.1276
36.0101 10.0135 -3.12736
36.0104 10.0091 -3.12749
36.0101 10.0178 -3.12725
35.0386 9.88607 -3.12235
35.0384 9.89439 -3.12209
35.0387 9.89017 -3.12223
35.0384 9.89844 -3.12197
34.9869 10.0089 -3.1174
34.9865 10.0173 -3.11713
34.9869 10.0131 -3.11727
34.9865 10.0214 -3.117
34.0307 9.874 3.13675
34.0305 9.88201 3.13703
34.0308 9.87795 3.13688
34.0305 9.88592 3.13717
33.9788 9.99153 -3.14128
33.9784 9.99965 -3.14099
33.9788 9.99553 -3.14115
33.9784 10.0036 -3.14085
33.0568 9.86913 3.13397
33.0565 9.87683 3.13426
33.0569 9.87293 3.13411
33.0565 9.88058 3.1344
33.0046 9.98132 3.13925
33.0042 9.98912 3.13955
33.0047 9.98517 3.13939
33.0042 9.99293 3.13969
32.0541 9.87615 3.13044
32.0538 9.88352 3.13074
32.0542 9.87978 3.13059
32.0538 9.88711 3.13088
32.0017 9.98273 3.13577
32.0012 9.9902 3.13607
32.0017 9.98641 3.13591
32.0012 9.99383 3.13621
31.062 9.89959 3.13755
31.0616 9.90663 3.13783
31.062 9.90305 3.13768
31.0616 9.91005 3.13797
31.0092 10.0006 -3.14035
31.0087 10.0077 -3.14006
31.0091 10.0041 -3.14021
31.0086 10.0112 -3.13992
30.0858 9.90137 3.13422
30.0854 9.90809 3.13449
30.0858 9.90467 3.13435
30.0853 9.91136 3.13462
30.0327 9.99687 3.1394
30.0322 10.0037 3.13968
30.0326 10.0002 3.13953
30.0321 10.007 3.13981
30.0776 8.92633 -1.57633
30.0774 8.93302 -1.57607
30.0777 8.92962 -1.57621
30.0775 8.93627 -1.57595
30.0293 9.0215 -1.5712
30.029 9.02827 -1.57093
30.0293 9.02482 -1.57107
30.029 9.03156 -1.5708
30.0266 7.93494 -1.57992
30.0266 7.94157 -1.57966
30.0268 7.9382 -1.5798
30.0268 7.9448 -1.57954
29.9831 8.02954 -1.57477
29.9831 8.03626 -1.5745
29.9833 8.03284 -1.57464
29.9832 8.03953 -1.57438
30.0024 6.94393 -1.58688
30.0026 6.95052 -1.58661
30.0026 6.94716 -1.58675
30.0029 6.95372 -1.58648
29.9637 7.0381 -1.58164
29.9639 7.04478 -1.58137
29.964 7.04137 -1.58151
29.9641 7.04802 -1.58124
29.9658 5.94662 -1.56814
29.9663 5.95318 -1.56786
29.9662 5.94983 -1.568
29.9667 5.95636 -1.56772
29.9323 6.04043 -1.56284
29.9327 6.04708 -1.56255
29.9327 6.04369 -1.5627
29.9331 6.05031 -1.56241
29.982 4.91184 -1.56151
29.9828 4.91841 -1.56123
29.9826 4.91506 -1.56137
29.9833 4.92159 -1.56109
29.9539 5.00579 -1.55621
29.9546 5.01245 -1.55592
29.9544 5.00905 -1.55607
29.9551 5.01568 -1.55578
30.9684 4.90556 -0.00362693
30.9692 4.91241 -0.00334593
30.9689 4.90892 -0.00349075
30.9697 4.91574 -0.00321119
30.94 5.00486 0.00162536
30.9408 5.0118 0.00191185
30.9405 5.00826 0.00176394
30.9412 5.01517 0.002049
31.958 4.91841 -0.00235777
31.9589 4.92555 -0.0020778
31.9586 4.92191 -0.00222273
31.9594 4.929 -0.00194401
31.9293 5.02303 0.00282632
31.9301 5.03027 0.00311158
31.9299 5.02658 0.00296369
31.9306 5.03378 0.00324771
32.9706 4.92442 -0.00880028
32.9715 4.93184 -0.00852523
32.9712 4.92805 -0.00866642
32.972 4.93544 -0.00839245
32.9417 5.0344 -0.0036803
32.9425 5.04194 -0.00340013
32.9423 5.03809 -0.00354418
32.943 5.04559 -0.00326506
33.9952 4.91163 -0.00386077
33.9961 4.91936 -0.00360083
33.9958 4.91541 -0.00373048
33.9966 4.9231 -0.00347112
33.9659 5.0271 0.00109218
33.9668 5.03494 0.00135695
33.9665 5.03093 0.00122462
33.9673 5.03873 0.00148883
34.9962 4.90275 -0.00952929
34.9971 4.91073 -0.00926464
34.9968 4.90666 -0.0094022
34.9977 4.91461 -0.00913782
34.9668 5.02339 -0.0047147
34.9676 5.03149 -0.00444526
34.9674 5.02735 -0.00458553
34.9682 5.03542 -0.00431634
35.9964 4.88515 -0.00143668
35.9974 4.89341 -0.00118188
35.997 4.88919 -0.00131128
35.998 4.89742 -0.00105652
35.9669 5.01068 0.00331136
35.9678 5.01907 0.00357095
35.9675 5.01479 0.00343879
35.9684 5.02313 0.00369835
37.0046 4.89116 -0.00278304
37.0056 4.89969 -0.00252161
37.0052 4.89533 -0.00265986
37.0062 4.90382 -0.0023983
36.975 5.02157 0.00187769
36.9759 5.03023 0.00214376
36.9756 5.0258 0.00200286
36.9764 5.03442 0.00226909
38.0224 4.89615 0.00252082
38.0234 4.90496 0.00277744
38.023 4.90045 0.00264007
38.024 4.90923 0.00289701
37.9927 5.03143 0.00712449
37.9936 5.04038 0.00738573
37.9933 5.0358 0.00724571
37.9942 5.04471 0.00750731
39.0033 4.8871 -0.000528642
39.0042 4.89617 -0.000273378
39.0039 4.89152 -0.0004077
39.0048 4.90055 -0.000152133
38.9736 5.02688 0.00409245
38.9745 5.03609 0.00435234
38.9742 5.03137 0.00421536
38.975 5.04054 0.00447558
40.0035 4.88525 -0.00179505
40.0045 4.89457 -0.00153213
40.0041 4.88979 -0.00167432
40.0051 4.89908 -0.00141115
39.9739 5.02964 0.00282177
39.9748 5.03911 0.0030893
39.9745 5.03425 0.00294448
39.9753 5.04368 0.00321229
40.0263 5.89287 1.56
40.0271 5.9022 1.56026
40.0268 5.89741 1.56012
40.0275 5.90671 1.56038
39.9921 6.03739 1.5646
39.9927 6.04687 1.56487
39.9925 6.042 1.56472
39.9931 6.05144 1.56499
40.0383 6.90423 1.57348
40.0388 6.91358 1.57373
40.0387 6.90878 1.57359
40.0391 6.91809 1.57384
39.9995 7.04886 1.57799
39.9999 7.05835 1.57824
39.9999 7.05348 1.5781
40.0002 7.06293 1.57835
40.0449 7.89334 1.56334
40.0452 7.9027 1.56356
40.0453 7.8979 1.56344
40.0455 7.90722 1.56366
40.0019 8.03817 1.5677
40.002 8.04767 1.56792
40.0022 8.04279 1.5678
40.0023 8.05226 1.56802
40.0334 8.89089 1.57504
40.0334 8.90027 1.57524
40.0336 8.89545 1.57513
40.0336 8.90479 1.57533
39.9862 9.03584 1.57931
39.9861 9.04536 1.57952
39.9864 9.04047 1.5794
39.9863 9.04995 1.57961
40.0247 9.88882 1.57123
40.0246 9.8982 1.57143
40.0248 9.89338 1.57132
40.0247 9.90272 1.57152
39.9733 10.0337 1.57548
39.973 10.0432 1.57568
39.9734 10.0383 1.57556
39.9731 10.0478 1.57577
40.0155 10.897 1.56729
40.0152 10.9064 1.56747
40.0155 10.9016 1.56737
40.0152 10.9109 1.56756
39.9599 11.0419 1.57148
39.9595 11.0514 1.57168
39.9599 11.0466 1.57157
39.9594 11.056 1.57176
40.0034 11.8969 1.56642
40.0029 11.9063 1.56659
40.0034 11.9015 1.56649
40.0029 11.9108 1.56666
39.9439 12.0419 1.57054
39.9433 12.0514 1.57071
39.9438 12.0465 1.57061
39.9432 12.056 1.57079
40.0318 12.9122 1.57161
40.0311 12.9216 1.57178
40.0317 12.9168 1.57168
40.031 12.9261 1.57185
39.9682 13.0574 1.5757
39.9674 13.0669 1.57587
39.9681 13.062 1.57577
39.9673 13.0715 1.57594
40.0015 13.8975 1.57213
40.0007 13.9069 1.57229
40.0014 13.9021 1.5722
40.0005 13.9115 1.57236
39.9339 14.0426 1.5762
39.933 14.0521 1.57637
39.9338 14.0472 1.57627
39.9328 14.0567 1.57644
40.0059 14.9091 1.57263
40.005 14.9185 1.57278
40.0057 14.9137 1.57269
40.0047 14.9231 1.57284
39.9343 15.0543 1.57667
39.9333 15.0639 1.57682
39.9341 15.059 1.57673
39.933 15.0685 1.57689
39.9938 15.9092 1.57123
39.9928 15.9186 1.57136
39.9937 15.9138 1.57128
39.9925 15.9232 1.57141
39.9185 16.0544 1.57515
39.9173 16.064 1.57528
39.9182 16.0591 1.5752
39.917 16.0686 1.57534
40.0106 16.8992 1.57607
40.0094 16.9086 1.57619
40.0103 16.9038 1.57611
40.0091 16.9131 1.57624
39.9314 17.0445 1.57995
39.9301 17.054 1.58007
39.9311 17.0491 1.57999
39.9298 17.0586 1.58012
40.0102 17.9057 1.57698
40.009 17.9151 1.57709
40.01 17.9103 1.57702
40.0087 17.9197 1.57712
39.9275 18.0512 1.58077
39.9262 18.0608 1.58088
39.9272 18.0558 1.5808
39.9258 18.0654 1.58092
40.0151 18.9032 1.56756
40.0138 18.9127 1.56766
40.0149 18.9078 1.56759
40.0135 18.9172 1.5677
39.9289 19.0488 1.57134
39.9274 19.0584 1.57144
39.9286 19.0535 1.57137
39.927 19.063 1.57148
40.0288 19.9415 1.56525
40.0274 19.9509 1.56535
40.0285 19.9461 1.56528
40.0271 19.9555 1.56538
39.9386 20.0871 1.56902
39.9371 20.0967 1.56912
39.9383 20.0918 1.56905
39.9366 20.1013 1.56915
40.0092 20.9304 1.57369
40.0077 20.9398 1.57379
40.0089 20.9349 1.57372
40.0073 20.9443 1.57383
39.9154 21.076 1.57748
39.9138 21.0856 1.57759
39.915 21.0806 1.57751
39.9133 21.0902 1.57762
40.0018 21.9253 1.57698
40.0003 21.9348 1.57709
40.0015 21.9299 1.57702
39.9999 21.9393 1.57713
39.9043 22.071 1.58085
39.9026 22.0806 1.58096
39.9039 22.0757 1.58089
39.9021 22.0852 1.581
39.9998 22.9204 1.58084
39.9981 22.9299 1.58096
39.9994 22.925 1.58088
39.9977 22.9344 1.58101
39.8985 23.0662 1.58481
39.8967 23.0758 1.58493
39.8981 23.0709 1.58485
39.8961 23.0804 1.58498
39.9741 23.9044 1.57361
39.9723 23.9139 1.57375
39.9737 23.909 1.57367
39.9718 23.9184 1.5738
39.869 24.0501 1.57764
39.867 24.0597 1.57778
39.8685 24.0548 1.57769
39.8664 24.0643 1.57784
39.9859 24.9054 1.57472
39.984 24.9149 1.57485
39.9854 24.91 1.57477
39.9834 24.9194 1.57491
39.8767 25.0512 1.57879
39.8746 25.0608 1.57894
39.8762 25.0559 1.57885
39.8739 25.0654 1.579
39.9752 25.9141 1.5714
39.9731 25.9235 1.57154
39.9747 25.9187 1.57146
39.9725 25.9281 1.57159
39.8618 26.0599 1.57551
39.8596 26.0695 1.57565
39.8612 26.0645 1.57556
39.8589 26.0741 1.57571
39.9832 26.9067 1.57609
39.981 26.9162 1.57622
39.9826 26.9113 1.57614
39.9803 26.9208 1.57628
39.8657 27.0526 1.5802
39.8633 27.0622 1.58034
39.8651 27.0573 1.58025
39.8626 27.0668 1.58039
39.9877 27.9086 1.57651
39.9854 27.9181 1.57663
39.9871 27.9132 1.57656
39.9847 27.9227 1.57668
39.8661 28.0545 1.58062
39.8636 28.0641 1.58074
39.8655 28.0592 1.58067
39.8629 28.0688 1.58079
39.9798 28.88 1.57269
39.9774 28.8895 1.5728
39.9792 28.8846 1.57273
39.9767 28.894 1.57284
39.8543 29.0259 1.57679
39.8517 29.0355 1.57691
39.8536 29.0305 1.57683
39.8508 29.0401 1.57695
39.9872 29.8972 1.56554
39.9848 29.9067 1.56564
39.9866 29.9018 1.56557
39.984 29.9113 1.56568
39.8575 30.0431 1.56964
39.8548 30.0528 1.56974
39.8568 30.0478 1.56967
39.854 30.0574 1.56979
39.9591 30.9137 1.56657
39.9566 30.9233 1.56667
39.9585 30.9184 1.5666
39.9558 30.9278 1.5667
39.8253 31.0596 1.57066
39.8225 31.0693 1.57076
39.8245 31.0643 1.57069
39.8216 31.0739 1.57079
39.9665 31.9193 1.57102
39.9638 31.9288 1.57111
39.9658 31.9239 1.57105
39.963 31.9334 1.57114
39.8285 32.0653 1.57509
39.8256 32.0749 1.57518
39.8277 32.0699 1.57512
39.8247 32.0796 1.57521
39.9726 32.9406 1.58171
39.9699 32.9501 1.58177
39.9719 32.9452 1.58172
39.9691 32.9547 1.58179
39.8306 33.0865 1.58574
39.8276 33.0962 1.58581
39.8298 33.0912 1.58576
39.8267 33.1008 1.58583
39.9617 33.9357 1.55998
39.959 33.9452 1.56003
39.961 33.9404 1.55999
39.9582 33.9498 1.56004
39.8157 34.0816 1.56399
39.8127 34.0913 1.56404
39.8149 34.0863 1.56399
39.8118 34.0959 1.56406
39.9444 34.942 1.56691
39.9417 34.9515 1.56696
39.9437 34.9466 1.56692
39.9408 34.956 1.56697
39.7944 35.0878 1.5709
39.7914 35.0974 1.57096
39.7936 35.0925 1.57091
39.7905 35.1021 1.57097
39.9538 35.9488 1.56342
39.951 35.9583 1.56346
39.9531 35.9534 1.56342
39.9502 35.9629 1.56347
39.7998 36.0947 1.56741
39.7968 36.1043 1.56746
39.799 36.0994 1.56741
39.7958 36.1089 1.56747
39.9451 36.9451 1.57426
39.9423 36.9546 1.57431
39.9444 36.9497 1.57427
39.9414 36.9591 1.57432
39.7872 37.0909 1.57825
39.7841 37.1005 1.57831
39.7864 37.0956 1.57826
39.7831 37.1051 1.57832
39.962 37.9566 1.57396
39.9592 37.9661 1.57401
39.9614 37.9612 1.57396
39.9584 37.9707 1.57402
39.8001 38.1025 1.57795
39.797 38.1121 1.57801
39.7993 38.1072 1.57796
39.796 38.1167 1.57802
39.9415 38.9423 1.57093
39.9386 38.9517 1.57098
39.9408 38.9468 1.57094
39.9378 38.9563 1.571
39.7757 39.088 1.57494
39.7725 39.0976 1.575
39.7749 39.0927 1.57495
39.7715 39.1022 1.57502
39.9443 39.9438 1.56762
39.9414 39.9532 1.56768
39.9436 39.9484 1.56763
39.9405 39.9578 1.56769
39.7745 40.0896 1.57163
39.7712 40.0992 1.5717
39.7736 40.0942 1.57165
39.7702 40.1038 1.57172
39.9399 40.9466 1.56904
39.9369 40.9561 1.5691
39.9392 40.9512 1.56905
39.936 40.9606 1.56912
39.766 41.0924 1.57305
39.7627 41.102 1.57312
39.7652 41.097 1.57307
39.7617 41.1066 1.57314
39.9623 41.9521 1.5802
39.9592 41.9615 1.58027
39.9616 41.9566 1.58021
39.9584 41.9661 1.58029
39.7844 42.0979 1.58422
39.781 42.1075 1.5843
39.7835 42.1025 1.58423
39.78 42.1121 1.58432
39.9566 42.9563 1.57581
39.9535 42.9657 1.57588
39.9559 42.9608 1.57583
39.9526 42.9702 1.57589
39.7747 43.102 1.57983
39.7713 43.1116 1.5799
39.7739 43.1067 1.57984
39.7702 43.1162 1.57992
39.9555 43.9581 1.57123
39.9523 43.9675 1.5713
39.9547 43.9627 1.57125
39.9514 43.9721 1.57132
39.7696 44.1039 1.57525
39.766 44.1134 1.57533
39.7687 44.1085 1.57527
39.765 44.118 1.57535
39.953 44.9425 1.56608
39.9497 44.9519 1.56615
39.9522 44.9471 1.5661
39.9488 44.9564 1.56618
39.7631 45.0882 1.57011
39.7595 45.0977 1.57019
39.7622 45.0928 1.57014
39.7585 45.1023 1.57022
39.9569 45.9723 1.56075
39.9535 45.9817 1.56084
39.9561 45.9769 1.56078
39.9526 45.9862 1.56087
39.7629 46.118 1.56481
39.7592 46.1275 1.56491
39.762 46.1226 1.56484
39.7581 46.132 1.56494
39.9936 46.9759 1.56623
39.9902 46.9852 1.56635
39.9928 46.9804 1.56628
39.9892 46.9897 1.56639
39.7955 47.1216 1.57035
39.7918 47.1311 1.57047
39.7946 47.1262 1.5704
39.7907 47.1356 1.57052
39.984 47.9605 1.56047
39.9804 47.9698 1.56059
39.9831 47.965 1.56052
39.9794 47.9743 1.56065
39.7818 48.1062 1.5646
39.7779 48.1156 1.56473
39.7808 48.1107 1.56466
39.7767 48.1201 1.56479
40.013 48.9445 1.56639
40.0093 48.9538 1.56652
40.0121 48.949 1.56645
40.0083 48.9583 1.56658
39.8068 49.0902 1.57054
39.8027 49.0997 1.57068
39.8057 49.0948 1.5706
39.8015 49.1042 1.57074
40.0099 49.9657 1.54868
40.0061 49.975 1.54881
40.009 49.9702 1.54874
40.005 49.9795 1.54887
39.7994 50.1114 1.55283
39.7953 50.1208 1.55297
39.7983 50.116 1.55289
39.794 50.1254 1.55303
41.0182 49.9255 -0.0115392
41.0144 49.9349 -0.0114037
41.0172 49.93 -0.0114819
41.0132 49.9394 -0.0113446
40.8078 50.0754 -0.00738673
40.8037 50.085 -0.00724602
40.8067 50.08 -0.00732729
40.8024 50.0896 -0.0071847
42.0099 49.9423 -0.0116117
42.0061 49.9519 -0.011478
42.009 49.947 -0.0115565
42.005 49.9565 -0.0114208
41.7995 50.0964 -0.00746536
41.7953 50.1061 -0.00732631
41.7984 50.1011 -0.00740797
41.794 50.1108 -0.00726694
42.9971 49.9576 -0.0124975
42.9933 49.9673 -0.0123763
42.9961 49.9623 -0.012451
42.9921 49.972 -0.0123273
42.7866 50.1157 -0.00837723
42.7824 50.1256 -0.00825032
42.7855 50.1205 -0.0083285
42.7811 50.1304 -0.00819909
43.9995 49.957 -0.00999694
43.9958 49.9668 -0.00987623
43.9986 49.9617 -0.00995088
43.9946 49.9715 -0.0098277
43.789 50.1193 -0.00587739
43.7849 50.1293 -0.00575098
43.7879 50.1241 -0.00582909
43.7836 50.134 -0.00570013
44.9999 49.9255 -0.0118062
44.9961 49.9355 -0.0116876
44.9989 49.9303 -0.0117615
44.9949 49.9403 -0.0116404
44.7895 50.0919 -0.00769054
44.7853 50.1021 -0.00756624
44.7884 50.0968 -0.00764366
44.784 50.1069 -0.00751674
45.9892 49.9101 -0.0140213
45.9854 49.9202 -0.0139051
45.9882 49.9149 -0.0139781
45.9842 49.925 -0.0138592
45.7788 50.0806 -0.00990961
45.7746 50.0908 -0.00978762
45.7777 50.0855 -0.00986408
45.7733 50.0957 -0.00973939
47.0222 49.9053 -0.00595601
47.0184 49.9155 -0.0058473
47.0213 49.9102 -0.00591679
47.0173 49.9204 -0.0058053
46.8119 50.0801 -0.00185575
46.8077 50.0904 -0.0017412
46.8108 50.085 -0.00181424
46.8064 50.0954 -0.0016968
48.0118 49.8981 -0.00354529
48.008 49.9084 -0.00344241
48.0108 49.9029 -0.00350922
48.0068 49.9133 -0.0034034
47.8015 50.0769 0.000545819
47.7973 50.0874 0.00065462
47.8004 50.0818 0.00058421
47.796 50.0923 0.000696047
48.9956 49.8958 -0.00911421
48.9918 49.9062 -0.00901576
48.9946 49.9007 -0.00908053
48.9906 49.9111 -0.00897903
48.7852 50.0786 -0.00503022
48.7811 50.0892 -0.00492578
48.7841 50.0836 -0.0049942
48.7797 50.0942 -0.00488661
49.9956 49.8913 -0.00787489
49.9918 49.9018 -0.00777598
49.9946 49.8963 -0.00784096
49.9907 49.9068 -0.00773902
49.7853 50.0782 -0.00379018
49.7811 50.0889 -0.0036853
49.7842 50.0833 -0.00375391
49.7798 50.094 -0.0036459
50.0026 48.8952 -1.57334
49.9989 48.9057 -1.57324
50.0017 48.9002 -1.57331
49.9978 48.9107 -1.5732
49.7964 49.0822 -1.56926
49.7923 49.0929 -1.56915
49.7953 49.0872 -1.56922
49.791 49.0979 -1.56911
49.9698 47.922 -1.56753
49.9662 47.9325 -1.56743
49.9689 47.9269 -1.5675
49.9651 47.9375 -1.5674
49.7675 48.1088 -1.56345
49.7636 48.1195 -1.56335
49.7665 48.1138 -1.56342
49.7623 48.1246 -1.56331
49.9953 46.9053 -1.58379
49.9918 46.9158 -1.5837
49.9944 46.9102 -1.58376
49.9907 46.9208 -1.58367
49.7971 47.0922 -1.57972
49.7933 47.103 -1.57962
49.7961 47.0973 -1.57968
49.7921 47.108 -1.57958
49.994 45.9239 -1.57411
49.9906 45.9344 -1.57402
49.9932 45.9288 -1.57408
49.9896 45.9394 -1.57399
49.7999 46.1108 -1.57004
49.7961 46.1215 -1.56994
49.7989 46.1159 -1.57001
49.7949 46.1266 -1.56991
49.9703 44.911 -1.5781
49.967 44.9215 -1.57801
49.9695 44.916 -1.57807
49.966 44.9265 -1.57798
49.7803 45.0979 -1.57403
49.7766 45.1086 -1.57393
49.7793 45.1029 -1.574
49.7755 45.1136 -1.5739
48.9665 44.9028 3.13801
48.9632 44.9133 3.1381
48.9657 44.9078 3.13804
48.9622 44.9182 3.13813
48.7766 45.0856 -3.1411
48.7729 45.0962 -3.14101
48.7756 45.0906 -3.14107
48.7717 45.1013 -3.14097
47.9682 44.908 3.13733
47.9648 44.9183 3.13742
47.9673 44.9129 3.13736
47.9638 44.9232 3.13745
47.7782 45.0867 3.1414
47.7745 45.0972 3.1415
47.7772 45.0917 3.14144
47.7734 45.1022 3.14154
46.9627 44.9433 3.13093
46.9593 44.9536 3.13102
46.9619 44.9482 3.13096
46.9584 44.9584 3.13106
46.7725 45.1179 3.13501
46.7689 45.1283 3.1351
46.7716 45.1229 3.13504
46.7677 45.1333 3.13514
45.9887 44.932 -3.14057
45.9853 44.9421 -3.14049
45.9879 44.9368 -3.14055
45.9843 44.947 -3.14046
45.7986 45.1026 -3.13652
45.7949 45.1129 -3.13644
45.7976 45.1075 -3.1365
45.7938 45.1178 -3.13641
44.9958 44.9192 3.13352
44.9924 44.9292 3.13359
44.995 44.924 3.13354
44.9915 44.934 3.13362
44.8057 45.0857 3.13756
44.8021 45.0959 3.13764
44.8048 45.0906 3.13758
44.8009 45.1007 3.13767
44.9798 43.9309 -1.57207
44.9766 43.9409 -1.572
44.979 43.9357 -1.57206
44.9756 43.9457 -1.57198
44.7938 44.0973 -1.56804
44.7902 44.1075 -1.56797
44.7928 44.1022 -1.56802
44.7891 44.1124 -1.56794
44.966 42.9362 -1.57518
44.9628 42.9463 -1.57511
44.9652 42.941 -1.57516
44.9618 42.951 -1.57509
44.7839 43.1026 -1.57115
44.7804 43.1128 -1.57108
44.783 43.1075 -1.57114
44.7793 43.1177 -1.57106
44.9454 41.933 -1.57435
44.9423 41.943 -1.57428
44.9446 41.9378 -1.57433
44.9413 41.9478 -1.57426
44.7674 42.0993 -1.57033
44.7639 42.1095 -1.57026
44.7665 42.1042 -1.57031
44.7628 42.1144 -1.57024
44.9517 40.9345 -1.58143
44.9486 40.9445 -1.58136
44.9509 40.9393 -1.58141
44.9477 40.9493 -1.58134
44.7776 41.1008 -1.57741
44.7742 41.1111 -1.57734
44.7768 41.1057 -1.5774
44.7732 41.1159 -1.57732
44.9529 39.9242 -1.57134
44.9499 39.9343 -1.57128
44.9522 39.929 -1.57133
44.949 39.939 -1.57126
44.7829 40.0906 -1.56733
44.7796 40.1008 -1.56726
44.7821 40.0955 -1.56731
44.7786 40.1057 -1.56724
44.9481 38.9438 -1.56304
44.9451 38.9539 -1.56298
44.9473 38.9486 -1.56303
44.9442 38.9587 -1.56297
44.782 39.1102 -1.55903
44.7787 39.1205 -1.55897
44.7811 39.1151 -1.55902
44.7777 39.1253 -1.55895
44.9594 37.9427 -1.56311
44.9565 37.9528 -1.56305
44.9587 37.9476 -1.5631
44.9556 37.9576 -1.56304
44.7973 38.1092 -1.55911
44.7941 38.1194 -1.55904
44.7965 38.1141 -1.55909
44.7931 38.1243 -1.55902
44.9567 36.9263 -1.57159
44.9538 36.9364 -1.57153
44.956 36.9311 -1.57158
44.953 36.9412 -1.57151
44.7987 37.0928 -1.56758
44.7955 37.103 -1.56751
44.7978 37.0977 -1.56756
44.7945 37.1079 -1.56749
44.9514 35.9361 -1.56615
44.9486 35.9462 -1.56609
44.9507 35.941 -1.56614
44.9478 35.951 -1.56607
44.7974 36.1026 -1.56213
44.7943 36.1129 -1.56205
44.7965 36.1075 -1.56211
44.7933 36.1178 -1.56203
44.968 34.9232 -1.57485
44.9652 34.9333 -1.57478
44.9673 34.9281 -1.57483
44.9644 34.9381 -1.57475
44.818 35.0898 -1.57081
44.815 35.1001 -1.57072
44.8172 35.0947 -1.57078
44.814 35.105 -1.5707
45.9387 34.8622 -0.00760583
45.936 34.8724 -0.00751304
45.938 34.867 -0.00757639
45.9351 34.8772 -0.00748011
45.789 35.0327 -0.00352784
45.7859 35.0431 -0.00342899
45.7881 35.0377 -0.00349603
45.785 35.048 -0.00339359
46.9462 34.8552 0.00855452
46.9434 34.8655 0.00865531
46.9455 34.8601 0.00858832
46.9426 34.8704 0.00869241
46.7964 35.03 0.0126467
46.7934 35.0405 0.0127534
46.7956 35.035 0.0126828
46.7925 35.0455 0.0127929
47.9715 34.8677 0.0186228
47.9688 34.8782 0.0187235
47.9708 34.8727 0.0186566
47.9679 34.8831 0.0187606
47.8217 35.0468 0.0227099
47.8187 35.0574 0.0228166
47.8209 35.0518 0.022746
47.8178 35.0624 0.022856
48.9636 34.8914 0.0130443
48.9608 34.902 0.0131371
48.9629 34.8965 0.0130737
48.96 34.907 0.01317
48.8137 35.0746 0.0171077
48.8107 35.0854 0.0172065
48.8129 35.0797 0.0171395
48.8097 35.0905 0.0172419
49.9473 34.9266 0.0163971
49.9446 34.9373 0.0164742
49.9466 34.9317 0.0164179
49.9437 34.9424 0.0164988
49.7973 35.1139 0.0204184
49.7943 35.1248 0.0205018
49.7965 35.119 0.0204416
49.7933 35.1299 0.0205289
49.9557 33.9263 -1.56189
49.9531 33.937 -1.56182
49.9551 33.9313 -1.56188
49.9522 33.9421 -1.5618
49.8097 34.1136 -1.55789
49.8068 34.1245 -1.55781
49.8089 34.1188 -1.55786
49.8058 34.1297 -1.55778
49.9522 32.9259 -1.55913
49.9496 32.9367 -1.55906
49.9515 32.931 -1.55911
49.9488 32.9417 -1.55903
49.8102 33.1133 -1.55513
49.8073 33.1242 -1.55504
49.8094 33.1184 -1.5551
49.8064 33.1294 -1.55502
49.9672 31.9324 -1.56216
49.9647 31.9432 -1.56208
49.9666 31.9375 -1.56214
49.9639 31.9483 -1.56205
49.8292 32.1199 -1.55815
49.8264 32.1308 -1.55806
49.8284 32.125 -1.55812
49.8255 32.136 -1.55802
49.9746 30.9382 -1.56968
49.9721 30.9489 -1.56959
49.974 30.9433 -1.56965
49.9714 30.954 -1.56956
49.8405 31.1257 -1.56568
49.8378 31.1367 -1.56559
49.8398 31.1309 -1.56565
49.8369 31.1418 -1.56556
49.9623 29.968 -1.56492
49.9599 29.9788 -1.56484
49.9617 29.9731 -1.5649
49.9592 29.9839 -1.56481
49.8321 30.1555 -1.56094
49.8295 30.1665 -1.56085
49.8314 30.1607 -1.56091
49.8287 30.1717 -1.56082
49.9721 28.9557 -1.56371
49.9698 28.9665 -1.56362
49.9715 28.9608 -1.56368
49.9691 28.9716 -1.56359
49.846 29.1433 -1.55973
49.8434 29.1543 -1.55964
49.8453 29.1485 -1.5597
49.8426 29.1595 -1.55961
49.9788 27.9608 -1.56466
49.9766 27.9716 -1.56458
49.9782 27.9659 -1.56464
49.9759 27.9767 -1.56455
49.8566 28.1485 -1.5607
49.8541 28.1595 -1.56061
49.8559 28.1537 -1.56067
49.8534 28.1647 -1.56058
49.9845 26.9761 -1.56927
49.9823 26.987 -1.56918
49.9839 26.9813 -1.56924
49.9817 26.9921 -1.56915
49.8661 27.1639 -1.56532
49.8638 27.175 -1.56523
49.8655 27.1692 -1.5653
49.863 27.1802 -1.5652
49.9498 25.9645 -1.56024
49.9478 25.9754 -1.56015
49.9493 25.9696 -1.56021
49.9472 25.9805 -1.56012
49.8355 26.1522 -1.55631
49.8332 26.1633 -1.55621
49.8349 26.1575 -1.55628
49.8325 26.1685 -1.55618
49.9585 24.9498 -1.5563
49.9565 24.9607 -1.5562
49.958 24.955 -1.55627
49.9559 24.9659 -1.55617
49.8481 25.1377 -1.55238
49.8459 25.1488 -1.55228
49.8475 25.1429 -1.55235
49.8453 25.154 -1.55224
49.9897 23.9489 -1.55451
49.9878 23.9599 -1.55441
49.9892 23.9541 -1.55448
49.9873 23.965 -1.55438
49.8832 24.1369 -1.55059
49.8812 24.148 -1.55049
49.8827 24.1422 -1.55056
49.8805 24.1533 -1.55046
49.9786 22.9714 -1.55822
49.9768 22.9823 -1.55813
49.9782 22.9766 -1.5582
49.9763 22.9875 -1.5581
49.8759 23.1594 -1.55435
49.8739 23.1705 -1.55425
49.8754 23.1647 -1.55432
49.8733 23.1758 -1.55421
49.9878 21.9421 -1.56271
49.9861 21.9531 -1.56261
49.9874 21.9473 -1.56268
49.9857 21.9583 -1.56258
49.8891 22.1303 -1.55887
49.8872 22.1415 -1.55877
49.8886 22.1356 -1.55884
49.8866 22.1468 -1.55874
50.0103 20.9558 -1.56236
50.0087 20.9669 -1.56226
50.0099 20.9611 -1.56233
50.0082 20.9721 -1.56223
49.9152 21.1443 -1.55854
49.9134 21.1556 -1.55845
49.9148 21.1497 -1.55852
49.9129 21.1609 -1.55841
49.9961 19.9586 -1.55854
49.9946 19.9698 -1.55845
49.9958 19.9639 -1.55851
49.9942 19.9751 -1.55842
49.9046 20.1475 -1.55477
49.9029 20.1589 -1.55467
49.9042 20.1529 -1.55474
49.9024 20.1643 -1.55463
49.9954 18.9712 -1.55477
49.9939 18.9824 -1.55467
49.995 18.9765 -1.55474
49.9935 18.9878 -1.55463
49.9074 19.1604 -1.55098
49.9058 19.1718 -1.55088
49.907 19.1658 -1.55095
49.9053 19.1772 -1.55084
50.0019 17.953 -1.55995
50.0006 17.9644 -1.55982
50.0016 17.9584 -1.5599
50.0001 17.9698 -1.55978
49.9176 18.1428 -1.55606
49.916 18.1544 -1.55593
49.9172 18.1483 -1.55601
49.9155 18.1598 -1.55588
50.0137 16.9354 -1.57328
50.0124 16.9469 -1.57314
50.0134 16.9409 -1.57322
50.012 16.9523 -1.57308
49.9331 17.1255 -1.56931
49.9317 17.1372 -1.56917
49.9328 17.1311 -1.56926
49.9312 17.1427 -1.56911
50.0111 15.9331 -1.57367
50.01 15.9447 -1.57352
50.0109 15.9387 -1.57361
50.0096 15.9502 -1.57346
49.9345 16.1235 -1.56964
49.9331 16.1352 -1.56948
49.9341 16.129 -1.56958
49.9327 16.1407 -1.56942
50.0005 14.931 -1.58548
49.9995 14.9425 -1.58532
50.0003 14.9365 -1.58542
49.9992 14.948 -1.58526
49.9279 15.1213 -1.58142
49.9267 15.133 -1.58126
49.9276 15.1269 -1.58136
49.9264 15.1386 -1.58119
49.9874 13.9289 -1.57804
49.9865 13.9405 -1.57788
49.9872 13.9345 -1.57798
49.9863 13.946 -1.57781
49.9188 14.1193 -1.57396
49.9177 14.1311 -1.57379
49.9185 14.125 -1.57389
49.9175 14.1367 -1.57373
49.9777 12.9447 -1.56988
49.977 12.9564 -1.56971
49.9776 12.9503 -1.56981
49.9769 12.9619 -1.56963
49.913 13.1355 -1.5657
49.9121 13.1473 -1.56552
49.9128 13.1411 -1.56563
49.9119 13.1529 -1.56544
49.9947 11.9604 -1.5781
49.9941 11.9722 -1.57788
49.9947 11.966 -1.578
49.9941 11.9778 -1.57779
49.9339 12.1517 -1.57368
49.9332 12.1636 -1.57346
49.9338 12.1574 -1.57358
49.933 12.1693 -1.57337
49.9634 10.96 -1.57308
49.9631 10.9718 -1.57285
49.9635 10.9657 -1.57298
49.9631 10.9774 -1.57275
49.907 11.1514 -1.56858
49.9065 11.1633 -1.56835
49.907 11.1571 -1.56848
49.9064 11.169 -1.56825
49.9601 9.94111 -1.56156
49.96 9.95296 -1.56132
49.9603 9.94679 -1.56146
49.9601 9.95861 -1.56121
49.9082 10.1327 -1.55695
49.9079 10.1447 -1.55671
49.9083 10.1385 -1.55684
49.908 10.1505 -1.55659
50.9857 9.94424 0.00494604
50.9856 9.95642 0.00521582
50.9859 9.95008 0.00506773
50.9857 9.96223 0.00533801
50.9337 10.141 0.00974259
50.9334 10.1534 0.0100175
50.9338 10.1469 0.00986634
50.9334 10.1593 0.0101418
51.9833 9.92958 0.0162081
51.9832 9.9421 0.0165477
51.9835 9.93558 0.0163667
51.9833 9.94806 0.0167057
51.9313 10.1318 0.0215159
51.931 10.1446 0.021861
51.9314 10.1379 0.0216767
51.931 10.1506 0.0220211
53.0017 9.91086 0.0163146
53.0016 9.9238 0.0167066
53.0019 9.91706 0.0165004
53.0017 9.92996 0.0168909
52.9497 10.1193 0.0219486
52.9495 10.1324 0.0223463
52.9498 10.1256 0.0221365
52.9495 10.1387 0.0225327
54.0172 9.9246 0.0148562
54.017 9.93799 0.0152833
54.0173 9.93102 0.0150595
54.0171 9.94438 0.0154846
53.9651 10.1394 0.0206316
53.9648 10.1531 0.0210644
53.9652 10.146 0.0208369
53.9648 10.1595 0.0212676
55.0126 9.93956 0.0209844
55.0125 9.95345 0.0214287
55.0128 9.94622 0.0211956
55.0126 9.96007 0.0216378
54.9604 10.1609 0.02672
54.9601 10.175 0.0271697
54.9605 10.1676 0.0269329
54.9601 10.1817 0.0273805
55.0337 8.93976 -1.5464
55.034 8.95373 -1.54594
55.0341 8.94647 -1.54618
55.0343 8.9604 -1.54572
54.9872 9.16196 -1.5407
54.9873 9.17615 -1.54023
54.9875 9.16876 -1.54048
54.9876 9.18291 -1.54001
55.0669 7.93011 -1.54368
55.0677 7.94416 -1.5432
55.0675 7.93686 -1.54345
55.0682 7.95087 -1.54298
55.0261 8.15323 -1.53801
55.0267 8.16751 -1.53753
55.0266 8.16008 -1.53778
55.0272 8.17432 -1.5373
55.0929 6.94533 -1.5452
55.0941 6.95946 -1.54471
55.0937 6.95212 -1.54496
55.0949 6.96621 -1.54447
55.0576 7.16934 -1.53956
55.0587 7.1837 -1.53907
55.0584 7.17624 -1.53933
55.0594 7.19056 -1.53884
55.095 5.95082 -1.54654
55.0967 5.96503 -1.54604
55.096 5.95766 -1.5463
55.0977 5.97182 -1.5458
55.0653 6.1756 -1.54093
55.0668 6.19003 -1.54043
55.0662 6.18253 -1.54069
55.0678 6.19692 -1.54019
55.1278 4.9556 -1.52678
55.13 4.96989 -1.52626
55.1291 4.96248 -1.52653
55.1312 4.97672 -1.52602
55.1036 5.1813 -1.52119
55.1057 5.19582 -1.52067
55.1048 5.18828 -1.52094
55.1069 5.20276 -1.52042
55.195 3.92996 -1.52522
55.1978 3.94435 -1.5247
55.1965 3.9369 -1.52497
55.1992 3.95124 -1.52445
55.1765 4.15678 -1.51966
55.1792 4.17141 -1.51913
55.178 4.16382 -1.51941
55.1806 4.1784 -1.51888
55.2384 2.92146 -1.52615
55.2418 2.93594 -1.52561
55.2402 2.92844 -1.5259
55.2435 2.94288 -1.52536
55.2255 3.14926 -1.52062
55.2287 3.16399 -1.52008
55.2273 3.15635 -1.52036
55.2304 3.17103 -1.51982
55.2887 1.9249 -1.53555
55.2925 1.93948 -1.53501
55.2907 1.93194 -1.53529
55.2945 1.94647 -1.53475
55.2812 2.15373 -1.53005
55.2849 2.16855 -1.5295
55.2832 2.16087 -1.52979
55.2868 2.17564 -1.52924
55.3153 0.896211 -1.52872
55.3197 0.910873 -1.52816
55.3176 0.903292 -1.52845
55.322 0.9179 -1.5279
55.3135 1.12592 -1.52324
55.3178 1.14083 -1.52268
55.3158 1.13312 -1.52297
55.32 1.14797 -1.52242
55.3552 -0.0938782 -1.53301
55.3601 -0.0791255 -1.53245
55.3577 -0.0867483 -1.53275
55.3626 -0.0720509 -1.53219
55.3588 0.136794 -1.52756
55.3636 0.1518 -1.527
55.3613 0.144039 -1.52729
55.366 0.158989 -1.52673
55.4049 -1.05799 -1.52782
55.4104 -1.04314 -1.52726
55.4077 -1.05081 -1.52755
55.4132 -1.03602 -1.527
55.4137 -0.826304 -1.52239
55.4191 -0.811198 -1.52183
55.4165 -0.819005 -1.52212
55.4218 -0.803957 -1.52156
55.4411 -2.04875 -1.53456
55.4472 -2.03381 -1.534
55.4442 -2.04152 -1.53429
55.4502 -2.02664 -1.53373
55.4553 -1.81613 -1.52916
55.4612 -1.80093 -1.52859
55.4583 -1.80878 -1.52889
55.4642 -1.79364 -1.52832
55.4826 -3.0753 -1.52546
55.4893 -3.06027 -1.52489
55.486 -3.06802 -1.52519
55.4925 -3.05305 -1.52462
55.5023 -2.8417 -1.52008
55.5088 -2.82641 -1.51951
55.5056 -2.83431 -1.51981
55.512 -2.81907 -1.51924
55.5184 -4.10075 -1.52679
55.5257 -4.08563 -1.52622
55.5221 -4.09342 -1.52652
55.5292 -4.07836 -1.52595
55.5436 -3.86622 -1.52143
55.5507 -3.85084 -1.52087
55.5472 -3.85878 -1.52116
55.5542 -3.84345 -1.5206
55.5481 -5.08526 -1.54807
55.5559 -5.07006 -1.5475
55.552 -5.07789 -1.54779
55.5597 -5.06274 -1.54723
55.5785 -4.84983 -1.54273
55.5862 -4.83436 -1.54216
55.5824 -4.84234 -1.54245
55.5899 -4.82692 -1.54189
55.5531 -6.08859 -1.56048
55.5615 -6.07332 -1.55991
55.5573 -6.08118 -1.56021
55.5656 -6.06597 -1.55964
55.5888 -5.8524 -1.55515
55.5971 -5.83685 -1.55459
55.593 -5.84486 -1.55488
55.6011 -5.82937 -1.55432
55.566 -7.07701 -1.57395
55.5749 -7.06166 -1.57338
55.5704 -7.06956 -1.57368
55.5793 -7.05427 -1.57311
55.6069 -6.84001 -1.56863
55.6157 -6.82438 -1.56807
55.6113 -6.83243 -1.56836
55.62 -6.81686 -1.5678
55.5626 -8.09645 -1.57174
55.5721 -8.08103 -1.57118
55.5674 -8.08895 -1.57147
55.5768 -8.0736 -1.57091
55.609 -7.85872 -1.56643
55.6183 -7.84302 -1.56587
55.6136 -7.8511 -1.56615
55.6229 -7.83546 -1.56559
55.5569 -9.10404 -1.60245
55.567 -9.08856 -1.60189
55.5619 -9.09651 -1.60218
55.5719 -9.08109 -1.60162
55.6085 -8.8656 -1.59712
55.6185 -8.84983 -1.59656
55.6135 -8.85794 -1.59685
55.6233 -8.84224 -1.59629
55.5176 -10.1192 -1.61313
55.5282 -10.1037 -1.61257
55.5229 -10.1117 -1.61285
55.5334 -10.0962 -1.6123
55.5746 -9.88027 -1.60777
55.5851 -9.86445 -1.60722
55.5799 -9.87258 -1.6075
55.5903 -9.85683 -1.60695
55.4545 -11.1058 -1.60689
55.4657 -11.0903 -1.60633
55.4601 -11.0983 -1.60661
55.4712 -11.0828 -1.60606
55.5168 -10.8665 -1.60149
55.5278 -10.8506 -1.60094
55.5223 -10.8587 -1.60121
55.5332 -10.843 -1.60066
55.4275 -12.093 -1.61035
55.4393 -12.0773 -1.60979
55.4334 -12.0854 -1.61007
55.445 -12.0698 -1.60952
55.4951 -11.853 -1.60489
55.5067 -11.8371 -1.60433
55.5009 -11.8452 -1.60461
55.5123 -11.8294 -1.60406
55.3903 -13.082 -1.61056
55.4026 -13.0663 -1.61
55.3965 -13.0743 -1.61029
55.4086 -13.0587 -1.60973
55.4633 -12.8414 -1.60503
55.4754 -12.8255 -1.60448
55.4693 -12.8337 -1.60476
55.4813 -12.8178 -1.6042
55.3817 -14.1013 -1.62167
55.3945 -14.0856 -1.62111
55.3881 -14.0936 -1.6214
55.4008 -14.078 -1.62084
55.4602 -13.8601 -1.61606
55.4729 -13.8441 -1.6155
55.4665 -13.8523 -1.61578
55.4791 -13.8363 -1.61522
55.2941 -15.147 -1.61456
55.3076 -15.1313 -1.614
55.3008 -15.1394 -1.61429
55.3141 -15.1237 -1.61372
55.3785 -14.9056 -1.60885
55.3918 -14.8895 -1.60828
55.3851 -14.8978 -1.60857
55.3983 -14.8818 -1.608
55.2524 -16.0998 -1.61955
55.2664 -16.084 -1.61898
55.2594 -16.0921 -1.61927
55.2732 -16.0764 -1.6187
55.3422 -15.8578 -1.61371
55.356 -15.8417 -1.61314
55.3491 -15.85 -1.61343
55.3628 -15.8339 -1.61286
55.2125 -17.094 -1.60995
55.227 -17.0782 -1.60937
55.2197 -17.0863 -1.60967
55.2341 -17.0705 -1.60909
55.308 -16.8516 -1.60397
55.3224 -16.8354 -1.60339
55.3152 -16.8437 -1.60369
55.3294 -16.8276 -1.60312
55.1841 -18.0716 -1.59194
55.1992 -18.0557 -1.59136
55.1915 -18.0638 -1.59166
55.2065 -18.048 -1.59108
55.2854 -17.8285 -1.58582
55.3004 -17.8123 -1.58524
55.2928 -17.8206 -1.58553
55.3077 -17.8045 -1.58496
55.1305 -19.0365 -1.57875
55.1462 -19.0206 -1.57816
55.1383 -19.0287 -1.57846
55.1538 -19.0129 -1.57788
55.2378 -18.7931 -1.57246
55.2533 -18.7768 -1.57187
55.2455 -18.7851 -1.57217
55.2609 -18.7689 -1.57159
55.1517 -20.0016 -1.58126
55.168 -19.9856 -1.58068
55.1598 -19.9937 -1.58098
55.1759 -19.9778 -1.5804
55.265 -19.7572 -1.57481
55.2811 -19.7409 -1.57422
55.273 -19.7492 -1.57452
55.289 -19.733 -1.57393
55.1617 -20.9658 -1.59653
55.1785 -20.9497 -1.59594
55.17 -20.9579 -1.59624
55.1867 -20.9419 -1.59566
55.2812 -20.7207 -1.5899
55.2978 -20.7042 -1.58931
55.2894 -20.7126 -1.58961
55.3059 -20.6963 -1.58902
55.1411 -22.0012 -1.58888
55.1585 -21.985 -1.58829
55.1497 -21.9932 -1.5886
55.167 -21.9772 -1.58801
55.2674 -21.7554 -1.58207
55.2847 -21.7389 -1.58147
55.2759 -21.7473 -1.58178
55.2931 -21.7309 -1.58119
55.0965 -23.0157 -1.58754
55.1145 -22.9995 -1.58695
55.1054 -23.0078 -1.58725
55.1233 -22.9917 -1.58666
55.2297 -22.7695 -1.58053
55.2476 -22.753 -1.57993
55.2385 -22.7614 -1.58024
55.2563 -22.745 -1.57964
55.0787 -24.0237 -1.59514
55.0973 -24.0075 -1.59454
55.0879 -24.0157 -1.59485
55.1063 -23.9996 -1.59425
55.2189 -23.7769 -1.58792
55.2374 -23.7603 -1.58732
55.228 -23.7687 -1.58762
55.2464 -23.7522 -1.58702
55.0521 -25.0274 -1.59506
55.0713 -25.0111 -1.59446
55.0616 -25.0194 -1.59477
55.0806 -25.0032 -1.59417
55.1995 -24.78 -1.58762
55.2186 -24.7633 -1.58701
55.209 -24.7718 -1.58732
55.2279 -24.7552 -1.58672
55.0162 -26.0095 -1.57568
55.036 -25.9931 -1.57508
55.026 -26.0014 -1.57539
55.0456 -25.9852 -1.57479
55.1709 -25.7616 -1.56801
55.1906 -25.7449 -1.5674
55.1806 -25.7534 -1.56771
55.2002 -25.7368 -1.56711
54.9855 -27.0504 -1.57186
55.0059 -27.034 -1.57125
54.9956 -27.0424 -1.57156
55.0159 -27.0261 -1.57096
55.1482 -26.802 -1.56394
55.1685 -26.7852 -1.56333
55.1582 -26.7938 -1.56364
55.1784 -26.7771 -1.56303
54.9863 -28.0511 -1.56628
55.0073 -28.0347 -1.56568
54.9966 -28.043 -1.56599
55.0175 -28.0267 -1.56539
55.1568 -27.8019 -1.55812
55.1778 -27.7851 -1.5575
55.1672 -27.7937 -1.55782
55.1879 -27.7769 -1.55721
54.9616 -29.0289 -1.56898
54.9832 -29.0124 -1.56837
54.9723 -29.0208 -1.56868
54.9937 -29.0044 -1.56808
55.1401 -28.7792 -1.56055
55.1617 -28.7623 -1.55994
55.1507 -28.7709 -1.56025
55.1721 -28.7541 -1.55964
54.9996 -30.0709 -1.58202
55.0218 -30.0543 -1.58142
55.0106 -30.0627 -1.58172
55.0327 -30.0462 -1.58112
55.1869 -29.8201 -1.57334
55.209 -29.8031 -1.57272
55.1978 -29.8117 -1.57303
55.2198 -29.7948 -1.57242
54.9929 -31.0801 -1.5764
55.0158 -31.0634 -1.57579
55.0042 -31.0719 -1.5761
55.0269 -31.0553 -1.5755
55.1889 -30.8285 -1.56745
55.2118 -30.8115 -1.56683
55.2002 -30.8202 -1.56714
55.2228 -30.8032 -1.56653
55.0088 -32.0635 -1.56427
55.0322 -32.0468 -1.56366
55.0203 -32.0553 -1.56397
55.0436 -32.0386 -1.56336
55.2136 -31.8111 -1.55505
55.237 -31.7939 -1.55443
55.2251 -31.8026 -1.55474
55.2484 -31.7856 -1.55413
55.0138 -33.0386 -1.56981
55.0378 -33.0218 -1.56921
55.0256 -33.0303 -1.56951
55.0495 -33.0136 -1.56891
55.2275 -32.7853 -1.56032
55.2515 -32.7681 -1.55971
55.2394 -32.7768 -1.56002
55.2632 -32.7597 -1.5594
55.0451 -34.0398 -1.58655
55.0698 -34.0228 -1.58595
55.0573 -34.0314 -1.58625
55.0818 -34.0146 -1.58565
55.2684 -33.7854 -1.57679
55.293 -33.7681 -1.57618
55.2806 -33.7769 -1.57648
55.305 -33.7597 -1.57587
55.0271 -35.0436 -1.57553
55.0524 -35.0267 -1.57492
55.0396 -35.0352 -1.57522
55.0647 -35.0184 -1.57462
55.2602 -34.7891 -1.56566
55.2855 -34.7718 -1.56504
55.2727 -34.7806 -1.56535
55.2978 -34.7634 -1.56473
55.0647 -36.0128 -1.59815
55.0906 -35.9958 -1.59754
55.0775 -36.0044 -1.59785
55.1032 -35.9876 -1.59724
55.3075 -35.7577 -1.5882
55.3334 -35.7404 -1.58758
55.3203 -35.7492 -1.58788
55.3459 -35.7319 -1.58727
55.0406 -37.0108 -1.58779
55.0671 -36.9939 -1.58718
55.0537 -37.0025 -1.58748
55.08 -36.9856 -1.58688
55.2934 -36.7558 -1.57776
55.3199 -36.7384 -1.57714
55.3065 -36.7472 -1.57745
55.3328 -36.7299 -1.57684
55.0206 -38.01 -1.57827
55.0477 -37.9931 -1.57766
55.034 -38.0017 -1.57796
55.0609 -37.9848 -1.57735
55.2836 -37.7547 -1.56811
55.3107 -37.7373 -1.56749
55.297 -37.7461 -1.5678
55.3239 -37.7288 -1.56718
55.001 -39.0114 -1.58229
55.0288 -38.9945 -1.58168
55.0147 -39.003 -1.58198
55.0423 -38.9862 -1.58138
55.2742 -38.7559 -1.57207
55.302 -38.7385 -1.57145
55.288 -38.7473 -1.57176
55.3155 -38.7301 -1.57114
55.0142 -40.0361 -1.58778
55.0426 -40.0192 -1.58716
55.0283 -40.0278 -1.58747
55.0564 -40.0109 -1.58686
55.298 -39.7802 -1.57753
55.3264 -39.7628 -1.57691
55.3121 -39.7716 -1.57721
55.3402 -39.7543 -1.5766
55.036 -41.0286 -1.58994
55.065 -41.0117 -1.58933
55.0504 -41.0203 -1.58963
55.0791 -41.0034 -1.58902
55.33 -40.7721 -1.57969
55.3591 -40.7547 -1.57906
55.3444 -40.7635 -1.57937
55.3732 -40.7462 -1.57876
55.0106 -42.0305 -1.58974
55.0402 -42.0136 -1.58913
55.0252 -42.0222 -1.58944
55.0546 -42.0053 -1.58883
55.3149 -41.7741 -1.5795
55.3446 -41.7567 -1.57887
55.3296 -41.7655 -1.57918
55.359 -41.7482 -1.57857
55.0015 -43.0212 -1.57838
55.0317 -43.0043 -1.57777
55.0165 -43.0128 -1.57807
55.0464 -42.996 -1.57747
55.3161 -42.7647 -1.56815
55.3463 -42.7472 -1.56753
55.3311 -42.7561 -1.56784
55.3611 -42.7388 -1.56722
55.0026 -44.0346 -1.57311
55.0335 -44.0176 -1.5725
55.0179 -44.0262 -1.5728
55.0485 -44.0094 -1.5722
55.3277 -43.7778 -1.56292
55.3585 -43.7604 -1.5623
55.343 -43.7692 -1.5626
55.3736 -43.7519 -1.56199
55.0231 -45.0494 -1.56881
55.0545 -45.0324 -1.56821
55.0387 -45.041 -1.56851
55.0699 -45.0241 -1.56791
55.3586 -44.792 -1.55871
55.3901 -44.7746 -1.5581
55.3742 -44.7834 -1.5584
55.4055 -44.7661 -1.5578
55.0016 -46.0268 -1.57144
55.0337 -46.0099 -1.57085
55.0175 -46.0185 -1.57114
55.0493 -46.0016 -1.57055
55.3471 -45.7693 -1.56146
55.3792 -45.7519 -1.56086
55.363 -45.7607 -1.56116
55.3949 -45.7434 -1.56056
54.9886 -46.9926 -1.56295
55.0212 -46.9757 -1.56236
55.0048 -46.9843 -1.56266
55.0371 -46.9674 -1.56207
55.3438 -46.735 -1.55306
55.3765 -46.7175 -1.55246
55.36 -46.7264 -1.55276
55.3925 -46.709 -1.55216
54.9996 -48.0162 -1.56409
55.0328 -47.9992 -1.5635
55.0161 -48.0078 -1.5638
55.049 -47.991 -1.56321
55.3649 -47.7583 -1.55424
55.3982 -47.7408 -1.55364
55.3815 -47.7497 -1.55394
55.4145 -47.7323 -1.55334
54.988 -48.9986 -1.5617
55.0217 -48.9816 -1.56111
55.0047 -48.9902 -1.56141
55.0382 -48.9733 -1.56082
55.363 -48.7407 -1.55186
55.3969 -48.7232 -1.55126
55.3798 -48.7321 -1.55156
55.4135 -48.7147 -1.55097
54.9857 -49.9814 -1.56157
55.02 -49.9644 -1.56099
55.0027 -49.973 -1.56128
55.0368 -49.9562 -1.5607
55.3704 -49.7234 -1.55175
55.4049 -49.706 -1.55116
55.3875 -49.7148 -1.55146
55.4218 -49.6975 -1.55086
53.9732 -49.9744 -3.13236
54.0075 -49.9581 -3.13178
53.9902 -49.9664 -3.13207
54.0243 -49.9501 -3.13149
54.3579 -49.7264 -3.12255
54.3924 -49.7095 -3.12195
54.375 -49.7181 -3.12225
54.4092 -49.7013 -3.12166
52.9841 -50.0125 3.14031
53.0184 -49.9967 3.1409
53.0011 -50.0047 3.14061
53.0352 -49.989 3.14119
53.3692 -49.7741 -3.13306
53.4037 -49.7579 -3.13246
53.3864 -49.7661 -3.13276
53.4206 -49.7499 -3.13217
51.992 -49.9997 -3.13824
52.0264 -49.9845 -3.13766
52.0091 -49.9922 -3.13795
52.0432 -49.9771 -3.13737
52.3771 -49.771 -3.12844
52.4116 -49.7553 -3.12784
52.3943 -49.7632 -3.12814
52.4285 -49.7476 -3.12755
50.9877 -49.9961 3.13979
51.0221 -49.9815 3.14037
51.0048 -49.9889 3.14008
51.0389 -49.9743 3.14066
51.373 -49.777 -3.13358
51.4075 -49.7619 -3.13299
51.3901 -49.7695 -3.13329
51.4244 -49.7545 -3.1327
49.9885 -49.9885 -3.14013
50.0228 -49.9744 -3.13955
50.0055 -49.9815 -3.13984
50.0396 -49.9676 -3.13927
50.3737 -49.7791 -3.13032
50.4083 -49.7646 -3.12973
50.3909 -49.7719 -3.13003
50.4252 -49.7575 -3.12944
48.9883 -49.9891 -3.1394
49.0227 -49.9757 -3.13882
49.0054 -49.9825 -3.13911
49.0395 -49.9691 -3.13853
49.3736 -49.7896 -3.12962
49.4082 -49.7757 -3.12903
49.3908 -49.7827 -3.12932
49.4251 -49.7689 -3.12874
47.9955 -50.0141 3.13862
48.0299 -50.0012 3.1392
48.0126 -50.0078 3.13891
48.0467 -49.995 3.13948
48.3813 -49.8241 -3.13487
48.4158 -49.8108 -3.13428
48.3985 -49.8176 -3.13458
48.4327 -49.8043 -3.13399
47.0035 -50.0198 3.13441
47.0379 -50.0075 3.13498
47.0206 -50.0137 3.13469
47.0547 -50.0015 3.13527
47.3895 -49.8392 -3.13917
47.4241 -49.8265 -3.13859
47.4067 -49.8329 -3.13888
47.441 -49.8203 -3.1383
45.9991 -50.0018 3.12805
46.0335 -49.9901 3.12862
46.0162 -49.996 3.12833
46.0503 -49.9843 3.1289
46.3854 -49.8306 3.13751
46.4199 -49.8185 3.13809
46.4025 -49.8246 3.1378
46.4368 -49.8125 3.13837
44.9993 -49.9926 3.12669
45.0337 -49.9814 3.12726
45.0164 -49.987 3.12697
45.0505 -49.9759 3.12754
45.3857 -49.8306 3.13607
45.4203 -49.819 3.13665
45.4029 -49.8249 3.13635
45.4372 -49.8134 3.13693
45.0163 -48.9906 1.5592
45.0501 -48.9794 1.55977
45.0331 -48.9851 1.55948
45.0666 -48.9739 1.56005
45.3929 -48.8287 1.56875
45.4269 -48.8171 1.56933
45.4098 -48.823 1.56904
45.4436 -48.8115 1.56962
44.9866 -47.9895 1.5647
45.0199 -47.9783 1.56528
45.0031 -47.984 1.56499
45.0361 -47.9729 1.56556
45.3537 -47.8279 1.57434
45.3871 -47.8164 1.57492
45.3703 -47.8222 1.57463
45.4034 -47.8107 1.57521
44.9962 -46.9942 1.56567
45.0288 -46.983 1.56624
45.0124 -46.9887 1.56595
45.0448 -46.9776 1.56653
45.3532 -46.8327 1.57549
45.386 -46.8211 1.57608
45.3695 -46.827 1.57578
45.402 -46.8155 1.57637
45.022 -46.0108 1.58255
45.0541 -45.9996 1.58314
45.0379 -46.0053 1.58285
45.0697 -45.9942 1.58343
45.3685 -45.8488 1.59281
45.4008 -45.8373 1.5934
45.3845 -45.8432 1.59311
45.4165 -45.8317 1.5937
45.0047 -45.0199 1.57228
45.0362 -45.0088 1.57288
45.0203 -45.0144 1.57258
45.0515 -45.0034 1.57317
45.3403 -44.858 1.58277
45.3719 -44.8465 1.58337
45.356 -44.8523 1.58307
45.3873 -44.8408 1.58367
44.9909 -44.0362 1.57018
45.0218 -44.0251 1.57077
45.0063 -44.0307 1.57048
45.0369 -44.0196 1.57107
45.3155 -43.8742 1.5807
45.3465 -43.8627 1.58131
45.3308 -43.8685 1.58101
45.3616 -43.8571 1.58161
44.9884 -43.0311 1.56751
45.0187 -43.02 1.56811
45.0034 -43.0256 1.56781
45.0334 -43.0146 1.5684
45.3015 -42.869 1.57788
45.3319 -42.8575 1.57848
45.3166 -42.8633 1.57818
45.3467 -42.8519 1.57878
45.0173 -42.0276 1.56075
45.047 -42.0165 1.56134
45.032 -42.0221 1.56105
45.0614 -42.0111 1.56164
45.3192 -41.865 1.57076
45.349 -41.8535 1.57136
45.334 -41.8594 1.57106
45.3635 -41.848 1.57166
45.0296 -41.0065 1.56641
45.0587 -40.9954 1.567
45.044 -41.001 1.5667
45.0728 -40.9899 1.56728
45.3206 -40.8436 1.57585
45.3497 -40.8321 1.57645
45.335 -40.838 1.57615
45.3639 -40.8265 1.57675
45.0045 -40.0413 1.56634
45.033 -40.0301 1.56692
45.0186 -40.0358 1.56663
45.0469 -40.0247 1.56721
45.2857 -39.878 1.57538
45.3143 -39.8665 1.57597
45.2999 -39.8723 1.57567
45.3282 -39.8609 1.57626
45.0156 -39.0135 1.56308
45.0435 -39.0023 1.56367
45.0294 -39.008 1.56338
45.0571 -38.9969 1.56396
45.2873 -38.85 1.57214
45.3153 -38.8385 1.57274
45.3012 -38.8444 1.57243
45.3289 -38.833 1.57303
45.0025 -38.0226 1.56617
45.0298 -38.0115 1.56675
45.016 -38.0171 1.56646
45.0431 -38.0061 1.56704
45.2651 -37.8592 1.57526
45.2924 -37.8478 1.57586
45.2786 -37.8536 1.57556
45.3058 -37.8422 1.57616
45.0276 -37.0464 1.56202
45.0544 -37.0353 1.56261
45.0408 -37.0409 1.56231
45.0674 -37.0298 1.5629
45.2811 -36.8827 1.57116
45.3079 -36.8712 1.57177
45.2943 -36.877 1.57146
45.3209 -36.8657 1.57206
45.0182 -36.014 1.55373
45.0443 -36.0029 1.55434
45.0311 -36.0085 1.55403
45.057 -35.9975 1.55464
45.2617 -35.8504 1.56316
45.2878 -35.8389 1.56379
45.2746 -35.8447 1.56347
45.3005 -35.8334 1.56409
45.056 -35.0189 1.55291
45.0814 -35.0078 1.55354
45.0685 -35.0134 1.55322
45.0938 -35.0023 1.55385
45.2895 -34.8548 1.5625
45.3149 -34.8434 1.56314
45.3021 -34.8492 1.56282
45.3273 -34.8378 1.56345
45.08 -34.0075 1.57509
45.1048 -33.9963 1.57572
45.0922 -34.002 1.57541
45.1168 -33.9909 1.57604
45.3033 -33.8431 1.58469
45.3281 -33.8317 1.58534
45.3155 -33.8375 1.58502
45.3401 -33.8261 1.58566
45.1014 -33.003 1.5862
45.1255 -32.9919 1.58683
45.1133 -32.9975 1.58652
45.1372 -32.9864 1.58715
45.3145 -32.8384 1.59568
45.3386 -32.827 1.59633
45.3264 -32.8328 1.596
45.3503 -32.8214 1.59664
45.0817 -31.9954 1.572
45.1051 -31.9843 1.57263
45.0932 -31.9899 1.57232
45.1165 -31.9788 1.57294
45.2847 -31.831 1.58123
45.3081 -31.8196 1.58186
45.2962 -31.8254 1.58154
45.3195 -31.814 1.58218
45.1184 -31.0302 1.57997
45.1412 -31.019 1.58058
45.1296 -31.0247 1.58027
45.1523 -31.0136 1.58088
45.312 -30.8654 1.5888
45.3347 -30.854 1.58942
45.3232 -30.8598 1.58911
45.3458 -30.8484 1.58972
45.0884 -30.0312 1.56767
45.1106 -30.0201 1.56828
45.0993 -30.0258 1.56797
45.1213 -30.0147 1.56857
45.2728 -29.8667 1.57625
45.295 -29.8553 1.57686
45.2838 -29.8611 1.57655
45.3057 -29.8497 1.57716
45.1057 -29.0237 1.57159
45.1272 -29.0125 1.57219
45.1163 -29.0182 1.57189
45.1377 -29.0071 1.57249
45.2815 -28.859 1.58012
45.303 -28.8476 1.58073
45.2921 -28.8534 1.58042
45.3134 -28.8421 1.58103
45.089 -28.0193 1.56214
45.11 -28.0082 1.56276
45.0993 -28.0138 1.56244
45.1201 -28.0028 1.56306
45.2562 -27.8548 1.57066
45.277 -27.8434 1.57128
45.2665 -27.8492 1.57097
45.2872 -27.8378 1.57158
45.1067 -27.0213 1.56679
45.127 -27.0101 1.56741
45.1167 -27.0158 1.56709
45.1369 -27.0047 1.56771
45.2652 -26.8566 1.57527
45.2855 -26.8452 1.57589
45.2752 -26.851 1.57558
45.2953 -26.8396 1.5762
45.0912 -26.001 1.56866
45.1108 -25.9898 1.56932
45.1009 -25.9955 1.56899
45.1203 -25.9843 1.56965
45.2403 -25.8359 1.57711
45.2598 -25.8245 1.57778
45.2499 -25.8303 1.57744
45.2693 -25.8189 1.5781
45.1211 -25.0093 1.59088
45.14 -24.998 1.59156
45.1304 -25.0037 1.59121
45.1492 -24.9925 1.59189
45.2611 -24.8435 1.59909
45.2799 -24.832 1.59978
45.2703 -24.8379 1.59943
45.289 -24.8264 1.60012
45.0883 -24.0095 1.58394
45.1065 -23.9981 1.58463
45.0973 -24.0039 1.58428
45.1152 -23.9926 1.58496
45.2193 -23.8435 1.59174
45.2373 -23.8319 1.59243
45.2282 -23.8378 1.59208
45.2461 -23.8263 1.59277
45.0703 -23.0124 1.58548
45.0877 -23.001 1.58615
45.0788 -23.0068 1.58581
45.0961 -22.9955 1.58648
45.193 -22.8464 1.59299
45.2103 -22.8348 1.59367
45.2015 -22.8407 1.59332
45.2187 -22.8292 1.594
45.0556 -22.0437 1.5766
45.0723 -22.0323 1.57729
45.0638 -22.0381 1.57694
45.0804 -22.0268 1.57762
45.1709 -21.8777 1.58396
45.1876 -21.8661 1.58465
45.1791 -21.872 1.5843
45.1956 -21.8605 1.58499
45.0701 -21.0079 1.57472
45.0861 -20.9966 1.57541
45.078 -21.0023 1.57506
45.0938 -20.991 1.57574
45.1779 -20.8418 1.58211
45.1938 -20.8303 1.5828
45.1858 -20.8361 1.58244
45.2015 -20.8246 1.58313
45.066 -20.0299 1.56639
45.0813 -20.0185 1.56707
45.0736 -20.0243 1.56672
45.0887 -20.013 1.56739
45.1665 -19.8636 1.57354
45.1816 -19.852 1.57422
45.1739 -19.8579 1.57387
45.189 -19.8464 1.57455
44.076 -20.0199 -3.14105
44.0912 -20.0091 -3.14041
44.0835 -20.0146 -3.14074
44.0986 -20.0039 -3.14009
44.1759 -19.8603 -3.1341
44.191 -19.8494 -3.13345
44.1833 -19.855 -3.13379
44.1983 -19.8441 -3.13314
43.0775 -20.0502 -3.14123
43.0927 -20.0401 -3.14061
43.0849 -20.0452 -3.14093
43.1 -20.0352 -3.14031
43.1771 -19.8973 -3.13439
43.1922 -19.8869 -3.13377
43.1845 -19.8922 -3.13409
43.1995 -19.8819 -3.13347
42.0615 -20.0124 3.13454
42.0766 -20.0028 3.1351
42.0689 -20.0077 3.13481
42.0839 -19.9982 3.13537
42.16 -19.8666 -3.14157
42.175 -19.8568 -3.141
42.1674 -19.8618 -3.14129
42.1823 -19.8521 -3.14073
41.0971 -19.9931 3.12705
41.1122 -19.984 3.12757
41.1045 -19.9886 3.1273
41.1195 -19.9796 3.12782
41.1946 -19.8543 3.13432
41.2096 -19.8451 3.13484
41.202 -19.8498 3.13457
41.2169 -19.8406 3.1351
40.0905 -20.0006 3.1173
40.1056 -19.9919 3.1178
40.0979 -19.9963 3.11754
40.1129 -19.9877 3.11803
40.1872 -19.8694 3.12471
40.2023 -19.8606 3.12521
40.1946 -19.865 3.12495
40.2095 -19.8563 3.12545
39.0763 -20.0091 3.1175
39.0913 -20.0009 3.11799
39.0836 -20.005 3.11774
39.0986 -19.9969 3.11822
39.1722 -19.8856 3.12499
39.1872 -19.8773 3.12549
39.1796 -19.8815 3.12523
39.1945 -19.8732 3.12573
38.0704 -19.9962 3.10966
38.0854 -19.9885 3.11016
38.0777 -19.9924 3.1099
38.0927 -19.9847 3.1104
38.1654 -19.8805 3.11718
38.1804 -19.8726 3.11769
38.1727 -19.8766 3.11743
38.1876 -19.8687 3.11793
37.0415 -19.9843 3.11355
37.0565 -19.977 3.11407
37.0489 -19.9807 3.1138
37.0638 -19.9734 3.11432
37.1356 -19.8765 3.12105
37.1505 -19.869 3.12158
37.1429 -19.8728 3.12131
37.1578 -19.8654 3.12183
36.0391 -19.9409 3.11777
36.054 -19.934 3.11834
36.0464 -19.9375 3.11805
36.0612 -19.9307 3.11861
36.132 -19.8409 3.12519
36.1469 -19.8339 3.12576
36.1393 -19.8374 3.12547
36.1541 -19.8305 3.12604
35.0208 -19.9505 3.12786
35.0358 -19.9441 3.12849
35.0281 -19.9473 3.12817
35.043 -19.941 3.12879
35.113 -19.8582 3.13515
35.1279 -19.8517 3.13578
35.1203 -19.855 3.13546
35.1351 -19.8486 3.13609
34.013 -19.9526 3.13344
34.0279 -19.9468 3.13403
34.0203 -19.9497 3.13373
34.0351 -19.944 3.13431
34.1047 -19.8676 3.14073
34.1195 -19.8617 3.14132
34.1119 -19.8647 3.14102
34.1267 -19.8589 -3.14158
33.0256 -19.934 3.13345
33.0404 -19.9288 3.134
33.0328 -19.9314 3.13372
33.0476 -19.9263 3.13427
33.1165 -19.8562 3.14074
33.1313 -19.8509 3.14129
33.1238 -19.8536 3.14101
33.1384 -19.8483 3.14156
32.0302 -19.9145 -3.13919
32.0449 -19.9098 -3.13874
32.0374 -19.9122 -3.13897
32.052 -19.9075 -3.13851
32.1197 -19.8442 -3.13183
32.1344 -19.8394 -3.13137
32.1269 -19.8418 -3.1316
32.1415 -19.837 -3.13114
31.0233 -19.8847 -3.13521
31.038 -19.8804 -3.13483
31.0305 -19.8825 -3.13502
31.045 -19.8783 -3.13465
31.1113 -19.8219 -3.12782
31.1259 -19.8175 -3.12743
31.1185 -19.8197 -3.12763
31.133 -19.8153 -3.12724
30.0244 -19.9084 -3.13147
30.039 -19.9044 -3.13116
30.0315 -19.9064 -3.13132
30.046 -19.9025 -3.131
30.1113 -19.8532 -3.12409
30.1258 -19.8491 -3.12377
30.1184 -19.8512 -3.12393
30.1328 -19.8471 -3.12361
29.0046 -19.9391 -3.141
29.0191 -19.9353 -3.14074
29.0116 -19.9372 -3.14087
29.026 -19.9335 -3.1406
29.0904 -19.8915 -3.13366
29.1048 -19.8877 -3.13338
29.0974 -19.8896 -3.13352
29.1118 -19.8858 -3.13324
27.9951 -19.9611 3.14105
28.0095 -19.9576 3.14129
28.0021 -19.9594 3.14117
28.0164 -19.9558 3.14141
28.0797 -19.9212 -3.13487
28.0941 -19.9176 -3.13461
28.0868 -19.9194 -3.13474
28.101 -19.9158 -3.13449
26.9774 -19.9562 -3.13913
26.9917 -19.9528 -3.1389
26.9843 -19.9545 -3.13901
26.9986 -19.9511 -3.13878
27.0607 -19.9238 -3.13196
27.075 -19.9204 -3.13172
27.0677 -19.9221 -3.13184
27.0819 -19.9187 -3.1316
25.9843 -19.9255 -3.13467
25.9986 -19.9223 -3.13444
25.9913 -19.9239 -3.13455
26.0054 -19.9207 -3.13432
26.0662 -19.9004 -3.12767
26.0803 -19.8972 -3.12743
26.0731 -19.8988 -3.12755
26.0872 -19.8956 -3.1273
25.0159 -19.9222 -3.12574
25.0301 -19.9191 -3.12549
25.0228 -19.9207 -3.12561
25.0369 -19.9176 -3.12536
25.0965 -19.904 -3.11894
25.1106 -19.901 -3.11868
25.1033 -19.9025 -3.11881
25.1173 -19.8995 -3.11854
24.0253 -19.9552 -3.13689
24.0394 -19.9523 -3.13659
24.0322 -19.9538 -3.13674
24.0461 -19.9509 -3.13645
24.1047 -19.944 -3.13032
24.1188 -19.9411 -3.13002
24.1116 -19.9426 -3.13017
24.1255 -19.9397 -3.12987
23.0433 -19.9843 -3.13437
23.0573 -19.9817 -3.13402
23.0501 -19.9831 -3.1342
23.064 -19.9804 -3.13385
23.1216 -19.9798 -3.12807
23.1356 -19.9771 -3.12771
23.1284 -19.9785 -3.12789
23.1423 -19.9758 -3.12753
22.0278 -19.9703 -3.14003
22.0417 -19.968 -3.1396
22.0346 -19.9692 -3.13982
22.0484 -19.9669 -3.1394
22.1048 -19.9723 -3.13403
22.1186 -19.97 -3.1336
22.1115 -19.9712 -3.13382
22.1253 -19.9689 -3.13339
21.0288 -19.9344 3.13799
21.0426 -19.9324 3.1385
21.0355 -19.9334 3.13824
21.0492 -19.9314 3.13875
21.1042 -19.9426 -3.13956
21.118 -19.9406 -3.13905
21.1109 -19.9416 -3.13931
21.1246 -19.9396 -3.1388
20.0354 -19.9454 3.13578
20.0491 -19.9438 3.13631
20.042 -19.9446 3.13604
20.0556 -19.943 3.13657
20.1099 -19.9578 3.14108
20.1236 -19.9562 -3.14157
20.1166 -19.957 3.14134
20.1302 -19.9555 -3.14131
19.0458 -19.9164 3.13675
19.0594 -19.9152 3.13724
19.0524 -19.9158 3.13699
19.0659 -19.9147 3.13748
19.1195 -19.9337 -3.14132
19.1331 -19.9326 -3.14083
19.1261 -19.9332 -3.14108
19.1396 -19.932 -3.14059
18.0478 -19.923 3.13903
18.0614 -19.9223 3.13947
18.0544 -19.9227 3.13925
18.0679 -19.922 3.13968
18.1207 -19.9457 -3.13921
18.1343 -19.945 -3.13878
18.1273 -19.9454 -3.139
18.1407 -19.9447 -3.13857
17.0671 -19.9403 -3.12516
17.0805 -19.9398 -3.12481
17.0736 -19.9401 -3.12498
17.087 -19.9396 -3.12463
17.1384 -19.968 -3.12057
17.1519 -19.9676 -3.12022
17.145 -19.9678 -3.1204
17.1583 -19.9674 -3.12005
16.0622 -19.9606 -3.13511
16.0756 -19.9604 -3.13481
16.0687 -19.9605 -3.13496
16.082 -19.9603 -3.13466
16.1321 -19.9932 -3.13092
16.1454 -19.993 -3.13062
16.1386 -19.9931 -3.13077
16.1518 -19.9929 -3.13047
15.0342 -19.9782 3.11938
15.0475 -19.9781 3.11967
15.0406 -19.9782 3.11953
15.0538 -19.9781 3.11981
15.1025 -20.0153 3.12314
15.1158 -20.0152 3.12343
15.1089 -20.0153 3.12329
15.1221 -20.0152 3.12357
14.031 -19.953 -3.13828
14.0442 -19.9531 -3.13797
14.0374 -19.9531 -3.13813
14.0505 -19.9532 -3.13782
14.0976 -19.9941 -3.13502
14.1108 -19.9942 -3.13471
14.104 -19.9942 -3.13486
14.1171 -19.9943 -3.13456
13.0205 -19.9399 -3.13629
13.0336 -19.9402 -3.13593
13.0268 -19.9401 -3.13611
13.0398 -19.9403 -3.13575
13.0855 -19.9845 -3.13358
13.0985 -19.9848 -3.13322
13.0918 -19.9847 -3.1334
13.1047 -19.9849 -3.13304
12.0394 -19.9664 -3.12737
12.0524 -19.9668 -3.12692
12.0457 -19.9666 -3.12715
12.0586 -19.9671 -3.12669
12.1029 -20.0138 -3.12526
12.1158 -20.0143 -3.12481
12.1091 -20.0141 -3.12503
12.122 -20.0146 -3.12459
11.0475 -19.9835 -3.13324
11.0604 -19.9842 -3.13266
11.0537 -19.9839 -3.13296
11.0665 -19.9847 -3.13237
11.1094 -20.0333 -3.13177
11.1222 -20.0341 -3.13119
11.1156 -20.0337 -3.13148
11.1284 -20.0345 -3.13091
10.0468 -19.996 3.13109
10.0597 -19.9974 3.13172
10.053 -19.9968 3.1314
10.0659 -19.9981 3.13202
10.1078 -20.0491 3.13178
10.1207 -20.0505 3.1324
10.114 -20.0499 3.13209
10.1268 -20.0512 3.1327
9.05262 -19.9719 3.14087
9.06546 -19.9738 3.14148
9.05879 -19.9729 3.14117
9.07156 -19.9748 -3.14141
9.11322 -20.0239 3.1411
9.12601 -20.0259 -3.14148
9.11937 -20.0249 3.1414
9.1321 -20.0269 -3.14119
8.04365 -19.9492 3.14035
8.05642 -19.9518 3.1409
8.04977 -19.9506 3.14063
8.06249 -19.9531 3.14117
8.10328 -20.0013 3.13925
8.116 -20.0039 3.13979
8.10939 -20.0026 3.13952
8.12205 -20.0051 3.14006
7.04347 -19.9508 -3.13847
7.0562 -19.9538 -3.13804
7.04957 -19.9524 -3.13824
7.06225 -19.9554 -3.13782
7.10258 -20.0007 3.14122
7.11525 -20.0037 -3.14155
7.10867 -20.0022 3.14144
7.12127 -20.0052 -3.14134
6.02806 -19.9601 3.13109
6.04075 -19.9635 3.13142
6.03414 -19.9619 3.13127
6.04678 -19.9652 3.1316
6.08663 -20.0053 3.12548
6.09924 -20.0087 3.12579
6.09268 -20.0071 3.12565
6.10523 -20.0104 3.12596
5.00481 -19.9638 3.13015
5.01746 -19.9674 3.1304
5.01086 -19.9657 3.1303
5.02346 -19.9693 3.13054
5.06285 -20.0022 3.1227
5.07541 -20.0057 3.12292
5.06887 -20.004 3.12284
5.08137 -20.0076 3.12306
4.0005 -19.932 3.13363
4.0131 -19.9359 3.13381
4.00652 -19.9341 3.13375
4.01906 -19.9378 3.13393
4.05829 -19.9619 3.12461
4.07078 -19.9656 3.12477
4.06427 -19.9639 3.12472
4.07671 -19.9675 3.12487
2.9906 -19.9102 -3.13269
3.00315 -19.9142 -3.13255
2.99658 -19.9123 -3.13259
3.00908 -19.9162 -3.13246
3.0481 -19.9299 3.14017
3.06054 -19.9337 3.14028
3.05405 -19.932 3.14026
3.06643 -19.9357 3.14036
1.97411 -19.9028 3.14129
1.98661 -19.9067 3.1414
1.98007 -19.9049 3.14137
1.99252 -19.9089 3.14148
2.03123 -19.9109 3.12992
2.0436 -19.9147 3.13001
2.03713 -19.913 3.13
2.04946 -19.9168 3.13008
0.976193 -19.8848 3.131
0.988647 -19.8888 3.13111
0.982118 -19.887 3.13109
0.994527 -19.891 3.13119
1.03306 -19.8805 3.11886
1.04538 -19.8843 3.11894
1.03893 -19.8827 3.11893
1.0512 -19.8864 3.11901
-0.00930551 -19.8968 3.1319
0.00310551 -19.9008 3.13202
-0.00340721 -19.8991 3.13199
0.00895983 -19.9031 3.1321
0.0469641 -19.8795 3.11923
0.0592291 -19.8833 3.11932
0.0528047 -19.8817 3.11931
0.0650215 -19.8855 3.1194
-1.03763 -19.901 -3.13901
-1.02526 -19.9051 -3.13886
-1.03176 -19.9033 -3.13891
-1.01943 -19.9074 -3.13876
-0.98185 -19.8696 3.13125
-0.969641 -19.8735 3.13137
-0.976043 -19.8719 3.13134
-0.96388 -19.8756 3.13146
-2.05445 -19.909 -3.13551
-2.04212 -19.9132 -3.13531
-2.0486 -19.9114 -3.13538
-2.03632 -19.9155 -3.13519
-1.9992 -19.8634 3.13476
-1.98705 -19.8673 3.13494
-1.99343 -19.8658 3.13488
-1.98132 -19.8696 3.13505
-3.05882 -19.9299 -3.14095
-3.04654 -19.9343 -3.14068
-3.05301 -19.9325 -3.14079
-3.04076 -19.9367 -3.14052
-3.00429 -19.8704 3.12959
-2.99219 -19.8744 3.12984
-2.99855 -19.8728 3.12974
-2.98649 -19.8767 3.12999
-4.03251 -19.9384 -3.12882
-4.02027 -19.9429 -3.12847
-4.02672 -19.9411 -3.12863
-4.01452 -19.9455 -3.12828
-3.97852 -19.8655 -3.14096
-3.96648 -19.8696 -3.14061
-3.97281 -19.868 -3.14076
-3.96081 -19.8721 -3.14043
-5.03594 -19.9536 3.13731
-5.02374 -19.9584 3.13777
-5.03018 -19.9564 3.13755
-5.01801 -19.9611 3.13801
-4.98258 -19.8674 3.12596
-4.97059 -19.8718 3.12641
-4.9769 -19.8701 3.1262
-4.96495 -19.8744 3.12665
-6.07589 -19.9699 -3.12405
-6.06372 -19.9751 -3.12347
-6.07015 -19.973 -3.12376
-6.05801 -19.978 -3.12318
-6.02317 -19.8709 -3.13434
-6.01122 -19.8757 -3.13377
-6.01752 -19.8738 -3.13405
-6.00561 -19.8785 -3.13348
-7.04639 -20.0044 3.13545
-7.03425 -20.01 3.13618
-7.04067 -20.0077 3.13581
-7.02856 -20.0132 3.13654
-6.99449 -19.8942 3.12648
-6.98259 -19.8995 3.12721
-6.98887 -19.8974 3.12684
-6.97701 -19.9026 3.12757
-8.06229 -19.9989 -3.13728
-8.05019 -20.0052 -3.13639
-8.0566 -20.0025 -3.13685
-8.04452 -20.0087 -3.13596
-8.01081 -19.8786 3.13852
-7.99896 -19.8845 3.13941
-8.00522 -19.882 3.13895
-7.99341 -19.8879 3.13984
-9.06067 -19.9952 3.14109
-9.04862 -20.0023 -3.14103
-9.05501 -19.9992 -3.14158
-9.04298 -20.0062 -3.14052
-9.00965 -19.8663 3.13556
-8.99787 -19.8731 3.13664
-9.00411 -19.8702 3.13608
-8.99235 -19.8769 3.13715
-10.0761 -19.9767 3.12765
-10.0641 -19.9847 3.12882
-10.0705 -19.9811 3.12821
-10.0585 -19.9891 3.12938
-10.0252 -19.8438 3.12322
-10.0135 -19.8515 3.12441
-10.0197 -19.8481 3.12379
-10.008 -19.8557 3.12498
-10.1096 -20.9996 -1.57515
-10.0964 -21.008 -1.57393
-10.1034 -21.0042 -1.57457
-10.0902 -21.0125 -1.57335
-10.0634 -20.8614 -1.58
-10.0505 -20.8695 -1.57876
-10.0573 -20.8659 -1.57942
-10.0444 -20.8739 -1.57818
-10.1168 -22.0147 -1.5815
-10.1023 -22.0234 -1.58024
-10.11 -22.0195 -1.58091
-10.0955 -22.0281 -1.57965
-10.0757 -21.8713 -1.58672
-10.0614 -21.8797 -1.58544
-10.069 -21.876 -1.58612
-10.0547 -21.8842 -1.58484
-10.1004 -23.0285 -1.58202
-10.0846 -23.0374 -1.58073
-10.093 -23.0334 -1.58142
-10.0772 -23.0423 -1.58013
-10.0648 -22.88 -1.5876
-10.0492 -22.8887 -1.58629
-10.0574 -22.8849 -1.58699
-10.0418 -22.8934 -1.58568
-10.1177 -23.9598 -1.58935
-10.1007 -23.969 -1.58803
-10.1097 -23.9649 -1.58874
-10.0927 -23.974 -1.58743
-10.0873 -23.8074 -1.59522
-10.0705 -23.8163 -1.59388
-10.0794 -23.8124 -1.5946
-10.0626 -23.8211 -1.59326
-10.1296 -24.9428 -1.58534
-10.1112 -24.9524 -1.58399
-10.121 -24.9481 -1.58472
-10.1026 -24.9575 -1.58337
-10.105 -24.784 -1.59173
-10.0868 -24.7932 -1.59035
-10.0965 -24.7891 -1.5911
-10.0783 -24.7982 -1.58972
-10.1384 -25.9763 -1.57378
-10.1186 -25.9863 -1.57242
-10.1291 -25.9818 -1.57316
-10.1093 -25.9916 -1.57179
-10.1206 -25.811 -1.58067
-10.1009 -25.8206 -1.57927
-10.1114 -25.8164 -1.58003
-10.0917 -25.8258 -1.57863
-10.1295 -26.9854 -1.59471
-10.1082 -26.9956 -1.59332
-10.1195 -26.991 -1.59408
-10.0983 -27.0011 -1.59269
-10.1186 -26.814 -1.60224
-10.0975 -26.8239 -1.60082
-10.1088 -26.8195 -1.60159
-10.0877 -26.8293 -1.60016
-10.1766 -27.9603 -1.58805
-10.1539 -27.9709 -1.58666
-10.166 -27.9661 -1.58742
-10.1434 -27.9767 -1.58602
-10.1732 -27.7825 -1.59614
-10.1506 -27.7927 -1.59471
-10.1627 -27.7882 -1.59549
-10.1402 -27.7983 -1.59405
-10.1729 -28.9718 -1.5787
-10.1488 -28.9829 -1.5773
-10.1617 -28.9779 -1.57807
-10.1376 -28.9888 -1.57666
-10.1776 -28.7868 -1.58765
-10.1536 -28.7975 -1.58621
-10.1664 -28.7928 -1.58699
-10.1424 -28.8033 -1.58555
-10.2103 -29.9772 -1.57601
-10.1848 -29.9884 -1.57459
-10.1984 -29.9834 -1.57537
-10.1729 -29.9945 -1.57396
-10.2241 -29.789 -1.58525
-10.1986 -29.7998 -1.5838
-10.2123 -29.795 -1.58459
-10.1868 -29.8057 -1.58314
-10.1819 -30.9856 -1.56976
-10.155 -30.997 -1.56835
-10.1694 -30.9919 -1.56913
-10.1425 -31.0031 -1.56772
-10.205 -30.7938 -1.57956
-10.1781 -30.8048 -1.57812
-10.1925 -30.7999 -1.57891
-10.1656 -30.8108 -1.57746
-10.1841 -32.0114 -1.57843
-10.1557 -32.0229 -1.57703
-10.171 -32.0178 -1.5778
-10.1426 -32.0292 -1.57639
-10.2173 -31.8163 -1.58871
-10.1889 -31.8274 -1.58726
-10.2041 -31.8225 -1.58805
-10.1757 -31.8335 -1.5866
-10.1862 -32.9947 -1.57067
-10.1564 -33.0064 -1.56927
-10.1725 -33.0012 -1.57004
-10.1427 -33.0127 -1.56864
-10.2295 -32.7963 -1.5814
-10.1997 -32.8076 -1.57995
-10.2157 -32.8026 -1.58075
-10.1859 -32.8138 -1.5793
-10.1784 -33.9955 -1.56795
-10.1472 -34.0073 -1.56653
-10.164 -34.002 -1.56732
-10.1328 -34.0137 -1.56589
-10.2332 -33.7954 -1.57876
-10.2019 -33.8069 -1.5773
-10.2187 -33.8018 -1.5781
-10.1875 -33.8131 -1.57663
-10.1801 -35.0102 -1.56996
-10.1475 -35.0222 -1.56853
-10.1651 -35.0168 -1.56931
-10.1325 -35.0287 -1.56788
-10.2463 -34.8066 -1.58124
-10.2136 -34.8182 -1.57976
-10.2312 -34.8131 -1.58058
-10.1984 -34.8245 -1.57909
-9.17076 -34.9877 0.00173005
-9.13833 -34.9982 0.00302572
-9.15581 -34.9936 0.00231645
-9.12338 -35.004 0.00361699
-9.23187 -34.7989 -0.0105756
-9.1993 -34.809 -0.00923983
-9.21681 -34.8047 -0.00996748
-9.18423 -34.8146 -0.00862694
-8.14859 -35.0195 0.0134449
-8.11637 -35.0288 0.0145141
-8.1337 -35.0249 0.0139373
-8.10148 -35.034 0.0150097
-8.20004 -34.8456 -0.00254279
-8.16765 -34.8544 -0.00145632
-8.18503 -34.8508 -0.00203859
-8.15265 -34.8594 -0.000949333
-7.1469 -34.9795 0.0135328
-7.11497 -34.9878 0.0143956
-7.13212 -34.9844 0.0139397
-7.10019 -34.9925 0.0148039
-7.18771 -34.8239 -0.0054966
-7.15559 -34.8317 -0.00463553
-7.1728 -34.8286 -0.00508615
-7.14069 -34.8363 -0.00422423
-6.15463 -34.9927 0.012402
-6.12293 -35.0002 0.0130815
-6.13993 -34.9972 0.012733
-6.10824 -35.0046 0.0134123
-6.18575 -34.8583 -0.00917495
-6.15384 -34.8653 -0.00851268
-6.17091 -34.8627 -0.00884722
-6.13902 -34.8695 -0.00818583
-5.14807 -34.9811 0.0203127
-5.11662 -34.988 0.020831
-5.13346 -34.9853 0.020577
-5.10203 -34.992 0.0210936
-5.16905 -34.8707 -0.00325175
-5.13738 -34.8772 -0.002763
-5.15429 -34.8748 -0.00299617
-5.12265 -34.8811 -0.00250989
-4.12279 -34.9594 0.0292092
-4.0916 -34.9658 0.0295882
-4.10826 -34.9634 0.029416
-4.0771 -34.9697 0.0297921
-4.13343 -34.8756 0.00424871
-4.10199 -34.8816 0.00458886
-4.11875 -34.8794 0.00444259
-4.08735 -34.8853 0.00477886
-3.11421 -34.9345 0.0125088
-3.08327 -34.9407 0.01277
-3.09977 -34.9384 0.0126672
-3.06886 -34.9444 0.0129242
-3.11441 -34.8782 -0.0132595
-3.08322 -34.884 -0.0130438
-3.09982 -34.8819 -0.0131172
-3.06867 -34.8875 -0.0129067
-2.13948 -34.9273 0.0259392
-2.10879 -34.9333 0.0261045
-2.12513 -34.9311 0.0260584
-2.09447 -34.9369 0.0262185
-2.12971 -34.8985 -0.000112772
-2.09876 -34.9042 2.59135e-06
-2.1152 -34.9021 -1.19744e-05
-2.08429 -34.9076 9.71641e-05
-1.14248 -34.8862 0.0266194
-1.11204 -34.8921 0.0267092
-1.12822 -34.8899 0.026708
-1.09782 -34.8956 0.0267916
-1.12186 -34.8857 0.000905297
-1.09115 -34.8914 0.000942848
-1.10743 -34.8893 0.00097409
-1.07678 -34.8948 0.00100447
-0.150673 -34.8596 0.0175149
-0.120475 -34.8655 0.0175504
-0.136491 -34.8631 0.0175818
-0.106347 -34.8689 0.0176104
-0.119575 -34.8869 -0.0072787
-0.0891064 -34.8926 -0.00729588
-0.105233 -34.8904 -0.00723222
-0.0748263 -34.896 -0.00725735
0.829777 -34.8303 0.00307899
0.859731 -34.8363 0.00308106
0.843874 -34.8339 0.00313306
0.873768 -34.8398 0.00312742
0.871415 -34.8844 -0.0202091
0.901641 -34.8902 -0.0202585
0.885673 -34.8879 -0.0201755
0.915831 -34.8936 -0.0202335
1.81604 -34.8067 -0.00604132
1.84575 -34.8128 -0.00605138
1.83005 -34.8103 -0.00599114
1.85969 -34.8162 -0.00600947
1.86807 -34.8861 -0.0272473
1.89806 -34.8921 -0.0273061
1.88225 -34.8896 -0.0272169
1.91216 -34.8954 -0.0272848
2.80936 -34.8039 -0.00702448
2.83883 -34.8101 -0.0070239
2.82329 -34.8075 -0.00696871
2.85268 -34.8135 -0.00697679
2.87135 -34.9068 -0.0256171
2.90109 -34.9129 -0.0256613
2.88544 -34.9103 -0.02558
2.9151 -34.9163 -0.0256335
3.82308 -34.8348 -0.00392605
3.8523 -34.841 -0.00388956
3.83693 -34.8383 -0.00385434
3.86607 -34.8444 -0.00382665
3.89444 -34.9588 -0.0194436
3.92393 -34.965 -0.0194467
3.90844 -34.9623 -0.0193889
3.93785 -34.9684 -0.0194013
4.83457 -34.8844 0.00478492
4.86355 -34.8907 0.00488366
4.84834 -34.8878 0.0048833
4.87723 -34.8941 0.00497336
4.91515 -35.0264 -0.00723889
4.94441 -35.0328 -0.00717331
4.92908 -35.0299 -0.00715523
4.95824 -35.0362 -0.00709876
5.84721 -34.879 0.00338088
5.87595 -34.8853 0.00356485
5.8609 -34.8824 0.0035155
5.88954 -34.8887 0.00369108
5.9379 -35.0356 -0.00458339
5.96691 -35.042 -0.00442514
5.95175 -35.039 -0.00446074
5.98065 -35.0453 -0.00431118
6.85165 -34.8759 0.0060659
6.88014 -34.8821 0.00635797
6.86525 -34.8792 0.00624628
6.89364 -34.8854 0.00653041
6.95245 -35.0428 0.0027245
6.98122 -35.0491 0.00299937
6.96621 -35.0462 0.00289618
6.99487 -35.0524 0.00316293
7.84217 -34.8867 0.00395378
7.87042 -34.8927 0.00437727
7.85569 -34.8898 0.00418956
7.88384 -34.8958 0.00460575
7.95305 -35.0592 0.00576451
7.98158 -35.0654 0.0061804
7.96673 -35.0625 0.0059954
7.99514 -35.0685 0.00640392
8.86192 -34.9408 0.0141916
8.89007 -34.9463 0.014678
8.87541 -34.9437 0.0144532
8.90345 -34.9492 0.0149328
8.97924 -35.1089 0.018461
9.00766 -35.1145 0.018945
8.99288 -35.1118 0.0187199
9.02118 -35.1174 0.019197
9.87249 -34.9648 -0.00406674
9.90056 -34.9699 -0.00357337
9.88596 -34.9675 -0.00380328
9.91391 -34.9724 -0.00331656
9.99548 -35.1259 0.00183371
10.0238 -35.131 0.00232677
10.0091 -35.1286 0.00209551
10.0373 -35.1336 0.00258189
10.8614 -34.9733 -0.000919922
10.8894 -34.9778 -0.000431728
10.8749 -34.9756 -0.000660939
10.9027 -34.9801 -0.000179103
10.99 -35.1258 0.00595615
11.0183 -35.1304 0.0064455
11.0036 -35.1282 0.0062142
11.0317 -35.1327 0.00669716
11.88 -34.9822 0.00233212
11.9078 -34.9862 0.00275987
11.8933 -34.9843 0.00256107
11.921 -34.9883 0.00298292
12.0167 -35.1265 0.0105668
12.0448 -35.1306 0.010996
12.0302 -35.1286 0.0107955
12.0582 -35.1327 0.0112188
12.8854 -34.9924 0.00999328
12.9131 -34.9961 0.0103798
12.8988 -34.9943 0.0102012
12.9263 -34.998 0.0105822
13.0304 -35.1271 0.0192694
13.0582 -35.1309 0.0196581
13.0438 -35.1291 0.0194778
13.0716 -35.1329 0.019861
13.9162 -34.9868 0.0003869
13.9437 -34.9901 0.000751263
13.9295 -34.9885 0.00058274
13.9568 -34.9918 0.000942046
14.0691 -35.1107 0.0104129
14.0968 -35.1142 0.0107805
14.0825 -35.1125 0.0106101
14.1101 -35.1159 0.0109726
14.933 -34.9778 -0.00360828
14.9604 -34.9809 -0.00324734
14.9462 -34.9794 -0.00341563
14.9734 -34.9824 -0.0030594
15.0939 -35.0903 0.00688777
15.1214 -35.0935 0.00725317
15.1072 -35.0919 0.00708259
15.1346 -35.0951 0.00744321
15.9413 -34.96 0.00769067
15.9685 -34.9628 0.00806639
15.9545 -34.9614 0.0078888
15.9815 -34.9642 0.00826009
16.1101 -35.0606 0.018398
16.1374 -35.0635 0.0187795
16.1233 -35.0621 0.018599
16.1505 -35.0649 0.0189761
16.9478 -34.9646 -0.000118945
16.9748 -34.9671 0.000290615
16.9609 -34.9659 9.36107e-05
16.9878 -34.9683 0.000498987
17.1247 -35.0532 0.0104958
17.1518 -35.0558 0.0109129
17.1379 -35.0545 0.0107121
17.1649 -35.057 0.0111249
17.9598 -34.9278 0.000836389
17.9867 -34.93 0.00129724
17.9729 -34.9289 0.00107179
17.9995 -34.931 0.00152861
18.1443 -35.0044 0.0111374
18.1713 -35.0066 0.0116075
18.1575 -35.0055 0.0113773
18.1843 -35.0077 0.0118434
18.9666 -34.9353 0.00117425
18.9932 -34.9371 0.00170547
18.9796 -34.9362 0.00144144
19.0061 -34.938 0.00196877
19.1592 -35.0003 0.0108513
19.186 -35.0021 0.0113942
19.1723 -35.0012 0.0111239
19.1989 -35.003 0.0116628
19.988 -34.9088 -0.00856821
20.0145 -34.9101 -0.00804177
20.0009 -34.9095 -0.00830338
20.0273 -34.9107 -0.00778083
20.1847 -34.964 0.00111691
20.2114 -34.9653 0.00165578
20.1977 -34.9647 0.0013874
20.2242 -34.966 0.0019224
21.0079 -34.919 -0.00398335
21.0343 -34.9198 -0.003449
21.0208 -34.9194 -0.0037152
21.0471 -34.9201 -0.00318475
21.209 -34.9644 0.00572537
21.2355 -34.9652 0.00627341
21.2219 -34.9648 0.00599962
21.2483 -34.9656 0.0065438
22.0026 -34.9346 0.00572517
22.029 -34.9349 0.00625027
22.0155 -34.9347 0.00598802
22.0418 -34.935 0.00650942
22.2064 -34.9704 0.0150431
22.2329 -34.9707 0.0155828
22.2193 -34.9706 0.0153125
22.2457 -34.9709 0.0158485
23.0084 -34.9301 1.05124e-05
23.0347 -34.9299 0.000526757
23.0213 -34.9299 0.000268724
23.0475 -34.9298 0.000781402
23.214 -34.9568 0.00905779
23.2404 -34.9566 0.00958906
23.2269 -34.9567 0.00932282
23.2532 -34.9565 0.00985057
24.0115 -34.912 0.0134646
24.0378 -34.9113 0.01397
24.0244 -34.9116 0.0137178
24.0505 -34.9109 0.0142196
24.2178 -34.9299 0.0224979
24.2442 -34.9291 0.0230187
24.2307 -34.9295 0.0227582
24.2569 -34.9288 0.0232754
25.0143 -34.8898 0.00752889
25.0405 -34.8886 0.0080266
25.0271 -34.8892 0.00777898
25.0532 -34.888 0.008273
25.2218 -34.8991 0.016529
25.2482 -34.8978 0.0170424
25.2347 -34.8984 0.0167863
25.2609 -34.8972 0.017296
26.0171 -34.9091 -0.0146003
26.0433 -34.9075 -0.014108
26.0299 -34.9083 -0.0143525
26.056 -34.9066 -0.0138639
26.2256 -34.9096 -0.00561361
26.2519 -34.9079 -0.00510553
26.2385 -34.9087 -0.00535855
26.2646 -34.907 -0.00485414
27.0095 -34.9046 -0.00903082
27.0357 -34.9025 -0.00855222
27.0223 -34.9036 -0.00878866
27.0484 -34.9015 -0.0083139
27.2196 -34.8967 5.96904e-05
27.2459 -34.8945 0.00055435
27.2325 -34.8955 0.000309257
27.2586 -34.8934 0.000800148
28.0022 -34.9243 -0.00493486
28.0284 -34.9217 -0.00445994
28.0151 -34.923 -0.00469392
28.0411 -34.9204 -0.00422295
28.2137 -34.9076 0.00428452
28.24 -34.9049 0.00477543
28.2266 -34.9062 0.00453288
28.2527 -34.9036 0.00501991
29.0231 -34.9391 -0.00142121
29.0493 -34.9361 -0.00094371
29.036 -34.9376 -0.00117866
29.0619 -34.9347 -0.000705164
29.2362 -34.9134 0.0079525
29.2624 -34.9103 0.00844574
29.249 -34.9118 0.0082024
29.2751 -34.9087 0.00869171
30.033 -34.9425 0.0121911
30.0591 -34.939 0.0126837
30.0458 -34.9407 0.0124417
30.0717 -34.9373 0.0129303
30.2488 -34.9078 0.0217884
30.2749 -34.9042 0.0222961
30.2616 -34.906 0.0220461
30.2875 -34.9025 0.0225498
31.0358 -34.9437 -0.00608721
31.0619 -34.9397 -0.00558561
31.0486 -34.9417 -0.00583302
31.0745 -34.9378 -0.00533555
31.2522 -34.8996 0.00360541
31.2783 -34.8955 0.00412182
31.265 -34.8976 0.00386661
31.2909 -34.8935 0.00437893
32.0515 -34.9411 -0.00933203
32.0775 -34.9367 -0.00879706
32.0643 -34.9389 -0.00906093
32.0901 -34.9345 -0.00853054
32.2699 -34.8877 0.000776254
32.2959 -34.8831 0.00132463
32.2827 -34.8854 0.00105367
32.3085 -34.8809 0.00159749
33.0515 -34.971 -0.00628835
33.0774 -34.9661 -0.00574301
33.0642 -34.9685 -0.00601263
33.09 -34.9636 -0.00547178
33.2704 -34.9072 0.00371497
33.2964 -34.9021 0.0042733
33.2832 -34.9047 0.00399684
33.309 -34.8996 0.00455068
34.0301 -34.9821 0.00700109
34.056 -34.9767 0.00756395
34.0428 -34.9794 0.00728571
34.0686 -34.974 0.00784388
34.25 -34.9085 0.0171159
34.276 -34.9029 0.0176909
34.2628 -34.9057 0.0174062
34.2886 -34.9001 0.0179766
35.0352 -34.9521 0.00180756
35.0611 -34.9461 0.00238547
35.0479 -34.9491 0.0021002
35.0736 -34.9432 0.00267321
35.2555 -34.8683 0.012013
35.2815 -34.8621 0.0126023
35.2683 -34.8652 0.012311
35.294 -34.859 0.0128954
35.0361 -35.9599 -1.57784
35.0625 -35.954 -1.57727
35.0491 -35.9569 -1.57755
35.0754 -35.951 -1.57698
35.2671 -35.8762 -1.56706
35.2937 -35.87 -1.56648
35.2802 -35.8731 -1.56676
35.3065 -35.8669 -1.56619
35.0386 -36.9547 -1.57468
35.0656 -36.9487 -1.57411
35.0519 -36.9517 -1.57439
35.0787 -36.9457 -1.57383
35.2803 -36.8708 -1.56377
35.3074 -36.8646 -1.5632
35.2937 -36.8677 -1.56348
35.3206 -36.8615 -1.56291
35.0515 -37.9459 -1.57748
35.0791 -37.9399 -1.57691
35.0651 -37.9428 -1.57719
35.0925 -37.9369 -1.57663
35.3041 -37.8618 -1.56648
35.3318 -37.8556 -1.5659
35.3177 -37.8587 -1.56619
35.3452 -37.8525 -1.56561
35.0466 -38.9473 -1.57631
35.0748 -38.9414 -1.57575
35.0605 -38.9443 -1.57602
35.0885 -38.9384 -1.57546
35.3113 -38.8636 -1.56504
35.3395 -38.8574 -1.56446
35.3252 -38.8605 -1.56475
35.3533 -38.8544 -1.56417
35.0153 -39.9594 -1.57177
35.0441 -39.9534 -1.57121
35.0295 -39.9564 -1.57149
35.0581 -39.9505 -1.57093
35.2916 -39.8763 -1.56078
35.3204 -39.8701 -1.5602
35.3058 -39.8731 -1.56049
35.3344 -39.867 -1.55992
35.989 -39.9688 -0.0014303
36.0177 -39.9623 -0.000877365
36.0032 -39.9655 -0.00115147
36.0317 -39.9591 -0.000603053
36.2656 -39.8756 0.00917778
36.2944 -39.8689 0.00974152
36.2798 -39.8722 0.00946172
36.3084 -39.8655 0.0100209
36.9689 -39.9522 -0.0152275
36.9976 -39.9453 -0.0146962
36.983 -39.9487 -0.0149664
37.0115 -39.9418 -0.0144378
37.2458 -39.8498 -0.00576418
37.2746 -39.8426 -0.0052225
37.26 -39.8461 -0.00549817
37.2886 -39.839 -0.00495925
37.9757 -39.9376 -0.0111251
38.0043 -39.9301 -0.0106072
37.9898 -39.9339 -0.0108756
38.0183 -39.9264 -0.0103592
38.253 -39.8268 -0.0025071
38.2817 -39.8191 -0.00197916
38.2672 -39.8229 -0.00225292
38.2957 -39.8152 -0.00172648
38.9998 -39.9751 -0.018511
39.0284 -39.9671 -0.0179976
39.0139 -39.9711 -0.0182668
39.0423 -39.9631 -0.0177542
39.2779 -39.8566 -0.0104403
39.3067 -39.8483 -0.0099171
39.2921 -39.8525 -0.0101915
39.3206 -39.8443 -0.00966908
40.0055 -39.9966 -0.0113311
40.0341 -39.9882 -0.0108137
40.0196 -39.9924 -0.011086
40.048 -39.984 -0.0105691
40.2844 -39.8712 -0.00351211
40.3131 -39.8625 -0.00298502
40.2986 -39.8669 -0.00326246
40.327 -39.8582 -0.00273592
40.9998 -40.0047 -0.00166705
41.0284 -39.9958 -0.00113726
41.0139 -40.0003 -0.00141495
41.0423 -39.9914 -0.000885998
41.2793 -39.8727 0.00619459
41.308 -39.8635 0.00673404
41.2935 -39.8681 0.00645123
41.3219 -39.859 0.00698985
42.0101 -40.0082 0.000658689
42.0386 -39.9988 0.00120925
42.0242 -40.0036 0.000923912
42.0525 -39.9942 0.00147284
42.2901 -39.8695 0.00886269
42.3188 -39.8597 0.00942305
42.3043 -39.8647 0.00913254
42.3327 -39.855 0.00969125
42.9947 -40.0324 -0.00276358
43.0232 -40.0224 -0.00218387
43.0088 -40.0275 -0.00247918
43.0371 -40.0176 -0.00190241
43.2756 -39.8867 0.0060716
43.3042 -39.8765 0.00666134
43.2897 -39.8817 0.00636077
43.3181 -39.8715 0.00694754
44.01 -40.0211 -0.0148278
44.0385 -40.0106 -0.014241
44.0241 -40.0159 -0.0145384
44.0524 -40.0054 -0.0139549
44.2909 -39.8667 -0.00582809
44.3194 -39.8558 -0.00523122
44.305 -39.8613 -0.00553394
44.3333 -39.8505 -0.0049404
45.0202 -40.0457 -0.00807131
45.0487 -40.0346 -0.00748324
45.0343 -40.0402 -0.00778092
45.0626 -40.0292 -0.00719626
45.3014 -39.8824 0.000985016
45.33 -39.8709 0.00158319
45.3156 -39.8767 0.00128023
45.3439 -39.8653 0.00187497
46.019 -39.9983 -0.014104
46.0474 -39.9866 -0.0135152
46.033 -39.9925 -0.0138125
46.0613 -39.9809 -0.0132273
46.3002 -39.8265 -0.0049019
46.3287 -39.8145 -0.00430284
46.3143 -39.8206 -0.00460552
46.3426 -39.8086 -0.00401009
47.0386 -40.0157 -0.00138825
47.067 -40.0034 -0.000790896
47.0527 -40.0096 -0.0010916
47.0809 -39.9974 -0.000498181
47.3203 -39.8355 0.00798275
47.3488 -39.8229 0.0085903
47.3344 -39.8293 0.00828432
47.3627 -39.8168 0.00888791
48.041 -40.0278 -0.0126843
48.0694 -40.015 -0.0120702
48.0551 -40.0215 -0.0123771
48.0833 -40.0087 -0.0117676
48.3231 -39.8394 -0.00288331
48.3516 -39.8261 -0.00225885
48.3372 -39.8329 -0.00257102
48.3655 -39.8197 -0.00195126
49.0607 -40.0358 -0.00335238
49.0891 -40.0223 -0.00273476
49.0747 -40.0292 -0.00304148
49.1029 -40.0158 -0.00242882
49.3429 -39.8375 0.00658888
49.3713 -39.8237 0.00721691
49.357 -39.8307 0.0069049
49.3852 -39.817 0.00752791
50.0603 -40.0193 -0.00860317
50.0887 -40.0052 -0.00798605
50.0744 -40.0124 -0.00829208
50.1026 -39.9984 -0.00768005
50.3425 -39.8111 0.00148205
50.371 -39.7966 0.00210984
50.3566 -39.8039 0.00179839
50.3849 -39.7896 0.00242105
50.0477 -39.0207 1.56854
50.0755 -39.0066 1.56916
50.0614 -39.0137 1.56885
50.089 -38.9997 1.56947
50.3198 -38.8126 1.57862
50.3477 -38.7982 1.57925
50.3336 -38.8055 1.57893
50.3612 -38.7911 1.57956
50.043 -38.0056 1.56948
50.0702 -37.9916 1.5701
50.0565 -37.9987 1.56979
50.0834 -37.9847 1.57041
50.3049 -37.7979 1.57945
50.3321 -37.7835 1.58008
50.3183 -37.7908 1.57977
50.3453 -37.7764 1.58039
50.0424 -37.0255 1.56485
50.069 -37.0114 1.56547
50.0555 -37.0185 1.56516
50.0819 -37.0045 1.56578
50.2943 -36.8181 1.57466
50.3209 -36.8036 1.5753
50.3075 -36.811 1.57498
50.3338 -36.7966 1.57561
50.051 -36.0159 1.56222
50.0769 -36.0018 1.56285
50.0638 -36.009 1.56254
50.0895 -35.995 1.56316
50.2928 -35.8087 1.57184
50.3187 -35.7943 1.57248
50.3056 -35.8016 1.57216
50.3313 -35.7873 1.5728
50.0602 -35.0314 1.5634
50.0855 -35.0174 1.56403
50.0727 -35.0245 1.56371
50.0978 -35.0105 1.56434
50.2927 -34.8241 1.5731
50.3179 -34.8097 1.57374
50.3052 -34.817 1.57342
50.3302 -34.8026 1.57405
50.0587 -34.0195 1.56682
50.0834 -34.0055 1.56745
50.0709 -34.0126 1.56713
50.0954 -33.9986 1.56776
50.2814 -33.8124 1.57641
50.306 -33.798 1.57705
50.2936 -33.8053 1.57673
50.318 -33.791 1.57736
50.0736 -33.0543 1.56918
50.0976 -33.0402 1.56981
50.0854 -33.0473 1.5695
50.1093 -33.0333 1.57012
50.287 -32.8472 1.57866
50.3111 -32.8328 1.57931
50.2989 -32.8401 1.57899
50.3227 -32.8257 1.57962
50.0697 -32.0334 1.57593
50.093 -32.0193 1.57656
50.0812 -32.0265 1.57625
50.1044 -32.0125 1.57688
50.2736 -31.8267 1.5852
50.2969 -31.8123 1.58585
50.2851 -31.8196 1.58552
50.3083 -31.8053 1.58616
50.0622 -31.04 1.5755
50.0849 -31.0259 1.57614
50.0734 -31.0331 1.57582
50.096 -31.0191 1.57646
50.257 -30.8337 1.58453
50.2798 -30.8193 1.58518
50.2682 -30.8266 1.58486
50.2908 -30.8123 1.5855
50.038 -30.0445 1.56853
50.0601 -30.0305 1.56917
50.0489 -30.0376 1.56885
50.0708 -30.0237 1.56949
50.224 -29.8387 1.5773
50.246 -29.8243 1.57795
50.2348 -29.8316 1.57762
50.2567 -29.8173 1.57827
49.0583 -30.0411 -3.13304
49.0804 -30.0277 -3.1324
49.0692 -30.0345 -3.13272
49.0911 -30.0212 -3.13208
49.2442 -29.8439 -3.12455
49.2663 -29.8302 -3.1239
49.2551 -29.8372 -3.12423
49.277 -29.8235 -3.12358
48.0658 -30.0418 3.14052
48.0879 -30.0291 3.14117
48.0767 -30.0356 3.14084
48.0986 -30.0228 3.14148
48.2517 -29.853 -3.13417
48.2737 -29.8399 -3.13352
48.2625 -29.8466 -3.13385
48.2844 -29.8335 -3.1332
47.0768 -30.037 3.13878
47.0989 -30.0248 3.13941
47.0877 -30.031 3.13909
47.1096 -30.0189 3.13971
47.2625 -29.8565 -3.13585
47.2846 -29.844 -3.13522
47.2734 -29.8504 -3.13554
47.2953 -29.838 -3.13491
46.0775 -30.0441 3.13634
46.0997 -30.0325 3.13694
46.0884 -30.0384 3.13663
46.1104 -30.0268 3.13723
46.2624 -29.8716 -3.13837
46.2845 -29.8596 -3.13776
46.2733 -29.8657 -3.13807
46.2952 -29.8538 -3.13746
45.0871 -30.0366 -3.13886
45.1093 -30.0255 -3.13825
45.098 -30.0311 -3.13856
45.12 -30.0201 -3.13796
45.2717 -29.8721 -3.13029
45.2938 -29.8608 -3.12968
45.2826 -29.8665 -3.12999
45.3046 -29.8552 -3.12939
44.0851 -30.0196 3.14134
44.1073 -30.0091 -3.14125
44.096 -30.0144 -3.14156
44.118 -30.0039 -3.14097
44.2691 -29.8635 -3.13342
44.2912 -29.8527 -3.13282
44.28 -29.8581 -3.13313
44.302 -29.8474 -3.13253
43.0834 -30.0228 3.12295
43.1056 -30.0128 3.12351
43.0943 -30.0179 3.12323
43.1164 -30.008 3.12378
43.2666 -29.8748 3.13112
43.2888 -29.8645 3.13169
43.2775 -29.8697 3.1314
43.2996 -29.8595 3.13196
42.0823 -30.0272 3.12816
42.1046 -30.0177 3.1287
42.0933 -30.0225 3.12842
42.1154 -30.013 3.12896
42.2647 -29.8869 3.13616
42.2869 -29.8772 3.13671
42.2756 -29.8821 3.13642
42.2977 -29.8724 3.13697
41.0641 -30.0117 3.12534
41.0864 -30.0027 3.12588
41.0751 -30.0073 3.1256
41.0973 -29.9983 3.12613
41.2456 -29.8793 3.13327
41.2679 -29.8701 3.13381
41.2566 -29.8748 3.13353
41.2787 -29.8656 3.13407
40.0773 -29.9939 3.12395
40.0996 -29.9854 3.12448
40.0883 -29.9897 3.1242
40.1105 -29.9813 3.12473
40.2579 -29.8692 3.13188
40.2802 -29.8604 3.13242
40.2689 -29.8648 3.13214
40.2911 -29.8561 3.13267
39.0586 -29.998 3.12701
39.0811 -29.9899 3.12755
39.0697 -29.994 3.12727
39.0919 -29.986 3.12781
39.2385 -29.881 3.13501
39.261 -29.8728 3.13557
39.2496 -29.8769 3.13528
39.2718 -29.8687 3.13583
38.0289 -29.9631 3.13336
38.0513 -29.9556 3.13391
38.0399 -29.9593 3.13362
38.0621 -29.9519 3.13417
38.208 -29.8542 3.14141
38.2304 -29.8466 -3.14122
38.219 -29.8504 -3.14151
38.2412 -29.8428 -3.14096
37.048 -29.9846 3.13358
37.0705 -29.9776 3.13414
37.0591 -29.9811 3.13385
37.0814 -29.9742 3.13441
37.2268 -29.8835 -3.14149
37.2492 -29.8764 -3.14092
37.2378 -29.88 -3.14121
37.2601 -29.8728 -3.14065
36.0284 -29.9642 3.14008
36.0509 -29.9577 3.14067
36.0394 -29.9609 3.14037
36.0618 -29.9545 3.14096
36.2055 -29.8712 -3.1348
36.228 -29.8645 -3.1342
36.2166 -29.8678 -3.13451
36.2389 -29.8612 -3.13391
35.0188 -29.9721 3.13614
35.0414 -29.9662 3.1368
35.0299 -29.9691 3.13647
35.0523 -29.9632 3.13712
35.1946 -29.8873 -3.13849
35.2171 -29.8812 -3.13782
35.2057 -29.8842 -3.13816
35.2281 -29.8781 -3.1375
35.0252 -30.9762 -1.56561
35.0486 -30.9703 -1.56497
35.0367 -30.9732 -1.56529
35.0599 -30.9673 -1.56466
35.2084 -30.892 -1.55655
35.2317 -30.8858 -1.5559
35.2198 -30.8888 -1.55623
35.243 -30.8827 -1.55559
35.0222 -31.972 -1.56734
35.0463 -31.966 -1.56675
35.034 -31.969 -1.56704
35.0579 -31.963 -1.56645
35.2132 -31.8883 -1.5577
35.2373 -31.8821 -1.5571
35.225 -31.8851 -1.5574
35.2489 -31.879 -1.5568
35.0187 -32.9936 -1.58015
35.0435 -32.9876 -1.57956
35.0309 -32.9906 -1.57985
35.0554 -32.9847 -1.57927
35.2194 -32.91 -1.5704
35.2442 -32.9038 -1.5698
35.2316 -32.9068 -1.5701
35.2561 -32.9007 -1.5695
35.0289 -33.9742 -1.57671
35.0542 -33.9682 -1.57614
35.0413 -33.9711 -1.57642
35.0665 -33.9652 -1.57586
35.2386 -33.8905 -1.56656
35.264 -33.8843 -1.56598
35.251 -33.8874 -1.56627
35.2762 -33.8813 -1.56569
35.0468 -34.9544 -1.57056
35.0727 -34.9485 -1.56999
35.0596 -34.9514 -1.57027
35.0853 -34.9455 -1.56971
35.2669 -34.8706 -1.55992
35.2928 -34.8645 -1.55933
35.2797 -34.8675 -1.55962
35.3054 -34.8614 -1.55904
35.0314 -35.9504 -1.56761
35.0579 -35.9445 -1.56704
35.0444 -35.9474 -1.56732
35.0707 -35.9415 -1.56676
35.2623 -35.8668 -1.55694
35.2888 -35.8606 -1.55635
35.2753 -35.8636 -1.55664
35.3016 -35.8575 -1.55606
35.0214 -36.9494 -1.5833
35.0484 -36.9434 -1.58273
35.0347 -36.9464 -1.58301
35.0616 -36.9405 -1.58244
35.2634 -36.866 -1.57224
35.2905 -36.8598 -1.57166
35.2768 -36.8628 -1.57194
35.3037 -36.8567 -1.57137
35.0193 -37.9646 -1.58525
35.0469 -37.9587 -1.58468
35.0329 -37.9616 -1.58496
35.0603 -37.9557 -1.5844
35.2726 -37.8812 -1.57424
35.3003 -37.875 -1.57366
35.2862 -37.878 -1.57394
35.3137 -37.8719 -1.57337
35.001 -38.9675 -1.57415
35.0292 -38.9616 -1.57359
35.0149 -38.9645 -1.57386
35.0429 -38.9586 -1.5733
35.2664 -38.8845 -1.56315
35.2947 -38.8784 -1.56257
35.2804 -38.8814 -1.56286
35.3084 -38.8753 -1.56229
34.9904 -39.9588 -1.57509
35.0192 -39.9529 -1.57452
35.0046 -39.9558 -1.5748
35.0331 -39.9499 -1.57424
35.2672 -39.8759 -1.56383
35.2961 -39.8698 -1.56325
35.2815 -39.8728 -1.56354
35.3101 -39.8667 -1.56296
34.9936 -40.9586 -1.58122
35.023 -40.9527 -1.58064
35.0081 -40.9556 -1.58092
35.0373 -40.9497 -1.58035
35.2832 -40.8757 -1.56941
35.3126 -40.8695 -1.56882
35.2977 -40.8726 -1.5691
35.327 -40.8665 -1.56852
34.9837 -41.9364 -1.5776
35.0137 -41.9305 -1.57702
34.9986 -41.9334 -1.5773
35.0283 -41.9276 -1.57673
35.2864 -41.8538 -1.56574
35.3165 -41.8477 -1.56515
35.3013 -41.8507 -1.56543
35.3312 -41.8446 -1.56485
35.0077 -42.9376 -1.58457
35.0382 -42.9318 -1.584
35.0228 -42.9346 -1.58428
35.0531 -42.9288 -1.58371
35.3233 -42.8549 -1.57292
35.354 -42.8488 -1.57234
35.3385 -42.8518 -1.57262
35.3689 -42.8457 -1.57204
35.0123 -43.9445 -1.57239
35.0435 -43.9386 -1.57182
35.0278 -43.9415 -1.5721
35.0587 -43.9356 -1.57153
35.3401 -43.8619 -1.56089
35.3714 -43.8558 -1.5603
35.3556 -43.8588 -1.56059
35.3867 -43.8527 -1.56001
35.0199 -44.9552 -1.57128
35.0516 -44.9493 -1.5707
35.0356 -44.9521 -1.57098
35.0671 -44.9463 -1.57042
35.3594 -44.8725 -1.55984
35.3913 -44.8663 -1.55926
35.3752 -44.8694 -1.55955
35.4068 -44.8633 -1.55896
34.9942 -45.9815 -1.56567
35.0265 -45.9757 -1.56511
35.0102 -45.9785 -1.56539
35.0423 -45.9727 -1.56482
35.3455 -45.8991 -1.55434
35.378 -45.893 -1.55376
35.3617 -45.896 -1.55405
35.3939 -45.8899 -1.55347
35.0071 -46.9729 -1.56454
35.04 -46.9671 -1.56397
35.0234 -46.9699 -1.56425
35.056 -46.9641 -1.56369
35.3698 -46.8907 -1.55332
35.4028 -46.8845 -1.55274
35.3862 -46.8875 -1.55302
35.419 -46.8814 -1.55245
34.9986 -47.9612 -1.56503
35.032 -47.9554 -1.56446
35.0152 -47.9582 -1.56474
35.0484 -47.9525 -1.56418
35.3724 -47.8795 -1.55403
35.4061 -47.8733 -1.55345
35.3892 -47.8763 -1.55373
35.4225 -47.8702 -1.55316
35.0434 -48.9418 -1.56895
35.0774 -48.9359 -1.56839
35.0603 -48.9388 -1.56867
35.094 -48.933 -1.56812
35.4284 -48.8598 -1.55818
35.4627 -48.8537 -1.55761
35.4455 -48.8567 -1.5579
35.4794 -48.8506 -1.55732
34.9973 -49.9569 -1.5666
35.0319 -49.9511 -1.56604
35.0145 -49.9539 -1.56632
35.0488 -49.9482 -1.56576
35.3931 -49.8756 -1.55597
35.4279 -49.8695 -1.55539
35.4104 -49.8725 -1.55568
35.4449 -49.8664 -1.55511
33.9925 -49.9424 3.13653
34.027 -49.9371 3.13709
34.0097 -49.9397 3.13681
34.0439 -49.9344 3.13736
34.3877 -49.8719 -3.1363
34.4225 -49.8664 -3.13573
34.405 -49.8691 -3.13602
34.4395 -49.8636 -3.13546
33.0072 -49.9482 -3.14149
33.0417 -49.9435 -3.14093
33.0243 -49.9458 -3.14121
33.0586 -49.9411 -3.14065
33.403 -49.8882 -3.13094
33.4378 -49.8832 -3.13036
33.4203 -49.8856 -3.13065
33.4548 -49.8807 -3.13008
32.0196 -49.97 -3.13721
32.0542 -49.9659 -3.13665
32.0368 -49.9679 -3.13693
32.0711 -49.9638 -3.13637
32.4164 -49.9206 -3.12648
32.4512 -49.9162 -3.1259
32.4337 -49.9183 -3.12619
32.4682 -49.9139 -3.12562
31.0283 -49.977 3.13464
31.0629 -49.9734 3.1352
31.0455 -49.9752 3.13492
31.0799 -49.9716 3.13548
31.4254 -49.9382 -3.13792
31.4603 -49.9344 -3.13734
31.4428 -49.9362 -3.13763
31.4773 -49.9324 -3.13706
30.0041 -49.9509 -3.13474
30.0387 -49.9478 -3.13418
30.0213 -49.9493 -3.13446
30.0556 -49.9463 -3.13391
30.4015 -49.9229 -3.12418
30.4364 -49.9196 -3.12361
30.4189 -49.9212 -3.1239
30.4534 -49.9179 -3.12333
29.0219 -49.9561 -3.13784
29.0565 -49.9536 -3.13729
29.0391 -49.9548 -3.13756
29.0734 -49.9523 -3.13701
29.42 -49.9384 -3.12741
29.4548 -49.9357 -3.12683
29.4373 -49.937 -3.12712
29.4719 -49.9343 -3.12655
28.0077 -49.9607 -3.1335
28.0423 -49.9587 -3.13295
28.0249 -49.9596 -3.13322
28.0592 -49.9577 -3.13268
28.4068 -49.9533 -3.12318
28.4417 -49.9512 -3.1226
28.4242 -49.9522 -3.12289
28.4588 -49.9501 -3.12232
27.0045 -49.9454 -3.13205
27.0391 -49.944 -3.1315
27.0217 -49.9446 -3.13177
27.0561 -49.9433 -3.13123
27.4053 -49.948 -3.12182
27.4402 -49.9465 -3.12125
27.4227 -49.9472 -3.12154
27.4573 -49.9457 -3.12097
26.0077 -49.9515 -3.12413
26.0424 -49.9507 -3.12359
26.0249 -49.951 -3.12386
26.0593 -49.9502 -3.12333
26.4106 -49.9639 -3.1139
26.4455 -49.9629 -3.11334
26.4279 -49.9633 -3.11362
26.4626 -49.9624 -3.11307
24.9869 -49.9312 -3.12346
25.0216 -49.931 -3.12294
25.0042 -49.931 -3.12319
25.0386 -49.9308 -3.12268
25.3915 -49.9537 -3.11313
25.4265 -49.9533 -3.11258
25.4089 -49.9534 -3.11285
25.4436 -49.9531 -3.11231
23.9983 -49.9398 -3.13384
24.033 -49.9401 -3.13331
24.0156 -49.9399 -3.13357
24.05 -49.9402 -3.13305
24.4037 -49.9726 -3.12336
24.4386 -49.9728 -3.12281
24.4211 -49.9726 -3.12309
24.4557 -49.9728 -3.12254
22.9683 -49.99 3.13791
23.003 -49.9908 3.13844
22.9856 -49.9903 3.13817
23.02 -49.9912 3.1387
23.3755 -50.0337 -3.13454
23.4105 -50.0344 -3.13398
23.393 -50.0339 -3.13426
23.4277 -50.0347 -3.13371
21.9662 -49.9648 3.13534
22.0009 -49.9662 3.13587
21.9835 -49.9654 3.13561
22.0179 -49.9668 3.13614
22.3757 -50.0193 -3.13661
22.4107 -50.0206 -3.13605
22.3931 -50.0199 -3.13633
22.4278 -50.0212 -3.13577
20.9568 -49.9407 3.13281
20.9915 -49.9426 3.13334
20.9741 -49.9416 3.13308
21.0085 -49.9435 3.13361
21.3682 -50.0066 -3.13873
21.4032 -50.0085 -3.13817
21.3856 -50.0075 -3.13844
21.4203 -50.0093 -3.1379
19.973 -49.917 -3.13778
20.0077 -49.9195 -3.13726
19.9903 -49.9182 -3.1375
20.0247 -49.9207 -3.13699
20.3873 -49.9943 -3.12552
20.4223 -49.9967 -3.12499
20.4048 -49.9954 -3.12524
20.4395 -49.9979 -3.12471
18.9749 -49.8973 3.1377
19.0096 -49.9003 3.13822
18.9922 -49.8987 3.13797
19.0266 -49.9018 3.13848
19.3901 -49.988 -3.1329
19.4251 -49.991 -3.13235
19.4075 -49.9894 -3.13261
19.4422 -49.9924 -3.13207
17.972 -49.9302 -3.1414
18.0066 -49.9339 -3.14089
17.9893 -49.932 -3.14112
18.0236 -49.9356 -3.14062
18.3884 -50.0351 -3.12876
18.4234 -50.0387 -3.12822
18.4059 -50.0369 -3.12847
18.4406 -50.0405 -3.12794
16.9463 -49.9119 3.1361
16.9809 -49.9161 3.13662
16.9636 -49.9139 3.13638
16.9979 -49.9181 3.13689
17.3625 -50.0303 -3.13473
17.3975 -50.0345 -3.13419
17.38 -50.0324 -3.13444
17.4146 -50.0365 -3.13391
15.9661 -49.9392 -3.12948
16.0006 -49.944 -3.12899
15.9833 -49.9415 -3.12921
16.0176 -49.9463 -3.12873
16.3827 -50.0709 -3.11821
16.4176 -50.0756 -3.11769
16.4002 -50.0732 -3.11792
16.4348 -50.0779 -3.11741
14.9704 -49.9244 -3.12274
15.0048 -49.9297 -3.12229
14.9876 -49.927 -3.12248
15.0218 -49.9323 -3.12204
15.386 -50.0674 -3.11333
15.4208 -50.0727 -3.11285
15.4034 -50.07 -3.11306
15.4379 -50.0754 -3.11258
14.9687 -50.9184 -1.55502
15.0034 -50.9238 -1.55459
14.9861 -50.9211 -1.55476
15.0206 -50.9264 -1.55434
15.3926 -51.0616 -1.54725
15.4278 -51.067 -1.54676
15.4103 -51.0642 -1.54697
15.4452 -51.0696 -1.5465
14.9815 -51.9462 -1.5637
15.0163 -51.9518 -1.56318
14.9991 -51.949 -1.5634
15.0335 -51.9545 -1.56289
15.4064 -52.0867 -1.55957
15.4417 -52.0923 -1.559
15.4242 -52.0894 -1.55925
15.4592 -52.095 -1.55869
15.0032 -52.9509 -1.56545
15.0384 -52.9565 -1.56488
15.021 -52.9536 -1.56512
15.0559 -52.9593 -1.56456
15.4294 -53.0903 -1.56239
15.4652 -53.096 -1.56177
15.4475 -53.0931 -1.56204
15.483 -53.0987 -1.56143
14.9936 -53.9226 -1.55685
15.0293 -53.9282 -1.55629
15.0117 -53.9253 -1.55653
15.0471 -53.9309 -1.55598
15.4225 -54.0618 -1.55322
15.4589 -54.0675 -1.55261
15.4409 -54.0646 -1.55288
15.477 -54.0702 -1.55228
14.9936 -54.9348 -1.55011
15.0299 -54.9404 -1.54953
15.0121 -54.9376 -1.54978
15.048 -54.9432 -1.54922
15.4254 -55.0743 -1.54697
15.4624 -55.08 -1.54635
15.4442 -55.0771 -1.54662
15.4808 -55.0828 -1.54601
14.0093 -54.9228 -3.12773
14.0456 -54.9291 -3.12715
14.0277 -54.9259 -3.12741
14.0636 -54.9321 -3.12683
14.4409 -55.0653 -3.1246
14.4779 -55.0716 -3.12398
14.4597 -55.0685 -3.12426
14.4963 -55.0747 -3.12364
13.021 -54.9464 -3.13044
13.0572 -54.9532 -3.12984
13.0394 -54.9498 -3.13011
13.0753 -54.9565 -3.12952
13.4525 -55.0919 -3.12729
13.4895 -55.0988 -3.12665
13.4713 -55.0953 -3.12694
13.5079 -55.1022 -3.12631
12.0191 -54.9726 -3.131
12.0553 -54.98 -3.1304
12.0375 -54.9764 -3.13066
12.0734 -54.9837 -3.13007
12.45 -55.1206 -3.12839
12.487 -55.1282 -3.12773
12.4688 -55.1244 -3.12803
12.5054 -55.1319 -3.12738
11.0006 -54.9675 -3.12526
11.0367 -54.9756 -3.12459
11.0189 -54.9716 -3.12489
11.0547 -54.9797 -3.12424
11.4289 -55.1168 -3.12337
11.4658 -55.1252 -3.12266
11.4477 -55.1211 -3.12298
11.4842 -55.1294 -3.12229
9.99242 -54.9627 -3.12527
10.0284 -54.9717 -3.12456
10.0108 -54.9673 -3.12488
10.0463 -54.9762 -3.12418
10.418 -55.1128 -3.1241
10.4547 -55.122 -3.12336
10.4367 -55.1175 -3.1237
10.473 -55.1266 -3.12297
9.02346 -54.9868 -3.1382
9.05929 -54.9966 -3.13748
9.04177 -54.9918 -3.1378
9.07722 -55.0015 -3.13709
9.44701 -55.1371 -3.13757
9.48362 -55.1471 -3.13681
9.4657 -55.1422 -3.13716
9.50193 -55.1522 -3.13641
7.99662 -55.0067 3.14099
8.03237 -55.0172 -3.14145
8.01492 -55.0121 3.1414
8.05028 -55.0226 -3.14105
8.41857 -55.1569 3.14117
8.45511 -55.1677 -3.14124
8.43724 -55.1624 -3.14159
8.4734 -55.1732 -3.14083
7.0187 -55.024 -3.1285
7.05431 -55.0354 -3.12775
7.03695 -55.0299 -3.12808
7.07218 -55.0411 -3.12734
7.43818 -55.1734 -3.12887
7.47462 -55.1851 -3.12809
7.45683 -55.1794 -3.12843
7.49287 -55.191 -3.12767
5.9919 -55.0074 -3.13145
6.0274 -55.0195 -3.1307
6.01012 -55.0137 -3.13103
6.04523 -55.0257 -3.13029
6.40968 -55.1557 -3.13214
6.44602 -55.1682 -3.13138
6.4283 -55.1622 -3.13171
6.46424 -55.1746 -3.13095
4.99566 -55.0182 -3.1383
5.03102 -55.0312 -3.13758
5.01383 -55.025 -3.13788
5.04879 -55.0378 -3.13717
5.41092 -55.1651 -3.13948
5.44714 -55.1784 -3.13874
5.42951 -55.172 -3.13905
5.46533 -55.1852 -3.13832
4.00158 -55.0324 -3.13549
4.03682 -55.0461 -3.13479
4.01973 -55.0396 -3.13507
4.05455 -55.0531 -3.13439
4.41457 -55.1774 -3.13707
4.45068 -55.1914 -3.13636
4.43313 -55.1847 -3.13664
4.46883 -55.1987 -3.13595
2.98381 -55.0304 -3.13574
3.01893 -55.0447 -3.13508
3.00191 -55.038 -3.13533
3.03662 -55.0522 -3.13469
3.39493 -55.1731 -3.13765
3.43095 -55.1879 -3.13698
3.41347 -55.181 -3.13724
3.44907 -55.1956 -3.13659
1.99439 -55.0211 -3.12844
2.02939 -55.0362 -3.12782
2.01246 -55.0292 -3.12804
2.04705 -55.044 -3.12743
2.40367 -55.1614 -3.13056
2.43958 -55.1769 -3.12993
2.42218 -55.1697 -3.13016
2.45767 -55.185 -3.12955
0.99795 -55.0247 -3.13403
1.03286 -55.0404 -3.13345
1.01599 -55.0332 -3.13365
1.05048 -55.0486 -3.13308
1.40564 -55.1625 -3.13633
1.44147 -55.1786 -3.13574
1.42412 -55.1712 -3.13594
1.45953 -55.1871 -3.13537
-0.0047933 -55.022 -3.12742
0.0300045 -55.0382 -3.12688
0.0132148 -55.0308 -3.12705
0.0475881 -55.0468 -3.12653
0.401481 -55.1571 -3.12991
0.437213 -55.1737 -3.12937
0.419934 -55.1661 -3.12953
0.455242 -55.1825 -3.12901
-1.00999 -55.0144 -3.13866
-0.97527 -55.0311 -3.13814
-0.99201 -55.0236 -3.13829
-0.957716 -55.0401 -3.13779
-0.604469 -55.1468 -3.14127
-0.568808 -55.164 -3.14075
-0.586041 -55.1562 -3.14089
-0.550806 -55.1731 -3.1404
-2.02916 -55.0406 3.14115
-1.99465 -55.0577 -3.14157
-2.01124 -55.0501 3.14152
-1.97717 -55.067 -3.14123
-1.62608 -55.1698 3.13828
-1.5906 -55.1873 3.13875
-1.60771 -55.1795 3.13865
-1.57267 -55.1968 3.13908
-3.01722 -55.0294 3.141
-2.98325 -55.047 3.14153
-2.99952 -55.0393 3.14142
-2.96599 -55.0567 -3.14127
-2.61519 -55.1553 3.13796
-2.58024 -55.1734 3.13849
-2.59703 -55.1655 3.13837
-2.56252 -55.1833 3.13887
-3.98925 -55.0046 -3.13597
-3.95569 -55.0229 -3.13538
-3.97172 -55.015 -3.13551
-3.93861 -55.033 -3.13496
-3.58785 -55.1273 -3.13916
-3.55329 -55.146 -3.13857
-3.56985 -55.1379 -3.1387
-3.53574 -55.1563 -3.13814
-4.99501 -55.0224 -3.13528
-4.96183 -55.0414 -3.13465
-4.97763 -55.0334 -3.13479
-4.9449 -55.052 -3.1342
-4.59436 -55.1417 -3.13854
-4.56017 -55.1611 -3.13791
-4.5765 -55.1528 -3.13805
-4.54277 -55.1719 -3.13745
-5.96976 -55.0513 -3.13439
-5.93734 -55.071 -3.13368
-5.95267 -55.0628 -3.13383
-5.92073 -55.0822 -3.13317
-5.57058 -55.167 -3.13773
-5.53713 -55.1872 -3.13702
-5.55301 -55.1787 -3.13717
-5.52003 -55.1985 -3.1365
-6.97395 -55.0564 -3.12616
-6.94232 -55.077 -3.12542
-6.95718 -55.0686 -3.12557
-6.92604 -55.0888 -3.12487
-6.57617 -55.1684 -3.12949
-6.54348 -55.1895 -3.12874
-6.5589 -55.1808 -3.12889
-6.52669 -55.2014 -3.12819
-7.97424 -55.0944 -3.14048
-7.94341 -55.1159 -3.1397
-7.95778 -55.1073 -3.13984
-7.92746 -55.1283 -3.13912
-7.57804 -55.2028 3.13949
-7.54612 -55.2247 3.14026
-7.56107 -55.2158 3.14012
-7.52965 -55.2373 3.14085
-8.972 -55.0821 3.13399
-8.94212 -55.1045 3.13476
-8.95593 -55.0956 3.13465
-8.92657 -55.1175 3.13537
-8.57741 -55.1869 3.13102
-8.5464 -55.2098 3.13179
-8.5608 -55.2007 3.13168
-8.53031 -55.223 3.1324
-9.98598 -55.0841 3.12495
-9.95703 -55.1074 3.12569
-9.97028 -55.0984 3.12563
-9.94187 -55.1212 3.12631
-9.59303 -55.1856 3.12232
-9.56292 -55.2093 3.12305
-9.57679 -55.2001 3.12299
-9.54721 -55.2233 3.12367
-11.0137 -55.0727 3.11332
-10.9857 -55.0969 3.11399
-10.9983 -55.0878 3.11399
-10.9709 -55.1114 3.1146
-10.6223 -55.1712 3.11111
-10.5931 -55.1958 3.11177
-10.6064 -55.1865 3.11176
-10.5778 -55.2105 3.11236
-12.0214 -55.0424 3.13274
-11.994 -55.0674 3.13335
-12.0063 -55.0582 3.13339
-11.9794 -55.0825 3.13393
-11.631 -55.1385 3.13081
-11.6023 -55.1638 3.13141
-11.6153 -55.1544 3.13145
-11.5872 -55.1791 3.13199
-13.0004 -55.0407 3.12936
-12.9732 -55.0663 3.12994
-12.9854 -55.0572 3.13
-12.9588 -55.082 3.13052
-12.6103 -55.1348 3.12756
-12.5819 -55.1608 3.12813
-12.5948 -55.1514 3.12819
-12.5669 -55.1766 3.1287
-14.003 -55.0313 3.13832
-13.9759 -55.0574 3.13887
-13.9881 -55.0484 3.13895
-13.9616 -55.0737 3.13944
-13.6132 -55.1235 3.13667
-13.5849 -55.15 3.1372
-13.5977 -55.1407 3.13729
-13.57 -55.1665 3.13776
-15.0152 -55.0363 3.13482
-14.9887 -55.0631 3.13525
-15.0005 -55.0541 3.13541
-14.9746 -55.08 3.13577
-14.6264 -55.1268 3.13365
-14.5987 -55.1539 3.13406
-14.6111 -55.1447 3.13422
-14.584 -55.171 3.13457
-16.0414 -55.055 3.13498
-16.0156 -55.0823 3.13523
-16.027 -55.0734 3.1355
-16.0018 -55.0997 3.13567
-15.6539 -55.1444 3.13453
-15.6268 -55.1719 3.13476
-15.6388 -55.1629 3.13504
-15.6123 -55.1895 3.13519
-17.0518 -55.0492 3.13285
-17.0267 -55.0767 3.13291
-17.0376 -55.0681 3.13329
-17.0131 -55.0945 3.13328
-16.6654 -55.1381 3.13311
-16.639 -55.1659 3.13315
-16.6507 -55.1572 3.13354
-16.6248 -55.1839 3.13351
-18.02 -55.0453 3.12102
-17.9955 -55.0728 3.1209
-18.0061 -55.0646 3.12139
-17.9823 -55.091 3.12119
-17.6348 -55.1345 3.12199
-17.609 -55.1623 3.12184
-17.6203 -55.1539 3.12234
-17.5952 -55.1807 3.12212
-19.0121 -55.016 3.13813
-18.9881 -55.0434 3.13787
-18.9984 -55.0357 3.13845
-18.9751 -55.0619 3.13812
-18.6277 -55.1064 3.13958
-18.6024 -55.134 3.13929
-18.6134 -55.1262 3.13988
-18.5887 -55.1527 3.13952
-19.9904 -55.0229 3.1388
-19.967 -55.0499 3.13836
-19.977 -55.0429 3.13904
-19.9542 -55.0686 3.13852
-19.607 -55.1151 3.14094
-19.5823 -55.1423 3.14046
-19.5929 -55.1351 3.14116
-19.5688 -55.1612 3.14061
-20.9977 -55.0205 -3.14024
-20.9749 -55.047 -3.14085
-20.9845 -55.0407 -3.14007
-20.9623 -55.0658 -3.14076
-20.6154 -55.1152 -3.13751
-20.5912 -55.1419 -3.13815
-20.6015 -55.1355 -3.13736
-20.5779 -55.1609 -3.13808
-21.99 -55.0445 -3.13275
-21.9678 -55.0703 -3.13359
-21.977 -55.0649 -3.13269
-21.9555 -55.0892 -3.1336
-21.6086 -55.1424 -3.12921
-21.585 -55.1683 -3.13008
-21.595 -55.1627 -3.12916
-21.5721 -55.1873 -3.13011
-23.0139 -55.0511 -3.12853
-22.9927 -55.0759 -3.12975
-23.0013 -55.0715 -3.12863
-22.9808 -55.0948 -3.12994
-22.634 -55.153 -3.12368
-22.6114 -55.178 -3.12493
-22.6208 -55.1734 -3.1238
-22.5988 -55.1969 -3.12513
-24.0507 -55.0379 -3.12798
-24.0304 -55.0614 -3.12956
-24.0385 -55.0581 -3.12824
-24.0189 -55.08 -3.12991
-23.6724 -55.1454 -3.12194
-23.6507 -55.1689 -3.12356
-23.6595 -55.1656 -3.12222
-23.6385 -55.1876 -3.12392
-25.037 -55.0508 -3.13948
-25.0173 -55.0725 -3.1412
-25.025 -55.0707 -3.1398
-25.006 -55.0907 3.14157
-24.6593 -55.1646 -3.13303
-24.638 -55.1864 -3.13479
-24.6466 -55.1845 -3.13338
-24.626 -55.2047 -3.13521
-25.0176 -54.0519 1.57783
-24.9959 -54.0738 1.57617
-25.0052 -54.0719 1.57753
-24.984 -54.0921 1.57579
-24.6463 -54.1656 1.58448
-24.6231 -54.1876 1.58278
-24.6332 -54.1856 1.58416
-24.6105 -54.2059 1.58238
-25.0285 -53.0533 1.5831
-25.005 -53.0754 1.58125
-25.0157 -53.0734 1.58272
-24.9928 -53.0938 1.58079
-24.6649 -53.1668 1.5906
-24.6399 -53.1889 1.58872
-24.6514 -53.1868 1.5902
-24.6269 -53.2073 1.58824
-25.059 -52.0294 1.57066
-25.0334 -52.052 1.5686
-25.0456 -52.0496 1.57022
-25.0205 -52.0706 1.56807
-24.7048 -52.1422 1.57938
-24.6776 -52.1648 1.5773
-24.6906 -52.1624 1.57893
-24.6639 -52.1834 1.57675
-25.0779 -51.018 1.56922
-25.05 -51.0411 1.567
-25.0638 -51.0385 1.56877
-25.0363 -51.06 1.56645
-24.7341 -51.1301 1.57875
-24.7045 -51.1532 1.57653
-24.7193 -51.1506 1.57829
-24.6901 -51.172 1.57597
-25.0511 -50.0193 1.5698
-25.0211 -50.0428 1.56736
-25.0367 -50.0399 1.56925
-25.007 -50.0618 1.5667
-24.718 -50.1311 1.57927
-24.6863 -50.1545 1.57683
-24.7028 -50.1517 1.57872
-24.6714 -50.1735 1.57618
-26.0616 -50.014 -3.14122
-26.0317 -50.0353 3.13922
-26.0472 -50.0342 3.14128
-26.0176 -50.0538 3.13842
-25.7296 -50.1353 -3.13178
-25.698 -50.1565 -3.13452
-25.7144 -50.1555 -3.13246
-25.6831 -50.175 -3.13531
-27.0373 -49.9909 -3.13715
-27.0077 -50.0096 -3.14043
-27.0231 -50.0105 -3.1381
-26.9937 -50.0274 -3.14148
-26.7072 -50.1212 -3.12795
-26.6758 -50.1398 -3.13122
-26.6921 -50.1408 -3.12889
-26.6611 -50.1576 -3.13227
-28.0248 -50.0234 3.13888
-27.9957 -50.039 3.13455
-28.0108 -50.0422 3.13743
-27.982 -50.0557 3.13299
-27.6968 -50.1626 -3.13546
-27.6661 -50.178 -3.13978
-27.682 -50.1812 -3.13691
-27.6516 -50.1948 -3.14134
-29.0511 -50.0368 -3.13823
-29.0226 -50.048 3.13956
-29.0374 -50.0541 -3.14021
-29.0091 -50.0632 3.13747
-28.7254 -50.1847 -3.12966
-28.6953 -50.1958 -3.13504
-28.7109 -50.202 -3.13163
-28.681 -50.211 -3.13713
-30.0551 -50.0548 3.13693
-30.027 -50.0603 3.13064
-30.0416 -50.07 3.13452
-30.0138 -50.0733 3.12812
-29.7311 -50.2111 -3.13787
-29.7014 -50.2166 3.13905
-29.7167 -50.2262 -3.14028
-29.6873 -50.2296 3.13652
-31.0497 -50.0236 3.13955
-31.0219 -50.0228 3.13231
-31.0363 -50.0364 3.13667
-31.0087 -50.0333 3.12931
-30.7273 -50.1881 -3.1355
-30.6979 -50.1874 3.14046
-30.7131 -50.2009 -3.13837
-30.684 -50.1978 3.13747
-32.0548 -50.0413 3.1387
-32.0274 -50.0331 3.13079
-32.0415 -50.0511 3.13551
-32.0144 -50.0404 3.12747
-31.7331 -50.2139 -3.13655
-31.7042 -50.2057 3.13875
-31.7191 -50.2237 -3.13974
-31.6905 -50.2131 3.13544
-33.0618 -50.0389 -3.13757
-33.0353 -50.0216 3.13637
-33.049 -50.045 -3.1414
-33.0227 -50.0251 3.1324
-32.7418 -50.2192 -3.13005
-32.7138 -50.2019 -3.13927
-32.7282 -50.2253 -3.13388
-32.7005 -50.2055 3.13996
-34.0581 -50.0691 3.13742
-34.0329 -50.0413 3.12657
-34.0459 -50.0708 3.13284
-34.021 -50.0403 3.12185
-33.7399 -50.2565 -3.13874
-33.7134 -50.2287 3.13363
-33.727 -50.2581 3.13987
-33.7007 -50.2277 3.12891
-35.0579 -50.092 3.13791
-35.0338 -50.0527 3.12618
-35.0463 -50.0889 3.13291
-35.0224 -50.0468 3.12103
-34.7404 -50.2861 -3.13852
-34.715 -50.247 3.13296
-34.7281 -50.283 3.13967
-34.7029 -50.2411 3.12782
-35.0518 -51.0737 -1.57719
-35.0403 -51.0346 -1.5898
-35.0457 -51.0707 -1.58268
-35.0346 -51.0287 -1.59543
-34.728 -51.2677 -1.57058
-34.7153 -51.2289 -1.58315
-34.7213 -51.2647 -1.57606
-34.7089 -51.223 -1.58878
-35.0588 -52.0446 -1.57409
-35.0628 -52.0063 -1.58851
-35.0599 -52.042 -1.58056
-35.0643 -52.0007 -1.59513
-34.7291 -52.2386 -1.56782
-34.7316 -52.2007 -1.58221
-34.7295 -52.2361 -1.57428
-34.7325 -52.1952 -1.58882
-35.0609 -53.0712 -1.56301
-35.0827 -53.0338 -1.57845
-35.0704 -53.0691 -1.56999
-35.0929 -53.0285 -1.5856
-34.7251 -53.2652 -1.55699
-34.7455 -53.2282 -1.57239
-34.7339 -53.2633 -1.56396
-34.7549 -53.2231 -1.57953
-35.0573 -54.0555 -1.56353
-35.0974 -54.0191 -1.57922
-35.0754 -54.054 -1.57059
-35.1164 -54.0141 -1.58647
-34.716 -54.2495 -1.55767
-34.7546 -54.2135 -1.57332
-34.7333 -54.2481 -1.56471
-34.7728 -54.2088 -1.58056
-35.0672 -55.0108 -1.56019
-35.1254 -54.9751 -1.5754
-35.0938 -55.0097 -1.56691
-35.153 -54.9704 -1.58231
-34.7206 -55.2048 -1.55439
-34.7773 -55.1697 -1.56957
-34.7464 -55.2039 -1.5611
-34.8042 -55.1652 -1.57647
-36.043 -55.0032 -3.13133
-36.1041 -54.9536 3.13687
-36.0713 -54.996 -3.13783
-36.1333 -54.9426 3.13016
-35.6968 -55.2028 -3.12558
-35.7564 -55.1539 -3.14054
-35.7244 -55.1959 -3.13208
-35.785 -55.1432 3.13594
-37.065 -55.035 -3.12437
-37.1296 -54.971 -3.13938
-37.0953 -55.0217 -3.13079
-37.1607 -54.9537 3.13717
-36.719 -55.2405 -3.11868
-36.7822 -55.1772 -3.13366
-36.7486 -55.2274 -3.12509
-36.8127 -55.1601 -3.14028
-38.0835 -55.0398 3.13857
-38.1512 -54.9615 3.12328
-38.1156 -55.0205 3.1321
-38.184 -54.9379 3.1166
-37.7379 -55.2511 -3.13897
-37.8042 -55.1735 3.12896
-37.7693 -55.232 3.13775
-37.8364 -55.1502 3.12228
-39.0501 -55.0384 3.13479
-39.1207 -54.9463 3.11897
-39.0839 -55.0133 3.12815
-39.1552 -54.9167 3.11212
-38.7048 -55.2551 3.14039
-38.7741 -55.1638 3.12461
-38.7379 -55.2303 3.13376
-38.808 -55.1344 3.11776
-40.0371 -55.0626 3.14077
-40.1111 -54.9559 3.1242
-40.0728 -55.0314 3.13384
-40.1474 -54.9199 3.11705
-39.6921 -55.2847 -3.13684
-39.7649 -55.1789 3.1298
-39.7272 -55.2539 3.13942
-39.8006 -55.1433 3.12266
-41.042 -55.0534 3.1391
-41.1188 -54.9311 3.12149
-41.0794 -55.0159 3.13174
-41.1567 -54.8884 3.11392
-40.6974 -55.2812 -3.13855
-40.7731 -55.1597 3.12707
-40.7342 -55.244 3.13728
-40.8104 -55.1174 3.1195
-42.0545 -55.0532 3.13182
-42.1342 -54.9141 3.11291
-42.0936 -55.0088 3.12389
-42.1737 -54.8642 3.10477
-41.7102 -55.2866 3.13733
-41.7889 -55.1483 3.11846
-41.7488 -55.2425 3.12941
-41.8279 -55.0988 3.11034
-43.078 -55.0333 -3.14069
-43.1602 -54.8758 3.12201
-43.1187 -54.9813 3.13385
-43.2012 -54.8181 3.11316
-42.7341 -55.2723 -3.13521
-42.8155 -55.1158 3.12754
-42.7744 -55.2206 3.13935
-42.856 -55.0584 3.1187
-44.0846 -55.0338 3.12529
-44.1697 -54.8567 3.10296
-44.127 -54.9736 3.1158
-44.2123 -54.7906 3.09326
-43.7411 -55.2783 3.13076
-43.8255 -55.1022 3.10848
-43.7831 -55.2185 3.12129
-43.8676 -55.0365 3.09879
-45.1012 -54.9945 3.13557
-45.1883 -54.7957 3.11109
-45.145 -54.9251 3.12509
-45.232 -54.7202 3.10039
-44.7583 -55.2445 3.14103
-44.8448 -55.0468 3.1166
-44.8017 -55.1756 3.13056
-44.8881 -54.9717 3.10592
-46.0961 -55.0025 3.13731
-46.184 -54.7794 3.11215
-46.1405 -54.9227 3.1265
-46.228 -54.6933 3.10112
-45.7533 -55.258 -3.14042
-45.8406 -55.036 3.11765
-45.7973 -55.1786 3.13196
-45.8843 -54.9503 3.10664
-47.1018 -55.0037 3.13721
-47.1908 -54.7543 3.11125
-47.147 -54.9127 3.12619
-47.2353 -54.6567 3.10001
-46.7591 -55.2645 -3.14054
-46.8476 -55.0163 3.11674
-46.804 -55.174 3.13164
-46.8919 -54.9192 3.10552
-48.1028 -54.9778 -3.13838
-48.1924 -54.7013 3.11807
-48.1488 -54.8755 3.1336
-48.2373 -54.5921 3.10666
-47.7603 -55.244 -3.13295
-47.8495 -54.9688 3.12357
-47.806 -55.1421 3.13905
-47.8943 -54.8601 3.11217
-49.0835 -54.9737 -3.13967
-49.1742 -54.6701 3.11615
-49.1304 -54.8601 3.13216
-49.2197 -54.5494 3.10457
-48.7411 -55.2451 -3.1342
-48.8316 -54.9429 3.12168
-48.7878 -55.132 3.13764
-48.877 -54.8227 3.11012
-50.0939 -54.9916 3.13924
-50.185 -54.6601 3.11176
-50.1412 -54.8665 3.12787
-50.2306 -54.5276 3.10017
-49.7513 -55.2686 -3.13847
-49.8425 -54.9385 3.11729
-49.7985 -55.1439 3.13335
-49.888 -54.8064 3.10572
-50.086 -53.9747 1.56808
-50.1497 -53.6436 1.54039
-50.1221 -53.8497 1.55663
-50.1839 -53.5114 1.52872
-49.749 -54.2516 1.57356
-49.8128 -53.9217 1.54593
-49.785 -54.127 1.56213
-49.847 -53.79 1.53428
-50.0824 -52.9612 1.57368
-50.1201 -52.6296 1.54463
-50.1083 -52.8359 1.56158
-50.1438 -52.4975 1.53231
-49.7511 -53.238 1.57918
-49.7889 -52.9075 1.5502
-49.7769 -53.1131 1.56709
-49.8126 -52.7757 1.5379
-50.0752 -51.9803 1.57357
-50.0864 -51.6483 1.54267
-50.0906 -51.8548 1.56046
-50.0995 -51.5163 1.52935
-49.7494 -52.2569 1.57907
-49.7607 -51.9259 1.54823
-49.7648 -52.1318 1.56597
-49.7738 -51.7942 1.53494
-50.087 -50.9708 1.57618
-50.0676 -50.6393 1.54517
-50.0891 -50.8454 1.56298
-50.0671 -50.5079 1.53177
-49.7668 -51.2475 1.58163
-49.7477 -50.9168 1.5507
-49.7689 -51.1224 1.56846
-49.7472 -50.7856 1.53732
-50.0615 -49.9638 1.57046
-50.0101 -49.6335 1.53935
-50.0501 -49.8388 1.55725
-49.996 -49.5028 1.52593
-49.7468 -50.2405 1.57594
-49.6957 -49.9107 1.54489
-49.7354 -50.1156 1.56274
-49.6816 -49.7802 1.53149
-50.0551 -48.9593 1.56288
-49.9713 -48.6289 1.53068
-50.0303 -48.8341 1.54899
-49.9436 -48.4986 1.5166
-49.7459 -49.2358 1.56836
-49.6625 -48.9059 1.53624
-49.7212 -49.1108 1.55449
-49.6349 -48.7756 1.52217
-50.0769 -47.9686 1.57582
-49.9623 -47.6389 1.54312
-50.0381 -47.8436 1.56173
-49.9205 -47.5091 1.52883
-49.7731 -48.2453 1.58128
-49.659 -47.9158 1.54866
-49.7344 -48.1203 1.56721
-49.6173 -47.786 1.5344
-50.0914 -46.9511 1.58129
-49.9376 -46.6195 1.54682
-50.0366 -46.8252 1.56587
-49.8794 -46.4894 1.53123
-49.7933 -47.2277 1.58684
-49.6401 -46.8961 1.55245
-49.7386 -47.1018 1.57143
-49.582 -46.766 1.53689
-50.1056 -45.9555 1.5841
-49.9102 -45.6226 1.54759
-50.0331 -45.8292 1.56617
-49.8343 -45.4927 1.52957
-49.8132 -46.2319 1.58977
-49.6185 -45.8987 1.55336
-49.7409 -46.1054 1.57187
-49.5427 -45.7687 1.53536
-50.1023 -44.9525 1.5702
-49.8656 -44.6192 1.53282
-50.0106 -44.8262 1.54996
-49.7703 -44.4901 1.51255
-49.8158 -45.2286 1.57597
-49.5798 -44.8948 1.5387
-49.7241 -45.102 1.55576
-49.4847 -44.7654 1.51845
-50.0754 -43.9311 1.56542
-49.7944 -43.5978 1.52822
-49.9626 -43.8052 1.54084
-49.6781 -43.4698 1.5037
-49.7948 -44.2066 1.57134
-49.5148 -43.8725 1.53426
-49.6822 -44.0803 1.54679
-49.3986 -43.7441 1.50977
-50.0735 -42.9173 1.57475
-49.7517 -42.5841 1.53804
-49.93 -42.8017 1.55176
-49.6051 -42.4675 1.51513
-49.7991 -43.1927 1.58073
-49.4783 -42.8584 1.54414
-49.6557 -43.0765 1.55777
-49.3318 -42.7412 1.52125
-50.1146 -41.9303 1.55563
-49.7546 -41.5956 1.51978
-49.9501 -41.8066 1.52857
-49.5869 -41.4718 1.49285
-49.846 -42.2058 1.56166
-49.4873 -41.8698 1.52593
-49.6818 -42.0813 1.53462
-49.3197 -41.7452 1.49902
-50.0885 -40.9677 1.56608
-49.6922 -40.6341 1.53154
-49.8999 -40.8375 1.53442
-49.5002 -40.5046 1.50007
-49.8258 -41.2429 1.57215
-49.4308 -40.9078 1.53772
-49.6374 -41.1118 1.54051
-49.2391 -40.7774 1.50627
-50.0501 -39.9413 1.56719
-49.6182 -39.6096 1.53297
-49.8446 -39.7456 1.50597
-49.4077 -39.4152 1.47199
-49.7936 -40.2163 1.57326
-49.3631 -39.8828 1.53916
-49.5888 -40.0196 1.51206
-49.1533 -39.6875 1.47819
-50.0498 -38.9638 1.56961
-49.5832 -38.6313 1.53912
-49.857 -38.578 1.40281
-49.3793 -38.2461 1.37243
-49.7994 -39.2385 1.57576
-49.3342 -38.9041 1.54537
-49.6084 -38.8518 1.40896
-49.1322 -38.5179 1.37868
-50.0674 -37.9746 1.57326
-49.5708 -37.6416 1.54424
-49.8406 -38.3019 1.73606
-49.3547 -37.9705 1.70718
-49.8231 -38.2493 1.57943
-49.3281 -37.9142 1.55051
-49.5938 -38.5754 1.74224
-49.1094 -38.242 1.71346
-50.0307 -36.9762 1.57238
-49.5047 -36.6439 1.54637
-49.8969 -37.0825 1.63375
-49.3746 -36.7492 1.60794
-49.7926 -37.2505 1.57858
-49.2682 -36.916 1.55267
-49.6576 -37.3563 1.63996
-49.137 -37.0208 1.61424
-50.0464 -35.974 1.56661
-49.4943 -35.6407 1.54271
-49.9304 -36.0313 1.60517
-49.3809 -35.6966 1.58148
-49.8145 -36.2484 1.57283
-49.2643 -35.9126 1.54903
-49.6976 -36.3053 1.6114
-49.1499 -35.9681 1.5878
-50.0452 -34.9447 1.55543
-49.4674 -34.6105 1.53713
-49.9447 -34.9777 1.58258
-49.3689 -34.6418 1.56449
-49.8197 -35.2189 1.5617
-49.2439 -34.882 1.54348
-49.7186 -35.2515 1.58884
-49.1447 -34.913 1.57083
-49.042 -34.9531 -0.00788223
-48.4564 -34.617 -0.0311304
-48.9342 -34.9542 0.013463
-48.35 -34.6164 -0.009642
-48.8166 -35.2209 -0.00158833
-48.2329 -34.882 -0.0247635
-48.7083 -35.2216 0.0197615
-48.126 -34.881 -0.00327163
-48.0566 -34.9609 -0.00329907
-47.4445 -34.5938 -0.056388
-47.9534 -34.9449 0.012179
-47.3424 -34.5757 -0.0409602
-47.8312 -35.2223 0.00303454
-47.2212 -34.8522 -0.0499958
-47.7276 -35.2059 0.0185216
-47.1187 -34.8338 -0.0345597
-47.0613 -34.9447 -0.00174055
-46.424 -34.5758 -0.0981163
-46.9631 -34.9172 0.00880088
-46.3262 -34.5461 -0.0877181
-46.8361 -35.1997 0.0045956
-46.2009 -34.8276 -0.0917293
-46.7376 -35.1718 0.0151487
-46.1028 -34.7975 -0.0813197
-46.0412 -34.9509 -0.00832532
-45.3844 -34.625 -0.162172
-45.9477 -34.9166 -0.00173858
-45.2903 -34.5885 -0.15572
-45.8161 -35.1993 -0.00202428
-45.1611 -34.8701 -0.15582
-45.7222 -35.1646 0.00457485
-45.0667 -34.8332 -0.149355
-45.062 -34.9587 0.000313786
-44.3735 -34.8306 -0.14468
-44.9709 -34.9202 0.00521862
-44.2804 -34.7899 -0.139876
-44.8369 -35.2008 0.00658765
-44.1489 -35.0692 -0.138348
-44.7454 -35.162 0.011505
-44.0556 -35.0281 -0.133531
-45.0289 -33.9768 1.57548
-44.2001 -33.8655 1.44574
-44.9441 -33.9384 1.57856
-44.1132 -33.8241 1.44871
-44.8099 -34.2189 1.5817
-43.9817 -34.1032 1.45206
-44.7249 -34.1803 1.5848
-43.8945 -34.0615 1.45505
-45.0378 -32.9824 1.57629
-44.0657 -32.9017 1.46762
-44.9567 -32.9454 1.58036
-43.9822 -32.861 1.47171
-44.825 -33.2243 1.58256
-43.8533 -33.1382 1.47394
-44.7437 -33.187 1.58664
-43.7696 -33.0973 1.47804
-45.047 -31.9793 1.56858
-43.9403 -31.8061 1.32442
-44.9703 -31.9423 1.57287
-43.8618 -31.7648 1.32873
-44.8405 -32.2212 1.57486
-43.7349 -32.0418 1.33073
-44.7637 -32.184 1.57915
-43.6561 -32.0003 1.33505
-45.0435 -30.9794 1.57211
-43.7033 -30.5878 0.980941
-44.9717 -30.9425 1.5768
-43.6308 -30.5454 0.98567
-44.8434 -31.2214 1.5784
-43.5056 -30.8221 0.987241
-44.7713 -31.1841 1.5831
-43.4328 -30.7794 0.991982
-45.0349 -29.9856 1.5693
-44.1699 -30.3474 2.12748
-44.968 -29.9493 1.57411
-44.0987 -30.3083 2.13248
-44.841 -30.2272 1.57559
-43.9738 -30.5844 2.13376
-44.7739 -30.1909 1.58041
-43.9023 -30.545 2.13877
-45.0273 -29.0131 1.58302
-44.4566 -29.1449 1.78673
-44.9657 -28.9785 1.58798
-44.3915 -29.1087 1.79193
-44.8395 -29.2544 1.58932
-44.2681 -29.3834 1.793
-44.7777 -29.2197 1.59429
-44.2028 -29.3471 1.79822
-45.0117 -28.0158 1.58519
-44.5592 -28.0989 1.71473
-44.9559 -27.9836 1.59032
-44.5004 -28.0658 1.7202
-44.8303 -28.2565 1.59149
-44.3773 -28.3375 1.72098
-44.7743 -28.2241 1.59662
-44.3183 -28.3043 1.72646
-45.0283 -26.9704 1.58179
-44.6793 -27.0478 1.6917
-44.9781 -26.939 1.58694
-44.6265 -27.0162 1.69722
-44.8536 -27.211 1.58809
-44.504 -27.2871 1.69794
-44.8031 -27.1795 1.59325
-44.451 -27.2553 1.70347
-45.0426 -25.9978 1.59269
-44.7721 -26.0687 1.68497
-44.9976 -25.9679 1.59783
-44.725 -26.0389 1.69051
-44.8739 -26.2383 1.59898
-44.6029 -26.3083 1.69119
-44.8288 -26.2083 1.60413
-44.5556 -26.2783 1.69674
-45.0902 -24.9899 1.58591
-44.8844 -25.0556 1.66811
-45.0508 -24.9615 1.59095
-44.8433 -25.0276 1.67354
-44.928 -25.2304 1.5922
-44.7215 -25.2955 1.67433
-44.8883 -25.2019 1.59725
-44.6801 -25.2676 1.67977
-45.0779 -23.9761 1.5872
-44.925 -24.0217 1.65072
-45.0439 -23.9502 1.59192
-44.8898 -23.9966 1.65579
-44.922 -24.2159 1.59347
-44.7686 -24.2614 1.65693
-44.8878 -24.1901 1.5982
-44.7331 -24.2362 1.662
-45.0549 -22.9933 1.59096
-44.9388 -23.0224 1.63656
-45.0257 -22.9695 1.59529
-44.9086 -22.9993 1.64117
-44.9052 -23.2326 1.5972
-44.7886 -23.2617 1.64274
-44.8757 -23.2088 1.60154
-44.7581 -23.2386 1.64736
-45.0688 -21.999 1.56887
-44.9765 -22.0122 1.60108
-45.044 -21.9774 1.57273
-44.9511 -21.9913 1.60515
-44.9253 -22.2379 1.57508
-44.8325 -22.2512 1.60725
-44.9002 -22.2163 1.57894
-44.8068 -22.2305 1.61133
-45.0671 -21.0042 1.57762
-44.9928 -21.0091 1.6011
-45.0461 -20.9838 1.58109
-44.9714 -20.9894 1.60474
-44.9298 -21.2429 1.5838
-44.855 -21.248 1.60725
-44.9085 -21.2225 1.58728
-44.8333 -21.2284 1.6109
-45.0734 -19.9977 1.57346
-45.0184 -20.0024 1.59593
-45.0558 -19.9773 1.57692
-45.0005 -19.9829 1.59955
-44.9423 -20.2364 1.57964
-44.8868 -20.2415 1.60208
-44.9244 -20.2161 1.58311
-44.8687 -20.2221 1.60571
-45.0752 -19.0014 1.57227
-45.0362 -19.0028 1.59162
-45.0608 -18.9815 1.57553
-45.0217 -18.9839 1.59502
-44.9502 -19.24 1.57843
-44.9108 -19.2419 1.59776
-44.9356 -19.2203 1.5817
-44.896 -19.2231 1.60117
-45.0747 -18.0102 1.58203
-45.0481 -18.0084 1.59833
-45.0632 -17.9909 1.58507
-45.0366 -17.99 1.60148
-44.9558 -18.2487 1.58818
-44.9287 -18.2474 1.60446
-44.9441 -18.2295 1.59123
-44.917 -18.2293 1.60762
-45.0928 -16.998 1.5769
-45.0725 -16.9906 1.58847
-45.0839 -16.9798 1.57948
-45.0637 -16.9734 1.59112
-44.9801 -17.2364 1.58302
-44.9594 -17.2296 1.59458
-44.9711 -17.2184 1.58562
-44.9503 -17.2126 1.59724
-45.0965 -16.007 1.57679
-45.0821 -15.9958 1.58521
-45.0898 -15.9897 1.57899
-45.0754 -15.9794 1.58746
-44.9899 -16.2452 1.58288
-44.9751 -16.2347 1.5913
-44.983 -16.2281 1.5851
-44.9682 -16.2185 1.59356
-45.0763 -14.9987 1.58162
-45.0671 -14.9851 1.58772
-45.0715 -14.9821 1.5835
-45.0623 -14.9693 1.58962
-44.9759 -15.2367 1.58768
-44.9662 -15.2237 1.59377
-44.9708 -15.2203 1.58957
-44.9612 -15.2081 1.59569
-45.0983 -13.9995 1.57114
-45.0926 -13.9845 1.57591
-45.0949 -13.9834 1.5728
-45.0893 -13.9693 1.57759
-45.0038 -14.2375 1.57716
-44.9977 -14.2233 1.58193
-45.0003 -14.2216 1.57883
-44.9943 -14.2083 1.58362
-45.0849 -13.0248 1.57491
-45.0832 -13.0094 1.57953
-45.0833 -13.0087 1.57662
-45.0816 -12.9941 1.58125
-44.9965 -13.2627 1.58099
-44.9943 -13.248 1.58561
-44.9946 -13.2468 1.5827
-44.9925 -13.233 1.58734
-45.0875 -12.0272 1.57249
-45.0901 -12.0116 1.57685
-45.0875 -12.0112 1.57413
-45.0902 -11.9965 1.5785
-45.0051 -12.265 1.5786
-45.0074 -12.2502 1.58296
-45.005 -12.2493 1.58025
-45.0073 -12.2353 1.58462
