3.0200712709861692e-09 -6.013936813528216e-09 9.465318138340411e-05
-14.64348312840447 -12.673594119841578 -1.7872968087030108
-6.224847394820866 -90.92796253849306 0.013775214007685752
-192.2628267395091 -424.7032707597485 1.768001021539668
-418.79013282284143 -1321.3581863554355 -2.1718861619225476
-839.7788096631386 -1949.4327845558576 -1.1422139910833227
-1425.0303772336 -2802.603613355289 0.9353068438558242
-2508.681193351386 -5196.900407829068 -1.296932923841042
-3356.535851350681 -7810.895641825223 0.7583634078073445
-2938.490861888467 -6591.540637873928 2.1411468807671556
-857.330644436541 -95.83791176637692 -3.0140301392380837
-234.56498987453912 3350.6740001009966 -3.019654609314703
9592.66117217523 17195.983212117822 -2.865319386647044
33247.49797191711 36856.07760376888 -1.0844744463199218
-68968.33288767237 -48769.9499543738 0.8998065831858028
-112614.0341855613 -77927.61414726758 2.7671423588310167
-130237.38555519066 -101055.13088586867 2.6797697915680634
-141663.28662760046 -131961.1663587425 -2.9218653315266603
-160756.83946986202 -164765.15227284213 -0.42615920958918957
-176704.24244991198 -190887.26662834128 -0.42010900485702585
-190252.6521659871 -216023.77021144735 -1.861849508457034
-181127.1778073997 -256743.36750164622 2.7661973506909967
-180689.11253789708 -301616.5619524935 -2.6759747732245707
-189695.145697541 -360626.9606028143 -0.5279038565239013
-203989.4641371261 -421906.7769160646 2.071108168227541
-214450.31538980146 -467912.15797736426 0.13380649229203398
-212407.28715297222 -460412.6310398615 2.2860725849077346
-192034.35109944802 -356201.0925852624 -0.7498621003348018
-183903.09864402766 -290549.29881640995 0.3642263823027731
-185551.25831610704 -260608.8339764222 1.85608572035235
-192949.62901886393 -218133.18862950988 1.5015912514504217
-190102.21561757225 -199995.11019718426 0.10427879094512904
-176585.25148885394 -185315.96952275658 2.1579078004371466
-184834.99149518728 -164773.3292003112 -2.9333703489479195
-318674.2662022806 105407.81875657066 -2.6700527795281106
-387953.7178936626 193591.47445428467 -2.841642791898776
-520377.3498648894 282901.9292975119 -3.045360083826524
-517800.0059509507 284337.5315745137 -2.9655191804941947
-750121.3778517037 360788.04470585677 0.10771810471855507
-747878.7372034171 365169.7036835462 -0.134170447595851
-742144.658896422 367692.09745311056 0.11920452811348968
-740726.2769235071 376303.58835533005 2.8973295299163855
-745222.5802422676 395108.84143272124 2.9690991562877587
-753033.0664882523 417944.54482993676 2.9616781103920182
-751344.6029462627 433197.12479056756 2.7128869333787535
-751091.2731061131 445864.6276740097 2.5176709961771335
-750259.4715845028 457107.22934733174 -0.07322886057645249
-749245.0118104859 453037.2478502415 -1.5952486065744964
-786588.441612227 443545.5206772126 -2.216703831823788
-812396.5952519847 467472.4164167526 -2.018632818415135
-815520.6033842523 579504.3046375931 2.3571820538140633
-687126.3324964148 696655.9205197479 -0.9549167631303255
7421.865399946388 888327.2218031506 -2.04177395053481
1677048.246032095 1894191.5757426661 -2.7206538749926676
4497809.97836356 1017728.5224649138 -0.17278482326195999
5515950.121176187 21457.141103325746 0.9340097002618718
6530523.981742528 -1476546.6024085677 -1.7202953420481033
5402220.937447341 -5621962.728392623 1.093945700670795
4706668.429107338 -9188044.491691452 0.6782763297445512
3864548.53210496 -13105640.263512261 0.49728056124217124
3884824.018119266 -13102213.346629675 -0.741054168074563
3890671.381876713 -13106897.612702178 -2.3770925040728343
3891001.0323322974 -13108718.708069136 -1.1838038490066165
3889462.2717603687 -13100523.952199513 -3.1245355907571692
3960854.100209883 -13168642.92063618 -2.823152720965908
4183967.23992811 -13282290.625817727 -2.4594276732956115
4531743.328887791 -13571116.091167882 -1.8960411443329988
5462664.533902824 -14026475.16617028 2.953717809062685
9312054.039408186 -15033313.535049988 0.3272622357783531
9544986.263648415 -14824260.59378447 2.564331014485371
9743552.706765374 -14345855.258909276 -2.7845023277088243
9980494.21054602 -13614849.909670474 2.335456271353196
10101070.31869457 -12891629.868520474 3.069215410402896
10430869.461244743 -11718287.048388142 -2.0019664744462675
10926525.846339628 -8689145.564197969 -1.3998181754515253
11204849.456123644 -6901045.6442334065 2.49494822218637
10873038.22623 -4768080.855668348 2.7519399121007235
10437430.648849878 -2977911.4588677944 -1.5709781271904455
10261926.80247124 -1619252.2043667363 -1.2234783399895266
10198093.776722677 -578842.0004311264 2.9819674503422164
10215653.60413678 -493134.2240260311 2.4973493183025965
10051610.98631649 -623261.5839086219 2.9974240064939615
9896431.498513786 -814921.7425684088 2.6077165625097547
9704760.064818628 -1579381.90974324 -1.7530154153560868
9379166.729330553 -1675652.439064829 -2.6670827441460894
9148306.252928471 -1918964.398191917 -2.933479062716538
8973614.645248108 -2009801.549634998 1.9896071560448958
8812489.208231622 -1964612.4451706102 -1.2205921485686821
8681317.58472869 -1906772.9336753532 0.25454337442769764
8585443.289353345 -1852939.9855125996 -0.7630663121018841
8534159.289841333 -1861023.5401094758 0.81283641582548
8477976.339157546 -1938315.9813824124 3.023343557065056
8424347.536725076 -2135339.186739534 -1.6265602520590177
8343922.002051652 -2337793.741373863 2.365690956324166
8327153.240604651 -2343647.7200652766 2.016776133374118
8313720.390424708 -2350488.3665102054 -3.012234827456296
8310316.879238804 -2337857.6327823624 1.2055455813653704
8306772.324293182 -2314600.318934811 0.7642433330499312
8302645.71262134 -2285804.224770073 0.9255345925558646
8300592.6750872675 -2261574.5744213588 0.03638589671590015
8301341.569156272 -2240104.308216998 -1.567234773660198
8301101.061134022 -2220325.779207258 3.1111652947536017
8300692.4933771575 -2204981.681759006 0.12025890804658923
8299345.217638186 -2195127.139916522 0.3119638138304258
8295302.1792165935 -2187838.163148641 -0.38774355819431255
8287025.680397669 -2196913.298913033 -1.7973552705373013
8269458.297288204 -2216126.6339251064 -2.9417302311636324
8240019.883728372 -2245400.9205527604 -1.720682036331817
8209309.616374008 -2286771.192993999 -0.4353735840971339
8164938.991421381 -2342570.772245049 -1.7162474569678308
8126536.778156525 -2410847.7149957926 -2.51113342625195
8006365.098602704 -2523769.771599931 3.0033899928867736
7917759.517629244 -2603301.203842018 -0.7612173463143211
7848221.246290555 -2674239.8930470394 -0.24331023550038852
7819019.525283562 -2724053.555322637 0.4114776917858312
7795588.977355976 -2765636.2691490026 0.6116344724869249
7827194.518709769 -2782270.668292978 2.5366620377991214
7856019.193232785 -2800154.895710719 2.0038590836536927
7875738.768661644 -2818663.3643575534 0.8436375304401322
7899515.867518163 -2827313.086190232 0.2643906699917067
7912283.113511783 -2836408.247635207 -0.1283305821554859
7906301.664803724 -2821697.752544965 -2.5794806331073223
7892751.164849673 -2814215.562076505 1.2907132414207292
7929723.674355178 -2776203.4541711207 -0.6126992527755996
7986507.8646800965 -2720470.896096099 -1.6583039530752655
8073183.108256187 -2637623.9540257077 -2.9077696069984738
8153372.533224646 -2554720.6183215817 -1.1601036427833005
8209763.142821998 -2477428.0536829834 -0.8345176113989227
8302805.084239949 -2384312.0826312117 2.6097745310977536
8370079.440192985 -2308988.735356048 1.4237715289617947
8406050.317489948 -2260301.1645649434 -0.6829984190220615
8376030.274427276 -2242163.6614224473 -0.20979343601580108
8352186.488431783 -2234514.78952268 3.024736548651453
8327184.969194026 -2221362.63880788 2.2419142440887763
8304491.034856181 -2207876.782096266 3.113646043735062
8289429.928501808 -2199342.5881728483 -0.7075188173684095
8295954.348647208 -2192672.409539607 -0.0778799359348153
8300007.1082075825 -2195283.3915336747 1.7432457218449708
8300723.354633656 -2205273.55425434 2.842567574581341
8300363.147966035 -2220355.166804902 2.4201971371563302
8299799.2350128 -2237471.222540004 -2.7203919267886714
8298746.470227463 -2258680.703265934 -2.281326659779002
8301455.556591154 -2285619.350379285 -2.3134964483423586
8304104.522826404 -2315163.485542791 -2.1545979004492413
8308942.720955135 -2335217.7336967667 -1.8807100862532973
8316171.06747421 -2362576.8481745278 2.4369205839122565
8324610.536585655 -2393597.182843442 -1.1916281408689071
8305585.3086431185 -2374637.800602364 -2.244327200215191
8288427.840430311 -2366781.3800416635 -1.945784800228828
8335292.458685724 -2379002.7422559625 1.4639424221163269
8360733.49235971 -2401310.3656203183 1.617006979463695
8289352.1852968605 -2417535.682393995 1.0606441759225518
8207374.5270616785 -2397601.7510252637 0.5663587187938902
8201474.5128818285 -2301869.184458691 -1.59221736717977
8322358.312840499 -2190990.5644514235 1.234688624697558
8437136.376861209 -2134678.452699299 1.8165917475852227
8566159.800835468 -2021289.8510016336 2.9256483158819364
8593011.273374764 -1974765.638540524 -2.6754760055130635
8407398.492389016 -2131417.4193920004 -0.9454738358122419
8388782.825066797 -2173377.6922981045 2.4435687305097016
8300191.042348311 -2252425.8106884668 0.2420407990306114
8346147.758513399 -2283196.8690736634 0.7292280653517191
8265958.423800604 -2395938.3019460966 -2.319259438655945
8215360.610871941 -2509161.386827976 2.2964409062174975
8162166.184697518 -2639255.8139797295 -1.8707450240736871
8129631.0163798975 -2744809.244260044 -2.493726198732567
8073909.323207214 -2866831.3284920175 -2.4752006449762782
8050923.648319378 -2918901.604092814 0.5861752246253797
8033573.338371063 -2959779.2704797843 1.2836665138504713
8030016.871383862 -2978219.6917722775 -0.43237528151144383
8032166.612714044 -2985672.7111880393 -0.2811902055762109
7980130.3921663845 -3013746.8830053797 1.0800375012840022
7769872.0535627175 -3060441.193141928 1.7533893656456163
7675277.94092266 -3165260.9336549863 0.7668697403632598
7359689.400824013 -3762692.0349322096 1.4407329263650883
7283647.80040421 -3911491.1522234017 -2.6440675018372435
7257565.305531661 -3959654.000800954 -1.0100583630790712
7239399.055107542 -3981774.9990346394 -1.1211484510107752
7218268.449217925 -3995191.7138866913 1.6929068766880344
7197836.099531888 -3993720.930204283 -0.11692485375786435
7230130.59773237 -4005099.439293799 -2.4701997788099184
7238429.238003474 -4000129.4869360346 -1.3179011479057052
7241867.639601754 -3996714.2048846274 0.9896180455932162
7240619.77551196 -3993029.836171289 -1.253603690376986
7233831.021601809 -3990726.6797520583 -2.3066866997739774
7223998.109484833 -3990478.785174765 0.12539438770028502
7215872.307640468 -3991145.7319686757 -0.8025488104560295
7210280.499071775 -3991107.2634059032 -0.16400316773024168
7204357.527932094 -3991869.6006616913 2.360237549307121
7191979.439273317 -3995857.344372416 -2.801782261703141
7169933.337733402 -4001862.3010341744 0.5926505678523284
7146969.933160887 -3999958.940317433 2.95392033902398
7142157.045652371 -3974156.949247833 1.9447164999095743
7171060.779690032 -3910654.946396045 -1.4069154495035
7314395.340167223 -3849366.3348065377 -0.2400295708148786
7529840.496535754 -3797060.4674479375 -1.479329643795347
7487728.523111833 -3526454.9954770296 -0.0016165240098842282
7484182.046944312 -3198875.007388029 0.7805612853279312
7435075.086613 -2844677.6982762404 -1.9060631984083103
7290920.676561964 -2356952.748224462 -2.3039144161793494
7083924.233415508 -1905126.7379521565 0.2102743566990782
6857179.275062388 -1435463.1131842984 -1.228234122270752
6629752.981126004 -901513.8005626145 -1.1722608429218273
6376893.762301399 -361496.4495850051 -0.4167690736047635
6166045.871597009 148447.00478638115 1.2563121729641353
5946870.497623066 560483.5905450247 -1.9097027053918179
5700726.366756826 919979.9411260476 -1.7909921128085853
5476097.926151179 1317650.7809088877 -2.047729556788075
5241034.016902144 1638030.2649429287 -2.0705486344544233
5013154.243009984 1948979.1550594163 -1.3669981066078656
4807644.777595381 2202846.466981274 -0.9998804705033604
4595957.518978002 2448531.789299577 0.1177283135115921
4405452.001085966 2647771.6902627037 -1.5839086059201308
4223105.177255249 2830079.1661653854 -0.30554554645798904
4039601.2472767183 3002217.8976190044 0.20288075374291442
3857625.1051343614 3148981.523143205 0.24538870545532726
3699270.0213626428 3257647.3469483056 0.2602703771651827
3547256.4173875293 3337080.2209577165 1.7084052418346534
3417381.8748521316 3408702.380997317 2.150366407213932
3281699.61289975 3458889.3435169766 3.0523609573882022
3163763.805371816 3511497.2455105856 0.2031041072464513
3028375.810129115 3542515.90794643 2.3129406499545686
2908869.2183314 3576148.498917675 -1.0603738780635668
2777252.9161849255 3595178.132265791 -2.266765778346167
2640047.8209474315 3603432.936709237 2.554361910802099
2524216.2692044587 3617805.1717011407 -1.7501131564629202
2435757.618695655 3618571.842575622 -1.2020046046014132
2372074.268268556 3620573.286769942 -2.1277344364133923
2316611.689296508 3629516.6976412185 1.2291450838746478
2266950.3953662254 3633959.8599365884 0.11914406350871769
2213019.896319654 3622007.726627474 2.6785029005138106
2183618.4456720245 3607740.7161623877 -2.9254204364740155
2160415.45754299 3598267.3436653526 2.967261711291375
2152959.6926791887 3581670.666482129 -0.3018286162065026
2153922.586271177 3563616.4851426403 1.7142388450274066
2158302.842142935 3548607.6168603897 -2.716207088091234
2164652.2857920043 3539230.010197223 -0.9984743508510054
2170026.4677833803 3526763.467948825 2.3550213845765873
2173118.9859708217 3510050.460606122 -2.8452846602880983
2169199.195435729 3481058.551142816 0.007157027696397606
2144887.341438943 3458943.707320515 0.9582527528924679
2115089.356173705 3449206.8950939197 -1.054541349984294
2083686.6692343927 3438723.4995929706 2.3154081625933265
2043582.5497889803 3423797.424471798 -0.880051350564025
1985779.2290082618 3422365.349390224 -1.700402730953745
1959378.9424441129 3405341.112889264 1.4458234761862998
1946423.201200102 3395907.5470887246 2.965777569993671
1944348.7583893142 3381781.020554048 -0.2004628491810599
1953766.3237092567 3375305.132150968 -1.79106922090568
1947684.2695936295 3377743.132132586 -2.544700846645383
1933832.9500268146 3383036.9790456668 -3.073271858180508
1902695.874205538 3394354.448849156 -0.31709764534639995
1854548.5942305205 3409091.6507331724 1.4125894464404705
1790410.8555858221 3425762.3609750867 -0.4347635572589637
1707695.0976200248 3451225.809524645 0.982442615855109
1646525.9879269483 3462322.567248635 0.7188848191101109
1572170.401500645 3485196.170399293 -0.08689392924688985
1519464.868796016 3495512.162744291 -1.116171096684403
1461826.278071502 3511550.6764261792 -0.4914962624001401
1405742.1157386892 3528150.952944331 -2.206559144824287
1337872.629361236 3545494.6549279704 -1.5581402267653741
1230661.108117249 3577091.762019151 -0.5581458164758972
1050963.9995381143 3623482.4098923565 2.1680031159414423
936105.7773016677 3660604.559764487 2.250176615130769
815194.2773933136 3702660.162572594 -1.6004682130292092
700208.7743904054 3747601.5332229324 1.1351392095107595
643024.4586024132 3774075.298693263 0.8893087124282308
612497.0699678492 3794319.849385015 2.628371509298342
604901.5437827731 3804130.1198241864 -1.0594327286803513
603290.2946475402 3806523.1433935924 1.7486680457642054
592668.0297674646 3805601.090226288 -1.5898411754410036
584613.4155137556 3786368.572725156 1.6443978625902431
579201.9392028515 3752077.6951786433 -2.764719408472365
556816.1473498923 3636994.7949257474 -1.4460115117937191
529623.8276608996 3514602.3834187076 -2.058322444471882
494642.572736681 3376914.7685707053 -1.485427308555623
460536.39979926747 3231918.2104471913 3.053649635540811
426155.52472376253 3078915.4921814254 -3.016724567831986
389274.90659525566 2919419.3368447204 -2.7544882611123542
351979.43099376647 2761603.0978637435 -2.9980855832853663
314320.22479913343 2601153.1785585927 -3.110651710551304
280789.35157449427 2432617.9248663057 -2.4086036243804436
239065.3887708641 2272490.403200778 -2.51295471411142
196452.93234020204 2102738.0347245527 -0.9748605660695846
188334.6116884302 2002927.1920952266 -0.9834258439327195
163429.2369456888 1892578.1197520513 1.8746910933210774
155260.12500658128 1796102.5230404716 0.7713117442196504
136789.23152934568 1701130.6227288186 0.9684411907050176
120599.10841519064 1621077.3158214805 -0.6457856400675358
110447.11018957649 1536213.5762090478 -0.12263937346802846
100972.46452738786 1455409.803364242 2.0439238863336278
93088.4434873527 1376104.0500101426 3.1392908522470075
80477.32039722921 1289615.581334042 1.3787415324264742
71873.76888486384 1202453.146508736 -1.1734274878592206
64899.02284916326 1108802.0435955054 -2.3468469214682073
46820.27957048602 1013330.6940874903 -2.3973709229284297
25300.172476523374 922493.1684202607 2.538724540442564
30145.6563551942 812738.3182452455 -2.6144794447267
31875.90655761035 714093.1708586403 -2.6566141319118386
38113.3181435708 624415.5034301692 1.5715254289682503
27877.278125645636 552139.9209258049 -3.091523686613127
25390.04407013275 481057.8764989298 -2.4275327712261503
32214.750779229485 418388.93142807024 1.9840923615616775
36618.739112671195 388270.20934914175 0.16657144161677198
44841.04114752921 353925.7105254526 -2.849531058582907
47786.44315629083 339983.82010058366 1.6364592492941301
54602.69663062137 342058.2562028044 -0.5882596598368675
46510.59922840388 328936.59150225454 -2.053177776349983
31916.826374626515 319151.39348381414 -1.3019286856462644
36544.65843503506 312424.5661772991 -0.15070164431036928
76917.07373406949 304997.71344938583 1.578532219656215
130653.98637597758 295120.7517163616 1.5993789354413304
184155.8355698157 287784.20589088474 -0.1976622165599855
236239.35157447905 277967.41198063415 1.1542534418738373
285923.95500805916 265969.4817387629 -3.1340855219055164
314712.0285502173 255454.2977001247 -1.999996639211068
293988.55358892126 249708.2753324581 -0.9462746831170628
269547.0851685694 239096.54647014293 2.137376051387522
247357.88879882824 233507.95900178244 -2.646223833639943
211507.78928781027 222522.48955794223 -1.3977447724601448
212626.59646499154 224260.04743128174 -1.3846094252494963
204742.6850797616 217694.8946696015 -0.9635128142655346
194733.3727770907 209992.7814083997 -2.1439728678426837
184022.22344667744 197085.6669217394 -1.8692080650080976
187644.39628257457 192164.7415619607 -1.2057087679306964
217557.43594670657 187523.4430411278 1.6700309842934378
272966.2032721163 179288.39087422247 1.4812317707953633
339348.7236871825 173073.76806062466 -0.683713759708391
386176.7184438615 165029.66865782137 -2.8569197090021343
402699.75955277303 158586.71290646345 -1.2069064424293017
391713.022969596 156745.93566649547 2.568084890206227
374158.1766832687 156138.9456946884 2.5871905538321616
357121.22027708066 153506.30802184317 1.867626120695795
342787.8503615814 151787.40468652613 2.4015764428159345
295027.72388683073 164715.72475716998 2.3893190015695316
251158.09993058376 172620.60833845852 0.6798514051806929
191714.51755300295 187885.02038604475 -1.871957922981452
126622.73285050817 201979.1573875443 2.9205605972071034
70752.33463924457 212949.1269832202 0.45986520732943004
30752.16064745974 218592.4215872786 1.6570716427528123
4092.534345910013 219283.2911566665 0.23419777329594327
-2385.894163716723 220350.0487030652 -2.9092041095534356
-6870.26914474062 220609.06061835165 0.10486601167217853
-9789.727031033004 221338.52781314406 2.533551692989641
-12590.037052191843 222226.2885044864 2.5883683910256376
-15295.46696219252 222902.11074010687 0.9649090216716117
-16778.503719401793 222925.45158151153 -1.490650423943656
-18716.134067686045 223317.77380947932 -1.1844781393028865
-19223.86996860862 214208.60839120953 2.1925555161282286
-13245.080811046328 206929.53572534618 -2.0825825467527
-2330.007295641502 203419.98310014576 1.898615967671394
2102.335607070475 211002.945582447 0.1768253997696862
6987.793043398336 223728.96080288856 1.6337555318961305
15631.945321368306 241616.1048474086 -1.9082518596246214
29556.240974913504 268952.46379831136 -2.9412389411959103
45887.988482567045 322238.85207527806 2.682984596598149
66684.21987726474 383394.1382823544 2.301004661418886
87635.97584738316 456014.5815870977 2.2068990824411476
126697.74394392695 553828.9265973567 -0.602569283351919
161583.7954320925 659624.4030942809 -0.5479149043690837
235148.2279523988 781892.9167412682 -1.1902308504441435
366448.72495631455 902440.2947889464 -0.622208878104313
439215.9234603051 968955.596305963 -2.1126084960641123
510403.8115104261 1034131.138922716 -1.6137844689806675
576155.530712406 1164568.59968769 -2.6187282558325458
635491.0241534532 1267727.3047118331 -3.0020265368475436
694259.6487121943 1357099.7075461384 0.6377068413134098
765336.0399961038 1461425.501382291 -1.0406232385850436
841867.3846549352 1560338.8325120083 -1.1471060528901211
960663.3982372978 1703271.6704018835 0.8850638935867883
1120401.4699982912 1895861.6162871292 1.1067723749646325
1300589.7301717612 2111411.4743627664 -1.954569061321348
1482152.613977778 2335945.2306899424 3.0578553499690257
1637924.6315918644 2518394.4838996064 2.8430070126710247
1761807.7433456695 2653852.1148965643 -1.560053012392253
1858952.0070142366 2760293.25717278 -0.902625658657122
1941266.2534972196 2854517.918484162 0.7690130353803949
2012593.1864693353 2930820.131917809 0.15018483374853892
2090435.3561026019 3008129.5492262226 1.5148885417880873
2169566.388729933 3120871.263303681 2.2156730737673174
2237749.891821662 3216684.5948560657 1.9515156761168393
2296682.917866609 3304837.8614375484 2.8817095405292905
2353512.9192998502 3393422.352310291 -3.032418656053287
2416218.4689752427 3470807.6712505706 -2.435894827967522
2469194.469599493 3542174.5687184734 2.6395682081704566
2503154.3585989685 3608497.2399115646 -2.513409715516226
2431121.0684136343 3616535.121651303 -1.5315930217199218
2378773.5993127166 3630080.696591835 -1.4329259534530443
2312415.8964441065 3628524.9353725887 2.1813724434600736
2262732.985406879 3631008.72082047 2.8331649412391475
2206564.5850036186 3616906.650624087 0.280727961702479
2166906.5475581363 3607336.864793844 -0.5926926846867637
2161449.2438180703 3602036.225680118 0.8121800425126916
2157363.7387445685 3592350.947570628 -0.7858618530300676
2153982.072146421 3564963.586961076 -1.9674456389249517
2159008.2913994296 3549985.2204459184 1.602880995240949
2164471.5783585724 3536370.3944904143 -0.08841819285722667
2170712.175024109 3527586.284446537 2.14213998041836
2175858.66119536 3520880.055830163 -0.7479860408949008
2171775.685377567 3504572.1572730327 -1.039797140781641
2155314.3009605664 3485247.785986561 -1.1766311666872122
2121439.853002999 3462117.4108177926 0.71059675259098
2086039.6477823507 3442874.4230770553 1.8263256184237309
2035046.369435506 3417405.934720261 0.739563239672619
1996401.69331355 3415418.3793563778 0.8135750743835467
1959559.3624078755 3404928.791964174 -1.015819134695539
1947053.5737266846 3393537.1761699896 1.990798352533631
1949162.235660789 3380313.9713480156 -0.6326524907027369
1956967.8953796483 3374331.5180072244 2.985051967366346
1952630.6625764046 3376375.017359306 -0.6593195381799019
1943070.8460962167 3381583.6580720097 -0.06770955543620946
1904401.4779960355 3394650.3226720365 0.5964112713677583
1867598.690940398 3406830.7538831285 2.0514886239943295
1802140.5697560313 3424455.497109771 -2.293512032761494
1717541.292306105 3443375.414549388 1.6022328541297342
1646251.2680558022 3464759.229760659 -2.379901448470423
1581101.0770806677 3482653.234616773 1.26477842278215
1516557.2954948898 3497461.7844530297 -0.11999155516625284
1462419.719823385 3512041.5713241342 -0.5124962133646827
1409982.5086248931 3525504.986505498 -1.7420302827408751
1343334.267255349 3540791.562389213 0.13401007746115212
1228995.0918418413 3569864.449688712 -2.066988435249946
1058698.7648952305 3623302.841557181 -1.4097017211109455
930747.014966463 3662890.7797089326 -0.3755868593465433
806917.2093875767 3705479.7439149586 -0.43619072733045544
713579.3607752788 3737810.272363774 1.3806854398648096
641551.5932764419 3769138.9895508178 -0.349427684985901
603728.486223725 3792294.433506555 2.6467446616199446
598751.0285072373 3804431.791559628 0.9040716525072932
606910.8154834252 3808238.703009779 0.6305035413927067
598586.3167308765 3808908.7907432043 -2.165450256420095
591798.8790236502 3782373.7739004567 2.9314901031078535
577923.5615207845 3727503.0451744595 1.3251269532415464
555156.9417475082 3637977.993132627 -2.860783445656072
525922.8602083114 3522148.552011199 -1.6767554291293008
493232.17889655347 3374554.183539737 2.5666219154655883
456739.1858414221 3230864.1912547946 -3.077500425209751
428026.277237639 3083612.0955409957 -3.1019180603715633
394465.7016025527 2929787.293002123 -2.81553336946219
353665.2864002399 2777285.222100317 -2.0277983966573
315772.9068862614 2616886.8349250383 -3.020576259337211
281115.67889895546 2449317.9531892166 -2.791485995235583
245525.88290546098 2278685.545388811 -1.173251231275766
215204.97863521054 2118485.166668142 2.6455533609306894
197246.10140609325 1995288.166800186 1.0478830873355076
167659.6256243713 1892494.594696905 -0.2519160486277726
156395.85348078547 1790134.122786988 1.7946773202673252
146482.47364124868 1694559.6869928902 -0.5673971032056885
130987.47097943435 1615550.6542723668 -1.5535998582024415
119006.16612967456 1533646.3281611109 2.7280123584306235
101023.8165917279 1458982.6943594906 0.03715920782528343
86228.11179455012 1384015.295911112 1.2643839456287527
71041.14892616644 1310202.373702579 -0.16963017512226933
70636.20025630464 1211116.3670343254 -1.543538037785134
52838.22728522232 1118115.0472938125 -1.3358578720224783
55736.31463609572 1013059.6707503275 1.0420711169286596
45722.638358557124 904670.61249536 -3.1229485784523825
42775.752250875026 801228.1199155654 -0.6349157024311625
40501.9596036361 706478.032491356 -2.1574725498300706
37583.93108143494 615059.7220479979 3.0037834299586117
30511.75950386628 542417.0672243702 -2.6782727920166134
26443.34188929492 471121.2127903331 -0.7728477995769613
36168.22044101284 411879.8508395793 0.09739953834100898
43697.76147796909 369772.4379159758 -2.490505638328611
51068.42483718831 349126.36868381844 1.225073167223673
47145.54667620051 339488.4068215192 -1.3542165586258361
56474.08022147708 332696.5551899024 -2.6890893808291647
62603.55902774766 332163.5448813124 -0.19057210665310398
61085.151157719476 332164.27183561615 -0.4079090641685958
56956.36037973621 332538.36152403813 1.6857585080785122
46232.3474019246 331748.09939535876 0.7852365022693273
24826.70847199409 325609.01635830576 1.5500355372745744
-5426.580520000049 310697.593324821 0.6504917848603038
-29262.205315193918 291975.8302459041 -0.6001459318658808
-59118.24333641186 271709.18622174254 0.7501218585339348
-78030.99348274164 242226.67992409968 2.171262658143445
-97389.96377011188 208633.43937017533 -2.326140779054184
-139523.45636212477 172998.86331215815 -0.7346005188383978
-165024.13972940895 127423.89981340944 -0.7258500856096548
-178057.8576697279 96941.37900986485 2.428577378233847
-183919.06594731146 73813.12704782457 -0.9197363159832618
-183375.07937741355 74471.84769928113 2.3457594731700984
-187431.79371239396 59877.82297300345 2.334350854402223
-190361.20973803502 45107.4064214002 1.4806640840024223
-194360.81998644298 27109.759366687154 -0.31815206035596294
-196840.98420893232 9599.362585104569 2.2782276858795707
-199940.40330454166 -11275.265046028628 -3.093417627929659
-203615.44133352902 -32658.28140112761 3.1171659963897405
-208074.36888690357 -56192.532060635305 2.8938904962094307
-212059.7237536294 -80573.9161440479 2.946687655308546
-215592.09695636373 -105408.69153586192 -2.7612368843455415
-219001.47992818168 -131090.8470279003 -2.724968013217207
-222715.1894257032 -157861.25878573724 3.1368832667916684
-226495.06828177604 -185242.22437951394 -0.7607684604171415
-228071.96962793145 -203035.77098411712 -0.919872026051005
-230107.84258304656 -221763.63408311602 -2.8733352175151703
-232522.89675035333 -243052.23003556748 2.832827012547313
-233730.65449346614 -266013.9126984266 1.177101984665147
-236720.78580892703 -307171.559614319 1.426321264833532
-236951.27411315026 -314467.1715869445 2.3377299337813433
-239122.98083633505 -339274.80962586415 0.5650590927360186
-239580.18684190014 -366443.11342146306 0.966778242532304
-239510.31595760965 -382634.13757688913 -2.0669558525108123
-239627.0013780343 -430380.58298329427 -1.9334981590060585
-239190.69243554998 -504987.50908920536 0.5401657342814066
-238828.51029182723 -571216.6300729103 -0.2315884898873834
-236387.00572444458 -642731.8181689312 -2.2389275383364766
-235024.4259962064 -675651.70099851 1.5635041054684806
-235634.9153556361 -700594.8677815142 1.5623742440162822
-234332.5537656007 -726403.8374814981 -0.6003542550692553
-232693.5649323219 -761861.4887339832 0.6894924884024013
-230682.22387789356 -801840.8966555118 -1.1808023289816652
-228769.1561957001 -809123.7390400195 2.107143562090876
-227479.4960984487 -821303.4787044282 -0.7494916502467918
-226908.53281531186 -837401.5246870628 -1.0891150185172829
-226077.04336756477 -854301.0117797608 -0.7846354449497033
-226598.40631030255 -869637.3834429277 0.11940273117156527
-226995.42642536396 -882512.5892573326 0.23805917061033063
-223940.8258046357 -899237.751458917 0.2685197067596431
-224252.4047421214 -912741.3052820168 0.3056868280143028
-224693.118721991 -925874.4243105133 0.9418708059646206
-224183.37935603398 -939311.8545442985 0.5496310916619794
-223422.14999390775 -953493.3270202328 0.7457610735220085
-222236.58102028724 -967000.5849881348 -2.387070313007929
-221652.64101101184 -981650.3527345957 -1.8240267322628698
-221475.56856517395 -995436.2546281912 -2.3049483616836755
-221507.28635781302 -1009455.587493875 -2.6725448891061014
-220354.27199365917 -1024978.854535118 0.13270130175618078
-219807.61365538853 -1037893.4644870214 0.09958027136023138
-219078.0647473318 -1051686.4678586887 0.7774145065417813
-221686.54991175537 -1063422.1750359999 -0.7213310044682613
-208702.27309492344 -1064038.4889855902 -2.6841536636669834
-190783.4802887811 -1064516.0249379051 1.25899839331127
-178670.6317043395 -1065279.3461762776 -0.854288572040233
-165363.39625351626 -1066028.8456199933 -2.966811324020996
-114437.36484960544 -1069481.8186964318 -1.8283689173850217
-97745.1637320751 -1070168.8284094895 -1.2344733344779815
-92509.78932506894 -1070634.868555765 -1.9430417076306286
-87797.74677797052 -1070884.335133069 0.8689153395204391
-84441.51632179976 -1070894.4515957455 1.2227374552414245
-81138.32512072069 -1070881.202846189 1.150932846922492
-77663.30693598997 -1071177.6175487232 0.8477350511747304
-74543.95660325025 -1071385.608346099 1.5327479941813684
-71375.7850449679 -1071425.3983087929 2.327896712820582
-68823.49686476754 -1071496.9119548178 -0.7558002484807809
-66366.4287374788 -1071717.791861269 -3.117243195119643
-63948.0887698378 -1071808.84996173 -0.8525988788590811
-62492.65074207487 -1072094.3116067746 2.5229316164315865
-60642.646865950774 -1072508.6357373053 2.543663343918043
-58670.338803061 -1073283.259238674 1.3776417546880686
-58271.26862125908 -1073845.5821282086 1.3381693357921798
-60140.743510798595 -1076870.8065353015 0.86390705548064
-60942.311371781325 -1079364.8757126688 -0.8641827113972869
-66919.72557592369 -1102043.851016612 2.021188009355956
-79207.77810502745 -1136676.3814959489 -0.09376452844182807
-87779.14305840267 -1156784.7693273353 -0.16759001280923305
-95503.39726715474 -1155494.5033324156 -0.4196357814555966
-108274.62108927293 -1152791.498880867 -0.7776047303393131
-119895.80356120423 -1149053.0433581893 1.51967341664246
-126692.52929269323 -1148523.1436318236 0.38321892057149537
-126655.5665678703 -1148587.246004798 -0.11664771414570352
-126624.77186428354 -1148534.9303806308 0.381039446387843
-126612.06913773064 -1148547.357259418 -1.0418308131880096
-126684.02317709371 -1148574.6885767067 -0.8415229608371151
-126633.55085825424 -1148520.2048649986 -1.7955833597913735
-126599.75090339285 -1148485.522737292 -0.8352689182287174
-126634.58128218865 -1148554.5552935502 -0.8916420080162039
-126668.62710154173 -1148578.36448001 -0.7812070068421566
-126692.09795379502 -1148633.1025043824 -1.6785856417192437
-126759.03217598819 -1148698.667089207 -1.0547822501599948
-126813.29478583115 -1148763.3699601726 -1.9599554090509141
-126925.50424703638 -1148825.6411898304 -1.452016353699071
-127053.70242249951 -1148939.0405131183 -1.0421560377807706
-127144.90077394046 -1149053.8162390753 -1.4184775654203656
-127212.2080742108 -1149245.522133632 1.9950381197709786
-127131.29216608926 -1149165.0431710563 1.7604997537971443
-127013.7080626861 -1148714.6834882945 2.7102747880081304
-126772.98509603905 -1148117.1496399408 -1.8375932146209293
-126553.90692429236 -1147891.6835813276 1.0092621481827
-126745.05157099143 -1148180.00338705 0.7956208012504554
-126941.10123129151 -1148529.6279373772 0.08014002549815448
-126935.14349073637 -1148681.7887408203 -0.4022982633412481
-127103.30301580447 -1149059.123739949 -0.35008683117745437
-127138.10681064543 -1149565.680330607 -2.193557165654667
-126925.21575559198 -1149568.8658222011 2.7930463972320196
-126920.33570007738 -1150003.167948142 -0.10996720561440057
-127026.68384210546 -1150364.7685532374 0.016479818936701883
-126957.44860929168 -1150798.955484503 -3.1044977217250613
-127354.78625584728 -1151525.5060523457 0.021834779233134146
-127186.21345997145 -1153058.1305496322 0.3653399575211755
-126691.94598621357 -1155184.4530599106 -0.810694537020029
-125818.16823166682 -1160327.7092255931 -0.15738511593067106
-123757.23955805915 -1166875.60420925 0.7624476867079001
-119999.78878929422 -1173831.5427861281 -0.04129844594395033
-116904.16106530695 -1182956.7053469317 -2.956953788436203
-114112.54071776694 -1196970.2883651098 2.9018645754510026
-112085.72790252996 -1207893.4098661947 1.9293434063723376
-109627.59672213875 -1220207.2591069194 3.098917086877542
-109291.47199701586 -1234758.365969855 1.20825993634183
-107383.56070347273 -1241417.130676509 1.8954816868068174
-105238.28813839387 -1247900.0174073884 0.7579809298702943
-103347.15199768337 -1253341.3772439656 -2.8815362215688722
-100190.62025844597 -1261870.4938833874 2.5681234522467484
-98099.35498309621 -1270484.673451446 -1.254506343958656
-97468.59538572317 -1282156.1176156444 2.3289981871959498
-97807.23927443483 -1305089.9482643718 1.6547442945161879
-98314.01232912886 -1324533.0910004706 -0.9000223345799704
-99694.22451351627 -1344449.0577931681 2.8330626886388424
-104661.67411159679 -1372028.7020410486 2.32080989090774
-118728.74940576445 -1412707.347568896 2.921217749957542
-129738.82493369482 -1447586.717628558 1.5740737749655085
-177135.90274100474 -1559306.3514872785 0.8682815490333169
-248611.52108239394 -1729373.4446646327 -1.773004605627786
-350099.60913524724 -1917875.3044186828 -1.0676890681245181
-444271.42421241215 -2121731.9056041962 2.5648531596209065
-548483.6315353668 -2311592.4458360276 -1.1380689921356564
-585298.8650572748 -2392301.7378235073 -1.6682017780194907
-624656.7685953979 -2469007.9477916057 -1.7407774705093229
-673613.4019962021 -2538337.1441792715 -0.057088932201449866
-601363.3949417495 -2454477.4026693446 -2.667298695522162
-381234.03032411786 -2178717.179280251 2.8774227373907717
-84530.61380254356 -1878411.0681313826 2.6161705993942244
198311.47452306034 -1562688.8190580276 0.874969671283647
365058.4194261553 -1388430.0838832324 0.567999434450782
324078.19539149466 -1433192.4173880294 -2.379103062176399
76952.04912357169 -1689692.699769667 -1.012386228255472
-422524.677648569 -2176941.6877873517 1.5366387611957184
-1098735.4908899928 -2792985.875283547 -1.7762983606264562
-1857718.5235443963 -3443235.6734105563 -2.952030737478659
-2528633.089965609 -4008542.734374176 0.46176528119645877
-3022171.9705130644 -4424717.543749039 0.9652329863446998
-3205557.2534213117 -4589430.030550504 1.4270970761485717
-3388756.4882110017 -4765921.037819153 -1.7115078418126406
-3519137.0080407048 -4897399.69071714 -0.37427829643458077
-3668138.4447667054 -5040163.907286325 -1.605049431044357
-3856051.784900425 -5215363.609365432 -2.5514733935792493
-3675658.1314748917 -5390482.132078418 -0.40198150461134313
-3491230.277577668 -5567930.454054247 -1.1829838313060417
-3315536.8624760453 -5743855.324365645 -0.895224578555986
-3137360.5154220844 -5925125.41268491 -1.3277858961277564
-2957009.8383511687 -6108761.086201768 -1.3827812038360576
-2783120.7136790683 -6287081.954178039 -1.3004076654784504
-2597081.2205651756 -6469406.969680607 -1.4642413553023592
-2408113.0701217167 -6652253.923235025 -1.5946246744314307
-2211088.67502038 -6837866.835826679 -1.4777854336925067
-2032095.6581039876 -7019136.099482911 -2.3163762436154296
-1843002.5173779428 -7202808.293116221 1.2364527961495893
-1668721.7669528443 -7372667.697704229 3.0310428942372485
-1513529.4012673108 -7529671.597836178 -0.2752209815007715
-1320657.4777269824 -7728241.886523204 0.034467590913782306
-1124590.86660635 -7929351.161036666 -0.2657558950586291
-938312.400230051 -8131775.270546537 -0.2439920139574412
-737010.1112335802 -8336065.260418078 -0.06476375139110757
-548924.4751535113 -8542189.84907256 -0.1299082372087144
-353604.2719337179 -8744645.17772746 -0.06863816729425161
-157295.58011589048 -8939219.96759276 0.2532170092048926
40617.12923587767 -9145307.317538707 0.6893245064939432
220885.84551313252 -9335179.422396421 1.0273583885707394
390792.35071533965 -9517469.132041128 0.9420813645254382
568425.597829976 -9708331.598401768 1.2435784953873879
744775.0403517564 -9894844.166206839 1.1419647262806025
903974.6804256234 -10074040.062989274 1.2162403136775188
1091047.308129486 -10266781.54693753 0.8017046806985768
1273666.2869126475 -10463689.019252937 0.9074337904353507
1458068.7900432316 -10658595.180938048 0.9552943386922584
1620138.7698394598 -10835222.821369782 1.1339154297285277
1810758.7790000185 -11039423.06112754 0.806616282324295
1949972.1097812047 -11212586.461031917 0.3117558935771812
2113218.2924573054 -11390124.561915493 0.5610865630296105
2283748.9873607336 -11578208.785989547 0.5986580254969016
2427061.1748758005 -11743562.499683851 -1.8638091442978526
2588778.2819503807 -11914644.855677329 1.7796162959989539
2732168.4410700426 -12058204.899526132 1.9362732216479885
2846649.1473272415 -12186046.427899897 -1.0266737053036905
2968657.188662533 -12311568.275691764 -1.1767560254979976
3076058.3008748097 -12421396.450810079 -0.98751988094187
3171631.462910018 -12525607.11495145 -0.5991131229636428
3269787.7364658364 -12620869.820349718 -1.2379905627943364
3371957.352670242 -12718553.935246866 0.6125455796765147
3449071.6982998783 -12783606.34643117 -0.08553809652811571
3530860.425979427 -12851724.41118105 -0.3512988068057142
3601431.2558598486 -12906397.2211721 -0.12122077214016941
3646861.5123908296 -12935653.844398888 0.3867243703221005
3711390.9586673267 -12985406.235365842 1.1297910549316037
3761464.8668361907 -13017543.99890832 -0.727150395282127
3794312.7641897714 -13027121.239149224 1.1034095919045084
3792068.2114432473 -13020957.273169242 2.4249927848981585
3762251.885602097 -12999432.824193254 1.8634735611803248
3741591.0264636846 -13010096.172142757 -2.264646613082625
3696229.4477042262 -13020227.969690103 -1.7555649169552692
3656274.585950879 -13015224.233091304 0.8616494925747934
3670239.1429210985 -12982204.483539613 -0.4224989120418578
3690728.7955164975 -12965634.592346735 0.7318233362269334
3700907.2317154794 -12917575.403426096 1.7922737653632337
3723275.709591329 -12898370.372242663 1.674675900005003
3844077.9218086856 -13049764.030610373 3.061266461275399
3849204.358491608 -13056402.892007876 -1.3852826165209804
3878955.94066124 -13098629.510472456 2.2957300865793564
3887667.5781875816 -13112619.360302322 -0.7060962450133875
3887928.8602623376 -13111261.482455175 2.00106268922947
3888210.7925971346 -13108998.902878068 -2.03247538539562
3890196.9488175027 -13114769.224775963 0.5799017656162407
3908207.509796683 -13175429.845886491 2.3179900383322685
3976928.7600939646 -13258557.562465554 -1.3920971606989063
4754388.785277762 -13617388.603566147 0.6876117376829229
4837523.263479201 -13399056.713706758 0.6407548725702928
9267553.27574973 -13684029.014208436 -2.912386927884469
16744326.152242426 -8859519.049202587 -1.1697836093251768
11093536.570458295 15207366.413111802 -1.2253297506289584
9825358.843087593 11662534.794390136 -2.687129376202795
12751033.547270622 -1139900.7862099048 -2.5913894354422653
13287043.583166506 -2836917.865431319 -2.3996475570749074
13210256.88091478 -3173525.714093258 1.5874922256207984
12947154.03600843 -3247488.9057295104 2.3764966237375296
12465068.566704003 -3249603.1927480474 2.973580644502281
11690792.554887995 -3173387.493681357 1.8554973859369088
10612548.214700405 -2995087.3533099797 -1.3955859671314137
9457928.503148453 -2699834.950119833 1.5912047179798943
8672000.35883155 -2476069.249616542 -2.8428984936040056
8513911.824487457 -2410609.7070772815 -2.732657184427926
8427170.828477953 -2387036.4367581224 -1.1584869355694618
8319196.042974322 -2362543.061271856 -1.405113023091034
8306591.54352068 -2365193.374142409 -0.42873384602639736
8315887.470248529 -2361159.113200771 2.4207428166650513
8325625.571932255 -2367970.8177816523 -1.5391665091562539
8318530.543947104 -2361879.5762570645 0.08485527729612372
8312649.286015098 -2339611.2611412085 1.9037768694724517
8312489.22064384 -2326288.7265577232 0.6295531567647269
8301757.717381568 -2299539.422822973 -0.37828633734730205
8296982.5712933345 -2267434.1502504335 2.6339935922603925
8297369.74470469 -2240501.9938772125 -0.48860111016465946
8298223.6779288035 -2219470.570619153 0.3470661232136383
8300802.94474218 -2204041.4643150484 -2.3083775646374014
8300981.405073221 -2191519.085143183 0.2835361049639042
8295775.681848826 -2191350.298035303 -2.6665373664162604
8288192.58051864 -2197990.353572421 -0.7108258367251941
8270373.598608324 -2215094.478070674 -1.1137934381920016
8252218.3917841185 -2241585.809489312 1.2203104706375714
8226364.400257942 -2276431.1740401476 0.4961631639589228
8183115.6703561535 -2338705.9730691044 -2.316312245963018
8130993.094229588 -2410550.978701295 2.4066976513154112
8059957.960549839 -2499263.7566244616 0.051082326357656756
7938700.694627292 -2607108.2138904245 1.44646965678533
7880880.881312816 -2656144.4577566306 -0.8074729129520015
7837098.198219154 -2715585.994252364 -0.7807487139297965
7797328.332031228 -2764296.489160017 0.7292636484245333
7759450.401305847 -2742683.610264191 0.8575632676881193
7706341.921336345 -2716801.9909116165 0.9302964027263423
7646599.39356424 -2688348.7608980136 -2.714744423858392
7584444.510659856 -2654069.215434403 -2.3369287928743683
7514070.87767146 -2619279.195868716 -0.9969911153524766
7551971.446724388 -2549446.594172889 -2.534186861311622
7590290.476764566 -2475189.4325721497 3.0335936754242643
7648511.61744042 -2400402.6748193577 2.2450756699249226
7711570.811510234 -2325357.29594885 2.3613553553422566
7766086.922429752 -2241677.2304569497 3.0121020355064423
7849410.661344833 -2279841.21679901 0.5926893633820675
7928822.0183037305 -2322655.0996536342 0.650277220021356
8005344.7091006655 -2343713.6998019135 0.7642652986948053
8055312.802218364 -2365615.201541011 -0.4000034817753275
8143940.944121901 -2406941.628742912 0.30139836753727123
8177354.574178799 -2339523.4049590845 -3.049059884204008
8214987.2134881755 -2279560.680113491 3.0419533595946873
8245289.267635164 -2234896.4130511098 -2.3122743067576916
8272441.963065628 -2212466.893553749 -1.5358441135370533
8287876.51985707 -2197355.129633226 -2.927983803220796
8296835.966825028 -2190987.505249731 -2.800406805912483
8301013.212773787 -2192145.75890499 -2.199863180301961
8301001.263311839 -2204986.231467663 2.430923328863364
8299488.917286092 -2220694.5097606494 2.673498763271683
8296821.961458943 -2241469.46991908 2.8068999912781774
8298699.132122967 -2264543.505353556 1.1027567089612094
8299567.627539925 -2292597.6494668345 -0.5079828883224627
8302910.561195004 -2318061.4349207394 -2.013018976071338
8309536.980498587 -2340864.7824469917 2.8501715179887026
8319425.476862884 -2364432.7554355124 -1.8228820882948482
8322349.618503767 -2373978.958869426 -2.210821503495361
8359695.395728142 -2373294.4185751188 1.6683321145949788
8429734.993243009 -2364604.5461297575 -1.2693811022674748
8488986.74142755 -2380264.192482788 -1.6610214812447592
8502370.24887992 -2405105.670944733 2.553116256358691
8521053.872533048 -2431371.7029975224 2.2697859711451485
8530425.182500461 -2430203.5216168985 -1.7769096117260936
8532039.21952131 -2382346.833453223 2.5235608557830624
8472731.051592879 -2243726.4875441277 -2.22418247615573
8410093.230667822 -2062720.4148461288 -0.6969474117955013
8360230.906146849 -1821440.5354438466 -2.913202701318894
8404483.539389173 -1279354.1016298146 2.058654044017625
8838091.376026418 -193880.09496889444 -3.112625631883423
9225597.664625727 1869733.0460883183 1.4009699643966738
9755856.653411059 3831724.785500295 0.9367497320317945
10636369.689465111 5745069.117453813 1.2748148203914071
9799229.578048516 14441361.053756693 -0.5202616869692529
6823233.101160064 20129252.82478445 0.7248256744522279
3775258.5129445395 30465657.406221617 1.7986023593085587
-84967701.42034537 55690757.548546866 0.8123866501407105
-513796845.90324694 159256705.73082414 1.0828365018370576
51529157.31005332 -8831470.623246973 1.5153380239220706
-2107545.202446744 10752080.450399518 1.063795841649462
-49636834.78831341 63531517.513886824 1.8157320292734798
-31039245.50293162 55781238.537151396 1.8310574488949816
-2205823.390221547 31039242.68378748 2.707968911666421
12610113.554336607 27014355.11150738 -1.1656393011742092
8295063.014932877 6800531.322273458 1.9469931224148305
6018066.630438152 1758719.326968803 2.2856626212621087
5192268.527649238 -547437.1745129853 2.0327960545697357
5188596.312031999 -1413476.1527420126 -2.017856978143114
4049821.5086504463 -3111714.5287060454 1.077712600418491
2821581.711171665 -6225661.765141415 0.8447231484282645
2069435.9097077944 -7701594.484497897 0.5479873188906813
1752587.4537984906 -8719475.387235282 -2.5234360954170465
1196253.7203422666 -9004183.630440716 -2.0467457601331467
595042.4267531832 -8871203.563836213 0.7621037928345601
915.766345032258 -8671257.967966637 -3.0133529540526096
-628357.5381881245 -8360346.207875405 -1.8460092932392649
-851955.4167136254 -8290600.869168573 2.357107121807331
-850088.8506645103 -8510622.828504907 1.2410348570295873
-795557.9191039156 -8670466.653731922 -0.4452054386196111
-609927.5046516089 -8969741.428611256 -2.585740898188954
-425447.0189008925 -9016507.57567761 2.9412676813330614
-330188.7658285318 -8960280.841352127 2.945010431377919
-156311.60870296624 -8832754.78787114 -2.715993564136837
277599.4871608545 -8869251.684422005 -0.7080813879366196
568705.0845535762 -8889789.48508973 -2.775784046766115
694423.5566595367 -8886181.188772267 2.366022870988794
722025.2326989272 -8889122.693031263 1.307636113872188
690954.2359933527 -8886854.959015546 -2.733229407804148
645235.781131625 -8895375.149098633 -0.2976458283356409
548532.4292845658 -8921573.978159068 -2.8912941154115965
416607.0368408615 -8968542.588405855 -1.4078356892481485
318961.0857438231 -9009633.66549689 -2.522730859011435
383412.02979876735 -8966636.916784653 2.9273076708124375
747719.0657571894 -8702834.323413903 -2.4982690296407184
1469309.5675915063 -8055734.054667929 1.8557931724381127
1355642.4380677112 -7047325.919339654 1.4715305910120833
1361054.5671092914 -7048400.702534171 1.1952674873762807
1345877.7399297543 -7092010.252210199 -3.0055666237833067
2000652.8875448206 -6878051.346299626 -0.6575586574911286
2531116.9658453846 -6706110.39251569 0.202750887349183
2356464.77217511 -6396757.935170061 -0.5666561889070403
2126619.876227567 -6105362.976492935 -0.8176979795427529
1873291.9399570448 -5811945.745541635 -0.7308863838397432
2045084.7073045997 -5424194.7826428125 -2.3325136012669945
1571797.522693936 -4896913.99927821 1.1889436458735587
1189537.5796736984 -4465127.486682467 -2.4349740100321404
903949.8918972987 -4158654.050218345 2.0198386336908287
657170.9666971605 -3867322.1799418535 -1.1841508378635601
497536.1525281125 -3687625.979594198 -0.9419720229871024
437831.3738894978 -3624909.6627239343 2.600358154599653
382131.8684998602 -3543122.6101251696 -1.4611971557189947
325576.1257166086 -3479857.571014678 -1.3764566610609066
267382.71980395203 -3413701.1710083797 0.06954957446732124
227419.9927855709 -3388939.4205795955 -1.3119668766989034
191916.35151251784 -3364918.3143089307 0.5769168097828915
155568.69756512094 -3340612.3586753993 -0.515112875678758
133313.8125991702 -3322748.702589776 -2.888217714015856
104421.9404845813 -3302878.5109788817 -0.01264047715425048
83665.09588846537 -3275358.9901547697 2.2584668940831936
22792.709402788823 -3236967.143448747 1.3311051511016174
-42662.70030223696 -3200648.903555607 2.0875024793420156
-107183.70422656667 -3162249.9278172688 1.4924621643577234
-175353.61176311597 -3122716.3262338415 -2.0424932752297598
-242645.67213068227 -3084815.0235504857 -2.760356223770016
-319016.6606797348 -3056970.8697787276 2.871079017377958
-393958.18948992854 -3010768.6218011966 -3.058324846196195
-455527.2606276983 -2963481.546770085 -1.3054871305271682
-406645.26710945717 -2880171.490311044 1.204397212748177
-371723.7557637608 -2803253.82663404 0.9807532707016501
-337839.9146105645 -2720572.3717871183 0.3632063856351955
-303047.7304028539 -2640294.1342290384 0.9959618796807163
-261801.1995593682 -2559568.7875751713 0.8049853002254141
-233296.33838177656 -2480334.236715643 -0.2376354070767053
-198861.5618757041 -2389364.397771435 -2.8374358447671932
-173926.40611017324 -2307864.6530302847 -3.0393649622155703
-154460.54634892507 -2217349.2175301635 0.08281003280221381
-136451.46523312922 -2142300.3126348597 -0.2831660233704549
-117093.29566518925 -2065547.7178482488 -0.12707839107533986
-97571.59205810537 -1995560.2189710152 2.451124516574769
-78402.60969986866 -1910409.1981498671 2.8083255259184976
-60031.59058898875 -1824216.8632285919 -0.42209363055855054
-47588.74129409769 -1750127.5038942937 1.4786921552161867
-41977.72654016747 -1677176.6106284729 -1.80710181486577
-35091.206609920795 -1591077.999338302 0.10007857420860215
-25402.673829646526 -1498397.3557869385 0.4713507288436608
-16263.80502890137 -1398435.2837362273 0.7900339324547021
-8859.644653965064 -1312610.5980276836 -0.8411862175879681
-2326.473096669826 -1250136.340322723 0.07705007788265676
-5007.084860407915 -1215348.7349219443 0.19214872695064944
-6031.054362735813 -1180039.0020613957 -2.2716490719870492
-7491.116974068507 -1151289.5239719974 -0.5231186672587189
-11363.93317931734 -1123588.853479622 -0.6422969866664187
11384.654831271808 -1120451.1128757233 -1.2323117267140036
34022.755710450154 -1118080.2466164231 -2.1043284263445434
60660.53868297827 -1114868.9972048851 -1.3924160736462448
91105.34207219578 -1119477.9787683547 -0.9584095422592382
124193.59840324635 -1117877.05258284 -2.133929289179484
152864.8597926511 -1113506.0753417436 -2.6914734608398403
180846.49519941368 -1108453.2318799815 -0.5687631353603704
196998.75781353598 -1105270.9650084726 -2.6995850785003017
218016.37657502602 -1100852.8656609955 -1.210787940917571
235257.38662019995 -1090096.1814697601 -1.2922670557503833
247594.7450933771 -1073911.1174449902 1.6181347343591992
243919.65420941252 -1080220.7834682688 1.1992014300720937
235741.9333385545 -1100311.7440055644 2.6340180604372105
226901.7994487096 -1130769.898479196 -1.2755881519001468
215329.18450415702 -1173120.843198046 2.656372088024163
202230.07211250515 -1237217.188043652 2.059510136471314
161984.2676114532 -1300301.0111705977 1.522092530427726
150871.36664405992 -1380021.7792880088 1.3269908395347623
154522.32149372995 -1548778.8572460893 -1.8027380995512003
158370.5409223321 -1634267.3729801779 1.633757189771244
158109.39430170134 -1639802.8311676406 3.060342601492276
153826.17400886054 -1566789.5551625758 1.9643067334506752
145936.88941474896 -1427422.7119304093 -0.1928549791030406
133965.5825225307 -1233618.1258555518 2.9898988415479772
122234.7751923193 -1020389.5545967895 -2.0720092468988227
106582.55887262206 -795557.8818470621 -2.610826597780178
115993.76054626016 -671731.5582898125 -2.6599573365535876
98771.22144716009 -488500.14419910597 2.0487486092947687
80973.91002070178 -279130.8058977772 0.9524011853170428
69095.65167353788 -90140.92492863268 -1.7265611177429683
56755.862364331915 62381.17680092468 -1.5622258890646872
55967.35200970284 132763.12767805683 -0.806714861859007
48746.74588819243 196407.55330526698 -2.176723411392238
33844.016164625595 353694.00830357056 -1.7759950623318026
20744.569594190652 421538.1074625912 1.0439473689352516
22862.194529229844 348772.5818131025 1.6315682796159667
1986.7779469815014 503298.30874754064 -0.2174874195434078
-2789.571389648906 521494.04303806665 -2.1372526666719454
872.3947667460843 330233.6693570292 -2.5463028833064585
2953.099609832165 182976.09140921544 -2.1215359252666413
2111.195313261715 125535.14037797606 2.221135986516898
3026.2120825259863 83923.91179963155 1.9829583852053085
6217.761927042309 41478.247537573414 0.9664432357825813
7203.204547429182 28195.410462433818 3.059193248713668
4380.662350339408 25069.160740693485 2.265709850394079
6382.03858685292 15627.388118195286 2.225333242991463
2500.489973892988 15084.020024221842 1.8547745509720506
7400.892197954177 2385.4470614023626 -2.3780330555969793
4296.018665719756 -969.0999003573252 -2.3621290051839523
230.16382780584598 -2908.890210806785 -0.74177860451491
-7280.706501685861 -5021.361116646733 -2.0573033150882303
-12554.682294826902 -13989.655958938156 -1.0621995380959712
-14272.224830792078 -26641.64763683025 -1.208636846802605
-20396.080933727924 -14053.353744890259 -1.431226905530077
-24412.57437961173 -7538.814642440563 -0.5895350090486794
-27405.293994757427 -4738.368471650204 0.6771024222670092
-27869.046986536923 -2980.83819550229 -2.6826420512277167
-17585.83712960057 -3770.9209441433045 2.842123793285218
4330.075493096988 -9016.116718508463 -0.4993556059928463
25593.221960250594 -16814.84414484551 -0.011216923420885351
38696.901477206615 -23020.94768816887 0.3005316575494474
42448.01939321726 -25326.967752508906 -0.2481399449730735
45497.12463368397 -27567.624474902663 2.149508580505379
53042.25511045893 -41494.66425283479 -0.07270771843717692
53552.078950231626 -52762.439280077066 -0.9498618696083071
54630.09310910425 -65081.60364442055 2.1359101092735604
56216.849144075924 -79980.90880624582 2.438734144170658
62976.6798144462 -124746.51046788329 3.012301542265301
68694.5945847985 -137514.00937090124 2.5223106563029725
70293.47655108238 -143794.57711787964 0.9579006164801217
98686.40514294124 -129054.64419851782 3.0702488804978083
136874.80714171438 -94875.41028319481 0.8916024225603844
177240.43762822886 -33704.54552651772 0.9321518329424392
219775.3995486217 49320.01102534658 0.3605782917122959
282676.55183130805 106783.1738407492 0.2898059528889054
390415.5552947427 178739.34222980755 0.3749590126470387
493275.26324847096 254133.46553256168 2.2719898676129384
573752.1148649198 412195.965759513 -0.2584690777143641
681456.4505631722 527126.6299062074 -1.5139269418736605
808034.1015869627 639011.6905990266 -1.5296842373827753
954438.192518944 717572.3049445907 1.9416280989057977
1073142.5920478778 896975.3784640048 -1.086834160866566
1221447.238867456 1038467.1710643672 -0.38759644480970357
1385074.7189549594 1197399.8229115866 -2.150956302705064
1557766.2734085463 1362351.9342432118 -1.6957376107762365
1759207.4001725388 1239863.866491303 2.53945031514599
1984720.1627702347 1117610.1636400241 2.5365601778629174
2282758.4852677323 974072.2723543588 -2.2146436447522087
2543137.5257402775 830668.4125976168 -0.29019179655239186
2845486.1076534516 650297.4973171932 0.5256042074607906
3049938.257118976 531297.6890927115 2.7284610072826663
3363829.4991487055 347021.3586279609 -0.1014281707002025
4034363.1511999522 -67404.4218532746 -0.49696473240795713
4256116.368187019 -318601.4570012074 -1.1145666398001604
4497897.178726328 -581143.8563276825 -1.1046112887314528
4745438.601751453 -895825.5710814507 -2.8386501856203292
5099794.803216015 -1374623.478812013 -2.3341429289608215
5526037.51053341 -2032702.9077322157 -1.4114500885379468
5879083.620034995 -2575038.9564326275 -1.311281803213957
6083656.489336417 -2867738.4600096974 -1.7089080627304702
6183125.219986703 -3107992.1987433494 -1.5600575808124475
6237845.885513071 -3339079.819374643 -2.0974212264889096
6499851.9799009375 -3621253.900312227 2.3667713454003616
6697465.212126257 -3820571.9017348243 1.448935714203593
6915273.109295706 -3962237.485326423 1.9377093354851986
7121376.180189579 -4001383.5676260167 0.9551338086497888
7123868.729882359 -4102170.3836288564 0.046634007567375596
7129008.101666403 -4129296.6523633394 2.207257502715526
7130430.078232385 -4087366.2396976827 2.4764610400342155
7128782.453831664 -4005023.7738513034 2.9350845879435234
7124373.292825574 -3912415.4491348034 1.4705344398870313
7123587.224738012 -3827106.7662784434 -0.41430211355732777
7126835.644484936 -3763490.489479774 1.566525982627664
7136097.404214791 -3735457.022727449 -0.9860328542307195
7149535.340442419 -3750085.5795603236 1.424424035085916
7191568.78845345 -3782894.8785760077 0.8473943313584245
7207847.837756835 -3798168.416076182 -1.0301339363730775
7205690.357969096 -3797719.676206218 -1.018058064518183
7205853.181967585 -3791437.431911943 2.0760285472277418
7202523.695624836 -3769208.108650457 1.131030262404238
7202149.32148524 -3742103.817470584 -2.7796288855881985
7198345.191496854 -3733831.051582549 -2.5684928604746577
7199911.115577596 -3716349.1604701127 1.9015422062003566
7194863.783372056 -3713629.0330347163 1.8983003973693664
7209331.65571542 -3683273.38049364 -1.4958531828010602
7247603.496643875 -3639271.8238957534 2.949836531857067
7358706.423798472 -3547459.2289557615 -1.3546760372484359
7543650.769919727 -3400678.553562017 1.635669727012921
7674449.5805739 -3292679.791042745 -0.8427617950515923
7772853.8708053315 -3195467.3386989315 -3.0177498341814464
7811411.489236513 -3139940.3593747653 -1.1862492381707748
7817362.99499217 -3109713.35293154 0.8476759168989435
7853285.25248976 -3035303.377795442 -2.215972414167612
7815762.879948636 -3052531.160798515 1.3357904125662732
7734402.291613903 -3059968.1319569824 1.9666972584749374
7757896.434658837 -2964225.10710891 -2.746529734757171
7827610.239331548 -2875390.3762586717 0.4045430236314966
7874496.992875264 -2849710.2738199527 -2.3933563632883823
7897840.868228467 -2837973.535144352 -2.54017683997554
7890206.345357107 -2840366.273321102 1.0161425306922713
7888567.985631281 -2831423.574498895 1.2791012992836857
7872605.530568216 -2819739.1867380803 2.5103276722123136
7858260.7127276445 -2800101.834408935 -0.39237255287309
7826476.763598433 -2783410.831244369 -2.1265880565049957
7797574.785633773 -2763803.537367423 -1.6714076431917706
7761475.88381442 -2741463.6626407723 -1.8400987988866555
7717662.141588147 -2720541.138999123 1.7129926416591976
7653475.761662092 -2692593.8354427414 2.1052825091883793
7583141.88738965 -2660473.4466500925 -1.061927543169106
7512269.733414747 -2626244.194645096 -1.2846213570084732
7555221.257370595 -2550002.2242937055 2.5502746740103484
7598395.439371303 -2473579.740627838 3.016976124818374
7659180.49939163 -2394142.4778179843 -2.599968572973186
7714431.551293683 -2319674.9285600665 2.5114511957527172
7766313.017868461 -2242026.5429835394 2.340444100620879
7680015.842495437 -2193664.4528004876 -2.1720430674902733
7588410.381957815 -2144807.305975792 -2.1516823352401877
7500897.456550735 -2085366.4561025344 -2.29473367053743
7412205.772182895 -2028093.1320644242 -2.475713604394392
7325659.508871377 -1971645.1032584424 -2.6851157732074733
7276109.880982444 -2056314.4877988347 -1.2315432080708195
7234311.437956137 -2142534.050566202 -1.2567598455889524
7186244.682404702 -2226456.285798459 -1.19388464727787
7136946.782027901 -2314424.4848137586 -1.0133903204901689
7087737.276986507 -2399542.855069978 -0.6930857009571607
7176112.141074717 -2450308.118740906 1.1937280989873265
7264205.08747037 -2499069.881128527 1.532481386007511
7351767.786838633 -2539418.4619376417 1.8726224086928662
7434196.449742998 -2583950.1865126835 2.285589204039399
7510523.241219462 -2621626.0756915305 0.4204882170040562
7581769.428361505 -2657602.621604266 0.7359700421185774
7647005.618399029 -2690157.9943178887 2.5519878003823453
7707886.407010352 -2718238.270978381 1.59882643289377
7759492.069097225 -2743499.9882481275 0.9309490691729049
7797572.204196378 -2765617.517198618 2.2866997965641427
7828772.257895963 -2782883.0682040923 3.1142216000596608
7858922.349675418 -2798512.322903959 -0.878058281400776
7876918.390401254 -2814334.409476241 -0.8346636769590844
7893829.317121152 -2828368.236715934 -0.20570503609817586
7906186.867722975 -2837693.0145387836 -2.7874293004068718
7897003.004984238 -2849131.2643398233 -2.490703388962054
7873509.53610738 -2863159.8567769825 2.536380502862157
7854538.0804200005 -2878823.8621590678 -2.212848288745631
7770633.77935963 -2956985.853303355 -1.6114653900412075
7736895.644737312 -3030749.5640574503 -0.4394064955711805
7700930.676531483 -3114791.5761733837 0.70471017002271
7670172.376418683 -3271939.004098296 -1.1506668231896524
7598480.228100647 -3481002.0070340396 -2.604417020187506
7520425.528525024 -3738709.4166872376 1.9428055746052975
7519111.225842857 -3964686.234790694 -0.5842058675549106
7518454.794113798 -4199455.878732285 -2.0658645463865217
7530559.011427327 -4273455.169151531 -2.6999282446058555
7532268.430860348 -4138653.758426108 1.0672848034369162
7551647.498787792 -4028863.4495073874 -2.025035585333169
7473381.357907665 -3800136.5759108276 0.5946486462068217
7472769.359422405 -3532518.6066834345 -0.7028285623858105
7454758.448796227 -3223101.4491778305 0.5485766861738264
7404117.055166716 -2858511.092211607 0.12279384124538686
7275337.56130725 -2391168.929499138 -2.3382361046136
7095677.9758251915 -1910606.149419152 -2.7093876867188227
6865889.634909878 -1391626.176460321 -0.9530177186974227
6637774.589032933 -894222.8655634703 -0.7654517266531065
6464024.989277642 -336981.41050695145 -0.25699267316304747
6201245.541007313 120604.34008201068 1.0849510331259133
5945441.472448563 544508.3714259277 -1.6825269236340674
5700937.709476163 933312.3416105274 -1.6894934820937428
5466357.034436694 1332564.3061132866 -2.9914634403351146
5219566.73951218 1677316.7476279992 -1.8222027623674772
5009426.437696866 1959814.215274532 -2.0214841634323424
4797567.152977311 2212708.349265135 -0.4080907253432823
4611986.398328709 2429086.532105834 -1.2554561945196805
4413904.852538827 2648058.276792807 -0.6832660722594779
4227012.38805195 2839634.2900788295 -0.4385335732361927
4048241.8110216595 3015882.3909273404 0.15596750700637468
3866427.519010958 3150868.4241586295 0.2484880023637002
3705912.9108770625 3265288.3580815773 0.08576893307070696
3553014.777942602 3355798.8725539325 1.6704022472235631
3423888.1196982334 3420618.9095347943 3.1031431346804803
3298042.8648446403 3476150.3489329387 1.8704927159649098
3176281.71231856 3523279.1621473087 0.2623022561077818
3062789.2356134094 3569023.3955092393 1.433327065236533
2937768.7678148737 3604602.2031221353 1.4746534020982338
2815970.1873581843 3627496.578368417 -1.5290932221361306
2688321.6540435576 3641060.363084739 -0.3529544677299587
2556368.7224043673 3646987.280159277 2.5756470612900677
2461846.651525459 3646585.368938754 3.07257273090043
2388378.7734086495 3656349.11349213 -1.7674248605183986
2316277.591354552 3641715.0092907464 -1.060991146948373
2274020.1700103143 3648051.3523138063 2.809609629049357
2225985.7805140913 3644388.348399844 -1.134803093980961
2196302.0547467642 3582985.1795601393 1.006964061934605
2156205.732959795 3534672.2265595775 1.9746270210833077
2112053.8811132256 3479198.731853768 -0.8496329364784644
2054701.9609235872 3385281.0898663388 0.6059408968184045
2000731.3360717832 3292113.2215786446 -0.784630213558064
1965008.6191731445 3227153.3685465655 1.42168792279642
1924813.4850907652 3146246.418521819 0.7215394208328844
1863708.720619594 3054198.2656721347 0.4667374859158505
1774419.929980819 2940779.914547801 0.4923034924042018
1683450.8754486297 2777662.699819828 -0.057774598097234536
1564801.6359567032 2598828.3980045365 2.368622746871025
1465874.0103062969 2439187.3441843647 1.8590088213631255
1310897.6320018838 2265193.573883659 1.5075359817037097
1236770.0432980505 2126947.033472267 3.0293012939035284
1145740.2776932397 1993180.5645373445 2.638723994186764
1030827.5619370433 1808671.8937213586 -0.565158888358731
909521.2167274712 1647691.4731227364 1.7265352013037174
782882.9200404476 1500200.931894667 2.618695328108232
683065.4588298857 1379859.8243298642 1.7114635954273165
595853.5094431231 1269052.1509469028 0.9631374344832591
505231.29167716374 1154900.0029295476 -1.4260852387785015
416000.2429537871 1025894.3198354619 -1.1691733953589438
347051.0211439587 886910.3344521344 1.7173651570631323
272167.9987926858 723513.1299101072 1.5462897224503038
229115.4125364322 623251.33968944 0.09896510581834968
198238.3077807005 550616.9918012233 2.591155138807659
134393.6852464978 456469.7072421419 -1.4303038778427077
61805.338829919645 384147.0844557833 0.41588674260616326
37356.1154922786 354882.7276702056 -1.0856251051009727
12482.610008720883 324998.4281604476 0.6061358163883405
-17231.267433967627 273021.902185658 2.3840049555866827
-26913.651506168513 250650.5652326588 -1.6530545594158452
-21076.11756559552 219301.8623112016 2.4343880857373077
-17731.09819671066 219402.78165664207 -0.5275630063109011
-15141.63285769607 221901.09368084258 -1.1548229502596068
-13374.713625044757 224913.7974975513 -2.5836687423569966
-11512.234377929306 224674.04791555103 1.9019752970515105
-11226.648119180583 220033.13193431278 2.952208025630601
-8385.869819134607 214626.34748564282 2.237106785025936
-4485.632039589521 203367.45467165695 2.7449766373215083
-2789.3714952959067 184055.14076998597 1.724856827045073
-2781.327329792005 157453.2021776345 0.9035801541576354
810.9546112613543 133362.65693792523 -0.8691364574426058
-3137.1757968730403 109475.04732372022 0.15289757633616127
-14303.471501447653 101168.18751542359 1.945383782925049
-5284.670217131404 112093.24342439206 -2.879150297763963
-938.6043043636669 118417.9103944399 2.796888158950709
-3817.1735704189127 126513.83113450924 2.140058721666561
-6765.018508154892 134055.26025947803 1.8632871990845017
-4159.288496009144 139838.80793664558 -1.178611635388
-5817.824466793239 164736.4539732514 -2.3069274724715405
-7564.416428343978 188638.2687054911 0.7731402105208132
-8083.435200140737 202816.53884575207 2.9429679256406978
-8153.452713609767 203105.3983653006 2.213488699079243
-8442.178641927843 202466.0058247307 2.12503198197988
-9030.125502015871 200769.75400787123 -3.0843054894363977
-9783.246611792074 198284.71049289807 -0.8453764347819788
-6540.469846575914 193874.58999704703 -2.348717547046298
-5234.66176948301 194826.71814576729 -1.6805299245297496
-3069.009347210961 202423.80469454618 -2.997265278212553
-1028.6885459588339 211644.75209345116 1.1026169944982944
4214.087274114341 224375.812789037 2.621755842317462
13098.155352820453 242986.53107210886 -2.63486693652241
27960.609421174453 272742.9645714306 -2.048484460325746
47165.74152714119 318511.728666831 1.6670160983137154
71361.96487999492 381312.56235440524 1.8985116108591638
93109.4634350916 450656.5734249631 1.794736449470286
131029.98615896136 537902.1929308163 -2.3875553745682945
171592.51631467728 657346.4530688806 -1.7601600293762192
197931.16885757702 776599.9519231943 -0.7547059106989272
287670.5929753384 757673.2153077612 -0.8971189491088878
357387.8403926611 760723.9026253332 3.0737224510557954
387169.93282475893 774179.6781541844 1.0693871826510517
387559.1376090032 793589.658988796 2.4737444082919895
376833.8410230328 815929.7295144917 -2.8341823054937
373454.625414014 836795.7731800056 0.44241413147873804
400686.15663920465 847174.6837411422 -3.001890063771419
480433.46253224276 838332.6393267536 2.8313557335084076
620481.0780460287 763272.5379579699 -2.025981478851196
790988.7665868681 667617.1522279389 -2.8683248559117613
958215.1258834635 573575.3863182656 -2.6487790145717
1144944.6918245058 508942.27433798765 3.1380001693003523
1357955.4316995689 467088.96322813566 -2.649366037612219
1548641.6466915887 394538.62556015316 -2.074108019680311
1733120.1635197888 259439.48630582428 -1.6229630955571694
1934368.0107325325 106483.90264828422 -1.767317400930072
2250674.534186385 -18168.477566288493 1.8817360338459634
2712233.8324595112 -253035.325980972 -0.2716203192957186
3049934.387372092 -571766.3029944805 2.6415250271136625
3352145.572142556 -856408.0909249969 2.156614847012435
3617289.3316373127 -1166943.7236619974 1.449486640011121
3991673.169416923 -1710187.5847336017 1.2969627668716648
4676879.427618541 -2328522.2547608605 0.13248245217305468
5351748.551700147 -2752462.024058322 -0.41413936948003216
5813949.39019907 -3001797.2051371713 2.527918875900217
6215481.665536044 -3098230.767479802 2.5597754527172603
6764673.100901851 -3079840.9266076204 -1.0056570477939182
7571777.03329388 -3114133.4173780684 -1.4773522470338822
7884971.5257238345 -3025102.8755678097 2.793767337140485
7935435.427270636 -2964923.839831173 0.5832843515699484
7983242.07885723 -2919243.163550973 -2.421071016213227
8035272.24468178 -2973452.252788297 1.7691969497966462
8059928.022622584 -2910570.4519582917 -2.5047858327462618
8106548.331129514 -2840166.098263049 -1.205487530658661
8129552.791378611 -2736610.135569704 1.3574818967945148
8172479.968784884 -2619772.8352586515 2.159797332353812
8235373.323406855 -2484371.9663229114 0.4921236733868236
8288878.536310184 -2373185.9567844174 2.636484377168531
8314389.576138291 -2301641.849626187 -1.9049346176862278
8377422.184850187 -2213557.4117441247 0.31586141684788416
8410479.15970635 -2164889.0563577195 1.5010969293952365
8669245.607101608 -1961242.538531639 -2.9029526742697778
8690547.792241331 -1963800.3721956292 -1.032653362589093
8549585.79903623 -2066686.4723233287 -2.0236507402074966
8427076.015842339 -2124934.2419070965 -3.1271176392654816
8323779.830215562 -2223159.158242642 -0.149354845902271
8244987.8635799 -2345518.852545854 -0.0470117753779285
8289059.713240713 -2386442.352598848 2.6541883824480133
8345319.590726269 -2424892.3271910823 -1.849764146490178
8466756.87384777 -2370132.1099771275 2.3918166364927127
8560881.058308326 -2331740.3475201325 2.213652941283779
8653043.87978201 -2435312.7218975467 -1.7375994622561441
8749536.642842159 -2490565.95167946 -1.2458924968596194
8915708.207063379 -2091135.1067760638 1.8031851922342974
9101553.652769651 -1855350.6576215308 -0.6095624107251635
8945912.637915201 -1916893.8993132133 2.6625258945669974
8794812.246774418 -1866769.6074089974 2.600481737258067
8658389.45457873 -1809126.0446235712 -0.5898558081343614
8569742.545161925 -1765574.0300314385 -3.0739436676358665
8522061.5964054 -1770112.5182654206 -1.0770822687467885
8498696.287166564 -1779607.8967602623 -2.63641146633888
8481554.911246631 -1769078.9509689906 -0.05153598050597673
8476036.249600347 -1770609.4320383382 -0.9538493000689966
8472094.39407148 -1788445.750286448 -1.4575212647667168
8465534.262993133 -1819856.9384139616 -0.27751165552239804
8453962.82563584 -1870234.950678807 0.4337012165966483
8410096.229517996 -1885236.1521155296 -2.2991327511166344
8348907.273386337 -1983042.7130495063 -2.426517606519993
8251800.709316869 -2062789.2005626992 -2.722345900220387
8165626.433062082 -2119989.2142054746 1.1861809229909193
8090451.110083071 -2161743.1085678716 0.3396985779028395
7986633.369864806 -2146055.8059184374 -0.3908068098406732
7885099.438189707 -2091397.331939709 -0.5281873017056005
7821213.08381028 -2162716.74723654 -0.33855752531700145
7767210.043051851 -2244151.494551356 -0.5892565857455286
7715681.672127132 -2322685.77047856 -0.41245850501135595
7662567.7894807635 -2409517.640703305 -0.8455164456378956
7606274.190725465 -2479676.929543591 0.8427981643052233
7552849.306058143 -2549632.5671733846 -0.6481108854787565
7509859.773422839 -2621080.48328707 -0.37282259886536323
7583932.9153529685 -2660665.932346803 0.2579670840952272
7654473.229327461 -2693833.342541419 -2.7195980400406414
7717346.371461392 -2722767.924289224 2.1890722041503916
7764081.024535754 -2745253.85583087 0.4134806037406994
7806224.155930696 -2765719.1395113477 2.4271517751887193
7839133.828893186 -2783590.28798486 -1.4257663179779134
7871766.913105527 -2802068.235931533 1.3396869657459605
7884212.214674365 -2816809.1793932538 3.0968392746574733
7897382.268717494 -2827681.4471973865 -0.7818125668599671
7910704.615051876 -2834483.711137966 -2.104990182795566
7907934.426263571 -2819519.154336271 2.9906592648704007
7926673.636619547 -2795444.349840872 2.6791779446755966
7961381.995050856 -2755521.7927666074 2.483379254946154
8015193.875926669 -2702014.3589735897 -2.600412766363675
8079835.992460157 -2635930.309986004 2.937588834729786
8138320.954814044 -2564848.250974343 0.4021148269085362
8204370.352501512 -2485048.7927982416 2.116124129564731
8277120.947002406 -2403685.075588364 -1.8513620997845508
8355308.242608783 -2315529.268616383 -2.861652550346847
8402531.4775361 -2259320.291199631 1.880582373018661
8432917.957005508 -2217722.4480384816 3.045729280974668
8462077.867474012 -2182689.8943070644 -1.134706491550633
8470259.77049905 -2188193.017343872 -1.1657281029513256
8466572.904649395 -2215343.928081228 -2.6919216808985076
8464368.345845861 -2232093.077524995 -1.53544483175707
8464185.126324479 -2252483.574100159 -2.387731944948565
8465862.834719565 -2287177.3143682186 0.18654593141574244
8470839.109601758 -2332223.9462569966 -3.0453193928737825
8480656.035051253 -2375273.1906735525 2.5701588083684688
8495342.636314994 -2394922.319173485 2.6341096524027416
8522155.872667456 -2433018.9084094255 0.26830672000522876
8533997.987668261 -2426725.273282077 -2.2813383858260394
8527344.161285665 -2361871.563031633 -2.275477141929549
8490863.720205303 -2234891.8589803968 0.4925247032117242
8459010.879543671 -2044934.9829525398 -1.8589334802357282
8466070.160514008 -1797780.5514549213 -2.98068851707832
8381420.849599889 -1540510.0343954647 1.0653957192436523
8740695.27483995 -292542.6138923681 0.39529879205588075
8774595.743091246 1916132.120363638 0.8857352490394333
8581307.998258246 6129197.502357923 2.5638668411026915
10752602.581264324 5500866.452724379 2.492358188944344
14410368.132165508 4472060.215462065 2.915000556456102
16774018.14376753 4208791.723125386 1.6162951259334974
13992433.759858904 5169794.716780412 -2.0088553511890113
16297945.945144821 22085766.88427019 0.718297639680883
18668001.367424954 38233708.315307304 2.876603035412644
-71996375.67443731 86580066.64296293 2.758556478119618
-38744987.97471302 116803827.86569865 1.4372565959618666
2940013.35676793 75770484.18813881 -1.1469375667711892
-21682205.767849594 64113914.919801414 -1.956022455974003
-28020933.28750359 60748805.49073239 -1.2490443253180785
1728843.1761118025 26276880.821606413 1.4616766458221957
7229076.565859719 4852063.0037250845 -0.8936051720649004
6172935.631044225 1953157.2706206816 -0.9171737346565755
5116285.599015259 -462330.2388802371 1.7131798058121421
4591537.289340899 -2204523.0742072742 -3.07547533209468
3967026.9462810736 -3354229.5300047793 -1.4143826814857765
2951429.1973904436 -5453475.441391182 -0.677603738022317
2865316.6514325873 -6241472.832460168 2.076565434100007
2501026.3328178176 -7963824.023809209 2.5978438599395215
1814596.421049582 -10132370.841159778 2.873579554834747
1657347.9990929833 -10491411.306092244 -0.3335354731936921
1552437.9395814447 -10832201.061026359 1.2870041047101362
1483512.686769567 -11276084.838402625 -2.102710019900989
1431577.642659212 -11660846.312899882 2.7186968188606895
990699.6273845914 -11573181.696668508 -0.6906779372334685
492248.29354793794 -11463069.90072473 2.5921324154730443
-44898.192062244576 -11369599.747917866 -0.9249130521732356
-375681.35809017555 -10563740.457300263 2.0495902226399965
-613870.0596467523 -9754088.200855663 -1.3252045802236492
-651097.669867269 -9273736.397385318 1.4924285051069406
-641665.4828672468 -8885695.918388575 2.521191404126531
-581114.7677925043 -8371209.959813688 3.0800423336405744
-726278.2537409898 -7495042.370653029 0.10099143238924413
-772525.0412131182 -6443430.921441409 2.251196281990045
-731777.2197982371 -5350340.454090464 0.005073924818909529
-629760.7344633222 -4295878.25119888 -1.076527267645424
-537726.4805374919 -3358663.7151127853 -1.84434087137257
-449901.0036249324 -2593493.9174282574 -0.5928586915067849
-371900.2300483893 -2014442.307630296 -1.8006157109681145
-314091.6799346281 -1551049.9709714714 2.971791905068487
-269703.89952946594 -1147813.698207965 0.8218694556282863
-245817.77793717245 -754690.6591753069 0.5421024862003676
-245178.52571252928 -399876.1781464005 -3.072506941771551
-185272.5357732419 -352513.9854813768 1.9312656865131643
-142339.94472258774 -314490.1630361603 0.331604168315687
-133279.53367371563 -281189.35410300014 3.1388361315607325
-105767.3124703351 -216227.0983440414 -3.14038861741917
-56665.041966610785 -122543.2123100172 2.0563759462269404
-10955.95758084465 -33928.49269254602 0.6211227386115306
14019.24468641532 24287.764766662116 2.189218068524202
21625.621577237063 48224.468832262675 2.28875985230692
14658.930028959188 41811.156443987245 -2.840086940463573
6630.13043815015 29008.398695479576 -2.1325597309727784
5705.491438318845 23822.0417501802 -2.341874705882259
5023.7547516664745 20529.061093538552 -0.9189645878026924
4501.811866610594 17494.278980467105 -2.7491577172763138
2913.5045428177473 11887.07094092862 0.2156381934736978
2712.7007673676 8435.539843435094 3.080405052058292
2301.7872349384634 5471.116906377094 -0.8692503124363209
1945.81121034725 5718.803994863727 -0.8701751729634448
667.4781114896545 2059.0517882976 2.572024946865211
-250.16630706078746 -134.03851338243902 -1.6604112153885504
25.660831063725997 713.3027688259011 2.865058836632197
298.83955020714916 1206.1497127321413 -0.5357033301056501
628.8169384908829 1655.7995505183194 -2.8860174829386187
1073.4116375036251 2395.7876433935257 0.18025442263545874
1683.727789287516 3963.2979235100684 -0.6315622975817496
3367.1669910171886 7176.04450178185 -3.1377269765314946
5289.967019955258 10206.694453424798 -1.748912235445392
6748.885669272943 11252.053002490238 -1.8641688825534348
8427.55799386478 13582.61512131342 2.12414659002716
10024.184425018168 15457.625310930925 2.0043197285797176
11738.096926974398 15657.376805565995 -2.079251573725228
13437.472718804069 16582.66111794946 1.250028076379445
15751.420546766136 17296.534153566085 2.335281683543176
17197.856918286463 18725.94806526746 3.123112567945791
19957.387243920326 20933.73853332122 -0.15208438221127363
22775.192762689385 22516.07689916511 1.7852962082228376
27163.360069037426 22308.610660246257 2.2249475723086785
31641.249614053406 22369.942604788022 2.422324836858253
38048.33302154352 23902.74752850065 -1.151283897180875
48404.480413162215 26515.92701477459 -2.8283180895106286
60066.634331921756 29001.51222754568 2.8787599310350105
64827.90588022851 26483.63247355186 -2.797899287676282
98623.18825445611 37739.29830757353 2.1663693385495186
174298.51601216427 67779.88095327711 -2.05959756290246
278680.03942533553 103481.4538368471 -0.7070298382192876
326288.0686863132 105221.37429654069 -2.331072017620726
368908.956105824 102216.23485533945 -0.4077307579279021
379803.64027049113 98751.24990495946 0.07219654019573381
390999.58914707025 97127.06748749029 -0.41023436739252295
384548.48731828894 90348.1319192839 1.6954982789841597
367524.9718567438 76620.54093598426 -0.15688404095156666
340208.0879083618 56058.88434846698 -0.9536030576332714
306669.40535336116 32775.94898066102 1.3222146805526418
268810.21589110495 11261.646687693026 1.8238078461455276
242501.93386572224 -1213.615898094141 0.4799993516953037
231362.3353133317 -4469.155348963192 -0.8261454813259391
218916.05191104035 -7405.0596344059595 0.2374759387988985
203485.5319044303 -10379.7753264324 -0.40910347219443804
187745.176486577 -13750.70327016943 -2.2468149155213926
170981.57861955572 -16993.82165418802 1.678234971107429
151084.54309223537 -20488.982753899618 0.9970827338345322
125091.6572715322 -21928.908161012507 1.4488788539700892
96655.05554506782 -18664.426543218564 1.3487484810933779
64570.81222471594 -16198.596282698943 2.353478228746535
27507.933894507874 -12889.659160280244 1.2201147233912215
-74159.19678325378 -393.35760840333546 -1.1683695597103174
-87920.8499211303 -608.7407977444909 -1.095054064656463
-88266.49604648328 -24842.335754578227 1.2353300828044782
-90760.94010890921 -48310.49435273697 1.4236832107165713
-92485.74823915398 -71462.72459409469 1.2808160012075376
-94960.25897523004 -94712.93505011077 0.6334811606173568
-97371.51047677214 -119813.82530246957 0.8149301358638346
-100337.16560353622 -145676.98651360295 0.7060599418362054
-103060.28325556518 -175601.45141441983 -0.3670580976143013
-101714.61330579726 -193567.01193266414 -2.8310726236197414
-103290.7987766558 -212864.77257446348 -1.7900565241742679
-104590.26239317501 -230436.13063593427 -1.7164252552324404
-106184.89085449882 -249997.37835667245 -2.4702346762218683
-107564.07948237134 -270769.5353505692 2.5712051712870894
-108932.64681665748 -294516.45501673856 1.4218673345159965
-109658.34065386906 -320104.423868001 1.1838194286047996
-110351.45866016536 -346627.8568689664 1.7871920943496762
-135256.3563879821 -343430.9116088387 0.36717962643851265
-155083.91920171853 -343587.8939441277 0.7111596677342187
-196681.67413799564 -339464.92708971916 1.1947828767270459
-215405.8105459274 -339604.4642826843 0.045714588380398796
-238752.88836545908 -337571.0964462692 0.544361190828214
-237267.4133227036 -313920.72704691975 1.8432259429975415
-235436.03860065446 -291092.17720908043 -2.39526205033094
-233389.1919438618 -264209.5299097641 0.7197882196458533
-231744.299327946 -242782.02191280798 -0.08578332187658926
-230159.1737734806 -220432.70452273678 -0.695452269977443
-229398.09500212746 -213441.1738067232 0.5454108752418138
-225925.27738875977 -184949.32740066943 0.7816009422078289
-221824.97736149843 -157016.93419173214 -0.07525484200419351
-218952.068272205 -131230.45002889223 -0.5824919443081816
-215893.5872414105 -105247.68915151754 0.31139886082738777
-212306.4386715925 -80496.09320496296 0.6288885780987109
-206901.47647232446 -56626.97944150946 -0.5047851625405742
-204456.0895407519 -33782.4837767799 -0.28898509175441167
-201054.51041301567 -11420.550158077325 -0.038696167557423174
-197204.33427547742 10018.333548827533 -1.905329081852888
-175346.73069468647 8155.412109753461 -2.7291615054528666
-155105.2075000173 5351.467842666238 -3.053497431974849
-133366.11180296706 2743.782705406865 -0.9966341662860031
-104737.57071789635 1948.9847734748782 2.982113034218365
-89176.02037771548 463.65481981304856 2.9375050125754463
-91346.4363138667 -27486.16213213345 1.1081390257006356
-92156.86570731083 -56130.96679607985 -2.773404541572553
-93107.3420198951 -70245.61210440427 1.1157807063157676
-95000.46515380984 -94730.69025899464 1.0228087190668966
-97644.92717980527 -119297.2373224562 1.1021445725452768
-100119.30867650526 -144507.32793508796 1.2313353778667315
-101995.25463716849 -173138.56086698818 -1.7958833521550481
-103333.99069075543 -192314.5478922481 2.3552177035585156
-103620.97437194508 -212816.9140987579 -1.648371371294994
-104421.88171677008 -231271.3069890198 -2.6677671029663528
-104332.28892486928 -251026.45935004918 -2.4485966918497297
-107083.24649410974 -271145.06539345614 -2.438538936584985
-107194.29393054126 -293737.2226396025 -1.5560063687482522
-108416.5099236528 -315722.2838304445 -0.21147495744599581
-111080.33297616568 -344520.1708372406 -0.3054340849885149
-109915.5902426017 -377409.70086407824 2.1017809023400646
-104266.78445088958 -415110.34824677947 -0.2198265250362659
-106403.20056861253 -448108.5740894873 -0.18899016279783715
-109701.0089796014 -478942.70276612265 -0.3897885413609906
-109160.91223495128 -510319.6989632235 -0.6265028647004471
-107532.81692416285 -540231.2623668278 -1.0860148835649945
-105064.99432216503 -561843.4096872533 -0.5585326871263598
-103853.4435157832 -589102.0443110248 3.068073233450261
-102885.98360567281 -621392.2000228611 0.35361554268126355
-103128.66250781677 -636281.415496624 1.6090308844497878
-101811.80741313129 -634807.5469499194 -2.2185193140519366
-95489.19367281237 -658673.7104579232 -1.646119842735616
-103428.55856722181 -670679.6272949291 3.127805707359874
-105050.7280668313 -688910.6711444041 -0.21425314990990116
-104075.63967976917 -688474.6469549283 0.1557258878246573
-112236.62144585767 -704546.455752268 -0.02005502318255952
-111304.29899314439 -725939.5176890518 0.19098926022712845
-111060.63852413389 -992812.6069194499 -0.14964608100036647
-118154.20753272326 -1279014.8995495352 -0.5816405914180509
-97779.45034590652 -1036487.9718119432 2.8345093843011986
-143937.95751810016 -1025722.4172653487 3.046585379923272
-171917.44298170888 -1016317.0703224407 0.4929188291237243
-181499.69856241296 -1008536.6415059206 0.36764275985788225
-167632.52031232696 -1004426.3830539724 -2.665867865799285
-134933.2844251307 -1002810.2471230073 0.14633690644319358
-98428.58067419671 -1003000.1264717389 1.9005955878044418
-73007.85727590193 -1000731.0226986154 -1.2979806594146657
-66167.76847314078 -994303.288344894 2.3001110775094085
-76841.91046811058 -988221.7724508792 1.0058027898911073
-59849.06554337949 -990344.5680357979 1.523265569704549
-40794.42236605091 -991034.4024450766 -0.9022318873808209
-19901.73157710753 -991689.8964580039 -0.04781902999685019
1540.9862338784733 -991298.2082433755 2.47205818958095
24087.45309513813 -991244.585052637 -1.5298319880897933
46455.22025637916 -991564.6174659245 0.523839171320302
70578.41754761589 -992526.2839446932 2.311304146081275
94585.25741204126 -992979.0672934392 -2.44508423439855
118939.74415071681 -992623.1142633323 -1.2261729281710665
143409.52737873196 -993145.6773919812 -0.3015291952206173
169209.45033162597 -993145.085217103 0.28885211186793236
194169.00392833404 -994238.8606064173 0.5535038267871072
220776.81207965975 -994490.0340794452 0.4885415199510237
248113.77198196566 -996118.9812589559 0.0920430979121361
276329.9152336663 -996772.9372692538 -0.6434018617836172
306530.09260546573 -997162.4930561493 -1.7408304345931318
309477.34259162535 -965914.8960549553 -1.2264854209568714
310967.7151941036 -934136.1558227638 -2.241960361181608
312822.0139309666 -900259.8797615197 3.071063330236747
313769.5187065999 -864145.300791542 2.1582592336134865
315293.30449434207 -827554.6733424147 1.2772460781119839
316907.6805746668 -790422.8276515814 0.4419252934265253
319283.27917125507 -751247.1455300268 -0.3396807678697992
321707.5399159296 -712480.2799110166 -1.082984415039301
321583.9499741658 -674035.3120014078 -1.7702043867020893
323659.76980901917 -633160.1618489844 -2.406579854196986
324832.1005365755 -593978.2110811544 -2.998594406722533
326059.85152350727 -554481.0710148524 2.75685736503033
326179.99769175425 -514275.7806802842 2.27907733503554
326014.93807667954 -474646.43666242826 1.871079452777549
326617.32560689753 -435338.58350309485 1.4978801971397013
326212.8130729897 -395904.3793201405 1.170896823866685
326875.91826225223 -357790.6558554459 0.9026855022216808
327060.46629007393 -319841.9970563396 0.6849764117553827
327205.1579741953 -283475.03889302665 0.5119445011448163
327529.70167783485 -247444.28569642306 0.37150709148600963
294591.7191210098 -246361.01870413029 2.08979604830839
262683.0938127894 -245734.85558833723 2.5077057613841456
232325.60202644256 -243970.1808267928 -3.1151947512884584
202075.2834938528 -243202.43901660354 -2.202820660803179
173035.21300489313 -243096.548748252 -1.015887280972231
144288.47668756312 -242507.88572781367 0.4145125274582189
116894.71527500014 -241318.47169211815 2.1083526543064286
90561.16428828718 -241756.58726839285 -2.2104817961704173
65610.13253481798 -241250.47554127214 0.022665735666237537
41698.60842488132 -241568.32372818963 2.538195156835793
20093.08226756409 -241109.18964031085 -0.9580103815106783
-1128.4065583579868 -241081.41860779913 2.141970496860108
-19182.00578002136 -239903.11334523253 2.152614604695284
-36103.21455153798 -240119.75248011813 2.0798848318117775
-54658.46526115404 -239660.06358518772 2.075457388163423
-52634.63427834942 -261614.27870793382 -3.117782913446217
-55430.322436830844 -322829.2835310235 -0.08253814636623066
-58725.98084073328 -383572.1624560283 -2.6027435838610407
-58983.21370379921 -449345.85057883797 2.011327207987226
-58640.78562304986 -517272.2906988126 -2.3934486976804026
-60287.46110635792 -582076.7686947639 3.0319213972785897
-61810.17494039728 -635644.0738507136 0.33765430645057576
-60433.50993966987 -694076.7936557395 0.04112101564341615
-61875.07035194763 -810016.0547396095 2.3694562457752775
-62060.073171480835 -818967.1188699596 2.8664671310129095
-61692.79893371879 -826110.621436477 1.6791826927425106
-60444.00585531172 -824370.9049015503 -0.5881607960483752
-59514.043261307386 -857365.5286908357 -0.7519648088603486
-59074.40440856915 -880741.7501197071 -0.649136796073552
-59129.27132664863 -902003.5836427481 2.5257790026649354
-59951.38322111225 -916940.5394413059 2.0479902769981515
-59533.28069252949 -931544.7222528391 1.3905807668808918
-60246.11987273438 -949983.3900539941 -0.6773409752749799
-60792.23572615601 -964446.7058848442 -2.544200890760462
-60474.46559486242 -990245.3518600967 -1.5149544266461255
-59555.69587019757 -1007609.345879171 1.4133474911276718
-60140.27494603912 -1024451.8276574296 1.0445286022450722
-62320.5471080997 -1032729.2105507778 2.390423144621217
-59417.19513277601 -1042686.2327712894 0.7860854076782914
-62779.06107024859 -1049355.7908054932 1.5191079598335817
-64287.30461332947 -1056926.1747451038 -2.0044283491298587
-65622.32039346089 -1062728.3240554705 2.822628425911552
-66316.53520449971 -1066673.0394603014 2.9397018646230992
-66499.89433111226 -1069873.1956618195 -0.32029321156021173
-66940.26803117222 -1071888.7013868494 0.9415442853737107
-69264.0814470876 -1071668.4229472585 2.766599087685799
-72155.74932743725 -1071573.8918553116 1.3181886467006894
-74765.79515486499 -1071316.8234179073 -0.5141428918654326
-77649.48278794909 -1071160.6657902393 -1.72739156655949
-81042.31539520228 -1070782.9741544884 -2.15311120442151
-81070.91364724665 -1066898.3155244032 -2.7649837581003998
-81012.45631745757 -1062875.5716080177 2.1123001117712135
-80890.42175564604 -1058528.6696831016 1.9893983555372423
-81653.67321905008 -1053498.6322797672 -1.740466830349787
-82321.34507887436 -1049338.1601514805 -1.2637550698368272
-82178.64568655554 -1049369.7200453745 -2.8388271406032417
-81832.89705523662 -1049222.3895584715 0.8266673255215921
-78668.98683329904 -1049004.6834311031 2.959680557969663
-72917.71572082289 -1048795.3364674791 2.996605482443933
-70021.53840285071 -1047661.8694700361 -2.895077818826306
-46366.27483049322 -1053232.058535105 3.077440674223469
-43994.776906034764 -1053130.9859741419 -3.0348148205278673
-39336.637257432856 -1054511.191060991 2.5395596657622743
-35850.03798664261 -1055944.5208263965 0.9528492931620177
-35869.61150447425 -1056190.5734193982 0.2569052302971436
-37125.3954565968 -1056021.77434532 0.9922970638808699
-39168.40996988418 -1055472.2985846815 -0.14297574717427886
-41336.58152073306 -1054526.301365564 0.046141114806877125
-43821.60679093216 -1053730.875651921 0.528752046833592
-45756.54340835696 -1052569.608015884 1.28315467924549
-47818.80642715688 -1051845.3047837962 2.2148352419116697
-49810.5091795198 -1051078.3624285895 1.1544735665583983
-52069.61409833252 -1050276.4969105946 0.6724929011096816
-54533.36484828181 -1049431.2553319712 1.1801599107487215
-56689.520619216346 -1048281.394850128 1.6973372555645472
-59791.56882451693 -1046906.5693180219 1.9646916854680585
-63803.1396175313 -1045567.7740020166 1.3182324775961378
-68700.5797576968 -1044215.477642433 -0.5121806748004041
-74058.05828542307 -1042981.6966919877 2.0028345633168354
-79073.00118651948 -1042171.7023182594 3.01065188905611
-83659.41764101389 -1040909.2282320817 2.7698345688556785
-88221.25132372667 -1039612.3493850327 2.0441625349257766
-92668.88236627114 -1038576.8257592784 2.4477492183693923
-93175.9264232968 -1038641.6951389655 -0.3620635028029527
-91220.09379262828 -1039461.3012916789 -2.2872109478676945
-90394.42767714013 -1037690.3406203109 -1.5680904248064298
-89802.17448505588 -1034715.7722027123 -0.6937386997474613
-88448.60768191151 -1030846.8253653223 -0.50271751700609
-86925.28464367715 -1026056.7469701653 -1.7606797030659602
-85248.27522500651 -1019984.3339348478 1.1617878099797332
-83141.48168463669 -1011156.9671085392 0.891007105947023
-81058.9578396334 -999392.8556193435 -2.3033622406346543
-78171.57704154178 -982467.9598033885 -2.8520095846777
-73036.18151841071 -957524.9765983779 -2.478895766158717
-65311.0126012746 -911296.5730065294 -0.658319958098903
-57649.36376694596 -858780.9457415286 -0.29779066750080907
-50496.91347526399 -803892.1319245868 0.3398998047337387
-41350.47509530406 -734942.7422442439 0.1960897091906789
-31826.914188680094 -664292.9238664919 1.150158373961695
-28363.10993850574 -612183.2059193179 -2.4153584053676855
-24957.495281711635 -563223.247508011 -2.1529561000847113
-20763.42046432745 -509576.85423905 1.0603728833565684
-15962.585649932036 -460096.10824672494 2.9036768753095155
-11531.099097473245 -411308.3889247624 -1.9222773709474816
-9850.94513035494 -382108.4743629122 0.6422922430357956
-10240.560763923379 -356890.1054920857 2.6924812256769646
-9740.530326444288 -344085.00575506914 2.0176809493310857
-8502.26530565343 -330076.13639101264 -2.4909879265510435
-8676.512671075987 -319008.2044229132 2.150284065270921
-8522.283989004998 -307521.7594161419 -0.36008987549006877
-7176.164423654453 -291501.99389575096 -1.2944700293814497
-6651.060727395019 -273967.6320609762 0.5140574931600779
-17251.060933286484 -372523.1948545897 -0.012294883653057158
-26826.11342326505 -398752.70692552853 3.1027741065118577
-24918.58117151985 -384870.74346138805 -1.5249145497926853
-20096.423299454742 -327191.4818680752 2.2033053301612515
-22428.95894110205 -263596.53355997754 2.1819703338760097
-12626.582101980017 -170857.18196516798 0.8514903587152707
-2486.592216378537 -98969.09808235617 -0.13869306092692865
7144.513544171351 -45630.669844134405 -1.7543173771678282
11632.463770248924 -10991.5476298121 -2.6411628756803713
13025.1032576897 8042.496983329602 -2.6894335082862475
13460.509682739932 12103.086888271264 -2.667474386929378
13624.681327981745 18258.87297084659 -1.6693535784804405
13406.576488396893 16013.568930424432 -2.131041450743006
13559.235062976222 14014.063048904709 -2.108772489561187
13858.140678614249 12298.7679577166 -0.856633786456009
14146.186961260364 11277.210105470238 -2.750334443071207
14778.929271624624 10208.622458331221 1.4959842189837647
15154.382312719337 10512.73395699213 2.4337751093023443
15689.627729543194 11531.637778764463 2.6743034693658174
16068.903518598034 13443.95925122011 0.9580833865866285
15053.814546090054 16951.50017503082 -1.5058601452876623
11125.006245443108 32366.121771261638 2.189393039801406
-123.72214484806273 75320.31974672085 0.9187060555231501
-6106.251939773917 113423.39787911085 -2.909135825198982
-4970.360171420043 140925.9586783645 -2.6442571517439037
-2161.4397414454866 166995.85521800545 0.523457238487468
-1034.0969653390885 185410.63247094775 1.8473116311755218
-1351.8568190136853 203030.85102028667 -3.110056611981362
-5961.44699223298 219503.66358899116 2.6544532268453755
-7521.797143146582 222937.61488998448 0.2260030114427602
-10860.445110875908 226720.02805692455 0.3180432303734862
-12860.612907257437 224203.4811491922 2.0033470033587872
-15185.815414532488 221511.48691825545 3.096879787064687
-17675.251840106543 222308.95220687444 1.5359644782556796
-21008.617770957953 227068.85651973492 -1.615413487732518
-19529.055698253178 237777.14677880774 -0.6821001583282548
-22848.874960877245 267068.7945051095 0.18094329972152548
-27343.159194782085 294281.2190656731 0.20341833632356265
-28763.294760125842 297578.1257727105 1.964753508996235
-47729.12227753038 316223.7373190907 0.4087223627664692
-61650.66092675588 334690.31712707394 0.7003569492764596
-14053.614651467014 327857.81396979775 2.0886060237662
34664.72774057482 316166.3443030297 2.5797156362263443
86279.46616401615 303379.9048220224 2.2513822201805587
97159.71541895045 275467.8570404404 2.6038382868068433
91428.98024500145 251900.07493497976 -0.8539858079124404
79988.98231684286 231667.49807777157 1.5155456673355572
91809.62667477812 225738.1510503151 0.6518594850629477
104689.40001716682 219119.4928914253 1.8917864877144346
112082.37449994449 207582.40038252829 -2.920091881877788
136498.92402747966 185648.2675046285 1.3320241870021028
181427.99448021382 152748.15228078305 -1.9506931515428358
261685.58867009293 120777.23707931417 -0.7985279898933144
203340.7328470395 42220.106909905466 -2.9214946140676443
172489.32578717027 -38000.508013226485 -2.2391826793463587
121532.23649207166 -95589.3251082792 1.6762127250706507
109692.35894984734 -119827.91730166192 2.129294373017806
67957.57908078587 -140339.56648909088 1.4038183250770635
62720.91729773898 -126305.41514004572 -0.5041971735501096
49376.341260644236 -101957.84201935513 -2.215974407660288
49860.1650760202 -78950.96891022369 1.1953875082278174
51631.52742704119 -63138.40292944516 1.2639440412861758
53813.58194481177 -53147.73617051409 1.7252184681854459
61581.28308875608 -52191.99811491408 -1.4308038164370858
72767.08039360544 -52451.3514405162 1.9216435022098046
88678.67739891763 -49999.07066561499 -2.3685451961945096
97878.18341399993 -29661.251684595016 -1.58340992997151
95178.40707574015 688.5717427375932 -0.5035304526404013
77012.70193799982 41857.14710741394 -1.7851773370937563
47237.12584828731 90794.16555722753 1.1515569808689297
17344.177350216512 138510.1685752289 -3.124882117242023
-2474.95477237831 177484.21201351925 -0.46353770786991505
-8288.304904405735 201089.06847120434 2.938690246758627
-4987.914885118016 205090.09869970503 -3.054525019375209
-5386.381336612981 211691.5066515328 1.4160770504084312
-6218.8363135712525 215720.6151745499 1.0134903465580631
-6355.464327974847 215931.99783725137 1.4390974138266788
-9535.347486705066 213434.90118163003 1.3365287457139172
-15429.219547850982 210721.88091438616 -2.546353957223081
-21267.365162405986 202430.3091592645 2.395348465659749
-23665.055913789784 196452.30007677633 1.068648666759323
-17579.846498457588 196256.7642694723 -2.8814527460308694
-8899.793321955643 195980.11016407874 -0.39716115858558376
8247.528335639003 195459.55560794694 0.9219726202143329
25635.254002781163 196527.00405053035 -1.329705258177418
76177.25289967567 197392.98315681858 -1.0560201657059407
148326.96217219703 191002.04406277477 0.3142250164076193
227173.3923377546 184473.67137370605 2.75604958286781
293608.27616472397 175357.85936610284 -0.8563747701444516
349290.8232057973 170191.64733729893 0.7141231636066241
380626.0083783854 167419.6328351589 1.9345161801957935
378514.2457377294 167356.55703690433 1.0749279506240488
376699.0190648605 167267.94124788404 -1.0942804615030632
372159.97881316574 166824.7374949596 -2.868655940180634
362267.1327577875 169253.3925548969 -0.729951210711539
340183.23226926796 174459.39120833596 -1.5788340206193474
308717.5083805608 182127.856527296 2.457216592453747
274241.51311208477 191109.8406275602 -2.2504839881842664
244278.84152280088 196772.99692503148 -1.0758999043220485
219997.6076345514 203448.30649906007 -0.5821334844975087
206947.48850898517 207221.96805410588 0.7586135820637626
206353.99505350797 208986.73428333527 -2.8301067769766
204102.22331077405 210608.78932020912 -2.911117227726305
204181.62220714465 212747.33175633074 -1.4872705064641627
204333.4801414598 213414.36288133787 2.30381288874964
206148.48414896303 214287.66475310473 -0.13249113589206266
205228.52472522896 213026.98201834646 -2.078864230116223
204778.97813335748 213942.80003385575 -0.8680411328231025
206988.69792745044 220481.66085012772 0.31964138993497726
211562.01207196666 235356.32505685443 -2.1269968120821567
218905.97168489316 258284.0998691621 1.7879694314377674
234298.911950255 312702.9217773433 2.6040924277142667
260055.64404257946 402076.401969405 -1.8390911675052977
282682.78239326266 486924.55046529864 1.1065411421239977
330047.0896189948 607082.2585086393 2.2667016977177092
386767.08648954536 747205.8250884365 -0.6624023953305547
437849.40001751337 883767.0127026512 0.8595195771019025
480495.88716428616 1019015.564430049 -0.36875303225487105
519984.3925203779 1139234.2672697438 -2.958475005416835
550083.0114372559 1228700.1783967502 0.7980992567946358
578634.7795429745 1299533.8533090912 1.3316050009823481
583718.7733758601 1355233.8585643298 0.12480741857834719
583454.3241583344 1408306.714577889 -2.714196986887741
598372.6921067311 1458624.598327638 2.0231666094981122
620028.062116308 1531395.2823226752 -1.9736486656512828
633533.1308048548 1604564.3301083357 -1.0957712654008056
658214.2092269255 1668853.2422798106 2.3731472995374925
688792.2452254192 1743195.2655009988 -0.13826635061917528
707343.221035967 1841088.9053026063 -0.7863463248737856
772240.929375436 1980009.2829659067 -1.6609081700340593
830662.9467600223 2171839.9296097043 -0.6423080243494712
941000.5153544183 2481933.4408359216 1.326214171850269
1055439.6737628363 2817169.176760449 -2.295298417342546
1151213.1770911901 3081914.2125771744 1.1729208083494664
1192648.6778765263 3205494.3799797264 -1.5455332272060054
1190459.3679558968 3204423.327261522 1.8263206021206964
1197943.3871085837 3190293.597303033 -1.6905489296568135
1209087.242671771 3223255.3509501996 1.0100671507299723
1145342.3537071114 3242527.930294943 2.995699001154142
1055534.5457638274 3267992.4354173006 2.743259269734648
916869.6458314959 3307667.245793807 3.0126135543010175
763242.7138494605 3348469.2463366976 -0.3016141843162738
670737.410285694 3372261.3934798464 0.05394395436272195
582433.3295846187 3394040.545039417 0.9012598486640834
650193.2333192626 3371513.0606800276 -0.87860921053461
645739.2399064521 3372831.8331274954 1.40483100174237
620938.9423687535 3379232.9195873262 2.992164518173118
617793.8229054752 3379127.696496192 1.0004673753573081
621838.3245370555 3376322.47640646 0.6064815872582856
634785.4706351139 3370347.4015387036 0.32784623103164057
645850.1381801949 3362368.46074511 -1.855657304367777
618867.5028154383 3356883.955685466 0.2104016776143102
500508.2893288966 3376486.279282655 1.0670012119875085
464552.80523849407 3232547.381733574 2.9369884607843066
422770.93152816646 3090287.71382408 1.802028523092848
389980.04427833646 2927063.461840927 3.0163964162940426
354408.2797903754 2759843.3561014896 -2.7334080708916515
316518.75261956936 2584849.990565463 -1.7288222697695277
280865.55325419933 2429550.2652997496 2.0710654553442347
243072.12123353456 2238377.825750502 2.2223295420754483
216686.26683766666 2107386.8896445837 1.8621252361571436
194029.83269565908 1972967.135876029 2.8654633151552407
175795.82689789197 1870084.4203176254 0.018746855114383357
155392.12696863484 1783399.0338131802 -1.5416103302155812
139638.75158871702 1697115.3318522905 0.8078503281170577
124921.67521747222 1615288.070364874 0.8304114622071568
116406.31016399266 1533015.4783077147 -2.605761463937064
108160.2212100973 1459768.425398424 2.3014502383206246
101911.51040064622 1379192.7365150466 -3.0271219360776183
80409.33925285115 1295103.6558768353 -2.046330397779382
82154.79231280043 1199653.7327460092 -2.208592843654767
64713.84252149931 1106936.6859342146 -1.9983196688514542
50252.52190750827 1013473.5325715519 0.4948936416297969
43623.64366297456 908397.8053653261 3.1128727104290186
48005.28533658001 796745.2651647268 1.042662261458937
47055.12544240408 691800.2755451035 2.3371523394294815
38778.70727719859 611410.7494501905 -0.3681414122272573
28561.149410209233 535709.2318653684 -0.590518444486334
25040.363364076744 470849.99548430654 2.0502850164315665
36643.30563287329 402075.0565183052 -0.5423081745065237
43278.54540858767 365761.6680905334 2.7941362750518213
47903.37681164989 346194.68336108135 -2.802628677042264
51483.51171575313 341246.92660022783 0.8777942009881836
61241.57261482473 331265.92584048625 2.4628630491650663
61427.47471025185 332536.4143294749 1.465387225949426
64889.19043713987 332553.62043665576 0.6984283750953164
60815.769007324576 331983.84530165495 -2.48525299175846
50902.15303024654 331525.6515502124 2.833181582527713
21240.77989523385 329054.55544442113 -0.007045392983472624
-2530.9083725658797 312810.9511475613 -2.0203567481111433
-24674.07307494942 294466.95959312975 -1.582789440944662
-48715.228707611706 269931.1871671689 -0.13969348086565628
-77717.42244793594 245146.8741746793 2.2541988867647977
-95330.70587394359 211314.30703381088 -0.6306586259309177
-132562.7129168981 171506.8360820531 -0.3519026667728638
-158213.55317132198 128228.16841823113 -2.6142990598956284
-178825.4761281863 96466.13788526693 1.2105023162978374
-184845.2281398564 79257.8460240835 1.346180021622776
-185335.63179500177 74564.0825766253 -2.60543983335011
-187593.46856033968 62332.427026524056 -2.9523645422586227
-189601.73456171594 47691.652220997414 0.24385181427913505
-192652.72841033907 27404.89954470244 -1.843590320583686
-196826.0572943108 9021.990891449095 -2.83530754583342
-200316.56615345727 -11486.563723223586 2.458224809287596
-203961.9092667923 -33505.53446799122 3.101869782590971
-206526.98510837674 -56727.66467103353 -2.7073897151516952
-211878.08755015087 -80690.55120354827 2.734922611631972
-215623.88013976396 -105090.80605323032 2.50633567117525
-191327.62005923653 -107968.34081114225 -2.0453392530816004
-168314.633208956 -111291.50363572518 -1.8852784366895787
-145822.60011577103 -114005.66990371808 -1.5895689605196683
-123105.71054958356 -116301.99244773573 2.108295916047918
-98528.85753619166 -118527.25325492717 2.4361502940797504
-74594.7871750358 -121490.29655735013 -1.0292330306319786
-38654.6976082983 -124682.73955978052 -0.06726356266875887
13130.934218615217 -126396.66328100304 -2.6080415000333357
62144.82450971721 -132327.19589234173 0.5609462823372537
117783.21702543247 -136373.57048015608 1.066243162910088
122876.2226109766 -73615.77122348857 1.938910998819742
130132.99396596265 -7822.962287671613 -3.056798204995793
127588.02212140277 -27067.806539917812 -2.3497678408807348
122008.13349413556 -54014.06618859285 1.6110665841539602
126771.21709708318 -12616.816752551418 -1.0450766335328177
129432.77266077492 5646.272316850336 -0.21012269039355969
133261.71032677274 32161.339608066402 -0.8820820121131253
138169.84944205554 55069.60082061367 -0.7605255278688541
141589.15269267492 73584.2825245397 2.5188907042701474
146112.88944749648 89459.3575091564 -1.9567088394979764
149885.67980165136 105956.48723265411 -3.067734573541652
154813.09008182344 125707.4776500174 -2.730449889893008
161919.29332930615 142683.78450071937 1.1781552076678024
169308.616680735 166913.34383833292 0.8636598209930428
177650.020101055 190562.82106400354 -2.256975042376854
189015.94812912258 213924.75943279316 -1.911028110481807
205641.06582021344 232849.67268344757 -1.6978170964465122
225961.68893916142 242280.09842070672 -1.2147295693545592
247594.7547973653 241385.498836773 -3.1244706810015668
253216.3874474942 246089.38434752918 -3.1308175936187577
273196.9964472916 241193.4509264811 -0.3127818042810544
290455.0102586398 243768.5703424175 2.7357396274389516
303013.4998096077 250315.72393191105 2.7334943701458223
301990.17490097653 247628.9434902692 2.765986562561561
304743.04100047617 241924.44621879022 -1.5443662791404054
306089.97674338584 231957.95422125355 2.461128911334533
308533.94116379955 224940.61553586303 1.6366430787834438
312158.5207050917 221053.61825373862 2.4755225950097257
316889.26555224875 233261.58161395328 -0.6820963572860645
325827.6487511249 276568.4025876497 1.6998998301596502
344783.6982283923 363079.4130113642 -2.3189589105832322
377773.67026636965 503086.4717992815 0.4305309015203612
427104.67117639707 694292.5882212009 -1.1961499747218935
474673.83579034574 888800.9870266642 -0.8312375659812338
512513.37201342825 1066740.0452370483 -1.7201601114640932
539192.5742864795 1205124.5491615965 -0.576602252710519
559053.5073766316 1309027.8146608835 -2.8423530832158197
570654.7454910122 1368471.5204017577 -0.8035737010878666
582345.320157173 1384772.1444040993 -0.8473750216328602
591534.0002932614 1392829.339656037 -0.5803502767980897
585917.863518551 1394656.745105457 -2.733356324125079
593979.7533471097 1430200.8126713696 -1.0168384019189207
624652.1091862094 1555298.6340830314 2.0102791651713465
653513.7096891857 1679093.7413796212 -0.9054175045006309
653962.1012275951 1687642.9132153136 1.771385362099862
647348.3438238105 1705083.2050311586 2.645524308064694
633309.2731313012 1714313.520730893 0.14234144399070028
623831.2042577429 1724257.486589095 -0.5349075965019063
626236.6845130211 1736829.4451819211 -2.255398993382943
673380.0555338812 1728240.4637889073 -1.7045821357803936
649261.082121826 1669005.9034031187 1.9566749380403965
632829.4396386467 1605631.3266704383 2.824828924898425
617549.7811813258 1535499.5572888742 -2.72568713372593
603457.1442735544 1466995.5022764737 3.064088530856406
583769.4364412669 1399508.9922490385 -0.2868230076544197
579622.5354479762 1362613.1213936263 2.6995926838719844
572147.7717190271 1302218.0279533765 -2.3889422642137674
551993.9440822325 1238218.9418276893 0.98509693897049
511263.5590092667 1141207.6702775424 0.6586807791372056
461456.9467837892 1019683.4488051864 -1.4717983261707381
403928.8325505818 872534.5951824748 0.19726607966371726
361820.7987698903 738225.4788171451 -0.8083700850474971
323394.66056876874 600980.4238134533 2.3352097616494945
280230.4814206244 481486.8055022908 -1.9185270631867009
255780.50404988756 387148.0967937344 -0.35484498234304823
225097.0789667655 285652.7447497782 1.6473608587011719
213166.4840567305 247040.2340862025 1.4763059541175128
207512.0146308794 226736.3329622418 -0.8212115965271072
206458.85310055976 216987.328092881 -2.501856120326215
205922.4235609267 208674.7338386123 -2.6158675248954313
204293.5919451512 205665.46037129336 2.636641480454673
204361.69699183325 208227.84863314667 -2.336655910464088
203053.355599507 210163.29246588604 2.038289092565921
203976.4169882387 212776.34935418546 -1.1670915766904961
203918.16609758497 211888.074823571 2.8835210815475985
203673.40842928493 209582.2928845571 2.8925292270225995
203218.7011837673 205115.68015298064 2.7227057127778003
206219.614968632 198627.4828936147 -0.9873311559333625
210185.04883431434 184597.9670447385 1.322433536798803
214524.96591921832 166030.4082486006 0.6092617745461083
217795.36277505665 145438.3091347002 0.5129017364516137
220990.30214536554 125160.25070543664 -1.378382547270286
224447.75862528433 103646.51857138977 1.4805506928493586
224036.56845691917 84586.82865031491 -0.6739887072491536
224194.49000760124 65660.92294375037 -0.2521482750808601
224953.69086403717 50333.001778187245 -2.0973397949888777
226388.7373957872 36561.69570474391 1.7505066792034514
225810.1310630964 26887.88140634057 -2.505260547709292
225131.47672989374 12335.20558650378 -2.802790040419306
226212.56692146068 -21579.970022433212 0.847664966331563
227511.11408567813 -54727.30386585934 -1.7471500302793728
230478.26427697716 -78519.31971358559 1.7926144551316852
228204.1104371494 -98910.83192674328 -0.5020380311516404
225644.1585846536 -119128.05688579888 0.9715045574689156
223241.9538156876 -139382.89860176275 -0.28331757889586007
203786.38814925036 -137551.34727935083 0.7252559671878515
184691.80821748136 -135629.8461033994 2.4162516444494497
177726.21611444198 -135896.46177397497 1.5286326118306668
170119.08629439952 -136897.49326750115 1.709695991733088
119256.70507719101 -136279.86032659424 -2.5651504645769423
59996.59332896373 -130564.82772999145 3.0872116366218965
4861.046400295846 -124910.38648653377 1.301577385349044
-51764.60717846421 -124493.85989970072 0.7546185244559405
-75296.5494742691 -121616.38785348627 1.2875197290243308
-97502.0571180308 -118990.93577704814 -1.2230097430966849
-123253.7078884204 -116553.41475158332 -0.2800992235499213
-146644.76852677367 -113579.93737159828 2.693352920302438
-168281.83483711325 -111564.99219532569 1.8111752159951737
-191134.85741900493 -108270.62799035046 1.2546152523781462
-215311.96953153383 -105453.89329661419 1.5896218691249038
-218894.33080523263 -130946.54677671162 -2.933641103786332
-222202.60626591684 -156593.66558054378 2.053266522547091
-226675.26856031996 -185409.972381664 1.5676024941146596
-228395.93158398353 -200270.12939843137 -2.7546774858552805
-230126.4387610436 -220790.771820811 -2.599063393913721
-232719.22135221804 -243057.32747741687 -3.037287917499201
-234822.20018577977 -266776.1586105465 -3.118470469715024
-234783.06437174027 -288406.2223550108 -0.3399178858180733
-237100.55573287696 -314206.009324125 1.4671537728783253
-237675.1469935411 -321529.59794480307 -2.0963058509808854
-236804.44390001395 -314617.9854458105 -0.22405129671002577
-239659.72167661035 -392410.5822013241 -0.8814187147072327
-236916.43859037035 -429285.4708467179 -1.7041639814547387
-235579.8846892051 -503481.0601735062 -0.9867472535883491
-235014.20403440815 -575506.816934207 1.2851383058279893
-236010.94585100902 -640664.9571190471 2.330672410595074
-234785.4213636122 -675774.1561049849 -2.023178836818613
-234157.599948594 -698351.1726071162 -1.613799290321388
-232106.18036549064 -720777.1661358619 0.536737932486788
-232609.455616661 -763247.5311387378 1.9623889076503485
-230780.32224363636 -802017.3057383464 -1.2872928487982567
-228630.36484853592 -809157.6984958454 0.3757621050923471
-226857.8810555862 -822559.8233161375 -1.1682598701273963
-226574.99095417955 -839280.1795035634 -2.0748554101413226
-226073.5624094191 -855017.645835648 -2.0823804745121213
-226025.78117237112 -870769.2577781685 0.6150430732773012
-224771.8089196527 -885772.3215140731 -0.8051705642945635
-223958.27674848423 -901420.0082507245 0.09575130644107041
-223395.11842737134 -916137.877005698 -0.45903395455886814
-222283.5896926677 -926215.4467764111 0.09256499776496607
-221621.63143451107 -941200.0221870512 0.8307960346002132
-222201.21288329322 -953129.368223039 2.9883629878001763
-221713.2959901627 -968162.2981981562 -2.5734960984810993
-221797.67465503424 -982919.1484080997 0.5578594455115161
-221311.03212026582 -995543.1045660443 2.3724663503568237
-221908.85424589447 -1009842.1175640723 0.25496801559464183
-221608.29113323704 -1023273.1906076126 0.019211619689081246
-221459.1397103 -1036558.5818702809 -1.994894233899202
-222335.62809186257 -1050127.4960640469 2.1304142627305525
-220415.2051404354 -1063288.680271156 0.05872292454012015
-206538.45330887832 -1065018.838007953 2.3455808782119365
-193166.07769149833 -1065814.348733286 1.124317763212481
-178763.4381576294 -1065389.2137556088 -0.5609753606223861
-123940.84446482435 -1068684.9796198679 -0.6141725902133776
-103736.25242085036 -1069951.9121591086 0.5363972620910985
-97607.76807972416 -1070015.3530153518 0.138101252286959
-91938.14326713186 -1070694.037730429 -1.4088299436478975
-86520.27569682768 -1070597.1228942487 2.4384957172147144
-83988.72075512332 -1070629.3477533872 -0.008710078907561118
-80741.87100596912 -1070889.8488429214 1.4488292422625
-77577.21694388014 -1071107.3637051187 2.863719091133646
-74703.49025338874 -1071207.7969789759 1.6541268794094546
-72147.16900074147 -1071319.8018597935 -0.9690254322046844
-68945.75512458442 -1071627.5698838069 -1.4731459347292388
-66309.88363327316 -1071694.9126639636 -0.9345223277273429
-63946.90948875035 -1072179.2457499625 -0.8141425333869001
-61744.3354089056 -1072203.3662300569 -0.2841095434085677
-60304.73761335138 -1072432.9439218729 1.0205671521336594
-59423.71585686213 -1072517.6090922924 -1.889798877331063
-59216.44646833956 -1072626.3709241427 1.1042523497589531
-59048.25642779435 -1072683.238217575 2.343065051531624
-59325.03712858495 -1072028.2997454486 0.33610098647429054
-59820.138237212086 -1071794.9473175176 -2.9659686068167805
-59758.443095483526 -1071867.902631749 -3.037052761679219
-59248.00581561241 -1072492.1095060022 -2.9459378819749045
-59105.2073718433 -1073087.8234224766 -2.935376490626601
-58696.87503624391 -1074499.974319425 -3.019720476776632
-63974.274886710555 -1070640.7253947903 -0.8246801777794214
-68770.07578089256 -1064441.9719794772 -2.848016492135356
-70778.11265522717 -1057907.3821475396 1.608980618977343
-71453.56464081348 -1052277.4351696956 0.21487721190456896
-72330.5646246188 -1047613.2370001997 -1.8760977278319404
-74263.39255733232 -1043860.1052823447 -0.2885697160498288
-76420.91156544327 -1041091.9560366459 2.75042326982508
-77106.86875290066 -1040770.830910769 -0.007147098953243997
-76931.06440371928 -1040866.4397361875 -2.9028043180602365
-76540.95805655383 -1041405.5667850821 2.087657003365277
-76166.86366272705 -1041830.4134428973 2.143119415194567
-75894.11191994371 -1042404.5494654756 -3.0742137074821905
-75692.75840724575 -1042899.3560684671 2.995797324191662
-75467.71063939083 -1043504.9548286494 0.0761508050364013
-75072.05544132029 -1044520.1019786842 -0.6639096075086702
-74505.00191091449 -1045857.4133172566 -1.3137070060302742
-73472.99639430155 -1047253.6014023563 -0.9976885620919421
-71431.00089317453 -1049308.011187382 0.7923692000978256
-69498.60776195605 -1051718.1391422127 2.3017751679826515
-63362.25668970371 -1057009.0946218218 -0.034021819079226794
-61371.38625727984 -1063789.6861731657 -1.3420004647306703
-55201.69761491947 -1075510.8136048696 -3.0037598300658592
-48295.805370854694 -1090215.1159266243 -2.8142137314355558
-78092.8089166865 -1118871.7177002574 1.467776540986323
-125100.21852406109 -1149197.5224203048 -0.31368774920588716
-126478.11322626099 -1150985.7404487208 1.8499705528837525
-126734.10347392058 -1151096.0160075955 1.636903408709699
-126728.58128752568 -1150885.502235145 -0.704323195199104
-126855.14391211934 -1150597.6166747273 2.3245671678927264
-127162.27315395587 -1150689.2669172767 -1.9926716572961407
-127018.62991487738 -1150971.043662386 0.20372790131388532
-126410.47984695486 -1151707.607166108 -0.1631439425727495
-125831.49831390461 -1154771.6060745255 -2.146804612273551
-126613.79928645538 -1160294.4460976247 1.1115919792025901
-124725.71487572917 -1166650.8668545901 0.35263296938056227
-120562.2007336326 -1174154.7965113088 -0.007673538919048397
-115831.43173232878 -1182893.5223536687 -0.29282692178661196
-115954.72936276233 -1197502.2102886955 3.026512400065676
-112491.07696291729 -1207589.1223681252 0.5604063061663374
-108446.6753958979 -1218930.4378350207 0.7987554060369296
-107299.2981800714 -1230422.4404945683 0.04674454987518942
-106588.12833828846 -1240323.0666498167 1.8938988703961201
-105463.2369150375 -1246238.715975294 1.8011593575009752
-103696.40670414388 -1253204.1483988517 0.7356447266938709
-101094.92507180778 -1260271.6261467137 -1.4117206507002327
-98823.9335175051 -1269619.2828213868 0.5374485535813855
-98605.38589744318 -1281302.6838517226 -2.3854047715711078
-100253.6552073662 -1292046.7712299493 2.9500185779423465
-103331.13213168198 -1303194.4016633374 -2.939089156738349
-108212.15861287994 -1335210.1824814966 -2.6626647858877543
-118546.95337500359 -1382400.5534791183 -1.5791197073301921
-117406.5342846694 -1383025.122023145 -1.2949889206912149
-117320.65670159875 -1382922.9784579421 -0.20793836932035198
-143854.73868737076 -1466865.5824877778 -1.843261343081243
-236363.2650172466 -1682500.7904412567 1.6401790050328842
-369617.1123915108 -1947617.674644581 -2.2158615336343663
-433799.072333177 -2114030.5163343432 0.2318884194514898
-540970.8820170932 -2295777.280494379 1.6961288245560162
-514349.8836315724 -2306453.6114973426 -1.9758691546688625
-383742.6986838603 -2372876.7038417165 0.8684089705056771
-317643.02554470545 -2415459.3529596445 0.629081331651588
-292579.1935332621 -2510608.337665243 2.15043871047781
-256245.59089052863 -2553182.4028461603 -1.0803303313520982
-183856.39571937735 -2592315.9247678737 -1.8492235517468119
-109046.49483310763 -2629876.8684426644 -0.5334769980382847
-29748.648680810933 -2667165.5940520405 -0.42976696804021186
29728.84158309464 -2691364.773445066 -2.09686702600149
56488.7921364769 -2703874.9869661354 1.1633091154706863
102618.11460496628 -2723764.9228815045 1.489458677555798
149932.66630631837 -2745567.7505210643 1.308886149544387
197066.2220548567 -2776763.549903973 3.055235852175545
236549.15752374005 -2795752.7666503596 -1.5681292492136907
260968.8617556492 -2806287.29200366 -1.5130854604682287
272383.74732760125 -2811269.9451837726 0.7124671741806204
278710.5039917875 -2813941.8974484475 -2.6764529354345052
291198.31741460296 -2819485.116362927 1.881712171554163
323342.25225363445 -2835261.8918244406 2.837229339513811
387999.94049823255 -2859236.9299045713 -2.157430867354886
409940.6529219307 -2781111.4780857344 -1.6604514974893887
429668.1739968351 -2664476.267559974 -1.4450882815777881
432181.11187097983 -2517864.770425621 3.0284920669171123
445001.7862307023 -2386620.885873899 -0.5292782342212696
456010.02844138036 -2276928.634586538 3.0212774051278717
468029.6014822731 -2175927.8844022406 1.8257043209896817
471919.6412308765 -2058708.7080207064 2.584829477920186
473405.34837120835 -1966939.981400468 0.20986496212692046
486656.48544290516 -1939795.454638048 -0.7910489174082267
486764.5381580412 -1879631.576232092 0.030474363446043783
512209.28999848437 -1871618.949108139 -0.9381898798749813
548681.3285676828 -1859686.4434288775 -1.3984429629297546
575258.8572694113 -1840411.2180329761 -1.9819310732430842
575436.128919626 -1792761.5342581442 -1.3720348635513027
573888.0001655469 -1784070.427590151 1.1577167873304675
573052.6270401266 -1784334.3986392098 1.1478952494082015
572792.0110278986 -1785291.0444462332 -2.3857682249937078
572708.7636439098 -1785524.0146758426 -1.550502789348348
572745.7922698378 -1785295.2669972242 1.1622047403373976
572711.3954417307 -1783646.223646547 0.226174973236767
572405.4890044762 -1779798.447360311 1.798818113111805
571115.4457128528 -1771354.5673082354 -1.683436158265809
567958.6381918963 -1756151.1780225695 0.1565812182512906
562927.1941777813 -1739123.3648533805 -2.228061240604697
561559.6537279622 -1719186.325729891 -0.4569190504492965
560558.6676687708 -1732664.0063469238 1.1069468078635156
560051.2792589603 -1738533.9319590349 0.08905661214853931
561634.0972174474 -1744279.0424246367 -0.6644583472067169
566979.9939516196 -1756640.9792443083 -3.0521106276081182
552002.1713190615 -1727971.255445091 -0.20638842207831232
491634.7576084113 -1594342.622985615 1.1753161966064478
370252.0928622078 -1338887.283663873 0.5608878342002399
209188.20437551878 -976663.4971390459 1.7040926530797473
37375.615764951785 -632384.4165215752 -2.121745372860322
-90550.14858224973 -385548.0073998405 -2.378969410073636
-142600.3733664286 -294865.1857229941 1.4179593817476117
-149466.48283637036 -293629.9445228605 -3.032025537888943
-140725.54549795814 -313090.6440629581 -1.5258284022263302
-154563.94538313174 -292203.08070227253 1.5763776369845994
-134017.30607862503 -343295.5233905982 0.27798423387996307
-144089.2461493084 -328576.92948805157 0.8730835494238923
-165806.00293245976 -292656.839638986 -0.26168539320078654
-185812.48934860752 -263485.82574172964 -0.8214349394834184
-182234.83231656917 -234400.8562452544 0.5618235455310576
-175700.0479171448 -230739.90644930687 2.300151916255329
-167225.7592727938 -213740.3806505193 -1.6516996004480489
-181714.51164374815 -183740.82879877446 0.08504147414053446
-226129.836913324 -135470.83946566924 -1.9908221747561126
-355779.6999165513 56377.747075854364 -2.244471529871785
-470930.21393142565 222439.8379367924 -1.925536046607073
-469473.4093997044 272279.6908202579 2.9370760212996196
-463805.65278149466 307860.37958748586 -1.889540911611694
-311771.20536787366 380888.5245736441 1.6010786750899368
-101735.92756666112 493844.95219294174 -1.3300436243776257
38145.479941323225 546113.2537413408 -0.1541398685450775
75853.9867645813 558899.3339938469 -0.21515916537939558
49330.7137804187 536774.9180471855 0.9838261685717109
-29565.931230954568 469288.20480197435 -1.1439163025223382
-243506.6280190468 306617.84708190215 2.7376081016564737
-179352.17668866419 77214.25305779857 2.7630990391313754
-193317.11004446607 -33937.617149100566 0.6720839337330178
237326.9594745321 -111565.0501376391 -0.020554779704777162
536590.6364079515 -330608.486581487 -0.35920442127627206
1181538.8140242489 -913964.8883285429 -1.6587794853245705
1952881.7991535023 -1581541.5695623315 2.4061753494671443
2881646.1887903027 -2064632.1667079772 1.3455829275460987
3827947.4940337935 -2431761.575692016 2.3094535742800404
4860483.884060157 -2785418.745824623 -0.603138173123299
6148668.234328484 -2929904.2217852445 -0.9239598882696209
6294110.006043473 -2992146.931556485 2.1401701255314185
5969361.149437605 -3073486.2201482207 -3.1188574996683944
5970507.202320938 -3054304.470032055 -2.318316273050043
5980293.92086413 -3010093.3270534077 -0.49622582525671705
5971347.682613435 -2933392.685363258 0.6863870796571697
6123918.523232649 -2876826.600195418 -0.3040217160659923
6272331.270600015 -2819115.6216252665 0.3761787623995901
6406690.932898907 -2783273.0034983363 -1.1307352816560907
6381890.369134855 -2703385.472093277 0.7348288668335513
6561037.496511536 -2654906.9698502305 2.4011461437266726
6672023.492257187 -2616709.658267754 -3.0776731540605353
6753924.944934045 -2595528.586600381 1.7088678212212685
6809630.467350399 -2580090.3730360894 2.6740638633333673
6806142.074152862 -2534859.0372574884 0.20575018727481312
6790621.290946872 -2510113.0171167925 -1.0115830770419605
6764106.620333361 -2490173.5963723836 -1.8802374238898216
6722269.689930585 -2476825.2448397027 -3.0400331102582516
6660382.6458914 -2472954.7108624484 1.2707872998674006
6580516.206433383 -2479696.950031099 -2.3415117851329468
6553968.976439087 -2494293.744573451 -2.3101338986379005
6468456.551680137 -2511333.0909829005 -0.9784086852790965
6407438.905341743 -2494162.254670476 0.6929240637346717
6373622.559819284 -2449449.051218602 0.7678404418822292
6366373.224842261 -2371919.4223343325 1.9882130950708499
6667532.5707002925 -2136564.0721685723 2.628400687414112
7085001.852415961 -1919012.8198836017 -0.868068077346814
6888862.572679024 -1423623.9357385198 -0.9499018070106712
6645681.433639562 -876917.5077255048 -0.9762486263315273
6384012.460795516 -419068.10560260824 -0.11254375501191989
6145866.900667918 80268.46550907494 -0.930566580567285
5931087.859250654 547742.889545992 1.1205064709499304
5685860.195363999 922712.5672715103 2.0890169635487115
5478551.738288172 1271701.4284246112 -1.143426165510061
5260112.463621858 1601873.9854023163 -2.4224406612612217
5030913.308313713 1932223.0108422507 -0.6129109623687357
4808703.889917304 2197082.1167623857 -0.965241960972575
4604144.970820898 2448250.958217533 -0.07498242124822477
4409445.369769878 2647825.869301256 -1.1851990870726032
4225367.900019755 2837110.1243714048 -0.17998826823083902
4047377.67384702 3004101.139349917 -0.268522864822222
3868149.1549822297 3156971.8266008543 -0.08929965184984616
3739345.6277830047 3021320.567395573 2.32733298934823
3603483.8088334887 2899848.389166936 -3.0893977388134295
3483034.6107612588 2853084.836408703 -1.9778733974951968
3335802.4620295605 2690243.8853200823 1.223000085207281
3199442.0612273742 2609279.418791734 -0.8482524411764922
3090538.92632035 2515277.8056622758 -0.7628331665185356
2991917.24443794 2433176.728636466 -1.954079358250081
2897104.1769069745 2370390.2566873836 -2.4457780428828513
2796665.04182519 2286099.0904042153 0.4491183973669358
2693543.5786184836 2261827.679389729 -2.447815975547968
2590015.8736543176 2204472.5349210785 -0.6054201465435096
2486345.33440638 2193893.150598172 1.9272179071710818
2381134.2017434277 2145661.135403429 -0.7698571499811236
2281268.540938539 2015841.088493185 1.46994653167041
2182290.8363343235 1907592.183129598 -1.8060884678244302
2086169.4572375286 1801919.5018140678 -1.4786539823081328
1977851.5877368946 1713259.9995607887 -2.4301676358192372
1853836.2391954577 1677711.680811408 0.084135959241608
1690214.982493022 1574435.908102706 0.9226472489260849
1519471.378738304 1376840.858713871 2.419175338036449
1355601.785022278 1222212.787098264 1.6336094680006905
1200854.0645184903 1076375.0514853739 1.801127964634793
1025172.9293768862 964457.8647543389 1.5176648335940204
898230.6222367795 825618.3383861153 2.316326894020426
787041.2770629296 672959.91411845 1.6377959763066703
676355.5655043122 527501.6769930102 1.1176537353884417
560717.1555267223 394755.4037517665 2.3537365841420343
470890.4865566048 279094.0048932844 -0.36198757425233047
374889.37805208773 184891.03023359764 -2.2960365477163722
271967.7902139971 115509.97439642396 -3.085685888008942
219224.74025187868 36062.602394707224 3.056621166594886
166904.9141360186 -32925.63326257183 -2.2961748651776013
132360.6476931786 -96544.3498450654 -1.2999029832820999
75458.31979126522 -130037.58677444872 1.8036480117363465
65365.71048882175 -139681.70172432615 1.9555495843923465
61105.34757809098 -131037.52191188246 2.4803729296801067
53151.797266543195 -109787.66559868338 0.5265905406612855
50688.09241184282 -86307.18789154697 -0.8387823534156144
50760.693407119266 -63389.989261705974 -2.794023785734646
52482.0835139905 -51595.40568050267 1.459786250078059
52822.60645699993 -39993.34791912483 -1.5281873933584587
46396.21483766191 -29501.33783462582 -1.2440029723037256
38348.000527170334 -22075.08226957011 -1.0216004562088574
30239.994912139275 -18689.659405475915 1.2689984681775208
3503.815428473037 -9323.639194592757 -1.0568650940850566
-20537.719856652344 -5894.341492807518 -2.5437714670406595
-25600.40413519482 -6607.6099669712885 -0.6444943120956852
-26850.693426020804 -4194.062886977158 1.2435299183789643
-23876.033681311925 -7394.605098356399 3.0744328452398975
-23902.588899530216 -7136.889734040398 2.211264967637921
-25484.226992002466 -4117.728158774067 -2.9338088240807334
-27044.480803694656 -3872.0158112244744 -1.8729766015349194
-82507.2965362875 16001.193597893815 -2.204171635086739
-68372.80166749953 36441.854599450366 0.6042601808874268
-326938.1555829181 -160718.89890624644 0.6151359223049484
-216770.44155471548 -46005.25827735575 -1.2929099653419094
-92125.35328760144 96107.74350834393 -2.5767356284491347
435209.3515062684 243422.42871219828 -0.13247451692904466
-327053.88143893034 171172.37096062506 2.131427351682698
-444901.3203508552 200019.76978960645 0.08496128031864865
-538024.678632681 265969.37903938594 2.999813705792661
-750179.8184335639 363574.7912420443 2.175655557929676
-743351.372540714 355652.5372680358 2.509773139938942
-742396.1611706457 358149.8706408237 2.604205963141977
-743454.5395569949 372233.0434045118 -1.9757935206899837
-744607.1518981726 386652.4623389361 2.2132023103033585
-748905.1038974765 402985.2960425713 -0.6901428164581985
-749203.8091740018 406402.75828441017 -1.0948991716872212
-751414.9958442133 436789.6918738129 -2.7229252662617056
-750642.864751108 459321.2401628551 -0.29706732714691914
-749615.1624241384 456640.2121976582 -0.33270501520063095
-748891.7725325124 449684.13004262024 -0.2956766818438473
-754594.0652474246 435630.0737186362 3.0255007400944303
-785354.7278818908 420939.6104765363 -2.8481208848023165
-732928.103429089 427119.55141761317 -1.5154522198062739
-407413.32863348664 466286.2791756968 -2.2971272221414085
637663.5774009678 456549.3700186472 -0.31303442851685576
2109105.0595977274 93665.43866632736 -0.4370057578494172
3643024.6593102543 -208436.8913444387 2.2534354509024674
3788637.082247456 -2996567.7478786265 0.44756834641726256
4158463.7462747428 -5195660.579468218 -0.4482390068999862
4300605.1573640015 -7540360.509128294 -2.6164910984984635
3969282.079810498 -10761324.13972057 -1.87817624916687
3877798.203149559 -12695669.799775526 0.9173992532725214
3892726.4571659616 -13097013.103571216 2.1569555522013566
3893551.2988883555 -13105900.243366983 2.4435120892642557
3895044.658408055 -13117452.689833224 1.6638932298219757
3999551.871098636 -13279998.91707621 2.451921836718784
4211308.967018861 -13426024.579920636 -2.890579542886756
4152454.6787936683 -13280094.35682598 -2.202979326185445
4106085.723698414 -13228358.922081303 -2.1068606087132653
3981114.477388077 -13114832.179749245 1.517373234624209
3938212.362906076 -13084426.448029263 1.3485444450586976
3915262.1932167523 -13028964.343407778 1.2159577600359803
3911266.000268156 -13039046.19120442 0.2731874107163074
3892244.143073715 -13028804.916394746 1.2025061045362908
3884214.531732744 -13035233.778955884 1.6413333312456873
3846936.8099203887 -13034613.941254314 -0.9179891545187419
3822911.1731268046 -13035151.530367263 1.8662430461037716
3788361.588935915 -13022657.77964301 -2.6751201019169923
3762174.608634472 -13021367.73500577 -1.1858600853892123
3725084.9841741025 -13000429.100192942 -2.2053588981114154
3667506.8822900727 -12957956.344104184 -2.59380590094264
3594458.8900743565 -12902934.16400807 -3.0081864535304947
3517482.8357318332 -12842761.878906803 2.6693529493983794
3442702.868705565 -12779667.103514358 2.7662249102256165
3365596.5949510196 -12713456.16410274 2.6830102434801715
3276974.233808833 -12627584.374367265 2.1760981697708166
3178143.027362128 -12531522.386362432 1.8669179168474324
3082236.3993064854 -12433205.489328764 2.093865060638729
2966763.3581056003 -12310043.208544308 2.1820375136578463
2862979.393986582 -12202070.363384988 1.4835644179247585
2716629.238679092 -12047995.09948834 -2.6802627450037098
2572958.178290826 -11900008.945774619 3.086169184173689
2433683.7661376195 -11743945.188639084 -2.208698721228775
2294814.269167325 -11585336.566329584 -2.5594841549133576
2124140.333092941 -11401755.16425671 -2.8620398868103254
1961788.2238330666 -11215971.230573878 -2.797878385656159
1803862.6828854568 -11035175.86904749 -2.4603007239319603
1623210.3343901392 -10842841.262810158 -2.285248364769633
1463990.8455567386 -10663392.19994965 -2.14968066812906
1281031.9467360096 -10467939.410405148 -2.1438511415121995
1119280.2644003602 -10279858.57140279 -2.121911197334894
925269.6433920059 -10078196.05799734 -1.8268707669423194
740152.9442204769 -9894600.959629674 -1.9052051377197667
933889.8013592853 -9734581.517064309 2.326772591796306
1078084.8046768971 -9549621.145724976 2.5148772225495484
1075556.6348092128 -9219909.071193853 -1.2975404816438265
1177727.5151699765 -9021896.586480299 -0.9665455922598007
1312820.5637579844 -8854115.411371563 -0.7414808182168378
1390436.7180261994 -8626693.257207895 -1.1556307697551025
1445347.5151459316 -8363489.001586728 1.098814672396896
1460458.3084130534 -8253333.439439084 0.1392836578162806
1527593.7058591202 -7673892.469059666 1.2359731529743168
1448029.5987905848 -8533385.334541101 -0.49273671780009803
1272198.4157464558 -8355515.816334883 2.763225367193579
1169882.7022814092 -8258005.099789932 1.49043015853391
680510.5646354015 -7755934.327015805 1.293803481670506
184879.86309337209 -7222780.203715437 1.0157776054150687
-532336.4806959028 -6463405.351114115 2.265722806000667
-209831.02830450243 -5365973.325870317 -2.1989693046609635
48730.734441434666 -4447118.62448559 2.085024347313366
205889.25762240903 -3866266.0252795634 0.5004480288564
281887.2395421926 -3567686.936863407 -0.08344310781838102
317492.9083313055 -3480422.448800728 1.7807395480691246
347417.17065415264 -3401569.5276587475 -0.7198388149408517
370069.87720140675 -3328178.6558285938 -2.305844518125998
379111.9815007857 -3202078.023303557 -1.4266621888485413
402595.89060940675 -3078812.225482854 1.0427949294964534
422977.36429368134 -2967762.982764364 -1.2399011616141102
419161.8102671098 -2802848.588597026 -1.2710637931625681
434509.3863102627 -2670343.0375803453 -1.1712491520086394
446758.959337395 -2546905.7423698045 3.0424008896818178
454460.6860069982 -2422948.559559653 -1.512462708444107
467927.89106308913 -2326458.627767616 -2.963342669860546
476506.84104525147 -2214848.495716464 2.854582918144452
485298.06545777683 -2108502.867175442 0.3736715936182731
480610.9690928067 -1985982.82377424 -0.042568417884900095
478687.5441373994 -1925633.9312442865 -0.9168645283043585
478181.3765302749 -1868190.623972781 1.378735736735007
448274.3289732355 -1852402.6859382198 1.0723318342430055
428292.37912663043 -1841637.6138158275 1.5464676209481032
398039.37673559354 -1832341.1668450634 2.1896974280799615
369511.0331326766 -1823642.1630321718 1.4705870351915842
342907.12122444325 -1815464.30306371 2.2473811406279625
320126.36566097895 -1808964.924393182 -2.9890623413913175
287773.24257337453 -1798091.8988127166 2.794957808913161
252982.16433946675 -1789613.7754442398 0.08221088751592938
224674.5857893356 -1784279.3910064448 0.19087020123587572
194462.05481828173 -1781383.5679006139 -0.22473793434104683
193922.19368163683 -1743430.1596801882 -1.867044106991706
194979.76797190402 -1696579.4956129414 2.868432744730825
196283.57768353276 -1635575.3952273321 2.7553870584980706
192876.73506564452 -1560494.1382581398 -1.8038366438633837
196075.53776123194 -1500858.616256165 -2.175210363477938
183939.9478359547 -1423505.5428996326 3.1132332781662666
175383.26128000696 -1365398.9944209813 2.8766633278244784
160413.76024645258 -1295992.0519956124 0.30697483581687046
131544.77737978986 -1151817.8144180553 0.2108255960829953
124519.96990195953 -1117233.028561384 -0.5797649401070211
152737.32813545974 -1111190.01764167 -1.1247049549685932
171916.31650593877 -1104492.194516446 -2.6139269665642
194508.45411595042 -1102266.4760004734 -3.024664078467538
218137.61451877787 -1100023.2591828993 -0.9301018675753919
238529.87229679112 -1095717.3963693453 0.4754533218487616
247914.51353765003 -1123701.5932156951 -2.220152812432525
258609.31273258867 -1160162.2878556969 -0.6714748658381001
273539.6887238178 -1214969.2127861383 -1.823239236404901
295112.4188819713 -1301741.192212336 2.025093737505342
320263.3512796628 -1435315.8434095143 -0.050038132944019986
342730.5541022315 -1598249.1269054497 -0.5128770987427353
354487.24559897435 -1731466.5895706108 1.5252558270786394
349737.97440649924 -1761036.3063628091 1.2250702441290175
346711.6226338649 -1797399.2371712031 -2.5582870921855654
341659.50322089856 -1848221.6117416297 -2.9281445643561765
334117.56633539463 -1921712.010360242 0.8177834063930721
321220.62901222496 -2011698.4165732064 -3.0597773749814796
308661.57112391933 -2100084.4551385636 -1.9586712867842149
300105.7075086798 -2169340.839290432 -2.546883842740133
287859.33817454707 -2202234.750022975 -2.5279319421848445
321716.39390280016 -2216642.671647082 -0.11619227020579224
338751.03637204063 -2224645.954058919 1.221007543914903
354877.54653515434 -2232334.0643531797 -3.0234828404947485
385268.4419822521 -2245811.6009599306 2.488119606676693
461452.5698572496 -2296664.8374103233 1.9312608620779588
550559.6904768702 -2355931.1672110804 1.0075088198862086
632684.2684002201 -2400499.5417101057 2.7036925366361277
701926.8173465531 -2429825.207766001 1.5234024463464384
832044.2722652726 -2555140.1601839913 -1.271199424221244
1077589.3860600407 -2801804.0252585765 0.6494227250436887
1384842.502694467 -3132751.2499846593 -0.3084364799767337
1740601.7275673638 -3518500.747732491 -2.709962274426826
2053623.4265918303 -3880691.731558835 2.7768207768146103
2330482.5825234256 -4186182.439782996 -1.9144741358083543
2515715.953328125 -4394983.673074705 0.07070081171624333
2467587.3718819115 -4507184.079628426 2.3299714104873157
2463333.5265396056 -4521481.047031908 1.8479928414603268
2487400.9081784054 -4472745.988978557 2.666683192491908
2520771.55628228 -4394279.453215734 2.4490308279697386
2546061.7077452275 -4330529.37601321 -2.9296365094055425
2531004.3694937495 -4374499.078813765 0.29539575672983087
2424955.4357874594 -4664149.132391183 2.0088121523522022
2388182.143073396 -5224440.006143715 1.1977183721602698
1996436.3224412173 -5856376.583715989 1.9579764683573466
1803770.583864262 -6535023.207736534 2.877816421458603
1793555.1700674177 -7303573.647933649 -2.748660525748933
1786129.911398917 -7836738.134461088 -2.9068640961353975
1771880.994116628 -8209883.21855255 -2.1715457692521576
1758234.3074343994 -8460918.858605895 1.4396794032182303
1745078.1597263278 -8647269.246651055 -2.8121562598882845
1732463.3728826013 -8787820.843644926 0.1545706869865077
1720577.9569284415 -8907001.001090046 -1.1459025736966733
1700780.302987836 -9034488.432403225 1.2010597649057746
1672990.5740124695 -9161701.033005703 2.7206501074292677
1621981.1338899827 -9239833.380035765 -0.4158141763472541
1681068.112203016 -9298495.83210698 -2.5319286601974356
1750911.316680328 -9369402.158857236 -1.3407681926746693
1845338.6209166925 -9460538.169623528 -1.873705289436382
1906888.6867048026 -9544891.381930264 0.18986427726604815
1993286.8176770965 -9624620.595745048 -2.852305439386355
2064874.6809798202 -9741184.248879164 -1.6237176899749415
2140936.1868900154 -9863179.702952964 -0.08006844503571285
2201677.6939688586 -9968222.08477318 1.3766463178979749
2323695.1134226113 -10184277.558804855 2.818421186151082
2686181.4934169305 -10846551.181936726 -2.4259712062823153
3027853.592789518 -11486869.534101788 2.339632575967894
3271245.4728998006 -11987153.138571134 -2.117283856997191
3393784.223308496 -12254546.027243925 -2.2077824422487846
3445374.1105547966 -12385779.997809729 2.837642212843764
3446274.675779013 -12372864.223609237 -1.7691629321200624
3478445.6070951093 -12389802.19473897 -2.5095485368062094
3507860.764574533 -12405251.473953918 -1.5536218381511802
3566533.8584858775 -12492273.89970692 2.6337436093766438
3589655.8266952597 -12597390.924006233 -2.483173330376061
3630705.384648298 -12755226.174871206 1.7742343103169385
3661239.320889804 -12865172.105297426 2.2679144503964217
3674276.697919298 -12905941.146803191 2.978678045751608
3678467.183834492 -12890433.514476292 2.390691884455539
3695544.459982301 -12865749.736527361 2.2630743234098913
3710291.048511778 -12814288.566482445 0.7271762394924313
3775082.8769231397 -12841207.147816671 -1.571011469423554
3834246.219614463 -12926107.570024911 2.2621384670857925
3865850.7378047775 -12966755.836856516 -2.8416479752458224
3877913.8740129787 -12988231.828872854 0.19450595927543526
3895009.2543759015 -12998595.705089089 2.593614952240267
3885311.8979624175 -13020591.320677401 -0.47252867657267883
3866877.867295393 -13032038.105650922 2.610634465042018
3859000.144865648 -13047507.352252461 0.721761896918817
3829060.1147058 -13042757.918671662 -1.5414305954077592
3803891.339889771 -13040151.977243075 0.49285647853131465
3760347.655227149 -13021487.222265488 -0.8204830788509007
3727997.6606678753 -13002394.344249252 -2.1284713961059367
3658400.5677820523 -12948951.027367622 -2.7836480613718413
3589773.6782892277 -12895332.544128085 3.1003865992602213
3515479.4661853136 -12838585.60500789 2.8785992689464805
3432045.631111592 -12773092.520255286 2.9145599859444475
3359432.747341636 -12706994.354630645 2.7364640046864395
3275977.6865402013 -12623803.547952004 1.8985467114557977
3184408.9477450373 -12536284.383010164 -0.061642946506202854
3070912.532999165 -12424918.761885999 0.8943059955925577
2955722.507565745 -12304658.580713464 -1.7963866008816651
2843368.0452967375 -12178519.835016962 2.021071611146174
2721520.9669935186 -12051572.117190069 1.9381477732216654
2557964.4816577337 -11883545.501965446 -1.1457440568020374
2418992.729170426 -11738105.280759927 2.6537078296191052
2254733.801132412 -11558636.958316328 -2.6755811925151023
2111057.0384402336 -11391662.748274153 -2.2401601130850177
1957152.9658455842 -11217014.467869638 2.7226328795102486
1797535.0462573483 -11035365.290071782 -2.5817324835875244
1624548.801368795 -10846293.992566196 -2.5315195482592285
1430347.3821464295 -10637772.505183555 -2.3249934472874627
1246130.23174757 -10439472.181964446 -2.2925717326375943
1098531.7889288862 -10264866.339543076 -1.998354868844372
915505.3069170227 -10074343.48175421 -2.0366220677037172
742143.9272531004 -9886844.057402264 -1.9615946585056612
552577.1123815788 -9698482.525338097 -1.9262945634051396
401714.08207842754 -9521778.730985729 -2.0854069902493113
223777.7916517045 -9332293.69228664 -2.4631814424696086
34199.98136877734 -9142408.292852934 -2.6251985361506884
-155255.91512428535 -8952654.540020736 -2.9321801102600062
-360373.6315332528 -9141905.731856536 -1.4763332089197723
-570028.3339855575 -9367428.128006019 -1.8476191942292073
-766306.8278549757 -9654113.31888558 2.3671456500720454
-1068243.8261917084 -10079014.166093938 0.212275184034415
-1232632.1221603188 -10237437.619528254 1.0834604400794516
-1626139.8795171175 -9730039.221383395 1.4305433833279018
-1897881.3422178118 -9397259.665192425 1.2759736614091102
-2064084.4871020974 -9194336.54345551 0.8233218526602901
-2221785.010690295 -8978281.689101193 1.2697807704388806
-2357583.1284200666 -8801876.763767393 1.9825675776814107
-2505821.121587839 -8617813.87631078 1.1669886925532125
-2653848.2408230426 -8432434.075902821 2.9770491499375216
-2803314.4267664626 -8261178.303120568 2.2599355027918167
-2943969.2789872643 -8088231.854639419 1.9714294340213603
-3080863.3394053467 -7927789.607617142 1.4315585410527656
-3215972.431241967 -7767746.063925935 1.930829352007018
-3390320.158393844 -7568301.691046634 1.868871505079864
-3555777.43024312 -7378673.781228068 1.995119156635153
-3736234.6916707437 -7188856.804781792 1.8960270510426125
-3912557.3569368906 -6999787.850551896 1.8738614446784378
-3722431.8950123405 -6821235.649402906 0.3887915698131727
-3533128.471285515 -6633985.814194448 0.3844769923673779
-3334883.5260401233 -6457830.9653789885 0.3846307719129341
-3144899.5015302207 -6282480.213275716 0.310641499787777
-2968613.0502815633 -6107510.912501466 0.4508315585438737
-2783462.1513429736 -5931886.267348261 0.38234691361059614
-2610962.112147097 -5757100.9472736735 0.3150597116250942
-2447826.4295183597 -5588010.0016212175 1.388890104174803
-2297472.3601241345 -5428081.830584128 2.1350763850913914
-2144069.336814 -5265280.2069727685 2.425389692853106
-1995611.696797046 -5091372.885977575 2.980185109024613
-1856060.1162642117 -4928619.319671555 -1.2005202150609824
-1544858.025520955 -4529041.350532292 -1.3196949261529878
-1160332.9853314867 -4092780.163815311 -1.2738874039439747
-871399.6369762742 -3646246.6339151068 -1.0656378429650644
-735483.3652970019 -3440341.821625576 1.8175385110017819
-595257.0774354725 -3219785.6197881224 2.4353539228122574
-538128.1862759646 -3117815.022373952 1.2661073332465846
-486213.86412817374 -3029329.0737195686 -2.5084994949085324
-445543.4355196092 -2956601.724488051 2.028922707176286
-371592.78662825446 -2998466.1366935745 0.39826303149263564
-306659.3392443188 -3045268.4405842656 0.9448421831480726
-238982.66071427218 -3087978.9071525773 -0.922159932145035
-172889.79200525838 -3124504.8247413416 -0.5891180119917806
-102996.86930468108 -3162386.529038677 -0.9467737054346173
-74394.75591560634 -3095704.8096999433 0.24843959280701564
-40774.75838564668 -3025031.9518579976 -0.33375449992159006
-13040.277732956602 -2935386.029525868 -2.543876057483441
30712.066144069235 -2773817.183788874 0.7148002440732306
54929.93414151724 -2704880.4648171407 -1.9384474780503467
72687.48613701755 -2651773.2268075217 0.4182774302780662
86533.36374273035 -2597683.7950305752 -2.318234023138267
100517.17943271452 -2513858.677271379 2.581422563715918
123036.86570006557 -2372104.9885858553 -1.3828128573193477
143278.31387079245 -2217230.9921381474 -2.930626385998219
161330.1137427218 -2125611.3430305826 -1.6600350573536236
174823.947187891 -2044623.0772474185 -1.2193926703379094
183173.51980421128 -1957600.3329087887 -1.9646142114445884
190658.9933462035 -1864673.515393064 2.0851481674488883
194946.77989019017 -1783515.2872105257 -1.9391851915795306
161154.9911374958 -1774810.1304738005 0.0026296693678610717
130945.49721400798 -1769821.973209344 0.4373261690739177
106387.24939500986 -1764195.5036496702 3.0845384824291844
36296.60867180397 -1753271.3248069417 -0.006208077379214494
-41493.38805977851 -1745967.4657903672 0.004846841191042626
-39711.053362325314 -1662434.2115311185 2.445103594021717
-35491.260148641166 -1587996.4377296076 0.6172053253595167
-33224.449803813324 -1507173.3578920495 -2.4778545514644192
-25831.274080414536 -1403720.1224206127 0.3592577629570267
-19776.51570915348 -1329251.693017629 -0.42867710867068587
-12894.727056870375 -1256660.1134735083 -1.6765777040299479
-10070.867804525253 -1200432.426447815 -2.7679303488349434
-8198.114159682002 -1167836.9221916874 -0.9795108968229259
-7770.358645876673 -1146359.2951635064 -1.8096783670015582
-10886.594241853883 -1123102.743144756 1.0021797842997562
-12475.341250327176 -1089772.1189099965 2.2770983483961365
-13827.079621901168 -1077588.9421026977 -1.7800138702807924
-9533.58609127516 -1110008.1353183074 -2.050972657974621
-8135.3195749480365 -1122805.8183256031 1.3093076107300128
-11906.215664661126 -1118254.326935395 -2.3730139340772016
-17270.72020956849 -1112438.481233065 1.2957831796002184
-21126.63205306903 -1109343.9332995124 -0.1650132243852689
-21465.682693266914 -1109203.1887639302 0.6189366763084333
-26178.641070741818 -1105793.2830437843 -2.3878606755982825
-41910.759595669566 -1088546.8887332913 -0.3462568754048769
-51001.94327555209 -1072614.5140258023 -0.05963767609927179
-57496.83812835658 -1063664.4058035545 -1.7750593453734642
-63783.76140067481 -1056757.5361815232 -2.6776975307086235
-68444.63034204284 -1053366.8562732257 2.7030200919584026
-72191.29091412664 -1049755.7566674782 1.452268958143896
-73837.09153222712 -1047479.992747679 0.9998760509705323
-75048.47096446253 -1046272.5923993189 1.865526524692769
-75854.3879468785 -1045086.408862753 2.261560032411078
-76259.22487207621 -1044076.2006900809 2.8618825353834825
-76559.13038880078 -1043279.8134219917 -3.045673825283832
-76944.48015562457 -1042681.6961050294 -0.7203279845043441
-77102.12971182095 -1042091.7334915784 1.5610013132172642
-77200.37864023422 -1041650.7088259801 2.573903782019951
-77294.94703216647 -1041263.1183724987 2.2156098564897717
-77441.6967450307 -1040827.183214521 1.2877783093954691
-77361.82293601646 -1040396.4663303291 0.11084269102454551
-77031.70281271607 -1038506.9960822049 -3.023814163040495
-77327.38463848882 -1037931.3488140145 -2.845125076943061
-77286.42643303648 -1037020.7594495019 -2.4149287953396517
-78206.99184915856 -1041350.0063952866 3.0590209219770816
-79559.78351300502 -1046477.3208669123 3.0888484054794922
-80684.75316245006 -1051418.6281063354 1.0565307355226998
-81602.122398848 -1055996.232598577 0.6786441233379095
-83071.45759056517 -1061470.5935027106 2.1580017634362263
-84768.81531658999 -1067260.5240251753 -3.138087716621937
-85663.57963821583 -1073158.1801611986 -3.121082537276722
-87186.3700515693 -1079147.6495706732 -2.783084116400698
-87898.96006592769 -1083951.673448472 -2.7162290492788035
-87913.07284045804 -1085089.6417514514 -2.6285452974268892
-87191.46242282435 -1082453.7472951536 -2.2349465168038476
-85373.77240169633 -1074618.7508082886 -1.269055574966693
-82815.64956922381 -1060960.4921597838 0.5437177343380164
-79925.11770214912 -1040437.7953275277 -2.8847638221172622
-77263.58651469063 -1013499.9311394101 1.0518272487555422
-75017.33234301761 -983640.4071886289 -0.4773296380008933
-72725.8082587177 -957674.9832745554 -2.9194028411439708
-73105.91373286255 -941002.9808917076 -2.8860519521171786
-76816.78870085496 -922744.4386469022 -2.8899609313424968
-80782.4334508272 -911078.2307767745 2.5144030615466733
-79711.63094967691 -888710.052332682 0.24850562316560557
-78933.15546809585 -860474.3570026394 2.313432253850197
-79349.33850743117 -820035.9580734817 -2.382243154379743
-81811.61239341092 -765508.8668583517 -2.1745790099870232
-77305.21885856618 -680077.5592921267 -2.4051757321963536
-65633.88146085657 -578779.2644693143 -1.1453726742128287
-55255.85437805674 -469010.2408472882 -0.3894921338933661
-38435.30524195836 -361742.04413680534 1.8575935664264753
-24444.050798877626 -259728.72705275525 -1.557718812089023
-8368.73296876983 -170079.89051938476 2.8910597008959327
2690.671361616802 -94007.44777050742 1.7347066403335079
13237.691564828316 -36563.64369871143 1.6029522009224313
20523.72183850598 6203.528963570608 2.101829645642683
25836.084704464247 33905.7506058036 3.112643368966448
29027.255081566025 47669.51831817351 -1.7754866778092024
30519.86585231893 50448.251097791705 -0.1297453405867597
30876.85620273461 47372.00857808021 1.6768758987499135
30067.791280979378 41074.648997854834 -2.8181738474780578
29030.226083743808 33572.83979054076 -1.0720362881292416
27998.019131333185 26599.280027149744 0.6316063859095131
27186.850930599496 21679.648354151344 0.35054187834416445
23045.855457657603 20247.516447525664 1.4848851150413216
19612.072900423234 19096.03508348532 2.98870952256422
16768.05116926074 18014.826005933697 -2.92461608136219
14582.716336379239 17047.90281668008 2.957304713468587
13087.461485577203 16295.452962758027 0.9096040963672954
11603.932543363771 15454.880355812036 -0.11359001816408773
10013.149740684581 14552.221254098107 2.9376319661052714
8113.959676174892 11756.480078901684 0.7756251270505656
6569.812476775231 10678.72714809899 1.425753085706589
5268.944600471751 10395.838183626172 1.2729072805714015
3871.3710429950866 8861.458230014883 1.998092965004011
2212.7001533856483 5103.186921910992 3.0981172695408636
969.8117406111605 1948.8458781398085 -2.773830461456421
574.918007520806 1800.6392154355779 1.338878818543225
229.34174507864665 1179.4626450053208 -2.859871085353118
195.3762178413523 718.3238167589609 0.19781469467702378
151.2850859219018 371.2149126681807 -0.9025525008307509
54.10752205480382 6.2732778155453435 -0.7511190326515035
-2.6873991526112686 9.62748156866316 0.28688735039812224
-21.860150799815663 13.877690768307522 -1.8439394580132618
-78.00995271153445 13.360998248847775 1.6090748788122144
-16.2445800146917 108.00611373058251 -2.1483885509775744
313.98566368880665 686.767192448521 0.23294745603625372
1622.2865999617588 2392.5932285725257 0.43596521819694356
4331.940511638667 5289.796338533357 -0.020225208757738276
6880.855965603675 7213.8555110742755 -3.0130401076531688
10624.448918837048 9048.285053078585 0.18624044279446453
13349.598511023018 10142.099319520605 1.5946941350789168
14711.98176497183 10293.549716925885 -0.6866989086118901
15100.064265010673 10418.340277454254 -2.077854544827178
14936.068165197303 10449.327853202798 -0.8405216088361531
14717.51283902282 10329.430838121953 -2.511557375859279
15186.905174734276 9977.489249433826 -1.6134784276707919
17764.56094412072 9795.669462179145 2.86295758050387
20806.1720701274 9472.57679415839 2.630126202835955
23841.014482496696 9736.034858645246 -1.7097709684909317
27275.31745782824 10241.534171150848 1.4478283430095737
40524.55138395439 12050.074102748646 1.2894796984913337
49536.92398257344 13055.870755275662 0.513943541142111
60824.768470375995 13669.08279309734 0.07069031458609723
93201.30241562313 14152.219909250474 1.080973685111805
133009.4811213447 21490.0502674679 -2.4215802107533104
222860.574153072 32609.57047472168 2.109664605906777
284550.09567084134 36588.529781987614 -0.9751169248396856
318720.34522730584 39666.88277464745 -1.6901768836019233
334511.6733220251 42057.7865341363 -3.0038579554996585
340850.90062921325 44768.338480358936 2.6375517518359817
340250.655254754 47307.313967192495 -1.7499721051747623
334726.5934166611 49705.571237968536 -2.159906709715359
325281.25021777506 51714.65580528531 3.136718517356031
311231.22363808687 53436.12181572011 -2.912285778637791
293400.4584411114 56286.40095928928 -2.018962348328177
270477.94544586004 59167.85786345725 1.7132974984080722
245888.90329818273 62739.597757784526 1.4666472682295195
221841.32664023194 65966.81940572821 3.0110974237252197
203570.83063863966 69669.47879972214 2.5059958516903382
188622.36988510075 73571.09627896883 -1.7612801786377004
178195.59553667757 77277.80092076295 -0.8943527215430502
166706.40534233127 81030.3949358918 0.19101634432861433
146251.84015325064 84578.76378545364 0.2034199020652736
142540.58255689635 65082.33465174136 -0.9903551675527975
138302.47362056002 53789.4947747125 1.5156012437120756
134317.6757036603 31893.760813585242 2.8724345753211447
129494.88937412745 5409.994094632879 -3.0674461135879363
125550.20264511339 -20654.96511484927 -2.6652850824369314
98171.7501797742 -18950.95259291993 0.4596766752943955
68293.63443499284 -15217.827545158667 1.7022367281714759
48553.48344990033 -13220.30399858976 -2.03554574022232
37057.52750242884 -13894.570237402504 -1.984332891756077
-39190.1240543784 -6130.779290145419 0.4162829449394923
-105197.71414583543 906.404387783743 1.7409428086955587
-144599.7084517123 3871.835594754696 1.6759512580033156
-158767.10228038716 4684.927603700619 1.4014020070359163
-177359.3614770557 6898.594771385978 2.05202851577462
-195778.68801226988 8900.589936493805 1.1158884039374446
-199919.20778725334 -11140.681674461062 -2.758929375278589
-203585.89393874825 -33185.34421125375 -2.934295484911472
-207322.49492805856 -56407.58640094134 2.9460407461992832
-211551.1142489254 -80847.07182277017 2.9290741409763585
-215688.14465711778 -105503.25229748516 2.6735810450803768
-191591.78046501993 -107986.88090686634 -2.0857000461591753
-167250.58195622743 -111113.75295355232 -1.6534231298819477
-145654.35712393062 -113784.02488661678 -2.101292550236972
-123490.01557475986 -116814.30260521529 1.9931450777216184
-97833.22708206541 -119788.49402470977 2.0908708353847056
-100132.46446534753 -145902.82319556407 -1.648094246759093
-102792.90906508545 -169455.11630545883 -0.09107001951290734
-102685.28159635258 -186206.7339910992 -0.3240532480747173
-103308.15238816773 -211648.67078590553 2.5321481995510644
-105308.87074758967 -232360.15154660473 -2.0499963548317623
-106184.28315595511 -250816.98670162752 -0.5668350316965886
-107176.87563244258 -269623.58802711265 2.4953243034828554
-108151.39893622411 -293858.7158781941 -2.434643999513942
-111252.82185264197 -326191.1622862996 -0.9638315587141134
-111002.32748206145 -348199.68201334623 3.1271251624442074
-112808.39088847802 -371369.4301270155 -0.17890829801138505
-112499.90079915787 -401346.7710186757 -0.18816747188845304
-109346.05050925932 -433780.40757853887 -0.0431258138523739
-106052.22527018937 -466191.66661541583 -0.035643717947811876
-107611.06536980499 -496418.08678171306 0.34665087753588875
-108133.29085107613 -532152.7725006728 -0.28022195606273304
-107362.0438008704 -561040.4188052941 -0.3677585945666866
-107585.09491004056 -597953.799349622 -0.9033407363124061
-106869.86034520643 -598225.7212182643 2.3462377919148523
-109507.71374050809 -597472.2185934775 -0.6085510840732022
-112909.11847663514 -620021.3723988518 0.15658733114805487
-106993.50400786212 -645064.724189321 2.9927514313626844
-102684.1029908376 -669562.2378593816 -1.2141070929193367
-104829.12380867015 -686207.4327396038 2.86752750589166
-104333.8080901331 -706236.4320273072 2.449887224834871
-104060.57219166923 -708147.1033576218 2.9825262049934476
-105867.4007184401 -725466.9047006867 -1.251717451662411
-110522.96014796928 -990223.8758570998 1.5665546365641598
-118748.74699271329 -1208941.5250707997 -1.723807812757763
-119405.58590266173 -1242390.2403813212 -0.3907812563384017
-96273.65398222485 -979200.4114667188 0.13827571377205078
-94217.52796135534 -971633.0118508909 1.2306452395453533
-96127.98167115933 -1012372.5050609546 2.904756422854146
-98804.37842812848 -1037656.0199587556 -2.3665384688047717
-101276.63689048102 -1047307.980034426 -2.4214234913622614
-96904.38096230282 -1047682.1986233738 -1.4246065921183577
-92582.70566540421 -1048249.9043104633 -1.185988766131164
-88803.45493905552 -1048584.7853999564 1.4919842621374118
-85579.88379239631 -1049031.4483435764 2.4559422479011577
-82517.84469780757 -1049334.8845938398 -2.753436756577709
-82388.3964963502 -1049385.9723886608 -2.4067450077037935
-83718.2685301808 -1049376.7579994102 -1.179641124218408
-79672.51442646512 -1049158.7223478833 -2.428168109096072
-70545.38903955284 -1048960.445307306 -2.5295903399962776
-63040.96050049051 -1049500.388947595 3.0793478899141125
-63238.63454670248 -1040367.3551841135 -1.7835731354883526
-59586.579672246095 -1031558.3728499411 -1.9908116205154585
-64986.38273061826 -1022089.1471058087 1.1768819543704294
-61925.53064091763 -1008674.2205744726 1.7993660580908952
-60969.66386565547 -990634.3778019665 2.8762452397152307
-60051.0722483052 -973099.3002548756 -1.8096089607682797
-59212.25522605163 -950646.2851553432 -1.347793315967064
-59936.538250003054 -931979.8878974282 -0.22902307822789067
-59829.412187925554 -916905.0765841897 -1.0527300894112634
-59580.73717277076 -900341.476199761 -1.8648736341573566
-60814.110296149796 -881776.8996004732 2.773182257516703
-60315.582232386274 -858931.2834083493 2.5402189657498186
-61694.73249228924 -832656.2589116279 0.5439844644827931
-61765.95544819212 -826663.7179279765 0.9687087450005446
-58972.47352212257 -770201.7059444434 -0.4706152123052494
-59203.15765439157 -728336.688702109 2.1559814143388167
-59352.88503134646 -708920.7525392442 0.2804281132092197
-61506.05395366109 -683508.5051729351 -1.00022543023363
-60382.88969899311 -581897.8022961072 0.9125272927418241
-58869.81624719297 -517036.4810982556 0.7136005142198732
-58773.11527121457 -453247.15029636666 0.35943216033995495
-57427.20259330605 -387381.7701116623 0.43594212872021043
-55836.329495059195 -323453.83596518653 3.0203927354061144
-55980.81313807021 -279871.05880151025 1.6479784423844643
-55113.031927147735 -238942.99037811506 0.6392220599359593
-53961.674591937364 -221202.9999593591 -0.7585894165767348
-58141.4792959932 -238728.11500886152 -2.7799726703256247
-58528.00301676011 -240262.85101144415 2.180649972509556
-59614.810013903545 -239359.191407443 -1.7441779944397422
-60205.24090766103 -235880.79938219613 2.578950918155469
-63640.870707801645 -235502.42274565875 -3.080953449729398
-63583.43911921729 -235573.585489026 -0.1620615198456689
-64898.71794084163 -235282.8116357868 2.514355790754606
-68351.56265980008 -234681.0313083836 1.2498392778413534
-71389.79751809513 -234172.10213176146 2.7651991169185957
-72739.36561398482 -233768.52068641005 2.9807127968483176
-72731.65940361426 -233765.26433147016 1.0219313340303346
-74915.55797273597 -233074.79394458243 1.2504510099701784
-87959.88895554356 -230055.87098003968 2.0033648297108653
-105403.53736952043 -228915.77821749344 -2.8750479408411227
-122127.28295706004 -228764.45073117953 1.4163211477742201
-139430.4140805557 -227662.75682693563 2.8121998439340548
-194209.93081214838 -222418.2728908454 -2.367076153934091
-209526.08638186063 -222144.8898856312 1.4244648599544314
-229922.54499087163 -220698.71096614117 2.7717952210518457
-228077.45747543764 -202429.1153736908 -0.2992856503301372
-226643.31866849295 -181871.7143216358 -2.0354797401838676
-226343.53867118314 -166710.62283879693 0.8995854114814507
-220677.93923664323 -131216.94436191735 -0.022231952861896914
-216282.93970430043 -105812.66848390654 -0.24757642945803585
-212833.9684613521 -80370.66970203025 -0.8081805025544953
-209183.82466878562 -57061.40211327968 0.7125173968926104
-205751.41618335972 -34041.330496026014 -0.5103554284384725
-201778.17377244984 -11315.91582491759 0.30430591885237485
-198503.15509716675 8774.525045329005 0.7964913176022856
-195292.47697116752 27113.062477404463 1.931918993078688
-192968.66275757595 47242.307540475165 -2.2006892229943253
-190783.69687131827 64118.398206738035 1.0550257103489944
-186182.6399358038 74960.45676987292 -0.03341013230472509
-183410.72699573994 86053.54432107053 2.029929693958529
-179903.15172697167 97984.21988414778 0.24039137672106306
-158765.11162863427 139080.83475983565 -2.1570339786587676
-136159.33674337427 174375.90007946437 2.8197393924227865
-104574.98785684428 220281.6675387281 0.4613688187254447
-78343.40682426255 247612.24011064795 -1.1946875175729763
-56719.43286126183 275094.2356214414 1.8289567254326409
-36389.2110799708 296256.0251993029 2.9030101809237636
-24006.776008890654 318065.18732847046 -2.9970531377001377
-2536.627460292806 331876.0064648487 -0.606035757550924
29129.43226919357 336547.03849325766 0.2866945545869848
54257.259038884215 334469.866897509 -0.073645424992126
64475.03196477287 333518.47064562974 -1.8460777131575332
64239.85257589286 334017.1261620133 -1.9723768381304134
62372.507096860616 332398.93789915723 0.49809672714169184
54765.45294710423 337597.01892708667 2.58972043243639
49255.6339680014 348053.6487511889 1.9497151831490098
47140.676992671695 364861.9484870507 -1.30480145818961
41084.775536157365 400020.1701876945 -2.9657731520231416
42406.93224679737 431763.7680048883 2.8134565937854967
39779.37769880504 506584.57867492904 0.4194768966417959
42983.572658451565 586645.3966598453 3.1206820100332724
45103.117406394966 696460.9308112762 -2.93242459496977
58107.27730315474 779308.38823651 -3.081810410603233
59942.577480434054 890305.6990414745 -2.676143218903213
60388.324022416426 1002250.1109245053 -2.8477987478396587
80371.69374204644 1093160.5343648638 -0.6260230519029016
86013.08670784243 1197930.5541003512 -1.381744766976748
91636.34432009005 1289206.7327529169 2.139109941539906
96799.28136722477 1377557.1192794428 -2.5192828140873753
110504.69515970202 1458332.5481955663 -0.4166428920936272
124016.05411422568 1535910.7173496548 -0.4653838394056762
131801.50959368044 1614049.9438502868 1.8243869992471184
138983.59285627154 1698534.9518736582 -0.7894709272464873
155683.1432073984 1791329.9362114724 0.27486327777935315
171010.92171241305 1874219.5336715218 0.3000748499601461
238170.04366286754 1861814.7366246525 -3.054911254211832
242595.98829365845 1831728.1346948834 -2.022053596618237
213851.48251672316 1821220.8482313948 2.3240578044057916
230724.0625484203 1809328.2123914948 -3.001868522405497
297969.86941162427 1795273.7832790962 -0.5296128617534933
387139.7175897334 1775339.1166279782 0.7008428209848162
489819.88797936746 1750684.4239984378 -1.1404332776581925
587203.3449303997 1732641.1954636073 -2.814972297715259
657589.6358519198 1715128.050379299 3.119397259414358
673814.7000808803 1700053.575460621 -0.8765236674695782
650137.2628009784 1709367.1041987445 -0.8816198957595145
618032.5424243421 1718617.2879471462 -0.8854574647400483
583473.5547453593 1732725.8222334783 -2.116444445309977
593736.0649465875 1739247.1295905155 0.30087093604590726
665473.8731299617 1737732.1280356548 2.5512206532915287
706589.7164184886 1733374.4454634506 -1.3552128826845455
711064.0790642662 1754073.418344762 3.0207360833327606
705697.7390442375 1757154.3781260487 1.9149261870642336
753741.6774885384 1738001.349757417 -1.5271597781315784
858864.7809798236 1701722.4458838736 -1.0041435536463688
992351.4548334051 1662126.5187395012 0.1069728030774994
1106294.3693107297 1623842.060062719 -0.09875406833966065
1167961.9920055124 1598140.9859434897 1.3338464087477884
1178452.0057593242 1590504.5652371366 0.01659699705230492
1190777.9623457806 1591745.4956694935 -0.6840304515753175
1214708.8622838052 1589694.1842826898 -1.2577094620783802
1266655.5319155878 1592187.1013413437 2.129085659832691
1342952.9927735755 1601960.600548742 2.460199359177681
1460582.4463171198 1607985.2294653873 1.4257269120103055
1645440.277732134 1600424.0963616197 1.8384850514188635
1708216.320972509 1869576.7037043073 1.7282438787617813
1788849.683302451 2127176.4007679173 -1.0266575201101105
1864857.0886193104 2372480.199858218 1.1996592910445958
1936889.5480897666 2588896.8447403307 2.500699021908115
1987111.8632927225 2777419.275611377 2.5271849271187525
2031572.8945330877 2934549.8244863534 1.510685927302388
2059050.4543407585 3057972.071087477 -0.5746240869928517
2075769.1260203698 3147063.4740043175 2.674768299256688
2080207.524635916 3181377.879294619 -2.962186575840748
2082359.5041625444 3209149.557530986 2.122756009344866
2095648.508152244 3260639.2827434307 2.642869031288955
2112641.0973919732 3322539.383677275 -2.283974067749273
2130696.826287111 3401909.2414655937 0.8725813176593394
2143943.5420459695 3446474.4829611685 3.000190663805287
2145368.032093686 3463876.5178904957 -0.8900568602735188
2092126.3919924702 3448148.5102884276 2.9990117554165168
2051770.2640251045 3432254.910837266 -1.1879387437758546
2010628.1989915846 3418296.963130706 -0.41675442838586824
2029668.8489878038 3425523.986437557 -0.1570818195190494
1956821.2848525664 3408432.1683978625 -1.739960780886089
1957245.1151432768 3380128.1793144876 1.0277405301472506
1939337.9265206344 3328223.7979934067 0.3141708228228699
1902249.399734208 3225899.57692115 -1.9474668849707593
1857614.0072120056 3094253.7564245285 -2.8748736349287145
1806405.7133159838 2985416.781191499 1.1338934813731871
1745496.8994686499 2911119.330240544 2.4299255911151296
1661526.7785860882 2747105.234387338 2.4136811135707816
1586245.8546565345 2533518.4973359797 -2.456516249507775
1501626.190863895 2322012.0237137526 -1.9942294964476854
1457614.055159103 2179932.8835310163 -2.0268974336008134
1384235.2383358795 2014005.3610507362 0.0402383221324521
1303320.1209258155 1839461.5041222607 0.2858144094931547
1239853.2655249564 1701635.9442426353 0.5382633418436883
1204978.259583532 1616226.6034124226 -1.343139162144584
1189218.530231609 1582757.3614429496 -1.3028443436861818
1162180.2889621658 1540225.9467383616 -0.6682461757319009
1125436.736617616 1482049.822075277 -3.006574277427249
1083338.6364611778 1413886.9754219507 0.5262625823148528
1048682.2315003388 1359371.9257411337 -1.3979915302192527
1024177.6398528683 1331281.7997954627 -0.1664188006679495
1017387.7991754494 1329693.7434848652 -1.3325370462102202
1012037.9177465625 1329406.8326842543 -2.947760660568608
1000691.3659695609 1327368.5723657815 0.7392801146485211
965771.6733076734 1272001.3785159516 -2.589915435434896
902152.3597617135 1147400.9923049256 3.1018763758438506
808667.0359745604 974849.2122016161 0.19939123436679437
728067.2446702619 807397.3063844619 0.9033280711542653
667066.5129534217 665841.7202967016 0.3580853191804013
585730.7951259091 508333.6227298454 -3.081932585214056
520063.32891856105 367703.17888195865 2.5768351896699424
453237.14981247723 243759.33747323076 -3.071557278447754
413589.0257924859 167232.2820390619 0.1884118019669033
393132.1991602262 141720.58081390502 1.807123355506709
391076.00835804036 149531.13792024163 0.022756340574903215
389792.48979742354 155067.79251079372 1.3665832157084168
392256.2664510248 166247.16434734582 -2.1998043295076917
390391.38158576173 174162.6056541998 1.683629519317559
383777.27562524396 177924.18397187075 -1.5895340239135394
379696.2774487723 172040.57884479655 -1.9156575308062556
377260.6822149007 168113.84829331617 1.1016895707502121
375584.36015648197 165424.34864710335 1.904924798917312
373522.45847270294 159068.98687408908 2.9193272860842923
372877.43860828696 151769.72964968884 1.031097253207288
372996.02097333997 146848.66051773482 -2.114882237640928
373179.0411798209 144815.29567210254 -2.9165323493938446
373221.90133985184 145688.30461316902 1.486382417818141
373087.8149999706 148347.55273310214 2.6381692378693744
372880.65189360775 151606.68752538433 1.2625747816298671
372732.0115179144 153395.85564282135 0.7970888529465718
373329.0065258547 150354.4676994363 -2.490604448968981
373266.71431674866 140003.7551091134 -2.471952556558795
372682.73916192027 123680.33106585339 -1.0493323927857485
370444.6864701637 109997.9996584017 2.430441393573841
368225.661863886 91832.8858508867 -1.6488129287839914
366777.3604284596 98686.51842976233 -1.9992170588169305
368994.41626815096 126947.43926361977 1.122715817149761
367246.8448800656 131327.75967779118 -1.4845406422207812
363557.0716685873 112245.0381232251 1.2758942557472093
359972.11752314516 80286.30559778481 1.7861432750661137
353211.9180529145 36032.65340706935 -1.438956357543462
344623.8750575298 -14814.45991910103 -1.4160747537053422
338620.9700311083 -65113.599759686746 -1.454384555565361
331058.79756166064 -114188.05001269672 -0.6745106013408931
322394.7589816617 -179405.9399315448 2.1889097801110404
312549.2485208554 -258950.100808702 1.5148288293371044
235678.47515744495 -247157.86249336464 0.8521227163527147
174536.7281272755 -239607.55160602237 1.0034658013031206
125082.7287622125 -235149.00647268334 -0.8958164422337489
86190.8240565514 -231927.18452686406 0.4664303368971069
56210.21931932488 -232465.81242571343 -1.9650118736307116
30250.46860963286 -232764.5547597723 -2.121281989731542
5972.312297917756 -232339.71638453472 0.09425276294851033
-16603.302592868095 -231317.54320415566 -1.3928327981998023
-38833.20699211576 -229866.9639860493 0.22980337858683536
-59828.569836488925 -227806.4153349219 -0.2922408022407094
-60468.87617709902 -241599.89709931388 -1.4924648722994898
-59039.79015997166 -242056.5429398185 0.710188625248643
-52352.13911816437 -206826.95833795954 -1.0980184917429727
-53517.77868095902 -221246.98374566075 -1.8171863426982733
-53978.69360734948 -239247.08236424686 -0.06380773303788705
-53228.431024510544 -278848.318201003 0.6971609627297011
-55272.10922747043 -322627.7860101763 -2.3381992288860127
-57944.71358769596 -387168.7999153119 -2.147955406398096
-58596.154442969535 -451483.0019363362 -2.442931546404475
-60519.867350202316 -518280.7949387539 -2.760699779405949
-59626.75462086143 -581827.1654150484 1.3336887053368618
-61678.413418392636 -685457.6357079542 2.2464701348716156
-63554.24816749898 -771353.9206817658 0.7998572266658354
-61889.12752139521 -809576.1507366925 2.4482248852241693
-61684.3462615151 -819138.205731689 -1.5439990953408516
-60894.14493303953 -805487.1946148071 1.1506640308896765
-60509.1425344893 -832746.8081701496 2.697878841928694
-58982.8442914537 -864240.1005718687 2.6202151243848353
-59502.2860016282 -882002.4960707688 0.23548037373725364
-59865.15436424847 -902177.2639644912 -0.008205601362090493
-59974.24163648852 -913090.3215352733 -3.1032625416766444
-58904.03186192763 -931721.2016404677 1.648109226672946
-60323.92423681419 -950137.806932464 2.2502017989062093
-60958.94228337795 -971949.1508210653 -2.3260526876620076
-61195.30063116332 -991591.5010963724 -1.7399273215095976
-62605.337228822405 -1011260.8548646125 2.5850924183678305
-59321.29778820964 -1023309.966161491 2.6112843279045888
-54931.41780454428 -1032982.2853514394 1.0465390251758069
-61349.42411245689 -1040897.4823611245 0.23674976411093424
-64551.332710526854 -1048746.2866018987 -0.9532453157761552
-65142.415406701075 -1057618.733992231 -0.3573806315619836
-65739.44772350359 -1064279.2093985733 -0.8279668977493281
-66083.79072482542 -1067915.0769112138 -1.939785808300194
-66307.4108598909 -1069510.2830185043 -0.28510365707574153
-66407.10724741995 -1071868.723254026 -2.4146801878153363
-69148.25118465448 -1071677.757195533 0.38597050663021004
-71956.20667516904 -1071550.405138076 -0.5652036847039597
-74717.84724309898 -1071360.7731965224 0.7061759030780694
-77590.84908761195 -1071229.2405653682 1.1831904903916577
-80610.83710281682 -1071112.7114179519 0.5505865609471402
-84165.46720397953 -1070806.0443174373 -2.7589751297271676
-87901.67484922375 -1070690.0089252868 -3.0909455609812397
-91703.09019540495 -1070790.8098323636 0.8188815185553828
-97261.19252920448 -1070560.1155477604 1.0717039946053342
-103419.290778753 -1069815.7048541582 2.4074590184240723
-110625.15747220747 -1069379.1855481877 -2.810733078260723
-178542.28579304297 -1064412.5167528347 -2.723969608420861
-193125.29943655204 -1063303.4154587116 -2.118290663944651
-205475.53782017762 -1063423.0622077642 -0.7188037250919364
-217626.38012417592 -1063247.6781442259 -0.95209488937326
-218218.56716092315 -1078244.74026562 1.978448986195128
-221159.4592531464 -1148227.2685124902 -0.664216262862366
-225726.976768805 -1161885.553025047 -2.642881681307985
-222095.14563461213 -1175284.7022585713 -3.0568144888112023
-224887.99784603907 -1189403.1803055692 -2.651621049831991
-196349.71082063625 -1190336.5368380551 -1.2998067087833847
-173338.963857081 -1190535.8258759174 2.805680220194779
-145744.68405882252 -1189652.6693368722 -1.432270432638787
-126869.61812874425 -1190583.1468002386 2.3257401542785456
-124847.6067120779 -1191225.856994945 2.676427904972636
-106816.28696542821 -1178014.7946379646 -2.687631174209881
-106545.59198874325 -1165200.8466489415 -2.607611097971078
-104471.67061692078 -1131032.6395881725 -1.6349090396813046
-103097.59410055354 -1076709.2973540246 -2.383492489073635
-102947.54751393275 -1069562.0097856577 -0.1242400421518131
-102292.06225622592 -1064203.822024136 0.381398132692736
-101872.3206016088 -1058941.2817739581 1.9378056312048797
-102188.6819242691 -1054299.6988517642 2.3010231012337483
-101775.00951353592 -1051690.871752829 1.0125241699528975
-101473.72933202048 -1047560.3289287295 -1.135111625052336
-96669.78983947056 -1047917.3718834352 2.6171855520787077
-92343.39946624599 -1048434.0043799564 1.8400805912905833
-88742.52463868418 -1048663.915937921 3.091738093483329
-85196.25988094238 -1048912.5600902617 0.7507541248195394
-82338.0118242432 -1049236.4726113533 2.904284833023439
-82430.549360153 -1049047.6336603535 1.0613705519834524
-83284.77789153784 -1048864.4801420325 -1.618594949837863
-77789.79315360717 -1048920.1061011965 -2.9633462672866204
-70469.39190967259 -1048976.809326222 2.8158233588301655
-62660.404841986565 -1049621.010075384 -2.2613883877427248
-53177.543388835904 -1050834.0922771445 -2.820167372666856
-44464.803887419024 -1052856.6955078265 2.393306508126689
-39993.271649824535 -1054581.061206599 1.5212766068767503
-37259.298925416006 -1055480.428842796 -0.0995189220940568
-36323.12279124522 -1056004.6104489933 -0.8415935669869111
-36953.771687803244 -1055958.2687490035 -0.5403409847685801
-38719.79957521364 -1055358.032010179 0.3126005959711828
-40967.02313563128 -1054374.8430389238 0.8579064194458498
-43107.12107877379 -1053345.9858654565 0.7744679089290066
-44919.44018958531 -1052283.161335182 -0.7455764894940176
-47823.140197124514 -1051881.2243198527 2.4071530020241845
-49656.81508843271 -1051109.3819030437 1.1330428952497285
-51645.23207589895 -1050237.4446112143 0.13758244388386212
-53585.69402199938 -1048995.6137329477 -0.5385390454330835
-56215.36228119654 -1047782.3754937728 -0.1433723280335852
-59687.68262019845 -1046338.3771207923 1.0977954618373926
-63868.39925389792 -1045122.0581301614 1.6545719034357254
-68795.66783182995 -1043983.3152630788 1.0348793156562293
-74006.45612240798 -1042916.243057521 -1.464102587047422
-78387.75369475698 -1041805.3490802891 1.5386348493507367
-82960.46854497264 -1040616.9959220387 2.198502484284671
-88235.08075654192 -1039438.1845200416 1.6352332856616076
-92802.98570870505 -1038337.3329525206 0.31846582529928213
-92732.59395642535 -1038810.4779882373 -1.748028988406159
-91340.23244739173 -1039527.7773493772 -3.124989957416959
-88110.16028286092 -1041107.6095842854 -2.553436445277634
-74498.20606859957 -1047531.9876569803 -3.020242793313453
-36494.720418044104 -1067371.300400346 0.30836477438725973
16836.510855351567 -1099972.8270725992 0.5353374536734639
65211.58768692365 -1135533.2309107287 0.02401956744062825
97946.2976208705 -1164649.0981431738 -0.9842942156404703
117319.27251770144 -1183941.8215319344 -1.9178318578122924
129396.92259318841 -1197233.675561085 -0.013115112808970646
139658.73576773476 -1211493.9074709895 -1.7717058663756906
144783.04909909517 -1219557.2627506966 -1.7977745780368486
152502.04547102423 -1232830.1189167616 -1.8566271601530204
154632.51700282822 -1236389.8125516907 -3.099176632760038
149227.5616328303 -1219420.7933612785 1.6119454291751476
137942.25240757043 -1177320.2872646155 0.8656131706517994
125473.42644351206 -1121844.380561901 -1.2416652037662184
118143.92327414211 -1079498.8220842758 -0.9391788716617239
116509.86786584072 -1071559.4176387165 -0.8580207338136211
115368.72009782493 -1061386.5207586866 1.6838438254371089
120289.779244496 -1083371.408530967 2.2665987246370545
125020.90678054842 -1118143.620923316 -2.5281091578496606
131528.34338032088 -1149578.9044213402 -3.080112436765175
141220.87216037128 -1192655.9623105 0.3860781078721993
176812.07083398994 -1366831.255219397 0.2535617767839168
193466.4320850141 -1471144.1486051152 -1.1147843065603125
196496.65011062782 -1504994.7229590574 0.9772450055931967
200323.51380122895 -1572540.1892594357 0.5130784107485226
203388.15368658898 -1680328.67945673 -0.01025521374579153
199252.07441553625 -1713261.3080580155 2.5417611770529027
198359.80605690228 -1748552.2295301417 0.8229772586057783
198885.40941992652 -1787949.81365609 -1.6692814570460899
198274.41762881575 -1848505.1911999097 -0.14009363420825638
189555.83082426415 -1964496.3260767062 0.7643844495033917
176077.0945874579 -2047729.907230335 1.2145971060078888
161500.2327241007 -2120801.1547549795 -0.41109778594039537
146674.3527457385 -2200877.6493732333 -0.08443585279965886
76274.3697579441 -2190558.0444931295 2.748054032896668
83329.13689639658 -2192317.3304306227 1.3399118708930784
15201.90900847785 -2181638.5263535627 -0.500145187693909
-60885.02645245283 -2163786.25159775 2.9053435962534837
-132160.5801118366 -2143820.896154083 2.0970520798962875
-147574.69178169355 -2218566.4255661587 0.09646690764980122
-168382.0572080565 -2316742.9413498105 -2.5749800251715964
-192722.39239300022 -2395709.9274312025 1.018170501557285
-222470.52908721493 -2471596.94368205 0.8053016218062724
-252349.50375492912 -2552945.801027172 -2.8447889772413086
-295574.0176989777 -2640263.675566748 -2.6358013352675465
-332751.0861335931 -2727187.9643605445 -2.248444130661729
-364832.2331524106 -2804739.4314716095 0.46397165497203585
-402742.40689436346 -2877075.7498561665 -1.5187998467597708
-446125.7520235425 -2956385.680648804 -1.161379489197035
-479753.98989151575 -3028631.7387501295 -1.177163301464543
-520656.23741776985 -3106062.6515805237 -2.1691693155346914
-614357.4595512974 -3272522.7953387443 -2.8576271127419504
-715724.811339712 -3444163.0128911217 2.0845748849343226
-870462.3328802853 -3648371.792535233 0.6391043965660832
-1124945.7007736075 -4004914.2670751726 -0.17830246706750505
-1532373.7782390888 -4522001.92307559 -0.24018725577303027
-1828188.719785643 -4920319.474196112 -2.2228152389796545
-1981421.2912184088 -5092509.084333305 -1.766014301649779
-2129251.9979046187 -5261883.853849282 -2.0469570771418484
-2289003.7115638047 -5426290.67624548 -1.8530489069273872
-2442241.50383653 -5588076.919593515 -1.416614294716191
-2604701.144670056 -5755955.7246523285 3.098713043192
-2784872.0216408046 -5930480.004351086 -3.131103112365787
-2960260.900220518 -6107822.452374648 -2.698363576818521
-2793479.710208163 -6287049.087217239 -1.334651465585723
-2608465.169960683 -6467001.899285415 -1.6587680609342346
-2429599.940644038 -6651148.350709084 -2.3089660422640663
-2348841.4440009985 -6727188.755636 -1.7813395971064077
-2040386.6109518798 -7023685.041775749 -2.3896471066640887
-1846520.2605326606 -7200651.723160125 2.3314507512808142
-1685112.110029147 -7363758.045410576 2.8231256152200186
-1522947.4305262903 -7520572.445723924 -0.7795711995784929
-1320964.2358557833 -7724756.712226365 -0.22768289715985734
-1125238.626098147 -7921614.213916512 -0.23203851374087986
-942271.7808010987 -8128958.458689607 -0.18833715025683978
-744135.3564257175 -8337150.507067649 -0.059973395703009545
-537736.2891858493 -8539085.760477109 -0.1948549441658155
-337770.6406969018 -8743167.805318028 0.11626831494479417
-161082.36044286337 -8947487.648673946 0.28296780300191515
18090.05218791058 -9146561.2072385 0.5104644861969962
204127.12069967415 -9338130.560488638 -0.6297411014329916
386886.3026567849 -9527668.754421886 1.779527413849473
566106.198326965 -9703241.691639232 1.282705329231223
748711.5866898048 -9892457.931811802 1.3379311686241926
916111.0623261717 -10073205.372627467 1.209988083210322
1098625.9231144285 -10264826.33738358 0.8514665345678553
1264995.811140729 -10452775.064697804 0.9545712411431112
1440795.1542475608 -10646290.335788267 0.9625168969425288
1585988.041430658 -10823531.30563675 0.550099024260241
1769205.3215245113 -11019294.213382797 0.8656674041687089
1946048.6083770005 -11204619.470387246 0.4844627459283956
2106328.014864653 -11392152.099823115 0.7374700680455852
2259738.613757123 -11564859.709886786 0.41015774042534786
2429708.006619593 -11741586.690458769 1.089199155828466
2583926.384645643 -11904879.363611674 1.4614336793232734
2726933.707260338 -12060809.287953168 -1.5206634950836262
2825062.62852377 -12176285.297759918 -1.3096660241966367
2953052.9906526273 -12303024.703893766 -0.9112403149416967
3066634.0254190583 -12420020.801029861 -1.9429855895654182
3174719.1126387375 -12528837.883326212 -0.8916503367261848
3285944.644785892 -12636524.442338355 -0.7808335872217418
3381132.6400783663 -12724116.224350475 0.16514191275657167
3437839.768561835 -12777704.320019858 -0.3126403430786405
3516355.8291436154 -12841293.11202936 -1.120465449003549
3584306.462638519 -12891168.742319249 -0.8579893743040277
3659242.456606401 -12951996.206863342 -0.14978373530868208
3715355.188657934 -12991968.096106365 0.728459718002889
3751061.653979082 -13005313.075152144 1.7859810364415107
3779515.57008809 -13015951.302173115 -0.6405990628953122
3810136.5525679495 -13023971.967089338 -0.6125532920154851
3835785.1730953557 -13027086.394794006 -3.0098786101803845
3870568.217782067 -13035178.295896582 -1.9238680604068932
3890455.237006235 -13026412.085049644 -0.6883815582454718
3904639.463526725 -13028688.594329713 2.891492423332881
3885031.7400993956 -13012627.638237631 2.4437702928040426
3871283.4140506107 -13006140.354419727 0.9003705411467336
3865097.3706881013 -12999972.694072612 2.1161761329392763
3795873.4992493265 -12900472.341065587 3.027634314951083
3726412.3095716084 -12826633.276163803 3.1227087591022484
3646162.152203842 -12755390.470833875 0.6911043466995112
3521511.15894936 -12575428.445409944 -0.6598407500488646
2944385.1326072244 -11491026.469128883 1.4522349943604356
2533815.433165382 -10803024.066394271 -1.0702499964339445
1923134.6440232634 -9874729.82534206 0.8319904908205187
1227492.5226554356 -9320368.177080316 1.7043680269460681
613909.3381719196 -9068568.869923612 -1.8703496515621643
80825.88187009096 -8883705.610068696 -0.5195904147133859
-610942.7501794029 -8469728.660621896 1.697665942217628
-967017.8330606513 -8261240.1905917805 -0.4541621278877937
-1049686.7090137345 -8184076.856303318 1.810686819992067
-1188877.083425594 -7882194.9057178125 -2.4104559146407056
-1432656.4772061412 -5923445.735806141 -1.5770465554769397
-1144266.0477278556 -3740426.903796909 0.06601648796133217
-707172.8446404607 -2136964.4395929407 2.4135638071317946
-314150.5436394217 -949782.9838730497 1.814807795343975
-263578.78958285565 -813889.2062936606 2.469893807281307
-315457.53585758567 -947033.8177428092 -0.9799858569759696
-189302.52869601536 -490162.48775854777 -2.4717748796299435
-133647.28577500075 -233307.02467933786 -2.7586482694513013
-205180.81617870525 -448095.16323005327 -0.40067782836225196
-187174.63132049108 -357884.5959079019 0.30027190084814404
-182646.94100079066 -320731.15054101154 -0.14284287619962474
-179482.07186487367 -253497.2684572769 1.0203444342406096
-163051.1385101393 -234075.71451067604 1.7136748911175412
-177055.39449058796 -188202.99262647497 -2.7141215468754982
-172084.64563669934 -172138.89036698246 2.9003235195459145
-157003.50228873183 -146771.10494940152 0.0771075280140773
-134451.62491805403 -109266.14059828751 -0.5037969900777896
-125556.06353004399 -80192.7742082434 -0.2224444959740856
-101600.31060758069 -78281.11278818447 -2.853994529821052
-78988.62518995305 -65906.54404949246 -2.9253378272448307
-74697.80860644573 -11150.41250190476 0.77718782026363
-158451.33343616882 2645.921006626395 2.643035847797675
-307963.26053655066 -125705.18554632537 2.2682279698503183
-422556.886121404 -205591.45247275656 1.5939532574974205
-408549.543972636 -178755.5984466971 1.1288166972239746
-641583.209616617 -451311.90810716315 0.13913637686474584
-732423.3911039549 -777038.0141710421 2.573634901667946
-485592.7694015514 -886853.5414548231 3.0070110716135394
-297101.3066466127 -877838.4974156703 -2.077064812761407
-211839.0505483441 -868125.5210821158 1.654739584147148
123721.94374095324 -884193.9775720547 2.4372679904229644
444838.02028407285 -974948.0255912299 -0.34702366182140354
748035.774243207 -1008340.7679053582 0.4463748935845168
1088569.4422134617 -1070152.808220474 1.4382536699092552
1350237.7524890462 -1045462.0241200441 1.8261077079987655
1687800.1480991081 -1207023.4279064378 -2.9315955121981867
1844091.3029309255 -1255930.53063048 -2.6107486077075066
2006918.035445705 -1229593.951920278 -1.2011605598475537
2167473.7293134374 -1244262.0193095806 2.890814831357791
2378119.1928035775 -1140175.3611474824 -2.958644928902676
2625503.2497775853 -1085781.2912329545 -2.814018041835602
2974723.4842353137 -966685.941260912 2.3154161648178886
3373592.667537373 -854058.6934012373 -2.080053248746381
3789132.7234443096 -1255883.2571530007 1.7568529171304925
3976784.595277935 -1720661.7776953862 1.3794136183100374
5237778.227034992 -2383322.4389034742 -0.19024177226003144
6091190.170651418 -2744416.856428891 0.42289962359165406
6054466.260666449 -2982878.9309008145 0.6103471129793558
6849747.642762136 -3249626.8228310416 -2.8858911323271705
7341938.967245212 -3251859.575995211 0.9132751810277814
7780191.126731554 -3132463.3883911055 2.2591946667878946
8028759.401527409 -2985734.1724759196 -0.22368559443653094
8019995.326894342 -3000019.243394838 0.15760473734066965
8020784.153225922 -2996311.8640841804 -2.977112218603521
8032686.519223636 -2965161.4637730136 2.295674722957481
8071295.023579631 -2908541.9185981546 -0.8293662456765136
8095913.430025803 -2855697.0700727575 2.961415206265959
8183519.348134605 -2683777.146831261 -1.1434032986489175
8211799.611929386 -2578359.6937304013 1.73347895555842
8280497.071475154 -2436558.165686363 -0.2871499611514332
8313544.033343511 -2346961.8011548133 -3.078365814682788
8390245.51198052 -2244371.283241232 -1.434662085367421
8404697.816450562 -2177257.57970389 1.336790340195701
8438682.352146769 -2143457.690709394 0.9704678179068719
8833953.629493274 -1893371.5456920562 -2.073403467779264
8924026.62320687 -1855214.87761059 -0.3467325236426082
8639395.295141172 -2014425.3845683017 2.4290661881249855
8450640.463673925 -2145004.7143096537 -1.931397997458123
8299243.505228857 -2299549.9904676103 -2.1426779261894233
8259108.555247966 -2464284.2906180117 2.771893235578063
8299354.127592709 -2468684.039577128 2.992302484019564
8349707.2127977 -2447628.3791832733 3.0004625570189556
8411060.028687118 -2408975.2435371014 0.24770229014135836
8568709.200157283 -2403072.013437662 1.6745378787964573
8634762.75415517 -2510710.9329794515 -3.0206299463910784
8756279.53561334 -2523497.567488323 -1.0272909603197136
8936802.73384278 -2108902.1311999243 1.3426291971763946
9158833.89449104 -1964911.9342968524 1.805754480496013
8963608.776118305 -1975561.9194146604 2.5351354272092155
8805412.077634761 -1912752.3859175823 1.9598730337475327
8660425.645484556 -1827866.4381564946 2.9018586930987214
8580529.901929053 -1836540.4661214103 0.0212318266281083
8526230.602380548 -1797730.6959343045 0.5301224145059946
8496503.403831763 -1789372.923626771 0.1770029237297099
8481619.670838254 -1774177.4353533422 1.0851215972875774
8469424.830783805 -1773508.5938938323 2.3115767423341773
8467727.157115001 -1786876.0674078977 2.081636046379523
8469427.623144012 -1808099.4350024308 -0.4077881407668865
8449450.15191213 -1833090.2469642633 -3.1025113760515524
8407239.90380671 -1869209.1136978308 -2.5960037456889142
8338433.935417279 -1958646.194845251 -0.6540975310516249
8247226.63859976 -1943612.1764259601 1.1914980070346712
8139356.806829426 -1954175.586496945 2.746146526414574
8030311.882335923 -2006797.1009255091 0.18458220128259306
7936194.317834603 -2053860.2749540294 0.6105392475457571
7881139.721888509 -2090918.2083929076 1.9883631797793544
7821577.5173721565 -2157517.0064036953 -1.5538684422571725
7766777.253042838 -2246485.689347834 -0.09756297380752282
7712904.187761125 -2327079.186032088 -0.855448619316977
7662365.012561326 -2415605.1837955317 -1.980519947200949
7611074.776520441 -2488698.4857412907 1.454597135133995
7558734.879002131 -2557518.4402086544 0.8966480947745239
7512712.294140921 -2626719.53049087 -0.17080848219506622
7585862.804368765 -2660703.174259289 -1.0614659818260863
7662143.84089066 -2697853.681124234 -2.0203623461281484
7721842.587812649 -2725411.4131222097 2.6717641027074035
7764472.992072535 -2743281.4670954947 -0.21693501930217182
7802153.118505418 -2765340.5482127564 3.055382560905097
7833476.884119104 -2783291.7390399156 1.0927352504490553
7866970.2734844955 -2798581.1571830185 -2.3070302544778762
7889086.269128723 -2811638.2162909 -2.8390802662434487
7903028.952459257 -2825901.915515013 -2.6429904708329
7902900.51293404 -2837265.241946591 0.8964562296265683
7904586.004758841 -2843227.3450218667 0.5600980313938297
7901766.346931788 -2847315.0304513634 -2.2240553768471947
7865764.15641412 -2868827.28421796 -0.6723395332131363
7814795.1565242475 -2916388.478510998 -1.218101333955633
7774572.046263235 -2999542.053834455 -0.9804977239353364
7743092.418866195 -3102690.3453223594 2.5381691761462966
7701443.0169615215 -3253869.0629805685 1.9185657568208343
7656069.164476113 -3452434.0791694517 -3.0771794181123617
7561266.074355756 -3726519.0826338157 0.9063278973013108
7554475.09148504 -3943772.7617732165 2.7829600852165615
7546281.53704782 -4185924.173935271 -0.14805595109770323
7537066.435129869 -4341470.492663787 2.82726400899161
7536758.281394461 -4343051.271324208 0.06470515139360769
7520822.940664296 -4182358.524560008 2.082164249140006
7507542.406063091 -3967464.3407836193 -2.8954959548647485
7457061.620382245 -3545662.4028588235 0.3607256388285602
7377532.997121325 -3288865.799358501 2.0525231487909794
7301312.400350539 -2802629.851429217 0.1337020036470191
7234794.602188292 -2425610.9696242656 -2.996362804710076
7079889.74558224 -1952344.4715535364 -3.091217751126058
6870159.403958687 -1447254.1678155835 -1.1837992431626807
6648809.449123591 -952637.8570234576 -0.7186542837984945
6496436.964904507 -400151.2573051363 0.4958572864271468
6209730.872404142 66479.02359480268 0.10251511469376645
5953251.9436215805 489503.59503668116 -1.2072917518550978
5710794.555019484 898849.2536373407 -1.8226465400962693
5479197.180560757 1293019.4686064194 -1.9148754045146856
5250679.863589402 1619067.069334108 -2.1826169666261643
5015997.960417475 1939980.6983636369 -1.2460947782818292
4814633.034385392 2203763.298977801 -0.8192849671188454
4609544.828638342 2445668.5180545785 0.0895794820919419
4419437.629191802 2642792.145799816 -1.9268827763432086
4235490.206906482 2840747.8132948643 -0.7765625094843098
4062822.857653348 3008354.88625929 1.2100919970846586
3892678.4652846837 3161743.259924863 1.0063375667701775
3715048.127487022 3285385.0999044552 -2.4020397094460844
3535856.9977961774 3361851.4439040897 -1.3834825893555907
3405971.2461686675 3414112.6214174754 -0.13886465224325628
3295881.0091864243 3475671.8356724274 0.10828945252544636
3175356.4176351535 3528214.29301263 -0.536515674307711
3062714.012456117 3571872.335722311 3.0196159780419776
2955246.5298413895 3617769.9717281903 0.6391596038537662
2826467.382398189 3640363.80507734 -1.2515809911323912
2696560.158019536 3652454.5882712733 -2.2529818146908394
2543969.283689389 3638869.6058966634 -1.7009208825392832
2443978.16261497 3634133.5270477287 -1.294498489277503
2388165.1211692295 3652515.0044939467 1.7645112058158807
2324967.318549861 3649536.5397285144 1.0225359512226178
2268341.9440784613 3642542.8188767126 2.0476785005480496
2222516.3088068026 3643378.8704911605 1.431341805105736
2187239.6175748436 3640360.220265542 0.2296226349024089
2154978.5507171093 3614530.379148686 -1.9234713360249833
2155458.928724855 3596970.4622497386 -2.294308417894228
2157434.2331489366 3578120.8315964583 2.676965420566939
2159954.864704875 3553791.9513605773 2.117533936106007
2165787.6575520984 3541044.810970269 -1.7352964116315308
2172705.7099490296 3532190.7005635714 0.6624745293273531
2177466.08555084 3517783.465250882 0.8730415557714812
2179886.596811096 3490510.3802798544 2.7212252499070555
2151314.679296696 3476973.2358082314 2.436103274966284
2142035.3298599715 3429751.1991208643 0.44403138027513844
2133357.21669032 3377137.482365567 1.651283329102923
2113095.1580566876 3316364.192003641 0.7148477829174286
2092635.744272844 3253888.336071996 -2.1297609035669325
2077054.7057758 3195371.7304995474 -0.016279254231180068
2079907.7105670718 3202326.2385389423 -2.5974262606493763
2062388.897250092 3222344.290166855 1.5551222108566445
2029078.4225011338 3243644.7157259868 -0.7716933333992103
1997800.721722293 3261059.473227728 -0.785662657951435
1962242.2841193445 3280720.046766814 2.425953966386647
1933119.9903931445 3298797.6256417204 2.9145069967668324
1907525.0845560085 3315365.4028147366 2.8692264139212127
1885802.8492412083 3332371.8779072887 -0.7392392643627915
1922836.6900111923 3330873.6880410686 -2.8061407036261263
1989780.1108175502 3302550.5929338974 2.51536778853004
1954894.891749279 3226928.0788723915 -0.5035245691177855
1916938.2057404409 3151357.5832437263 0.39223686230617394
1872357.3918713264 3075644.9957590885 0.9846385926574963
1778912.3038801427 2949276.5658159247 0.5399686204789621
1678776.0607149375 2792775.622981292 2.1447977328677585
1583326.4967362506 2613221.717883793 -2.636107917578703
1389114.560774712 2370581.2150147296 2.6806114879995984
1245174.7601286366 2184314.908818236 -1.4315337214016555
1214172.3660133632 2139540.6437225323 0.8625732086234945
1077259.364190679 1970181.3273878868 0.9093409417435858
958555.3699170478 1800467.7851542197 -2.8859643574553093
853493.1233750904 1645004.976542753 2.9682974229478303
761388.5915623824 1503320.5704973484 -2.4522501719261807
691497.029193414 1411020.8553543533 1.0873040981284985
603956.6934893267 1290423.045524982 -0.8522207600907796
514992.80398256425 1165578.0178438716 -1.2567556151284784
439278.5281592938 1038053.1633308512 -1.0326448032512365
378529.5680977891 890290.8193386213 -2.064004899902298
291466.84052628337 751739.1593034043 -2.8310551496934995
233690.26006681228 618464.0459664419 -1.450813040237107
129060.55981581027 648494.7785874717 2.2496739337377325
49192.628989675235 660668.1515562208 -1.8012025224284438
15914.389848774941 665287.9948014753 -0.8941931895875823
370.7468742850033 665880.4691234231 0.11688295861871255
-13136.177101544345 665103.8295749864 2.6093451206442975
-13763.145536320633 627954.7243931495 1.2068646679034272
-16081.339755676901 579625.5882478189 -1.24788499771511
-21294.909980488017 519775.1021134275 2.020929811100179
-23919.594042699977 452740.8506356103 -0.16789327499111273
-24300.99758824064 380517.90678122046 -0.8068834009936864
-22413.398623180856 315120.64742870996 0.824996266151161
-20313.104732996537 265328.0004711181 -1.6088357086005804
-12705.046601708193 233835.3718800227 -0.03253421377129232
-4238.472410616865 219497.14793442973 -0.8742283679973768
-1953.0732951783211 219179.51708942358 0.6104829248241069
-3714.2793448421094 219613.32765096237 1.9054677544716982
-7153.5285584914545 220420.69575448724 -0.9876185599097443
-10079.072540623802 221151.51035337037 -2.816788337554773
-12579.478143705664 220799.1076933685 -1.7133790752666218
-15139.017400910518 221100.1231132688 -1.1214516823672669
-16615.851626823453 220616.0604363459 -2.653794920738842
-19453.800099560576 215035.10010033342 2.98040522108952
-19543.356513957733 209559.7313466861 0.5117581840525793
-15443.09365979505 201941.1558261624 -2.860346291552397
-7665.327480318259 198499.31968628906 2.19314389203525
-1708.4336875387723 179278.53418155925 1.082446272970264
3444.475722853293 149277.83889920142 1.7672683135325666
15715.345815257642 108220.64465257348 0.07526681218879612
36895.2067554073 86031.55009001953 0.052886278476649055
74592.975439524 89188.32155666144 -0.25675024696622434
82764.56485963875 131403.6460899605 2.2301216081479858
82890.86291365964 151991.2995490356 1.5332263950110627
89515.1138529447 185040.089693051 1.5073874310061135
85951.50686992343 203125.85317351695 -2.1540043795335237
88859.29837443065 224758.93558754763 -1.5416659937377557
97258.31839860184 217165.32879139582 0.5154534698993034
110541.11428264374 205273.0859685093 -1.146717711344132
136463.0635316218 187863.66815864682 0.27370999244287497
179166.41320226344 159581.16560691327 -0.2859963301529418
253219.7684441193 122439.02742465505 -0.48236984302143127
367764.60281809303 75042.37571173902 -0.6296387749265073
484831.1390726245 -3531.252621588662 -0.7309450975982582
614007.057266255 -77715.89543050846 -2.278240904438242
742300.285167103 -147272.62567334124 -1.809290171154436
921201.0184206864 -311970.64484675945 -2.2306744193203945
1127186.9431355363 -453423.1192384472 -2.5680522002494848
1043729.9854683594 -391492.0536781659 0.4381539946953359
1373292.6800135083 -648561.1123967735 0.6887081180558822
1831527.3819424026 -1017921.7910772752 2.6323417227184667
2013245.5007223268 -1309865.1960183582 2.7706099223314213
2167061.378970712 -1233092.2380101725 0.29819270077000604
2309369.603680868 -1156339.859402768 -0.4766158640224905
2546142.813385159 -1097336.1032025518 -2.1448876754753217
2978523.6511759697 -976952.4210920449 2.1067501468772227
3351632.913688029 -821271.0682279856 -2.931133524307534
3740523.034444242 -666498.0287895505 -2.9223054172506924
4152066.8970311047 -552961.5995638134 -1.9914570974510328
4301099.82458563 -539798.0743382971 1.695618966233028
4440582.357643827 -523367.706057715 -2.664903779209319
4522992.097363977 -524289.828375757 3.0742087220114676
4761183.850206064 -372951.8577477077 0.5991669651479462
4904342.876604815 -289709.2107399145 1.414711319888433
5052218.642280273 -202418.09616495657 1.405665548543521
5210121.258643752 -117805.4701877062 2.556661302893482
5279952.098075742 -23170.642664030405 0.44312883287142024
5353610.62844855 70670.77400939008 -0.06734611541298766
5413419.803722346 120994.19354714738 0.4460379155589282
5440755.111861733 138683.62830672483 -1.236096258735562
5453498.969692045 150497.66816448164 0.03927332960048922
5463760.937897969 160641.4268001892 2.7772653038666486
5466129.041259142 159717.7273982104 2.187945424200202
5477168.88742022 164254.05807769852 -0.5167185503264031
5424636.204165038 141638.94193922143 -1.8058429824795514
5425352.237733887 128903.17009724646 2.220993070290325
5412709.781477322 58078.007388813945 -0.4385051473609325
5402213.107693688 -19800.215626627956 1.055092097682406
5404913.74655903 -33498.37305024338 -1.650684763721754
5401880.546845527 -33358.94841353292 -1.861449897933146
5370041.698879184 327551.5661659734 -1.4562315608448726
5906029.54193032 454124.4217383943 0.032674623832550376
6149006.876109277 18968.143112927093 1.546424701968442
6393207.394355704 -478199.0303679511 2.5387669737561946
6645533.0415762365 -957470.330053211 2.12872051625763
6872214.512203206 -1497817.7129530294 2.2699814057557934
7070786.609968236 -1979383.560473176 -1.2840257193818652
7204128.95677417 -2465079.292083373 0.7141519654335389
7299727.550693238 -3008856.556197922 -1.733131951206276
7383142.494689846 -3308423.445356129 -3.0420588786979708
7425062.285561425 -3566128.7974987747 2.7305956830822846
7472898.512584999 -3862484.653748085 2.9898963537739554
7507346.339855452 -4185004.989491344 -1.5016956463819835
7533160.080587452 -4335838.4855073085 3.0637863456866046
7536013.574634125 -4277896.943117566 -1.0874236274360112
7594251.512218114 -4122769.596839226 -2.676863318925512
7605870.7981801 -3906653.001079405 -2.319637497551753
7642386.647400495 -3679488.8817451233 2.0077983238667083
7741677.110533921 -3196333.5985384313 -0.21145268115452467
7725974.58053699 -3238185.203114042 2.295969518067314
7734174.295698982 -3127143.762868996 -1.3554753828622554
7739589.5876305 -3055061.96142471 1.7428424925385673
7791880.681309025 -3067210.9756220966 -3.0426434705984504
7803582.201173979 -3107448.1101791793 -0.39536449290780423
7806545.611327002 -3129259.356113563 2.8568933232382454
7794055.6947442675 -3167704.285377952 2.6196740541959556
7721760.869879836 -3260454.2903561164 -0.3018480419184075
7611343.978831993 -3362064.5042858142 -0.5882693075960957
7498904.454079607 -3453086.3631367814 -2.2954561028171407
7466133.574696608 -3469184.1518415865 -2.372532437163892
7346687.198533182 -3561751.943327492 -1.7475325993262818
7256793.594661804 -3634640.168707336 1.7897906925039635
7209603.386636417 -3687053.9282043516 -0.6292744766729886
7192327.2009538 -3720783.1698345426 -1.2068112887364713
7198580.756464706 -3728365.270681844 1.497582749272544
7202830.663896622 -3743413.0308075314 2.7166194369079593
7212078.267678725 -3769485.503443922 2.06671297243317
7218814.629480548 -3835289.620984404 -2.568726380553686
7230558.822639021 -3915763.8783708476 0.3061807402037203
7236975.219319759 -3986585.604130668 2.106501158413487
7236805.521340423 -4022672.7204511547 -1.5773196366246318
7237556.786492671 -4027685.9943675105 -1.4834659434682336
7238009.6960700145 -4033833.8391651893 2.619969512554054
7237030.294415643 -4030897.1738102995 -1.1942774954718793
7235993.758233867 -4027823.034773064 -2.4759640701840886
7235400.377800315 -4026710.706496116 -2.345424580505461
7234673.7737632515 -4024831.2649653503 1.666681594633468
7206862.155516007 -3869890.0176069406 3.0377070264234822
7087210.648139524 -3583418.4179736436 0.19478494263232626
6933060.065758191 -3145664.217114442 -0.5296655450698059
6758586.672210825 -2752933.81668041 2.8005647421707502
6728430.028564779 -2531843.0221471246 2.218096732621507
6699562.3970712945 -2232523.0152880563 -1.0431901164118185
6527428.151960603 -1863586.2059267014 2.8008180357945514
6178734.408333113 -1293144.7417212306 -1.2529314154590496
5779184.439811997 -645646.947000182 2.180595259219062
5414338.233752225 -111935.06460449683 1.5470983482152347
5141483.843602882 116520.27799408513 -0.5486359713497211
4885591.096730741 280521.17791133426 1.9487006514548746
4486259.246095266 565358.907832358 0.41650133877271345
4010789.682280746 914068.176164224 0.0611470042151037
3630227.1599993506 1176151.2833764064 0.5895197090785291
3353618.1564660324 1291057.6119045587 0.6601911887584234
3091214.0495164506 1431753.0090592138 -0.2688438106306122
2703394.944173187 1621270.779858115 -2.825614448031392
2354175.143909744 1792530.393132163 -2.236096782965815
2199234.055930702 1896149.8545156517 -2.2646062276252534
2057932.4347646337 1993459.13550518 -2.8383486142937797
1925679.6993618773 2090562.2021974844 -0.5792705185879679
1782469.748976462 2159866.127508581 2.674258029782025
1604816.7630775257 2236570.518819865 -1.7071263452200254
1413001.1803013862 2321462.1650606296 -0.42699207097471403
1283186.0523551072 2065475.8105417653 -0.026728477916918274
1167333.1511289056 1819291.7164979852 2.4321354231250996
1064303.9761915626 1598740.2079775361 2.2452066856884767
979384.7061975274 1408607.5706061712 -0.27096012009256226
918655.6377752081 1247666.579110388 0.8748916431533985
846046.5365910947 1257410.3689011824 -1.886446296410819
805509.4480785937 1250918.0311735647 -1.293772658650745
771442.2043120028 1239260.1718558788 0.5918481034249617
720185.4142292498 1236582.1969866042 -1.3848240137626493
635997.408837101 1266844.7436676717 0.9154831886055854
550392.2402594109 1297719.2309070572 -2.029727086455363
518485.1235760341 1307655.7368500065 -2.4381993971194507
522650.0751880665 1308406.8500476137 -0.5852418826297203
534664.7677672044 1307003.9691789895 -2.5521235138177136
528762.5607250505 1307694.3634127134 -2.7103643853463395
431777.0823960444 1344951.4087170805 -2.5641056296217575
379091.92697395536 1385228.729702865 0.11991932022064009
336556.2427008025 1413861.2091299493 1.4314520753682074
335073.92804440303 1425653.5727136335 -2.139143214093538
363035.4113704368 1426966.1508733698 -2.092472004110356
415259.4938438701 1421628.360599601 2.5858598365869474
483667.3586764515 1412377.5319406064 -0.28271463481104897
570415.438694209 1398908.5820416987 2.3836869281596558
666952.3154524204 1383078.7712900243 -1.1634497071135568
761053.806309226 1368297.600572081 1.4221007518675166
845078.3021329682 1354951.41295454 -2.670714219508542
915656.4406359113 1344710.125379477 -1.3589682073015539
969213.2071714198 1335228.6404651075 0.007284302889620366
1002534.9025437253 1332429.487984129 0.3782112697697316
1017370.6907997128 1331590.909553488 0.21568036114912403
1014340.0994689063 1331979.683877121 -1.0008138767936534
1007346.6105755813 1332520.842148692 2.849253448573391
960859.0263347117 1338532.624307637 -2.333985183468917
874411.2317718416 1353947.603057027 -1.0408417378591555
778243.481974427 1368303.925119494 -1.2096154188840136
686023.1967243532 1382832.0565072603 -3.1133120128423886
619881.8086286051 1393003.9347300415 1.9127175050252019
592896.2659686536 1397193.9927366828 -1.5164718705503235
602288.6708168519 1397976.8651729529 1.96565327310198
588795.1533903887 1399212.366379566 -1.9888955611304593
550217.4311945394 1402112.8670370674 2.093065109398548
533843.5665730516 1404408.8011373603 -1.926990684287497
554380.7070502829 1402321.1316912863 -0.15736768898942874
573559.4636402784 1396356.4852458958 1.0311330913877357
589702.2410547745 1387022.5481682753 1.2498161968001404
611957.215426863 1378049.4184552091 1.2986113283088698
644176.8778769106 1354779.931160028 -0.39353824393213277
609489.5864012178 1359451.0085540996 -2.0814672425811724
500471.8115298998 1384851.7320325384 0.3576287455961937
379931.265589479 1412562.24404651 -1.3414313867000667
273377.8131845543 1437681.521871859 1.48634181003235
180014.29726730604 1463267.378234451 0.9217686615759536
136395.93419423408 1474048.0075159154 -2.884691009009025
154442.3635785045 1457413.9204072861 -0.5548305380170254
109976.63281280114 1465178.7823422926 1.4207052648500695
120622.53684839027 1539164.740249814 -1.9387548110828343
137001.3682565754 1607253.6477784726 2.952680699400679
149394.47146172076 1680900.2107238818 0.34011828127143195
159160.53786317707 1773355.0957963623 0.9467178488574639
171467.63692035264 1865371.289468665 -1.0358020765770795
187703.80025419142 1970698.642277587 -2.684300202221685
212682.35081584804 2099149.1403957843 1.989037483543937
242681.49264815194 2224485.4566573254 0.8305912924518254
278147.3839418761 2419727.3445916087 -1.7585696529200292
316521.5741611622 2589536.3330703303 0.3358773396459747
354908.3283988765 2750122.2875083266 1.161565869017156
390793.50502747355 2918055.6766447327 -1.2121539414171787
429968.39581309306 3088742.8816269482 -0.055665101889743225
459637.9703022226 3229414.000563492 0.2583258147549545
491013.72995463345 3368157.917282896 -3.1397938170699646
601917.5175141764 3345391.872556188 3.137619524814588
652724.7049895367 3361164.087404915 0.28386301634513256
639952.2056764888 3370425.2225989033 -2.003342736512544
619831.6683723937 3379471.4638659055 2.346095637054377
610640.6819953446 3383178.3714890983 2.512586754486688
621218.7581737424 3380092.8253963757 -0.8046730830050027
641455.588129956 3374433.49793883 2.3820506759095466
632704.8651090802 3377203.337160416 -0.6343809157915303
580653.9843379864 3392491.0845602583 -0.20973212039663977
499338.43782664393 3416969.9670982077 0.6933008103854875
765956.5832167877 3347647.016925247 0.020463367526124026
922558.6943229263 3306595.8899179115 -1.3054943157241783
1064073.5851836526 3265298.1273531583 2.7791233048984707
1178168.084786466 3224749.7463040743 3.1389408775879364
1211896.1669337435 3208571.3805947993 0.750654669716401
1252546.0503448164 3185963.412107491 -1.1005929789272653
1320828.3891090306 3134149.6711615007 0.6106487336471339
1414739.250010535 3072776.7124793 -1.861697101367026
1523886.6939100577 3009612.3164652255 -0.9712655463208894
1617181.8626102314 2955767.2395991106 -2.526589589550191
1666605.3586934144 2926437.1715449705 0.686421588846828
1666603.4262462703 2935083.710679517 -0.8400493075727474
1651010.154625112 2990693.3719761935 -0.5732381313188829
1712817.442017436 3012541.090543385 -0.043933441256409744
1802243.79907947 3034719.868910084 0.6986823052513279
1911880.4082559133 3052678.502542696 0.5830693087384107
2012356.0339791118 3108322.2402198883 -1.9339847891921893
2058931.3102931434 3169955.2894221134 -0.07460279617612348
2075683.6204349168 3180024.7168068653 -2.5254724367317976
2084263.5807264042 3190781.146914238 -1.445310990959828
2090378.776996159 3197321.3865646436 2.9419313647208596
2076796.5134702446 3214927.648565723 1.4771845612947458
2042136.1823322244 3236792.305491135 -0.35214136572527505
2001892.4810079848 3258136.0979680847 0.0785828243155449
1963285.883324757 3279103.0223215935 2.863515665789029
1928546.92910398 3300439.011097025 2.7025745543139963
1899063.5635961927 3319415.7066273247 -2.636712420199262
1867539.1481461206 3340197.8495760662 -1.4928621001204225
1913824.26709416 3333429.122232313 2.196959316516941
1987918.8527492716 3305456.4947686396 -3.0304145221507977
2052398.971348011 3282629.152230718 -1.8021538896711564
2101048.526925874 3268141.090271946 -1.6148857777082262
2137660.2108611413 3256265.8503919505 0.5801242340905007
2175709.232626381 3243320.2743365304 2.1385528795155033
2231003.1126513053 3222739.447547485 -0.9100500253890252
2335407.816363079 3177626.3081786255 -0.9736992740596575
2427415.574148195 3134564.8730640854 -1.9135410781787048
2506996.7743297336 3089578.965672979 -0.4927733897256424
2573503.1916037737 3050930.806486594 0.6764978101685348
2645513.606486498 3008328.8580197035 -0.1140773915068492
2726293.1260659825 2959665.8089997442 -2.1261462080971407
2813161.2448667856 2902823.5666726856 1.6563277072465652
2891133.6395594217 2832234.173911587 -1.35167353164499
3067367.0944603113 2698785.8245209465 2.7925912264649795
3199117.811586892 2596738.6987451515 1.8420484417957526
3353958.2428855943 2403546.828091445 1.002682662410781
3539259.4643022525 2205309.224402919 0.38549465579616765
3759345.9678437635 1971959.1636995277 1.8176615369566647
3975283.019118633 1743344.1888567472 -1.8116801986640705
4206240.281169956 1499974.2030829112 1.632661611770122
4440461.140062023 1353567.5425441372 2.1397327198754867
4722323.369558508 1072442.3659804456 -0.24129622982442311
5203728.403857489 644199.9062160146 2.9245389636964103
5354712.909863183 525888.7178349814 -2.742845994858093
5550533.923223901 419055.46982001944 -0.36573289297941586
5736860.422298143 73768.60538136424 1.986092120839585
5635398.200231523 157000.0211876967 2.344434271337009
5508114.477805396 181433.9502792096 -3.106074813157686
5447819.9405997135 147600.25753180208 0.4510954388897612
5444082.941979517 146385.124104445 0.6311622253723597
5448531.132972002 150454.31876077974 0.45983289445830833
5437276.374066862 137547.64521535902 1.8315998933419257
5429004.692964456 122215.88645232009 0.015394004373027823
5422042.7259619245 97989.50529969417 -0.8445082152924991
5361646.9692844115 17166.99394058034 -0.9550980216062956
5247974.774320384 -59468.3391480956 -1.2395007255359156
5104701.366896361 -156903.27820260293 1.803589144813635
4935724.916468631 -247574.94959504344 -0.06624357844445287
4770420.839982644 -381709.5981941904 -0.07730145971235387
4481958.469756554 -547694.6864933129 1.768766816386103
4295864.559829263 -655015.8072541393 -2.2566541278339067
4177784.853388303 -612550.3303356947 -2.793478600902001
4008963.8927949653 -559019.4020134798 0.24340059466966063
3782435.955910804 -674529.8531477225 2.7673282318745107
3387722.2321649417 -873515.5518381293 0.697454144968355
2915064.4952745885 -1011878.3856198774 -1.0675854797904456
2519858.4133174927 -1096083.4250845846 -1.3331596113867683
2299247.4764750767 -1130134.5166074785 0.804780354858391
2112656.2788854493 -1124231.7943250164 1.8818641114672208
1976509.8144568296 -1163315.2142390632 2.4403818645272044
1824786.6299561919 -1155249.3833165786 -0.1284644969155072
1501678.1929097173 -933350.5069200948 -2.061916522700115
1223775.0867350418 -873346.1897266987 -1.0120978273107177
1068999.8209414617 -1031214.0759248241 -2.4116098889893722
763442.3132703583 -1047386.451852876 2.421771428959299
518186.69806093274 -777082.311725591 -1.0085500999763934
364646.0048502075 -629163.2106811204 -0.5134812839521241
301642.29432544543 -563144.2130673538 -2.941617470558351
245068.0539261459 -521254.76786956453 0.049788804239625783
163807.50315531722 -433018.44759128697 3.018663795301888
130506.79152720279 -369524.96735762 1.3871016083440537
108329.8125649207 -311020.5298109182 2.5665419032373675
90451.60500407805 -263557.3297754466 3.0804078813548696
64398.23193458663 -160058.3266213088 1.4330737978938912
62655.80553095052 -148258.21642154438 1.4892821077426037
73206.80762074319 -138630.52137149166 1.7811938321907264
98724.83146206655 -101965.08985026031 0.32673364521555787
156997.79050521197 -59909.097119333666 0.28623369655847747
211497.1846440388 23864.639835574246 0.8612718303518694
245072.73457800483 127135.55022897122 -0.7603614194915871
304007.6266432722 225026.74996821085 1.9838449663393727
376842.8946190967 325321.0001169143 -2.935620846943731
514775.2865503634 424460.4296510601 -1.9768940504473416
638291.8647818471 559052.1783206388 -1.8126193921314073
767840.1040572692 687550.7690979869 -1.481326469585937
899524.7313142674 848049.8088239743 -0.15368215212923103
1017680.2495997233 983848.0128582688 -1.9373626378748126
1176857.433369821 1111132.4894135415 -0.42011219264668676
1379555.3712922276 1236620.098797823 -2.240039327809497
1511397.3075687257 1421360.6095635507 -1.956923692079768
1661320.4888537473 1583613.6340274229 -1.2608379181008822
1820914.4479851562 1677815.825045392 1.9962062159372536
1986479.8013052235 1696604.4220998872 1.7468394554930677
2089043.850431142 1784305.28114397 0.8930489445357208
2195957.577637799 1892170.455795738 2.476483036391957
2308214.224315573 1995623.364949945 -1.583593370255256
2401161.196294285 2081849.3439948312 -0.5183746341127745
2486821.7984601846 2124972.860054624 -3.104026331850499
2593338.9616884277 2161676.849316919 0.6133931472425058
2697313.844893526 2185606.5018393435 -0.5349123812019697
2812119.531891326 2278969.4953369666 -3.0531092291537463
2894079.687659834 2345301.275095538 2.145993775119089
2992754.100479513 2445425.912573665 0.6147069279982544
3091770.761942604 2521718.43671336 2.0726310631927887
3197897.491268352 2610422.309898675 2.99477817488038
3322773.6524418425 2689970.711279011 -1.7813158021800697
3410992.410121147 2745602.6459060176 -0.7156967699184884
3584977.933094809 2876812.1124108857 -1.8291327691002217
3739334.6388924783 3032151.3483139626 -0.6766875722835951
3896559.2742012683 3168955.2503774273 -0.2902240571944844
4052478.8469315055 3007773.9602263337 2.4910168269377992
4231433.223327716 2847562.0630496014 2.893255092138536
4413748.118034977 2655774.58154865 2.958695178435788
4608809.844729907 2441774.02307358 2.597670674011025
4821157.658331592 2227116.1737243417 -3.0733690384183987
4595641.636999626 2037450.6033561428 -1.0416093721744364
4436222.773825886 1896284.4940218797 -0.12865065505302972
4339195.290390424 1757225.6789792925 0.036444724960264775
4270192.659935055 1627775.9365170011 -1.4340239480679826
4144493.696494775 1469431.2732041874 -2.671273232767726
4030514.517293074 1323769.0021615801 2.765614218546207
3974857.9390745657 1207637.4038242204 1.7163985946500422
3915708.9899237533 1164911.1222031738 2.2509985096542424
3868036.535256792 1137764.9855607843 -1.827684026592217
3818800.329886166 1127667.223528559 -2.060105899601242
3772622.2747706883 1125238.5412280732 -2.6392881595398636
3724391.649173036 1131602.0259260999 -0.36854789646048647
3667760.763096668 1127769.438382269 2.269400106737372
3600926.3314700928 1118914.3467127958 -0.8891438083975591
3522805.503156514 1091193.2119830146 -2.922441458697556
3431557.832449878 1012675.889973375 0.30877629160857145
3287781.374301451 906842.8376941722 1.314945504653279
3151057.956969458 874234.9979282201 -1.6638103004249785
2995834.9627841734 831037.1446567152 -2.57035388427431
2819466.2571186917 734981.0875686945 -0.9399474401737181
2559579.8655757695 675982.7839182089 -1.2400035301420034
2295547.523452307 605606.38103938 1.6670884942758881
2050120.1330581151 543658.1253111209 -1.6131295385172515
1858452.8492784442 385330.0292198544 1.8534887708126293
1724897.510192292 246158.76687524625 2.9042783503477603
1578728.5242317484 114482.47584347166 0.8986140565828089
1393100.4238214835 1196.4128033287689 -2.0461709824620113
1220404.879763342 -5915.771062226708 -2.574557635716452
1056414.6028709067 -125707.43944599346 0.29717531142706954
881882.2046320701 -235659.5452942407 -2.470020018113269
732218.9840790738 -340054.93969995005 -3.1321411696437225
494503.8739321697 -359537.7155074523 1.2245913648454254
308198.148360119 -366365.5368852143 -2.2542307691639625
227151.52194148867 -405875.9691086003 1.1708926795896617
168153.02886430576 -446203.32697368506 -1.8489701028569636
125808.1057165796 -474746.6681730033 1.1302772850197658
106050.92632185832 -482869.69624879496 -3.039677321073867
45748.202082764685 -465090.99879231054 -0.07635440373171201
34923.567804126964 -445925.14070827974 -1.605180146877376
15018.271169018004 -357460.41144953563 -1.0259845298926193
-4875.546051906129 -163026.4904835339 1.6662824780855767
-20436.423321060836 -28205.616657545925 2.605070788618754
-24314.663666336543 -5927.148429177731 2.3938656537423055
-26789.699786727528 -3639.4565966337514 1.9074267662230262
-26914.80861242324 -3652.4560322029993 -0.6112951494835509
-23008.336760099828 -9341.854055966485 -2.8434208853565854
-13231.91982831604 -28384.69696342124 -2.656946229017729
-12106.908279397325 -17917.272097507517 1.1437276959935705
-7951.900953812886 -7299.7647767090975 0.4735034580617726
-4113.438004189785 -7479.4851709942795 1.292243619630506
-206.39821034964194 1286.806146734215 -2.8642832586195848
-3561.820944516339 13130.585178339468 -2.520265378577616
-1748.8290426600943 16245.466895096155 1.1642346623943614
1404.464450892884 22143.074232874205 -0.7495782758021142
7145.647962697793 21809.583229745705 -1.1393961058566295
9859.184906149105 26357.235591318906 -2.2191923071445396
10262.718501509857 33725.13443315729 1.7288738584103913
8753.41291635945 46216.93182853448 2.2530283914742184
9165.324161936165 46978.32409611676 -0.6523139634569324
2503.7095114730946 195624.81080844972 0.9664348138331453
-10466.389218524017 298761.35467327014 1.3020917136216887
-5940.359790393723 384095.43428887584 -0.7967491623026158
5011.818900406699 444802.8645923694 -1.3197728684166763
14634.653693915387 476514.5239626043 1.7299864931378566
16219.517986491019 473706.3726552921 0.18761337294612615
8134.998893642389 436822.12530827505 1.659734869188345
-5108.906058964436 344516.217136981 -0.9069182618415825
-35832.02912475266 179592.3134733802 -1.4651982144886286
-88715.1035154931 -62692.57697643986 2.728751331943078
-143779.1552356619 -331218.7332220395 0.4119634590584208
-55743.65346941253 -826973.3134842161 -1.454665129680588
31417.7997660729 -1599903.7965238565 -0.8960948344081492
119850.98152142458 -2716985.571056342 -0.033686201110455234
152590.2021989085 -4236778.551328942 0.3419777313209142
150485.76375361157 -5883242.218408776 2.362260902880844
155137.61759409105 -7265085.173458689 0.10851631012547294
155102.3811011376 -8104632.727049093 -1.4866968761187849
161791.5801532566 -8249505.456974412 2.319546329216135
172186.1426536552 -7924944.454978865 -3.0238445703198704
193126.22460822936 -7406697.714781223 -2.9973769967523216
194321.29431210115 -7009739.389815449 -1.8536477599519368
204341.72150652594 -7038226.236828379 2.0080765077199505
305366.5811312507 -7663036.215327443 -0.2637349266591255
517958.0007291582 -8518635.4674202 2.2479487566673506
682832.7067984183 -8889776.322811408 1.5512610518478294
566804.4905554538 -8713005.560597235 2.8784841340840197
478256.8973762964 -8572447.805184469 -2.2425090935076937
665881.541608447 -8807211.199670777 -1.6524828940404936
1204907.4940979313 -9470989.36174861 2.995681039988712
1922904.7121741208 -10363724.438620422 -2.6237229730812994
2606273.472707683 -11220429.85506324 1.2434582682928108
3116829.627942212 -11871166.028578684 -2.2851352517604675
3419766.657507486 -12278046.10714247 2.384853453493805
3462605.1999743185 -12359615.10052924 1.2704528199857326
3483386.449239083 -12419489.008517623 2.3612612376833493
3509240.881687486 -12499935.585174892 1.8237520872240809
3571750.674895239 -12594033.938617056 -1.5860402115932675
3585452.1145831374 -12690399.717980584 -0.7365330992265361
3554741.0346270907 -12770258.193403244 -1.4645744227309063
3532304.778561576 -12853353.118253626 -3.0823660798111305
3444711.587173202 -12783451.65708278 1.133329366481163
3353994.799365984 -12705490.118835904 1.1949518544109992
3262417.3975945865 -12620951.917412532 1.8051762989131093
3167790.650835168 -12526787.052682849 2.1660343449485366
3080637.414398048 -12426805.14300853 2.3484438479013745
2959152.00669221 -12309527.052118901 1.6687710507389637
2843557.5944264294 -12187525.189177942 -0.33345087805661355
2695227.314057822 -12039044.510559525 1.6234083164110689
2554912.2795190522 -11886131.734406777 -2.6224208967240545
2403146.428937928 -11726902.79530099 -2.9083677809054755
2247410.42267851 -11556506.188078946 -1.3308395742167445
2095245.6680677994 -11385577.021175465 -2.2803531652931035
1964411.250648683 -11225177.602386476 2.4463392137227418
1773137.947165532 -11020916.29405111 -2.7994839778664407
1604193.043508619 -10826493.38954461 2.0899231948015475
1411978.5524405674 -10627980.04000148 -1.9264912880779859
1227054.207664276 -10423200.811637016 -1.8886267658354605
1062290.181515015 -10252087.689942408 -1.5391247067998712
896491.6154248879 -10070546.712606667 -1.9754491379097041
718113.3175097905 -9884444.204096435 -1.907174871072657
547779.223337244 -9707457.603813449 -2.746215237076613
374892.24880974344 -9536189.260752447 -3.1136249872029484
201974.0668044821 -9338139.087446868 -2.4772366563966424
17342.803550602184 -9147377.037536798 -2.8024835814754563
-165581.73963853144 -8944981.62225713 -2.9886878282764786
-359597.0801261381 -8744397.761004668 3.101529463395118
-556691.9776131007 -8542478.396089252 3.011942327753648
-746979.5887051371 -8335273.449410883 -3.1132276310219966
-932425.1548779254 -8132597.62925927 -2.992610665371103
-1132081.3500852096 -7931055.396716584 -2.909952091839026
-1322698.8963078496 -7730051.772559142 -3.021498330835922
-1520914.6170254773 -7520630.186079794 -2.6580470307193687
-1724582.5561812036 -7320323.248872543 0.5203789429802452
-1846775.6925840832 -7205721.370468248 -1.891401203008725
-2023964.190780935 -7031521.203530342 1.9801392257735333
-2225620.5926305377 -6839556.779182889 -0.24705807570289187
-2429274.376330875 -6651785.292845942 2.2453848029662082
-2610471.4309523064 -6464058.629329275 1.700510364621248
-2788831.4741742113 -6287342.030644337 1.2100616129746018
-2957686.4175644116 -6105781.969445196 1.8958371610926195
-2783447.065916362 -5925445.88949615 -0.8654274660858788
-2605312.6155129853 -5752113.094317591 0.9706976868647462
-2441232.7962193782 -5584228.721243099 0.8583699486932997
-2281041.7046060003 -5421768.6674956465 1.2973645656611206
-2124297.9031409286 -5258612.378932185 2.3872478111029043
-2300587.074775468 -5106729.5488604875 -2.140260781538121
-2474671.233744342 -4937366.783054526 1.3408968229889378
-2657090.0873782486 -4760692.6408791635 0.09558586220917796
-2833056.4925718666 -4587871.322135279 2.8296449807968607
-3034630.4264810467 -4400877.760563879 1.1996464294858347
-3270923.2986976095 -4626455.510220445 -1.8433090546058826
-3393839.7082449286 -4745698.480341677 -0.4949189048007596
-3496523.296963666 -4849271.555172668 -0.8542218871500098
-3660868.779471803 -5010003.85807574 -2.932436905154914
-3868249.625705644 -5194086.373332351 0.203394158692699
-3694507.293630617 -5373813.82552603 2.1163346379677517
-3487962.5835309816 -5575341.12680157 -0.578108899997967
-3305279.2722982797 -5747865.880164127 -1.4846369456941466
-3146858.7069828166 -5910342.651808507 -0.3601579674935133
-2953426.006404397 -6106445.998555498 -1.3006872083871535
-2785388.713836434 -6277299.386577688 -1.2139266256748176
-2600435.0682276106 -6461612.062372144 -2.213857713607564
-2419507.7325942786 -6647250.799698527 -0.48707940076087824
-2224419.1064393963 -6838735.9611807605 -1.7615124143149539
-2039475.9704009602 -7015890.524339086 2.6197554989399583
-1824031.1307684302 -7219849.123586261 -0.10344276520317969
-1670992.6252901165 -7379497.189794085 -1.038524940847947
-1507334.7179351319 -7530047.37536967 -0.12391207727425871
-1322217.759277391 -7729141.1230219025 -0.1638292432264059
-1131118.817738616 -7927949.254557265 -0.04323441690313103
-938997.786163959 -8121197.72272105 -0.288141073766664
-749857.9408271897 -8333584.462402909 -0.03740313661733399
-558963.3723570006 -8536266.487993283 -0.0892332750556357
-357092.42945387796 -8742137.94178203 -0.08066764669502612
-174446.045030921 -8946751.874964654 0.20762743175953513
16603.828566434197 -9149264.726449803 0.19403112101806194
213154.93710775767 -9367595.176581847 1.353145434771131
394412.43361647154 -9541435.578446005 -0.6151362927341799
556907.3469391995 -9713392.10131299 1.3896084961775022
725315.2441510302 -9894373.388923576 0.7619305724320312
892769.740643041 -10075566.020106304 1.6621342344434316
1059314.1506207043 -10254172.911575492 0.7533713024477325
1233477.2161133285 -10438798.333952218 -0.3906469528937012
1425116.9290680187 -10633228.51208577 0.8078565803756858
1574973.2775985107 -10820105.756058544 1.0978742686772054
1758906.156405441 -11012015.455992823 0.541078392333387
1939045.894762435 -11200870.596930595 0.40736183276757626
2091937.297026294 -11382160.667808773 0.5960974043334025
2242376.219207075 -11551670.055557434 0.370593150018921
2400640.4694810673 -11726689.111948121 0.30049553247227184
2552434.253697778 -11880976.059061332 -1.2188620704222999
2696639.3656313173 -12033668.623619698 -1.1827748980949468
2826253.0440475983 -12176713.588643404 -1.130292459427171
2948151.9129917836 -12298497.774244657 -1.8477253228591666
3063989.0465545645 -12417195.215662075 -1.0489427844791912
3172488.0115852407 -12523433.287545588 -1.7547232112777642
3272757.558895938 -12625427.32718642 0.23020284991851692
3349686.346789359 -12702594.845412081 -2.233904396967674
3429803.397622641 -12775029.259973958 -0.08748121576956627
3501608.2590706716 -12834163.018877458 -2.9316511717200027
3574395.571137684 -12889261.127342444 0.09105642257196185
3636346.889093815 -12929723.212077789 -1.0331237806123426
3689359.561898011 -12964575.413663406 -1.4097194080002122
3741205.7242407333 -12997607.0879 0.8648900949977987
3778091.4388036737 -13013729.935937569 2.526785113082986
3810544.107112043 -13027305.07971218 0.407128081741721
3830651.3390913145 -13024859.117847929 1.7144179071670824
3864777.2965767407 -13031949.976727262 1.7026684153489606
3876295.6551245716 -13017585.163508568 -1.823703451965122
3893867.8813301097 -13001875.770522436 -0.7772742242757266
3882212.7760372623 -12998739.971258972 -1.2699268387496139
3872834.5951303765 -13002845.162588596 -1.9577026035824814
3849092.392642365 -12982782.125376819 1.2061017116972208
3807430.9646647354 -12946142.101478294 -0.7532426736206955
3745578.857283202 -12871625.333116887 0.003345170466762799
3649589.0363508523 -12779992.726810679 -3.0484298610749008
3539739.01913799 -12689336.689003328 0.08143242645757533
3083726.002815852 -12053782.747637654 1.1293698081400882
1488726.223141656 -9710685.34138068 0.5331883460494432
2088837.1306220763 -10675856.21541242 0.675379388467585
1298982.8703744058 -9511753.29316287 -0.3434740444122949
624438.0891062275 -8788127.28972169 0.8967923381885596
32158.371935890857 -8730154.4774289 1.687053692260332
-384775.9153674207 -8601087.134426652 0.6975787771554115
-876139.4088273955 -8342004.213872852 1.452207642923634
-1077845.4020738285 -8220327.054761243 -1.167149758552776
-1296902.062077749 -7943645.901245296 2.309428400616666
-1620580.5694047227 -6538795.5489521185 0.07719474883985931
-1362461.3835764981 -4440879.401239443 -1.7272269812514376
-758349.2699158479 -2274065.9598769876 -1.0822600499376713
-209473.51370259663 -709154.4495049869 0.43185171166806535
-66623.00038044329 -317797.5629160452 2.146056196598436
-209797.85898657682 -669153.2127082663 -2.8824994746485273
-366531.9261061174 -1090749.2842671042 1.3784205469404416
-234047.01368912606 -603800.5158042359 -0.9546440349104323
-203539.85043867462 -438948.5643953047 -0.5358393132494981
-191769.1384008612 -394730.70267105143 -0.8240345931986296
-184663.45988156623 -343678.36818525847 -1.0640819630362044
-179729.86130335656 -274798.2551419314 0.7475555950538163
-176846.99977395005 -236989.12930687625 0.6388046787714119
-165953.49908266336 -211457.89458612728 1.2850936548470717
-159820.8285698839 -181464.05741763246 -1.9457215746908365
-149528.83297210443 -143526.34055867096 -1.3356213551501925
-131367.03744240766 -103359.19385685844 -0.6294885987853905
-117650.56385322324 -70245.71237222149 -3.033437121811689
-152322.9696750962 -121332.14778341906 0.21328878415788186
-91204.14924986627 -29893.664625707617 3.0504776174673736
-53092.39684182032 -15405.689176308788 -0.3920353103764798
5098.334265453088 6497.242730260051 -2.999589556624753
868.3582502189402 -2606.650896115973 -1.8525422704552994
-2140.6327465251984 -7561.485058513182 -1.3552041096154144
-3737.36613843002 -8408.854022819614 -0.6698257981976568
-3645.4870923772946 -8439.680369725436 -0.5910389109393291
-2344.5257126834654 -5757.442227986962 1.4415488303709303
-988.6510246117623 -2737.2498529059517 1.1422557964449889
-370.3198663763229 -1799.3148798233206 -0.07202048444574619
-62.63586866870456 -250.22585654786138 0.8238641046863346
-53.876287050937115 -68.35482792017157 -1.443284992853469
-19.88875946391574 -31.16446213666392 -1.684400720272361
-1.0464583928731304 7.291139516077004 1.3215075035760404
6.664004264902918 10.414377285593819 2.052863178453202
122.39265748212047 47.64915528447582 -0.7240076086527673
64.79533974346974 89.40170548781583 -2.5126511693968197
563.3612253511155 654.1436772932167 0.852405641452894
1289.945150541378 1463.3980201591257 -0.613682706632886
3418.23157417125 3181.873593114402 0.8141855936135796
7360.504889561733 6031.899258900483 0.48038305781688334
11896.136514926045 8810.736448985464 -1.2954268539343605
14998.738873577498 10261.536467235726 1.1089847500168364
15118.371335105827 10295.258251092846 -0.6704924974284193
15028.182435574718 10330.101282393689 -0.5703793210608242
14479.812234370636 10168.721378533419 -1.2515157340191478
16018.458943595131 9931.081815177811 -2.1825413368182764
17874.285163846373 9752.202904514541 -2.15833272123293
20212.227822536977 9395.483889290233 0.3658539276063749
23217.950228566147 9328.713744040768 -0.48415405561428776
27508.955498584975 9152.930191177646 2.6898342677293923
33647.30094432989 9673.843215678537 -0.5435839955845914
44076.3556861522 10389.125996518169 -1.9066133371264697
58084.544147546054 10974.421460234418 0.23580290766513587
60165.22882163819 20814.316064053255 1.4851967362411813
60460.162473262084 25549.390713721477 -1.4522370786035075
61059.45715252592 26703.77062713466 0.46044660094996814
61338.15441965732 27114.58436504799 -0.7549437519307562
61435.463299947856 28466.734687717948 1.7179268085726476
55674.79842227576 27155.333230515702 -1.1874027246013579
46894.43847907237 25311.663211790874 2.4631720653609075
38210.98211086376 23657.25460292324 1.8756726138899793
31769.487298913715 22199.50571802527 -0.08183694288642007
26906.371693143825 22228.11947831925 -0.8985856367408
25876.256901786408 18022.083349078883 0.5958869028155525
24567.61064083146 14484.299909975478 -1.7144332094657362
22211.56847486406 13075.640873714583 1.2181132821028278
21015.814479181507 11619.243731954355 2.190865653613513
20541.33735121279 9179.160528700719 1.815199993143024
20054.104341427395 6545.021898209045 -1.4167613949437026
19960.228603462845 6368.618624737911 1.4883178590324764
18806.184586419426 11240.526587454517 -1.0158594927610702
16379.063091888735 25183.043960378345 -2.2751841023983506
13608.49929449467 43554.2596736278 -1.6378161851226771
9848.856617257265 65230.15681553086 2.114474265042684
4112.948038148312 88976.1346554044 2.9884509940590096
-164.8565064690215 124661.37152006404 0.34235371661035446
-5032.75305201921 164215.73218957928 -1.635149145855389
-9294.883626244293 196020.49081101737 -2.256813117832278
-5906.568437737055 204214.6003062051 -0.21517168957718208
-1629.863536040859 213967.25920812273 -1.801692046942465
2201.148160391871 221022.84598829196 0.44970125388077864
4293.350840344089 223797.4971993719 -0.21236417520413411
2171.491197183103 219325.1511883096 -3.095452670987726
-2946.9552597947613 220003.6414426829 3.088507941917006
-7109.270333399975 220388.94224917536 -0.001238948866541423
-10170.092719420658 220904.87995583637 -0.007337465098303572
-12716.141708082912 221030.27325189146 -1.201374812277904
-15281.644347739762 221800.94507411704 -2.4295360373722716
-17317.96211489358 223042.1837524061 -0.0298810617004393
-18571.762177499542 222043.52639239831 -1.1645188041788819
-18509.383263456195 216262.88216821174 -2.351335620973008
-15968.440341709484 208197.80098143828 -0.07361097895873753
-12138.174488930332 194562.90043264168 -2.215224369142835
7053.373417595229 191248.5352193897 -1.8440810134330028
14049.264830645438 168050.2918176053 2.8370778656954365
24180.47941141077 120079.80831343787 1.4985711525958378
40183.47016033902 91364.40532360882 -0.13672874358154954
59132.46226090322 56073.270283777434 -0.04604025421170289
56140.7126868123 -31612.34715088582 -2.3874134775401883
52985.647016147996 -123408.84707738273 1.2429411862053736
57585.27780518403 -144686.49608300457 2.5924354674688406
57144.44873334658 -155437.0645411622 2.3228184590620637
64734.80472598919 -183704.12531106063 -1.394835741399641
77389.0501864295 -243562.49254250526 -0.8967447882885535
67665.83607977857 -328072.25147960975 1.904058810265397
83216.72229453818 -381336.8232088439 1.314063675418323
114961.87505771848 -413972.89725696325 -0.9149306698451105
141117.25099597455 -454651.84514331765 -0.8900811373521347
209030.74861962136 -491239.647473459 1.5680310029258253
331820.9322896424 -612329.7042306791 -0.6927370371436353
476440.56285795313 -745733.5594367139 0.10370316462037674
580029.9355105617 -813422.3622065912 1.1140874762591004
635372.3690789412 -850648.2324326795 1.3930949721907215
511519.58915930573 -705980.2223645893 -1.3086267462445018
327272.81504638994 -313312.01718715456 -1.1140905710649498
119865.08214637337 -103169.64943842898 -1.9840468434025682
37698.3458187383 -73942.33026559935 -2.550949595655112
-200535.9684301886 -257107.40482410463 -1.409943146233919
-524996.8597423689 -412538.1986799672 2.1237436567432213
-3826891.3245352074 -689488.231373292 -2.9554425039909877
-13568605.322018504 -9089395.540928017 -1.5872514400342952
-34403018.447047554 -33420839.131098576 0.2943919019778462
-28980946.602449372 -34904842.74509751 2.23488167518384
128617698.08945838 71460427.71626098 1.7752182421826581
474234258.6581058 236626803.85736352 -2.078105111156541
712691730.116682 306448383.29333496 -0.4124045709092054
735645460.909116 319955167.7388554 0.9473030016344473
555426594.8759629 287161638.50769705 2.1920780878396284
288008561.6842005 245676140.02383947 3.125772093204547
25734833.80986311 219645209.95278382 -3.0787820600585074
-137458406.75957954 188101372.23865917 -2.8742386465433594
-215058807.82120213 170416496.6430311 -2.4954456945535592
-229844444.3068363 167842833.55458072 -2.119564318187438
-212826991.67051372 175328878.10862312 -1.9246027971526023
-200247345.3880283 182305451.95249268 -1.8751266410817764
-58896246.53433463 125960299.40056556 -1.8873985950272139
238650854.32915586 12502904.49605455 1.9921409524771054
37687691.96661782 49798823.353443794 -2.9966145742444033
52924927.822165005 39107617.17619612 0.7978692629640814
25760332.534609083 -1110942.2190885511 2.4050129086514174
23079139.48607867 -19993435.240602296 0.7304590809669048
21543746.987149384 -25013694.65275754 2.925481765435446
12257048.15580101 -366327.4827483428 2.5819268788619607
9201966.612777531 7218202.222558665 2.079359784448587
10389199.056198085 -862572.5625041114 -2.6143347999552815
10195837.369093884 -4075150.708876392 0.22636524870802735
10068885.75657894 -5217165.7993194135 1.0600809214094873
10632558.140330585 -6189281.554733374 0.5826834533392489
10454596.485956723 -8040845.442507971 -0.2582913134457628
10283514.570698217 -9828642.311142167 1.675781559659653
10097134.823185101 -11768480.179005485 0.20395304878201884
10018480.456160164 -13663947.760787958 -1.2940017209383037
9900581.379925348 -14366682.956875294 1.4307937184857653
9883741.63421856 -14251744.79805397 -1.8534267255218457
9808883.875385743 -14296007.867601657 -1.9138493229545497
10859258.873427866 -15881429.498054424 -2.924839588167414
10619732.650474869 -15767415.663732957 1.4279208389979958
9337387.118901499 -13752870.110811986 1.8354566072186143
9731548.081002701 -14304247.072936984 1.7941808273899122
20378848.72056984 -24522048.19120868 1.9493509373068132
-59430422.57036909 -79614376.23820642 -1.246099770735376
134307889.28251493 71552932.74892566 -1.6706977702507804
69678223.74623398 26009870.257894058 1.553614497895146
57729281.17952143 35887663.6406342 3.067097343346486
-32363858.253140997 58083952.83464319 -1.7404317109874115
-58360271.59624821 64517124.198315725 -0.4958727871618413
-56735888.163912944 61837825.38514754 -0.3131642112305428
-54445515.36440212 57127411.52017634 -0.4794802208541502
-50194127.344994344 50904154.34936102 -0.35427971294727123
-45151992.08738092 42225496.04728619 -0.14019722724316938
-37043477.91450637 31066819.455137435 1.1177025056780607
-26557355.00415624 18163553.019334108 -2.0676885558358804
-16778851.617449913 6760082.501685963 -2.903683926366729
-5418719.273495958 2479987.0207048077 -1.113482131042482
-1396728.9008401742 661819.1558443444 2.2318988155920825
-750444.0417057372 455106.8745509137 0.12770158184313954
-749374.2597683278 456299.68804874725 2.3958756579420557
-751957.5038983786 457674.1884711147 0.24538656653094928
-759069.5115942889 431828.64049309783 -1.0765126984776765
-752889.3102634007 436472.17606038146 -1.6758660843432345
-907465.0542799257 465812.9312050667 -1.6361343000706994
-1187045.8752590679 618540.8298854621 2.1871367276417732
-1229332.5225912558 779651.1818896153 -1.5337705300415978
217783.1951662867 928794.4128795929 -1.9671912997478103
1251289.6200960628 881495.0457148991 -2.7787678095753323
3244777.6412629928 1141122.2238172288 -0.7544123409586276
4046679.0808432195 474398.9466139702 2.0992340947751487
5805244.71975691 18000.492051640358 -1.8232367649269623
7310957.1837874 1802067.3968702427 -2.398382999344045
10314640.205623485 5258344.027736939 0.0256613348236905
29952118.56342965 11649535.458116706 1.006621249349689
66001045.30399894 29678950.17121595 -3.12680617683799
90349610.07685545 36804402.13262339 1.7883197635184729
165905302.61095664 48671433.42340603 2.3177595006955567
130187559.89068927 81825142.91537145 1.9424847615220167
-108291126.08561397 -26483434.184257977 0.7161381108537621
-118894115.15481612 -6601285.4700174965 2.4196866649160196
-46863880.653071895 122964214.35516874 -2.9796914547915163
7124186.01635475 19454632.11156757 0.11892985502513445
9614071.68663225 25738139.729106657 -2.660924910299193
9767411.027262365 18377185.186858863 0.8476177959385978
9672823.560421644 8336358.529501362 -0.5250739712975963
8345826.209021953 7347571.660281032 -1.6985960852550763
8534872.897469178 2491442.295131806 1.3066353837223759
8511053.637639824 26239.729042302133 0.7358836478500106
8305367.487503968 -1380855.8897956987 -1.2628321134658835
8460544.652794342 -1739059.307086495 -1.429911810828867
8453059.026441194 -2076634.1577218508 -1.29678662424548
8496583.83465932 -2277354.490151157 -3.0480908893413985
8527481.56813038 -2398451.6079844567 0.04657158922585729
8542935.955248766 -2452110.6006921623 1.4182085761758145
8526492.751773233 -2441713.22666961 -1.1394956482028114
8508967.663629211 -2418405.821242748 -2.977929623154477
8480188.379698591 -2372157.173351307 -0.4495539141912513
8467372.074131269 -2358347.8140302054 -0.4291997259408524
8461139.989038214 -2285061.425905488 -2.11494407787867
8464150.021075793 -2242790.0556484917 -0.9104247257189666
8464233.095449023 -2231512.271615957 -0.44196770429597454
8466703.17684262 -2212087.3520994023 -2.8770359295061723
8468120.850367531 -2180541.513709887 -0.7462201540726316
8451608.169114994 -2189212.3298929986 -1.0857177857786855
8434798.593536321 -2209959.7686120314 -1.9279115008719343
8411133.89702377 -2251143.0206153677 -0.8011264564694581
8383762.083440094 -2293157.894891626 -0.16827561905435046
8352711.345382686 -2344235.109720691 2.0877986836560747
8266816.560279095 -2441183.4591656434 -1.6861266518013742
8180299.168059653 -2537891.9806291815 0.09947358581407922
8116220.509245239 -2610182.085744481 -0.7848271261625117
8036946.63539025 -2694144.252556151 0.8661766186305497
7947702.254231826 -2771286.383606195 -0.8403056301724576
7938240.093375907 -2795292.830860531 2.467053733601566
7926755.733492346 -2814857.4364735913 -0.024882848569934054
7912944.26338941 -2840100.5187306926 1.9875634782600953
7900798.414034671 -2827896.8377157017 1.3990255521220265
7887733.415960396 -2817990.6036132243 2.0637504047035837
7893839.199035961 -2808048.0829641074 1.987862409689589
7848819.784122886 -2785460.600064559 0.230559890289244
7810288.497628306 -2766404.925804337 -3.0603575415422375
7765771.951309584 -2742663.2375465934 -2.21093470497909
7719493.076008599 -2724043.469794022 0.8741777464433576
7662891.714607568 -2704896.976863701 2.4763502038447864
7593770.252780146 -2684521.129964692 -0.5884354566785294
7513764.119074836 -2636183.931972278 -2.279934646059699
7557199.959293896 -2555355.8634621953 3.0288811014330927
7608174.822495452 -2496689.368398671 2.180288833052059
7660541.937446987 -2415558.6847202266 1.620379088765774
7714459.513445138 -2327354.78689643 -3.027167083040125
7766882.61373426 -2254186.054731721 2.8466482332867793
7857363.016342042 -2306503.2109577395 -2.003029579145679
7939882.529141715 -2337575.7898346726 0.19271841433891046
8019280.549511028 -2363503.25233542 -1.7887067700139916
8090454.995427304 -2368979.4439773513 -0.062003433793539925
8148032.256704085 -2398557.172225463 1.897900801349644
8197066.4337721 -2324804.322837154 -2.5087044048692797
8236110.749248328 -2270582.6142759644 -1.8098742533105923
8265917.86849706 -2230573.3571471265 -2.266647116587486
8282000.656100903 -2206930.0028768987 -2.1661053533868007
8290932.656331512 -2194044.1368278638 2.3382037651251117
8299712.788460252 -2184119.1090872358 -1.10165382207655
8300295.591019232 -2191172.5618562917 -1.553518054035406
8298581.728811573 -2200836.1620749957 -3.140458991414007
8294865.728658907 -2213887.920028723 1.6610991209347064
8291412.838631442 -2225148.842021278 -2.6692318007536917
8316985.070361747 -2164810.624525432 -0.19629774087797167
8378143.0191463 -2033948.2511983034 2.4964174129299175
8447509.344073357 -1881114.926738248 -2.46666881699305
8476237.968991663 -1813666.240646879 0.6540638312965839
8477239.561506012 -1802458.0902412883 -0.9987764899494112
8472728.41159806 -1784266.177090159 0.3108575096044539
8477467.647811363 -1760856.7311848712 -1.0213159169001549
8482625.801406365 -1774334.813422184 -1.924146962538535
8484995.044159887 -1764318.4786550414 -0.051441234389942116
8517432.548772901 -1770474.3125009788 2.817900328143064
8571822.576295339 -1792851.7047656972 -2.858744659111802
8630299.75552126 -1769556.8576393507 -1.8444502223696813
8714909.215954695 -1747978.126629008 0.8131252186557146
8880493.387078201 -1771469.2228790992 1.4071525448031381
9077268.74362162 -1716947.0553625263 -1.1166297605181064
9397803.676436074 -1823332.231595031 2.864539194748232
9732304.718482926 -1574761.233167281 -1.5945950787218703
9991497.963601742 -1070914.6258788507 -0.7429408031872092
10207364.776995843 -1075514.3187118173 -0.35332157370244377
10204543.218135364 -486881.23767589254 -1.7905109048107166
10253925.688103396 -540756.0414029814 -0.6251880940600189
10931820.759163298 -2030255.065651294 -1.7524332239325406
11541161.819267195 -3738032.9351630867 -0.38047203983339584
11625993.811680367 -5137450.152618038 -0.5570350373396853
11170242.333133832 -6359428.128151297 -0.6044126259964826
10679953.47654551 -7990852.988029472 0.7100394428893869
10538772.340626543 -10485156.75919434 -2.1911376896137744
11032045.412909556 -13295398.353660922 2.174137999933831
10744723.898079537 -14110713.974224301 -1.0413798887424617
10088027.535704464 -14646837.925894938 1.1275586874154282
9969125.074455295 -14844918.685668504 -0.3141988014006615
10241616.957140597 -14987177.710222166 1.7193968401636324
10453071.140316859 -15115575.958356358 -2.474562744444233
10704345.501795137 -15264629.169356441 -0.30960996911389094
11052741.579508884 -15487112.217787595 1.9881701054103134
10683678.887638113 -15831765.645329734 -2.867361579819778
10217618.821576646 -16214141.66892802 0.9229954159821958
9699690.863855308 -16582479.293650344 -0.8063058122484585
9139514.813697884 -16910620.709999785 -1.8208224239242146
8616028.783887362 -17182667.14259931 -2.1646755805045115
8119940.165061924 -17423482.95749703 -1.942029640797395
7692970.225820943 -17587606.454303235 -1.279576765465867
7357252.57233185 -17686051.213099863 -0.30245807511417827
7100417.052864262 -17742357.239631217 0.9082675924026616
6945162.914656334 -17764410.393103916 2.2307699491891944
6868681.8726615645 -17771253.75422482 -2.6647629512955713
6846580.527518846 -17771683.22196689 -1.2754150460621994
6856914.200945657 -17771364.177014172 0.12290213651789042
6872100.871181626 -17771713.15863057 1.5019793686258787
6861511.131352426 -17768374.903380025 2.86239780340795
6795136.1287278505 -17750610.31881775 -2.0392140860580925
6649064.671777496 -17705636.43576583 -0.639230525986891
6406005.241708756 -17610909.531683665 0.7864391888866621
6058860.767861533 -17464464.381130718 2.162492260243107
5613210.015714525 -17228730.531749535 -2.812708313403889
5096604.730917976 -16911988.637863394 -1.6691813553885035
4511172.2840462895 -16542722.154595343 -0.7522661825200934
3876915.226880909 -16109322.3039318 -0.14079021375352158
3196488.9213998527 -15617716.839720543 0.11503725576297387
2525878.3105477947 -15044836.97339134 -0.13502839110499557
1933049.5496035323 -14498217.960368782 -0.8720555722041237
1355964.1834898214 -13964306.359631484 -2.0848673125604775
861242.3111672219 -13459058.425724678 2.5417461122198937
464137.4089682903 -13008665.554230463 0.45548798730690904
136619.92076150246 -12671122.097008094 -1.9460732043523692
-74964.90318327144 -12424146.17511705 1.6912749573015347
-201274.7607907401 -12253530.115269275 -1.097199531023215
-246698.03925488834 -12176853.011165177 2.3127746012425976
-236039.76708429612 -12178870.576091284 -0.5725983104067542
-191872.7684456832 -12232722.022068972 2.878590182703474
-139984.97107834724 -12303684.571366545 0.1293506485976134
-98169.45230134847 -12358805.353903666 -2.5875178178233327
-90930.19454232074 -12358598.30118353 0.9767655393536664
-130549.81780786748 -12274419.613581184 -1.8291434795375847
-240956.3337541045 -12080134.357137378 1.470777523319497
-399394.7220944802 -11775284.60232326 -1.7601042185507592
-600884.7203605385 -11383868.941783067 0.9672503729256728
-837348.5881331627 -10924417.919806644 -2.989104954643403
-1101224.8828259192 -10431076.758884167 -1.0601165524830278
-1352143.8049899032 -10092146.123718305 -2.4907768273837627
-1669183.546323872 -9706451.848992022 3.0102272499433638
-1896623.2040758042 -9391260.716281608 -0.6203678849450284
-2049887.6792396957 -9177995.220216686 2.754230773333371
-2193338.603123407 -8988112.9079961 -0.6525751801828812
-2342396.9294672785 -8804497.246295877 -2.3498388105234747
-2509794.553337686 -8606273.647310415 2.432991702841933
-2651131.8003011844 -8430652.936575491 2.2542972258154497
-2794595.7519268556 -8260127.541281886 2.715865135668729
-2939680.5046572727 -8090997.599861085 1.5885108650878008
-3072847.209039807 -7938373.210246252 1.167099226317495
-3211265.99401011 -7767116.388712669 1.776831472229507
-3375432.6192003433 -7570979.414896829 2.1686418527097424
-3558564.5110558905 -7377399.193965584 2.0406770253307496
-3731308.8872058904 -7187802.62097945 2.026248339378864
-3905372.5013380856 -7000871.297035799 2.049089985171872
-3708598.5057080984 -6819177.342354303 0.4652742717337641
-3526071.1476588394 -6634285.442260292 0.4089347605378425
-3334142.4596922314 -6462195.707135583 0.16468988518191444
-3149336.1177337873 -6285043.017602694 -0.1176426954945904
-2958745.1194749954 -6111018.37488142 0.29293929026810195
-2781241.4472681233 -5932696.399465997 -0.6805071228065126
-2608706.6427528206 -5750436.105580915 1.4193645436740694
-2447476.132586908 -5585068.18204308 1.5107135688628028
-2286984.395453249 -5424389.056894669 0.8660520861598738
-2129803.1206094376 -5261824.120770404 1.4571159648353016
-1963932.6369794954 -5421995.772089969 0.6356036072947511
-1790707.8669039092 -5578766.888064709 -2.1232356643597523
-1626075.4717901458 -5741323.499543591 1.5130181861978704
-1453913.130948771 -5918983.176185439 2.1244070995780286
-1138458.6336744924 -6214718.116794144 -2.59468559053565
-798613.8443435463 -6532296.592419907 0.7875473003831616
-543508.6026940665 -6773762.4115933515 -1.873235265367514
-473503.33815571415 -6845724.676636642 -1.2128389092296288
-438966.9104749989 -6876011.112246904 -1.984783187022628
-413514.7996121759 -6898349.607099643 1.3663495212221946
-363927.8919270717 -6948317.840591557 0.9481834331704659
-312939.22040321043 -6997510.386345092 0.8831848373609846
-263139.29403079464 -7050185.760549813 1.4340214415117352
-206399.45331066917 -7108405.80079979 -2.8387797246689086
61131.207289978556 -7423631.746938355 1.2607513217096822
408513.89085884794 -7825932.280159017 -2.8625708385819246
718225.4615994219 -8185811.292599799 -3.1280805020642686
982221.8571523724 -8476596.417914305 -1.6914449415057473
1154184.4213895493 -8684450.140474742 -0.8714697237846881
1277602.8251835715 -8808878.16988175 -1.5387027659747339
1438331.3607155487 -8981048.344983207 0.3566710102944412
1604556.0363302235 -9143354.91239302 -0.32335259459030813
1699387.0582396123 -9242351.013596894 3.0889090466646225
1711528.9130554604 -9311296.363920119 -1.06392197316759
1712890.799878883 -9311393.496944118 0.3243264967634131
1714414.5009602236 -9320259.222007688 1.2500964258573406
1783096.4523099703 -9383486.810393948 1.9276299782495772
1836642.9785676182 -9450446.153426602 0.5775916438365345
1917142.9057620487 -9529868.62568725 0.16183343388252652
1984672.537524447 -9609581.204029584 -0.05349097114151999
2033997.035082182 -9504132.579000033 -2.747502948477525
2056485.3850587774 -9452948.77926238 1.7365622858766145
2055914.1961847243 -9725283.419295358 1.5616236616354593
2103713.3437816342 -10204013.058103248 -2.541425668177001
2152487.9476168132 -10500250.9179582 0.39464861373976007
2148051.96726416 -10481054.955125224 0.03946215201833026
2074896.0519859805 -10195076.623817254 1.5619658972023767
1939859.722972964 -9674921.881198522 1.1499479701375763
1720631.6642291949 -8859370.956286717 2.446997115841864
1352173.8822161611 -7570600.630328802 3.0707962861665536
1238156.242816428 -6009170.670145381 -2.86445788602332
1182730.1537834734 -4774907.7678698115 -1.4567699911086394
1066089.790382349 -2785167.3784079957 0.44929249863416243
1039730.2405968979 -1714694.9398638997 -2.9887293426777006
1034668.7808938313 -1467891.5316738293 0.3634896904044254
1034023.3625536412 -1872692.9416789724 1.0717672264338105
1030126.5195656206 -2612431.408090212 0.3150051011673185
1025341.4366122645 -3396979.995875011 -0.16907232577397474
1029358.9985527341 -3955171.5657631774 3.005364819699946
1033280.8118175338 -4127415.027674439 1.0147358713101824
997462.416282917 -3815690.5228497656 1.0684439148250298
888727.7549929568 -3079408.41472567 0.939432137637751
720161.7116383469 -2234500.8302869187 -2.083129067845096
571549.0449080529 -1740528.5378799164 -2.9800965017109964
562992.9153560163 -1720187.9791944004 1.7970533981996395
568222.5131726325 -1731276.0807017018 3.08781943186704
572220.1152542292 -1745105.521642683 0.4598836673072358
600494.7952253509 -1961608.4616036077 -1.017882282137241
722551.3939730361 -2980696.1222347044 -0.4218782969274339
833001.9674152675 -4043344.8340921192 -0.2749675842169971
681764.8203729757 -3809831.4652582873 2.7514533415367595
534588.9078514907 -2529854.6337721124 2.0233849414191236
339388.5153785761 -1230348.0501731224 -1.7624775524303171
87648.242619329 -18110.616073808607 1.7338316813823191
42571.319545001796 20606.07694347708 0.31106601921066723
514.6346067482154 52517.17467535086 2.063395162655585
-30881.966934650856 65831.97266459132 -0.4679601527956701
-39899.15031546811 73150.80990760362 -2.5051080665055157
-39459.35428599558 71753.31627774908 -1.6539016555632096
-37001.88982863736 64285.79454271589 -1.2132820386278076
-34897.59588854542 48882.844345172 1.436109792060998
-34720.079039053264 25296.221787345665 2.0984224587981997
-36855.10857811976 -6130.048558351127 2.684545253117233
-41126.131326276765 -42448.54287935095 -0.9131825850595059
-24982.023944139175 -66411.2953445622 -0.9581035232466504
-30185.63140557438 -107695.63047264593 -1.2245094442135245
-34971.32266636226 -148537.6774614588 0.34842409056666046
-38241.631829445745 -186894.01685998632 2.39479075356765
-39308.61951759181 -221364.22801915562 -2.5786591027984906
-36302.53551753125 -249263.71048518363 1.9049953168615048
-29705.902893944505 -270584.4919481248 1.1401155020688032
-21376.984024594334 -285649.98425824655 0.19421973016323388
-10384.540725596496 -298306.2713758915 1.3531180731052659
1802.8459001806586 -307618.27563745726 2.273569889644676
-6686.92242706001 -306066.989115006 -1.211225696006875
-6868.571909467832 -314397.8116684556 0.4276646440835683
-7637.143628100566 -324669.6692448827 -1.0591494414693174
-8232.649458917214 -339238.856807684 2.0176667176154277
-7025.837665720526 -345998.90718355204 0.8101052441374603
-6295.465556375217 -364520.0628752927 2.3385238588821
-8648.795839419956 -401484.18846484256 1.660780945166697
-9755.040974130854 -447714.27724933554 1.0732249044135946
-16451.485754592715 -500951.0457285985 1.3461190490706194
-21901.303583236375 -558200.031631219 -1.6862493804283691
-28940.229636702905 -612500.6820743204 -1.5068945035900718
-33222.77717540697 -669095.9306928656 1.9932641709080205
-41060.82698884966 -738950.0119089218 -0.818785621055475
-48752.13563963684 -799192.7235690078 2.9392910437913127
-55843.64542522119 -855385.1340666568 2.7086229445251013
-64942.14109318142 -915122.1610281061 0.1369818038738526
-7808.35234325358 -926376.8632475119 0.8048670900098579
69127.22142741518 -979276.1994771997 -2.26000596913533
168918.79762212757 -1060486.152576155 -1.8772949245072954
257731.16711967453 -1156196.165318713 -2.450625699013873
324477.8134690679 -1243734.1168389411 -1.1004418230017525
366358.07859443215 -1309656.21642597 -0.8595093378957958
387432.7628302643 -1349969.2869729027 2.0583108232886893
395371.5460592054 -1368631.6770275556 -0.20667376944419508
397273.45365506946 -1372695.8511823788 -2.141705426548155
396356.68657739565 -1369147.7342991033 2.1691717901524012
394832.2892303123 -1364187.7392867785 0.07008727214733398
394483.47821273207 -1362882.123991791 -2.13330940287214
394988.2078620093 -1366343.2542395252 1.898949920447651
395925.40584161866 -1373638.6868258556 -0.37444425743410925
397253.99644020566 -1380201.7407039173 -2.6827028469865315
396073.44415632886 -1376118.755271302 1.388838076520819
387934.9338031516 -1350452.5694735148 -0.05126135601534689
365906.47450950404 -1290148.7682654986 0.6084861720313294
307729.71827782353 -1206001.441700134 -0.2208733207332712
228969.15226319508 -1097304.8289165103 -0.9327631243024073
178450.75383701356 -1026158.6936451158 1.3305783079062514
201716.12494784035 -1070303.4974997512 2.317973125395979
262257.41608283896 -1143895.5136523375 1.980239352188271
351100.0587830695 -1384681.5845129858 -2.028133363638478
420314.2100367567 -1618458.4269816843 1.0551455034630142
459663.58099894866 -1781092.9138901292 0.2702040266718665
469902.11129956326 -1836364.7922542503 -1.7947985723499966
466823.467711687 -1813641.3742489675 -0.0970982186481978
466724.4597008532 -1786475.8848610688 -2.256794434565311
476335.4896734298 -1846974.475914781 2.082887336583719
486031.199019617 -1930722.4892811857 3.075521615925382
497630.1593383965 -2019073.6826526923 0.8699796709724037
501203.73473172204 -2130982.8514509713 1.2015989605715895
488521.57261458604 -2225007.0353103476 -0.23747182649022075
484124.4355177297 -2344900.687912693 0.5328324443165078
464622.6068208468 -2442498.705568877 2.682079225217821
460360.71026010497 -2567140.5266276877 1.4678597019162283
441928.91713976563 -2685723.1503991494 1.1584170348748817
428452.6223938027 -2820167.2332139276 1.141925761772085
432119.47035331454 -2993339.1465820265 2.9956151454137303
402902.2449130826 -3100377.8010080997 0.27108285520263103
389800.5094028812 -3254480.3422925747 -0.3775164070848146
360337.1661642322 -3331133.9208778706 1.25948699635617
340612.45889243967 -3396135.0797951696 0.8375614684150376
321059.2254580531 -3460017.218601099 -2.9880678923515824
265275.0682551468 -3417025.521789868 -1.5731398962967904
223701.59651484224 -3387576.741688149 -1.3206598238633624
172319.0792283609 -3357661.2122234073 0.8644727759598676
155098.44841863212 -3343357.078416934 0.6767222869980009
122100.2566044868 -3324907.20356205 1.6958160221809069
87550.56941258689 -3428052.207915339 0.09723966874251005
81247.04131316081 -3560872.638943158 0.7556079648127657
-25728.317818096053 -4577274.994462195 -0.3232580817656486
-303624.67770050094 -6109154.904223679 0.15795056224533105
-584458.0868908 -7490649.325421856 -1.8730039784981978
-709846.5162665966 -8043345.806674118 2.3977322731994835
-568078.1019308125 -7545927.251896736 2.0889489410703153
-324082.6485213762 -6789131.658247205 -0.8079283928388731
-366886.55443341716 -6848296.558472636 -0.10058724170477945
-412578.7781396521 -6902301.084058709 2.8530754842657076
-431709.8798004749 -6935220.533916842 0.37317066813328853
-568305.4932216118 -7202405.321583374 2.0206607674784127
-753477.7593875508 -7536776.522365796 -1.5892144488656228
-935440.4262349464 -7737093.747185602 -1.601557244667409
-1133539.374173696 -7934149.020746646 -1.6645608054926133
-942105.9760946874 -8132531.917631873 -0.3942512627277776
-740363.0730619947 -8338203.501644994 -0.2301210341572522
-544518.8281427211 -8539053.530908046 0.041275127319054625
-348922.63880626566 -8743477.492627505 -0.018710864565104107
-174860.16850268573 -8942629.166334651 0.23137705391232183
16601.507084959405 -9145652.761975706 0.26629996532219524
192687.95069721897 -9339420.90933375 0.8430325762461117
381145.64131260634 -9531308.892945997 0.09380949071313162
558319.9162748635 -9710948.803212026 0.6775513001696963
735165.8795347811 -9887431.011965724 1.1825750024648307
921755.5924120346 -9727523.048222693 2.570360119154101
1080606.1635636128 -9553593.418930488 2.638677915089883
1207249.6560678147 -9354387.584477665 2.639827465854917
1225787.4976585528 -9061676.821044026 -0.2886001567136961
1292609.158907691 -8819958.627766408 -0.07455436799630398
1384042.5238023207 -8630111.48245445 2.137659134024233
1455073.7670545783 -8232502.846751301 2.349255958843179
1445941.459030584 -8243549.181415161 3.0247921488962697
1523134.1779706017 -7684243.326851676 1.852871195610205
1469894.2973834567 -8051693.213168908 0.46794073271333353
1427349.0012240498 -8362569.771624165 -1.6453932886874045
1436151.6170791457 -8330918.425202066 -0.6440792527032412
1471627.8793383266 -8123295.723180544 -1.2178172026494596
1277494.0945695806 -6630065.171986315 -2.8897510817962595
895979.3807155702 -4359546.1424429165 1.9310781193613347
571408.6834755929 -3735579.3790386156 2.645615322546725
508827.4415192337 -3627077.3752508024 2.4898585771986896
440562.8186469487 -3569647.4264644207 -0.5021128041557215
363381.15026548144 -3482861.5622895085 2.3462992941877627
304141.2205654116 -3443868.787178404 -1.2594915995228078
262972.85231580934 -3418700.386827636 3.043098095170293
224434.2136135606 -3389162.877923635 0.015498382302601102
185977.36792148228 -3368528.4777105874 0.26324865129473213
203971.42352832243 -3382211.3092927057 2.7304604694356684
125541.19055000183 -3324930.200341033 0.3828741226162382
103300.76689711456 -3303765.3575138496 -0.8972009743360267
77833.33052314476 -3278609.3951937216 2.2824328244535956
23107.507950646133 -3239782.9783895407 0.8927120683579685
-41044.46417095787 -3206541.488503513 0.8250514531784184
-111423.88064953792 -3166611.195053458 -2.4131706548087934
-174613.84111437734 -3130710.0351920733 1.6660740377751144
-255855.0144981908 -3089768.1470645736 -2.0591153336505728
-373713.0739691545 -3054886.0783534623 -3.075204937457269
-90250.94934501953 -2563898.3540059226 2.829094437913055
-331703.13037792477 -2501424.4462086856 -0.637927330183782
-349222.3379488131 -2460625.665005397 1.0346452865380322
-353588.666746973 -2402413.8903635284 1.4470990686632201
-386948.7092845057 -2298035.431961815 0.9497228570574116
-340894.2494628512 -2199458.4902504017 -0.23089614696543362
-301894.9719293682 -2098967.1535350024 1.1784167309669356
-261863.5660474315 -2025322.2741950443 -1.598674601229208
-237338.78044136905 -1952051.7507054457 -0.09825018534520136
-203635.39030074613 -1885008.4363342447 -0.4393079110581991
-173819.13981040582 -1816046.7869450229 -2.4140486422857785
-144546.5915073568 -1742891.3253166226 0.3841079801227302
-123314.2053590344 -1672902.3741493914 0.8803187143828299
-108188.37655399418 -1596390.2293290447 0.5506365181675578
-77405.36236312306 -1509808.512366135 3.0141613692468914
-63071.2834054481 -1449039.0692169704 -0.029586954108193248
-42547.425868193524 -1388818.8181714378 -2.0647920487492155
-28713.05156841874 -1317293.6863780657 -1.17958052919
-24831.634822636704 -1246162.776229804 -0.16911267899640525
-25507.445103269492 -1237848.7437263927 2.674788563796758
-38556.57437880552 -1204057.7694221232 1.0735161418900077
-42002.94777488562 -1203325.8275113003 0.11312938591183036
-76120.43214223863 -1246597.4880491153 -2.7116775013394165
-83799.30949593033 -1244667.2665948793 2.6607003471285737
-83431.7914484572 -1247845.8568535063 1.2996534555761257
-86923.9577406896 -1251707.8972730476 -1.7240604814410343
-92142.89784064368 -1255205.0089500519 2.419635236712216
-95111.83763042599 -1247397.487963327 2.4029597023446807
-97790.41739230027 -1241132.860488528 0.29301874240483466
-100486.1215545246 -1234758.1620779682 -1.207193090858005
-98116.08990610119 -1225260.0915124968 3.0761827345340644
-95752.3961130713 -1212949.467692493 1.364083767028488
-99456.80949806696 -1202715.4734448446 -0.46397426967000144
-104977.1861152586 -1192877.5130422749 0.5436141580442629
-107125.6778180007 -1182422.3555554633 -2.6334488205038395
-112503.43274688398 -1173783.8709723672 -0.6595263985735988
-115441.78941106607 -1166987.1557215976 -0.6732505716506969
-118959.26696075813 -1161280.8598098035 -0.185015825339481
-122233.7401651858 -1157092.2787178583 -3.107596848538809
-125103.7716333076 -1153723.965834374 -1.4958969658415109
-126542.1546235985 -1151791.3685357366 -2.187418078981953
-126839.88819156474 -1150880.0537079293 2.922454933970504
-127040.84219313413 -1150517.5866911341 -1.8152825701462594
-126964.85396195643 -1150162.3803998411 -0.3891392260928546
-128536.66277810074 -1152886.6307349638 -1.1446722262820546
-128747.28703162626 -1152695.658945754 -1.899371086526692
-129058.5219284292 -1152451.1546786341 2.6239319724826826
-129361.75128675363 -1152194.4066457748 -3.084504149082625
-129727.5832140356 -1151939.734193583 -1.7614006867077172
-130012.46750788078 -1151741.750600382 -2.511467463107186
-130066.31346580546 -1151683.7690529162 -2.6175663250612273
-129928.42852797486 -1151769.1964495154 -2.520753487963045
-129741.85816376051 -1151890.3333546564 1.785711997533394
-130013.40343161325 -1151796.16786096 2.451920506888595
-130255.09188965551 -1151610.124603903 2.2882519537587886
-130487.11791351862 -1151440.7718354028 0.8766882184929918
-130720.71859956632 -1151145.6079726042 0.23452880565205186
-131020.06582762895 -1150916.5970756519 0.5674917409944751
-131298.96816021204 -1150723.702388104 -2.2658563357684756
-131442.40617760303 -1150623.516952721 -2.0419640345292693
-131041.20026229299 -1150756.4426130638 2.891729373212105
-131415.32410714307 -1150509.973008713 -0.5278161143289388
-131662.69614362827 -1150332.5520409546 -1.1581345853469802
-130654.36368346846 -1151256.5035212194 0.8945963363290075
-130783.92292433562 -1151197.838301174 -0.9415123424349688
-132821.69022937614 -1150294.8705692946 -1.8619839302260166
-133803.17173522362 -1149917.255163275 2.445116991751461
-133937.67698394257 -1149360.8247501827 -0.8104275675218572
-133946.8184680388 -1148697.2324717941 2.5456105069416353
-130400.06772290723 -1126844.2584888379 -0.042200545901613956
-120891.55963568609 -1084252.4347029682 -0.8698365521019255
-120586.7319323541 -1079877.3185851176 -3.1251431137632757
-124254.7693870218 -1078346.4734547054 1.1535931066790788
-128631.58948863586 -1075390.804335957 -1.849299066012967
-134916.98877843356 -1071860.8496320432 -2.4808347536537245
-141706.56632056317 -1068226.2899229717 0.789641591516834
-146764.87720875902 -1064006.655735423 -1.2923530436568498
-71493.05386064312 -1012318.6610313029 -1.855239907882196
-76238.38792183448 -1005474.8230403594 1.9313873897015283
-77938.61480717703 -997948.4123243894 -0.2808386071749375
-78138.67827769576 -992641.0939010247 1.6690816745032173
-82164.10246197911 -981294.6733839263 2.0810095898653347
-83583.79318420659 -981504.898426859 -1.130492681334512
-80288.99352941956 -980539.87360842 1.4438853854124682
-78075.08287446407 -979679.4199793548 -1.275122527315923
-83010.17051433257 -980757.1827367563 2.5089235742393745
-87955.29656888751 -981595.7057910775 2.213439445660288
-88283.29332302319 -985248.9029331976 -0.3269048748449961
-90025.23760584818 -996619.5245511477 -2.196973778285421
-91527.41967300519 -1020856.6568265114 0.5034552344073487
-93537.09799233517 -1047779.101183109 0.9343718990149744
-92842.82271626731 -1062047.1155726893 -0.24788734983857275
-98197.39407756263 -1045112.5668557797 2.1272780685752104
-110516.01266144558 -981801.2593259682 2.1515290782419525
-129640.25390390307 -871895.0594953988 -0.5543572487007113
-152903.93310099983 -733950.1490897322 1.0628109528204648
-169106.8998453565 -599922.5244437346 0.5393558057490094
-212000.72004845494 -545143.0255701641 -2.6275979446526834
-185052.74963139155 -551022.4548177733 -2.890694051513762
-253066.97137815037 -321004.0973727983 -2.042647808202887
-224117.26111534444 -321212.4589891543 -2.2450333209736284
-234190.22067648362 -270967.7523780158 -0.5678690734593027
-194174.18534761437 -264599.0916441339 -2.9250008320995478
-211318.88683086925 -272741.4018639043 0.4421670708489148
-253899.39969086906 -293227.99115502095 1.345946445837978
-211154.93175008305 -268539.20927760005 -2.418606295141741
-188322.52141816338 -278260.6750406307 1.4662646024623514
-173268.37159665092 -286136.68462754047 -0.7423482910756467
343914.5616160586 -162605.0778597042 1.5167245730162577
339911.2131642278 -160622.68626805983 2.5072543170216965
375135.30456956546 -184671.10112540654 2.438174888002508
292657.7168481347 -115015.878189793 -2.9769523077805657
373484.29040631506 -183040.7863111386 1.7225179118248612
389702.6564605862 -199274.3396692601 1.2795541865499542
302976.993268069 -140335.69468544144 0.36773822294885977
390798.6387064921 -214228.0576281901 0.7823442001208082
307666.57439152786 -150417.85154645142 0.31232355370820186
405903.89875336376 -225856.36026491944 -0.9582833671819134
398942.8677233805 -218591.30493369454 -1.6009822427523523
435775.13826843235 -217913.39735800237 1.539510134286104
448532.92767026526 -200819.01963684752 -0.3828090340763215
438968.45111641573 -192789.55914004167 -1.796282844888443
468611.2192447632 -129088.91953608712 2.626011761971086
482300.16526335926 -105510.13610604595 0.3114034145262375
502368.84179342934 -67628.07241767533 2.35898260771951
528437.6867180141 -23119.261646616596 2.801237991604418
540431.9891663876 32738.372170662256 -0.9081478671914884
374447.1323825766 107155.22633162409 -2.2392484528647816
303812.37691243953 128658.33411327102 0.5013303976101811
287583.6180674045 139602.20150862506 2.9372573130553747
316036.4360633382 126022.52883490948 2.3806027831511845
269170.9245528671 124580.02643868378 2.36317917808184
309805.0069726666 116770.94626198309 0.5730444738252387
346769.8398743684 81563.69650538852 2.8081108511600683
348471.22863636544 82374.63038176624 0.13193105307310896
352981.6497038504 91461.66576833834 -0.3525361328643105
358144.67677150684 103666.31603823227 0.33580730472655373
357375.48489092727 103787.66868760515 2.415383109028638
355042.934861473 104226.56588707434 0.8362097248829816
356791.4726515633 103492.68169480673 -2.8340940302514745
361433.782657385 100685.89638256676 0.896659679534526
362734.88558169786 102058.90185073619 -2.853892755687767
365110.4121874196 101686.67332498051 1.036785139826704
367336.37723033514 102207.72294512196 -0.2615647247791869
-58395.130831773124 -51745.94798049515 -1.5004955657684178
-57854.030460270485 -51922.801128177634 -1.7222739354749568
-56256.622946888536 -52750.74044895509 2.010807973778408
-54345.881068449045 -53504.630443001544 -2.5570392949853686
-53780.11991762885 -53782.414539479825 2.1573312592397613
-53724.11796906999 -54118.62842717966 0.007531397358239136
-53710.07053479208 -54132.482457602586 0.002776397358239121
