3.0098953922666395e-17 -2.4615381713057212e-17 4.9967094872557225e-15
0.9772633064165817 -0.004546514848303873 0.014585248043952182
1.9641826318964792 0.03312412474295478 0.01211246130774333
2.9640250612723493 0.06003451250407421 0.018888512789706935
3.9509422547408373 0.08343563314506063 0.010610819937053836
4.993749753521562 0.053434287281791774 0.007908197814989814
5.99587601665225 0.05769669181376308 0.003033750523866885
6.989229141527074 0.08470979028385939 -0.0007071093853283455
7.98396145038089 0.06378814739258969 0.0014325977744462863
8.955098040989911 0.0632958297095848 -0.007209652682633404
9.969225204000862 0.08522154417654018 -0.0008406113437996869
10.947148542844687 0.07904606135562445 0.00297753538069541
11.942220057104292 0.08336462200760125 0.006691355997341412
12.951491684741683 0.09142283005733767 0.017970264288640455
13.92158762347021 0.10919942321010277 0.007286711273512832
14.922987076872099 0.11613487916399419 0.003183845017737981
15.926221236372802 0.11941424295703543 0.01037191449043748
16.908339218197945 0.14886001343240646 0.008923508210416663
17.89656477183678 0.13510474923496896 0.005340324188803448
18.884821365703875 0.16529943206506398 0.0058076721117587245
19.88522082799928 0.14749220469590602 -0.0027313818386816434
20.88466589611028 0.16456644516576005 -0.004840010451753585
21.891877128819228 0.16826168729997495 0.007962114293122931
22.89682986437493 0.15062146834018664 0.004350414645938577
23.886194265165226 0.15854471694203298 -0.005032636268906437
24.894239180160657 0.18811905555315356 0.009121855805815541
23.899572687075636 0.21839487999475657 -3.1292461970689383
22.88840769109353 0.1792182020842303 -3.134734427342878
21.894898446780072 0.1526435817710571 3.1377129221723754
20.875014899877897 0.15871372820654858 -3.1356316067260366
19.883062821928753 0.17470546255825026 -3.1400079323708576
19.87376782726785 1.167577500954161 1.5778415088998672
19.846128592974555 2.160704467230023 1.5777080490155373
19.804871930400697 3.1592848903435313 1.566516572696594
19.8444203454563 4.1665490123634426 1.56792576407424
19.852933673510076 5.18621415904182 1.5673413033511223
20.86656404373563 5.162417793644916 0.0037784170800615213
21.852829285067077 5.161742661747304 0.0016617967053947878
22.864116704112455 5.147408173952133 0.009773045067333473
23.873679835030078 5.163553719418109 -0.0024939443353978906
24.865149681290745 5.167586701584295 0.007004282152521947
25.8690378534432 5.155573452150098 0.005909081990498604
26.864223541478605 5.14499577317608 0.0011966268857612364
27.887549785861566 5.120179761516302 0.007076625526813852
28.884832061994853 5.121242390256724 0.005563250124720068
29.895124135446892 5.100848217638805 -0.0034482217224274625
30.868022079815752 5.098352538320125 -0.005338918960906462
31.8711953778105 5.087900600385939 -0.0035628776347425067
32.85955327442944 5.110727375928089 -0.008450848003863493
33.858101388455886 5.094907223485026 -0.0062252983686480415
34.8219638199543 5.0646224223983145 -0.003125490543238695
35.822763835898485 5.043299403688169 -0.005292269773481889
36.82937911550609 5.064140236443011 0.00909929204276871
37.86220307307605 5.084469019870835 0.01791415646270468
38.88096717633457 5.086636971611466 0.010372509914304728
39.87416149369835 5.102206652651643 0.01740089456554521
40.86942515636186 5.131615980170971 0.029510582992835675
41.85309086505986 5.146182835489945 0.024701387327801066
42.85116129006745 5.162033433398069 0.0162315846606085
43.864314336747995 5.188751242496322 0.013509062446809364
44.87452400986469 5.200086368438631 0.0029759333261653274
45.85891428477801 5.20837674255187 0.0037980554172148302
46.84167913403567 5.218314136102301 0.0029471442932402473
47.850572813921424 5.260782154191673 0.020437943988909475
48.841363136302085 5.293450055478967 0.022706657348899307
49.86751552888988 5.287409510079245 0.022286846711171624
49.84430866867676 6.304292565560723 1.596847880351744
49.84396400953511 7.299092159619353 1.5855399024409094
49.8242029591474 8.284392247635774 1.5880007591865128
49.813872076882795 9.275293253769096 1.574805619703834
49.77754102725975 10.257068686643013 1.5708133808549798
49.74896603484967 11.238572345262428 1.5745076253309689
49.75632085921337 12.200848549087475 1.5823687143469638
49.77942122179063 13.223232041160253 1.5836773872499876
49.77667189839337 14.228460167609006 1.5903502919858234
49.74341673968845 15.219995125601343 1.5819754269154342
49.716879155374635 16.245687251263888 1.5960932180149559
49.722580021899745 17.216638985805822 1.5955909731007452
49.698894423452884 18.2298468163932 1.585325746875529
49.67142028350189 19.228472050657338 1.6037575937321338
49.6550062085117 20.21523203461262 1.6028924179865505
49.64049272142848 21.225733523991835 1.6028032519288877
49.61593794244019 22.211789215631587 1.5935765868015437
49.56213507722845 23.231781857072264 1.5887692540240772
49.528838961019126 24.22471246832538 1.583645074767187
49.54634993609116 25.21339476140891 1.581051586084492
49.53989509560907 26.211466361825 1.5731837820031866
49.528933197637365 27.21369502290271 1.5749681849289803
49.54733573872532 28.214629247893004 1.582635253136091
49.545105437902386 29.20680498427534 1.5871940502730997
49.52007475859488 30.18476835660307 1.572567136938226
48.523055725695755 30.161574464265044 -3.131769560267351
47.5170910042364 30.169208313432584 -3.127789893277583
46.50467982835297 30.1387101051344 -3.133801865260926
45.50287509159166 30.13008509935625 -3.1308415258223974
44.50831349748163 30.12587610273455 -3.1305844199197224
44.49916526384165 31.118412122703667 1.5793607703548085
44.48691013914149 32.098125513292686 1.5866691660229448
44.46173863177562 33.11282412199212 1.5753516420802793
44.46383436325192 34.12627425730697 1.5601752906680089
44.478578839345126 35.104745936389946 1.5774532133507748
44.491805723309476 36.114652116976686 1.5717263988735135
44.47606518524962 37.12802116079506 1.5771074575476112
44.466849256301074 38.117806110895245 1.5729141292114615
44.48223956354076 39.08160827652372 1.5738753968463133
44.47405561862484 40.11246331712204 1.5766378891557167
44.45019918633894 41.12720705546623 1.5767421063513725
44.47429887357416 42.113216030798874 1.5775260766030517
44.454433111588735 43.10964281162903 1.5725033962875754
44.46648597739344 44.07456168195419 1.573559965654412
44.442118887433615 45.10749651673132 1.582261872544698
44.42064261590937 46.1148172470314 1.5777803031396556
44.402610750464206 47.09075600416746 1.584128344987675
44.42672479328949 48.082847036590266 1.5832349862387138
44.418589131817164 49.08612876853716 1.5831524091826952
44.39689766664746 50.083305752047934 1.5927677596915257
43.39685298032729 50.03876180593064 -3.1242196533982214
42.40140659260954 50.04315429434788 -3.121514534904073
41.37662164019132 50.03556141405498 -3.1131067824389134
40.39181063319463 50.00842915916427 -3.1158557293595663
39.38275976816697 50.00455570086784 -3.1261706065771304
39.41522444356556 48.993879942477356 -1.5516171939427956
39.4312952353015 47.99689240918538 -1.5530212577193991
39.44529244897332 47.002728944982216 -1.5607162008962554
39.454162184960516 46.01546313460772 -1.5425279191810313
39.45826429776436 45.0079951231435 -1.5557741741367195
39.444899704847245 44.01836582067745 -1.5596697114336753
39.45416215385683 43.029779060304534 -1.558761002310202
39.45537766958614 42.04160667852572 -1.5591387553256362
39.458394158530815 41.0382795950555 -1.5509577442501725
39.49527120270137 40.03841039357047 -1.5476289649924766
40.4842143183344 40.03231759150965 0.018466385443271498
41.47215959490998 40.06698817344475 0.0227900137548374
42.49718916911831 40.098716066820415 0.015098281551418772
43.4748462010133 40.09273039309386 0.006340563983680318
44.45705660133395 40.09865468834473 0.002705239665445788
44.467918267205334 39.105859293261425 -1.560786458320848
44.48766992358887 38.12455011575495 -1.5595181123588584
44.48146523031575 37.126408735750665 -1.563807906523111
44.47731902627004 36.126322699942264 -1.5591383685424138
44.44688612738231 35.09386168245308 -1.5690596470504548
44.50023071045292 34.121120766049735 -1.5731432449088552
44.491732321445284 33.11204737656716 -1.560324625652449
44.4961164820494 32.12724368510345 -1.5572680387866022
44.49304978098754 31.122157920878273 -1.558776610682496
44.496508697014704 30.112047976071178 -1.5630202222934104
44.49614306183606 29.12838358529113 -1.5590586923088543
44.5260826641608 28.13712138437076 -1.562961904525339
44.539503631654355 27.121113790810316 -1.5669103222540857
44.54159039978138 26.144545462977927 -1.5607386963520289
44.54816438631419 25.147621857057196 -1.5600813710505095
43.53870675699537 25.12792149567811 -3.1209553299108035
42.543580215207456 25.138352041098827 -3.1336014243412147
41.57163809874352 25.1046814583175 -3.1265975008142197
40.56566368688184 25.07490428489517 -3.1299070707212753
39.55954977687069 25.073331994750955 3.1315706203210416
38.57598473473522 25.082407515060186 -3.135118226818628
37.562897497027116 25.052323663649727 -3.1336850483594656
36.5552418281848 25.061442401469158 3.138399587565834
35.53935767651289 25.05370297742293 3.1380547082911976
34.54162783348604 25.05887742872252 3.1346693496266256
33.538927790635256 25.04115277974944 3.1342245527940147
32.53533583992183 25.05842495181958 3.1291796059380075
31.51654507426015 25.101080687341945 3.1292328078903533
30.51795715052086 25.08463075519489 3.126644519558186
29.52086298846487 25.104917107960787 3.1216193713437432
28.494851979510617 25.125900045558986 3.1325033816116234
27.500496883621263 25.125099360820332 3.1215277684842366
26.523340512860326 25.16580819117134 3.129921268637229
25.486630016037356 25.173365110726156 3.1300226903853305
24.485877173115995 25.185368531378625 3.1254564509890717
24.517420302053107 26.139457210484863 1.5474179163487805
24.531035428029075 27.15298024640633 1.5509196707538628
24.554659858500965 28.13036136909013 1.5558842433672622
24.553100391760097 29.09346270265362 1.5491548890547107
24.578162456136607 30.041185253347184 1.55176099625646
24.591648457495058 31.00910818822752 1.555153479260836
24.622920135200236 31.985869844231306 1.5470434169004683
24.65180285835534 32.91425779539896 1.5577566410131454
24.659305245833185 33.89350573073823 1.5515102958611924
24.6648754619768 34.86610601081546 1.55431796000852
24.682697533088625 35.81707841847618 1.579045574388583
24.705826637218557 36.77961533179035 1.577104490685449
24.714163258424755 37.72214024322233 1.5724515058285624
24.7145972534983 38.67175843852884 1.5683594044235838
24.734284438648896 39.64782905274549 1.5627633584496385
24.70303352436822 40.592969195909966 1.5709055872577757
24.712168007859166 41.51963830173015 1.5733898877686294
24.689194626892554 42.48058222831486 1.5736990372134594
24.680324734430872 43.437668861332995 1.585774605738867
24.673626158167362 44.408320644195165 1.6026817375325895
24.630124337287867 45.36464343127737 1.6123092461128643
24.59706439416145 46.32001006819324 1.608785360738347
24.5249713485514 47.25246768853753 1.6145422744951208
24.49171653917851 48.2235492298653 1.618739362807373
24.43938298510763 49.211104297531136 1.6081008874341793
23.43990764289227 49.15661702436583 -3.0980263614108434
22.447692633060637 49.113995994202796 -3.1112080278270144
21.453053998639458 49.03755086118452 -3.121634810556666
20.444743991745504 49.0156231988702 -3.121396653749606
19.456876659780807 48.94880288166268 3.1414927689863807
18.446504676485812 48.93505427624664 -3.1284170922401158
17.431364058333358 48.87386535205687 3.1387837149763476
16.381500467424782 48.78311240362264 3.0928723129416626
15.459829134761113 48.76474177619419 3.1206222101755645
14.540613494802248 48.73352044690732 3.1335398925705933
13.539573850535179 48.71004400949908 3.139247178047466
12.577185429889537 48.68882945612918 3.1282300938031415
11.586386626465515 48.649019280316665 3.118154524888437
10.63482123757746 48.617828173510944 3.09918954668922
9.669450295247207 48.61893623466116 3.099065382682681
8.705219970113637 48.58399936734677 3.0912590096219206
7.7523048858308 48.580192219934794 3.066095246135701
6.749175599142313 48.643499381989514 3.074916475907524
5.698369407759193 48.75842240708746 3.0818592413586314
4.611093807440354 48.85608137309929 3.0860639723137786
3.575324278106648 48.95731929167828 3.095736285731204
2.6155202581981123 48.957751057780634 3.085546340070154
1.6236256564746032 49.019517967041836 3.0848230616390304
0.5979486405188799 49.05305249643717 3.0893062074203916
-0.42220861162961926 49.12310747122584 3.091339517720759
-1.4560466450628764 49.17359821865472 3.110466938079896
-2.4732476283747196 49.21997774224114 3.1207699000399467
-3.4935183118743467 49.24893275389691 3.10972878810533
-4.507632897782741 49.29453024836525 3.1074947799828636
-5.506901881956064 49.30062482945891 3.1039358429783235
-6.497437556960317 49.36253094032465 3.113991265793929
-7.517800251826422 49.38118219205186 3.1330841324258167
-8.51943966922303 49.42234248273419 -3.136614364706136
-9.507430296222585 49.43069527804453 3.130232431656165
-10.518193706661307 49.46094850754024 3.1236479978638214
-11.510163753414005 49.4862348156803 3.1218138992489206
-12.492236811122892 49.48072439161792 3.123752720723174
-13.480562329096161 49.50906343058692 3.11527737021659
-14.488586789697251 49.523986762632774 3.1186799497941844
-15.508862720567949 49.4879917407118 3.116521930798869
-16.509395097602752 49.536561856533645 3.1232031522634025
-17.519173640939005 49.58918032608662 3.132312266414325
-18.510536578901178 49.60210440077002 3.1390016227413624
-19.506355066060554 49.649985810718945 3.1340799778047734
-20.39752747025054 49.72499973264882 -3.0980270564253347
-21.381933601947427 49.72654379001695 -3.089677434295053
-22.337104005379704 49.698356037699234 -3.089180270398759
-23.342976443171903 49.676300237395914 -3.075144369505862
-24.674702958989343 49.562369388790884 3.0160914236624508
-25.450906883174532 49.5228006353052 -3.140699936631349
-26.36635378122528 49.46489857752079 -3.0939620637543
-27.38045917564576 49.433816818669875 -3.104843807067386
-28.372586813887597 49.41287344012767 -3.1138804897843357
-29.39647374931508 49.421062636453584 -3.1068142205100076
-30.38163752222763 49.385136218648 -3.1129842587538072
-31.37521134352621 49.36633482373503 -3.1085571764270488
-32.37427228614304 49.337908214510946 -3.10541174129681
-33.369177985287564 49.303119221345916 -3.1163712228920537
-34.36388467020666 49.29933135012966 -3.123962299440763
-35.387019142674355 49.23525682186901 -3.126356663955929
-36.39633610574481 49.26785245776946 -3.1340100737838856
-37.40848445345853 49.2651229049842 3.1335883834305474
-38.42340726470184 49.28341033785366 3.1386995715935346
-39.42787236203004 49.31810170572003 -3.1387701829638925
-40.407040630553276 49.345069453177636 -3.133610308334812
-41.42320169262088 49.36528974899213 -3.137685989728357
-42.428188043683186 49.33817651736248 3.1195343020211976
-43.43678503559226 49.36126219550373 3.133268459638604
-44.43648820708162 49.38422337147202 3.1370094895579124
-45.408302879384486 49.403524451248764 3.134024579623603
-46.37356100163987 49.400182352427116 3.1311420271205765
-47.403504297244176 49.41865038585326 3.1241585503734846
-48.39604056365474 49.43713159035456 3.122099094264723
-49.41050443058771 49.45039885136004 3.126683867149575
-50.442029896076185 49.48670342176166 3.1299265988134963
-50.45931269293417 48.48034761198829 -1.576853003000201
-50.481719448385064 47.46019582572768 -1.5715104519071343
-50.464219502428755 46.43702576907215 -1.5808273470515255
-50.4749264539025 45.449926855669865 -1.5755042979106049
-50.48134040972391 44.433900303566695 -1.577362811313698
-50.498511924449204 43.43657613258345 -1.5725277782967588
-50.50386639158931 42.44590228655808 -1.577866375400419
-50.51941451839669 41.42615210155965 -1.569266116350294
-50.51839739578468 40.43329822952936 -1.5720801471394514
-50.51932008221159 39.43727714444217 -1.5775515748923512
-50.51991569265135 38.437002484332574 -1.5697102680203443
-50.52536123724933 37.43904969948498 -1.5724467470691903
-50.535580027371594 36.43393072622968 -1.578186666416653
-50.52059378299144 35.43571219825387 -1.578274841588154
-50.528942332470756 34.422173723367685 -1.576752590360794
-50.52752993966901 33.42638891177548 -1.569914146430829
-50.53823345101984 32.419880564262264 -1.5697498410607966
-50.536797873386796 31.424805434187743 -1.5740537949719842
-50.526067792884646 30.42388075165479 -1.559141121793103
-50.519470087889694 29.43239438060602 -1.5580678878909486
-50.50858819978966 28.438035968775644 -1.5676012261854877
-50.51912786002498 27.42827707635767 -1.5701618636704506
-50.5177994504621 26.441007277064863 -1.5675972931604465
-50.49563426038827 25.445962031190877 -1.5674226334227472
-50.49784669381353 24.441156762974966 -1.5612755743224975
-50.50296178464781 23.4490218000319 -1.56808691336218
-50.49046323946413 22.448782705268208 -1.5635213667041337
-50.474207796479696 21.44872027622409 -1.565508129884826
-50.465522041682405 20.4546309716873 -1.5606026948158882
-50.46500474174957 19.447404184448676 -1.5627688731937077
-50.45246328472089 18.43248969463969 -1.57147722176064
-50.456252462477785 17.444294080494874 -1.5706809829420194
-50.45202797872213 16.4330442690214 -1.5612088685636598
-50.44436620765235 15.432334745140423 -1.5510511937134892
-50.41366041878297 14.420022522553053 -1.550773340998357
-49.41267409467104 14.452077589718366 0.022659756996016703
-48.41798474837372 14.464413306790066 0.025216589893915127
-47.41170331808509 14.469082868348659 0.019203849777842955
-46.410004801466386 14.507157097119574 0.023499475566474897
-45.406701946518396 14.533161823469772 0.0005745086322668279
-44.39834886619671 14.522666875007046 0.020234937607803573
-43.38972707253347 14.513804683209187 0.01249640227663987
-42.37499659414175 14.511207146622306 0.0023823465522118314
-41.36587342923451 14.511140348172114 -0.003040470476573559
-40.35576980387351 14.504847268845335 -0.007043118834683274
-39.34253796559823 14.490367105937214 -0.007709133412937694
-38.308634392072854 14.48136316493391 -0.008416492979707826
-37.28316563561189 14.471671784256854 -0.005284227244390049
-36.30997756127095 14.477400558659966 0.006987283686003588
-35.29590216541492 14.495288415013032 0.016153579722205273
-34.29668989875251 14.527724098410282 0.01152650265319027
-33.306271900822665 14.501933283772077 0.013583691398038961
-32.33846448012533 14.519620637672814 0.02934657892734604
-31.3472381090171 14.526021608594128 0.04443189199222102
-30.36065180314993 14.538692140172035 0.0291245718556086
-29.354429212733248 14.541824297848885 0.03170353139877465
-28.34393764483458 14.622579168861224 0.02085183638059621
-27.326470478273603 14.640079175273703 0.021827922400298013
-26.338944332709673 14.645287739651359 0.015957655601141513
-25.33958846353422 14.669515105651469 0.012667601543757121
-24.329128995390775 14.658288390799592 0.02025216044224712
-23.325213329619665 14.695181739846388 0.01711959990357526
-22.326378537521684 14.74833351311292 0.008512263419678662
-21.327806476744364 14.758013153550214 0.0024077577126729493
-20.33278880123225 14.76651643071046 -0.0007989892597176645
-19.342126311353184 14.716802075818222 0.012736589475912007
-18.340792836479512 14.716086260509755 0.005659379970409808
-17.33117100542189 14.703397904004026 -0.004992590265435776
-16.32826960182335 14.685542961058822 -0.006830618691245306
-15.294546322675512 14.704783727791808 0.0015748512402061973
-14.301558103755568 14.682016862042767 0.008291386040869554
-13.27701147970918 14.688027041714603 0.01300135318085837
-12.274394284212553 14.70707893503763 -0.006545277440978796
-11.271932644493313 14.684605733578842 0.005154403088719477
-10.275297557952257 14.728517926000542 0.013153559465726992
-9.274669882595408 14.754299629625418 0.010211054801617868
-8.253962729127926 14.784179681854985 0.0194776920135554
-7.276122469595743 14.813984736953916 0.029458858341516684
-6.295064091873832 14.833732872738228 0.027075275634041548
-5.278472117035258 14.820792382922386 0.026170144281822166
-5.2826401306676205 15.831688252854601 1.5941278025142755
-5.293779591336795 16.838087422431244 1.5871923747125392
-5.316852927991556 17.827786225377526 1.598277275969952
-5.347985906684819 18.814124737474774 1.6003781033591526
-5.400347619433932 19.8101184201323 1.6113395742151062
-5.427341015790077 20.802996890673608 1.6174656746975433
-5.440842655228236 21.819050502157467 1.6059586038970037
-5.5100610936167325 22.800440262219823 1.593528520705735
-5.515756345030906 23.776345398392653 1.587288720279609
-5.539767099421458 24.792135508597497 1.58316935339564
-5.520965702982499 25.77342090938645 1.5889486871079121
-5.533412151954657 26.76701101712565 1.5688160602780203
-5.532760444790344 27.738988454174404 1.5737131508308462
-5.566739631024648 28.7297173896424 1.5929951852713278
-5.570748761591927 29.74071098132796 1.5940744762359544
-5.596201087262128 30.73534173765138 1.5833637772784164
-5.6047208970650955 31.733408327002365 1.5952831568258732
-5.634610810866607 32.71967490838917 1.5970062140684755
-5.65709426867065 33.66675917999682 1.5934643586315829
-5.689593095495716 34.64326662128882 1.6245766852175505
-5.730823410774296 35.61272973009304 1.614747914490384
-5.787422022641685 36.607900417509995 1.6152746356636642
-5.826172941673125 37.58067474582762 1.6159176073318327
-5.845928318427438 38.533326217161076 1.6220387194459196
-5.874934836177277 39.464036902788706 1.6181635954402394
-5.918437687069105 40.416128215686356 1.5790156250674714
-5.884284431041884 41.40324571536315 1.5682475910165659
-5.826055841955579 42.39220215188792 1.5716101857544125
-5.819856948116351 43.38476364384478 1.5608976995824015
-5.762256699023059 44.35978508930964 1.559301663586936
-5.7326083016801315 45.33582451735214 1.5624855782200693
-5.714813141169714 46.355357248621914 1.5497991435662213
-5.6283831213948154 47.35470035260407 1.5461716057197312
-5.561481637606761 48.348785007112134 1.5380604748987903
-5.502001282247212 49.34629100073992 1.543945465239124
-6.515532117640528 49.356184561752755 3.1188055534551893
-7.499848151412935 49.37987546054055 3.1110589053148816
-8.502998690056923 49.38787476795287 3.1107624666742755
-9.51528787963474 49.4310101373705 3.1316253475982285
-10.506309923577907 49.436327810529875 3.128017551574633
-11.501333606838049 49.46459175175655 3.12389001731625
-12.509359988214523 49.488939523476034 3.1218594064209464
-13.490173713333553 49.52096104950466 3.124858002660098
-14.49340867997317 49.51643797643989 3.128086486545781
-15.510590475082275 49.541115377215895 3.1277468905433574
-16.503750780384163 49.56971381992308 3.1236571227335617
-17.50623769644975 49.56147676413336 3.1306055071702485
-18.495741744202746 49.5626287947949 3.127015563508472
-19.508085288909786 49.59388523263268 3.132735068379957
-20.501761981554065 49.60310446119289 3.1306301303929405
-21.47335413279517 49.60738672783218 -3.129242652591962
-22.32562912859448 49.68099995215163 -3.06743574516594
-23.611802143078357 49.50342731775036 3.067068984868539
-24.427178727118353 49.55617889296217 -3.126796582424925
-25.392490637736618 49.51278321732137 -3.127270362686838
-26.3713864027664 49.49818345095852 -3.11258794296347
-27.38514835134507 49.480778493808444 -3.1043702566010034
-28.395998052315147 49.44364339473329 -3.1024598553895415
-29.40325842394681 49.40812643802047 -3.102049999744438
-30.382582430705813 49.38992833894263 -3.101766203572289
-31.39561695410874 49.361563977868975 -3.101837918628386
-32.375071417359855 49.33569573222042 -3.113927729655098
-33.381506147095784 49.31616396006398 -3.115628646592119
-34.37681664633105 49.25717827618174 -3.1218050328212787
-35.39922036513236 49.272553913305856 -3.1212681764547843
-36.40250973164798 49.28252529739254 -3.1370037556169676
-37.417233288801484 49.290546917177195 -3.1414494234427766
-38.42388278634198 49.2953839396407 3.132886162626086
-39.41385586004874 49.29497180569928 3.1274055319352803
-40.41751131850627 49.31051229553595 -3.1333509126865775
-41.4302987422103 49.3190396259388 -3.138959452247763
-42.408025891250155 49.3596742618589 -3.139911198623098
-43.428642563207184 49.37203236867359 3.1398519289482536
-44.43709904612292 49.38787853574023 3.1311406896160663
-45.421939822825635 49.38944775775732 3.1378632522350953
-46.423803662863754 49.40521945010779 3.1287040986891816
-47.42372901957019 49.416227400547676 3.1114678663473994
-48.44282966687813 49.464478126863575 3.1301658770128205
-49.4391617551271 49.482655361146016 3.1383815804834287
-50.42703721442916 49.469954457784496 3.1364543356525876
-50.463586092441865 48.4385101808055 -1.5681868628485385
-50.47249465150473 47.43891982123086 -1.5691915836621233
-50.48139419969937 46.43106567710247 -1.5699133216299093
-50.4896539930886 45.42903395208966 -1.5725533379381453
-50.50758458953755 44.4453760600779 -1.5760436555106403
-50.515262375669735 43.451846820292786 -1.577719964947708
-50.50335084495755 42.44069272910686 -1.5720339973570248
-50.49494711036993 41.44506652105924 -1.5730625740622013
-50.51752878807647 40.43724502962784 -1.5716178637074132
-50.5153622688747 39.42892223755251 -1.5726587063814184
-50.51167291958679 38.42682935923212 -1.5667887837759562
-50.52685480057098 37.40999549957826 -1.565486432103246
-50.51638085220693 36.42321800943076 -1.5714412754614007
-50.507620666982206 35.428146671720796 -1.574606534215663
-50.54073470907447 34.45338601696087 -1.5721667160524033
-50.53643065156706 33.43936700814293 -1.576056117383701
-50.537703650771604 32.43886305546472 -1.5662988732820495
-50.54060299201627 31.440525428192572 -1.56357334020447
-50.519061465030326 30.44615665476344 -1.571593481903742
-50.52301388851341 29.411949076676247 -1.573157748496085
-50.50640421454724 28.432173925671826 -1.5739714163265952
-50.525187637637586 27.44812542366837 -1.5749438478669486
-50.514082930537064 26.449662369230314 -1.5649604451317514
-50.50837986505427 25.450264968756223 -1.5654682835965472
-50.48068406781825 24.461102361308193 -1.574396014108211
-50.48814420719051 23.45014493659055 -1.571340048205812
-50.48249293348376 22.442023083204443 -1.5540741860914564
-50.479466055213656 21.445044625287803 -1.566328354101456
-50.469755726967385 20.429488452825534 -1.56691787765519
-50.461237438347894 19.429340824493696 -1.562774192197861
-50.45983617623592 18.430667424945042 -1.5611079095695395
-50.438987440380394 17.432701291650385 -1.5635732710965653
-50.460176545801566 16.45980233211319 -1.5579871199841122
-50.43880299016883 15.411201036680138 -1.5568999791026936
-50.41396758538016 14.428700869750799 -1.5573826322703426
-50.36860979007455 13.422248769446718 -1.543420986153193
-50.33891925807991 12.423140493598416 -1.5396471762143027
-50.30738614344579 11.42688292967065 -1.538074303270634
-50.29052822081547 10.412787536271798 -1.5468112454128216
-50.311304161312684 9.446783088101999 -1.5465342713000787
-50.29154254221297 8.43636950856278 -1.538230564225658
-50.269020092297175 7.396946793995586 -1.5464020989799578
-50.245523168645164 6.413933736794746 -1.5524352365919563
-50.23512658428024 5.4100884736170745 -1.5475666684080478
-50.19763269494041 4.405887639891263 -1.5572606676748786
-50.16980602651986 3.390048939076956 -1.5523060780531126
-50.13681818015545 2.385509006085792 -1.5591239076311385
-50.14058466509847 1.43132300925043 -1.5524321133659658
-50.11302562151258 0.4425919773136012 -1.5542923827902624
-50.09636391364138 -0.5192871402304511 -1.5472846799774642
-50.08311006580818 -1.5464755565397406 -1.5602095155168931
-50.07080942622817 -2.572302814025246 -1.563412647661738
-50.097351537078104 -3.5554352861587475 -1.5581487028871808
-50.07383865339232 -4.5625981569980425 -1.5613096893633847
-50.060490165477944 -5.569908105985089 -1.556301953345135
-50.019861960987924 -6.554186379530097 -1.5531395109281245
-50.05270986818189 -7.5657749251127315 -1.5606584035688094
-50.05693039493001 -8.567478401343978 -1.5643682326008521
-50.03115129243138 -9.569229787904998 -1.5634389718151727
-50.01848377098231 -10.57100395396702 -1.5628076802838873
-50.023201705256206 -11.588087699396867 -1.5597649823579218
-50.020376306324124 -12.581953669335196 -1.562725286333933
-50.02072436914883 -13.573462651866423 -1.5547170012932305
-49.987129195264686 -14.593953236096493 -1.5569733811404582
-49.97194113366891 -15.598063198918458 -1.5555929702890399
-49.95686320968437 -16.57947115815398 -1.5522374693269532
-49.955041103125865 -17.624885446391797 -1.5649909787173424
-49.93438659574467 -18.62069804733173 -1.569662240568369
-49.90441946576425 -19.612832050136575 -1.561631476775043
-49.911551100787854 -20.645701060985992 -1.5585940114714123
-49.86829163290119 -21.64762494450693 -1.572454985392359
-49.90057474633627 -22.648673907975184 -1.554285278808192
-49.908500365826384 -23.63169242684649 -1.5570349441389888
-49.87692008390456 -24.65106181375559 -1.548991802317541
-49.842829348815954 -25.618011816176686 -1.5485858373370036
-49.839224960091194 -26.60565270248952 -1.548496658703744
-49.81607174769895 -27.60969539332891 -1.5447597849061199
-49.80341866382352 -28.60768386323784 -1.550527511299415
-49.773090257685624 -29.60445532954078 -1.5515270029359458
-49.75104104613528 -30.59527286326104 -1.5455334967700514
-49.73636661988633 -31.5854771994324 -1.5364005254209567
-49.71076657904076 -32.570455175577095 -1.5417040779515274
-49.684574407635175 -33.5545944048013 -1.5558239383814556
-49.67528427817361 -34.56454852170252 -1.5573076201473974
-49.6497505970582 -35.57878709089332 -1.5365968988227734
-49.624270218004625 -36.60259483414586 -1.5334419771823096
-49.59339130352583 -37.59704910824397 -1.5229255334431706
-49.565508704837406 -38.58437338504875 -1.5311923487619212
-49.50817553896597 -39.6104416202643 -1.5349661301190132
-49.48784471102367 -40.57516840943775 -1.5364345020710966
-49.43204859558542 -41.57899243611649 -1.5326433572285414
-49.39457867472601 -42.58459329050038 -1.5285765723180196
-49.36218327447964 -43.58629547063894 -1.5360311935571171
-49.30767698467933 -44.60160785386971 -1.5355873047728146
-49.28266732121977 -45.585775811621644 -1.5278833687911035
-49.26265718512329 -46.61553069986057 -1.5185278219502474
-49.22745323870089 -47.625635856137876 -1.5237653328549257
-49.17555337255106 -48.63039203661918 -1.5305852287995236
-49.113266374526276 -49.61295578602549 -1.524530886975544
-49.0773843451014 -50.629680298561624 -1.5281447056115154
-48.09313985642601 -50.59399297370368 0.03546909966035497
-47.08163339422157 -50.539858542066135 0.03616927013779332
-46.08617967066309 -50.48689372331371 0.031089727361861868
-45.088764457195275 -50.47052115039705 0.030996513936963704
-44.09918473427967 -50.43512896651474 0.03853960028688949
-43.08801344195834 -50.38877969428567 0.03135422912375645
-42.093041628221755 -50.37429927515188 0.02801483369417937
-41.080443536069225 -50.36850225531425 0.02914221026022962
-40.080508605601686 -50.30997373760474 0.04468207280148262
-39.09152257787313 -50.26696898240477 0.04209022000425938
-38.0841487422223 -50.227965458763435 0.0379361200700904
-37.07604983731247 -50.1771735553156 0.03637250890450642
-36.047630118036196 -50.15542406924402 0.037641891750016664
-35.067558811782604 -50.08515704970111 0.041347895654478266
-34.060153086066876 -50.028166931866046 0.034924177423280606
-33.069881492650495 -49.99808796035485 0.03631644974267739
-32.078055862484 -49.99133906325345 0.036628538913193634
-31.052497469001406 -49.930280702796914 0.03598845881848148
-30.066253941647627 -49.9009452670485 0.013107372025094148
-29.075009833593025 -49.87115409104144 0.01931982061786386
-29.023470669557994 -50.87626968485653 -1.5511721499867923
-28.973867141810636 -51.85801768539765 -1.551686855913329
-28.958855997684456 -52.85600957429831 -1.5638693088498221
-29.012043804445554 -53.863422298062886 -1.584229400672635
-29.022378915231656 -54.88091955248913 -1.591961118752987
-27.97962054010465 -54.93758620628397 -0.020532683700655318
-26.980291144453197 -54.927967011107135 -0.02400529538040809
-25.980510292163306 -55.00476632826673 -0.012332293172662965
-24.93885778012395 -55.013120705722066 -0.028508742183104705
-23.943984162756127 -55.027979973985644 -0.021986629306313364
-22.93339868551514 -55.052685539056924 -0.01966889306862477
-21.968388185488788 -55.057525919620105 -0.01912014841572962
-20.948010945537252 -55.06542673761082 -0.006698584924922661
-19.962670217396433 -55.03886205837519 -0.009414707664322869
-18.932290511982885 -55.06213918170957 -0.020042429759883205
-17.917896052596706 -55.10761905522 -0.018217436020992527
-16.917485725681747 -55.1330947114498 -0.02271421314675977
-15.938425498583529 -55.1617726851649 -0.03342267858288926
-14.942195195322336 -55.208789758131 -0.03743314580297525
-13.95585910029711 -55.24037612128925 -0.033708186656607825
-12.962154388577735 -55.28051476145852 -0.025713968920394244
-12.000881398218493 -55.30881513218784 -0.02052304507182138
-10.96840575181635 -55.303129238336695 -0.028756173967321472
-9.968073936642629 -55.35460336109959 -0.02172337429789253
-8.967761769102317 -55.36652073166652 -0.005963651438707398
-7.916191408267851 -55.39949494405793 0.017890755377170175
-6.946566103861257 -55.401717390013715 0.023853489379848093
-5.951356581911873 -55.414824276277365 0.008209912942926027
-4.9223661902915286 -55.39909059820433 0.00463668101012134
-3.945621340582117 -55.381559948162305 0.016525032150115426
-2.945526392616512 -55.386986383575106 0.02302164203660597
-1.9602460211727986 -55.38072273669789 0.041923576719717894
-0.9637481606085672 -55.348001654261445 0.035129570579403066
0.012910849706079836 -55.35653655789567 0.025077844622148238
1.0154094934278834 -55.31239084295279 0.033444583834486126
1.9956644636929501 -55.25898961772156 0.031262573806539254
3.0026469723701883 -55.25623588120518 0.037155746805914366
4.014495457977454 -55.238169163124475 0.03236290224755628
4.981543333415223 -55.175331855715434 0.023157451630803644
6.014859367777066 -55.16412086826978 0.025820510313086267
7.030538490044009 -55.14882009958679 0.01783527404996221
8.044327970828519 -55.09169205917135 0.014558830267559612
9.0226492858842 -55.065593416260434 0.02771974709527745
10.04761557841921 -55.03257960644061 0.02480723688769774
11.065079517627098 -55.03441742958445 0.014476977004906785
12.066905236894222 -54.99903339414553 0.027535656789986134
13.075329075687026 -54.96636020870444 0.018122742543818866
14.064222537625902 -54.9622360823688 0.037445968270708174
15.069079919257685 -54.93672412661043 0.028322547055825285
16.05433128174917 -54.91605220169335 0.028404190126227663
17.033958886492073 -54.90722448260904 0.0202892020002568
18.042955361026245 -54.89292201747564 0.021451012148051216
19.037337395961647 -54.855989703776935 0.016108557579478572
20.033392985091577 -54.84704434336159 0.007540244950986175
21.02580945596465 -54.83948591555621 0.012926391263613848
22.001346497235883 -54.81991807780109 -0.00037548257315930616
22.985192729873088 -54.808390634873845 -0.006894048492580396
24.001648568676544 -54.80340352704059 -0.001630134050212442
25.002369887299672 -54.82002337555546 -0.00625780112705219
26.009280049236892 -54.790146613055526 -0.010476353696749279
27.00419145912299 -54.79748261721569 -0.014502248195600066
28.010409691784098 -54.77374974164145 -0.021562813539490615
29.00494101456198 -54.80023555703772 -0.0018866158623289367
29.995190092289764 -54.83581876232969 -0.0020011252961469055
31.012869460343314 -54.798345883086434 0.005108767901072321
31.975740119886797 -54.77994409223361 -0.0021510820283934568
32.978145476686066 -54.80747371686839 -0.011071346133406896
34.00000684127797 -54.796643661594416 -0.03411612534638234
35.01385620898764 -54.81407088431096 -0.03362987413742646
36.08012125275143 -54.80286728433175 -0.024935364013106864
37.107598439828216 -54.85619974753016 -0.016740019207286867
38.10864109423711 -54.83574148170637 -0.008351290993407263
39.11831694334386 -54.83413158502513 -0.005218770963207328
40.10060815908083 -54.8399974389184 -0.00469028574572962
41.08154143214094 -54.817524651706 0.0076238085290593035
42.097480900384795 -54.80412954367963 0.018091297398756336
43.08554747265279 -54.80133651893752 0.01840496459812986
44.07974190754109 -54.81487204753995 0.011563092930372377
45.0593795959109 -54.81947248772598 0.0038308936526558032
46.07014429892249 -54.813624793674606 0.018138922445830465
47.05081064228197 -54.783817173238326 0.015427735372012344
48.046225834622014 -54.728979155527306 0.021564326976848004
49.05755302492228 -54.67007179010042 0.010028225648708337
50.03442108231495 -54.62034021567402 0.01976971418893403
51.024826042827165 -54.59599919431363 0.02360623018922881
50.99575997520842 -53.591621484344124 1.605379577911278
50.956090227817384 -52.56886084163005 1.6040666550394127
50.916333592336365 -51.549133505461775 1.5799720045957892
50.923164990899096 -50.51158674469327 1.5793183083846052
50.925806380284364 -49.485675515264184 1.581195127527575
50.93850112884364 -48.49858769106169 1.5854602961830142
50.93156792988007 -47.48708262412507 1.592593659964723
50.954243066586926 -46.46890784802303 1.5966718794973382
50.94191929038809 -45.47821546493425 1.6060275472043002
50.91842056880747 -44.4880665617746 1.6042947156455667
50.87463174429474 -43.48870987856279 1.612303556256968
50.814308134004776 -42.54867140042989 1.6061556981529472
50.789540969821566 -41.54494332416449 1.6094730670277158
50.771151783723 -40.562985300224405 1.5955330260376717
50.75924751361831 -39.571613152459335 1.5812648219418728
50.76476471603595 -38.550798973113515 1.5823408264775627
50.73732461546316 -37.55717434850624 1.566983876147217
50.748015243780735 -36.568387732662536 1.5927982033802324
50.7194050440864 -35.577726000696344 1.589905425242755
50.686801804318414 -34.59660814764141 1.5912000960947765
50.66703051301881 -33.55550387460305 1.596119743341592
50.681972469589475 -32.56006435274654 1.5871612522873262
50.64208590203721 -31.58268276473609 1.5865447627388767
50.655687594509736 -30.59256748590714 1.588677972826479
50.638830504044655 -29.591952859066755 1.58560140927441
50.63965232723622 -28.59972038227502 1.590816936013569
50.60015555656862 -27.614263429980156 1.5889137055803735
50.577372506049194 -26.63345384670746 1.5909784605495623
50.53758841262263 -25.622628249837874 1.5909431449215332
50.48487762132694 -24.6269154258165 1.5933207782587306
50.47944475572321 -23.616445834429683 1.5927925568182868
50.480606164616894 -22.610215552715722 1.598261664442375
50.441177273437596 -21.61971499617049 1.594975311360866
50.42439160078337 -20.60702023353814 1.5906394098606838
50.40777536675207 -19.620591936673012 1.584830879246827
50.394340203743305 -18.61944678616597 1.5959873203919401
50.34658209617341 -17.614334572359326 1.5918585872418176
50.33390010460937 -16.604240719409976 1.6039738269757755
50.278939633976044 -15.619124756168356 1.594347530837605
50.25596496546624 -14.609917142674721 1.597157718362308
50.276273184637795 -13.629406708878648 1.6011887678770043
50.24664867720674 -12.609304462835446 1.600412120231903
50.22133758751363 -11.624502029607362 1.6055131356141399
50.164754186080295 -10.583905213516562 1.5922387963791536
50.14549280441028 -9.60825750382671 1.5949810447358947
50.127767773840986 -8.597545235488926 1.5925642115323244
50.10054848335534 -7.618562329646348 1.605732730597803
50.08925235795677 -6.625661706822512 1.5987827933731604
50.072378748531705 -5.638879207778374 1.5953245212756095
50.021006302231434 -4.626644037440302 1.5853674121821404
49.02632924627621 -4.64177580185997 -3.1200663546823817
48.03586120168167 -4.678785074929344 -3.1157509001555215
47.02459271202493 -4.695744069770974 -3.1299007261213285
46.01869510329719 -4.727895327421738 -3.1179607912208187
44.99896961335312 -4.7418530772706715 -3.1253956410874406
45.02596459613255 -3.7447034066415488 1.590252939923835
44.99156565917327 -2.7477991191092377 1.5997223624401875
44.959311090748656 -1.743228030939028 1.595692287569444
44.93747891900218 -0.7598935122889273 1.5837559567949169
44.91446547812165 0.23383352931025025 1.5880007532260378
44.88400974524011 1.2217496617197339 1.591495725279687
44.88259554056576 2.2023483485519693 1.5889734245478455
44.87773108858627 3.2073969914299147 1.5766792620110648
44.85668648263486 4.19096441608851 1.5804186808724887
44.87087736665777 5.193308233461857 1.5783675747071646
44.851390594315816 6.209221447127209 1.583611806671126
44.84799604442404 7.205883616152419 1.5813803413942782
44.84055634037541 8.19673349429307 1.5797065819513056
44.84717312124151 9.19093432575597 1.5877784248641487
44.80755886506198 10.177480715166562 1.5785986017733955
44.78803751573195 11.17005223018392 1.575443375746675
44.77359468935777 12.154095131438027 1.5747252817618436
44.74656803665381 13.143696179062768 1.5900433951997874
44.77222076260075 14.104852505071236 1.5919056258192295
44.78942437872118 15.121057945527838 1.5959194387484454
44.74659262113693 16.16460644565773 1.5948795629042138
44.721295186958685 17.164022277984774 1.5977852725774822
44.72149126346885 18.120977658643906 1.600429108829652
44.71474028413021 19.116631795703718 1.6004184330299174
44.6967243332448 20.112719118945076 1.6026205292182982
44.64711598747906 21.11476156963615 1.5953305785391056
44.6152521370973 22.14289409636092 1.5870116889840944
44.59986796956867 23.16216525754039 1.5887113990239663
44.57149548468142 24.147828650208062 1.5794547342323295
44.5415959940814 25.17116119269175 1.5837538244415568
44.5322597550814 26.144961415613615 1.585781283472365
44.54326645592964 27.16193448254708 1.579778096556443
44.5400447205831 28.14154132670962 1.5767362788218728
44.53913855168783 29.128510121211793 1.5853940778284328
44.531025897087716 30.11785590714592 1.586664455370642
44.50782556769461 31.13010567736165 1.5811801955889424
44.4903983913514 32.11754409873384 1.5797051498025347
44.48199197128929 33.12437138081341 1.5798344296118227
44.49187784175521 34.1172675743778 1.5688464221547023
44.46422443038079 35.1350513677206 1.569554973559173
44.46780031273792 36.124689474587456 1.5647299616707766
44.4836831383706 37.12172502400543 1.5686508302952333
44.47474255429689 38.09603298809104 1.5724809048914794
44.46800437652844 39.128308081365546 1.572272267305278
44.465299734153724 40.11192098719049 1.5756954170841662
44.46269026752002 41.11016402638688 1.5752265520253437
44.4117661297851 42.13770374625012 1.5689953980775362
44.42646294034844 43.140637969167905 1.5724625777144432
44.433817470802715 44.12929572159003 1.5739817568756547
44.443104601887185 45.103839146083004 1.5734376934241359
44.440018239013654 46.098007128770206 1.5954574566475368
44.43051515685175 47.114166288615294 1.5855017172773782
44.400851727782964 48.10170931951386 1.5810620012626633
44.396379462077135 49.08667388744871 1.5926283357417585
44.402360714570854 50.07192054085497 1.5879968753053675
45.41838205925615 50.07365403289451 0.013869791839969973
46.40309356411967 50.10069237426422 0.021002326577337794
47.40546641135262 50.13646936886028 0.010577914528653493
48.39723963437228 50.126257423153454 0.0063007885356704645
49.39739257629107 50.149163498625185 0.0031352074120769924
49.39944365694803 49.13789192284673 -1.563448220185804
49.3919255359653 48.15581383871549 -1.5599219328482985
49.42257793513714 47.14042175207359 -1.5537551011131494
49.42707468241436 46.14999566321312 -1.5571093259753206
49.43192884865539 45.16472399383591 -1.5728440063899318
48.469200399518364 45.14496953392996 -3.1395597588884137
47.449530350764256 45.127882218442146 3.1412734712854338
46.4904069584294 45.12121093413586 -3.127945002747917
45.46834045341294 45.10719561885 3.1410025498921446
44.46211159303865 45.0944874808203 -3.1393346109978317
44.45746597804767 44.08568963935441 -1.5665556265359584
44.46554670832854 43.0920865195705 -1.5755657244577108
44.459894171807164 42.07355454049194 -1.571425432504749
44.461360634392406 41.11838373493105 -1.5652438214344397
44.4840975313295 40.103679304190074 -1.570443545521901
44.49606528740678 39.10330192370038 -1.5665956734036761
44.47201216736758 38.11541598004126 -1.5683169801116081
44.47997591142656 37.11861854864647 -1.5626066172916175
44.471059263210115 36.10309514543242 -1.567858087180145
44.46319386335345 35.103851502054624 -1.5650903555584805
44.49240039697648 34.09280662100305 -1.5620546338109342
44.4931262260277 33.113186199488325 -1.5626118673227534
44.50531907279909 32.12987654096142 -1.5675845839670934
44.49691252095911 31.118161778880914 -1.5693685851372905
44.502564184954615 30.109714258354998 -1.5569367775366256
43.506256342099356 30.10181122659784 -3.1312142402820458
42.525596430306265 30.10848108845232 -3.1290084413665378
41.50419028409708 30.08287006890908 -3.119604971900648
40.534433541829635 30.049697139009147 -3.134221902553835
39.530620189493646 30.05220945554558 -3.1290769372470035
39.53979902088479 29.05160584930093 -1.5702503215342758
39.535455198270604 28.038078668438963 -1.5686612469180896
39.550830067748464 27.0683444520257 -1.5710829898424792
39.57530283990131 26.077681976094564 -1.574806672520395
39.57371755264376 25.079469554720298 -1.5596393713287664
39.56626382909608 24.095962003828244 -1.5597432728421474
39.58441055561701 23.06435419142025 -1.5620414907203082
39.57582787899269 22.064954918842414 -1.567171261310746
39.607887887279674 21.072911785266076 -1.5771417354480004
39.62511599438066 20.103921873444396 -1.5573953331621897
39.66197318684557 19.08833468741648 -1.5602014809358025
39.68439273352947 18.11932251170961 -1.5590095615646213
39.681741933758474 17.121420626350332 -1.5555300302634008
39.70357581787992 16.11197623695101 -1.57036753012248
39.683629829159244 15.125254471307276 -1.5656368302037558
39.709930963400794 14.083818094639364 -1.5521490666533115
39.714142569480224 13.07729367827883 -1.5471944837061768
39.72565163306926 12.079384085653224 -1.5550482224539597
39.76945678599199 11.09965875355304 -1.5396153426353005
39.78839161279124 10.1139409366768 -1.547113223742308
39.785614035029155 9.104927087114472 -1.5626373496386263
39.80814296136286 8.105370954212695 -1.5563692878479483
39.83361075001181 7.1099791663561485 -1.5503387871132939
39.85110483794062 6.095766731685198 -1.5505758416698734
39.86728235009299 5.093522031433652 -1.557481631954601
39.89379815581286 4.093291921246014 -1.5552559332034745
39.9048415223057 3.117967879224627 -1.5574055904122974
39.90376424438389 2.1335708646701015 -1.547305677706835
39.933091850626596 1.1696746209112705 -1.5662838843437168
39.91354125495893 0.18066576530834458 -1.5597328058360025
38.921747495389866 0.1550376561244713 -3.1413260516615957
37.937534697655266 0.1521619786183727 3.1395982570985534
36.95010364895636 0.15311717921378526 -3.139528979377777
35.93006939293468 0.13218008895560182 3.137691038708487
34.91242353240372 0.12349313474624374 -3.1367588847187977
34.93903008266532 -0.9084090061012898 -1.561801170026264
34.962160663503504 -1.8979698994987997 -1.5495184986513546
35.00156074428898 -2.858002147724538 -1.5477688462946004
35.023643456318894 -3.881425688844357 -1.5605450862072752
35.046898001333744 -4.8658524543900326 -1.5662182480041504
35.0808349585868 -5.863825008721226 -1.5659871151819011
35.09602291077556 -6.891247648364245 -1.5577436276474552
35.098633616381406 -7.863835896485947 -1.555300043518024
35.105142228571054 -8.84469919803325 -1.551786807348036
35.177368098319704 -9.84274455611053 -1.5532924791266969
35.2092380421581 -10.84598153899329 -1.5588470017075933
35.26077396246103 -11.816741446209953 -1.5436897765508744
35.298571312397044 -12.805441237870218 -1.5406871829342614
35.320468802639326 -13.795742340180151 -1.5521314181854815
35.36907851462225 -14.819622586059776 -1.5808191783316141
35.364487473113684 -15.792051755221461 -1.5623506103060307
35.39589232917247 -16.773319599898628 -1.5634190585249421
35.3881734098277 -17.759618593417787 -1.5760006081044313
35.38467572297055 -18.758622175412082 -1.5847853522296647
35.39031959351156 -19.732595297911462 -1.575592818740759
35.40859230764686 -20.756782652560446 -1.5535255060167452
35.40838068835725 -21.76175568730464 -1.5583969817975563
35.445940837623226 -22.74201053530688 -1.5455180497725207
35.46049806251126 -23.741696795336907 -1.5460643932371554
35.48103675450842 -24.724073644948486 -1.5492755517971184
35.519399039284195 -25.751619980164584 -1.554370986031382
35.55593434740663 -26.730648534639656 -1.5616473332506415
35.559240969575924 -27.700592883746555 -1.5457806936164424
35.55542446108606 -28.70716280245395 -1.5531318285598101
35.5860247356789 -29.734656037063196 -1.550719078211837
35.57772968960572 -30.729942831679534 -1.5372236915486643
35.59231679156583 -31.740690889473793 -1.5377639228001243
35.660328897653784 -32.726583914961296 -1.5491259647333127
35.688534394037184 -33.714612377179 -1.5555462370494169
35.689094697191976 -34.713362462498495 -1.5648641043693297
35.67067646517405 -35.717264374866346 -1.5664499168796908
35.655825049079446 -36.701618337373844 -1.5796171964956318
35.66001776021591 -37.709061401145135 -1.5698542139227
35.68754837364883 -38.73034656435179 -1.571037480638985
35.65688746600257 -39.68247052510581 -1.5649164609599253
35.667397716745214 -40.67973254576486 -1.5426682534455645
35.70942889078801 -41.666059651906444 -1.5375585044839146
35.74229610382298 -42.676520827625176 -1.5438404018252145
35.8017182985409 -43.69966581300704 -1.549372754409393
35.83234843560372 -44.69410568696641 -1.5419854470435506
35.87065941430802 -45.68355444636319 -1.5459166045757586
35.88176265175263 -46.67302723264948 -1.5489598809429816
35.916092072593514 -47.67774249238496 -1.5464356722059414
35.93842172250101 -48.69012627741451 -1.531300788796683
35.98506427489439 -49.66740619922552 -1.5391840066903821
34.98544316586026 -49.70922765957922 -3.1073298717420146
33.99001431376972 -49.73741451379956 -3.117706482358232
32.95990230570838 -49.746757154896784 -3.1177330140258994
31.95598908802815 -49.78006251247338 -3.1254178091803886
30.964818235952876 -49.80198047168033 -3.127510224324615
29.985344767001955 -49.813567585144355 -3.1315545297150345
28.97286295827109 -49.82325585319098 -3.1312883262842237
27.95377405311751 -49.825477653531685 -3.12629269894827
26.939231348470514 -49.84423726029868 -3.1248637740171645
25.962789442725025 -49.88394839302623 -3.111438076887424
24.943990920336976 -49.90958518020614 -3.104174502341404
23.92239044342691 -49.96294669567772 -3.106410454808017
22.92840926839415 -49.95931826979685 -3.117886228075975
21.897209301921734 -49.94089328645407 -3.1165963871808886
20.908412863740036 -49.95207280074941 -3.117413766234983
19.89675862071191 -49.97073834980473 -3.1270767702651066
18.913615789303762 -49.961198662632064 -3.1257640441191685
17.916063443155856 -50.01614651771851 -3.1322450917695197
16.91889819339067 -50.01376069806841 -3.1296977393580945
15.92511485486315 -50.013353352582726 -3.1201594452813555
14.9144361636238 -50.020982812708766 -3.1108415374514617
13.93004136083182 -50.054096910130376 -3.1185839276478324
12.936225548793024 -50.08657443397334 -3.1248694631562284
11.949269753009395 -50.07920218387761 -3.1070773514971717
10.949991996516362 -50.11446080117682 -3.1105714686006607
10.916698725795904 -49.13681821956498 1.6006641060707847
10.903040853682443 -48.145361153010064 1.6080497692564704
10.853717316348318 -47.133711926631506 1.596600413182819
10.854427143447579 -46.12686299410124 1.5944230508948871
10.834048926269006 -45.12650130421132 1.6016650399551053
10.812250336292378 -44.137116275377096 1.6061607464854766
10.795457129899404 -43.128316682107545 1.5867987135960167
10.783310976377704 -42.10170078452333 1.5926591688966847
10.774936260332876 -41.108054934969 1.5894056713818645
10.758648460700474 -40.10423602294733 1.591068691982394
10.75174553311137 -39.07128316092204 1.5951459919869484
10.746110296478362 -38.060225268574634 1.6111908561156445
10.714397948672527 -37.033594612467255 1.6213522424088072
10.612628525522194 -36.01122755924605 1.6096833024688124
10.583930008636825 -35.01601850859676 1.6028414256719785
10.538204419216559 -34.037154168883625 1.5908216968704627
10.49931259088846 -33.08075666425756 1.602024408581449
10.499703083187685 -32.08107291164042 1.612910273115551
10.469796023453704 -31.041651123668615 1.5931366026142562
10.447368838215397 -30.038365083946047 1.564156019529897
10.449313884478066 -29.05127184602372 1.5709791118561511
10.443135508186142 -28.051649845037783 1.5855628000372852
10.435828694660355 -27.045638887178395 1.5904197186149842
10.416477019087191 -26.005693399621748 1.5807481256192832
10.416718079323797 -24.999977660578782 1.5823183665055114
10.40122929476942 -23.95883483440669 1.5655583513347562
10.411708855734418 -22.962069878960932 1.5726775016048167
10.394517521264653 -21.95507907057877 1.5692943556025205
10.380284070331928 -20.977539969376163 1.5696147595146879
10.405360304514037 -19.989573916223502 1.5766813964686848
10.416651060072834 -18.964025941734448 1.573882493228543
10.377866932987637 -17.958731668176274 1.5881959829811194
10.327864056134704 -16.972141841117384 1.593689549663002
10.317534850401875 -15.951844343223016 1.5871503417003836
10.256348725388227 -14.938178834899228 1.5803810782058525
10.271792558669627 -13.919420024817292 1.5734817246357764
10.237252889237773 -12.939556442770181 1.5875119202461074
10.2381460559468 -11.927213758794355 1.596555253082649
10.222293334299215 -10.941118133711155 1.600715285837991
10.207716718727989 -9.955079509770657 1.5965696380363328
10.133669227046044 -8.955274259601818 1.6082747514684208
10.086652542865794 -7.940645421086764 1.5897992422504745
10.077081008887115 -6.96458520250313 1.5778001674472861
10.031783554998803 -5.935281660987971 1.569357270022039
10.041695251016135 -4.899323407460325 1.5786777352800048
10.031783219537441 -3.924756612544864 1.5936071694915137
9.982114374982851 -2.919338103628296 1.5986742290944405
9.960083644614336 -1.918539213733825 1.5752191565899447
9.967192680358709 -0.9192276254266667 1.5709313765911186
9.956087791029896 0.07269400829374875 1.5797669788878046
9.962087207924624 1.063350456504698 1.5789153578989898
9.9456921163974 2.0832596370745424 1.575171911652056
9.935084401566815 3.0778834880841464 1.5832125835689441
9.897559119693877 4.092979159722827 1.583971404648203
9.874331480016647 5.1101631266427185 1.5764461792880824
8.879404567430745 5.105481361575893 -3.1343046467234976
7.880088900392521 5.110626520500213 -3.1238959695716555
6.905298449605956 5.123796942277447 -3.1231909134647893
5.9191394087344955 5.1077044359219395 -3.11475880901197
4.9069632460556205 5.092731450097039 -3.117048766411321
4.895336525108348 6.074710887965768 1.5968827026323056
4.869571362449326 7.109373068024767 1.592872405838831
4.856295138175465 8.111069702664782 1.5911779686876593
4.855999181187119 9.117015771012099 1.5964060689325217
4.834009034381299 10.117904533470949 1.5949793961984697
4.796290917284347 11.110919026552201 1.5902749072004632
4.798505282794873 12.106683627406971 1.5855097729468373
4.782654178370506 13.112925852287157 1.5914109762523512
4.763383872204013 14.117823841216708 1.5972708031551912
4.752923515941629 15.105889910181212 1.596077349706906
4.745266559409618 16.12753074063138 1.6034471859035162
4.701550580770738 17.119577622699758 1.6073392433098208
4.680502229177487 18.13297566379038 1.6060507543423366
4.64388256570793 19.1467932939982 1.603701297233569
4.620553049851166 20.11655222270522 1.5988557854509526
4.591288484127534 21.145712977732313 1.6050334483891862
4.610883538562536 22.139301373082684 1.6261029086519188
4.530911396497538 23.165477217017816 1.6102008073655203
4.500354517142852 24.16739334636356 1.6135875899521008
4.51467182608009 25.1910691536722 1.6213079446103051
4.524183779419608 26.164738316966755 1.622623215608103
4.46211916204341 27.163685338100166 1.6297561195469392
4.441535081628588 28.170632321525236 1.622291868391657
4.437489798214012 29.171977394583944 1.631358888012584
4.389888564554524 30.18073418454434 1.6263677536381305
5.397589762075861 30.223578066281853 0.05819040512894355
6.391037484131787 30.265068419043576 0.05545912576022881
7.4097819225930674 30.29379660805218 0.040020333776039925
8.427294774201952 30.299094018687537 0.028219755176626848
9.47010787992734 30.322341289961972 0.013811020236607036
10.481770532997874 30.369137323825548 -0.0058349220260679345
11.456873729687068 30.360828659509416 -0.0017193281503770361
12.449639283922517 30.363134475635093 -0.006540472853777905
13.430614870195758 30.372570553815887 -0.016114565666207083
14.424301015546224 30.361379679052682 -0.01654097435390719
15.478455681146105 30.307436963791154 -0.014873542113446677
16.48143830511861 30.2670662830824 -0.01442368614055079
17.494306044270143 30.219679144138155 -0.011532439366643976
18.493717104596893 30.14905810194446 -0.01593976996159148
19.48677198416234 30.12702423226947 -0.011038967486010418
20.49762545900478 30.119249619263986 -0.00787458752983883
21.523396024512742 30.116055403997937 -0.002855207638172796
22.543388489225407 30.132850808027253 -0.003264059704640523
23.545191289052216 30.116656017548515 -0.024194205508749823
24.555855287186603 30.09791551883603 -0.020944585550438367
25.573193055871048 30.049925691723715 -0.02370058881107932
26.567745836916465 30.013716536714742 -0.024971637560230905
27.552599500282124 29.984906608511544 -0.009420409869645523
28.54022078632259 29.990122070497925 -0.03672508792378313
29.544584343272742 29.962462360753925 -0.02008393500191669
30.583377736476 29.944501895515575 -0.02597355648225801
31.59151664133794 29.943363265118105 -0.02636271815430543
32.58745711080729 29.906160893544467 -0.02274742879702317
33.57715725522264 29.851995645747568 -0.023718259994672287
34.57073199478429 29.880982899344964 -0.03641788026670045
34.61296596586547 30.90707651004611 1.5430151877384648
34.646694566778066 31.91200853584587 1.5585736675829591
34.6845430859043 32.902318953226256 1.5616414069916986
34.68063272339205 33.90734314621923 1.5624264005545108
34.66950080777641 34.90501908818758 1.572391823572099
34.66929346733439 35.89723314955654 1.5845886577233603
34.648164217215225 36.90372623788499 1.5793326654350766
34.664957706877075 37.91339353670732 1.582291058576901
34.64545834826203 38.89214023673133 1.5781528749113019
34.63098332507538 39.87907254167132 1.5838005421198198
34.66393337818853 40.88672718438439 1.5894723643642101
34.63444418694976 41.89094854103083 1.5881693980293692
34.61004926658702 42.88431453934234 1.5816072843748807
34.59969082988242 43.87197536327314 1.5902354215051497
34.554655319061794 44.86063108015234 1.596563606289674
34.53344923982712 45.83496497962541 1.5945551590965616
34.53202302502059 46.8270303657074 1.6112482342722156
34.48403688114505 47.82671559430876 1.6177262100185636
34.45937320534441 48.80186860697627 1.6217189478307323
34.39097348188201 49.810966728941466 1.6164869325245999
35.41752001038888 49.847592189741306 0.04870412531359054
36.400763117124264 49.8733031708199 0.038769279139207954
37.377836502467375 49.94716069758259 0.02869770925932808
38.38613294784391 49.99626003733021 0.027331387540826545
39.38045262351091 50.01268943796985 0.04463257618602515
40.385180699295326 50.03303536170214 0.02441978847966847
41.39779724565464 50.016922341061736 0.022707467147848263
42.383502138232444 50.01547593283765 0.008377495466005164
43.38070155553931 50.04417121761728 0.013382482276823735
44.38761785455983 50.04651613562534 0.015622353548438836
45.38235974698393 50.08656941765055 0.014746322114807921
46.37196596851473 50.094226939892536 0.01071470741083644
47.38969638441689 50.12275766569625 0.016665374869184246
48.38709823372447 50.15808037161442 0.011419761983679567
49.387618595667995 50.15508685775791 0.010627333225067342
49.389922346350666 49.13877742356962 -1.5641886185440166
49.40868650563161 48.12168236320706 -1.5603565462516598
49.42579977678447 47.14090742744286 -1.5593728930662842
49.42706371833592 46.149659669636726 -1.5551600368904082
49.433587129728245 45.152514786984455 -1.5601367460332265
50.43241250275105 45.14711110806755 0.007361431162583524
51.44672371618113 45.15000053057594 -0.004860441338475108
52.44732822500401 45.13068150879182 0.002696764252158052
53.46616720894766 45.135917203741656 0.007632832572739732
54.47708833823156 45.13746898486124 0.018963513265782796
54.48620891849197 46.12290271868433 1.5917857818645818
54.424665764492836 47.08958807746872 1.5850299283459233
54.42912367289051 48.07796686636854 1.5661355182862795
54.42635288587059 49.11899529370798 1.559727433579098
54.440695478859304 50.14963587532052 1.5903440791630528
53.41996474616316 50.18143448904993 -3.1243875940785153
52.39339932218213 50.20072088440257 -3.130737479942733
51.39109901103216 50.14882449781039 3.1293157900645725
50.38341249053033 50.166441210469934 -3.128221868865681
49.381620870675775 50.13682935241204 -3.133191319027694
48.3839219522711 50.13775793427084 -3.1308678421899154
47.41120579538792 50.13953436709247 -3.1383317332942977
46.41594147320788 50.10569887261308 -3.129380043250538
45.41621786650467 50.101030958225095 -3.1202473157977026
44.39016191997599 50.07814704546633 -3.1250722698576547
43.386773244060784 50.03546203487611 -3.1247438293742436
42.37940118821192 50.031459481194915 -3.1241614006144958
41.38538291500401 50.01939683336926 -3.129078237115503
40.38013883348249 50.026457369772245 -3.117503990930587
39.37985657065018 50.002249828840746 -3.124513960442996
38.360181839739845 49.97750431946725 -3.107889657331925
37.37410823453891 49.958600258944145 -3.103912522309346
36.38393867419299 49.937404304803266 -3.102726677228632
35.396075452459975 49.87125773492772 -3.097259876894482
34.40753966744006 49.805738046568536 -3.09266906604372
33.41834033371159 49.72746387120019 -3.0887685581528435
32.39059740342318 49.684958493767915 -3.0995185612774883
31.39858497248053 49.6292632038453 -3.0868425795022927
30.419980011792003 49.60703933689166 -3.0817941035870926
29.436259486921987 49.536046618444885 -3.085040427779499
28.430468440347838 49.469892587342606 -3.0772841475357793
27.43572648821767 49.378799324287776 -3.0822016056304427
26.43764762510527 49.3364079979257 -3.0838332732181497
25.437189339298136 49.29129687757471 -3.0758826264015644
24.439324211961768 49.22174156888594 -3.090619518459202
23.45446644064666 49.18892465344552 -3.098182990382102
22.448138720209425 49.11642712764498 -3.111103293688038
21.44212847339135 49.08914261760891 -3.1140569670488008
20.457440048451407 49.01635106316595 -3.1194758212226836
19.45791501101052 48.983136675783136 -3.1198605877339074
18.42629626713218 48.8996472425595 3.139550830644213
17.43466915134836 48.89039329967987 -3.134988987245111
16.405481351596475 48.95432358615689 -3.1128407042376396
15.463164334389536 48.868748303417206 -3.1306928287206324
14.496452033741374 48.76795869353012 -3.140453718792641
13.540170199215897 48.70865866289367 3.1288200106685355
12.578434516522373 48.65918601460383 3.123181755103813
11.611041535133165 48.58882178386481 3.1073432206752387
10.671809318040344 48.58549522322393 3.1053509185881256
9.687525585853589 48.585894889845754 3.0939923121310775
8.688585856065316 48.650272010586036 3.1029252195135064
7.725565575419434 48.64723287858338 3.0785838853435648
6.7440731314917635 48.66134867162781 3.0764583718382967
5.806364053482097 48.63106984803211 3.049800493557133
4.680773098547868 48.79897544540656 3.0646532665343282
3.6527634109371636 48.88764348414376 3.082098447508998
2.649934541080155 48.946535005423975 3.08168419951992
1.6333198695448554 49.00794213245138 3.0847435230635925
0.5869820872495866 49.05496160566537 3.089983038969306
-0.4096098456155587 49.118864724180035 3.077882858657306
-1.423309640661813 49.187015124704445 3.099012494590488
-2.454695733218313 49.2565024514014 3.112636959617924
-3.4639405800035132 49.26900999900827 3.11852346763263
-4.484953680312097 49.276937087969216 3.1094258195503253
-5.4840438222569405 49.29907716163168 3.104649769745189
-6.527072579327505 49.34268831869107 3.0990381272955605
-7.506456637906196 49.38132051488031 3.106879090898535
-8.505879517453856 49.411337269025836 3.116046007673949
-9.491369896131808 49.435212947398156 3.1085667778371024
-10.504082457490584 49.46174533914061 3.1134940662599426
-10.52978758047679 48.45526663415264 -1.591833213680598
-10.580249398433027 47.441263707130915 -1.6015688367503504
-10.617863413856886 46.45685203726924 -1.5877554683622839
-10.65184497956159 45.48344599988862 -1.5812983430056868
-10.674724353332952 44.47214266391565 -1.5787612294873792
-10.675823338872815 43.48816927762104 -1.5691132807848398
-10.687386461553078 42.49246380985832 -1.576585330462717
-10.68475074665608 41.483786139173844 -1.5756293861151365
-10.690661671572514 40.48466295495451 -1.5729345505144594
-10.680068516378862 39.51475253547512 -1.5683664783384046
-10.692151233324163 38.52758546697637 -1.5540961398781588
-10.675480733850591 37.517041585129526 -1.5620354074207972
-10.64652268309868 36.52135964921925 -1.55804813126053
-10.654436903135482 35.52170597373212 -1.572080561445047
-10.663692987332817 34.52532098414993 -1.5596572409699707
-10.61424285301179 33.534647723589046 -1.54791887616555
-10.561054161955182 32.52304247123846 -1.5447355939286669
-10.520467507623664 31.52223615067977 -1.5471917860655309
-10.511503140804672 30.554829935106223 -1.539772798014294
-10.498690167519209 29.586807642406136 -1.5555951199288849
-10.494810346784151 28.58593453978047 -1.5562634313713195
-10.521973253901047 27.610007198227603 -1.5517377815697773
-10.505521483333933 26.62945280103744 -1.5511428928808453
-10.45717714603466 25.641268783485156 -1.5495932945262174
-10.43765624973183 24.61817341865283 -1.5531822022510053
-10.419626116582661 23.61311126401188 -1.5562119710926212
-10.395703527523747 22.63412745475838 -1.5447753069311412
-10.389127455366337 21.683678241735795 -1.557742129091264
-10.361819227856545 20.678103967649957 -1.562306580732951
-10.363514569700243 19.725891569852326 -1.5524313262554288
-10.331153758698703 18.737934895899013 -1.5477418125095967
-10.291409244366607 17.737485043754155 -1.5522056990211817
-10.29320921927811 16.730361110022717 -1.555935257132084
-10.296178722389287 15.756877185746815 -1.5453854320229063
-10.275147956815157 14.760763362408838 -1.5460791244368202
-10.253206925078223 13.753551366834287 -1.5574608159298289
-10.233153034215553 12.753436678250583 -1.551525369548029
-10.209584550942626 11.75235200096156 -1.5530726799699113
-10.208313654589086 10.761343009261964 -1.5453399866731576
-10.219266947942192 9.784471932169687 -1.5395158410893455
-10.183740016999927 8.807041169856978 -1.5373282390922536
-10.149000947065618 7.787523601264874 -1.5544335750032834
-10.148103061458592 6.804334298835792 -1.5468694233360873
-10.130902514150085 5.8088324186253715 -1.5471762712207808
-10.112494260442212 4.810518549900838 -1.5528983932101772
-9.124966748212175 4.837135915470367 0.0165702347564097
-8.100255922817846 4.845926232240518 0.017086963123956155
-7.105643237824666 4.845792261377298 0.02330675629676601
-6.062036360945328 4.871560228311224 0.0424337659732626
-5.023836704936506 4.933325334400128 0.043621608014037645
-5.059079351230825 5.903474857843058 1.6047224050354834
-5.1156126790559915 6.8931821991304965 1.5965924780378697
-5.139232837068729 7.865026343071229 1.5980639160747825
-5.161257687221455 8.86629803551257 1.6020612890247157
-5.1789653880921085 9.85865379405982 1.580465138526454
-5.190610465858827 10.873341940122627 1.5912009476308286
-5.229271337983814 11.855759130507122 1.5927257369925092
-5.242476649576346 12.852238812455214 1.5962562248992531
-5.265121265320176 13.842942774352645 1.5845554941625088
-5.288655434185578 14.831417628513966 1.5945420229781966
-5.323779518170926 15.846070665432935 1.5871335349078917
-5.326232549792461 16.822336816183054 1.5985476603055238
-5.341834727822614 17.82741824239425 1.5943221112406565
-5.360534849445127 18.813499264655796 1.6064753730920374
-5.372442762827192 19.80416928907746 1.6067580243975434
-5.425875965423721 20.81448360401343 1.6001723965471208
-5.463152800632246 21.818081468729076 1.6032620358012812
-5.499059791681007 22.815238598031435 1.596723721180662
-5.511555027716755 23.799599469994547 1.577814907294599
-5.554955921422836 24.78312842115164 1.597176091448909
-4.5334858703260235 24.8063127196311 0.026213048972887204
-3.5242901709612973 24.807100806673162 0.009303792652378073
-2.515773011641143 24.841010783502714 0.01603135459339386
-1.5072110295002747 24.86977805777928 0.031648700669740924
-0.5046321483857005 24.915844899110027 0.02973854161856865
0.5054537941039954 24.97740330098201 0.03529779281006026
1.5016934514357168 25.012938954400486 0.051133660882868165
2.478410315620846 25.082379054401255 0.049244650783095305
3.474851778596812 25.113418090969777 0.04127671468208334
4.471492559476031 25.188476296377885 0.05563119867212447
5.473607950466631 25.21089987595679 0.04180761463074977
6.504488949891778 25.251482647954887 0.04109474080626255
7.491819979293277 25.26369130111191 0.02906461555316008
8.4734935210117 25.296890507284925 0.028925952340855317
9.45362259454055 25.296201003371134 0.020232328584348334
10.459050668864888 25.273895005162476 0.014874008034517308
11.458184194757294 25.31451211559869 0.010327539705371452
12.49918169004451 25.2872533955154 0.004803702352719179
13.51085678807673 25.29598926996433 -0.0026002640748878014
14.516307752931214 25.297647062429583 0.01489917655249752
15.499898294074642 25.28212481160302 0.005236630944279288
16.508184646494968 25.27951464300719 -0.005123423588361016
17.52696241266221 25.257989506425638 -0.0011880681875309843
18.506885338409294 25.251358471631068 -0.010424943468041363
19.486584391834253 25.221962889356703 -0.00015098506653015898
20.51316924376726 25.20637990622692 0.004666948152492203
21.475071903058343 25.178391896443767 0.007248460070364668
22.492860420080675 25.17098438968883 0.00486030407117065
23.492920565310662 25.176933408510052 -0.009981065199325347
24.494249794342817 25.149177665936616 -0.011068117595423147
25.48171773756641 25.1418273459978 -0.01705378876081519
26.479004045481414 25.13749202456631 -0.013572279792576074
27.48660143032295 25.129657712539412 -0.003956229215476086
28.53188378574821 25.11750141385026 -0.02143599162445897
29.531907954069066 25.084507368212485 -0.014758766543750823
30.51815595440248 25.07500621912943 -0.011318196439570683
31.530763715302733 25.068115117699993 -0.010612451885703459
32.54159956463313 25.062214691159227 -0.010818087144270148
33.544001871071046 25.053754470109762 -0.00617401936471329
34.553551571976975 25.06505202198123 -0.00817765985454072
35.54096240215526 25.057680177916275 -0.015452302480745918
36.55224753306903 25.02747423923524 0.010819494908084728
37.56680092698526 25.076583105701104 0.007703747137438649
38.57701389663825 25.075729051848185 0.004746452388813074
39.55667784812842 25.07579347923342 0.008424541165120427
40.55701682898629 25.06986725203656 0.0006977803822703538
41.559230451039824 25.086540826832017 0.01541335461371952
42.56453347614815 25.10186104335789 0.014954518725012272
43.549964110584774 25.134810944029432 0.007379179207869021
44.580867892417295 25.133449742957122 0.007746158826700151
45.56106205318837 25.121048867155015 0.0066996315973027075
46.555697526719094 25.14274838619273 0.01113407583008542
47.53171896792928 25.16240727177438 0.023547530564861828
48.55272877213415 25.21640075569657 0.01830277087175776
49.52953219637085 25.21142538154341 0.021885686694831673
49.55010699958764 26.205148058494654 1.5913780663927244
49.54434797894096 27.20956176766199 1.5873304293033978
49.53487713812723 28.210811215608082 1.5854189273840344
49.52956421814732 29.218660865018535 1.5892503727197809
49.53454529637211 30.18697899794692 1.5872979805200318
49.501831683456594 31.193739465029783 1.5820581032265972
49.49190225213122 32.17339692849407 1.5757810814542423
49.47329235112436 33.18027325688061 1.5740872919935196
49.47928931472052 34.17565210749881 1.5704159023729884
49.470437279479384 35.18773099879264 1.5815486252960824
49.45950991536842 36.17580382036719 1.5853182694043064
49.45064744523399 37.17781208185783 1.5684682879227627
49.438222143338805 38.15211780169455 1.570630111715207
49.44051421312059 39.1802814141569 1.548486301290831
49.4552011914846 40.19188547952813 1.5544984925529126
49.42696734525466 41.177202300056464 1.5694722907939629
49.45365728915749 42.161993632197195 1.5746053403718905
49.45561709855992 43.13745779335848 1.5661801439451268
49.45510638583266 44.14719415352156 1.5799405486278684
49.440278993715374 45.15980667446148 1.5788882398540276
49.40858507350383 46.13623254328085 1.576558860901987
49.42671213624203 47.14171828107277 1.5766046442828594
49.417143623579044 48.136778518506794 1.5843308447536268
49.409046800642614 49.13817960462652 1.5959005770773704
49.3870357311575 50.152396406916765 1.5806037122635115
48.37293944321334 50.126457493491934 -3.134361266014862
47.38908556470313 50.11289285844895 -3.129154548787552
46.38898959882197 50.09328460852862 -3.1287134267948113
45.396228817739676 50.092115210508055 -3.1309982569740344
44.40102573314175 50.081904309192105 -3.133840266401091
43.392839685423155 50.06192474626214 -3.1297456969996165
42.40609607558418 50.0612165543689 -3.12521283517281
41.41149038395754 50.026376446718245 -3.1169907971694975
40.414508467783435 49.99011634355996 -3.115599198740436
39.389967461029634 49.98720621640306 -3.1165962574704817
39.39834392552693 49.00903374829211 -1.5452998276620877
39.4246605189682 48.00463793411148 -1.5533074236976208
39.428739169436774 46.994212858147776 -1.5536164731689166
39.44998773339226 45.98771635949011 -1.5648055578825897
39.447711646458295 45.02373275314748 -1.5652047599354757
39.45209452713879 44.01501773309565 -1.5591005260025423
39.46723113531797 43.00628409040715 -1.5394014407588668
39.46779882556709 42.0164132993285 -1.5512081031059186
39.48803990991297 41.0224413703894 -1.5594243754744264
39.49152351802977 40.0513529735957 -1.5623441997151142
39.498049783905415 39.03929081772069 -1.5661868076510161
39.51028055614808 38.045448309999394 -1.5661853152456924
39.52892336611013 37.0679794273889 -1.5664914988871756
39.548596253486096 36.08413290857211 -1.5616034596910793
39.54819998778328 35.035558354771396 -1.5620514864750237
39.579935322243095 34.03393768839064 -1.5616039327838294
39.58509974610322 33.01319155686713 -1.5683116511502297
39.578859966590755 32.03869043057288 -1.5857122568757511
39.55924537605308 31.04918784974195 -1.5848576328645094
39.54112121646889 30.047278480356624 -1.570684802101274
39.53118318666971 29.05295471451549 -1.5730409635491065
39.52359819273242 28.066319429702833 -1.5759791104728798
39.53601285516983 27.083065913600503 -1.5570071248686552
39.55694201908067 26.087154893931586 -1.5629328044203508
39.563753235784226 25.080881994675654 -1.5621884888763644
39.58023718624055 24.06866586687886 -1.5575008074874086
39.57533511722588 23.085780826009174 -1.5631558379159634
39.5979833543543 22.088538449320126 -1.557091773995396
39.59633487946422 21.09849733166655 -1.5575429801528389
39.58121854447997 20.097963053133128 -1.5630776534284045
39.589788705475044 19.08952040269195 -1.5621916517295868
39.58443046083998 18.10017278610061 -1.5489420470263797
39.64032652672765 17.057222930666317 -1.5400048038035314
39.64460707162479 16.068318681432196 -1.5377824423225668
39.65526621857537 15.0764601800078 -1.5405033178240257
39.68330274419263 14.083804757159438 -1.5406214541599434
39.71437756270495 13.087751724634776 -1.548150547904739
39.739200112199256 12.076949716927329 -1.5537864202025555
39.77029435281224 11.083260306543076 -1.5501700650670405
39.78789331429871 10.121266197524463 -1.5467850548332458
39.810938566964026 9.100359152519326 -1.5439362646110242
39.8315134897211 8.099429383115591 -1.5494182756734436
39.869019365719964 7.113703500676562 -1.5607116462128272
39.870216996011386 6.101293606934432 -1.5584713237423404
39.85445311514375 5.0987159258713195 -1.563445317500154
39.8814137885128 4.10738274367051 -1.5518159519171268
39.89687392232343 3.114072707672059 -1.5611640085395353
39.909446253606006 2.1149608833594957 -1.5679518549304867
39.95274110722414 1.1017047748626658 -1.5562058705980937
39.968703317687485 0.13570137893800926 -1.5467829095654966
39.96970603167182 -0.8709320239577311 -1.5646465415434994
39.971021522194725 -1.84364534615901 -1.5659921579781786
39.998809359267476 -2.802997590648523 -1.5625601130573323
39.995645359055125 -3.802960129389194 -1.5711791211672552
40.01392726684698 -4.820205590137745 -1.5564235275036686
39.05398634017881 -4.819207550795896 -3.132119661440734
38.03890993302112 -4.778607407253249 -3.1340846695467945
37.028539394972015 -4.828713851131048 -3.1336840774428976
36.039161705522865 -4.842622161571339 -3.1262406302448524
35.03806217204481 -4.846070815159003 -3.122272053610411
34.04327376867951 -4.880884931360162 -3.1350329173303804
33.034440601937874 -4.881848964992447 -3.1365500846088366
32.050525128284704 -4.865889134554424 -3.1360061188030075
31.028846706698495 -4.85297956008341 -3.136079809056391
30.008441451593576 -4.879947003525229 -3.1225594352102233
28.988879336511708 -4.896215143044511 -3.125311102351452
27.943427760717533 -4.893122088463151 -3.131936545916611
26.957679849712846 -4.924430824936567 -3.133439238551854
25.974510520952528 -4.936816719388681 -3.1391522601061124
24.996271780288104 -4.90021499091054 -3.140273162513201
24.00648993420842 -4.88303210538336 -3.1353185970942197
22.99885765127567 -4.853513939221243 -3.130123663532326
22.00419668504073 -4.846793061179247 -3.1195106490287223
20.998449163038053 -4.841018960288499 -3.12410856321688
20.008692224102138 -4.848622276377508 -3.1270132680202507
18.995395283303527 -4.866631503718063 -3.1274518936426654
18.02181643070511 -4.861927188534271 -3.127780964202331
17.04040725429335 -4.8801443948681555 -3.122604955521542
16.02381752655927 -4.886217925944652 -3.114598944053812
15.005009353894645 -4.8914627077533845 -3.1191242429467376
14.008809970961376 -4.94446315869786 -3.125602311365583
13.033693195636092 -4.934449129750926 -3.138504903386562
12.048532821523889 -4.966587662384215 -3.1296137106967037
11.045270223628126 -4.9563309249560925 -3.1365464981915396
10.0285695813875 -4.930819241959569 -3.1342719530364698
9.005760581348904 -4.9154162156593655 -3.1364359896040535
8.017868886585442 -4.913860062982771 -3.133805638308981
6.9988435756487375 -4.91772541930858 -3.117524456578055
5.985710469562871 -4.9688669831703995 -3.1219602702429348
4.976485058599155 -4.990269109787217 -3.136308085041564
3.994867871777597 -5.000329775925421 -3.1374115087831633
3.0291749374758035 -5.002327492206695 -3.1283334858090703
2.05643968033654 -5.028681994743324 -3.129588959865299
1.0377101555001753 -5.041536650925222 -3.131850738980016
0.03523163093481191 -5.053506950274088 -3.13808328382067
-0.9785811735789608 -5.046972301218196 -3.1175572345536393
-1.9841464188715492 -5.082566466412815 -3.1186253539661926
-2.9814436565874263 -5.107644413998871 -3.1159000863174806
-3.9875511665163628 -5.134973379801948 -3.125382538573528
-4.996443484541206 -5.1681726263861165 -3.136372945289743
-6.006886521933814 -5.159170327411264 -3.135684232239923
-7.013317013261005 -5.170665815943765 -3.1299757533797408
-8.012502770282905 -5.166282626635916 -3.136972326822883
-8.992480941092492 -5.183742101648891 3.1401147722076876
-9.965854242608563 -5.170705422018892 -3.124515258892965
-10.948574898713337 -5.181808739499718 -3.120344306817406
-11.925939406044552 -5.188864077638271 -3.1139689505732546
-12.942779255726615 -5.202890246334111 -3.119256523025508
-13.959417311259626 -5.22807809829613 -3.119368557825986
-14.967101484953176 -5.22437552077087 -3.117147913760955
-15.973259068806126 -5.262334152039137 -3.1193577538901542
-16.99613422471621 -5.29831051520731 -3.1253814535311975
-17.991709917143233 -5.290759326629984 3.1365014275988137
-19.006085607486387 -5.280180282341691 -3.129449533958607
-20.016930637235888 -5.278905842469415 -3.131118131845725
-21.034183975448016 -5.292634860532118 -3.130666328540657
-22.008015937482124 -5.271480839942893 -3.1406201588835265
-22.992838722222363 -5.284995603709828 3.1408193775202227
-23.988328402702056 -5.317712431015836 3.135863506915389
-24.982407377761223 -5.310718607439478 3.1409677132229676
-25.99089746123945 -5.292785382893686 3.1400124793189508
-27.00556381128204 -5.307721438493432 -3.1378804786938517
-27.991148356437737 -5.294099377126952 -3.1254968299952743
-28.986693970720548 -5.299438412702748 -3.1244004894200774
-29.996874796995158 -5.32926856631331 -3.1278480945359193
-30.992338463986908 -5.328882142966247 -3.1319964454060374
-32.02149810852135 -5.368695297839176 -3.122688291116781
-33.04145889733585 -5.379451906146262 -3.133291052564043
-34.03979509056068 -5.3887342558123885 -3.1328923859511475
-35.04673030536725 -5.395861890796039 -3.135488868678242
-36.07032822627989 -5.428567081185736 -3.133969255727012
-37.06725183497791 -5.429658987121231 3.1406727429440435
-38.08639987509407 -5.422767381221199 -3.1353765439168133
-39.06933500315749 -5.428243545505719 -3.1341608091291753
-40.10254607816937 -5.450400267186754 -3.1231704064262553
-41.101687010636404 -5.459556901308044 -3.1299028741939554
-42.1125516458745 -5.496748652332013 -3.125590699244486
-43.12753983795743 -5.518696182285575 3.140635061027079
-44.09880295453123 -5.5087340148028305 -3.141241896304747
-45.094506778422804 -5.546679162368671 -3.134990558961289
-45.07761713103993 -6.53092125605402 -1.5572342960087056
-45.07585075278599 -7.541785914511069 -1.5570508478639882
-45.031962013615114 -8.542200723345639 -1.5563795888840262
-45.01740079918063 -9.528303532863797 -1.5746879712892927
-44.998873250395015 -10.53420476412505 -1.5598762068382999
-45.00993729047111 -11.537139935695707 -1.5575642487686674
-45.02507966227596 -12.565914293380057 -1.556367067495046
-45.018822031026616 -13.529607445905093 -1.5578688042758286
-45.00258056557616 -14.544838807768057 -1.5541314583116805
-44.99753250238421 -15.539085312159825 -1.5552002812218448
-45.00021594036469 -16.53371007796378 -1.5591104826745885
-44.99565681799937 -17.516724337805577 -1.5528362679180556
-44.99700596128174 -18.516346920014062 -1.5408545289935995
-44.961291547204446 -19.514402203883698 -1.5553202223231954
-44.9447824942564 -20.507783948130722 -1.5503162068817864
-45.93664616594288 -20.537264415578544 -3.125332676622514
-46.91924600672722 -20.57696592982582 -3.1286257516948575
-47.92197248222619 -20.60429126947274 -3.134626331601844
-48.9093406014757 -20.620981512903718 -3.130694542451902
-49.90774216796934 -20.611009563033473 -3.132859011120021
-49.92872847418846 -19.62760738310416 1.5908198016945752
-49.91661891733055 -18.59567192441823 1.6009391498488161
-49.92331497902665 -17.59993297477481 1.6006244648795738
-49.945354822928 -16.591061274620174 1.592220773918535
-49.993381545005285 -15.583647993437694 1.5909295907292353
-50.0112818675372 -14.579523953697885 1.5751624597453326
-50.016572707318645 -13.576065357566518 1.5790311591073463
-50.016523633009676 -12.573584851558248 1.5798920217021388
-50.02764574689811 -11.600229873877764 1.5760420063455807
-50.03070192751905 -10.571384395194539 1.5768150288515999
-50.044626901374116 -9.570061545086054 1.5749804663649847
-50.01645330367828 -8.568273413625882 1.5852056686277924
-50.04528419570662 -7.582219999545171 1.5709245481903575
-50.05048590240207 -6.567521793887016 1.5860434892838902
-50.05861850776661 -5.571657610435348 1.578258215633261
-49.06957778218343 -5.560269253341629 0.004611919517793859
-48.05682950000153 -5.5622875021278855 0.007390858858505804
-47.082544676937616 -5.54808245870182 0.018089828552853765
-46.08304704353801 -5.494288350164421 0.014297350123212208
-45.098824805729436 -5.515792197475371 0.0005874434676813576
-45.0648366696821 -6.532569246342547 -1.564214907367235
-45.04755293676146 -7.497547657079854 -1.554869394141566
-45.041038949671105 -8.509549307562038 -1.5552881541399914
-45.01750214003881 -9.534208748838834 -1.562600123437463
-45.01356255825746 -10.536435798598982 -1.565707525792123
-45.01987170910941 -11.541133365642876 -1.5711986611444455
-45.02519284637512 -12.536114324364018 -1.563553000439534
-45.01268207111564 -13.542132238003836 -1.5545429080076074
-45.00443662708483 -14.524519012575347 -1.559528497118038
-45.01267787850352 -15.533684079764951 -1.5638254147775514
-44.941965025903876 -16.522548857041034 -1.5534736694205942
-44.98621964154156 -17.506821628079194 -1.5456226267632456
-44.95392499723705 -18.497255096890104 -1.5512833790458782
-44.93261676356591 -19.507521779398136 -1.5563090835476365
-44.935201580782845 -20.494666589934422 -1.5517632829648753
-44.92274929315092 -21.48785445128795 -1.550501700382514
-44.90595237906691 -22.495296256371013 -1.5440034277357102
-44.8927211464723 -23.511191260194845 -1.5318980135203377
-44.90616606498938 -24.474562489264905 -1.5313639683106324
-44.847653060097905 -25.46877232800554 -1.5323837633982254
-44.82115773945131 -26.43540171716443 -1.5201492758670918
-44.82440794051905 -27.419662030159284 -1.529734582218647
-44.82214275128716 -28.432533259695376 -1.5259348134406585
-44.770147478072936 -29.402329072010225 -1.5211540179359624
-44.699902064138975 -30.39515830072575 -1.517613222692821
-44.661817838295974 -31.398234136406217 -1.5157791610497329
-44.61628100932272 -32.37626434932409 -1.5274667696165192
-44.59614045972385 -33.385438880105255 -1.5379426455761867
-44.586493873605946 -34.383415659437325 -1.5393868668170358
-44.553238144175616 -35.394511262033674 -1.5371479617847026
-44.50322869126815 -36.40184429430204 -1.5367270791525987
-44.496049090321435 -37.38077048635059 -1.5334459375949738
-44.455985388795334 -38.38933891617913 -1.5350566700372192
-44.417432882955715 -39.38082185578423 -1.5391042162562725
-44.416702761935966 -40.37630793221737 -1.5395969562647778
-43.446877429592355 -40.34217821499347 0.03892821093374121
-42.45157716663586 -40.31694090079372 0.04275633354401673
-41.451339771323696 -40.2586083661048 0.027282194667418214
-40.429655100158115 -40.26319101105914 0.020818645668239526
-39.43561511606266 -40.21839920120916 0.007365031512336651
-38.42930959169739 -40.21931812563383 0.010526132234038544
-37.46149425972103 -40.230522464537025 0.021141508659099528
-36.4660036405708 -40.18045632974762 0.025434384979611934
-35.47408944535217 -40.15468418646746 0.0367417931690617
-34.479135873963465 -40.11969370720524 0.04760641639354636
-33.47909950069779 -40.083614119464734 0.04784427552454335
-32.5006518890093 -40.055584507719026 0.03700475400269266
-31.497482561955557 -40.01192226232698 0.03253462149704747
-30.48068491244425 -39.98473910144792 0.01437713914654635
-29.50117747353676 -39.975737402939984 0.004570821573761408
-28.466326989217706 -39.992325485220185 -0.00277920460372843
-27.457175161399842 -39.98599579159123 0.007813780466884454
-26.452508423800147 -39.943888578541156 0.0023500560079767734
-25.460540140316496 -39.9374744138574 0.006306678063733729
-24.436159952541118 -39.90660700344744 0.0012056590647961036
-23.469877130608417 -39.920045526185994 -0.010204088390860615
-22.471329168350415 -39.89774445816823 -0.014225962284089814
-21.48067106634309 -39.92616709339951 -0.0061794357135081576
-20.502615207151226 -39.91825384783895 0.005112049852850696
-19.504598187014043 -39.900525554857666 0.005536383688997033
-19.468663764897876 -38.90570483761069 1.5866609616159728
-19.479581048665676 -37.94531842338263 1.592195749250448
-19.481763911128414 -36.964651939484725 1.5990542339002884
-19.511538967199357 -35.95831948710418 1.6083587986136656
-19.52533994429179 -34.96981841837262 1.600991067459077
-19.536999836526086 -33.99247200678516 1.5922854461242255
-19.53047976299436 -32.98195200113187 1.5949322038854918
-19.522612536355325 -31.9981306526717 1.595631199743769
-19.578914844674042 -31.03627964313589 1.5922655685261728
-19.581809636016494 -30.019194723124443 1.595082992331149
-19.606048262687708 -29.048377016396046 1.593534259832152
-19.629302414150445 -28.069010914828855 1.6081723116007602
-19.681111437033316 -27.068360607283793 1.6154105435685402
-19.740291687354706 -26.074005035872865 1.6341266477463603
-19.78049163241151 -25.074820370551382 1.6361073850346273
-19.84780059262479 -24.056909878093503 1.62489453890347
-19.88720004290893 -23.052304293034286 1.623279553144324
-19.940565917292687 -22.028189294745264 1.6193931515452267
-19.995222264453325 -21.019227771630185 1.6091358858525464
-20.046273099371067 -19.987022834606854 1.5819940167433442
-21.04979657082169 -19.997769715005727 -3.13423635827608
-22.05134895611593 -20.023208369084276 -3.1265550228648804
-23.035109862667227 -20.012557208575917 -3.129176335891657
-24.042948215850064 -20.03430043023508 -3.1362482753088377
-25.03911724293142 -20.077074631076204 -3.1219398677754504
-26.055896020761477 -20.103326474904552 -3.1255739452272406
-27.05791745441993 -20.105616688735033 -3.128150280751442
-28.0539985093391 -20.16435013860628 -3.12456490674624
-29.038860416200208 -20.184037255564295 -3.122501075123521
-30.029044578074597 -20.232180943546552 -3.118210200008014
-30.98241160318835 -20.241203590718893 -3.1246929832095964
-31.994757906890758 -20.261805920739587 -3.1318839905095888
-33.011142820499984 -20.2348814314154 -3.136827840587034
-34.00192793266007 -20.266321785571133 -3.129111925637572
-35.00622641186542 -20.23982810887223 -3.1287187147433526
-34.9714395115016 -21.24595916097183 -1.5621060036188552
-34.97442819910665 -22.219152756058747 -1.563133413304871
-34.98905433920002 -23.232486057062285 -1.5425607972058557
-34.95163311461672 -24.215838463881273 -1.5524798449080544
-34.91010785303259 -25.184238407285918 -1.5504852204378197
-34.89995156917218 -26.171118270265904 -1.5507238940867094
-34.88806779135857 -27.15262632990169 -1.5631820930243756
-34.858055664963835 -28.145651005018028 -1.5518931185594618
-34.83822533804617 -29.132404814431034 -1.5426967758124095
-34.82080906280938 -30.1265503421864 -1.533438988280877
-34.798807571518 -31.093122838671395 -1.5495089712971037
-34.77148312074496 -32.12456122198616 -1.5391284233452396
-34.71501408772928 -33.13612807851261 -1.53684203888771
-34.676956538182104 -34.148603486476055 -1.5293753555433662
-34.63845798202422 -35.14325967753997 -1.534783181351172
-34.613856222862054 -36.126726157498204 -1.5376167606172195
-34.58301456975743 -37.118805642762354 -1.5383371294064898
-34.56718529144401 -38.1049795908776 -1.5468361410626632
-34.5378298782476 -39.076491651807196 -1.5363750409486738
-34.48493739911319 -40.095173989296704 -1.526272912421932
-34.362424318655954 -41.10947605644948 -1.543385551327523
-34.24018149929716 -42.1782756303531 -1.5787890708851933
-34.391054175963006 -43.1452336075527 -1.514208216823777
-33.93710527930845 -44.21541111485705 -1.641170564174022
-34.20810741979795 -45.071944681142305 -1.5443804505010539
-34.18345175529977 -46.04885361932233 -1.5387851873146325
-34.17473986582576 -47.03969339471078 -1.5255438962223251
-34.14762257157483 -48.04734913939832 -1.5294885051690306
-34.11219257866775 -49.059555828451515 -1.526549652940526
-34.05430137552197 -50.0523369581583 -1.5370369437436402
-35.076991386338975 -50.09691823395968 -3.1085925188773693
-36.08630799262024 -50.12736568379674 -3.092959080702317
-37.08674455704254 -50.160995714433874 -3.0995256328442515
-38.0818109775428 -50.21459779125729 -3.099865796093003
-39.07503089263638 -50.22715649653457 -3.1004083622451777
-39.126845463521036 -49.24174251628117 1.6242118205417735
-39.169735409943705 -48.25350485320451 1.6046567106726262
-39.2187066523555 -47.27658908826217 1.6068646718439488
-39.23811384338347 -46.26343516898972 1.6207114239715887
-39.31224720515275 -45.298405559585895 1.6386467845359853
-38.30096900617965 -45.25730906382086 0.050247369166601746
-37.33010948405831 -45.221301727729525 0.05320398166016275
-36.31529774007788 -45.16322847843364 0.053357955342600245
-35.49984416088345 -45.08904123434133 0.1391585263381682
-35.106219366364456 -44.93709599429515 0.37213082286260774
-32.266643746953996 -45.31733952864121 -0.3639175520996756
-31.79180624723749 -45.3194261716122 -0.15924524639229723
-30.856407432119457 -45.40610588301991 -0.1374785250840105
-29.87379061302363 -45.5280489400952 -0.11401964089679381
-28.894283423215967 -45.63301193635175 -0.09325871551006114
-27.92419150329408 -45.65759588449194 -0.08465074025413463
-26.97014311022525 -45.68922463450216 -0.06278697302644161
-26.004079997814188 -45.73316198956511 -0.035942575379546184
-25.016314097761946 -45.733789866429746 -0.046425424400527805
-24.03614198201013 -45.74969645240677 -0.04666569478431389
-23.059437335431134 -45.768214475571845 -0.04061145890985574
-22.061086160235163 -45.801194523403204 -0.02253452283112983
-21.03851653884363 -45.81297697061594 -0.021550379231871506
-20.056151623572084 -45.80516419873978 -0.010813180026610794
-19.081417041558915 -45.752516187232054 -0.00449609053538222
-18.07748913582897 -45.72042396998812 -0.006404666847818715
-17.08948410134988 -45.67730537181899 -0.00044490737929005924
-16.098612642661713 -45.668227738125026 0.009826932666808114
-15.111117333164687 -45.635957626763265 0.010880470689209085
-14.115411018050347 -45.60991201061058 0.01727689580785913
-13.10756431380814 -45.58243246041284 0.02014261000640493
-12.10259287540918 -45.54243647586542 0.021285538413091564
-11.12332900241232 -45.52842603631852 0.026173712233797528
-10.109569172847138 -45.479526368517945 0.018399718079990798
-9.11571253374122 -45.4547102170381 0.01535762532382449
-9.153057340144079 -44.46962328050845 1.5911554833159385
-9.185387324560939 -43.47459161688068 1.5939698947928174
-9.18533295002537 -42.476884580046885 1.581019008945009
-9.215312092236529 -41.454590498688944 1.5893498984839631
-9.233341580555456 -40.46402313935759 1.6168161206676812
-9.25204449586059 -39.45860321382938 1.6229574157344915
-9.318544671389219 -38.47222571111141 1.615331869029932
-9.38626898958222 -37.4590632689057 1.616611248302347
-9.430353666739824 -36.45756788173522 1.6157596747629765
-9.467462066857573 -35.45880564671186 1.6106257368498924
-9.5018565524167 -34.47906022414795 1.5951622752125008
-9.529589503642914 -33.497419192237324 1.6041325452534776
-9.571867146438848 -32.47678191817474 1.6103371919759848
-9.603179180045501 -31.443119208769247 1.5919447289498891
-9.64105928657033 -30.43229227207064 1.603873932090127
-9.678191298912708 -29.41580590128743 1.605146952119756
-9.732822338244361 -28.39429854601525 1.6112759641174261
-9.747772286555119 -27.37056110267262 1.595477626051548
-9.743486303263904 -26.375438702776396 1.601563720017179
-9.762106447935386 -25.32767275435085 1.5878544670282144
-9.800349734056327 -24.33793482599491 1.6112891457450909
-9.848586252723322 -23.34938136232702 1.6047597012390078
-9.845440800587347 -22.324293612823958 1.5986067865252622
-9.917779669609052 -21.293671557090637 1.5951028238559815
-9.92835120903109 -20.3003084556828 1.5926830123309799
-9.935683284173296 -19.280221164680665 1.5931192906058629
-9.955834605102831 -18.238179648230275 1.576261605447715
-9.96311443426892 -17.21188251422297 1.5662856637442724
-9.948449368201482 -16.17381155662693 1.572629980524636
-9.944316314032708 -15.158660355253206 1.5816299085637369
-9.9712951726018 -14.160227258997278 1.5823383919694856
-9.967086485741492 -13.138987972118393 1.5552267876046617
-9.952262234460665 -12.126656633339515 1.5484535953859553
-9.92893324718904 -11.093024756025349 1.540785984875997
-9.881948183581688 -10.079060449527457 1.5500563234470806
-9.882985896124554 -9.104738910996224 1.545180349583623
-9.88617614391493 -8.116748401793396 1.5598670847121547
-9.907666465587816 -7.144196630385855 1.5725204265136035
-9.947949603048878 -6.171035677988085 1.577504918259196
-9.988286111679066 -5.156524392277495 1.582557611903281
-9.995418518773002 -4.150017104963993 1.5727581584657235
-9.996008445022767 -3.142149423131617 1.5863576169062004
-10.00547792239805 -2.1564467080687386 1.589972440513792
-10.004497961074748 -1.1694118734401064 1.594443371046455
-9.99131675998093 -0.16085343379178133 1.590759890116318
-10.026332319677543 0.8285196944810521 1.5967788973383465
-10.034654600011967 1.8051321984396493 1.6013717752292371
-10.066150849948645 2.791525080585582 1.596757963973778
-10.100953551137193 3.8127083375482274 1.5762423722704755
-10.105197634160575 4.812059747593172 1.5896115192030882
-10.1247218326773 5.792863762446095 1.5813738003785962
-10.124075479194142 6.784721283661028 1.5887538188261368
-10.147371095698018 7.77315044216133 1.596128944446552
-10.154188514306426 8.787567110512432 1.5998785640011715
-10.188301304848897 9.795874112191138 1.6028497879706445
-10.242761353119661 10.78312746688584 1.5944649222924276
-10.236585028583097 11.75657784009254 1.601953559084967
-10.252200677226554 12.74784139778914 1.5946485672569823
-10.278692063728059 13.748497150113648 1.5904990643749635
-10.250379120041432 14.74602443354547 1.5844611167270868
-10.279610250610665 15.760912234536569 1.5976258214976173
-10.320129798382323 16.751359291710617 1.5861719707694202
-10.32929310391693 17.71896795130865 1.5863767778074245
-10.33144223999605 18.69696930565588 1.5914321403643266
-10.346045570263243 19.729796362349383 1.5824849080794725
-9.327003227856636 19.754413662881227 0.014946288565595598
-8.323372913265542 19.731102629928074 0.020668226979414353
-7.373141186886966 19.74931647363268 0.026942619363655586
-6.370771033147008 19.77182940428943 0.02853596529309421
-5.376611732675278 19.830527914969835 0.03296080396084544
-4.396677517621376 19.873044623750673 0.021890562381944267
-3.394833632374601 19.880134991268772 0.032993819570349234
-2.422924216137137 19.91027641632648 0.03384981174339239
-1.4421443301800916 19.951026503367164 0.034308503644993105
-0.42518940886966017 20.000658187805147 0.04282474939871419
0.5766935973598821 20.038105683220145 0.038924513285716354
1.5557034405952261 20.05959495420348 0.025861975168662267
2.589764667462257 20.075801089039512 0.031431101934035935
3.6179417035823858 20.115751794840023 0.025216488057999996
4.6161065693682515 20.13502398720886 0.023297878246490378
4.649336389306688 19.11549270744273 -1.5331512696700234
4.666933893081823 18.15291885201148 -1.5402136575850156
4.69201190446395 17.14449161991963 -1.5427908181365801
4.733028507656844 16.14270172473322 -1.5380422925537203
4.750874699462785 15.136435774836167 -1.5431880595912735
4.764606742850995 14.133067802169885 -1.5381111005129564
4.754628444050963 13.117083936254554 -1.5479013849023473
4.774063226738746 12.12470488252973 -1.5449584976021629
4.8139555115373405 11.11153423172548 -1.5560007885832752
4.819529927144795 10.120355208890786 -1.5610212763188471
3.8230620166763996 10.099074808840452 -3.1225257569162577
2.818758437734751 10.062370629727939 -3.119221524981957
1.8139225094738702 10.032389555178423 -3.1017186709477547
0.8248027104826726 9.999279470444103 -3.1178787401640013
-0.12936054884163278 9.949132639167932 -3.125365281833068
-1.1536474477156466 9.919295633436258 -3.1262788187061434
-2.1717963557709785 9.900535969679693 -3.119511085293515
-3.18172649747266 9.87925950641114 -3.1386805356018064
-4.174584957654834 9.882867878537953 -3.116801849674841
-5.18020505177034 9.859309331682638 -3.113546995430216
-6.1725242057369565 9.831485036900725 -3.116091690379925
-7.179208421006215 9.800208394474003 -3.1175400938425115
-8.190898000631586 9.763382505166993 -3.1236865542200505
-9.195795972742262 9.783338435702086 -3.1186862687997823
-10.174015788836186 9.765898315680776 -3.1055241033693055
-11.187816175592936 9.762130946986659 -3.1195437930754513
-12.168339611548046 9.709958499267586 -3.1129765602925072
-13.180420118329604 9.681056782042658 -3.131842723991402
-14.177454848507423 9.680644049415278 -3.1237580823692075
-15.204552401680695 9.673060083363536 -3.113617978584214
-16.18912667311358 9.642358041843117 -3.1256619434507824
-17.1919284116888 9.631235539116597 -3.11421836768119
-18.19212674275496 9.573139165525713 -3.12372327093094
-19.21243343417022 9.582158895802158 3.139697205054637
-20.22786285444462 9.568325796352589 -3.137404061301841
-21.196413830353183 9.610534456438375 -3.1322235662553872
-22.212751661323423 9.611110841592147 3.1356824595687347
-23.23242051128055 9.627504025288307 3.1392362531316853
-24.248606964597386 9.604865055698243 -3.1268761488380417
-25.253863808783933 9.605444295286675 3.1397909525181253
-26.251441530649014 9.623080535959359 -3.1356214378881164
-27.250983322806913 9.634346487525296 -3.1403845212100214
-28.227069261359755 9.60670842989536 -3.12476512944183
-29.249145081205054 9.593377333197038 -3.0963355251133367
-30.282079478048527 9.563420265982064 -3.098606342023014
-31.258952220155077 9.488694389067312 -3.0949786451199137
-32.25785035388762 9.470072360818568 -3.125201501340711
-33.25203443441464 9.495370649991827 -3.1326612384480668
-34.24491435037874 9.478166297858442 -3.1358555262797343
-35.22961600396851 9.46625624111301 -3.1410657034848173
-35.24490260936844 10.44632428854392 1.573242088625818
-35.24867159753495 11.458885873620922 1.5807266406569838
-35.29799968210239 12.504019272366149 1.576335518290153
-35.30609653450311 13.495645247933252 1.575256327513003
-35.30344096870112 14.47423032680133 1.5845248608414915
-35.317670581710175 15.481658055414808 1.5753146640380522
-35.33381754332621 16.473189191447034 1.5776915641573122
-35.31639229601771 17.461684663457063 1.5906374683114555
-35.3473128768512 18.449059653811783 1.6106413197314597
-35.378664932998504 19.46031115252148 1.6008858761188847
-35.411396518936286 20.473246459840503 1.596668866323438
-35.451761568527424 21.473076038238283 1.5979878699030583
-35.45357344152507 22.47120053907711 1.598550967801841
-35.47261126222163 23.519744383855013 1.591110027503181
-35.504378633727 24.509830955445338 1.5765254914144704
-35.512027668082844 25.476189098687904 1.5798332817887053
-35.52950341102503 26.506932882322957 1.5787995175827967
-35.52672894306331 27.500388736079287 1.575179484471005
-35.51694552660904 28.52084802773706 1.582682913874836
-35.51874436022131 29.525249296368877 1.5774860375259905
-35.54161678169575 30.515488848848115 1.5681656218636655
-35.56016125630291 31.52139851970801 1.581091511516505
-35.58582465931778 32.5305878254225 1.5883481989211443
-35.61493301455521 33.51563100082553 1.582005050550938
-35.612813284351 34.51309748009733 1.5916225585393462
-35.623835865871534 35.52716871995074 1.6002237903657994
-35.62151197798164 36.47478398004277 1.5901916438587484
-35.666420811941265 37.45451109680383 1.572544472335751
-35.66655056834645 38.45799133959599 1.5700655959771823
-35.690791998146864 39.46445741807493 1.5592985687080836
-35.68702730914443 40.47409470286505 1.5581680840176175
-35.66278638218445 41.48650080256971 1.5604501841690401
-35.60385139016634 42.46679499582501 1.5559743102315777
-35.57069834903755 43.47490802931084 1.5654837254521377
-35.531386222870964 44.484273097425806 1.5642186633516038
-36.548317269331044 44.47686501894347 3.1276605362404424
-37.55288615446889 44.47980389182871 -3.140071501643969
-38.57537629386266 44.48820875982217 -3.1400905325796957
-39.57743635605275 44.47282566038839 -3.1374244422851603
-40.594273814527256 44.4587068543411 3.141286646139754
-41.577077510849776 44.435472439990825 3.1354846588902308
-42.5555650296814 44.44596341494034 3.1340910046735546
-43.562569792531725 44.46127019600248 3.126083394025833
-44.55568681618208 44.463652275000854 3.136665502681415
-45.557385670427635 44.45941897645917 -3.1367455935561868
-46.54154078340783 44.447858566535814 -3.1405765835622415
-47.54148852865758 44.4352228057105 3.1362126635541596
-48.507034577845516 44.441876408463315 3.132436067514822
-49.4930153871709 44.43509800212644 3.1296838802212728
-50.50122913193591 44.45711925310649 3.130975546603484
-50.49121688405052 43.44929026089377 -1.5851725140985669
-50.507926974827875 42.44138162206173 -1.5770147778335013
-50.522158718411326 41.43025002821265 -1.56789969721708
-50.5139279232548 40.438819865906346 -1.5745178958872565
-50.516955594253986 39.43997523404028 -1.5743138299188266
-50.518185211121 38.44103479865353 -1.5801405031742626
-50.515470393393805 37.42841400876403 -1.57592621175036
-50.519946747894636 36.41048489679146 -1.5756867147226419
-50.527830223830414 35.41518626972811 -1.564816060545921
-50.50274699916449 34.41161402327118 -1.5629974857861526
-50.49583651871488 33.42431385481595 -1.5780604011932453
-50.54529841889984 32.41669010337045 -1.5678565878996424
-50.50765950843311 31.417976685172047 -1.5697656427989428
-50.50942182639646 30.419713826394375 -1.567927671957965
-50.53376132119645 29.442705042845006 -1.5804850669518187
-50.52177696248019 28.432801836301614 -1.5642129014132526
-50.514928835905515 27.446108285290983 -1.5741343181022909
-50.50242221288704 26.44106018204277 -1.5634580991907387
-50.49468435967088 25.444367576568776 -1.5773206517483307
-50.492237439024876 24.44900157251191 -1.5719372567330259
-50.4828429649437 23.463009270946706 -1.5738562283137871
-50.46751184110234 22.455470457702965 -1.572086819098577
-50.48478449442809 21.45287007734439 -1.5703718523829941
-50.474754339013025 20.43649253740771 -1.5707111595331302
-50.45484019456816 19.428506098982425 -1.5668218541347227
-50.47173157505386 18.422884934819674 -1.5651198921167584
-50.47042176413714 17.43056090140335 -1.5653426881957357
-50.450378030179884 16.41524921902887 -1.5523035396239102
-50.42666389135565 15.414176332943208 -1.553352179783126
-50.404808140782556 14.420036641387405 -1.5427145360449224
-50.387513911991505 13.41495389324767 -1.5447779725556103
-50.33379163780027 12.41643498098732 -1.551528051983229
-50.311255482409315 11.421368951498394 -1.5686981584577102
-50.297982498581085 10.409848042327074 -1.5514646373738694
-50.28912413141834 9.402416298355904 -1.5546786319043489
-50.27673345715894 8.404418952607811 -1.558025663246262
-50.27074742744154 7.415168630065207 -1.553491620858791
-50.24092548658829 6.442283683154853 -1.5507541434453773
-50.21233999389487 5.395992979632674 -1.5495574065618858
-50.18378268278091 4.399706995506789 -1.5512295548248196
-50.19140633401976 3.388283529642878 -1.544767556545952
-50.1443553379488 2.404129968180623 -1.554653574581689
-50.139247162221615 1.3913297959179078 -1.5558952052951895
-50.10513756522049 0.4114399511336453 -1.5556820078119196
-50.081973567273224 -0.5759492010242233 -1.5694375527897158
-50.08818497639555 -1.563294261782365 -1.5610916320173758
-50.071414225142135 -2.5767047071444313 -1.5668847620295145
-50.05972860150749 -3.564096461309459 -1.559017358731211
-50.04398260783795 -4.582846824093659 -1.5694964882707656
-50.02881450631987 -5.565398137422051 -1.564103755220826
-50.05872911281401 -6.578356125398916 -1.5499637645344104
-50.04434718712822 -7.576344240517879 -1.5565939589571847
-49.99335069394688 -8.58101475963597 -1.5627742751386644
-50.01716659822109 -9.577368609857794 -1.570057026601198
-50.030436270843595 -10.576339701081999 -1.563698720255494
-49.0135871101613 -10.569984725953505 0.0026414194897793693
-48.011315347161705 -10.571787339515092 0.01473160763159433
-47.026758939236956 -10.564223910161507 0.00707185756012788
-46.02288553509949 -10.537542331555708 0.00725161279524947
-45.043123217704355 -10.527048127632618 0.0052140391494405434
-44.03408614911045 -10.52060446932454 -0.0035497313484794384
-42.99389868666497 -10.547192451454833 -0.012346391096482955
-41.99976285199668 -10.524486373617853 -0.004436519847794778
-40.991480735566554 -10.537156401916263 0.004545103348077009
-40.01494900694265 -10.511607686654704 0.00971015889603814
-40.037761342343444 -9.511792615020687 1.594885763497709
-40.04919116592516 -8.528217073670625 1.5922614933472647
-40.06113679167275 -7.497723818983559 1.594343574980532
-40.071780372668776 -6.477620835232337 1.5808188198182087
-40.11202066021658 -5.457322730607626 1.5738560896044143
-40.10009957469639 -4.47171387136626 1.5846312804109786
-40.12775643615524 -3.4735415084582977 1.5851308949226735
-40.12264990911465 -2.4772593180863063 1.584897164741912
-40.13810426440788 -1.5128802154986039 1.5663061640299094
-40.11923782719541 -0.5354511924109988 1.570994985749371
-40.1322289001103 0.4763299197119757 1.5766585877610393
-40.138075587022705 1.5013035641923016 1.5828235967545574
-40.156712815049175 2.483283037121611 1.5799320533719934
-40.17166863976047 3.4903713554803675 1.5760415424059135
-40.183506978677975 4.517549760154276 1.5863086185453172
-40.223495559455536 5.542569375712408 1.596871754849659
-40.25327846474783 6.539829817104677 1.5844133182949816
-40.27736143353352 7.53253071970721 1.5758118017266465
-40.28873589324668 8.520102287755487 1.581252915394438
-40.34594170255564 9.536966635074073 1.5808816821265845
-40.36906531131581 10.546564111626473 1.5791637888332417
-40.37176682407692 11.550173887144943 1.5631265358091115
-40.33144702649868 12.54244775239934 1.5723818604016193
-40.33448612956361 13.517792624561118 1.5776341094227744
-40.34432390006101 14.514374840034993 1.5666481600633078
-40.337208147212195 15.52441839463564 1.5742656074785575
-40.333699873849454 16.513571253373204 1.5610131350947132
-40.350895649413296 17.517319845762454 1.5613937689087563
-40.38596417077669 18.516216040589285 1.5724865368728052
-40.42545401540177 19.519474075758275 1.5805222250482887
-40.444978104917254 20.479827753813083 1.5960385152915855
-40.46772514387593 21.46626250319433 1.5871293403852098
-40.45870574232103 22.48302050173215 1.5913933134747111
-40.48258983457616 23.494308601214772 1.5954074688962523
-40.51689395840309 24.530783006062176 1.588527391752551
-40.55773058952765 25.525197116281493 1.5721607980324914
-40.582685235038035 26.53057952203494 1.5574707157792396
-40.57677115142666 27.499936882821 1.5693400339240302
-40.598564872280356 28.49345329214024 1.5671696741861147
-40.55381835838897 29.494938169703225 1.5759985412276265
-40.59404948754759 30.488471757284636 1.569265111212217
-40.637177371177614 31.491430297935253 1.5642557003282278
-40.61511524171237 32.476797863947894 1.5611278333096967
-40.60190294106381 33.479281217708206 1.568014855639506
-40.57329488660418 34.48142054620919 1.5621613705505424
-39.571404097243295 34.45286372437906 -0.0006851748663783398
-38.56475977533236 34.46111552060968 0.006030448626126157
-37.590194986736854 34.47643608046002 0.0202929565962509
-36.619058673208016 34.50892553276481 0.022819796322176802
-35.62017160833978 34.52439073184982 0.01183452001151401
-35.592980637401176 33.5353150640585 -1.5528925406820169
-35.57513516110282 32.51130414245528 -1.5490131981359585
-35.562020258559116 31.50323420880066 -1.5669824258282363
-35.541466598041204 30.523191233048404 -1.564267210513209
-35.54317526820799 29.507573638239506 -1.557946735354815
-35.53299990036627 28.51119189554925 -1.554624393048123
-35.517412469632895 27.510988873313487 -1.555937794489223
-35.507442827037025 26.51685433169721 -1.5636314514985545
-35.51137361053904 25.49264565757308 -1.5605671064674302
-35.51856631581308 24.5066988732092 -1.5451409282289887
-35.51357827106048 23.484961110404154 -1.5451549476514415
-35.48265894205318 22.48536797387585 -1.5305981242817641
-35.44325494179673 21.451835432809915 -1.5391803526259777
-35.42299169370026 20.466181245331406 -1.5437238807653624
-35.373494385264664 19.489959223252495 -1.5504398052420318
-35.36181183891879 18.488002576492843 -1.5658104672443802
-35.34872740401127 17.508526027109976 -1.560728949122104
-35.31927639832573 16.48425254113431 -1.5672607542589498
-35.33325816737188 15.481584116577134 -1.5553885402097067
-35.322939703960294 14.481679440917006 -1.5617367975016627
-35.3191205952697 13.46246929974669 -1.5547492195717054
-35.29568149166305 12.458176838436414 -1.544536346923218
-35.24152039081141 11.466180102149766 -1.5573884345239146
-35.22805766968882 10.450647514413731 -1.5664822737864872
-35.22989359153792 9.45161138079899 -1.5664630367423924
-35.245314942322466 8.442170741113419 -1.5774760924642877
-35.249954674061904 7.4864431625982215 -1.5694456626169977
-35.22519303686485 6.516770219447287 -1.5671186292759762
-35.20048130233711 5.5307879330364225 -1.5703450103306291
-35.18738179302958 4.52344998493024 -1.5749687219818127
-35.17886718771144 3.5141584094234526 -1.5649357344054293
-35.19120401077911 2.518544173188451 -1.5540183337240348
-35.17393872764961 1.5067484459196743 -1.5651717885528749
-35.17993353233364 0.5414934610535052 -1.5504878199440006
-35.102012718565746 -0.4679970480691221 -1.5536390841986134
-35.12626538339682 -1.448032177147492 -1.5410850786305914
-35.07868240166289 -2.4179938399451464 -1.555247276322224
-35.0549230379884 -3.394918413350566 -1.5574809022446037
-35.02219399409014 -4.4033989808872365 -1.5693617113027694
-35.007555858911964 -5.377510025564602 -1.5675935660381441
-35.0270890938729 -6.420898172735454 -1.564540777750717
-35.00586870268835 -7.439126372614588 -1.560250413217312
-34.97676255724655 -8.435197067872341 -1.5687925060255128
-34.94647420550691 -9.425626534200614 -1.5701087879160902
-34.9482902484839 -10.429746549527968 -1.5722461221935171
-35.94411210717206 -10.419369843490484 3.1403895455262325
-36.97747875853068 -10.41497358607906 -3.129990336333638
-37.99174772688704 -10.431118761515123 3.141585947078836
-38.99424714447974 -10.478049878698515 -3.1250785819289613
-39.989752943834176 -10.51013909762127 -3.125069737128721
-41.01730693930284 -10.52276066227556 -3.140773926786081
-42.00603935628977 -10.49889771742892 -3.1305834994412187
-43.04157415122978 -10.52200173332753 -3.1303950276542176
-44.051445954534074 -10.522870536730041 -3.124116608596516
-45.02034763099186 -10.519580026249837 -3.1278281082590937
-46.03505540332261 -10.549546426982836 -3.126296027027735
-47.00438241892399 -10.547940084947026 -3.123763724037357
-48.017166881600225 -10.588483870606604 -3.1315489620239143
-49.02540126806103 -10.566644081305693 -3.1393705889496997
-50.02910473989061 -10.583883428026631 -3.139149256650038
-50.018590356540564 -11.58640405185357 -1.5674089165509013
-50.016607576535314 -12.573628452021763 -1.5689206134197298
-50.02146035526514 -13.579420791511222 -1.571550982637632
-49.99321910356396 -14.599470913655082 -1.5617174437472805
-49.97482829492962 -15.589773497456449 -1.5534927540207515
-49.94188726789743 -16.597274807539645 -1.5531533048839656
-49.93856110881786 -17.634644750120238 -1.567525844775962
-49.93000166075964 -18.628861143443668 -1.5630274314408639
-49.93146998960829 -19.609939988225992 -1.5727951849975945
-49.92371203876295 -20.627676896589527 -1.56662184087691
-49.9163013806968 -21.651099434437853 -1.546325362300903
-49.90104155071825 -22.67198974667983 -1.5538687409627248
-49.8774494289914 -23.617146079090947 -1.5524558387169396
-49.835294279764526 -24.61718573711398 -1.553226146351433
-49.820853626166034 -25.605348863291564 -1.5614701293060302
-49.84165531431695 -26.572087687203478 -1.555381866205164
-49.80822563557088 -27.583124818586963 -1.5516805321517222
-49.7905427088901 -28.587186358244203 -1.551346609982388
-49.75964488399286 -29.603312618018183 -1.5485043626752306
-49.76282877146714 -30.608250337711024 -1.5547496370680458
-49.744465728917575 -31.599817327851547 -1.5441533415002389
-49.72836701450924 -32.593665320547814 -1.542008583387096
-49.711233981041595 -33.58246103771958 -1.5475155442580195
-49.68586938276097 -34.577254842403256 -1.5488677930660983
-49.66099003094245 -35.57784891432326 -1.5348532443729612
-49.650422101290914 -36.5745370756373 -1.531002886366451
-49.59421603759503 -37.595076934884396 -1.5373309071848926
-49.53471786361477 -38.598249589104675 -1.5386222881450913
-49.51521350935779 -39.61111518983347 -1.5311634748625396
-49.447256654449056 -40.60290408149883 -1.545157323097477
-49.42057015253149 -41.627384719507376 -1.5472944578380137
-49.406377461471465 -42.61524085669143 -1.5331082621453793
-49.36372613081939 -43.58759071518878 -1.5276233336223322
-49.33754556831045 -44.582912789813356 -1.5222359024679224
-49.29423357188279 -45.59625811970561 -1.5237485303027587
-49.262395559264846 -46.60040914729677 -1.5324113105600246
-49.20355796934849 -47.5777779574479 -1.5110829877543546
-49.16766544576795 -48.600534662996935 -1.5195049089512207
-49.13966661040022 -49.610882380214825 -1.5263650040770196
-49.10515183396828 -50.60543047866456 -1.5308497395484888
-48.08636598090567 -50.583085602684235 0.04707505457844438
-47.09007942470296 -50.54437654671037 0.03605447173881258
-46.09628576074642 -50.497948589745 0.031508447204111646
-45.08100659004464 -50.446999355092615 0.012003114997793747
-44.069648148917786 -50.416271068845624 0.027417449609267164
-43.08749129599531 -50.368062956664204 0.03131136350755039
-42.0754398244788 -50.37452923890402 0.02572393965743037
-41.08208576452144 -50.33167403806367 0.024892788347645942
-40.09362725868125 -50.28790458191453 0.04168275828419444
-39.10322969291936 -50.265441851218995 0.054217396631955864
-38.09620861809463 -50.22229117147981 0.041327898455119486
-37.08391136451453 -50.16051407617041 0.03548890568032099
-36.060077483784525 -50.10940296756574 0.04712249186101423
-35.05959067757029 -50.08611636969988 0.04100865872872165
-34.04051671841681 -50.01672881647017 0.034934026645542356
-33.07910131250588 -50.009636991542514 0.0365122381025328
-32.03308189762698 -49.981129650138755 0.0431533241619507
-31.035763272651664 -49.93548819115124 0.03696312434635957
-30.025492405100785 -49.903297835317176 0.0332133624393426
-29.03297661128149 -49.89395810143202 0.03398253351124703
-28.037645113290456 -49.86254877833616 0.021307923662218484
-27.058675435214443 -49.88387011752324 0.01437803141684951
-26.068912172913016 -49.89401307196155 0.0029176823413350427
-25.074047428469047 -49.932823863513455 -0.016339854505224693
-24.104479773817626 -50.0064565781959 -0.00608828388268278
-23.12537620639839 -50.05292435428987 -0.018537127937383994
-22.109638309618955 -50.092342070427335 -0.02195607870326404
-21.09763224783537 -50.14768697709191 -0.04169446952255346
-20.083403308487988 -50.21395720824029 -0.03983810112494384
-19.114271737541 -50.30980723175075 -0.029825916089317974
-18.120397522593006 -50.38116882895327 -0.03024915114965423
-17.120977400340394 -50.40652867631903 -0.011013551080519983
-16.1189394053493 -50.41822089427438 -0.004259339371944733
-15.0999608105632 -50.50576386873924 -0.011580441331759528
-14.088499185344576 -50.54424657423071 -0.010973968848872778
-13.085573404335067 -50.5398354889565 -0.004055137709000034
-12.084798230037268 -50.516118386695766 0.014449680462704001
-11.059096265704747 -50.50500853719163 0.0027637513356501484
-10.054327108954089 -50.48570021840983 0.0026525427706601034
-9.04218238951618 -50.46593881100925 -0.0012212948455571566
-8.058523520425068 -50.48390627525442 -0.003110268743707967
-7.044580995885091 -50.47142063357117 0.0013899610442457697
-6.024163678211015 -50.45799294529122 0.020263990975537435
-5.042322519348074 -50.45649776991672 0.013948821256884425
-4.038291307771393 -50.451950566814915 0.009630046260658177
-3.0125260665466307 -50.43872919375027 0.01027145254637966
-2.017173271545705 -50.409622558175165 0.01631402131703677
-1.0278284625176983 -50.37939683498488 0.01126529165531958
-0.025122099969281136 -50.342893657574464 0.004788429789813247
0.9530278366657027 -50.365775543934234 -0.010288081297891495
0.9443374628134085 -51.358192826206 -1.5821080741586864
0.9343117195159538 -52.32581576384975 -1.5607460844268597
0.9631791905030105 -53.32970431931378 -1.5635349266895664
0.9656671634208207 -54.34160180952318 -1.560513922186857
1.003716104538067 -55.33927318946066 -1.548864761687971
2.0129461123930477 -55.308832182074745 0.020657238268982824
3.0192987744814914 -55.271687328916656 0.022300184041776125
4.022824071641876 -55.21520820778625 0.033001539794661354
5.038774893638842 -55.1772510198167 0.029266259621847885
6.01231043476489 -55.17019210862427 0.028364099581774826
7.047996791682169 -55.13186329311697 0.02380730484142957
8.047229136984418 -55.093794228269324 0.030362684675835177
9.046916261783648 -55.06018579328471 0.019558573012009587
10.065227336911647 -55.04988610238887 0.021140214567306713
11.057019497955649 -55.01816341355155 0.014406753479601079
12.05442466548166 -55.0080370040229 0.0235578518673099
13.049926246350102 -54.97515864185986 0.020975115212381396
14.0278249785196 -54.95698584271571 0.03065885264582483
15.01825211048155 -54.96250892675793 0.004669296903057942
16.021701685222734 -54.957709120276704 0.020129693014479904
17.022630189003184 -54.92887141532488 0.028688992076896104
18.039101387381702 -54.883482809687735 0.024794375899185605
19.0480533114081 -54.84830564749127 0.022316312483339026
20.031886548135343 -54.84035728332013 0.005428403184830793
21.015511738388966 -54.813804732408585 0.011063802419910736
22.023277810850605 -54.82302460925908 -0.0069472596440468175
22.996323404197085 -54.8164849810488 0.00344505371210048
24.00866916283735 -54.817408937336744 -0.007964948862281399
25.045338825664295 -54.83177121993845 0.0062960062509037976
26.02910341595527 -54.8138511053993 0.015325921526191154
27.04133962349667 -54.7900699111114 0.005811981157481956
28.02634283721508 -54.8124885113871 -0.007679919335775062
29.014141739972057 -54.83741806269978 -0.0005191610702315059
29.991677944608167 -54.8125436514764 0.003684302490354331
30.98612518272767 -54.80898646965083 -0.005861740349882299
30.976345187361883 -53.80896008268594 1.5565775161104793
30.989247705729767 -52.79641622259612 1.5645682552740576
30.98769230444775 -51.81196270322907 1.5726453335275732
31.00561273023339 -50.811648203639294 1.5828170968936388
30.96230280080095 -49.81097583234606 1.5800391593940237
30.93840947085819 -48.81070904642781 1.5990185247628699
30.920573040938642 -47.79841205980028 1.6045998253770108
30.913150585918856 -46.77774578365639 1.592805860372929
30.849469633982274 -45.82379787151167 1.5812818085016944
30.819202889953694 -44.78879450819297 1.5798370148029415
30.786637882013274 -43.81389687158338 1.5756220428657084
30.775961048934747 -42.805643883464484 1.5788681091533412
30.780426062541807 -41.78737063535256 1.5792408823424429
30.801028405368083 -40.78476977626299 1.5777687691502453
30.786693742153428 -39.806023351497295 1.594277369096756
30.778514145579788 -38.79768940763697 1.5966637137728432
30.761609850913068 -37.78425678406675 1.5898651369934607
30.735673043620682 -36.7924758107194 1.5824351194239992
30.726668265426238 -35.774346447029274 1.5899183835362687
30.67409481857744 -34.73521822603422 1.5869761948464856
29.67212735713285 -34.797170261975396 -3.1139332794440224
28.688146714449527 -34.808542458701474 -3.1266146394704277
27.685427363682724 -34.799928505138745 -3.1155699378343495
26.655803148330055 -34.8090717811588 -3.1208838991480325
25.663331571237936 -34.861691543485435 -3.11930242702479
24.663792087274317 -34.91095376362274 -3.118155589608817
23.676954431730877 -34.91674924538499 -3.1161966885989316
22.674906881063688 -34.922061529656894 -3.120226204643191
21.685892290394047 -34.94508188994606 -3.1236138252107724
20.673613280929185 -34.94392934466118 -3.1195539447644474
20.628268961733095 -33.957612167598356 1.5753874373576788
20.632944016109537 -32.982287534535125 1.58216972986567
20.580529217757086 -31.966628592460275 1.588914854224829
20.56919807124232 -30.974405771504557 1.5819140375861773
20.569903978437168 -29.9929567063551 1.5729559154891855
20.58914158084773 -28.9955048580903 1.5870606809317183
20.596195495445087 -28.001384654504154 1.574523552222056
20.567277463810207 -26.999262074536762 1.589189407227615
20.572789262668728 -25.989779931943175 1.605459713364546
20.57864353546852 -24.977420732610888 1.616624343605939
20.50652103585301 -23.97109761508027 1.6134580413430404
20.46090650390432 -22.977879822264093 1.611351206132681
20.4629140253825 -21.968672513993553 1.6017358752746
20.39627718233867 -20.947799606883386 1.6034199468133818
20.36516955836941 -19.93481778274892 1.6055665405440587
20.326021344744845 -18.87936043033917 1.5899108755014846
20.27761735993174 -17.846293888161345 1.5859239745221023
20.28389425629703 -16.837565475012322 1.5928855480866067
20.2294261591165 -15.847833262856541 1.5824617925580324
20.21251547304703 -14.852618601180547 1.5844892353368805
20.234652705804343 -13.856192365948552 1.600475660880846
20.16903404678601 -12.876023140426765 1.6021922378610571
20.151362019715634 -11.848432829196934 1.6042746266367398
20.11446108539668 -10.861970764118256 1.599723914923279
20.093018261206527 -9.858295695755915 1.6012632628781747
20.03633849623857 -8.875414276503664 1.5992197987050922
20.035215334280664 -7.87220411269416 1.589090285635405
20.024281751752664 -6.8439446116944485 1.5862167123493986
19.996932522665595 -5.818228386342401 1.5800922994453237
19.997412301653693 -4.846564121465364 1.5962941925990835
19.970572658143265 -3.87177349840025 1.58633932818395
19.9511450201171 -2.8518140024697405 1.570374485742197
19.94914466176303 -1.8695854933923393 1.5835136502727831
19.923239481673242 -0.8671608138009785 1.5835095990555936
19.908358723477615 0.14573148807753725 1.5779324213057377
19.87310286488327 1.139540170936837 1.5774526233016968
19.839704662879512 2.1534356155406966 1.572106897554443
19.854205241871274 3.178061124311279 1.5717333703477718
19.863267952521987 4.203550471179188 1.5704172057860952
19.842423203574096 5.188447147109405 1.5571073976115961
19.895589312106274 6.190885947346228 1.5748057515030212
19.88242937186476 7.173749879631822 1.565557142645661
19.8741950858728 8.162775078060685 1.5760191136065684
19.84037056078427 9.148302010843263 1.5782155636828352
19.80812683304107 10.163828239809268 1.5937902411285065
19.77454252902552 11.199283238697644 1.580347752536312
19.77839797156376 12.20501822093371 1.5785589223314767
19.77938200510435 13.203900625748119 1.5840630168265413
19.779696150737998 14.17244083413663 1.5770626705997264
19.762646377813113 15.169557633172191 1.5866391168392882
19.741447319062587 16.184879918329276 1.592351586679207
19.68399138682532 17.181952284720246 1.5999047142594776
19.660292551385073 18.217154686295984 1.5887641645142359
19.634553710593327 19.214658490229105 1.5823639375081893
19.599012966655756 20.198776156308167 1.5827136517417522
19.552682593959023 21.183524248490524 1.584999696828558
19.523527060427053 22.193364464679284 1.5773966368032173
19.508852812511847 23.210124463890946 1.5701293364566413
19.487485482916764 24.18572520310289 1.5716513238334304
19.49849535121613 25.174863556852777 1.5689250106507728
19.511410117647348 26.204555861053876 1.561595568396893
19.49800975713446 27.167004669227904 1.5608780481945772
19.508238668129678 28.183934610207473 1.568028242380122
19.49210353455737 29.15754497655288 1.5607814463951835
19.48516779204856 30.114689050307078 1.5574495939715995
19.509469364317674 31.10656921693554 1.5540189790367216
19.51614188320437 32.10554353731233 1.5500277930653712
19.528146622036694 33.103713858361665 1.5491066130218245
19.561853039684618 34.06213748816409 1.5585097754126045
19.5521361875019 35.01897131049307 1.549992897758685
19.593981654901647 35.99373645182863 1.5358126663800096
19.621088408709053 36.92463295790444 1.5539922463599327
19.60857201308909 37.864360390033184 1.5404522571065566
19.61959206824209 38.76734484084757 1.5571344021297624
19.58912430963269 39.67556597415056 1.5536928132460432
19.596081047379048 40.58281344447392 1.5512578120344975
19.604546862809556 41.50970796863988 1.5437837667182153
19.606477834271367 42.442250489284575 1.5591320209665813
19.622266126746553 43.39613398041398 1.5716584230823736
19.60955892428569 44.30590820278419 1.5805316032491188
19.56946939532183 45.19134486847381 1.579659846125187
19.542272808250246 46.089975143482995 1.5935966295761415
19.5016201382443 47.0134524056103 1.5896984528586615
19.447757496486002 47.9816750604996 1.5958155718769185
19.448067063478423 49.0070180248218 1.5999692123311917
18.447120273437267 48.97995488823422 -3.1099308773873746
17.426226179939945 48.90063064748061 -3.1380790466400184
16.447905163896813 48.810106917335936 3.122387119915228
15.484493913876664 48.744640783635894 3.1106150826695993
14.506826613408343 48.738836298851346 3.1335414953868987
13.521315879328062 48.70707179817069 3.1405197002111116
12.538323193584603 48.73327156432154 3.1395685568984804
11.568604552917028 48.72878158710619 3.1383819778770783
10.590238530276396 48.68939479193159 3.128431768727254
9.613618659318545 48.645305178775644 3.113696813311736
8.69545818571111 48.59430067181411 3.0918439902499237
7.736638612529743 48.59248905026236 3.0731203894027135
6.824986125923651 48.55220316489587 3.045537833649518
5.74674405650212 48.70883777481004 3.0648726533871806
4.687947491866429 48.8059038296322 3.0657391639289497
4.604981124932959 47.834673876265505 -1.6401884524061257
4.366088279915717 46.97132555643585 -1.605881491106636
3.899368718517163 46.29870875670132 -1.5016004280176172
3.9445295520667774 45.259137272748795 -1.499131136914943
3.758930145457252 44.54679645479145 -1.402395322829568
3.8269928282928323 43.61727032267775 -1.4254704999009555
3.8900378937662783 42.7430659010692 -1.4292151349193114
3.976819316512291 41.84446304408992 -1.436285692482018
4.025482921772139 40.878104662245576 -1.429731361523506
4.076943639783824 39.86310214659957 -1.4585024075783362
4.110235617554728 38.91940875936653 -1.4649617720988843
4.142192768085198 38.00277551758198 -1.4913577122394608
4.111762602220977 37.05653797153628 -1.5039274781930645
4.180236465725394 36.045421034610825 -1.4946533584810633
4.229095738085011 35.06087200945942 -1.4986867830793498
4.2828211498444455 34.06447296883125 -1.5019692009847163
4.332608330598601 33.07459065840686 -1.5067325700767242
4.340456446538925 32.14031332879291 -1.50562213475441
4.341821407755108 31.19206483170487 -1.5097662546625816
4.3758200472432724 30.1835646515322 -1.5179738278612767
4.403204813560011 29.165947968957497 -1.510530530350444
4.417437375010615 28.193099603218872 -1.5310438570876022
4.439374368194278 27.16489849991691 -1.536491937075613
4.43035157707822 26.173971997696913 -1.5192322290901052
4.465184977111707 25.162135926639095 -1.5104808340157232
4.503571694123729 24.180159897783142 -1.517582001269991
4.549900177224284 23.160537436696615 -1.5226791593566897
4.567757985808874 22.15536268841669 -1.5222245397073102
4.589378185061733 21.165210851133423 -1.5249516253136624
4.631398683500854 20.15259973569096 -1.5343144693637971
4.632526504526846 19.13196884582153 -1.5298299047416857
4.66994540624009 18.136106747806434 -1.533291818045655
4.704353780619527 17.13334086240795 -1.5323831956047407
4.701794133862825 16.129289633838685 -1.5463826027386418
4.75278851878196 15.141388226611296 -1.5507499058350767
4.76161873710557 14.118626422425876 -1.5455208960312559
4.766737609520222 13.113208365121073 -1.5506872483675427
4.778126874424024 12.143227590484459 -1.5528777916567862
4.793130670337002 11.117261689335148 -1.539555738370302
4.823718781082582 10.118934577787716 -1.5463241335109545
4.842132047095881 9.093311319278747 -1.5538213605121896
4.860966432866229 8.092559301163659 -1.5520166535865576
4.866244120567126 7.097523732525395 -1.5631465827761206
4.900179660577231 6.098463796724199 -1.541248736600693
4.91092905441194 5.073373043904815 -1.5303961343329364
5.9245512167202286 5.07876855295382 0.034543506042796
6.912679016499931 5.113564303698789 0.019915878606367583
7.891540494140041 5.084481903842299 0.014391980314664033
8.873604533178293 5.077537083525197 0.010784440274246297
9.886066870113911 5.092637881557528 0.024096576984261948
10.85502537227755 5.115671927815174 0.0160392592072968
11.884116098437655 5.16709079655645 0.008263696728162429
12.907543536328017 5.156146208713965 0.002722125815027862
13.875254424378106 5.1483971842244145 0.0004794762691017788
14.865333328797318 5.135486092238907 0.009946235860430499
15.87763376975126 5.135187193033224 0.014473854140280549
16.882419754494958 5.155835932776816 0.007487457879993624
17.87636297476332 5.165595526045373 -0.0008279348379049764
18.85603484113792 5.171850756252093 -0.006951403175036457
19.85270778039264 5.156111975108581 0.008133035756393675
20.854211212097503 5.165181301721349 -0.0011843880069709295
21.85755335780672 5.168004477470585 -0.009808874753679116
22.85518886455829 5.1720762790532815 -0.0018095490568971362
23.840261728492056 5.147875627801363 0.0008493433071423143
24.846539457192087 5.124685009844634 0.00047728396921163847
25.853692117982174 5.097231822188246 0.017194721359032585
26.865508213930283 5.121019446973666 0.004705265522755449
27.88425921756872 5.103296371894735 0.00046066656046395106
28.88702781076057 5.102082898772621 0.00043308055294930686
29.858514412358645 5.092320824240017 0.00013046218931842476
30.87133312855776 5.111994999497112 -0.010006112147641093
31.860227854272548 5.109384070810165 -0.004225188792763445
32.84355741507717 5.092091319255054 -0.0012369373845014014
33.847381033248936 5.110756685383471 -0.010480214589026557
34.83350580650734 5.111948512379358 0.014038026642578774
35.83497349515779 5.1097716317597115 0.017406264084773148
36.846879176368596 5.066388999996527 0.016112491574516635
37.87254647795864 5.067273689378954 0.015049637001110408
38.87072368711439 5.067102638784099 0.011406667635797304
39.85163075808986 5.099271790691208 0.018657801497473037
40.85695479563217 5.116819145869142 0.023431295565360603
41.848824441859605 5.151448426271491 0.018344495018391735
42.81710359687924 5.152873274395234 0.028262963531851412
43.79454593347379 5.180757199948404 0.0248071411746268
44.812490372450675 5.177511507506662 0.02117938962794648
45.85333615051696 5.205718691276161 0.01655856540657553
46.86484805445173 5.234794571105246 0.02686373991824287
47.845661070263226 5.256603793247772 0.024505124708316752
48.866311676422214 5.286859660899978 0.014699579727672895
49.863931990914445 5.294446172380539 0.022248760165783487
49.87588741678808 4.312993562440995 -1.55342490680339
49.91776473552028 3.30025723964729 -1.5476495470124612
49.92979353967733 2.3372388795918004 -1.5581343220736033
49.920889146069726 1.3558957745744653 -1.5399332008899025
49.95407345680166 0.3623723980136298 -1.5498982233225036
49.9625397027702 -0.6307083951162447 -1.5481521003438954
49.981188584622146 -1.645641337025629 -1.5580705927278873
49.99127082959664 -2.627488870769594 -1.5477398262319901
50.02069387220154 -3.608245193079109 -1.555818104330966
50.03294635280166 -4.6294878921562015 -1.5578373269273653
50.07179890368078 -5.617291847843745 -1.5514978527851657
50.0881607775668 -6.625497879917817 -1.547742964017806
50.10991839999624 -7.6124372691365725 -1.557547551261328
50.13964575338262 -8.602699120737752 -1.5538194968866117
50.147282380678575 -9.631104394560426 -1.553687518636848
50.16130637800542 -10.613454139295317 -1.54140091875194
50.18859569940375 -11.615641775846335 -1.5371608947596147
50.207107223485316 -12.596896479888358 -1.538643143440493
50.23198425209664 -13.606283002765698 -1.5217156716847307
50.286849674820516 -14.595667956978152 -1.527921274179033
50.28962677955975 -15.622739200286176 -1.5385129851100552
50.3242742544865 -16.62198630161386 -1.538372195697735
50.33357716444489 -17.620126075871447 -1.538478351834735
50.37716813751283 -18.615899633075447 -1.5486585296727888
50.38927266419266 -19.62603478500089 -1.555987965433869
50.37904034965877 -20.62390798809718 -1.5361241550188756
50.43872762435423 -21.60232701162166 -1.5527346850368495
50.457220654898485 -22.604218752635802 -1.5440021302646691
50.48808522855205 -23.612446565162923 -1.5551512980391236
50.515976802783854 -24.626159883750233 -1.5493169190748444
50.548934881774954 -25.629767178606517 -1.5528112190731322
50.578709569875386 -26.63978957333932 -1.547261017394634
50.57570623780474 -27.62848379928547 -1.5585828683447873
50.57871876982541 -28.59693912376739 -1.547544081975764
50.63415113249571 -29.59388254616792 -1.5465786354605864
49.61480379539854 -29.61700455085253 -3.1222843882425684
48.627700777646034 -29.64880707214197 -3.125807872912763
47.66143104208476 -29.673418204992863 -3.1368845325763837
46.689306668704035 -29.66302205502615 -3.138993304864196
45.68186479459315 -29.652390579084894 3.121269937478752
44.67792962186982 -29.594230816229764 3.109719477359146
43.68016368502924 -29.54997842257824 3.1099666169169065
42.677375291413554 -29.56984948107945 3.118038093663067
41.70315042552162 -29.58699310927356 3.138207921927167
40.661531354981264 -29.626209174616132 3.133799176828511
40.662709097693686 -30.62925391630412 -1.5746897213697382
40.6559825365374 -31.619701963437414 -1.5707514665384457
40.67588463127361 -32.61552539589186 -1.5661727355552948
40.6646364785968 -33.61689500691816 -1.5645500078963779
40.651230076469226 -34.62343937077903 -1.5617396846077949
39.69499271400882 -34.633576936837535 -3.1312968219398605
38.698547719069246 -34.65654540309763 3.1382407749539523
37.68692998086876 -34.65774396073575 -3.1187913415156086
36.67929610763195 -34.66518048065498 -3.108073589652707
35.67706534770044 -34.6848616962704 -3.112366403673356
34.68680754987632 -34.69388055840018 -3.110752624783721
33.6770452430536 -34.712733467959865 -3.1182627241796483
32.71280994734719 -34.777318239399676 -3.115852566464735
31.72017825829942 -34.763271981319086 -3.1093417842633713
30.698230974319237 -34.7760013248946 -3.11623883196212
29.71491178784135 -34.79940063900255 -3.1224361774636344
28.68573192531375 -34.79933779012259 -3.12280840927241
27.674918729596644 -34.822143952117536 -3.1249784608285687
26.66076402656056 -34.8452402104767 -3.128821256622575
25.654893082490556 -34.88126603746327 -3.1347954545455323
24.64260883060428 -34.8852428633286 -3.121575265712025
23.670640472554286 -34.89081428174426 -3.116132316415439
22.664040663591376 -34.907139336443784 -3.1157749504207217
21.702673997101538 -34.96600121225071 -3.122159841134722
20.700307486831335 -34.94404684606559 -3.130916402276174
20.72554266159778 -35.90380695387467 -1.561719099486597
20.726755474354942 -36.90629423425816 -1.5663565128613577
20.73662038012084 -37.93331944701602 -1.578357909269759
20.751283135318065 -38.91915728085905 -1.5824209960744935
20.723879563393847 -39.90667035627494 -1.5750464021476254
20.730494213930513 -40.8819477146121 -1.5689354043690757
20.693673959495197 -41.885534956666405 -1.5599632637108267
20.746990110341702 -42.898955604474516 -1.5487082579758074
20.788598035544894 -43.87673680036991 -1.5394584152623263
20.808495650252794 -44.89918348186074 -1.5431536783300863
19.808446334997544 -44.93937468750467 -3.1338653112
18.837833123010476 -44.932616415864366 -3.130707855628208
17.815579072971925 -44.92945628742232 -3.119974001493289
16.806790335517604 -44.93721117355588 -3.119428904411462
15.797593002156447 -44.94626168639363 -3.125553267344018
14.79093528207886 -44.99356355341299 -3.1082009911682507
13.816663771727825 -45.02780854967132 -3.108011657592114
12.852013521135756 -45.08350634958017 -3.104430206334412
11.83503736559826 -45.09600857169612 -3.108753192214182
10.834534426231489 -45.12006662427004 -3.115555708052542
10.807337609296148 -44.13331519251795 1.6040574944564816
10.795099548629398 -43.14171588525894 1.5861002782155245
10.787458429499328 -42.13546604266453 1.5819391800356815
10.785742456656731 -41.10945806324347 1.5891059032411432
10.742042848634808 -40.105298838791185 1.5926880101154002
11.75621089106338 -40.09546709285586 0.016044448345501457
12.742489208902885 -40.04980276442816 0.02868821604123663
13.739592159027538 -40.035175001618725 0.0319800817461171
14.721912972360956 -39.97874382216861 0.02107235139531786
15.707565466494488 -39.93759973636633 0.026952790999625487
16.725610768206437 -39.90121081940662 0.017771901102017287
17.74119383395929 -39.90437452409534 0.007882406451004801
18.737305063866366 -39.90427555195119 0.0009032942782937578
19.718810557492038 -39.899226893619534 -0.004263856236585985
20.726327253782895 -39.87830491329338 -0.0005714373213762077
21.699932824003746 -39.8775566810325 -0.007414584244670647
22.684716586775718 -39.86701598501536 0.004910051827511149
23.6803341400115 -39.835418872676755 -0.011010298041285348
24.69375306918489 -39.78936638654797 0.00274996408878678
25.72294683165963 -39.85664034240324 0.008904506904709905
25.704657102065887 -38.84430667942668 1.5836393801798558
25.692289136520724 -37.85129866249916 1.5876885334401083
25.678803261692728 -36.87478824923706 1.5916048010757002
25.662940877490723 -35.86300284638296 1.5771315549895053
25.661502365759706 -34.86031860425296 1.5787054384126902
25.63170164164038 -33.84672301239393 1.5747433816533323
25.627119413004483 -32.82383347101489 1.5699248752510166
25.598977126070935 -31.84451419493987 1.5816791917747206
25.59993095255864 -30.83397499554867 1.5818445771522673
25.571013378836085 -29.83890553344554 1.591363002420831
25.547443775824295 -28.87489636718386 1.5838959359710418
25.527101465706068 -27.845180699488328 1.583622195549005
25.517515236537523 -26.8825188091354 1.5904381406868258
25.48383542585464 -25.87349781563894 1.5966042285336859
25.463095376720624 -24.871507954759057 1.5950059642624292
26.44003880481322 -24.858205729634744 0.009365383158611022
27.435370712909652 -24.84053569626708 0.025416812704309216
28.422454962796 -24.817701018739367 0.03569159264863652
29.430878194418636 -24.785125751314204 0.02673902533036602
30.461949738765753 -24.769316760162106 0.02369589162739369
31.49894018213615 -24.786313502462058 0.01852589350660484
32.512859158116385 -24.81976415022711 0.026642058057387143
33.509962578802714 -24.780667901771963 0.01646949348069843
34.50236187448596 -24.768275557131638 0.01877672474038381
35.50958160250912 -24.745612625265977 0.007446079642561851
36.51424633202312 -24.76341824381378 0.00046735881837305657
37.48779417618696 -24.756265965539153 0.0025652012429495555
38.487172946608425 -24.73967840777192 0.01313385282126521
39.4478378728953 -24.741679192587714 0.01980384708942596
40.466170855108864 -24.723045089167417 0.0168956494208166
41.46148461288315 -24.736060138377713 0.012158917611533074
42.47016976740362 -24.717131716244843 0.029842502016979033
43.52687243695124 -24.67157292513234 0.03760151094482214
44.56711365440514 -24.64085210282177 0.04637702645559577
45.54174821003893 -24.608015594062756 0.04096489866628224
45.50336656412677 -23.605868994308977 1.5975440423881857
45.49219753079572 -22.593190853047105 1.6088999501896084
45.46585442976676 -21.59818287834603 1.601973842322541
45.45026017153574 -20.629121579266716 1.5892787680654912
45.410309777634026 -19.65853968831403 1.6038326643862835
45.37414102517335 -18.660337840337913 1.6082133886450947
45.36425752966106 -17.64613773977246 1.5929111325092604
45.33254947163128 -16.67730986880198 1.6133524073617855
45.27104011306195 -15.678604872197122 1.602415303067102
45.22440632103086 -14.689173073168933 1.598013907542405
45.15540192497614 -13.693007376153115 1.6078699041473117
45.147058842421075 -12.70770878279036 1.5927374584140872
45.10710172443392 -11.753080784950827 1.6032789104142744
45.073746327755984 -10.742299027927757 1.5991936392787296
45.03215881475039 -9.75088759662373 1.5814098914460406
45.03010040464189 -8.748060232496478 1.5805650817456398
45.00216813660726 -7.76737743202152 1.5854006451763432
44.99728514393455 -6.75124023480219 1.580573012789123
44.99038197144586 -5.738786807736197 1.583665771976738
44.99766800682709 -4.741069965932248 1.5929367628285171
45.01930169911486 -3.7452377307767217 1.586688159386534
44.99685981863919 -2.710225290975245 1.5883600407550302
44.92771699471258 -1.7189429093057946 1.5838932153650636
44.939150849570645 -0.7400453696497226 1.5836901418718563
44.895252204588246 0.25157910661234245 1.5904360819533367
45.92220530637703 0.3002199377747228 0.02093517788251689
46.94244728159109 0.3136965944038891 0.015707909730756295
47.90957587114174 0.3201732635239719 0.02284403020236754
48.8939091068388 0.34720325438468863 0.021996438497391326
49.91371075017518 0.38101519824343677 0.016229303197062565
49.95438891168188 -0.6385699265150816 -1.554443348254921
49.95422933768846 -1.645878184816356 -1.5563933680472883
49.97578384451217 -2.6263832274957055 -1.565635572431547
50.01083466348259 -3.62233304261431 -1.5664600135026838
50.020220002165104 -4.617279481124118 -1.5526110044726047
50.06457534215715 -5.619901345723055 -1.5507411416666506
50.062884347090396 -6.6353648677334105 -1.5518350424460132
50.09251062115883 -7.630093678732458 -1.544363383722745
50.09931050044655 -8.630415223812264 -1.5440376393974724
50.14915215342378 -9.615186415243148 -1.5461347270371877
50.15118284333474 -10.604885047277858 -1.5343713634399645
50.20023632654415 -11.599293082082614 -1.5439722086213863
50.18665829254432 -12.610219510470596 -1.554612163008039
50.22420056618192 -13.58234897058148 -1.5411156546001112
50.2755051955757 -14.602626443098327 -1.5467591606496294
50.30495130362108 -15.611696734810618 -1.5486872012208588
50.32707356202601 -16.633769321295105 -1.5384330872348002
50.358107361697236 -17.618729442151867 -1.5445961977784808
50.378632786898415 -18.617963596140147 -1.5418283375520934
50.40695490380087 -19.598080096878395 -1.548877980094765
50.4286428895528 -20.62161071091886 -1.543150286247588
50.459226909523444 -21.60977468640434 -1.5413604367981364
50.485870198382784 -22.61294010127357 -1.5508056140665982
50.50817126345364 -23.63548713168303 -1.5456742291715324
50.531626485432 -24.63525071668418 -1.5433784381819964
50.53684153831537 -25.634901794283756 -1.5501776191679977
50.56298790787296 -26.625060555442957 -1.5537372798751876
50.57354067226162 -27.593089347457138 -1.5516173249892944
50.59775475969611 -28.59878249834842 -1.552726022581789
50.610211236456855 -29.591289754732653 -1.5557237819567913
50.641774891680676 -30.567662428466164 -1.5515267776684418
50.65577942644559 -31.57034830186284 -1.5548837546599212
50.664631792658035 -32.56244335876126 -1.5610014324335426
50.685611019735404 -33.55356400168689 -1.5559816879032897
50.69966311063287 -34.550696460967146 -1.5594724490315635
51.70152445267472 -34.52403753950043 0.01303749121350819
52.71541930745465 -34.51501654839673 0.01117932935705136
53.72858831560807 -34.485661830161185 0.02070615532053109
54.72920549036228 -34.43720204059902 -0.0026002755374254726
55.760960768748085 -34.42680975989859 -0.0019113564869941337
55.760510488423286 -35.437064339957246 -1.5734515078948543
55.7982992264972 -36.41714202531091 -1.5854450280744525
55.83898735898545 -37.427628128559256 -1.5838352040298884
55.828218475995065 -38.43008940705985 -1.5668340744559983
55.83966892601983 -39.41560804799954 -1.562497931315107
55.87248457552343 -40.42221122778153 -1.5669392415857728
55.89529219331924 -41.41551640708711 -1.5687647063473087
55.911956421395665 -42.436449800866754 -1.5690198064101981
55.89466078805386 -43.45123561603904 -1.5666377097530193
55.91208749161017 -44.43547377937671 -1.5529332875794397
55.935042527292005 -45.4462201969941 -1.5494887304665617
55.94880460545839 -46.47564868462927 -1.5636986544663303
55.96034701955869 -47.4558979064928 -1.5692885203850824
55.95826511066007 -48.450563398367265 -1.5828213526751496
55.94864626898076 -49.43539462404642 -1.5713393740322532
54.956140745249726 -49.4264836478441 -3.138385110540056
53.95948633173612 -49.45048010722081 -3.132052357611687
52.95633570573108 -49.463672193653736 -3.13739202351658
51.95211438785125 -49.47800066509079 -3.138807548166914
50.98255102834823 -49.49706558656449 -3.1256560609672435
49.98236869484326 -49.5013153387549 -3.135140293663864
48.96811286410175 -49.53407252217588 -3.1277517875642515
47.989429553612716 -49.55710010081485 -3.126631889435302
47.01047191274777 -49.57054853427033 -3.128611537680109
45.99203131452075 -49.55061040197995 -3.1213425215317785
44.99972721889677 -49.58516242084488 -3.124191882179214
43.9925244208467 -49.565843414484654 -3.119861672167581
43.0378582556214 -49.57706069551243 -3.1117958124959864
42.00841644098734 -49.58164508191605 -3.1169949847646667
41.00200488375341 -49.6255076322237 -3.111078717311524
40.00425770455542 -49.661020548189846 -3.117532830707266
38.99934572567344 -49.662267062979666 -3.1251227483321546
37.98384308139674 -49.68095931129056 -3.1217797293397456
36.98828177148411 -49.67926368073502 -3.114323532174493
36.02217596590856 -49.71390072013519 -3.1043642544444494
35.96577537696139 -48.71563002476045 1.604415793773431
35.94673727261006 -47.70070024590635 1.6028386782217354
35.893300908853334 -46.693930968008814 1.6007491461872396
35.85908875716288 -45.6856488249694 1.591891859571111
35.82525424933219 -44.67613897391318 1.5953013088728192
34.81506317995475 -44.7123158272497 -3.116988472024051
33.81700284069993 -44.731180200062035 -3.123141402547346
32.83041323589894 -44.76142851920406 -3.111805930853124
31.819536778238728 -44.77777979445784 -3.1193092708024017
30.809238772416332 -44.77427937509038 -3.12561657944466
29.832305980289583 -44.793893951475624 -3.1276373348696094
28.837496305667468 -44.78801617667505 -3.1350019133946954
27.830132755009714 -44.7824480001606 -3.1284285208427245
26.825007273322843 -44.79665743107525 -3.116862443582795
25.844408640485238 -44.79114967403811 -3.122618128104022
24.806850889067988 -44.81545657466637 -3.1239949364615947
23.82072513265137 -44.812654087432236 -3.1243997218845716
22.82311003331097 -44.84109516689849 -3.123292824335683
21.797253426938973 -44.872240785848795 -3.121796047247809
20.79745279902445 -44.901147500549655 -3.118677565987617
20.825104476581433 -45.89686849180136 -1.5581481303988103
20.84724077875012 -46.89754692825514 -1.549504872277569
20.889347368843055 -47.90664095822284 -1.544511429264763
20.935253939575034 -48.930221796269876 -1.5535467759518258
20.902913580763098 -49.91619962762329 -1.5479823818211809
19.915245471306008 -49.934376568283234 -3.107417039927998
18.9184921669657 -49.97720575001837 -3.1200625793730152
17.924959597581694 -49.99376567719779 -3.130085844234247
16.8997871220478 -50.0145105345158 -3.12325424554788
15.924128693303473 -50.02677336905358 -3.129553871342047
14.919615126702258 -50.038199553217126 -3.1166131644900323
13.950481223515848 -50.06043621861446 -3.1199560078421964
12.921876494370283 -50.07801730519309 -3.117814652380225
11.95319058733486 -50.08269437844934 -3.11281092525619
10.945331597365405 -50.117979837756295 -3.104582164713054
9.953357052493384 -50.15367035439 -3.1119690962364355
8.981752686068553 -50.191455649927285 -3.1205615461811194
7.985838162242282 -50.226027630225154 -3.1254905465091993
6.980359979812502 -50.21419545889167 -3.122815130220491
5.960880226567217 -50.222618929707366 -3.110705549650506
4.94910182616699 -50.26256913654891 -3.121938036969283
3.948627077637134 -50.29349929608666 -3.1285805832172224
2.940913658217192 -50.33674569789715 3.1398041871065305
1.9559946229537568 -50.371468113196194 3.1368157310826947
0.9690672477516239 -50.376470821999426 3.140254608895536
-0.04669092468694169 -50.38340402326433 3.1401143021615345
-1.0085681264945623 -50.37752873132564 -3.1283486306268165
-2.023991070716047 -50.41444210973064 -3.132895624095268
-3.0186002337714872 -50.41817837755953 -3.1371599617684183
-4.030469625498829 -50.42449240553122 -3.1389065629118744
-5.04322090026853 -50.4456297728459 -3.126714319801374
-6.0351132713105295 -50.47286994257019 -3.1235851273408217
-7.066216021302511 -50.48328278567813 -3.129166709398102
-8.056715795858489 -50.49626136236218 -3.12636077249964
-9.074929417625352 -50.50766287093034 3.141422753155334
-10.063473940154966 -50.49957015878118 3.135311506552616
-11.084126864582196 -50.50195949873643 3.135461440956363
-12.088202635752191 -50.49773877275342 -3.1339629685087704
-13.074065210035485 -50.51568538398447 3.140825066063713
-14.09733052672599 -50.538070531675096 -3.1382173145839687
-14.079596943499588 -49.54546661427818 1.5813111408896026
-14.0901105840686 -48.56655100722657 1.5810338460658302
-14.115715034118168 -47.60320818891071 1.587595825456048
-14.09976906484726 -46.61503877391771 1.5909085609576055
-14.118800657845743 -45.62010714530778 1.57970018507994
-14.10686683811278 -44.583299520485916 1.5898191805100899
-14.119616738091946 -43.578346535050194 1.5756179584223715
-14.138361521492822 -42.61245016149392 1.5891330033293387
-14.14520271425223 -41.60622367771344 1.5677077681155023
-14.157610392025124 -40.6279265664245 1.5670318247934683
-14.165393053490673 -39.58284982502895 1.5689984489343083
-14.141733760493963 -38.58977178179573 1.5771757681489054
-14.146683370326599 -37.55053118590625 1.5875187849340309
-14.184605944290999 -36.53770861474158 1.5912375862179358
-14.207002018033833 -35.54634696078565 1.601029871024419
-14.228096621412883 -34.509885600703086 1.5869187545227652
-14.255598870001121 -33.51827515185258 1.6008738800049676
-14.27795692036871 -32.51443307275465 1.5940882556806637
-14.303605294974574 -31.48742263681553 1.5964337552918628
-14.339442149943665 -30.46944254950138 1.6075558222016837
-14.423231915701855 -29.45076529410608 1.59867810429787
-14.427838813072702 -28.45226900036239 1.6087230583715222
-14.44060556609977 -27.457968656409342 1.6148917008562542
-14.504127537776892 -26.480116136586 1.6166435196904403
-14.568029241171441 -25.46920579182052 1.6156054070360957
-14.641980284055851 -24.473756462942802 1.60066060539345
-14.676653573264357 -23.462478467985285 1.5970066424706837
-14.728483693705703 -22.428327375380366 1.5870352516531903
-14.757164000834118 -21.38430272719702 1.5803252794580407
-14.73899485359872 -20.373758897074403 1.5874408302262784
-14.781285490103503 -19.358670785205483 1.5588815393636095
-14.763317121854355 -18.369281691671993 1.5681129418201287
-14.776247553049545 -17.359389155481924 1.5650558060545514
-14.740986519548029 -16.346658633508227 1.5856190726478945
-14.754298193497943 -15.31969703596586 1.581710289611238
-14.739033238981486 -14.317225640785917 1.5799973171079054
-14.755221379482112 -13.297768549605713 1.5726070093611098
-14.778356996234347 -12.286974114238598 1.5709646515835582
-14.809652715650465 -11.240018461324148 1.5762195445087084
-14.823158907197982 -10.273770143401768 1.577401462263906
-14.8593929914689 -9.275017462134382 1.5883005257544203
-14.854344646167284 -8.281755093794004 1.5953895832239464
-14.889440833458128 -7.242533842031915 1.5924064505504518
-14.934991648461462 -6.240474518361323 1.596315882918957
-14.976870780430065 -5.235571467466618 1.5918016311688434
-13.9848768896891 -5.193901383123163 0.01358408733572155
-12.991218415222923 -5.200421495292428 0.019776486711286578
-11.968871201685063 -5.18825278434952 0.01571117459380267
-10.964896626738323 -5.171000074999358 0.011570108855561924
-9.991959278156633 -5.181448846341504 0.006472480920057147
-8.973509248807567 -5.185040699103582 -0.004761761028040986
-7.97898087110898 -5.206771036433053 0.004703061400734824
-6.989878161794633 -5.211026172706662 0.003284404506355719
-5.990819935402639 -5.166737330004427 -0.003465188620781082
-4.988807855364634 -5.168146752568011 0.006947906142404634
-4.001877395107588 -5.144390307129854 0.013697479653959148
-2.9681946845485947 -5.099485441328362 0.005848242024964211
-1.9763915932907967 -5.100685537113771 0.016456612522694928
-0.9853898681083675 -5.062370617629674 0.016646917645223736
0.033225667064295056 -5.034207066467476 0.014923550680184914
0.035040838230748265 -4.075261110475584 1.580574038164073
0.025642649347577737 -3.058330616570369 1.5704650491579877
0.02638049997954707 -2.0497409103141173 1.5832452535590564
-0.010852023406507276 -1.0111095285145588 1.584337705621504
-0.017229531880572406 0.019545050120185335 1.5841015170117752
-1.0066701236797064 -0.01945522264408934 -3.13009764314963
-1.9900989888726404 -0.016494886894395724 -3.127483571346335
-2.9845574714009233 -0.030420067223596997 -3.1180786998375547
-3.9514715988708407 -0.08367673475881351 -3.1164162609153876
-4.988257334008568 -0.08293819886603672 -3.124843705981102
-5.990828439678114 -0.09683920244787729 -3.1301970132333974
-7.00506345218846 -0.10341778888087193 -3.1258308592478135
-8.016730399138371 -0.125983625645507 -3.133617692045385
-9.010729995976828 -0.1266909210400193 -3.1326503186086447
-9.99426833843181 -0.14625932925291132 -3.1272964704986617
-11.007623056734326 -0.16973197198213558 -3.1221546328826157
-12.001277327794124 -0.20439234285837615 -3.1192632158088487
-13.005764168761706 -0.22639524596844995 -3.1278102971758135
-14.018643611115975 -0.25670679599022045 -3.133265690332369
-15.029379450067264 -0.24534650119445067 -3.122365495683893
-16.00237206708703 -0.24013356976603817 -3.1317107831501474
-17.016355325751707 -0.24661632113308452 -3.1270282599131876
-18.0213526200753 -0.2268305540781934 -3.1180813162707555
-19.019236732251883 -0.27233926982431206 -3.1137192358544636
-20.022143198671465 -0.28559874396546636 -3.1127009112784765
-21.026337259504945 -0.2754869334919896 -3.1319943845737095
-22.014400110078753 -0.22920824160322437 -3.1146680641129394
-23.00330395162745 -0.24260135312104847 -3.123065841523455
-23.987284472423706 -0.27643989828059656 -3.129530433930132
-25.01652929338446 -0.3050735371752912 -3.13332734064401
-26.01198659707071 -0.2911995245489978 -3.1328273513698237
-27.033542339523855 -0.3171557749638414 -3.1284254513056644
-28.054494471253037 -0.30850524617575437 -3.1239994711385815
-29.07606482642285 -0.32058359357414984 -3.1203407096088447
-30.06873625520915 -0.3663958492010198 -3.1035121144283337
-31.08918878447711 -0.4327527977197985 -3.1211390733141244
-32.07210351440757 -0.4250773569943148 -3.1332022262323505
-33.086175895200334 -0.46002117772314066 -3.11675722073023
-34.10457309755675 -0.47096462072097767 -3.1180113951080006
-35.14705775850112 -0.47368612518397846 -3.1174242037616464
-36.15676940388106 -0.4829852930622832 -3.1132192367729274
-37.1603319671042 -0.4927966037160776 -3.1198304307082827
-38.16179302643881 -0.49754963769295246 -3.1277920951596627
-39.122240208995656 -0.5114878209608881 -3.1307605418418807
-40.13591391882244 -0.5099427408346792 -3.1255833369571624
-40.11716304242483 -1.5125837360515952 -1.5620863268918992
-40.12567512206775 -2.4965491669667275 -1.5550643649019644
-40.11599824779687 -3.4863526501203435 -1.559638731904296
-40.10726044689046 -4.473073569624441 -1.5592045274283717
-40.07846186390607 -5.468351404552984 -1.558146309528538
-41.101091565869986 -5.482423342879981 -3.1221127973776333
-42.11089477457042 -5.4887606270917075 -3.1247290324709636
-43.09445801480268 -5.49089800546709 -3.1272450881949077
-44.08432268300666 -5.489328713283078 -3.12757004866168
-45.091774580480035 -5.508556021198586 -3.1210170323099677
-46.106561687932825 -5.515628733141099 -3.130265071830208
-47.08932890841671 -5.5468466835474075 -3.1322985988472776
-48.06341996479144 -5.55443429302421 -3.1194767707461137
-49.048048135912815 -5.549008103171463 -3.125813902504022
-50.04218395205437 -5.583333181285418 -3.119727652812353
-50.04746002830508 -6.568076890380973 -1.5637883413183906
-50.03397636055659 -7.5787485350722195 -1.5614885112807315
-50.029024932224566 -8.57611725222336 -1.563485078529194
-50.011623668205324 -9.580573664218958 -1.5664256818007503
-50.02457198583672 -10.58202799774265 -1.566303838598408
-49.03506083564971 -10.552807297366101 0.0010564838686645055
-48.0225402903683 -10.56165394984694 0.006508468568719649
-47.04350387380989 -10.563208130762826 0.0017870683293369051
-46.02901098939153 -10.56400813592012 -0.0010753999124537398
-45.02265277682095 -10.553032174916304 0.009239818932042456
-45.01179280358974 -11.54666462841683 -1.5619832319250697
-45.02398555229023 -12.544335180489774 -1.5495999584220013
-45.01052300495106 -13.532720577813446 -1.5652382797237208
-45.024856727417585 -14.537498027898412 -1.5655106984267422
-45.02259029985345 -15.520316925729439 -1.566152658146244
-45.00727477700415 -16.515745053147747 -1.5593764214950874
-44.99484953779157 -17.554217957545386 -1.5400031638322325
-44.96261785962743 -18.525759138722258 -1.552515586268298
-44.98125483300357 -19.500858394969256 -1.5387430853649722
-44.95023005414787 -20.511849639417793 -1.5379123289678458
-44.948659405677645 -21.501648863304663 -1.5325358309195263
-44.89771396513144 -22.517576769375772 -1.5434579839757623
-44.88107662785489 -23.503183620613584 -1.5549183029517926
-44.84698051098745 -24.475098852769662 -1.5507637370139618
-44.84095961625321 -25.46806497666203 -1.5356642915254823
-44.80898893236131 -26.4523758949072 -1.531463735242888
-44.785389524666066 -27.438082845726118 -1.527729108969614
-44.74755105429974 -28.44314514157275 -1.5408085086127405
-44.70006997321728 -29.439783743918042 -1.5375515864771547
-44.63573521081704 -30.425730214955212 -1.5219233134344017
-44.595931811437005 -31.44759622014353 -1.5477039376781558
-44.58899088202526 -32.394971877361044 -1.5524976902776417
-44.595580091693066 -33.38307863783091 -1.5498790126305393
-44.59409645650061 -34.360221485361016 -1.5382316706869088
-44.52263702126375 -35.370888997351884 -1.5453641253413464
-44.5006081682364 -36.39106899475304 -1.5382547684421706
-44.48901954377813 -37.37305065368402 -1.5305490570773987
-44.44873401654705 -38.39450920776882 -1.5337192659983225
-44.420283029886846 -39.39755839155197 -1.520250886530124
-44.377578187783854 -40.41031312193234 -1.5240294387633535
-44.37816052235738 -41.381941319345025 -1.528802350096555
-44.320173725062226 -42.385642510858744 -1.5492626759306436
-44.311791005804935 -43.388200473998374 -1.5432056762105417
-44.290324306936455 -44.405976415677564 -1.5473737197426236
-44.25555462341092 -45.43479523687736 -1.537314121191088
-43.25778893166318 -45.39373337882395 0.038022693601854715
-42.24375793867589 -45.36407396839376 0.03256999567576927
-41.28142435596487 -45.32257829603498 0.027822859283455053
-40.302641230783614 -45.301578359140805 0.043269929056820665
-39.29928120399511 -45.28690050640844 0.057955749291148814
-38.32501398739005 -45.24820751551605 0.06328096897565569
-37.366121793683284 -45.27766096302676 0.08684736381779037
-36.32201311188163 -45.193869528907875 0.05127779106134701
-35.25723365664586 -45.10235639506153 0.038829288396445186
-34.271453859173825 -45.069264951743655 0.04290145237322621
-34.38450948371699 -43.97494646791261 1.6402886674699837
-34.02023954646887 -42.91602408213164 1.5394653992696568
-34.66628057185491 -41.96758503278017 1.651496173671565
-34.51535653010392 -41.064691454788935 1.6227370268808174
-34.48851007933341 -40.08328744529224 1.6160386966390605
-34.49570321298074 -39.11218565376495 1.6053238909778667
-34.547830614901535 -38.11156071424459 1.6030814288762731
-34.5858629665163 -37.117749944406846 1.6098363161370879
-34.60808579778548 -36.12164488944764 1.6015294210143782
-34.64654378310996 -35.109421718070195 1.6005330135816753
-34.707604020922965 -34.12233939135967 1.594174757536866
-34.73499920717129 -33.14539098867735 1.6048478824627526
-34.74715772373987 -32.1420391688035 1.5981988750442395
-34.791841362161676 -31.152506277874675 1.6034349006576665
-34.793071542892044 -30.13308689824643 1.6001330669871792
-34.8163839224354 -29.15169380992524 1.6010259439294725
-34.84764472538265 -28.16321461464 1.6011113906302727
-34.87473046577177 -27.14623667896663 1.5909691695791728
-34.90241095192245 -26.167625806367916 1.599011160613448
-34.9211557209194 -25.188811112617145 1.5936404067812056
-34.94027000161649 -24.20670881556154 1.5876905003292168
-34.96255493967616 -23.21947905803031 1.5786584713788536
-34.98122668217359 -22.233730364332462 1.571211418705016
-35.015544619683745 -21.22460112887007 1.5659370749779549
-35.01541068048529 -20.229586618127826 1.5744555260541597
-35.01073498687858 -19.238600449313594 1.5804330393170338
-35.02415200291353 -18.2436970733358 1.5863496805204083
-35.06551979055085 -17.25545346670029 1.6015834572910752
-35.0791874869098 -16.252058474095694 1.5983139422518196
-35.0845115700493 -15.284593187411781 1.591984799275724
-36.07193392509587 -15.304592837622643 -3.132753791538255
-37.07802822000882 -15.30577319456217 -3.132908449239684
-38.03851110460273 -15.297025401149616 -3.138856730097413
-39.04504357779127 -15.30906842806228 -3.129746274670117
-40.032025359467866 -15.37461815364527 -3.1279295297474943
-41.0362618293558 -15.396229153145962 -3.1294544845506844
-42.004288260180296 -15.465108817551613 -3.1401920043833322
-42.9805681094096 -15.46090397943486 3.1388894621203827
-43.99074703663422 -15.517162180065403 -3.12942372719047
-44.99239152815936 -15.526222668034547 -3.1236414466286075
-46.00182383594124 -15.545535022289522 -3.1242861152945287
-46.980670334131155 -15.556594553549798 -3.1301550416145174
-47.98528388718288 -15.562246695481013 -3.129065075731102
-48.96197719436782 -15.566290522257802 -3.1210438000454825
-49.96934722975487 -15.589553707639201 -3.1295645972584873
-49.973856529940896 -14.607629673662391 1.580083210243289
-50.00250345562967 -13.594598822689154 1.578186502150891
-50.00237091017539 -12.600747574467063 1.5783363595426587
-50.02226674526602 -11.589893799340459 1.5770363328260766
-50.032366957518406 -10.589513180099251 1.5710001829593725
-50.04398781123509 -9.544955953316089 1.5720708069096743
-50.03144274789623 -8.585104260808862 1.5728673548257845
-50.051210724037425 -7.584310915292743 1.5741037814102166
-50.07423484299038 -6.577557977488013 1.5814776711146081
-50.07883816698785 -5.577839437569227 1.5847417466314693
-50.07522593674996 -4.564040260856611 1.5775228454867687
-50.0982514814254 -3.5849174566474273 1.579973347252299
-50.098422941836446 -2.5781874739213646 1.5851809876353624
-50.088357411785836 -1.5874909704209217 1.5735830444104604
-50.087625862034336 -0.5721112233593715 1.57484048142483
-50.10224247967869 0.44807993201210117 1.5882215283544314
-50.1269959347294 1.4209227209968622 1.588089101869208
-50.14437991283416 2.4305256979591543 1.5992893531224963
-50.17315944253225 3.424758826899284 1.5980224689921108
-50.20176992470685 4.413688141103134 1.5889062079407315
-50.20290902247199 5.4280358092405265 1.5847773417589757
-50.23655939163246 6.413272792332713 1.5860026455787388
-50.265781457445996 7.42993820079029 1.592905081177679
-50.27516262830792 8.429277025324078 1.5971997517658834
-50.28741515160732 9.431288253267821 1.601119765155043
-50.28855701968356 10.445899007006291 1.6014825185008876
-50.31649936145239 11.446706483883126 1.5828798125025898
-50.33316079303906 12.406016927850567 1.601624119140948
-50.382041082520026 13.41534252838562 1.588285646139953
-50.41567295500313 14.416583105397889 1.590123886224071
-50.431823034594935 15.42686265554736 1.5911954147038099
-50.449469885933546 16.430099641250692 1.5924369727562029
-50.47705500912221 17.428668998510496 1.5710257509318133
-50.48368977231544 18.40988401087974 1.5730555907413688
-50.49547918259073 19.415546555753313 1.5710714835053696
-50.480030640297095 20.425318981762572 1.5746968939835364
-50.45522177103564 21.43917694129843 1.5870144351605657
-50.48301348037775 22.463829378744993 1.5793797527022648
-50.46253043736252 23.45367380428596 1.573400890477403
-50.47973989967851 24.44009806645973 1.573043987487779
-50.482509740434125 25.43619664136809 1.5752381477037678
-50.50618523858554 26.454748676678427 1.5696116553646469
-50.50922178221606 27.43882915739315 1.5657384599060178
-50.49694504712025 28.416051906224386 1.5598664039250216
-50.520081613105255 29.44689215267503 1.570725043883323
-50.521670772320974 30.447416651987062 1.5687643383291103
-50.53228149015308 31.4207648733325 1.5768747887476637
-50.525660256124 32.42184758095973 1.5695429819882916
-50.52867717283893 33.43175103250105 1.5711837922761793
-50.515372796628405 34.42056054784493 1.5724853507958774
-49.52834211999021 34.4267901785694 0.006820876666486101
-48.53478963036879 34.42050896023357 0.01445112008721831
-47.50787843940456 34.4117487292395 0.010840651703516337
-46.53728757099607 34.421311567431154 0.01890181739784209
-45.54462413432819 34.4474117043754 0.011153524300681976
-44.56031372346335 34.44128327882324 0.0013981299895113825
-43.564851308838236 34.41789736481705 0.007347333411522493
-42.59319353586686 34.43983246501576 0.0033637697400652087
-41.6084988466732 34.464830549055144 -0.007703870121646161
-40.59040757316613 34.4832981668768 -0.010838134829992104
-39.582544226438564 34.470282606605494 -0.0036930707541182827
-38.59176262773818 34.482119870340156 -0.002104417111741749
-37.60394640366007 34.514710891784176 0.006704605420895435
-36.60707023856701 34.50131077208639 0.008206667185369847
-35.60662911269476 34.52681627961139 0.012038375779165892
-34.60524113042399 34.560962129517776 0.01723516577384132
-33.63649717881378 34.59490027821294 0.02564670099155951
-32.620286149904864 34.554338841425334 0.0066948005865217165
-31.617588487945614 34.55223287668728 0.010761725678527298
-30.611062351049913 34.54169532937982 0.018441542056768467
-29.607647177904482 34.56885038267498 0.017152540743474963
-28.615767678878893 34.59902890777697 0.011037368893824145
-27.620188470677157 34.609859376887776 0.013750491129399673
-26.619490176425927 34.62725681013831 0.0017705756609245182
-25.627389994867674 34.639407979419275 -0.00018224778178349953
-24.604897622206252 34.62553979113869 -0.00013145257614622906
-23.57383582891556 34.60630343920289 -0.0096304092888384
-22.589334652882158 34.61050140435547 -0.00307189661902681
-21.599631642103894 34.60207351510148 -0.0009929044503044398
-20.595097537351652 34.60644992299247 0.006347820328526621
-20.61862767070993 35.61495606910472 1.5547754299851098
-20.587741002153926 36.601323347783534 1.5599276866810625
-20.598402674827014 37.58838070579133 1.5604367199608955
-20.5899070337431 38.58688400935035 1.5515651097680054
-20.632437711876555 39.5969824937364 1.5525732621365478
-20.650308626936603 40.60891953351006 1.5624982283843964
-20.671838124198295 41.58747347152445 1.561482435285103
-20.664405692382726 42.56285843093868 1.562387122349964
-20.661868682982455 43.56563301900903 1.55702456898588
-20.665708654099912 44.53793466659085 1.556874703303315
-20.657910801033708 45.55155749796492 1.5495029620782397
-20.64301241239882 46.529279301649964 1.5364236909394673
-20.611737127096863 47.55588315344619 1.5342976480003163
-20.588770831194132 48.56410525471956 1.5368348392398785
-20.647722792380833 49.45419565117934 1.5055566916320546
-21.86597937425697 49.31638814098012 2.9791379534125957
-23.100611709078777 49.24887065872895 2.8530233736121033
-24.28020853030986 49.323045819136496 2.713496001688254
-23.78110716154481 49.576054709033215 -2.7946900173232985
-25.273190884223883 49.401379379999916 -3.027824626087163
-25.34809091161913 48.515591814526644 -1.5326901671895976
-25.532509920763815 47.55973010320938 -1.585265225960169
-25.611459788083543 46.5640210203956 -1.5730402347663983
-25.6236486658601 45.557703254460534 -1.565006397730343
-25.650990891693063 44.575126475204165 -1.5699938503366198
-25.664350678167203 43.55865335107206 -1.5809993006943301
-25.68716130247554 42.55826829105286 -1.5764225893674826
-25.662945647667218 41.57134809501568 -1.5639655019800773
-25.652640863219226 40.55730971935899 -1.558215949925526
-25.62306892525888 39.54850335295595 -1.5484168241061866
-25.61563315994125 38.5332367862012 -1.5565535029995183
-25.626492647241786 37.541943453072975 -1.562507398682166
-25.642045380499983 36.56930469423769 -1.5505974032344523
-25.60820144323381 35.615149274543356 -1.558585162779246
-25.59057676231839 34.633336364960165 -1.5581725714976002
-25.57164277774185 33.6286994535637 -1.5596865210064412
-25.57746061737083 32.62620064783835 -1.5592598514128693
-25.560390271569748 31.60999739876729 -1.5849353079126665
-25.523256390762285 30.584854829523426 -1.5836923441371984
-25.530472490965924 29.56643337694234 -1.579726350801794
-25.51468304928244 28.586721132130506 -1.5810980711011344
-25.524841427770937 27.60952566240452 -1.579064117192206
-25.52893982864209 26.634894912009774 -1.5863749550728574
-25.51719272689881 25.592913070340764 -1.5645879993577345
-25.493549265240915 24.57162934881764 -1.569974892725794
-25.520978021587133 23.5764306772467 -1.5595087980389
-25.497567618819637 22.56103060731648 -1.544980332347805
-25.443328565707162 21.561589591747936 -1.5564953398396573
-25.45665665732707 20.572535981087928 -1.5523503256039093
-25.43812037965881 19.6105836057773 -1.5566050152254367
-25.462755362405957 18.631798291064126 -1.5398545512285513
-25.431077260070694 17.636360467226208 -1.5343946375129014
-25.373908953518413 16.6561287981937 -1.535479702561541
-25.337499405985287 15.6918782279833 -1.5535589583803557
-25.32379719003474 14.650911390625962 -1.5604736830040955
-25.307719604708627 13.651422633236415 -1.5519287950788048
-25.28549370210385 12.665265296019918 -1.5461147692521613
-25.278112659776646 11.603170883963372 -1.5555683915809855
-25.246418258101077 10.621945034188075 -1.5734873168179833
-25.242128308473365 9.629314115558453 -1.5758465795754641
-25.229206158749655 8.65950092687547 -1.5667595180607734
-25.203730584017098 7.703782680241866 -1.555011755476381
-25.189993253056404 6.740823442803871 -1.541455090396212
-25.156464046514575 5.742323632346687 -1.5419068247563812
-25.129100884064016 4.739375994277254 -1.5406355645186085
-25.080283511059744 3.719457351617757 -1.5606126533646014
-25.03930204555918 2.7746122996432336 -1.5592384962716963
-25.02350696460317 1.7530675140197416 -1.5477717857639675
-24.981433435181938 0.7390091161265521 -1.5549328356843688
-24.960545844899684 -0.2833396136511276 -1.5670814651430613
-24.978174201434513 -1.2768201352976318 -1.5668228489988971
-24.978375381007112 -2.2742264369500296 -1.5629818904153103
-24.99768048134524 -3.262355076692571 -1.5548410923976972
-24.98904581745031 -4.28519236000871 -1.5755780557177934
-24.981442577719786 -5.2815347845977785 -1.5742958707564616
-25.029776442395303 -6.262650849202944 -1.5817033898404735
-25.039267658119694 -7.2556755381536115 -1.566477977808049
-25.017874573407624 -8.25553240889978 -1.5677898730701558
-25.020519333680976 -9.222097297400598 -1.5628187491040197
-25.031112677867764 -10.230824518192858 -1.5665719851274305
-25.054004059512323 -11.265921857356531 -1.5532723304851013
-25.02738703356096 -12.28277273933936 -1.5592997516642058
-25.027846108015243 -13.285775566695614 -1.5543763402624167
-25.019684510995674 -14.275857700886128 -1.5345885276683249
-24.99865432098243 -15.267377983417083 -1.5429894231031784
-25.98089720392118 -15.259676028734008 -3.13569007337592
-26.96603904818496 -15.258846362489066 3.130448890781299
-28.009254498558743 -15.262385847935743 -3.1332328604329462
-29.07587564499228 -15.23997503582472 -3.1289325869797926
-30.07902352850294 -15.279038539150408 -3.118339186491047
-31.083294922641322 -15.298591265852961 -3.1224418137589023
-32.0956412494232 -15.297965926833394 -3.1353286390380917
-33.06404268750521 -15.287632580617485 -3.1338721110961894
-34.04011144333315 -15.286007204582491 -3.135567758039936
-35.063425472889534 -15.273224611186633 -3.115671700828106
-35.05070098519503 -16.292087595276097 -1.5426623144891198
-34.99735378699865 -17.26886212487108 -1.5516529622219624
-35.03584730159007 -18.25345796383778 -1.5465115982966584
-35.02471579594127 -19.230793615243527 -1.5571166105595249
-34.98670644391747 -20.22872772182758 -1.5647764453802493
-34.95732107515395 -21.219473146992673 -1.5623502230796795
-34.97853113188516 -22.21736478524262 -1.5526855387981817
-34.97074670266163 -23.204928451056208 -1.5501242791679066
-34.945963125224054 -24.189287209628656 -1.5574639938774137
-34.93414563453342 -25.19068538728093 -1.5550644380863339
-34.89178944293087 -26.163869750142908 -1.5486645345826626
-34.867014188789945 -27.148113625717894 -1.5476568777580912
-34.848453267137344 -28.1293657039263 -1.5465284766967426
-34.82740084402199 -29.106743740120713 -1.5451188645590135
-34.79201509652913 -30.13385677303816 -1.5482679291244026
-34.795056572241734 -31.13257440234053 -1.5398586749281367
-34.754900200929434 -32.13915460797992 -1.537863694766486
-34.71239142711487 -33.131144847468676 -1.5450886740659762
-34.667405299049896 -34.126511843118706 -1.5455728574229624
-34.67306194392508 -35.123350540188184 -1.538190187725464
-34.64872745019017 -36.13687131167531 -1.5270705199447487
-34.57443420404069 -37.1170302276983 -1.5341683340021515
-34.544466364044844 -38.129454122422885 -1.5329336002858485
-34.51897217240652 -39.1157631906431 -1.536848144880512
-34.490307488938456 -40.09215782367391 -1.5382305178886426
-34.49476698617406 -41.09144639455659 -1.525148264217484
-34.18103493708952 -42.07570064948294 -1.557476449053455
-33.535642774560486 -42.986805824885344 -1.7084063775046245
-34.1585241611344 -43.97481310447323 -1.5693380073621663
-34.39018228141453 -44.9793694153192 -1.4686222698430298
-34.219424073380445 -46.013749607276665 -1.5199962972853394
-34.1643069789487 -47.0542909047616 -1.5343026833775433
-34.15631805356229 -48.067400496646165 -1.5312756568668804
-34.11525832866761 -49.04045773247826 -1.5365727514371275
-34.05544315474854 -50.0387099456921 -1.5268310710570163
-35.06641946912461 -50.073331404869656 -3.0925292975808336
-36.065971757729 -50.120461498855576 -3.08740820695442
-37.083080737481204 -50.16987238888402 -3.0882536657096415
-38.06414915013583 -50.23594305763147 -3.1050889847552203
-39.06467322602295 -50.27507753197761 -3.1017237031015505
-40.073892740900334 -50.31482468006818 -3.1002147690364397
-41.08299954854812 -50.359805348028324 -3.106072665832456
-42.0762839741938 -50.38917758062856 -3.1129332003601062
-43.10169524512844 -50.39468942960951 -3.1058332244964477
-44.08943080434969 -50.409453200433404 -3.1065623867221457
-45.06827042040456 -50.436148228323326 -3.104912176469609
-46.09019680715438 -50.48905139508317 -3.1202278145845863
-47.10717142746555 -50.52970143833595 -3.107168690286345
-48.0806339302507 -50.56991084259983 -3.110391916107848
-49.07138203782951 -50.59293607232188 -3.1108324913836567
-49.05780061330649 -51.62551952269222 -1.5328073613566
-49.04141766937666 -52.62530868244605 -1.531749072369448
-48.99362434770395 -53.632349057690575 -1.5338328307585531
-48.97276701811942 -54.623399904875356 -1.5330615951757272
-48.951119763850194 -55.6163347435445 -1.5246798950824476
-47.95383463204179 -55.593765427588494 0.03795677439195513
-46.98457079040117 -55.579271761767835 0.03140743181311474
-45.99857902738282 -55.52998662229672 0.00887035116002011
-44.98085787469435 -55.51673985008286 0.031563180192008794
-43.98851329159185 -55.45259435163736 0.01896575581787141
-43.99661843100313 -54.42119359412232 1.5983451055783093
-44.034480221038926 -53.44462770217868 1.6066899358369926
-44.02992447989736 -52.448084467520786 1.6074671070747817
-44.06667055269864 -51.41510713453054 1.6008859736354184
-44.074726948234925 -50.42561083557319 1.5977577955007185
-44.096871297600664 -49.44173754544785 1.5885621422876297
-44.12811361159415 -48.43257181336795 1.601847218060733
-44.18110288973901 -47.430676813049146 1.606404351499832
-44.20717090997343 -46.413921915008984 1.5987078946023243
-44.261403750641875 -45.44533701796888 1.5986789287619858
-43.27602531768233 -45.4263945917745 0.035291025972777286
-42.31115320351757 -45.38415199476314 0.04581678225075875
-41.28748947084999 -45.316611524484514 0.037951806758309815
-40.31669378339906 -45.30113546675318 0.04480315075332298
-39.30854285290225 -45.27095317473586 0.04633967854402167
-38.31633189971883 -45.21298705261849 0.0403721089967527
-37.293115581243214 -45.176064661450134 0.036825815573045484
-36.23877262265041 -45.0914415455768 0.025561198254280534
-35.17829153691234 -45.087788136424344 0.027216430334573834
-34.2048101541762 -45.066721730795244 0.028706823412515868
-33.002997112492956 -45.095648372317626 -0.053277013287474896
-31.887310102846044 -45.226927886232225 -0.11944224829672305
-30.946615509927632 -45.37258566036706 -0.1027960570567764
-29.974422407622477 -45.41955039566044 -0.07237244499323035
-28.997980008581507 -45.50832817312043 -0.08092991106539157
-28.011069252564976 -45.57319411879163 -0.07683098052467242
-26.99148619019434 -45.65214830543581 -0.060661578299759746
-26.004183673464023 -45.70351385068072 -0.04784303872942828
-25.03032661948109 -45.7311178901028 -0.03667815943645547
-24.06748906738837 -45.76347070643514 -0.03737714189239741
-23.054000984494238 -45.77538539811183 -0.031025778734067522
-22.07352083872993 -45.78815350360957 -0.018120544349386418
-21.05026941462136 -45.80359968347237 -0.008489024372512973
-20.05331954962022 -45.827772033032986 0.015135288923141988
-19.063728491822626 -45.787586460303814 0.007610669405004199
-18.06466242594628 -45.765610609865895 0.007463717536097266
-17.085261018203965 -45.704229448007574 0.01791895418887047
-16.090969451946364 -45.667879719876105 0.01715168391682876
-15.101485390735919 -45.63974090522796 0.014956575896451793
-14.108845978966663 -45.59855642789751 0.014799992611501956
-13.10887671079938 -45.56623573596521 0.017820063893278157
-12.120027121374871 -45.53618036945355 0.021806347470956354
-11.128941945458362 -45.51796938363507 0.022330015677153883
-10.1286586853711 -45.50342735634129 0.03745337923771724
-9.123904713431637 -45.44678989679151 0.03379983836819626
-8.125042416938038 -45.43362878451199 0.03409974704772466
-7.121311739705488 -45.415301780252015 0.03846955577119143
-6.13297109390928 -45.377540875812606 0.027564482312200808
-5.15606129528245 -45.34126555545253 0.02698530153073572
-4.136482787684359 -45.31464726007632 0.03220305483602871
-3.168144030535778 -45.285014261043905 0.014590367363075906
-2.194598967859628 -45.268397200462864 0.0023844515262173194
-1.1957420843595385 -45.25945574436252 0.004179417217122264
-0.16985903075201234 -45.24042692172668 0.0030266470343953866
0.8333530976355559 -45.27751748044179 0.020937339565572796
1.8680964714195316 -45.26115534290467 0.021749928646598336
2.834121698158804 -45.219191529495525 0.015094986475509047
3.8217290528590677 -45.19360514044551 -0.006454117891874262
4.826723765236574 -45.20129860156911 0.005495496194892042
5.871069085210112 -45.19887772717088 0.014230689717954733
6.859203948786022 -45.19314113368052 0.0003269152668692617
7.872194160307767 -45.17376564695372 0.014733597721496426
8.858069951669485 -45.179153223280245 0.018424479498689875
9.855054472565202 -45.13239310769202 0.016817944876891353
10.832075571560216 -45.12635193727257 0.017544753422105933
11.823080919741576 -45.1028158301846 0.03328841868389031
12.834396346377162 -45.05500663976338 0.03796528730871015
13.80134972377084 -45.03972506138238 0.04414587741395241
14.803661652031572 -44.990425957880845 0.0361750905677956
15.814182174344124 -44.98455317429204 0.031094661128080202
16.80329127611273 -44.95829252195102 0.03168102507687099
17.802439336166394 -44.92552045710961 0.02241338861399891
18.82123440309344 -44.92166542642913 0.023681156367558708
19.820285962850132 -44.917437151936625 0.019282124470856987
20.802180137418006 -44.88921326755876 0.028162712037140634
21.811807414795773 -44.84994926216158 0.0379140818218536
22.821408345055993 -44.82619908976728 0.030950059456674336
23.82086390820586 -44.820561166455775 0.018898716081539813
24.794703692804557 -44.79681588886039 0.028434145867548673
25.819510199388453 -44.78657879869036 0.03333906139166714
25.83512873246955 -45.81377390056362 -1.5409282667603994
25.85374197676128 -46.82379564023886 -1.5355152183521463
25.900067213677566 -47.88135613709627 -1.534729946688473
25.93022873114073 -48.858747319664275 -1.5446093939744125
25.9341158853505 -49.8544406533387 -1.5416724074785026
26.922822057829784 -49.85269893313172 0.029357020887521904
27.92821518418974 -49.82950090926262 0.015786640721618717
28.936159968732564 -49.83067823862025 0.017820069835896665
29.973988527630596 -49.80447922048131 0.009596045896774884
30.987576204036362 -49.80286484496797 0.0076292060967427106
31.991938727360672 -49.804108466839196 0.010779447091187893
32.997403305242024 -49.79944698029546 0.030697056768128256
33.983059820745844 -49.782686409038384 0.033999610485534175
34.99151445917072 -49.755654424376175 0.0326860293752306
35.99746950659326 -49.70096798651396 0.032850730539115636
36.98614147337807 -49.69133363724558 0.024715802711037915
38.033003838015155 -49.67892213520465 0.018601288550861943
39.03468426071896 -49.652816210153816 0.018636598686925816
40.01184637822875 -49.62832307106538 0.024560679356686457
41.012439970153764 -49.62577589576251 0.01754239543719448
42.0432022619483 -49.599586905765065 0.030835757639336856
43.046061691537815 -49.59780082267966 0.029158866656060656
43.99670791543568 -49.580149787335024 0.01759045765608468
44.987793502726326 -49.57471202419058 0.00521794394448851
45.950711999915775 -49.564520068563425 0.007762497912360169
46.98537940279789 -49.56027260168743 0.010779844362775461
47.9827401981133 -49.53513006480483 0.01746705994841512
48.96325337166724 -49.51405120957793 0.01596819613660532
49.967952570158616 -49.501408515435536 0.015277704970371907
50.964540943828 -49.48695456671129 0.016536302023657738
50.97516247650582 -48.50013410579389 1.5783856839374557
50.94258926455515 -47.48486284218709 1.5797702030710385
50.95344830512796 -46.495704034188954 1.5931797153859628
50.95174517759204 -45.500159672703035 1.6025118001602205
50.93081995336589 -44.48811968349927 1.6104102223839918
50.87471395389366 -43.504377713257036 1.608789739387494
50.84740251724667 -42.52852845513024 1.6143606342764008
50.84212609189573 -41.551021990605214 1.6112515598252122
50.8075133252878 -40.56834544014319 1.6042259281438669
50.76999047977488 -39.586500211288346 1.5897508397048017
50.75841840432049 -38.57101202037639 1.5934274280194245
50.74012306927124 -37.557609163653225 1.590924565750787
50.704118519844926 -36.55767125792666 1.591028715835712
50.691947658128335 -35.5555405815054 1.5864377729567658
50.69504580665088 -34.56366570301504 1.5923766192304698
50.688222837164965 -33.599333599369864 1.6080151551206483
50.66710717325412 -32.588114384303125 1.5959259350836037
50.6847589199767 -31.591368676971317 1.6037838501075277
50.64314625571392 -30.622821813378764 1.5884830682163669
50.61839467143202 -29.589413501391725 1.5943345330416747
50.58277101344664 -28.611362074806223 1.592226322303132
50.5770638242719 -27.60490090201819 1.5859514958457688
50.546364922597775 -26.58918086011417 1.5946559203764306
50.51715047629138 -25.5952840473475 1.5932769218819731
50.52682895478651 -24.604259336463688 1.586833683588404
50.50369712620777 -23.61627975469268 1.5870339531263216
50.46942368164083 -22.632594103187728 1.5934364967696122
50.45858985804919 -21.599737362227778 1.5863879921230057
50.43315990119233 -20.590910159449358 1.5943530954252954
50.400814652215736 -19.60011117307064 1.5987892831658124
50.36169611033582 -18.59095683305369 1.620839012846185
50.34418951232266 -17.59445313549749 1.6016837473533154
50.329089154116915 -16.609179276334118 1.5994871642467328
50.296411208837036 -15.608614202978426 1.606705492284741
50.27146299763463 -14.614200492182139 1.597222453545311
50.24312092209731 -13.598447576071772 1.5924508505202934
50.19217532047676 -12.604302134522788 1.5980021271434992
50.168295388092524 -11.617011983681289 1.5954217707692082
50.16744556081695 -10.608153645915458 1.597762402508512
50.13380942834417 -9.597271903097514 1.5901758805265125
50.11313317248983 -8.596047327719312 1.5943843516635496
50.10057829223934 -7.610887324053632 1.5998696500547074
50.08177634975548 -6.605823605570546 1.5843635742371114
50.04662284102336 -5.634453380884227 1.5876253924379113
50.05330266183394 -4.6458681988017325 1.5922247647271148
50.013107158096716 -3.630337132039703 1.5828760418344818
49.991804335646414 -2.611030565044379 1.588399525480596
49.9965763753798 -1.6124878607990927 1.5873270192171118
49.96015183436644 -0.6162905344362621 1.592462027699716
49.95422947281819 0.3573071508968486 1.6006842295634354
48.92564697797341 0.33283841585307244 -3.1261558398860316
47.93985641558366 0.33919204446988954 -3.1210037887892046
46.942122690598126 0.30704225567215593 -3.122781289581103
45.932477236982095 0.29434448264386004 -3.1310682867316415
44.94328205250265 0.2666759253256121 -3.12887454567522
43.92561608578971 0.2658231797671389 -3.1325134269924555
42.91378127130923 0.23539759576255034 -3.1319357907688192
41.92668847575277 0.20458459267378348 3.141068774110648
40.94398948400726 0.18490848598757098 -3.1270795936844036
39.9374175503825 0.1669194733817181 -3.127776326305015
38.90892310032002 0.14047209663693863 3.139029725553888
37.930171483257304 0.12988819338554483 -3.132016475597463
36.942365397065814 0.14215980724184324 3.1413030352078124
35.924117427470016 0.13404081256517922 3.1414906557953377
34.90692045085805 0.1209661005659577 -3.133984301013703
33.89530935828616 0.1137713613010881 -3.1213854236970007
32.85014480965735 0.09071347754059758 -3.1248926307987817
31.870358488542806 0.0536762390366557 -3.121406652249636
30.869302152680376 0.0469691203513539 -3.1267112458696658
29.862391739281563 0.036985536677515835 -3.1378949878229525
28.88250922339227 0.028901465478693208 3.133988198508611
27.86717071964912 0.0782077134860617 3.1207746429721843
26.876611785321625 0.13991520811280417 3.132945709273757
25.898463329515103 0.17073263531575655 -3.14156993902605
24.890022931511464 0.1738265105188841 -3.1384087683735333
23.90737354410057 0.15784944720234403 -3.1359387562500465
22.901017151565693 0.18132478881437727 -3.1230077429027183
21.90026455648936 0.17335970033905027 -3.132408168950883
20.891942623611044 0.1654619320682107 3.140450225877361
19.899904640800127 0.16074571788296188 -3.136803557665842
18.88024461989655 0.14334492140000024 -3.135453408242719
17.89172194423006 0.13959617973673166 -3.1261522126104304
16.89905395796168 0.12764860293219632 -3.12472325917783
15.92624732338915 0.12752456086798106 -3.1320154666124527
14.906261474043447 0.1174287106289297 3.1386731536779533
14.917467715247124 1.1079008773874148 1.569174522825239
14.919393011757789 2.140346828908424 1.5848062132601393
14.886879052258923 3.133215166429012 1.5876164100260286
14.895249353621772 4.123149722872002 1.5874445618342494
14.864112078817692 5.136984753288907 1.59045841401155
14.86309936278122 6.147380499070016 1.5861220092102195
14.797334894196963 7.161162603907023 1.5746827149331681
14.758500322236463 8.180794665295082 1.5626886938263436
14.783985175229732 9.229941908043774 1.568167174889398
14.758084541361283 10.245309468372518 1.574638334799636
14.72822729084942 11.228029450957045 1.5927641115557232
14.709957775084677 12.246970025345952 1.5923261657795864
14.696995345857598 13.241940709564151 1.582243359261052
14.689234160700517 14.250337882338762 1.595905658999051
14.66537843214156 15.25533980078516 1.5893942233113165
14.640752013494296 16.260179463358014 1.5791418295935398
14.606150273303323 17.286338687386852 1.5867607512976027
14.576610956153036 18.289288511924806 1.585984875233102
14.57113755314194 19.278758897507263 1.582816655277226
14.554448380062484 20.272727273689007 1.5782437609376194
14.538003794323444 21.253775709204177 1.5805784209073934
14.544685137480748 22.28318420532782 1.5795204228443658
14.518857733407984 23.265221461663188 1.5810867833526288
14.484118488767104 24.283773321677327 1.5750828257861613
14.495275976989527 25.29369560488399 1.5758824706474128
15.493633945542067 25.282091149439648 -0.00019588718984183876
16.4978509309331 25.285051738475797 0.004232372480885956
17.491112808412584 25.234892679898746 0.006350616508594729
18.495310682856182 25.213712472073027 0.004763483908346219
19.516567973466728 25.21892921597545 0.0017620208370912127
20.53392688644818 25.241148915891717 -0.0021941537642407465
21.50336229693605 25.21160390526442 -0.012929298013386577
22.471278792832155 25.176720750868267 -0.0012964564660832374
23.485559029808865 25.184503924841998 0.0049104956721536565
24.464734268106632 25.185662086821704 -0.006482847431321626
25.484890457340114 25.145099134668648 -0.0033913161385962383
26.48896747673391 25.148194849752045 -0.004752661551137108
27.51137797972112 25.112721936519122 -0.004798858942757016
28.472084967651064 25.101758072735635 -0.015651876369394246
29.51121990525072 25.06871917580773 -0.011351094590756708
30.520680457255693 25.079963721807264 -0.008261176529460958
31.541909176961678 25.065245264773473 -0.00572662874255469
32.54711761926532 25.073763563292573 -0.006624162601009343
33.55883001107667 25.053370132578767 -0.008624169968784455
34.55770885633069 25.04901291086075 -0.008668548016987812
35.558370826640385 25.069017013116124 0.0004298407849203227
36.5404060239509 25.07656683007611 -0.0001688111109230158
37.54826323109603 25.0675067998446 -0.000632790426926194
38.55354330222809 25.033381122195976 0.008211128823856445
39.545896684819496 25.052703039224166 0.014111304447015617
40.55862453335369 25.081098123607273 0.022134608671838803
41.56753500907735 25.111607036510858 0.01032306975399473
42.55521624550811 25.111141818241627 0.014947305343894194
43.541816110218186 25.12720510415594 0.010688674235983539
44.55563847934953 25.123086038517577 0.019826335730550912
45.55574280586305 25.146359166085816 0.01726981227721657
46.5680324081255 25.17874968552289 0.015493428936823875
47.54471033893883 25.171550724579557 0.01523394776490607
48.54313441891725 25.212123073348295 0.016199875183286708
49.51112654917663 25.218394851494512 0.003606113107490591
49.525053099202204 26.218540461789324 1.5748488567197392
49.51799881721079 27.199446003391632 1.574470981843697
49.54076896580273 28.203883358780157 1.5759563249493358
49.528170763830786 29.196633467770045 1.5830418532991135
49.51697983229156 30.187120106556865 1.5788246577939637
49.51452801914825 31.19065512935629 1.5763867333845378
49.48719699960624 32.17327939779988 1.5766646581710406
49.47800427078108 33.166277300066575 1.5730244606392816
49.487244071531634 34.148996170558895 1.5725495104256602
49.474492242420396 35.143949592481114 1.5749761591218874
49.466042947887786 36.138050078256505 1.5632837129404793
49.472001247526165 37.15050562743054 1.5691092309646475
49.45978157408614 38.16072569496265 1.5664606326028823
49.42576666766278 39.16971096864569 1.5702912771917237
49.45356766651833 40.15821904512522 1.5684965238174988
49.50408004540077 41.130146314395006 1.5543625961241225
49.52204656923148 42.10755467332576 1.560510453660676
49.471304364839874 43.10470442084422 1.571715956522547
49.466729892815785 44.134611989716 1.5926082166453324
49.44231936804046 45.16087966596583 1.5803181843984135
49.44282121070699 46.15274976472721 1.5782961677522098
49.43576447129911 47.13716797810798 1.5826824715386572
49.41228209799856 48.13001390566713 1.578714563295533
49.39709605954946 49.14171458134632 1.582991379736383
49.38159690822641 50.15899636407902 1.5803842943382411
48.38467857911143 50.1137722918323 -3.1217947444406855
47.38657565115575 50.08979692574506 -3.1250111026558334
46.38527734975199 50.08986355515711 -3.13611637424548
45.40101011939141 50.075104813553295 -3.1301231016697266
44.40551341758857 50.071592620162114 -3.1253123391507827
43.407818585723575 50.03982495857517 -3.128910849715611
42.40293379298055 50.02986102429327 -3.1271180636275724
41.40202819843173 50.02670436505674 -3.133221101242639
40.38351741260524 49.99771633588539 -3.1308117016352126
39.39856433346414 49.989981693589804 -3.1243358385938893
38.403058708063746 49.9638434958977 -3.116868496168295
37.38990280307509 49.924260314971505 -3.1194269037911893
36.377320057922205 49.92102331204686 -3.1012613352791596
35.38426128003329 49.8826289293954 -3.1070864771613502
34.38535329065698 49.811688489232026 -3.093512677151422
33.41027062238462 49.73842579105165 -3.085937567764583
32.408634064290034 49.66922959277023 -3.083944024229954
31.403103398908502 49.61291832913288 -3.094961659792845
30.41019936079211 49.5686388975864 -3.0796122689841496
29.41342449345991 49.536860615456064 -3.088683676438951
28.405363134309454 49.449946543727634 -3.0864165923167013
27.423270795402296 49.40264534986943 -3.0836738179064214
26.457945306772345 49.34467355513468 -3.077975131019552
25.46916420706858 49.28702395802791 -3.091540791017912
24.46286961891991 49.24564189195369 -3.09743106202149
23.453352584267847 49.15645501492286 -3.1045586091228152
22.44966126433165 49.11384248528154 -3.103135279931618
21.45487008411777 49.05425908349568 -3.116625706900427
20.44211170335286 49.02431237298246 -3.122601435622252
19.45092057585117 48.99964905841382 -3.129855499479396
18.443107354217318 48.95692410016837 -3.117885497126106
17.456919077794833 48.94548274897427 -3.1086414484882177
16.478923232522096 49.02500113899543 -3.048267178468483
15.457815163429833 48.91731576984332 -3.0939313418323406
14.463453281146256 48.83305058340772 -3.130722836917282
13.525998580176841 48.75117155472591 3.128135735388608
12.56438458743427 48.70428913662149 3.1346905540838135
11.575293229081822 48.69582729438816 3.133617991483648
10.588994109012138 48.64945717993789 3.1081351351582738
9.660615466901843 48.648358363126235 3.09762756270961
8.70284585668408 48.62264381112499 3.095481314393618
7.711857025333681 48.64052418374543 3.0923612753307665
6.728508509410818 48.70148582646878 3.0767992272917244
5.740121200151213 48.74826949508809 3.0756811665783808
4.72718954975849 48.79233558147664 3.06356696845002
3.6874692072245208 48.89715831973179 3.0798812401248825
2.6260889839204467 48.95936824122484 3.088023140286562
1.5926622238314754 49.036011718591325 3.0926796274786894
0.5982495472764278 49.0859784735074 3.092860644385112
-0.4094648148897125 49.135053804649246 3.086420935132313
-1.4170365885872866 49.174459350795395 3.104540425814217
-2.430664900429083 49.22082293000616 3.0991060495300307
-3.468067602791803 49.25570674049274 3.115707336907736
-4.469426940769314 49.294541986983376 3.117792616586842
-5.480480169264597 49.31131215886069 3.1270177390752645
-6.504600835416361 49.36765820840352 3.123010671676809
-7.525792773606191 49.37357226440291 3.111320317045084
-8.53212532883785 49.38409909774991 3.102797080340348
-9.517585555740265 49.428850278818445 3.1125415456015384
-10.504232198977169 49.46076260137686 3.116351778694539
-11.510002185162678 49.45052726323897 3.1197922087166243
-12.50786709361928 49.496682645789036 3.1195137266195214
-13.481025398160625 49.52640598516803 3.1290922628207256
-14.47690284116558 49.524066273693975 3.124639234348042
-15.508354420590207 49.516198469123495 3.1302302374789073
-16.508894362281538 49.55145252698791 3.13126014954409
-17.503753248892878 49.53667806729012 3.1188553735027056
-18.501159024783288 49.555776052936395 3.1292186373034347
-19.53260335201115 49.53648879384197 3.1158033501177136
-20.569077337421085 49.51357218205507 3.0988041583972583
-20.608315156639932 48.52129433391349 -1.6139115887174813
-20.578107735248004 47.568562826313595 -1.5951351675408119
-20.61568027481682 46.5622819406938 -1.5974670712887347
-20.664156762590178 45.53453830786355 -1.5859624706505562
-20.662614896680203 44.582651345484145 -1.576924764516941
-19.659392395091892 44.58436660024448 -0.012385371161814275
-18.652071649121986 44.59739814047545 -0.013754153257771243
-17.65836822120396 44.56843705373807 -0.025739378789263613
-16.67378490133348 44.5471162566321 -0.009111148572709584
-15.660461326439304 44.53704434432833 -0.010345925991040915
-14.676261348772343 44.51345823923111 -0.004841258494053048
-13.689298099513444 44.51484023356991 -0.002145157378306647
-12.685410579149101 44.51183385183861 -0.015348246351609212
-11.676016143517137 44.483145499959335 -0.004354816576687291
-10.672821288019692 44.48240424919484 0.0011276371232149395
-10.684049646794048 43.48319531484066 -1.5724126155417837
-10.687474346789879 42.47558246066618 -1.5714416225411634
-10.667324060649703 41.48180245015509 -1.5731711559908002
-10.691303553465822 40.478176427900465 -1.5691756899220526
-10.686380146666275 39.484950045524485 -1.566713878999194
-10.6887323005266 38.48429522126979 -1.5659792877624086
-10.703018129960341 37.503939451379324 -1.558077480786959
-10.695621479166425 36.53207926597716 -1.5540961968574898
-10.662304118379513 35.53657479992207 -1.551944446183922
-10.617779896439478 34.52887942555449 -1.5327154533545655
-10.586098530792578 33.50384677985591 -1.5342722974029985
-10.55576622718806 32.52294743026767 -1.5561650464213117
-10.549160769168273 31.528291897185937 -1.5473287465744465
-10.537990339136977 30.549198367347074 -1.55560239880731
-10.540417685213999 29.56884426621776 -1.5499559226808057
-10.540339710818746 28.592979756692664 -1.5449355248438141
-10.524288283232258 27.598825816543794 -1.5410255573111078
-10.457585692596794 26.595590073156565 -1.5429185806436025
-10.465682829303153 25.605601378503547 -1.5413830279738114
-10.42721846537311 24.609452613330095 -1.5332879161868518
-11.443255554093126 24.607109708574765 -3.1165475167122976
-12.453901563280816 24.581628877662 -3.10625802492703
-13.422156911662114 24.562168074329755 -3.113861508342204
-14.432219343867567 24.547231269989375 -3.1131120376441035
-15.459597016916009 24.53175317786942 -3.1206805623292406
-15.442316284075563 23.49394538577388 -1.5544228764825938
-15.411575929816644 22.49956519923281 -1.5564423279213904
-15.406097803912596 21.49218553663004 -1.5480071300505007
-15.369221039784417 20.52714944429085 -1.5488560162637297
-15.322769869021823 19.51959358737681 -1.5596983812476737
-15.289867393185244 18.529184171204744 -1.5714091385831728
-15.318797373581175 17.530091923162104 -1.546016501430017
-15.277238669700445 16.582215166590615 -1.5448287870935637
-15.267029391333534 15.626883908895879 -1.5542160620784917
-15.241638642020359 14.638794128556643 -1.5601178403705818
-14.26474606582423 14.6562864923546 0.007728712251264626
-13.242293536941807 14.692258036028557 0.01103673128204562
-12.276169631561933 14.702635263978893 0.008419240019822657
-11.29012096493255 14.723582334428052 0.017311425242600074
-10.267214361305012 14.757193408580811 0.022570304201714627
-9.267994869955112 14.783870263666689 0.021429042175824583
-8.270029531286845 14.831571650866056 0.025025658470793122
-7.28125699101008 14.817950035411291 0.022484103403013687
-6.280229107926636 14.836265840709943 0.0234118239678958
-5.287037089622513 14.84935971470594 0.028561255313547043
-4.292932287511673 14.881514777287544 0.030220117870537955
-3.2968272366912355 14.885592252942743 0.031364854960002145
-2.293761259222114 14.899920218833705 0.02442269024535142
-1.2857155062811945 14.938447164627693 0.025851434880227533
-0.30991124026904615 14.986044637197486 0.02439596594106369
-0.3015972334522147 15.999003405305292 1.606715394813551
-0.3377439700151571 16.9632940500557 1.6072773461706131
-0.3454447748055295 17.968111736364047 1.6093999457735455
-0.394985669192869 18.962277248216175 1.6072319246822944
-0.4399810524756004 19.98221763461538 1.5984195721025007
0.5789067993327883 20.048108013748234 0.032954784313575444
1.5602427291338514 20.071799695053635 0.03367010890760784
2.575390865746417 20.11637540047072 0.028401074306533616
3.589166891487762 20.13168586951415 0.02918472561834504
4.604033361870049 20.152469287460864 0.027204234919130505
5.624362056313833 20.17220634589731 0.032481954999867224
6.627753657962377 20.210928880447547 0.03711922177738767
7.631092172012397 20.2451878471882 0.02180422551829045
8.630207856980215 20.259364363937262 0.016072169980941953
9.614212806198683 20.2630890506333 0.0037475150589894356
10.595410183037627 20.242984267823793 0.0033277056068493557
11.58973810933549 20.243709997444427 0.004518113824653577
12.565824722180398 20.247340464420624 0.01460748777987399
13.548589358179106 20.27798494920556 0.010670705978523265
14.548510472513515 20.289576765849127 0.005153485826599022
14.54785610436784 21.27592092032892 1.5881138378600512
14.543490944862334 22.269384228273058 1.577274154812699
14.513408698215818 23.2716171867759 1.5885772770916835
14.485758277143825 24.30803949527817 1.5784991802740227
14.537753936390722 25.305443305344276 1.5835950528745648
14.496042029200584 26.297971159587917 1.5860125184182923
14.491538360082817 27.277835684692274 1.5698205254819793
14.484688511240014 28.283793343812683 1.5589654195627476
14.465534203691446 29.31955071029666 1.5563917010662343
14.490328361368675 30.34414107616028 1.5533470132165617
14.516499555673654 31.355226187247666 1.557518420232496
14.484366918549048 32.38865149057099 1.5372379183768101
14.50051574861014 33.391957606139556 1.5274514665912098
14.540720674019386 34.419122583323656 1.5246979987005878
14.586916075181412 35.46664570196432 1.510580841558499
14.621806924750567 36.486803395018065 1.4841142057764993
14.716057477681508 37.54493097986785 1.4563000821973278
14.848797908408951 38.5596056280499 1.4558487265334483
14.977099472992602 39.585853668230335 1.4478821582108852
15.111143696106891 40.62121012196615 1.4498023192601175
15.316084350379619 41.62878638138666 1.4379037189393633
15.55442892299577 42.64687672062994 1.4265119861990128
15.608875177263505 43.319279572914766 1.8956988462054492
15.490847484816113 44.12959125685438 1.9043637476838144
15.357869372388814 44.90699849958147 1.926463512621933
15.21066111571912 45.677136573178586 1.9390826134028334
15.062945613614108 46.4674602207042 1.9550937764760612
14.899957028328007 47.20751329532169 1.9792163358860633
14.16364439914141 47.542980482073546 1.2817051719043249
14.470787419292174 48.761943917313815 1.4783218177804112
15.444617863667018 48.835119244877575 -0.02796034628979658
16.445904761940813 48.890189662308224 0.005133431528300397
17.450033071770775 48.91634691586518 0.002405210683718247
18.443340838157937 48.97056616713742 0.004484624065010919
19.456785346391737 48.96866999615718 0.016868902292151735
20.447833773040376 49.004191412483934 0.027389396981810123
21.42741435278611 49.08245351956139 0.040197541552454065
22.45024458113262 49.129933139068044 0.04891725032919958
23.46584204948648 49.17116747711193 0.04694213635285982
24.434045812294194 49.219281984388736 0.05664173485935441
25.440574561104494 49.275186673670284 0.06084981005131927
26.461471959394437 49.355228206139245 0.05706347951803646
27.449412343395068 49.396407337300815 0.0611685510738718
28.405664371740492 49.454926123682 0.06822346356292655
29.437775125286507 49.52182634776969 0.06237685427889654
30.415737211440067 49.57987648241743 0.045203017562301516
31.40331753235859 49.63095209357646 0.05192673444265251
32.41308999408251 49.68158534536226 0.05957069239934508
33.41645451803256 49.76087429828797 0.04114695743007622
34.4185666652081 49.813005217947705 0.03038045766785956
34.456713276513604 48.81779999946909 -1.542839284340731
34.47220905510591 47.81601397820333 -1.5393237728183853
34.5027519744022 46.83597160970808 -1.5420217185603677
34.539594681833364 45.86000415360456 -1.5416907185519353
34.59542034764283 44.89432066830673 -1.5451560571697802
34.61396391343217 43.887018580467355 -1.5521999303953002
34.62936883167451 42.87468884452058 -1.562307544781582
34.65254995473709 41.889895220471296 -1.5739374496789704
34.6728001171811 40.88681775535813 -1.5785924861952987
34.66773784427361 39.885534386210104 -1.5650981883463502
34.66382341101387 38.860938592660546 -1.5560578717607052
34.66422862501646 37.883007523737305 -1.5559181498352035
34.669692231567716 36.911492093077484 -1.5493824271818089
34.66425186828589 35.8829701799896 -1.5577221301764843
34.655175785883316 34.881974118515046 -1.5555058642154256
33.66750114679073 34.85276050442654 -3.1256379561396965
32.676287734620765 34.81948574856512 -3.1283763002189313
31.666931108745082 34.77824604436507 -3.1375363165859707
30.67208767769965 34.82183265940711 -3.137873264990357
29.665923833904827 34.80051981150754 3.1414642955230643
28.67172229067101 34.786867785840684 3.137148034297366
27.66117489272506 34.78711989666209 3.115242606670926
26.665949246446658 34.83701912959259 3.119512615402206
25.664440032563792 34.88863344324447 3.1164480352364334
24.697710011399096 34.92509775486567 3.1354400264045386
23.669833428710906 34.923684846602704 3.125603139395681
22.646038742737353 34.93174095434506 3.135538256391466
21.61464807819747 34.96022341576584 3.12822462447414
20.599682723670536 34.965520906187244 3.1176597923814664
19.57840627482129 35.0093456534245 3.1128533756725707
18.559688033847973 35.106454113389496 3.113422625073088
17.545924140706557 35.17060195847186 3.1109174640637405
16.55823872330795 35.27188973840947 3.1118119059185827
15.564780620870433 35.34545118973866 3.099903570794935
14.587985735704112 35.430388914939854 3.095240629288941
13.55633676695 35.50423146056241 3.0907734455090146
12.498919949397491 35.52141576184345 3.1056607999618526
11.457523749083006 35.52711426662938 3.1142545479450225
10.418916183878023 35.53091511451817 3.131316716188039
9.352940679387528 35.51035296332718 -3.131477412169589
8.305696608935905 35.44207818039723 -3.1172195420937334
7.3141205390139294 35.371145663249244 -3.106094725361456
6.26757578157579 35.232989890114126 -3.094295338794008
5.234044152542453 35.14842244562058 -3.0746344881330763
4.206357750202304 35.11513567481163 -3.0657289443649827
3.2384595641375746 34.99521898505286 -3.0723181994679454
2.20851552329142 34.93143690440927 -3.0757291064768544
1.1810702431287958 34.86447932937982 -3.071040784207892
0.1608896246754591 34.81009509529336 -3.086206619624628
-0.8380108191488005 34.79370539856663 -3.090616455216177
-0.7650839671152381 33.787114589353365 -1.5220231303889329
-0.6884812228150483 32.760178595783294 -1.536121973471684
-0.6229156724455666 31.765476283016874 -1.5264019003975235
-0.604654026222127 30.785398031630304 -1.5418798032025185
-0.5682891137183615 29.79164472335208 -1.5384069697845184
-1.5510440675620658 29.79339763063244 -3.1185383048316897
-2.5496113697935314 29.788507796441074 -3.1157626406737298
-3.5713146855101368 29.753883192228365 -3.1139032469895818
-4.594206747656824 29.761236670832986 -3.1177269111393198
-5.582756757246996 29.737845810419586 -3.123102684714783
-6.549588610135982 29.725302019351453 -3.124203981904928
-7.569611776184131 29.67104502006825 -3.1186968244587003
-8.545101965331293 29.651532748517017 -3.129748984326361
-9.539512586677771 29.65309720310195 -3.1117403497799137
-10.556202868882798 29.59479221325964 -3.130574352607198
-11.556118210720461 29.57546134203954 -3.1149890087019423
-12.509673342333924 29.55388181250705 -3.1153534903270854
-13.481539579353079 29.523533639504596 -3.1213995960317447
-14.493536006154898 29.50630205916333 -3.114535091285378
-15.491923946764558 29.508873680686534 -3.124857496241583
-16.50872205234194 29.48715006660087 -3.1402343084856312
-17.486197981447507 29.464081091929867 -3.1257046712181182
-18.505183464210184 29.440629620739756 -3.1359999598052584
-19.532622959203103 29.433605826315592 -3.139426628800233
-20.52466513366725 29.432244062646692 3.1345067693471833
-21.513178835308032 29.433471326201815 3.127114222717856
-22.50351893322603 29.43115142396521 3.12032249136427
-23.51345886001305 29.48018245004164 3.122341537112309
-24.51199330030088 29.488799905513414 3.122737731896068
-25.51846506889527 29.55285203481013 3.1314422828443154
-26.506818779316813 29.593554124063402 3.137401870739468
-27.53876103783894 29.543206117140123 -3.1403120228456256
-28.532073627797434 29.537379152676223 -3.126146762034654
-29.549297437485333 29.5549176241765 -3.134616069906913
-30.522409837735047 29.554901664046035 -3.1263812972063856
-31.534555906122257 29.550366344691604 3.1408247230222788
-32.53966053550501 29.54799946740744 -3.135649737481118
-33.533108624125376 29.541695401006795 3.1356081578175123
-34.53044896910543 29.522471600684575 -3.1305295510771693
-35.53210995216558 29.513884424339203 -3.138266807812058
-36.53672039642218 29.48564729304437 -3.129320013142242
-37.52929775607473 29.48705433726993 -3.1274735488316647
-38.52473241869841 29.474180582865632 3.1299658338042975
-39.557360329440016 29.487297289932997 -3.140741825490544
-40.57480177027078 29.49833126189345 3.137635761277053
-41.55297080735591 29.50667039386272 -3.1280437102037264
-42.538057411080516 29.457788932537735 -3.1356636899898382
-43.514452149225654 29.454282907049247 -3.1296115735938446
-44.55148221028946 29.447682572224334 -3.1292225475147477
-45.55165236934389 29.418808323144194 -3.1366691373858946
-46.54575823896506 29.422537699737404 -3.130498909430967
-47.536976244530955 29.41227284545264 3.1389632338483913
-48.54343386870785 29.450051013372715 3.13802725244179
-49.534677576184535 29.44539958955813 3.1356837720079396
-50.51868362344119 29.45621919296109 3.1359964805930245
-50.52180263976265 30.44861408033286 1.5712098419182203
-50.51833679336159 31.427064014196002 1.5742944662193163
-50.51901984581341 32.39986549307565 1.5740422722847174
-50.52247995836146 33.40812293400209 1.5640598167990336
-50.52767408019296 34.411862264977145 1.5657445093374978
-50.499821337400704 35.4086041034835 1.5709155161975141
-50.51999123881187 36.41808448117554 1.5666675903197695
-50.5101634268246 37.4169532695356 1.5649279449747862
-50.51777312529311 38.43760121294943 1.5644746115706356
-50.49759814424232 39.40808843316785 1.5758414583832796
-50.51361367562826 40.437604471540105 1.5616574675854893
-50.52108206430946 41.431019158699385 1.5547879301613803
-50.49960894790542 42.43578348101486 1.560903402617486
-50.520995397791225 43.436120552582246 1.5536840087760913
-50.50235996348497 44.43095103790266 1.559380485433381
-49.52309958374573 44.43523600800309 -0.00917274612250028
-48.54225292527944 44.44630534331487 -0.004632851333418562
-47.55682369863124 44.456588765765936 -0.007266745822194679
-46.557550633104626 44.462567947281904 -0.007375070628994419
-45.5620271031925 44.45611763904854 -0.009605826752867436
-44.58215658534665 44.47041308839067 -0.00763425886767042
-43.576345410002205 44.449490024160866 -0.0024418090402489666
-42.565605203873346 44.43417327787894 -0.006724946015467176
-41.58384717338223 44.454419139910286 0.002093529846116032
-40.587815452518925 44.45989401190827 0.015656389756750894
-39.56520863003091 44.473787485232975 0.006176865588471814
-38.56641127190039 44.49581442695235 0.00986360689019628
-37.55963713606192 44.48096474149 0.002918769330983654
-36.58280234056677 44.469707448239284 -0.010249224577886181
-35.577541244593355 44.475443785103664 -0.01593518902130623
-34.56660914607241 44.464782374720635 -0.0027257918063863726
-33.56242852610602 44.47674795933582 -0.0008695751398409633
-32.590887072521944 44.479138880030234 -0.020520992960365993
-31.585836507848878 44.49428956054613 -0.015321985239581594
-30.572517314564568 44.50609424238932 -0.004083388154007446
-29.584371882506385 44.518983600898345 -0.0021657880233038568
-28.634167257669876 44.54232216106216 0.0015017768546532675
-27.649696037968173 44.56197318928213 -0.001559932003684299
-26.665786378328804 44.52103508938602 -0.015785952781462498
-25.66611207586454 44.543290944225035 -0.018603436016108532
-24.676486194284745 44.55626760533287 -0.006183022016434013
-23.684090722765035 44.55492430742936 -0.0034227662101752997
-22.654981105946803 44.58632394688799 -0.0031662537718709616
-21.640439708690387 44.587987251901005 0.0019169639809358714
-20.63827207887712 44.5850260846121 -0.005798972327301181
-19.64021585338686 44.55214916003828 -0.013710822418116695
-18.646008589742912 44.549103518858175 -0.010643528903750627
-17.654854551050423 44.544708602149974 -0.008286601265068336
-16.633746078099463 44.547123170676784 -0.009455776430396417
-15.66092520706658 44.54808484846658 -0.009286853916608528
-14.672616300078577 44.50015760701911 -0.004237654657448643
-13.691505868562187 44.4801817518406 -0.005158657331968742
-12.675853652587676 44.479909325362904 -0.0011053665702145145
-11.674941279134876 44.48348082739605 0.003228915117358928
-10.670408220119317 44.48577174917801 -0.007055065242619693
-9.718330242102422 44.45847524769627 -0.019573246518215154
-8.771906174171477 44.44234088314007 -0.01981075067173997
-7.778823455301897 44.4116245631481 -0.023597920318788778
-6.7945835506645516 44.37507432072619 -0.009338156478550526
-5.814491429493795 44.360418768932334 -0.00014639880572813623
-4.803651416108046 44.32518220902127 -0.003650675718409166
-3.89237700902597 44.272806922803206 -0.018774151737954006
-2.926889513574772 44.2064082318136 0.005122689871295216
-2.014622123830419 44.176491348566216 0.01674638340543275
-1.0528719014409698 44.16524792020496 0.03729631461291452
-0.11604724302560054 44.18304178982495 0.06836305470033638
0.8171674470918502 44.20010407961958 0.09882474381099633
1.8609341722570236 44.25451208768694 0.10139605320629715
2.7787980935434877 44.43451891377792 0.1381687411688529
3.6853401840122686 44.62985327884899 0.16913423022648436
4.603713287263125 44.79626368679522 0.16234714504365055
5.650097802555399 44.89796956352889 0.1882917235279446
6.898017929639268 44.81728051897423 0.1956141449667534
8.129449457366922 44.72586360245815 0.21520040957033498
9.308089399418368 44.64543758639585 0.2418388127750802
10.495323969706764 44.600095365651704 0.27942225436906654
11.703136784904707 44.577960778679895 0.3182857999564689
12.915236059919565 44.59407699801571 0.395500682595944
13.884270257465435 44.73940479170999 0.5674342448170034
14.781234630357929 45.046831906158616 0.7329274719367666
17.565328479133964 44.24660704033426 3.046564236816296
16.536179069116532 43.84039684873901 -2.6289782346272093
15.588254946911192 42.90879589417346 -2.0666828104324857
15.293035552750451 41.77275856591664 -1.859161435464941
15.063746168872079 40.7137700680906 -1.784098723470015
14.917495700814449 39.63227605132796 -1.7320903939098646
14.817300214200621 38.59720361856147 -1.6972699528094193
14.730906580475223 37.5350669174006 -1.673444245885364
14.61465684238432 36.47763976274099 -1.6431664602741176
14.590061676347183 35.418022193090245 -1.6226048003138003
14.54684020501013 34.41262967410792 -1.605722085974931
14.511294354187909 33.36827735133286 -1.5977336210905417
14.478739514136121 32.37596670416532 -1.5840658527634754
14.478235190370063 31.35622182837198 -1.5857719700348911
14.49253178366652 30.336132107660006 -1.58083177782982
14.478586828741216 29.325114969082836 -1.5860056528566553
14.477135186477339 28.31355822793121 -1.5894459433627177
14.479824007877395 27.298623806212916 -1.5763286161292784
14.485315572308483 26.294940096166712 -1.5627259096868098
14.513534251810063 25.311291144846006 -1.571558170629691
14.502705355890342 24.30983860319682 -1.569235081717513
14.527134614004222 23.288816942198412 -1.5639209140698724
14.520609536732564 22.279025207218698 -1.5586358244290324
14.545064087079139 21.27520980985649 -1.5690031000211206
14.551506340907236 20.264110287373317 -1.5537297279392557
14.598792327707871 19.250741042783854 -1.5649492293659204
14.63294570269345 18.248992767321297 -1.569393439541213
14.614313930663336 17.262633398421624 -1.5606881051692338
14.669994935607457 16.27926202417863 -1.5536488699987
14.70876486461642 15.267789393678829 -1.5574289048443735
13.68865199315775 15.234578718490502 -3.1178393315552757
12.69657235574727 15.252688206696892 -3.130523758393881
11.714124422987076 15.27874425893411 -3.1233070566574495
10.712537669752177 15.260533924268467 -3.1198734719901426
9.73635854546445 15.272121186146581 -3.1153883749428983
8.759048632406111 15.247394651975597 -3.120797880559298
7.773978206462218 15.234158740304665 -3.105165538757489
6.785607367806509 15.186120673972004 -3.1003428845544074
5.766304214566535 15.151791676722318 -3.115152103803496
4.790931010613836 15.13690198773084 -3.1217403619420194
4.746986435733743 16.14074046210461 1.6014897246252515
4.734183749144442 17.156008698994867 1.6011115849073285
4.737276570365645 18.15824473394201 1.6026702504723382
4.705391579253076 19.177135209936303 1.6107466084002555
4.656867405980938 20.188175139831703 1.6037792060094849
4.644100521369168 21.184875094965296 1.6112665540130167
4.632516531363581 22.197569008087935 1.6084752355113818
4.56954549370209 23.202923444464027 1.6138698725670464
4.509913146779651 24.1945451761856 1.6243224124707993
4.42088439476418 25.158095899274585 1.6272668752214177
4.1741736050535 26.044439273040428 1.6245513616653147
3.5225997187503637 28.78918570897911 1.6237872852801332
3.297209534683514 29.863037064436657 1.6167603028024509
3.1641258586010395 31.016697279814696 1.6264575269923163
2.9882117108538466 32.18136256868397 1.6362142276521594
2.7688199137004403 33.46657459465883 1.6334003933974564
2.6860049435994604 34.60484749370373 1.6406712512400852
2.5800122234289447 35.771785993729885 1.6371510554600999
2.454793735734711 36.88431655406365 1.6300619731509332
2.3267292154497383 37.954269277696135 1.6372854735156532
2.3038910681996825 38.90792376457343 1.6483617628418075
2.1816957790613145 39.98830060587639 1.640666284160398
1.9964847787760363 41.088612212469066 1.6551498131364435
1.8390335852587398 42.145932490759265 1.6784697055855295
1.6512271289257008 43.19653241709163 1.6844354339104244
1.411298972439738 44.37052156518875 1.686222830359459
1.1662314686094994 45.528150388793534 1.6963614436739818
0.9699654486526867 46.52353407802029 1.7041312964377804
0.7412072020245404 47.55605156101333 1.7127109708576405
0.4817618539273312 48.66805925810099 1.684051678881075
0.0056102849278900635 50.0615532045424 1.5473207056897402
22.27313000771083 58.02893807067114 1.5428523880658889
21.643300007295938 59.800348116014234 1.50119323842418
21.736720307824697 60.9158470619449 1.52391623842418
