-1.4077393427904988e-15 2.6105508184596955e-15 8.496526557503789e-14
0.960988440847198 -0.15242186158943127 -0.021797820690103963
1.2910419302809684 0.44381612370450707 0.6394375859887734
2.280892699387783 1.0290030273798825 0.44228972281993745
2.7675663416817513 1.78794617453352 0.6981647862080176
3.355466553854769 2.592359689077937 0.8305357832295118
3.980728394988558 3.2930345172073743 0.8334227904668884
4.747070432179981 3.8267453256027344 0.7256949110830978
5.595760348446708 4.267245653112347 0.633493182744329
6.426581469527348 4.75347823267024 0.5863655640256467
7.279690759419226 5.267710661347322 0.5760602723091488
8.109432709446379 5.799384173562644 0.570183539938303
8.968464306338234 6.310077688837655 0.5727021131613744
9.900631950817784 6.746058615684448 0.5723653551733986
10.801291568880709 7.159916452554107 0.5557960603748743
11.74220894690719 7.544988459255321 0.5470086570303936
12.626660133234296 8.015985060944338 0.5527883090639946
13.488944214663153 8.529903918705491 0.5573011941222281
14.389537432641843 8.998540010356574 0.5633719951555467
15.251156312518452 9.502587710742874 0.5755338869815783
16.142384337757857 9.982168651475574 0.5810741988034751
16.966487885668545 10.574308514491182 0.5753623378578809
17.811435692402515 11.144854083322599 0.5896843765861384
18.6818772131453 11.67088122435266 0.5903433264688591
19.51605927174151 12.233001093111952 0.5826943972961975
20.346438522470585 12.79915080900651 0.5930754008830361
19.503378796450583 12.255463960081668 -2.5498503304847433
18.659656899022192 11.68175095948121 -2.5543226456383787
17.825358668132804 11.12020326950108 -2.565612848827256
16.978770349635504 10.552802861434003 -2.554401905111049
16.135804883229838 9.995265329091227 -2.55600185423767
15.58625838659846 10.785721267206931 2.1642602673154445
15.006355214271604 11.601011668688939 2.15988893719656
14.444302700617692 12.320871442370175 2.150263888137547
13.943171416631374 13.091447878575924 2.1519311103975243
13.406005299272696 13.864388810814024 2.1558412653069645
14.289994913309597 14.24797182079253 0.6161215792875878
15.100628828458605 14.803012640265658 0.6171821459795997
15.983687427439197 15.14768427664518 0.6792504439622217
16.76109788083283 15.771940963386418 0.6734506856925598
17.546026999426363 16.238610917572213 0.7329482134147955
18.30067386598195 16.821224103031522 0.7660090719192127
19.01819335097636 17.28372777902377 0.8463050524144019
19.696566843959772 17.727699080292414 0.9816060073078043
20.34091845108381 18.3842128786746 0.9728324044914911
21.015673899135848 19.02489562527855 0.9628148686015797
21.670649197935624 19.600328647385684 0.9741914488099971
22.54583800839335 19.9458740366044 1.0412881510431877
23.40900099955568 20.432865524148504 1.0961550701892704
24.27013016045988 21.107843547871127 1.1177083341461282
25.080657163636758 21.746110125387872 1.1558898717981574
25.86292850859288 22.434821372586093 1.1992150293543824
26.55592114792353 23.12178007610895 1.2660903187364865
27.20234898523644 23.85411152885602 1.3318788022896528
27.633437852483535 24.7440181862029 1.3843978472432652
27.808881852942456 25.674513218704877 1.35560312958924
28.111257283563834 26.506895247072233 1.3583255412056239
28.66878371539693 26.824079969453337 1.2484547203141432
29.298678670465232 27.082869555947443 1.1878945111508037
30.11591668890564 27.007742684181455 1.1808120398686386
30.616344983955944 27.851935033548692 1.1204621327357471
31.095198222098354 28.69185599611198 1.1084347397464736
31.615931600950635 29.414422922551434 1.1084840798945423
32.26268114974939 30.170682847690227 1.0983293554784168
32.936641683946455 30.89002553417905 1.0858575372300143
33.67668977107638 31.61428716347639 1.083978638128947
32.86998107001688 31.682259781334388 2.7101277445455536
32.26368629911642 31.37553806808276 2.771473095502953
31.629357775614356 30.980262840485324 2.823319139212138
30.97737238780039 30.553579814239832 2.8329792272477428
30.062637850560623 30.321484374518008 2.7914459224439425
29.26924933176608 30.065535700233497 2.7792739625337024
28.573549559142577 29.79592217272018 2.7560506346102014
27.839806376118897 29.592010338401533 2.7054421904106105
27.12318057168166 29.40312851545672 2.639760113420079
26.54410888078387 29.203519305219963 2.5502781991960526
25.96824172045683 29.09535711985373 2.463016402468509
25.811968629783742 29.028835113992862 2.315977769859256
25.7576682671482 29.087069914847593 2.1464348196087726
25.870967840426864 29.24314355899187 2.000896285120327
26.163271087629603 29.481538338804334 1.8392241114240873
26.612449029633293 29.801402702959596 1.6888121334052135
27.21029003343133 30.127270869200867 1.5454437961492
27.92055140642013 30.50170598603671 1.4286586977278577
28.14207076350281 31.387990858416533 1.412242135044662
28.424335956370452 32.25991215610346 1.403053942439738
28.671135812588854 33.21097911173336 1.4020086726879384
28.865349485566185 34.198130760710434 1.4120189239044347
29.076901837757056 35.18074889981607 1.4273702511833926
29.2588322193457 36.15924432502191 1.4408335676364474
29.42268441882225 37.129347762803135 1.4434065393689546
28.6010095480833 37.06403108316098 2.999673343429394
27.964091119631725 36.92652912354398 2.982185127944816
27.327078922421617 36.78111082326355 2.944952196909047
26.345462438799167 36.96611757339387 2.9478725700293182
25.456684766151778 37.08622086985547 2.9381427794552164
25.539206055169267 38.13954357023946 1.3993287473905476
25.64689638359228 39.130159387255574 1.4157650415407341
25.54408390627628 40.314094110359655 1.4531607382101346
25.515813010304633 41.45092267459383 1.461570514584451
25.467579995028746 42.548881415987246 1.4966094706866928
25.44518528332914 43.65998991668054 1.498179151234437
25.455512186705132 44.71557781036396 1.5056055038440583
25.367394947574137 45.846333905962155 1.4985352622391555
25.234393677360448 47.00609519926834 1.4867245898539345
25.20665419780947 48.1467509458453 1.4704596980996765
25.29411179278317 49.175417678660985 1.4899638030298294
25.272542088544274 50.300162490302114 1.47779689240051
25.27600620288548 51.38131672698319 1.4842210414905714
25.296129219720047 52.42943821241717 1.4941690212012515
25.36042802168835 53.48433506007391 1.5028739477434625
25.193133352419714 54.736186168946944 1.4942488173401458
25.02806372856639 55.96308753653225 1.4910013427472955
24.966701022831966 57.15387276500008 1.475275326355804
25.014101679029718 58.24890977720888 1.4709768845175533
25.084742518561367 59.30269912457119 1.4787044895525192
24.026119478892323 59.404894790193495 3.0441895983578653
22.971076174654982 59.56701945962634 3.047870846473797
21.837956578988738 59.773814840423945 3.0607183091602286
20.79312114740018 59.897325543973274 3.0600950818781483
19.687736178545244 60.10640698825125 3.055795179787259
19.556513822932825 59.125255526383626 -1.63939259114331
19.451780849494885 58.136369043008706 -1.6299943501628988
19.349325473156593 57.46542387957905 -1.691854814934157
19.194746668537082 56.783610051504816 -1.7301016811423822
18.981064154901865 56.063605347571524 -1.8020589537618827
18.6898969639632 55.26236862027132 -1.8486601921945016
18.384350789623518 54.32075238373036 -1.8672497776202066
18.071167303599378 53.674318111729896 -1.9409328705530038
17.65949066984085 52.87256333777669 -1.9769859555155107
17.800411636909367 51.459659144342645 -1.9889801373796268
19.58643212979007 50.479792726533546 -0.3878151399142993
21.248988086522626 49.49302531530993 -0.27172908081456537
22.94000618797569 48.60856307643716 -0.14112958880608253
24.199003650100426 48.232356628700146 -0.10871572181710283
25.368794609539876 47.9738639359061 -0.08442635601593353
25.35559095052897 46.91924032316628 -1.63991842398633
25.42795100828297 45.818886994096715 -1.6333240047106112
25.475611542887656 44.70449236291477 -1.6373354839305712
25.488004933147568 43.62343243400751 -1.6363870079278413
25.375753636771897 42.59547082242481 -1.6463239046219824
25.514413732990388 41.477092876948554 -1.669479476243226
25.515440893528684 40.37598397501243 -1.6738978241958034
25.582782001491715 39.247361088260675 -1.708763429718793
25.46925833514124 38.21345526609272 -1.721345024945462
25.517958499386513 37.01502947706226 -1.785010379879174
25.746633889338533 35.67792129873101 -1.9088244975900686
25.316329265857263 34.97691759989715 -1.9094247112660798
25.206980383659356 34.08427622685606 -2.055834364526183
24.697793948978322 33.33467150601905 -2.004991537049181
24.33038190096899 32.43961011795407 -2.0049932254887115
23.45809916214652 32.73130207249717 2.682951333043944
22.70239747194054 32.961510841331275 2.5863303124719823
21.99349740129952 33.17325910392741 2.5031481679124754
21.485936449891778 33.575690899620426 2.53140440260772
20.645110291731438 34.000193758304206 2.509867161193412
20.05337075542562 34.38983677882849 2.5678337746232405
19.432931626802567 34.7820256086099 2.610075253810877
18.875226195729933 35.17845166985886 2.7301658674571487
18.098365141374927 35.54948698718608 2.786504084978351
17.338368347835825 35.77402706134185 2.886350072585481
16.351285595599304 36.04012124115966 2.8760220399769794
15.511532835787092 36.17632338967421 2.9586165832907314
14.606775403817656 36.27562500096525 3.023332984618253
13.692305670609244 36.23043365790592 3.0806579351153176
12.740343870018538 36.229033843841385 3.1108806888881153
11.802437737338103 36.116864142086165 -3.101901249338578
10.88332049993407 35.90536554842248 -3.0623486019928463
9.979947142250182 35.68461204243297 -3.0088935951834848
9.025917694756824 35.37701518276096 -2.9699053867127687
8.064204183036603 35.07347545967383 -2.957531589079507
7.952793418808355 35.91912216491311 1.766780384707703
7.79410443257221 36.81566946872216 1.7917012704865027
7.62200474296341 37.57851562839236 1.7932726143607762
7.452076384828919 38.33105989346216 1.7858583513384394
7.275592897149041 39.184965066877155 1.7873389217737747
7.0874641650764785 40.05704436355822 1.7906507529960374
6.917241511675271 40.94276617743578 1.7836291875733938
6.7568138148311405 41.781303296888055 1.7966112357195174
6.56265132792128 42.664390787677895 1.7938200263271407
6.347288791544983 43.59657565271194 1.789827026251095
6.160594970676264 44.53229760191969 1.8100546346200703
5.9811400310208995 45.48160955676723 1.8044468505321698
5.795626978708824 46.40896603279038 1.79695843704038
5.603712651252835 47.34216954083358 1.7908785681510908
5.426738743503154 48.305876657927826 1.784169041108894
5.207954174533321 49.22841827313367 1.7920549329449909
5.032793647302199 50.141735158217486 1.7951198414200857
4.818074103018323 51.081136039940446 1.796876141297197
4.616323469052121 52.01927336336727 1.8112542202045054
4.411102839666688 52.97024187006902 1.8313206717911337
4.169750152029488 53.89777190733134 1.8449436937739572
3.9344289434758166 54.825221954864 1.8462336429325579
3.661288315391224 55.719439384641376 1.8575896175679036
3.4184526082259463 56.66083934811421 1.8616523158670324
3.141365817557321 57.616442091603936 1.850202456119111
2.1065307644756626 57.29544140703171 -2.8461328868599614
1.0323606146092805 56.95908522204283 -2.843384520657806
-6.734539129915618e-05 56.58720456704998 -2.8430704303132677
-1.0323727272793013 56.26448583386648 -2.8329020180836006
-1.9981418153701966 55.90822033918934 -2.8475991707258785
-2.97061275428136 55.59813539301668 -2.832794672869622
-3.976887511376136 55.2246186957119 -2.8417352666867
-5.01567465358996 54.806553145374124 -2.879127695753128
-6.02540652943279 54.51263542107036 -2.8307237127750584
-6.980688621997884 54.187075246798635 -2.802582011534998
-7.926465952543191 53.82143826948519 -2.7947228924064555
-8.92665295196949 53.47337754305549 -2.7876723062548896
-9.88820662943143 53.07582035369621 -2.786795911420167
-10.877903380390594 52.69810796284409 -2.7849615977227926
-11.818545757114883 52.34003989237856 -2.778072118539646
-12.787561533413092 51.94874189886187 -2.767782851509699
-13.72986300321668 51.569473652317114 -2.7764593184653785
-14.681620931829372 51.19852345607021 -2.7617371673512974
-15.644127585438335 50.83253244505309 -2.7580411006544727
-16.59656235755873 50.410861378566544 -2.7607264784034307
-17.5328036559317 50.03904005738323 -2.7586075348021057
-18.486937558722122 49.62901997055746 -2.756124667079458
-19.440034568980124 49.24843709551736 -2.7536362631486857
-20.40631818712159 48.81694194526397 -2.7476300326049254
-21.370245851913232 48.42614650453529 -2.745513344144096
-22.350717552872645 48.00011401925135 -2.726564798824907
-23.30628250320775 47.58456768063217 -2.717124884559835
-24.262417591776 47.14660234265001 -2.7300377307822785
-25.224834732567196 46.72367745305577 -2.7357914670109476
-26.15194198287785 46.28208361127888 -2.737726057822449
-27.09661995729581 45.89168560817229 -2.7278826015802635
-28.04066525404248 45.45968941574113 -2.7090676633544892
-28.97238067870922 45.061841026112 -2.695695258342232
-29.87774743063958 44.640222843529344 -2.7122782959757306
-30.824355616623187 44.21837971902094 -2.719413668922966
-31.745771669181632 43.804486286471764 -2.7228948822725294
-32.64654805571475 43.37181672441373 -2.7197586935870226
-33.56993163903051 42.9629687147163 -2.7275076634837525
-34.508061074546134 42.53019576729801 -2.7235839304650584
-35.43525766386528 42.045610600549175 -2.7254575027184864
-36.36956409156831 41.65522098147987 -2.7187518037162666
-37.321046801847125 41.258071707143934 -2.7097935192416585
-38.247234256933126 40.82581763513162 -2.7036562395197397
-39.19253993381595 40.42382638131163 -2.7095230205113574
-40.05172758453346 40.09370939990992 -2.6578433303289684
-40.95156171340479 39.66809856221677 -2.6493157057754675
-41.81215543704837 39.22788971995175 -2.6487456621602186
-42.724381374040746 38.76824584883037 -2.6344886627627426
-43.88357716851938 38.09274233361387 -2.826472969416648
-44.57695743880095 37.718039414364284 -2.6996652667404484
-45.3855161288258 37.26705906546955 -2.6508321067820844
-46.299268314820566 36.79108251825714 -2.65916322761347
-47.19629908615674 36.331480581397216 -2.6659105132105454
-48.12760474710927 35.88945494320015 -2.657936258398324
-49.0084098888825 35.419111519478086 -2.6626789982238854
-49.90355568513306 34.959294212967926 -2.657039167816003
-50.79902669830327 34.487116446654184 -2.652810807749217
-51.68744295735228 34.01007538515922 -2.6629002788989986
-52.591119723006784 33.55775198317067 -2.6696800544317294
-53.4935077238126 33.038027015805454 -2.671505440721682
-54.425642196750736 32.61076457817751 -2.6788881405635956
-55.34465353880539 32.15025966348783 -2.6944816837345575
-56.2693405421994 31.71472255458999 -2.6895444135270825
-57.19667113943151 31.29280535826351 -2.68444423406923
-58.098113987416525 30.87560461172294 -2.680156163831048
-59.027529355366305 30.440718995239013 -2.684958371071597
-59.92647890285386 29.968795785960314 -2.711806702001132
-60.851000048321346 29.54125959680456 -2.699132836681958
-61.771698413210736 29.11405044480828 -2.6972900504861355
-62.66651101208411 28.696475254350315 -2.70259795904248
-63.54408516090406 28.26755050761149 -2.7073256704361355
-64.49024570346918 27.832091667021956 -2.7163541683180235
-65.40346424219098 27.414588992163626 -2.7206521295559605
-66.33522417619635 26.98503841604742 -2.718501602405067
-67.29324946416187 26.57136906334947 -2.717902750061622
-66.89220873688714 25.642122868301986 -1.1437034553184855
-66.49773022234176 24.68955986763717 -1.141582093683958
-66.06252334651575 23.757054817825686 -1.1522391755342476
-65.67046139387631 22.84344984432343 -1.1480290060209037
-65.25864080696313 21.911583416168266 -1.1499909162424427
-64.86266201609027 20.99280566267976 -1.1458523723108784
-64.4599751233392 20.083924874871013 -1.151595904974091
-64.0549867575192 19.142082255718172 -1.1438894143382614
-63.64512030177619 18.234747469741013 -1.14702663830094
-63.23617953177404 17.323450394423993 -1.152872486344464
-62.827105873917915 16.40391621319789 -1.145501235566357
-62.422686295007495 15.489492617068272 -1.148186562512679
-62.02257910556093 14.562911433947434 -1.1534228753298388
-61.596343790335155 13.654599698266058 -1.154136940483283
-61.188215151602364 12.723807274441654 -1.1522838742576027
-60.776869060972636 11.807087631160721 -1.1460992501803868
-60.37254094976124 10.881303236384237 -1.1460295931437012
-59.962113030047085 9.971994796327007 -1.1503604520586905
-59.5409396112213 9.054605211536382 -1.135453405052523
-59.12703564790924 8.14454254214618 -1.1343074790288914
-58.70791746275224 7.233727120652611 -1.1435825490593639
-58.30140083373536 6.300203693474049 -1.14584834905267
-57.892735719248584 5.392904366239556 -1.1430772175779353
-57.461430846284856 4.487529535578725 -1.1427784496069924
-57.048798475378696 3.567819424476779 -1.1365687324152065
-56.64442416561869 2.6611075676377554 -1.1433829731702312
-56.217820350382446 1.736808185743621 -1.1379829186574293
-55.78723076236771 0.8184818571095367 -1.1392105070442744
-55.36493516844877 -0.09852819907529131 -1.1331593254492132
-54.94602021286364 -1.0179115586509897 -1.1350983685034526
-54.5118672446396 -1.9441486270147517 -1.14303635151231
-54.10166867705066 -2.858759681797265 -1.140603378551179
-53.67341063304179 -3.7855654549779887 -1.130000158336344
-53.2456888520568 -4.705962330600148 -1.1178183889293034
-52.7912130703474 -5.618989904040641 -1.1164202220011876
-51.8959168781289 -5.172177945740438 0.4579404103850904
-51.005258860785624 -4.746794557766163 0.4634560641435147
-50.116925766101915 -4.29877001489006 0.4609843170259074
-49.2486033269986 -3.819331851455632 0.46782933199082377
-48.37485986139927 -3.347880134101424 0.4464660517787125
-47.48154921175694 -2.9058221041496504 0.4667128289653258
-46.58896548155673 -2.461647377913539 0.4585841710648696
-45.69340967237045 -2.009532955585712 0.44709463423351836
-44.80340268385363 -1.5587861662310871 0.4393154482760814
-43.90880602506881 -1.1153613452791242 0.4319779570197921
-43.00405455069307 -0.6908609848822971 0.43040902766107547
-42.08504369455728 -0.2534693165979425 0.4292290161214653
-41.179078214158494 0.1893998831036975 0.42923221979069925
-40.325722364379146 0.6213870753376503 0.43732185990196076
-39.41110215817104 1.0608765959395114 0.44649022911088687
-38.52601145473846 1.5096826959026246 0.4417274295786383
-37.62956928618505 1.9005528886318925 0.44459014984786294
-36.78923264419042 2.3209461747128666 0.4616563677156707
-35.92346410813304 2.7420014714611227 0.4774968395691062
-35.06487442885531 3.1674543226824277 0.4623917199573646
-34.18434002163861 3.5926816568806106 0.46461656968497933
-33.33241881330173 4.0898411743229595 0.45276667784370905
-32.44716524979157 4.531575641291644 0.45217107740599843
-31.58329337333273 4.948217029251546 0.44418738805218866
-30.698250071156146 5.380553754949725 0.44192788965921226
-29.78879607802528 5.786171494047649 0.4504849033923992
-28.918648805972442 6.2280952955302356 0.4489587903904778
-28.078256375164756 6.674790722565613 0.4407124211946932
-27.175212112285053 7.101959515686536 0.434608535252821
-26.319738266964627 7.5067990109980895 0.4316547063184311
-25.443903300247293 7.857176278228789 0.4455131835641233
-24.57902451520684 8.256859030642103 0.4387308035693893
-23.701678477664586 8.649462645433145 0.42836665768585774
-22.828336300613103 9.034880497643368 0.4268172185849874
-21.9426614975479 9.467276968652802 0.4354347599155977
-21.07496847600638 9.854903860453847 0.4376333438866157
-20.204001553461776 10.269467673450869 0.43688592385480046
-19.31491719621699 10.687178833372865 0.4174137465746487
-18.408899191636408 11.067034366789613 0.42936482276091126
-17.535617061253372 11.505288380921867 0.4377346889557105
-16.646019223119826 11.935362705009958 0.43534376017559284
-15.741216418850135 12.373070512062776 0.4420554327338096
-14.936386197489036 12.759915945059253 0.44264664576748125
-14.085550871262713 13.161332025310456 0.44169355165835206
-13.182357116581006 13.555179486770427 0.44330861071443634
-13.609701266185555 14.482584991005371 2.013316180422122
-14.034008501006396 15.40389677478894 2.003260106357432
-14.46247391606103 16.30787336292759 2.0106679217125394
-14.895545838139052 17.208273173745308 2.008257647287313
-15.336057669097913 18.110758467135064 2.0175505213091736
-15.750518058171968 19.021161772225536 2.022246532838826
-16.16360846429346 19.955499124570448 2.0095725211928124
-16.623131281878564 20.869957314302187 1.988857675409926
-17.00465944417878 21.769492842642396 1.9826099090338816
-17.397379168457388 22.723903607803955 1.9740088455299372
-17.715556444462024 23.699921412590104 1.971772316080846
-18.05965171225852 24.678400879542487 1.9460303145681364
-18.37813641445308 25.64360959246268 1.9476450952032591
-18.76787884736931 26.587742823717342 1.9669053240218004
-19.133168335045145 27.54108176378557 1.9675114768771278
-19.503363924340675 28.466740738807356 1.9547175803474646
-19.85706577457149 29.402554017214257 1.9653055981156673
-20.22176645987874 30.357254609762172 1.9620519153277654
-20.560051505800153 31.279518963316168 1.9548378001117321
-20.915569863747066 32.22847367695569 1.9837549762550675
-21.274668755672494 33.1686004503464 1.9732112318958115
-21.656442189674415 34.12769554634336 1.9745621998597618
-22.0142491346107 35.071714876604524 1.9775141194133319
-22.349126780512712 36.00267855749973 1.987376675119234
-22.687948397471693 36.90438996205172 1.9885620214164335
-23.052508527003237 37.82182540873012 1.9559128199821867
-23.363341505910622 38.79791142857336 1.9530285359067958
-23.659855856680235 39.78207016736712 1.9656372959882742
-24.025809128515625 40.72351517357764 1.9597707945845912
-24.34789725993886 41.66364234072283 1.961956989901924
-24.69959489377363 42.592512229831684 1.9693246641435505
-25.083201635416188 43.55518323304867 1.9612513288921556
-25.419815886783397 44.49135178626684 1.96953214204832
-25.782818938339286 45.41026507793609 1.9725174986623888
-26.17050608780147 46.317456931317636 1.9829019619035264
-27.110489681221846 45.87747810278641 -2.72373710181788
-28.017647208046096 45.47222384294693 -2.7309987821953015
-28.944208002837588 45.034314293192374 -2.7321050744511695
-29.88777456761846 44.63345157442469 -2.711411318516469
-30.807690910046976 44.19334343832635 -2.716809617515725
-31.735629579788057 43.78471720142319 -2.719804009444311
-32.66200867340782 43.37555022022672 -2.721185036891638
-33.572007181048896 42.979506451622825 -2.7183310162172787
-34.50592436273689 42.52415461094392 -2.7143063280255473
-35.45568379631447 42.09610799474151 -2.7143950438525204
-36.38521181444587 41.68165405631548 -2.7185244580959576
-37.29907638729107 41.23708590326869 -2.711835487184312
-38.19858705963243 40.81278786935815 -2.715470031731991
-39.14766691447119 40.392337807304045 -2.710300344713691
-40.07064611289233 39.960402488208594 -2.713216729565587
-40.9724166246267 39.53334547045245 -2.69063675526215
-41.791148355615036 39.2203140466311 -2.627313879634467
-42.89327942947479 38.49500698957939 -2.7761889554789487
-43.658880295832326 38.19135857462007 -2.685879860349609
-44.52100694829219 37.73218921582291 -2.684723817588954
-45.40699673907925 37.2918235763363 -2.66857544741181
-46.325210724268025 36.82941627600282 -2.6582260103830873
-47.23125867090846 36.34853360070782 -2.6543890009072517
-48.129848444955535 35.873487202573024 -2.6529831420461547
-49.01617504493806 35.41825010455951 -2.650859045957122
-49.92363255140569 34.94195522184636 -2.649877370673188
-50.805199817407825 34.47750118161062 -2.6607121586057203
-51.7109361814832 34.00836365831443 -2.6616239426490345
-52.5889733919411 33.50793105585594 -2.667198907248603
-53.52371588676916 33.06193427974781 -2.6662925464618934
-54.438726162558716 32.61914734733132 -2.681883576230092
-55.36308207905498 32.16945487818238 -2.68641131043234
-56.27383274592354 31.72672661286704 -2.6953395683919372
-57.166082247903 31.288080712716088 -2.700942652261963
-58.085188179772494 30.84885349057313 -2.6792779303975696
-59.00975624392944 30.400007201740564 -2.685908618367143
-59.91998884766487 29.992484020380072 -2.688638678528461
-60.8534503316213 29.54679459963662 -2.6936144846446046
-61.77365215146442 29.11714890316858 -2.703162454375135
-62.66673146465656 28.6856579064258 -2.6973863035404473
-63.586190332402836 28.255123941607323 -2.708675379157639
-64.50526072034292 27.81880170299883 -2.7291245120855736
-65.45904185972705 27.410805881725622 -2.7139999846238347
-66.38088793622893 26.98856813961208 -2.709693089329925
-67.2780423215477 26.553146930856265 -2.713715788309031
-66.88433450614468 25.59362502032769 -1.1369108292963308
-66.4804810647429 24.673906038037778 -1.1393049367029764
-66.07444353221688 23.746090682901386 -1.1410632132832634
-65.6761309999499 22.817494119673192 -1.1449231711182746
-65.28902438223075 21.907685192534693 -1.149182938500416
-64.88628879915176 20.997535392491788 -1.1507907585337236
-64.45742412527403 20.07839005969958 -1.1457966275566358
-64.03920651980519 19.171644384668596 -1.14736392186885
-63.64371018421143 18.24305085872227 -1.1460194884222972
-63.22703136639999 17.32188958680189 -1.147457970652968
-62.81279845907818 16.403854576903857 -1.1421936732096245
-62.41056174022631 15.462581385242789 -1.1414186288395258
-61.99657396578919 14.56105731970411 -1.147458067305715
-61.58130457316838 13.648209985547043 -1.1507701886326196
-61.211070522483894 12.74465553273474 -1.1481532107625843
-60.790522957682136 11.812274261628211 -1.1522528584815932
-60.38061944527045 10.88755144339234 -1.1426070948040346
-59.97251544176416 9.973080047400785 -1.1399081379622071
-59.54383023885963 9.069357837158199 -1.1478772227172251
-59.1221697724478 8.125370268916516 -1.149319580012737
-58.70415811937723 7.2363577064609 -1.1498260563722242
-58.31728785225928 6.325077385060402 -1.1499071073075957
-57.893293828078896 5.405339793302485 -1.1403793381033511
-57.47604168598491 4.493561853084126 -1.1408493341525263
-57.04086748864926 3.5874702972305004 -1.1494182975119014
-56.62938963639321 2.6539101420853957 -1.146048754579322
-56.20625246303283 1.7253359029567978 -1.128104029651264
-55.78951312994628 0.8061302511385229 -1.139538163122238
-55.35863292548925 -0.12469379841081829 -1.1393061432010083
-54.93502385196376 -1.0363772362014956 -1.1347561906172987
-54.5179143614004 -1.951632611316337 -1.1323713592990274
-54.080829483831785 -2.866872483090707 -1.1329385014560498
-53.69168574823166 -3.776217968979126 -1.125288578844979
-53.230220319197514 -4.731765767279165 -1.122656604968397
-52.795939474577686 -5.607448798719911 -1.1237166771323628
-52.32803523058085 -6.515540896109016 -1.107224914945737
-51.87302175429732 -7.426519511363464 -1.1012643861583067
-51.41641795691652 -8.32479202567743 -1.0990833683296148
-50.95936094810883 -9.265004647114191 -1.104986238340605
-50.55555863379453 -10.172301647012766 -1.1018935673273393
-50.09355916505463 -11.101130261434777 -1.090664088490411
-49.613875467867906 -12.05357660784422 -1.0957917197709623
-49.15861485029117 -12.946071790098303 -1.0997141925923661
-48.70129223231506 -13.86955554091057 -1.0912364087060307
-48.22062033566912 -14.768027132948728 -1.098938226867677
-47.741737941132136 -15.680264672594621 -1.0919035214230182
-47.25174822679549 -16.606250648964316 -1.091975845149921
-46.81624834039013 -17.48442723994816 -1.08106899058565
-46.33355321006774 -18.37728519287099 -1.0785556528266107
-45.871369202527646 -19.236262986049553 -1.0692080924828886
-45.38020666516177 -20.153709936959157 -1.0798108045676207
-44.88193569454164 -21.07946146704148 -1.078339174405333
-44.44311428300727 -21.968366389279556 -1.0716715158335444
-43.94226216623136 -22.867449979232614 -1.0706336224984192
-43.451079994424695 -23.755562649207928 -1.0642303853539332
-42.94658158112181 -24.61091717882756 -1.0593061032920206
-42.496043913223886 -25.517324684152566 -1.0668276621021964
-42.01400263832855 -26.411205759472598 -1.0678708673925188
-41.50526131179112 -27.291671031122284 -1.0642127060262905
-41.00842962173108 -28.17066819321285 -1.0618554802402094
-40.52203008517869 -29.06609514877262 -1.0582767963760236
-40.035683636921185 -29.941066338535357 -1.0596456430102146
-39.54845310890658 -30.817900764331448 -1.0489436314190055
-39.01820920652581 -31.699627375065322 -1.0496139314133481
-38.511379313432954 -32.57329611439536 -1.0467173208538487
-38.01302864172265 -33.42781095646219 -1.0414817633331328
-37.493941384062204 -34.34324684525867 -1.0522290037706816
-36.98093583532951 -35.20519328168783 -1.055042669623973
-36.465742411654624 -36.05468704874268 -1.0470523498217479
-35.953526104376394 -36.962826712239696 -1.0412619439670536
-35.41005487005184 -37.81863228169757 -1.0517972334604389
-34.92971072799555 -38.7094789423762 -1.030566167986415
-34.43456045182489 -39.57109482577106 -1.0305029024605965
-33.885032429044266 -40.44105747731516 -1.0202455234223344
-33.36034187764786 -41.26099829269088 -1.0184756028027109
-32.83823504834561 -42.12131869153504 -1.0147684687329486
-32.287868273249565 -42.98394809810611 -1.0078710900367407
-31.76651455676642 -43.835050642797405 -1.0136373108558354
-31.211757778145415 -44.685264500657055 -1.0124337258971663
-30.66528956123137 -45.53341520304912 -1.0046844885648352
-30.125107418183614 -46.38383712445849 -0.9943238863150459
-29.58116251223981 -47.22150758044541 -0.9988912867500904
-29.036526963881936 -48.05776127617004 -1.0125811828833058
-28.49265495328565 -48.92462422968108 -1.0139584468049807
-27.932570954265504 -49.78670492467458 -0.9934576473099715
-27.374191709252905 -50.653970440138494 -0.990685215548441
-26.829477076070102 -51.49225017921765 -0.9804576881010578
-26.28943824326835 -52.327510382241975 -0.989282283834027
-25.704645147990796 -53.181066150244476 -0.9937405499635533
-25.176369887309193 -54.006167774387805 -0.9970781381590448
-24.599132995301677 -54.847570509140105 -0.9954284683096564
-24.03754677538162 -55.702170017066784 -0.9940769498399972
-23.484618301802936 -56.55749283897226 -1.0045360394103464
-22.915512024882446 -57.41089779662724 -1.005896978708567
-22.385335793276912 -58.2525298877044 -1.0009433063440856
-21.840852477123498 -59.137000794654654 -0.9940809752244301
-21.28501842213017 -60.002352280469225 -1.0049914719421484
-20.727854071800802 -60.85570003365365 -1.0161944424577205
-20.18655585740449 -61.682011640599896 -1.0113493517732202
-19.657171251632494 -62.549672555736436 -1.014657038609815
-18.812519334571796 -62.03814135234684 0.5474341275734703
-17.948429984383147 -61.50058735021003 0.5457685257982132
-17.09559381164673 -60.9742474294776 0.5382700936081884
-16.220062243432356 -60.48201319321092 0.5357474549525278
-15.359384764154386 -59.97902183192643 0.541319899961602
-14.491292636298818 -59.45391797835758 0.5335230727015776
-13.619820959148957 -58.96602577384622 0.5294642987540302
-12.73107469806515 -58.476232069393525 0.5299377364970408
-11.877878914346715 -57.94707460988575 0.5448574810336616
-11.022446842135984 -57.43886626809578 0.5414272465016565
-10.150498224469708 -56.92400377801252 0.5364656678771313
-9.286700944110029 -56.39842018064337 0.5346107719096664
-8.384173621325234 -55.89016203509588 0.5350724673382471
-7.550139825850725 -55.36203083502103 0.5384987389157128
-6.6892708122954705 -54.8320858526187 0.5321236040683359
-5.829193860337917 -54.334539960675095 0.5335092824382212
-4.948238650074142 -53.85886673116393 0.5322024083931483
-4.039128943679812 -53.3203401873779 0.5268228431517695
-3.155176319785468 -52.830557341079896 0.5018284643087317
-2.265995254358142 -52.33982979289833 0.5065163997327403
-1.721879908116456 -53.204819317828296 -1.066451359131757
-1.1899040339099693 -54.04491290852552 -1.067226068726701
-0.6811872132617783 -54.91557382111878 -1.0808543928086964
-0.22975284773971905 -55.8269048124731 -1.1038837596182745
0.2618986627392059 -56.72846614086671 -1.1155049475662322
1.2451282404211943 -56.29500464849236 0.4523457381218699
2.1610309985338376 -55.82572509992258 0.4456657035358569
3.1179344650111482 -55.43614091979846 0.454394154352783
4.082560940479696 -54.96931843016704 0.435628635497144
5.009462646545158 -54.531668969644606 0.43988914226920306
5.955794706769643 -54.09785400315078 0.4402629942984279
6.853302786769177 -53.6682418716144 0.4391906146381128
7.802506862908976 -53.21827427544896 0.4503263179308483
8.705634570568185 -52.75401071966829 0.4466866196965953
9.67157822280611 -52.31544921125111 0.43545083409646795
10.633201528596155 -51.90441325994028 0.4369494146090687
11.573607521965663 -51.48184547565891 0.4324257239620103
12.496261721400057 -51.07154694843993 0.4219777177460096
13.442305107749506 -50.66991558996584 0.418497828521655
14.372468440311124 -50.258280251827465 0.4230381479246823
15.312696260582376 -49.8503159630018 0.4321243334060439
16.21816887812607 -49.44505244917489 0.4386873380162739
17.171871172191704 -48.976533327570195 0.4321709934270821
18.121427912478907 -48.57190118607252 0.4411865621987886
19.05252456023753 -48.130030198391424 0.4592434589590344
20.037902325460724 -47.68188297473005 0.4857023834223262
20.935124126863222 -47.240724165499266 0.4945881375277124
21.858837383175953 -46.79509343682834 0.4821833716710266
22.798045526492427 -46.30544262097023 0.4822129054567
23.688297411404477 -45.83490175101233 0.49805489064139535
24.60807694446388 -45.37045125758884 0.5088392352091137
25.50735499563036 -44.898718626151286 0.5323750271319256
26.401938421787225 -44.394272876296554 0.5306000237858378
27.29622178576299 -43.931179967594055 0.5258998420657
28.167801396283068 -43.40319110626847 0.5359580509352253
29.01454784441999 -42.87634844632428 0.5354827440998563
29.90832305842863 -42.37952284511631 0.5430678759130486
30.818490166157556 -41.85226451845559 0.5416718714950133
31.650787575604195 -41.314915350508635 0.5343677128091103
32.56522343032981 -40.78856291974057 0.5389034237722228
33.46729902692177 -40.26127436283048 0.533435959075772
34.34580333497188 -39.696214891564566 0.5326727765189819
35.195938190343 -39.18120729552444 0.5470893220551779
36.09089714148092 -38.630684688763324 0.5463058907572169
36.99975256113959 -38.10913954527376 0.5385098497314011
37.87513249735507 -37.560901221854515 0.5540929608366131
38.754899623181366 -37.01078926975117 0.5470527692348823
39.634871275265056 -36.490243294366884 0.5691100766073116
40.51638625717655 -35.94075375015395 0.56269747422881
41.38204076407028 -35.40306012063418 0.5654631355519679
42.24753199979725 -34.8761287452375 0.5599919248704124
43.11180027636182 -34.340280900974264 0.5616730761530495
43.97277054732084 -33.779292711439595 0.5588955638001332
44.85320834585363 -33.236344014192156 0.5533597058300128
45.72219096542632 -32.697714381519106 0.5610985611285969
46.569256589604166 -32.15561474738408 0.5501024448133652
47.426414434664345 -31.614093691819637 0.5458345342261745
48.31361844446956 -31.05909153945371 0.553285856853126
49.20723447369555 -30.52289262642714 0.5517325885555323
50.080120668860566 -29.941629885931093 0.5506488664163122
50.96093737430125 -29.395620007504316 0.5496873061369479
51.83308705863288 -28.81461348917218 0.5456735421379035
52.72071576398339 -28.279694310454136 0.5683028683953747
53.59168113941143 -27.763423039453265 0.5693329267641711
54.460335899784184 -27.162480859439896 0.5786675731341518
55.266700275795564 -26.6137160366848 0.5731473204161603
56.12433823570371 -26.074691359373297 0.5672944937889828
56.98653474795935 -25.467740826376474 0.5513032987002726
57.853670254573494 -24.88268526678283 0.5577530195812859
58.745116637273945 -24.23929883268428 0.5713058499691559
59.63780127336169 -23.666838868875 0.5832206162427569
60.46485865983654 -23.04494812416233 0.5943097216439923
61.30816747007866 -22.43139828708388 0.5990933806886044
62.13219648846434 -21.838152748771744 0.6002435632123373
62.93857725073422 -21.221743160527378 0.6121853386338819
63.77918485444899 -20.593083733493806 0.6212375646947215
64.60363137666951 -19.990156518324795 0.6191063772340331
65.44374753725971 -19.399204409795797 0.6087602001660282
66.26865173456848 -18.81194612173091 0.5964855018055671
67.11601586446592 -18.202252055020047 0.6051867472591193
67.93094986648028 -17.622791998008093 0.5971264916426859
68.75733991455189 -17.026619250433722 0.600110118396339
69.59057037422349 -16.429751534225687 0.5870723753496869
70.40078734998053 -15.860699727055152 0.5959232482885287
71.23677968020884 -15.30632559231995 0.5994777298978876
70.67133037647365 -14.480680975840514 2.176560731349602
70.0908418188967 -13.642602123814964 2.1707406667710862
69.53412081613503 -12.802763652512889 2.1674431401837873
68.96577748863731 -11.94109063689374 2.157181273269823
68.41502284410974 -11.078437172770839 2.1558796042298436
67.88479231741444 -10.24365143191644 2.1530067350323456
67.33347276772852 -9.391317523556367 2.160105003588928
66.78919685994168 -8.538166268638824 2.1569313246831805
66.24516454669904 -7.6787816222531395 2.156183781876789
65.7029448154643 -6.841187734227531 2.1506611884931517
65.14175220464078 -6.004218258588859 2.154864826166023
64.60874916882696 -5.180833295687332 2.149404723159444
64.07277971581031 -4.28474097696492 2.1546128938007474
63.528288089612836 -3.4469045529136997 2.153455317557283
62.9769350427662 -2.5889553718770886 2.1411590333018835
62.43845308256075 -1.7228888271984162 2.1475139033593527
61.888329700481236 -0.8919099956169219 2.1414266281848278
61.36238983889273 -0.03200184552307572 2.1631397086412028
60.800468731643164 0.8198493492885257 2.157109561100122
60.24762156290243 1.653046727525779 2.1574053276484446
59.66987921129498 2.5260787943240146 2.163726665188626
59.13991645486071 3.3781898936666193 2.1630848847636077
58.57240929763908 4.178135071940835 2.162465705847602
58.04488963719266 5.038630575721944 2.171728652159427
57.47052650725962 5.87705317182195 2.1686731253562503
56.926244797192155 6.720263730095992 2.1789789700976585
56.34911455833713 7.5355390778965345 2.181268204462976
55.786619219487456 8.356851785399455 2.1883421819920534
55.18518954558106 9.188543041469613 2.1919398504759524
54.57790507760885 9.997162095741063 2.197142401464834
54.00238744851337 10.837210331799067 2.2014958996589074
53.425920167227474 11.66535957453271 2.2069849187041917
52.82909885768492 12.47034936755034 2.206926086773045
52.2394344254528 13.317111022138688 2.2105912090820867
51.666098754782645 14.127197024846172 2.2170429238842417
51.074585450624625 14.943720184984128 2.2363424920278288
50.42617251359323 15.739954596217617 2.2336804455619017
49.80582787387981 16.55304570068098 2.2453504128915287
49.19934527640653 17.32962407720719 2.247095871497999
48.55471157902149 18.121545871530582 2.25308918732842
47.96589382830074 18.915392151055926 2.2577506804931287
47.312584351696636 19.709616514718377 2.2575518539280712
46.68318528285918 20.496357537380035 2.2776964227510748
46.00839977745692 21.279282566205246 2.2774543086794647
45.36468889729523 22.04330521134413 2.287346503559672
44.70008838200813 22.826494495107625 2.2936133396088136
44.03522158010588 23.55593544498574 2.302289343010378
43.380179057307906 24.329364531391608 2.3156744615852896
42.69957051321906 25.079483949483606 2.3347347603752557
41.96321930801306 25.8110337959587 2.3366597375199296
41.251113415573506 25.13686183561404 -2.36342219730339
40.57764217330011 24.432610989986188 -2.3675694741898963
39.90525184416198 23.800491874894433 -2.366186793740102
39.25910564364178 23.149846319406045 -2.338399094239468
38.559301572540306 22.44203779899283 -2.341070631340059
37.885429366027786 23.189730613685228 2.3804070590448982
37.17168079260269 23.886779681967397 2.401456067954971
36.42226406758796 24.561216561799256 2.3974408877192697
35.71916582917089 25.24933594864665 2.399550000735319
34.97356750077893 25.767340707907298 2.479203794352649
34.177473909411916 26.219011064875172 2.553303791739046
33.361494964287154 26.633674746073275 2.6164283960662287
32.485838978647834 27.00399119598791 2.664352189252032
31.578500364881908 27.38702045226445 2.6824082600299177
30.662055106365585 27.797284867686813 2.692448330944574
29.692736321257996 28.0652947436909 2.738641521694494
28.75539780144431 28.051169786554293 2.797001288001912
27.94098325312626 27.3195349860545 2.8602038515323347
27.10534397044429 26.542408751615696 2.8867571866420203
26.13931027802567 26.76227533285582 2.87754333839969
25.281455881999737 25.950765020538395 2.7945975071010376
24.241703033342617 25.159397821899702 2.84376403994344
24.457506189643944 24.491661446324493 2.3776505497564804
23.80388236075449 25.20218496507609 2.3791782862310935
23.19610585838741 25.197291195234993 2.1723393360797227
22.752251557498596 25.812896249585844 2.0466628556250077
22.4664372791974 26.457900840447856 1.9228307080569875
22.347597367325253 27.118087182943988 1.79901234288314
22.343880334292 27.845392222457843 1.6749169656351748
22.46430562632818 28.589566204881034 1.5573967182659332
22.684449901289344 29.345720269934574 1.4365751281237655
23.047945722534767 30.121175046582724 1.3235604721514294
23.530897673890525 30.870074192560175 1.2317188599955424
23.83894310010694 31.736068069345933 1.2137909174366222
24.273740373703813 32.5394300185483 1.1693303662587082
24.725080426135627 33.30123310183716 1.1417047348726115
25.06896837877825 34.197388391392046 1.1691102096409294
25.32834649058496 35.01275318257173 1.27042710719458
25.542905451442753 35.94622064454009 1.3069195880980702
25.503748933137178 37.090766857291555 1.3749690143666518
25.606066187808516 38.125030987802084 1.383999659556847
25.819125212337678 39.06355441900515 1.3804703177877347
25.81590083244347 40.15904768446842 1.4131178646362565
25.79347538437994 41.2582745079255 1.4349440893661802
25.706197702664625 42.39306802059417 1.4598844956567032
25.632072727126307 43.50984050646554 1.4726286931340176
25.490246538793205 44.69717027120493 1.4890052901612094
25.338449731435812 45.85292038046614 1.492681736435912
25.358249197956585 46.9459322604627 1.4935906674330706
25.374558410426815 47.99231824874208 1.4936117103276771
25.326632624809776 49.12672904698421 1.4870643262800043
25.325659240381757 50.22054838558434 1.483622887282822
25.3850568274218 51.285401659658994 1.4881413557500256
25.355002105534115 52.41437966164141 1.4892698842711374
25.34888509371107 53.49453713884388 1.493522501783672
25.31610845414108 54.61045137805032 1.5161237627954558
25.247813373727034 55.801187038400045 1.5022130660398119
25.159138115290258 56.96862796714688 1.4902108918275216
25.135776072492973 58.100863912520325 1.4934670386321838
25.11606141837393 59.259544392050834 1.4758186508831366
26.197915606047708 59.09965910334519 -0.09638133460610755
27.23326427369204 58.98281059228867 -0.08848179920241421
28.286952358958114 58.8734773658624 -0.09698369128291293
29.332436924512944 58.71398228733779 -0.09664634425195866
30.368733764411044 58.6134123550224 -0.09799986346818874
30.270024507399413 57.56475507720811 -1.6632622899447302
30.159613558621132 56.56280248627595 -1.659563164940248
30.148636292302335 55.4397812776972 -1.6410674128220033
30.120981142677056 54.35263534716009 -1.6345202676665855
30.06770040429066 53.32249631385604 -1.6477903486432284
29.109251409577155 53.37678746820642 3.0690025751241197
28.11042786214963 53.42966213225105 3.0673637194535037
27.24310181359498 53.447221234802825 3.08000720809122
26.31100827817319 53.463707110094305 3.0633259447058974
25.32904155137298 53.502725215148274 3.066023136006149
25.284366032610563 52.44202241222115 -1.6459572862546124
25.258249875489284 51.38389058603638 -1.657710325461866
25.226875074666406 50.287848310830526 -1.6586877931685167
25.285184525024707 49.182688089735436 -1.6574992991117554
25.307987988179057 48.056596455705865 -1.6628216739329993
25.38472807366522 46.912598275763116 -1.6477386688311648
25.376374014621536 45.84000097653184 -1.6457352924612068
25.54355991902095 44.6410240067447 -1.6417710299962318
25.566647560767805 43.53778984049786 -1.6540795937724257
25.66551456418813 42.39389480803272 -1.6731362761387414
25.607371113689794 41.370395462977655 -1.6731388206264195
25.608100287720873 40.32389047908617 -1.6937469708948483
25.694173881687686 39.174582712211595 -1.7463649281793614
25.61418830777025 38.097409000054995 -1.7739410136045306
25.55179386934984 37.03632945643025 -1.7837947351564007
24.7031312233707 37.163064442840685 2.900511404567934
24.08687665253016 37.21160901621287 2.8227362936777256
23.78598265750976 36.869361824420636 2.6597528033037556
23.378164490066478 36.97621754720062 2.6330704896381687
22.892684230535895 37.20940689613183 2.6475348579177953
22.181500487799568 37.02339392228793 -2.186331162759587
21.4982698017986 36.41022487373018 -2.1031968120702165
21.516133856001915 35.65276798494788 -2.1507415719651246
21.324932053859744 34.82848382545721 -2.151385879377054
20.97653454875443 33.96793084490055 -2.138566665564883
20.600525069455102 33.20513611697473 -2.1436709031570973
20.390409196121603 32.38482977953227 -2.1808242315446313
20.124046309194373 31.55322196908635 -2.196157048674991
20.325900739195912 30.81425710771413 -2.322431361049992
19.772029474175444 30.08296428661052 -2.3025352595435638
20.204180552394178 29.318119735077644 -2.3383944472901224
20.077543968325323 28.43140957331129 -2.360259374433491
19.714774404259067 27.45137161360068 -2.6264097817674794
19.592092179357444 28.137209028516825 -2.4800105208769976
20.460676012803546 27.548219960405405 -1.248928010611951
21.80422234204313 27.638071845456043 -0.28798930456520533
18.96000351102575 32.13266478842757 2.6213475607417873
20.06428383708843 35.041532704287974 -2.8536323392721332
23.52406265943159 27.457196834243252 -0.8792762640435975
24.264089267907746 26.81662184770642 -0.36402717348645564
24.494046324345867 25.79698926649303 0.007646402747545368
25.350735343414243 25.982630429229246 0.03189271770232684
25.998259290669907 26.205824575564883 -0.18395726015563552
26.86464394775635 25.866428664228238 -0.21494864993905727
27.795916467674743 25.686457926072006 -0.246230968779486
28.726470740571532 25.529634533254693 -0.22035666403832188
29.60331976930187 25.299734017192133 -0.23839282601267958
30.32268785576187 24.652154943063913 -0.44986438017148794
31.021355575884396 24.04763975555873 -0.5965707409262698
31.81282364107493 23.369719428017106 -0.6345969679615255
31.20653652339636 22.430254773199913 -2.263099967663952
30.570183249531375 21.659363098057298 -2.271217296213993
29.887185978077454 20.892129118963826 -2.294159747219203
29.17814574212246 20.104794731631195 -2.3255032198725316
28.46251802329862 19.35649738238712 -2.3339370427372943
29.200911065057138 18.672112231442817 -0.7675649363768046
29.89651814072811 17.996442077370965 -0.7697420590223282
30.54961761154579 17.37412737438378 -0.7810053094989095
31.18876015226345 16.639058002950332 -0.8152857522211702
31.807763810146774 15.903779601688006 -0.8340889574126916
32.400305060395574 15.153262094999876 -0.8492160990058638
32.946305794506834 14.388437641452459 -0.8596790383394418
33.43274559901042 13.64582338803876 -0.8723604995946634
33.916312566767736 12.890701115560447 -0.8803438607196907
34.453583389120304 12.156733487333769 -0.8898531419754221
35.03570524199003 11.39970912572088 -0.9012672819277449
35.625419004280076 10.692577149060273 -0.8963668422774927
36.20726688353422 9.95650801448629 -0.9030469116672777
36.769689169316976 9.203782370339454 -0.9235527013031325
37.36630230190066 8.434294336039535 -0.9606980291440504
37.88268740599456 7.670413862296667 -0.9499995235484834
38.42735740458012 6.915786568106885 -0.9582051228175481
38.93697668712147 6.130563091905519 -0.9771951098460135
39.451922097258276 5.333706259545683 -0.9916463367017063
39.9556218026868 4.559573339869544 -0.9874051648584877
40.4936476320322 3.74789225704186 -0.9695477819204069
41.001934298295616 2.9395054159215457 -0.9778546362359044
41.52521410169003 2.170543305141784 -0.9677220164482362
42.068866257804714 1.3439266049991674 -0.9703575471827423
42.61062395439381 0.5324750945741865 -0.9749674864317079
43.19081478649594 -0.30800011888771994 -0.9811534252401916
43.72120290778593 -1.1010968780234016 -0.9921847752171626
44.21560819632467 -1.9065365640033 -0.9792840226999806
44.72124820521747 -2.748263881068871 -0.9887714467918498
45.26538173119865 -3.590365995069344 -0.9876815693270674
45.758225996379494 -4.42675210184405 -0.9746807836727157
46.27829750249948 -5.264271086440006 -0.9748973445508579
46.83060446199923 -6.052024249479549 -0.9851934011153836
47.35123865316259 -6.862322565883875 -0.9897627759313825
47.855810725058795 -7.69556918063483 -0.9964082262390949
48.34943751236719 -8.542042271714475 -0.994477746443021
48.837201288546446 -9.37897171499436 -1.009918693076401
49.35158253239704 -10.226190473915644 -1.0013116874643577
49.89213726806879 -11.073079006169253 -1.0025340329548187
50.34623353033252 -11.892989631950275 -0.9953714035957525
50.860307933172614 -12.728192318907663 -0.9709800456759266
51.39680633920499 -13.535919677421193 -0.9626613608902412
51.96044002527205 -14.363524504897343 -0.9673268853118053
52.56520513882579 -15.187746076614635 -0.9717556978100597
53.13103014717362 -16.002978084828097 -0.9631825446703662
53.697380364148046 -16.81505941847086 -0.9678833622463884
54.240300978474195 -17.64249262192861 -0.9713561449071174
54.815012118743326 -18.464399226383545 -0.9680233505815898
55.38452505214191 -19.298840562038166 -0.9519969384658792
55.95589584664887 -20.090008396069816 -0.95891246585232
55.13768611447485 -20.672047150003067 -2.525931922216902
54.31345201916746 -21.249419816589043 -2.536657777277627
53.44861945790632 -21.838274366650513 -2.5387973339804515
52.62248928230863 -22.423995138724283 -2.5468762339747544
51.79620824142054 -22.991082936167842 -2.548827504962243
50.97567615887501 -23.547686340370074 -2.5527910158929368
50.126481904509 -24.12086129292557 -2.5526540254064796
49.263014265369705 -24.704932042534814 -2.548912176819583
48.411744582506905 -25.299292990433923 -2.549311009544596
47.606126202133744 -25.87612382878792 -2.5371469270680076
46.75656046938892 -26.463150148672884 -2.531367925195143
45.90176639022737 -27.089741230314807 -2.5373939444162854
45.03724643430765 -27.650133137748952 -2.5530624832830475
44.13110226199137 -28.214376507881283 -2.556407592280089
43.27422049127939 -28.776985408662807 -2.562248796896792
42.41100951085994 -29.336991698915817 -2.5741819484586634
41.55604072971076 -29.856010866487573 -2.5752342249715534
40.71246192585051 -30.441510316022338 -2.5853826454364777
39.84743252450186 -30.967808578655717 -2.584862674354932
38.99105296863184 -31.48826242427018 -2.5763678645866084
38.104327186417905 -32.03855190721631 -2.5717918084334443
37.27573456207313 -32.57303349652389 -2.579541833056952
36.425543909173804 -33.12161559831699 -2.588542565734822
35.57000882807713 -33.62351777762975 -2.5712198600452862
34.72543439135309 -34.16799552240798 -2.5752314128649614
34.1947125708296 -33.346632212551526 2.1353358419866666
33.676213678425825 -32.50614634111275 2.1425648533289454
33.105081033998836 -31.681264944803175 2.126331091654069
32.609200460396245 -30.854288339580744 2.1287253792695546
32.08777213002493 -30.015740268604407 2.1377405273306946
31.56736929185863 -29.18563760477892 2.143238055463665
31.046683651206077 -28.346544833829384 2.1259702234289164
30.5190479258772 -27.49095347296806 2.1338672461584034
30.00710183422747 -26.65708701610218 2.132241199635841
29.4788457001479 -25.824415478738448 2.13608315507053
28.969588758748884 -25.01673477807997 2.1499118334678062
28.464404970373646 -24.232388718123886 2.175277271594933
27.920888008473632 -23.45392261118078 2.1942087199014386
27.313370867479712 -22.722174765048933 2.1905093439588144
26.77551159431454 -21.978145312449616 2.191054437433545
26.22656759460132 -21.261427474174504 2.1857689342942828
25.657592250548618 -20.491205129107144 2.1969791797733116
25.12989418661037 -19.735320785267906 2.213468651593368
24.550101864386043 -18.96695157216818 2.198626935207746
23.99293676796884 -18.227070263342696 2.173933286198378
23.461582266423658 -17.489027530124996 2.184471147335816
22.91337942743275 -16.7475276378054 2.202153015710814
22.3580620221348 -16.00327560564349 2.2094744353868783
21.771233414856567 -15.23984255141867 2.2015678669864047
21.218826301326676 -14.49393785898346 2.2042795110189997
20.63206810849007 -13.729090789618827 2.187962518859075
20.058779109754187 -12.91328244541483 2.1950819422290397
19.49024803241426 -12.177463382283259 2.190910150017187
18.941969406704594 -11.463388067950396 2.189784026390719
18.42078497444217 -10.717115121489794 2.194868909978722
17.868226076449368 -9.947123756695689 2.1894931386347882
17.288724401936992 -9.221113072734566 2.200494813465453
16.71350345767457 -8.514840273807764 2.201926199309301
16.154788328619954 -7.755738914869597 2.19069387382332
15.561944125904308 -7.028220680835753 2.178457861596451
15.034019907710968 -6.2498765408619485 2.1655745525298187
14.491398887019562 -5.528368558644353 2.1730047207654892
13.965771980331994 -4.756410947942704 2.1749179475542797
13.412378211572737 -3.9590068130727127 2.1784913703688233
12.860594699619613 -3.160738612817263 2.173306979313045
12.262512907416989 -2.381831400719641 2.183937144968555
11.679862975165186 -1.5751314934212857 2.1642779955963642
11.150746204212895 -0.7799380869007154 2.15100895696144
10.565061016636097 0.026288248265641134 2.1352431501334563
10.030823067382187 0.888411332766636 2.1386477242761637
9.504777585329396 1.7673694564019147 2.148247528431548
8.929030702617814 2.6018809217914627 2.1533252316691796
8.375066214747116 3.540104660168789 2.1410241759899344
7.831090415216969 4.412838432288071 2.1435265653364732
7.27774333594741 5.257387933906562 2.1502649279976045
6.722386883392722 6.128851574605891 2.155030742667928
6.1401191160055815 7.028557896247637 2.1366072190676455
5.567215783534199 7.936616584263806 2.1183611469170693
4.983040328674813 8.863072365493919 2.0936521975794884
4.459221345466847 9.769830038442102 2.077661027974914
3.5369613521880976 9.363417141941412 -2.6554436575050615
2.5968723506257656 8.984282008627568 -2.663631755431122
1.6682476076026167 8.640977566103524 -2.6778627171215437
0.7374403735550699 8.280908160465643 -2.6806542192558407
-0.22045613464151126 7.922406587820292 -2.69035931844524
-0.6721205966871278 8.877636169344745 2.017695843212336
-1.1233829838922575 9.823818752195624 2.0126686379920233
-1.54883741628759 10.745504462216248 2.00996586371055
-2.000994235009494 11.748146549038715 2.0076659545952924
-2.433182601096704 12.67692602784287 2.004492357534052
-2.871132067776308 13.590743839721828 1.9985904343864593
-3.2753751084703864 14.507739838187037 1.9941928888326632
-3.748677143781164 15.474660153797371 1.9932002962243909
-4.163229786878502 16.409231872549505 1.9944590951585
-4.567250798832321 17.32036125236279 1.99121434186485
-4.9880219189727315 18.28164810445944 1.9923303085410224
-5.421784011181623 19.202208469544374 1.991369935978174
-5.836349115206017 20.14434285909098 1.9864958774743071
-6.244951710513526 21.079705956507915 1.9824694637160363
-6.645541224745702 21.9875933200144 1.9725787100267178
-7.061432599833172 22.95362742742052 1.9687838637608552
-7.43047049550382 23.910471129776653 1.9754795504983125
-7.857787604766511 24.848799266401787 1.9595543902860695
-8.25082395813189 25.78438982466896 1.9573540153064166
-8.617368893445684 26.722423347733024 1.9499570934668118
-8.978054883634888 27.678876389869355 1.9420314774232386
-9.348904814488353 28.601960890319322 1.949152332278812
-9.719381283131693 29.571626791567578 1.9378984030623851
-10.075266912359927 30.546567195498856 1.9402395233285292
-10.442879837452175 31.52080415504862 1.9342371756004513
-9.517607412110648 31.881213087320216 0.3728139535529911
-8.633725684910463 32.275176708448825 0.38212785971006746
-7.778491649957559 32.71790936087363 0.37306212427328095
-6.91834620859691 33.143829048724804 0.36310224202767427
-6.02000258751991 33.53882510643666 0.35890041924350014
-5.163001287980794 33.95487420995563 0.34723446075625647
-4.374460150522041 34.385800634590034 0.35145377503739966
-3.5735265325625822 34.83204940975698 0.3414055620576448
-2.689269583754752 35.20796887721074 0.32869184888094416
-1.7901714362968488 35.559578416641365 0.3289358048697245
-0.8193512290795533 35.892183384505245 0.32979796739851336
0.057637092892307784 36.279278080434935 0.32884439324364517
0.9475407581724005 36.66220158414935 0.3261271467085754
1.8344619066146781 37.013205945547995 0.3120183999397172
2.732402374180029 37.3573812480145 0.31053067360642217
3.6753532022574342 37.691269394176516 0.31054809130689404
4.64665271751184 38.0326848978444 0.30818489596242854
5.544311966868996 38.430669355331524 0.29582569933203356
6.438039772877181 38.779304235379875 0.2596806424941552
7.344344260286223 39.11178684292685 0.24446554140386703
8.267981382670675 39.39726895414171 0.2200982981254066
9.22087270720342 39.563199108612054 0.20562234502943702
10.16498004487749 39.72148130497155 0.209309891931361
11.1067859291705 39.90260599418731 0.17149004583340227
12.074356026904859 40.045420466181504 0.1790657712957288
13.075785985202108 40.19622720112084 0.16562897919022673
14.045771903520194 40.350615267328365 0.15918162937737937
15.012029872681397 40.46185670632652 0.15827611217768767
15.97625798633636 40.55125502130951 0.1543500771663045
16.930136615096888 40.72052223625988 0.140186933577438
16.772014758625613 41.70213167915081 1.717243520165155
16.611694693659228 42.66186832202849 1.7295300341970488
16.47958326014904 43.644190202693615 1.732593303369102
16.28540928707525 44.5980400570764 1.728143752055421
16.090409294381875 45.54418172878914 1.7319333885759065
15.912969361036627 46.4874975957476 1.7370376957189921
15.735925752451674 47.469338792543525 1.7296109917333227
15.59586883649288 48.45766161167795 1.7271542910531181
15.43494731205925 49.423229283844464 1.7230060659215654
15.270192524344306 50.378885722651304 1.7191346305476296
15.162235981347155 51.36307846636291 1.715240678921781
15.005969442597422 52.340946998901096 1.7060015248167089
14.850775959341313 53.29596467502277 1.6833373369541578
14.726768070511339 54.25468744896287 1.6784377427145576
14.581111013231366 55.2127386815303 1.6705975549190497
14.478721210478898 56.16769719615584 1.6579308007882565
14.410734187514702 57.15300038985733 1.6687912801113296
14.295314580473558 58.127889226262596 1.6546383797740558
14.147148121837525 59.06730036237087 1.6782845256261627
14.02716222183632 60.06612267996064 1.6704561077285096
15.109222551764649 60.152060036982576 0.08969214309493057
16.260255661281985 60.20067580859835 0.03497722701427016
17.416111969418978 60.24420555860564 -0.018529077803114708
18.542514046597 60.21463381885579 -0.04631767937669952
19.59983319150949 60.12377275116807 -0.03627160280616462
20.71746156366672 60.00397007209362 -0.07418388801978999
21.81891824821042 59.79625858636011 -0.08296604052451481
22.9454031875521 59.54665330984807 -0.10349746438020287
23.995931322702607 59.430268577779636 -0.10139534438289054
25.09296439308236 59.23908732377078 -0.09743664517912595
26.185266946501734 59.08704280265962 -0.09328559606984328
27.232590846671975 58.93085066763902 -0.09476337905652543
28.29322352761381 58.824623709664145 -0.08718065431706473
29.334382445812015 58.72968601407846 -0.08967398242747907
30.366800525678077 58.60880522850474 -0.08857539698026452
30.267701388193263 57.560101284886095 -1.661948641303582
30.186920362648433 56.50901958492433 -1.6569102365553625
30.158556234610906 55.44134755632323 -1.646540599010152
30.139179444465995 54.352547746291116 -1.6328170425460742
30.074971712650154 53.3146201712562 -1.6356039517140235
31.087929227063054 53.21536109888276 -0.06619627028319763
32.124765991434366 53.121721585477616 -0.0765477088944917
33.13566291965792 53.031472101009086 -0.07011119068457385
34.16770944533433 52.963787053818635 -0.06658414472759813
35.191983524702025 52.891664801241674 -0.05694822967599469
35.276598821091206 53.90436050786176 1.5138748389170826
35.28950522918859 54.90441722682374 1.5048416244884129
35.37387651461401 55.921487056750195 1.4833667904278796
35.45818925677229 56.99341715889229 1.4740614317188656
35.56211096398632 58.05359487132389 1.5014622999554625
34.51572473277742 58.19272752615173 3.0669792243546796
33.46181585087469 58.32280841662732 3.057977192547148
32.4250523329317 58.380460020885 3.0324926135603363
31.389351394849236 58.512239040678914 3.0560681164909007
30.35541559595319 58.59435366018749 3.049523911351565
29.322877084534838 58.718953348135535 3.0495911230611514
28.29540131789388 58.8703977111994 3.0375737303680244
27.241868165337742 58.986719156261636 3.0436746054878365
26.210266617393515 59.1049468163084 3.052917101786309
25.095379400746314 59.273801168951195 3.0446355476347935
24.014304902412402 59.40227116405997 3.043738926827932
22.96020185391716 59.54036279653702 3.0447226528498152
21.84713563304512 59.752551929866975 3.0447245133110235
20.761376100326952 59.93329032548752 3.062127998836998
19.6775708571475 60.06482689148923 3.063515210901798
18.505426243572575 60.20693500798418 3.1073221696554607
17.40203849009159 60.26824050219202 3.137279332931346
16.310355827872492 60.30996406383648 -3.1211609936457743
15.12994453301844 60.2213721137187 -3.0612683338756823
14.053824684656371 60.08118442275496 -3.040750085848788
12.956212794641822 59.928691510554394 -3.0154158914773066
11.84283605502898 59.789185460107596 -3.0094246240963276
10.677251704618433 59.5906011880108 -2.9641745214527195
9.513460728567452 59.38517676486516 -2.9254190807155425
8.437132974080953 59.1250518373232 -2.910296714359635
7.343637743261461 58.84705175463809 -2.884741810661108
6.309851115971869 58.53375151398455 -2.8780371491249213
5.266694105147003 58.255871893008134 -2.868772170578209
4.179689641289705 57.95190590259371 -2.844881553592854
3.223100367754359 57.65565639162026 -2.859598559676209
2.158098860639902 57.344729186456135 -2.852815427829576
1.0668099141089074 56.97390112593404 -2.847525450005365
0.0042426235832633274 56.64169879775123 -2.837354104410278
-0.9868952971505567 56.278621341381914 -2.835949631320536
-1.9912412194139808 55.94545015055222 -2.8281115777197234
-3.017412157227278 55.54778255070101 -2.8431057896296297
-3.9835998936158123 55.23630910019822 -2.8314194255910796
-5.028537637710162 54.96465674369854 -2.8039091619908736
-5.989909342004597 54.602955097181216 -2.80849855925732
-6.980273208947684 54.200770704397925 -2.8017852499820872
-7.944914766597607 53.821632153799094 -2.8020559951089545
-8.93898204161285 53.45254506108138 -2.7887526149891464
-9.918059151960398 53.050421717815496 -2.7867169369490665
-10.860103092429972 52.700683620268784 -2.7753720223165783
-11.816628594057622 52.32012208278603 -2.776113498843849
-12.76529728231133 51.98094156461028 -2.7663856029952747
-13.734411377834618 51.60396089982963 -2.773342070039983
-14.680158114041548 51.223090859725694 -2.7632829533859358
-15.630431621640241 50.819521178010845 -2.765032018662822
-16.594174764383716 50.42037705408189 -2.768110568804218
-17.528762354069606 50.037589212639006 -2.75567493279034
-18.472902741953604 49.646072424476 -2.7556352879672064
-19.430762941944504 49.25030635395491 -2.7523892058115247
-20.409055822097127 48.825015666514524 -2.7468228842774773
-21.349836744412194 48.436050404191064 -2.75899324137581
-22.307915973650555 48.045997925253246 -2.7377850057527233
-23.288501627112407 47.644100415243756 -2.7244105853757143
-24.224612219303545 47.200538096522784 -2.719090837819307
-25.173778468749042 46.74551022279365 -2.728785554301695
-26.10950511385795 46.31327440885965 -2.7345762300178222
-27.094566917580146 45.88243600323257 -2.741663929861764
-28.006745561145458 45.48966357830799 -2.7352028827565977
-28.948388000549066 45.0647637104033 -2.7262244636065356
-29.85631871170287 44.659110614882266 -2.734185912421725
-30.798107241859828 44.23658088626652 -2.7306471794283205
-30.418033528029056 43.28322385365949 -1.1562005623667966
-30.06221848284118 42.29993426992596 -1.1766390950692458
-29.717003143646608 41.344868352127556 -1.1718797692607377
-29.363333356847953 40.422120117177585 -1.1673992252268353
-28.986041015319522 39.468417583208335 -1.1662306165587477
-28.597960377411138 38.56256005474089 -1.1601907112882976
-28.218751046826736 37.63753005230644 -1.1704837724280392
-27.82992157786996 36.699944306691286 -1.1748510152789164
-27.4635766201323 35.75182955609087 -1.1799119891484855
-27.088340139736278 34.85081005660085 -1.1776704840975778
-26.734762847790577 33.917429241353574 -1.1670413701800375
-26.349064079048816 32.97195514420852 -1.1779582485317128
-25.97365449853132 32.02254263384902 -1.1793926699474278
-25.611035750249336 31.089553993659244 -1.1934319574351462
-25.263222095523396 30.14253218489479 -1.1828393443969303
-24.864580213569514 29.22180735306094 -1.1722170357189665
-24.464256691926938 28.270106945422974 -1.169377454021782
-24.086490204984884 27.31416890439796 -1.1702562241955161
-23.740476314493247 26.38995599307775 -1.1622913389613634
-23.390191022750397 25.466783474563286 -1.1765258652956996
-23.0346490698644 24.510324063231113 -1.1745345475373785
-22.708372779113873 23.57725554834251 -1.1678824659293143
-22.332033482254378 22.651467367533368 -1.1661794713857108
-21.92367034333381 21.73225744383549 -1.1629564021678722
-21.52185694075627 20.784947930478786 -1.1669054590369754
-21.128576721514076 19.853654975211086 -1.1701088762979306
-20.75036791994847 18.916391187046653 -1.1550429945768341
-20.405654536201357 17.991896809354397 -1.1631959058300532
-20.016311076228874 17.026205963086685 -1.1613535002983268
-19.668594265378722 16.101004224288005 -1.143593088083425
-19.2618604555125 15.183126615707025 -1.1338440881698821
-18.82767305486475 14.266229075373348 -1.1340224467276985
-18.3971190756665 13.322972671033462 -1.1330582084249574
-17.999341705021074 12.427395180281529 -1.1235730166171203
-17.559378148286772 11.525894344394882 -1.1232710678165634
-17.11599046459929 10.617707521421321 -1.1332493003828772
-16.672627607231483 9.717433582801315 -1.1259327963410852
-16.199501024950287 8.821052746070842 -1.1234703838104794
-15.764226111485764 7.918020610971583 -1.1147175225573511
-15.33193187117393 7.025815199563348 -1.1071848298545295
-14.871859502253626 6.153926831245172 -1.1040387904046394
-14.367132775899771 5.240463316942612 -1.1198540804701975
-13.898242535263241 4.3471257890419865 -1.1140958193564503
-13.457200966713247 3.4477059723444206 -1.1160315388115052
-13.05517465379727 2.5404962471184325 -1.1214761990494508
-12.200795678546942 2.970430276357837 0.44795936675903403
-11.312014035974961 3.385943443082921 0.44935696438008116
-10.447211475947732 3.7815658134273744 0.45657045984974015
-9.54906902776494 4.222293258856293 0.47677315812612453
-8.671273493190185 4.694511540328502 0.4790288335244275
-9.151593220370973 5.53873951885661 2.039468192301117
-9.65864379590473 6.392136927557936 2.0289229767804313
-10.126481265127323 7.244125784852752 2.0262485808853747
-10.568704371904907 8.146869444115891 2.029051250787596
-11.002237837443525 9.043816313949176 2.0060401752267056
-11.438218805218314 9.96424286446009 2.015134760633919
-11.88406927481458 10.844827602745973 2.0148018701196295
-12.332585946845253 11.763736880544498 2.0139330401315183
-12.767164383028463 12.660609614104576 2.0004236069798647
-13.196018143571905 13.560100321463727 2.0114509011163464
-13.64701641359367 14.477827117685383 2.004624720718005
-14.05453235929647 15.374884270236034 2.015033106726488
-14.483403805070447 16.296390368822532 2.0073732849004826
-14.901667552183808 17.202923618009507 2.0154312731626303
-15.30660599432234 18.118379440865592 2.01287497114439
-15.750470534502798 19.03561723313148 2.0047629559909916
-16.183594391565286 19.9583141277092 2.0043288150427747
-16.609630847856398 20.889565052451772 1.9920293565049467
-17.007332545768616 21.8006686454663 1.9716858331777576
-17.444165948551802 22.69250610761008 1.9905190785420532
-16.527337946282255 23.105135104478784 0.4187630674747076
-15.646139991212246 23.497018045167835 0.3973772452720648
-14.776441305826147 23.91527431948936 0.3986604411625945
-13.902587418954369 24.32386836046081 0.40788167813699355
-13.038147537638658 24.740567858407147 0.39860531434616214
-12.169316276141151 25.167816577743384 0.3958025189899804
-11.300793593068464 25.558220965507726 0.4023527283673288
-10.458784491476187 25.965366032342004 0.39022112242067286
-9.539114549640878 26.332835375298128 0.3813510124078036
-8.62936781093293 26.730618200003214 0.38068106515376904
-7.699556467990101 27.096293559260918 0.38106946322135604
-6.844641647434631 27.513901778080992 0.3872421533173522
-6.053966983240131 27.91511825687414 0.39319186233494563
-5.200710549127202 28.32471994544145 0.39778900194991434
-4.320774996308479 28.704279988318568 0.3979137068019945
-3.4498757706254466 29.10035833440225 0.39554147635552384
-2.7109134973969815 29.561075744194543 0.39726220751641617
-1.9093300785536644 29.981294663276334 0.39352750804066006
-1.048005339545707 30.407857815246004 0.3834215914771612
-0.17050730979494588 30.802026276096413 0.40268225987824047
0.7144955851208703 31.163519868284077 0.39898878277844807
1.5864479789719863 31.589155302412262 0.3857261081250267
2.386944390855224 32.03944691162948 0.38046047902285096
3.1522648692591053 32.483619900203806 0.3566098431810558
3.987001348365341 32.87244477836716 0.3618552651460469
4.865967305468662 33.289105194245195 0.3579829674360726
5.663071974700669 33.70187484167269 0.3427477634803146
6.4755815397115555 34.182581299624594 0.3047383721789162
7.281942517373945 34.63811646479781 0.24583376551429809
8.22970213726448 34.88803052663582 0.22582086119173042
9.137926469417266 35.202131778736224 0.19372840617043918
9.956688551557038 35.631270636961645 0.13188178015754276
10.851606850924602 35.929775852271966 0.08544344680877436
11.74655718064149 36.205631921247054 -0.01558780054185143
12.74711268731229 36.199615591921564 -0.024657977307212663
13.668095093933966 36.27855963075981 -0.07250256378202996
14.572481420610725 36.29139906625516 -0.13981100835768553
15.467042314017771 36.215390798181204 -0.20626144494348778
16.39448054238664 36.00853916909932 -0.2397622219419613
17.25207244923758 35.84313361818754 -0.3186154979708097
18.045240170456196 35.557882187362424 -0.382709627477624
18.56105148456991 35.29078403309386 -0.5028397459433691
19.337493493033584 34.90459388849164 -0.5583943597399027
19.968030683402674 34.44265632036792 -0.5858583679386519
20.807155065303114 34.06220382313557 -0.5821225755950032
21.504817768586513 33.67185277666362 -0.5781744424501655
22.10092707202774 33.28138412432382 -0.5255086301370745
22.71172681030227 33.03725078743452 -0.46701099314462025
23.393912318264388 32.861195590398964 -0.4157641427700289
24.196615251554594 32.628831061892406 -0.3616899114035355
24.98574714089539 32.428197986287294 -0.3190385888122078
25.715190566891454 32.425826226598666 -0.24422174258642948
26.45106203874919 32.49760049575798 -0.17491216385075867
27.405068469919293 32.45619344906162 -0.16209681646651464
28.421235355815508 32.222682540423605 -0.16127918164279337
28.650787214662817 33.197595899941824 1.4134719571812835
28.85102003461713 34.18902098007963 1.4154465863274615
29.036328466020773 35.18100468049239 1.4223140853995706
29.217775720565925 36.18013890524435 1.435670406919087
29.385147305352284 37.14899396205406 1.4457465291947866
29.508837627641594 38.16313272386897 1.4529192815243053
29.61154087789602 39.17963127376064 1.4580275228479402
29.65300815289995 40.2988155126824 1.4764274910190427
29.735855897241297 41.32282220783382 1.478621300383131
29.782967957271158 42.39954462322122 1.4988076089746427
29.816902956718295 43.454028815449945 1.5095851665984616
29.814859349685957 44.608365551536195 1.503590821380244
29.841478897559977 45.64220756601927 1.5089760605789488
29.87735513742232 46.749915073299576 1.4897181892914255
29.92229152696394 47.84214913385154 1.4969294026562503
29.921790050234378 48.912878834417626 1.511639082990086
29.961545704470044 50.02704221115375 1.513766439182273
29.959562614791288 51.18161684440215 1.4965618084146886
30.010920925269943 52.264986557697 1.5064904564185857
30.07263846602983 53.314672040434 1.5043794097672267
30.105240482374082 54.341553442131044 1.4990972598115808
30.200749410090644 55.37391624920335 1.4980158837461182
30.24220145883946 56.45477208621249 1.4973392321443053
30.298909022606857 57.53566627345998 1.5001248176661934
30.367436851227232 58.60327204184441 1.4809307015020583
29.325860835899537 58.68491071996015 3.0491451019725595
28.30819452146173 58.790572912960094 3.0526584161106207
27.26127567807918 58.909448088702156 3.0499075970725307
26.20862315385784 59.07078808203961 3.0438102165713987
25.162155667509577 59.20866863437423 3.0393283982559764
24.078703451642884 59.364251791504714 3.042179374367243
23.039362952413246 59.51207787820619 3.046387179358317
21.890329115508827 59.74628794784857 3.0577068559065723
20.78307823074101 59.924218658985495 3.0651082653613653
19.685354333525915 60.07512949130602 3.0705394186881754
19.563449388591543 59.12027360736434 -1.6396635031806828
19.487357486506077 58.19988714768384 -1.6631314233926382
19.356579518829015 57.521648909737706 -1.7118515795755667
19.20086585798538 56.829080676600014 -1.7741631956633346
18.98319583649327 56.17025547112804 -1.8280490249362684
18.7049676379677 55.23831980316162 -1.8466166799271493
18.41389403461337 54.298037506844466 -1.851926091165719
18.086856477468093 53.50389242685327 -1.9134544900182338
17.730766919000196 52.6914573400602 -1.9727001122395948
18.054316979421785 51.28738400659388 -1.9913139948666876
18.25100862957183 49.94507197597007 -2.0213691036138006
18.556964418453823 48.758680576059305 -2.0115203697537063
19.309875004446184 47.093933484518985 -2.008232093388329
20.03993397904948 45.4555752576259 -2.0282157908965175
20.849553040805034 43.51763078990951 -2.045056283096088
21.411243500402644 41.95085923284744 -1.9828427309304615
21.97564312092738 40.418782137867765 -1.9636031238017826
22.564717631068987 38.963823061085826 -1.9920288805374087
23.13220047875538 37.5257254475283 -2.0437633104556694
22.56494418207988 37.295402213315406 -2.1101950142172674
22.0242315888854 37.0467752031734 -2.2081846384141537
21.720131458997415 36.353827668719426 -2.188394320851342
21.46582959372677 35.64894322302073 -2.154684962744994
21.2589856192082 34.829007567485704 -2.146802787812115
20.953646485454254 33.986082833817505 -2.148853898212769
20.64856936188292 33.15224975238904 -2.1598685633583417
20.363938667884504 32.30077401722528 -2.196275391304144
20.644137715501316 31.584357618783013 -2.2525022566337523
20.324681278033143 30.822427300255164 -2.2915488572544085
19.939741612831504 30.06361635660409 -2.3361684839716035
19.507667886849774 29.373854130972422 -2.3027621999626415
19.499316029930142 28.721008855122292 -2.2868300086661457
19.529631378939555 28.00869360197207 -2.3119252584231695
20.13905306307135 27.588257717126602 -2.4128385842101996
20.663007421983725 27.19451673228827 -2.5926548605811566
21.137183964101997 27.63716474843324 -2.0861915985583566
23.677837288497248 24.963338043970424 -0.41786152400870513
19.550000570614515 39.947801496434465 2.8251180505521485
25.4601247683188 30.925300073541287 -0.1469023592573269
24.78634327967047 27.86652937825385 -0.2222327072819183
24.69730482811048 25.678427843886578 -0.013158505200549864
25.382048278802905 25.878301088823733 -0.029385330827037377
25.975956943789964 26.19470761498087 -0.16594895902464066
26.826951817495193 25.95383195073969 -0.20142953521723025
27.782453236466647 25.677598504711295 -0.23277011544090867
28.826410627617946 25.385697471695146 -0.23914670955258424
29.746035240743456 25.222621565998416 -0.26393114085848696
30.583000671678448 24.775515797162353 -0.369908288517623
31.395687817759242 24.24826751157611 -0.44550888801166566
32.10664783004806 23.622846528948763 -0.5130708181977198
32.69440255856169 22.64176927406434 -0.6574766948255623
33.398327789308325 21.915893669931876 -0.7007771441421377
34.12370226194489 21.286730193184624 -0.712989596721784
34.88032750837772 20.618977776093438 -0.7235441954769374
35.662908521475764 19.954629464270724 -0.7104799645541982
35.0238805044734 19.219256455892392 -2.2879877668010553
34.31694975414064 18.46952441762789 -2.291900207165457
33.68036485169014 17.66455663055526 -2.2935597198681803
32.863761709674115 16.824468213763403 -2.320357014862723
32.00479826686945 16.008496242178857 -2.3485055924290252
31.18556457140259 15.247671676383785 -2.3839912041146665
30.352212103023604 14.538170176886645 -2.4003899097465182
29.491277318473884 13.869910842410404 -2.4173352269491994
28.632745685699028 13.15585109431659 -2.4322740597567942
27.79071578265722 12.423629713508735 -2.4328261977943204
26.932375993231656 11.711073802775879 -2.448948450664898
26.032352677970486 11.008109261099783 -2.4683340122482376
25.19246427857516 10.326032435883299 -2.48195771879024
24.33544818011684 9.670723387325005 -2.4992490240945155
23.44616144009018 9.067970820011222 -2.5115953228307477
22.553124183714612 8.453086324422491 -2.51746300995226
21.632458402434384 7.848463229978334 -2.5227284895330664
20.730518333477892 7.243227125850408 -2.5221581480542565
19.814238529527838 6.641554406545725 -2.536371377146952
18.92961542346563 6.137572500062206 -2.5466573524245035
18.027332400053112 5.618376472074038 -2.551364425797743
17.152120163136253 5.105153176713452 -2.559775843286193
16.278548477468764 4.575318216940928 -2.5609952066113024
15.365435290259706 4.042707152861755 -2.557663538744181
14.447823226898306 3.5142155609338857 -2.565143403763131
13.573601992791675 2.9602899497144826 -2.5728233887890903
12.684125758788234 2.472762952121459 -2.5853117645090835
11.809117915693966 1.9447567895015958 -2.5742891715872123
10.90083621758885 1.4335875889795515 -2.5771521222027496
10.027390605470474 0.8652237272461137 -2.5741642874164743
9.149766206889575 0.28016594675539525 -2.582599978573843
8.306071051117293 -0.29262246000833536 -2.588019149507161
7.4131974078196246 -1.047893050257882 -2.619995532109774
6.521794643804876 -1.8089996744236443 -2.6798459411526747
5.594331490876965 -2.493116622250624 -2.757209981782988
4.6860316514213505 -2.866055721049075 -2.758404111462217
3.768732784133826 -3.45882464763983 -2.827771109217701
2.8264268163397044 -4.005781377614345 -2.9153840983577006
1.8043634974376528 -4.320928915624027 -2.9475573428521775
0.8288971011822092 -4.510541795603926 -2.9524752902292866
-0.15256455709923594 -4.668915848691406 -2.924204004422547
-1.1147710690875874 -4.878668806086999 -2.916628892687828
-2.0572203154026254 -5.069192128621023 -2.897864037564932
-3.00387204968139 -5.279550031365929 -2.8902553151174
-3.947347998060141 -5.5130883761837355 -2.883140648123283
-4.912421905750742 -5.73927864826879 -2.871706555854266
-5.8529454382867 -5.973450740964363 -2.843722538012646
-6.784464627375562 -6.212067138159355 -2.8272209752932325
-7.704001895585656 -6.515341033720682 -2.82686310879295
-8.605317371266603 -6.77159706726423 -2.7880848873282775
-9.509562692269775 -7.079453494740383 -2.7707689507349578
-10.38468909490541 -7.3928793645610655 -2.7512222250167633
-11.289543161070538 -7.7388513594529655 -2.7429070707466066
-12.187129910782593 -8.106221107021533 -2.7349039708174554
-13.111234580042492 -8.475425030567775 -2.726172646236215
-14.016908740097211 -8.888433788426505 -2.7254058775782304
-14.914027112650489 -9.290083096669518 -2.7263343519236427
-15.80721363413534 -9.654791268082276 -2.741025730505447
-16.71626216074764 -10.03019597557347 -2.7170619010161263
-17.587198448761146 -10.384578832595821 -2.7110194011891005
-18.45482603612179 -10.763189982397703 -2.7020699124102703
-19.29362307537156 -11.099802999088752 -2.7027000334042186
-20.123882853722375 -11.480735282254205 -2.694409398279055
-20.982837323760968 -11.920450425709472 -2.695566758091107
-21.86132742140272 -12.333814833402851 -2.689986734305941
-22.755127167621527 -12.742826816260658 -2.689909247357847
-23.61759937932332 -13.168490426597549 -2.6824080936851047
-24.46507208538022 -13.556457429971024 -2.667438069672592
-25.312557735688067 -13.9696282148372 -2.663348929181962
-26.160848596911656 -14.413664110375285 -2.6634850824973197
-27.007945312685514 -14.827013569626017 -2.6639505421407734
-27.865361360301318 -15.294690100726312 -2.6506675532496558
-28.72582375845373 -15.735834854482471 -2.6569514101986815
-29.596564713294015 -16.19444300870716 -2.655242437796765
-30.4753171011563 -16.656247605307193 -2.656500072749814
-31.356436717066344 -17.149627167870456 -2.6536282316485234
-32.213327662243096 -17.594453333154437 -2.6601185854629184
-33.09268183374878 -18.04431887487827 -2.6508236651734824
-33.933234148249916 -18.490205516127343 -2.647364232581802
-34.82257103124982 -18.98404623918177 -2.635186246477134
-35.694307939602275 -19.458733765742455 -2.641339381329965
-36.557773601148895 -19.963504542162067 -2.6358532401833332
-37.42280351504163 -20.454896820141077 -2.651025932446143
-38.26343608033773 -20.899093045457132 -2.6481207616016085
-39.10998980173797 -21.40163762647281 -2.640391625156963
-38.619792521206186 -22.265973619762924 -1.0589465265126201
-38.13092701040815 -23.158026169862328 -1.0564721326317088
-37.611549946047774 -24.015175542264494 -1.0554171668474766
-37.12502081101502 -24.87303282717241 -1.0737041889202925
-36.62324176421706 -25.747484957264632 -1.058145794280889
-36.14634769103083 -26.63455189493167 -1.0545266811038299
-35.6521872723724 -27.5510685668423 -1.0507954379122848
-35.17882072861617 -28.3871969584123 -1.049520674078134
-34.66923372969046 -29.266606854449854 -1.044715429176669
-34.177348408346056 -30.13432628445472 -1.04444512565384
-33.68880949861517 -31.003526016644688 -1.0456872642892658
-33.20039993042876 -31.857420294451597 -1.0384886917850913
-32.70472681760738 -32.729894669248566 -1.024447405738591
-32.17592382389313 -33.580328652591575 -1.036948191182043
-31.668128753680385 -34.43408951679268 -1.0313927998426609
-32.525680996447235 -34.94589753314983 -2.609152666778321
-33.37381497211105 -35.449969402034085 -2.6140846310630934
-34.24640523642242 -35.95178640082832 -2.62091468676514
-35.09959700852277 -36.446276147336505 -2.6156042877114873
-35.977254271211876 -36.92692360331048 -2.6182720006542053
-36.4841936055734 -36.07797587328663 2.1044363076158352
-36.9897370608998 -35.16835833243393 2.112400920170553
-37.48963271323351 -34.29985065221387 2.110483105146657
-38.00383500935622 -33.42846895054171 2.10140521413127
-38.542490688243916 -32.568137771771354 2.098671882974162
-39.05728743500256 -31.691704614338196 2.0801161485299327
-39.550972166648684 -30.813220416871232 2.0829950712303966
-40.04187780465676 -29.929431487320823 2.081766463610651
-40.52345869827318 -29.078507682903126 2.0766858579799075
-41.018618446260774 -28.17716384143226 2.0778984508540614
-41.51678196482391 -27.297899541045364 2.0741793086155025
-41.97980498492729 -26.39159572821124 2.0812664442822366
-42.47532213276249 -25.53581100524635 2.0665915893029982
-42.96559692919708 -24.6399429402023 2.0804726379950234
-43.45067249192396 -23.75710462424574 2.070384909915398
-42.5914296250437 -23.2696965971485 0.4936727348657893
-41.7015705586932 -22.795897700962072 0.49615000194092324
-40.85482467608968 -22.338179858181956 0.5107267133133643
-39.99884355899925 -21.818888505616744 0.5076871283043543
-39.12104924039295 -21.37251458529522 0.4947684393823823
-38.60821230542223 -22.252410026749555 -1.0692525087815494
-38.13063281628668 -23.097405072848407 -1.0576533834803115
-37.63819646345051 -23.987778056060428 -1.0558807005480066
-37.12227500493725 -24.87824536399675 -1.0615726062806148
-36.6373927752127 -25.756469206500167 -1.0644692777658036
-36.15677893990981 -26.640988482417363 -1.0690607642672443
-35.67231119497347 -27.519614492283935 -1.0584940698912768
-35.1711248727504 -28.395696950124197 -1.0477678716262424
-34.68237721372866 -29.249462991132507 -1.0508653678876805
-34.195571105534924 -30.133355630771113 -1.053563048402225
-33.64495256903189 -30.96316255863415 -1.0404355154581992
-33.200450677001314 -31.84248182280236 -1.0325697543799754
-32.67933550549666 -32.68987128355142 -1.0356525413429993
-32.15538229294741 -33.55999276494946 -1.0381316921555994
-31.666341655399272 -34.41951287519585 -1.0327479898089942
-31.151212647460806 -35.282904554377616 -1.0279727756329777
-30.615148554828792 -36.159572539774935 -1.0165253249629556
-30.07361804338309 -37.04272375888551 -0.9998804741107913
-29.57774613646461 -37.891717402272526 -0.9952142614338181
-29.001026056276192 -38.727590568379995 -0.9929743884158301
-28.463062863902753 -39.553404517548735 -0.9781382112762896
-27.940046336020828 -40.40623388489675 -0.9858153580481702
-27.39588392937241 -41.279708911517254 -0.980565321625246
-26.83028691370565 -42.08978483220518 -0.9747397503359733
-26.236283315613726 -42.90947832628214 -0.9705580542248582
-25.663891060309243 -43.75428260855435 -0.9685124294964651
-25.097985641499765 -44.57370817047297 -0.9804015762483386
-24.53772910826684 -45.43306444062804 -0.9915229917302605
-24.002340672513878 -46.28419219361095 -0.9935349370504214
-23.427792849053816 -47.13869533991856 -0.9928430964362147
-22.84710106010072 -47.98055842774753 -0.9939580331848087
-22.319044923837883 -48.82108094616008 -0.9926477486226072
-21.750671703283434 -49.67098885116244 -0.9963162737645981
-21.18134926205046 -50.512741810977744 -1.0050476811304754
-20.646454881136755 -51.37976869136905 -1.0109643481604245
-19.801146745931096 -50.87549775624098 0.5628954962017473
-18.926943117904504 -50.370077537346205 0.5630743137940886
-18.063035046369507 -49.83664091084888 0.5449899788281249
-17.147940945427305 -49.3494904001757 0.5369389577961532
-16.280470938465143 -48.83447831332456 0.5229213197179371
-15.379501879584014 -48.3536777098846 0.5265269594223047
-14.50715967153259 -47.900426251702164 0.538550859957852
-13.641727336042534 -47.37903419370705 0.5452805661864538
-12.768634567678422 -46.87843672348154 0.560035999361211
-11.914334778173895 -46.35305575141406 0.5704987337662789
-11.071325608713112 -45.818642860328374 0.5745878113567064
-10.243029535828114 -45.29935098874098 0.5661251148951143
-9.402103428403297 -44.75329928330413 0.563663704735358
-8.54217085496512 -44.21286328325665 0.5473815250893139
-7.706124645251169 -43.705422044160265 0.5393233180798084
-6.810302531959935 -43.19032853152708 0.5335888368634336
-5.949109957714747 -42.66722035850001 0.5456669186378037
-5.11087230426533 -42.11440368944483 0.5415564066969073
-4.265947434717686 -41.59759942429398 0.5467383630537563
-3.4064433532292755 -41.04211176293851 0.5427292698172834
-2.574487617205342 -40.553598023784566 0.5322883699492622
-1.73382460221234 -40.017008548091894 0.5291060405007797
-0.8741371223082252 -39.527207742217044 0.5378670037226695
-0.04439085821338207 -39.01222466667303 0.5497473072355767
0.797039398431343 -38.478011813887925 0.5506317381622464
0.30890156864793056 -37.60685398243738 2.132152216360321
-0.2017620181017919 -36.78963644556041 2.1380268629884487
-0.7157657447882162 -35.95072367635425 2.1451668605790624
-1.266913813264772 -35.104354600481656 2.1546966216225094
-1.7953362987302417 -34.26504304209951 2.1474968249604007
-2.316270695588574 -33.43423569360467 2.138902296163915
-2.8390107090131007 -32.565694401254675 2.141598982665347
-3.346760463495075 -31.71928443878875 2.1422881874651027
-3.897894386862148 -30.924997711309434 2.1388626078340534
-4.432066774760385 -30.05572717206543 2.1415597273193376
-4.960320647815175 -29.23701202342084 2.1398358512904623
-5.492029692141293 -28.410386913361556 2.154243254726528
-6.059002613082088 -27.58027966398155 2.1611976857523527
-6.628770263698105 -26.759216255901517 2.179578127171869
-7.184539987611583 -25.923983122563655 2.181168564923514
-7.772871762601053 -25.086575102768442 2.169513083337703
-8.330065658509692 -24.245823357575095 2.167400285080418
-8.908888369240737 -23.39533061572161 2.1629614421816905
-9.48050583998768 -22.55815243713761 2.1520981203312837
-10.060536953148931 -21.69886189855192 2.1242946219252126
-10.917504898181251 -22.224098057707373 -2.592466747463127
-11.765488693820734 -22.76044697586721 -2.5851850775961935
-12.617039167661698 -23.256356332326238 -2.5880791905104927
-13.472677228623558 -23.79219942047856 -2.595291965470712
-14.307557434627533 -24.339938443329938 -2.5809926509776333
-15.168617616465685 -24.884117880468246 -2.5845024524337727
-16.029301453018007 -25.40026282267117 -2.5868245484850143
-16.855677000665825 -25.9619378289274 -2.5828523520176097
-17.692352603853415 -26.484690957439764 -2.5802730173429684
-18.51862930980879 -27.034996273922093 -2.575335636136845
-19.33323242048359 -27.533319163355603 -2.581048134501459
-20.191933638885125 -28.072687350388158 -2.5873369239031416
-21.075247615264477 -28.57621756603713 -2.592280666487011
-21.901756694056253 -29.11467656931717 -2.5835764435630812
-22.769332005745856 -29.611433943187397 -2.582218963183201
-22.200430811927045 -30.45033205878265 -1.0134994546797056
-21.686774160058693 -31.280789528817184 -1.013682584264352
-21.159163618613675 -32.150698501781854 -0.9923990789522869
-20.60224013281708 -32.967462702895155 -1.00200201615446
-20.05223568097234 -33.769717900803236 -1.000069373897131
-19.520376357138446 -34.6044543375579 -1.000628464459955
-18.990122101282317 -35.43390372403985 -1.0135397389042846
-18.427883104621007 -36.26203209177727 -1.0047070060086685
-17.879672058705264 -37.09144105618315 -0.998636971285262
-17.34237756163831 -37.9319945788676 -0.991040441900684
-16.818298368703434 -38.74738081778378 -1.0086999035348994
-16.25757221459645 -39.61646310606653 -1.0001519371238763
-15.688731650866034 -40.45581429589731 -0.998487082180685
-15.136374764367885 -41.3056456840234 -0.9913252177263538
-14.586073040716697 -42.13921448918481 -0.9999913820313507
-14.061671697018163 -42.97381387720287 -1.004337496091165
-13.525028336224096 -43.81237244112029 -1.0082486967811912
-13.011993623111584 -44.657227953508254 -1.0173544452568235
-12.484855648100941 -45.48144265554167 -1.0126564997384677
-11.922527230796893 -46.338453518483576 -1.0063158105151644
-11.303671570490122 -47.1627102359026 -1.027624667509771
-10.654088584039544 -48.035678823613104 -1.070960836408714
-10.311911892224481 -48.95385162728959 -1.0066161871607207
-9.388054441063902 -49.669238047556895 -1.1361929868906704
-9.208336712143591 -50.551120143507575 -1.0409994254187453
-8.70828097998793 -51.395638861237266 -1.0373446333673504
-8.217166526517438 -52.261057582105664 -1.0262787324821039
-7.707054107948882 -53.133109397924535 -1.0315214175776324
-7.19032416976833 -54.00583039812071 -1.0297091906487845
-6.671522580304933 -54.850643494372775 -1.0400364148212344
-7.552896573658201 -55.37692574050153 -2.6115064751747
-8.43236495005011 -55.88397069122174 -2.5954800183684013
-9.297376278631575 -56.39068327850403 -2.6019515108936697
-10.153736124577646 -56.91146655210265 -2.6014723013940904
-11.021993841773813 -57.39725718745309 -2.6016714350156662
-11.538771420070928 -56.55759255816142 2.1231703968734412
-12.049248368877278 -55.71129290395113 2.1038168636678742
-12.562528851298772 -54.87806501097006 2.106694479035029
-13.065070825669203 -54.004319660445255 2.1222360915267475
-13.587534435116888 -53.1994324913852 2.1408501367485733
-12.72088585139596 -52.67664359692335 0.5524420958159594
-11.882235862661762 -52.18169112603285 0.556231256005857
-11.016119313282488 -51.6455079839968 0.557452749797864
-10.335571041572964 -51.18727944837592 0.6431606135673328
-10.061886888743382 -50.86666472997181 0.8776795149416629
-7.391553870037454 -49.82352074104815 0.14093824139391445
-6.956721339272138 -49.612973146007555 0.3400027897904866
-6.06820810872887 -49.255068448893674 0.35498443492017245
-5.112178518554939 -48.91319124406742 0.3707792878543951
-4.164276144476564 -48.564957122277406 0.38487366455571426
-3.259457041363625 -48.15590665005537 0.3878697990067722
-2.363473936738476 -47.7654199083221 0.40514931702438944
-1.4494627587272517 -47.384528691684565 0.42843734131906475
-0.5440444113620085 -46.953319740548515 0.41597992127447103
0.37321966358680086 -46.545279443162784 0.4140215493597654
1.2736728278373608 -46.135366683967696 0.4196218766676853
2.2001305984399475 -45.7291898419496 0.43780613992990197
3.1390712561954106 -45.292642417912205 0.439651117776626
4.032909270127282 -44.855635040972395 0.4518122296955581
4.9130100846323845 -44.38642409505621 0.46190819622127055
5.826703917357913 -43.91911791550182 0.4648090213834909
6.71901475996768 -43.44482707766028 0.47660408592306486
7.626801824263018 -42.994268651297396 0.49371145842117803
8.51780835547495 -42.51856722418599 0.5026207327364768
9.384536264751606 -42.0351991976971 0.5145700625034916
10.27016474638071 -41.53238833252651 0.5151151957246107
11.14585964318308 -41.03020866878777 0.5174322988061797
12.020468822717055 -40.57194465605632 0.5249945444293171
12.896910865654604 -40.05348553633139 0.5188565067287517
13.766598270973356 -39.56428194809109 0.5179672378146362
13.26058702152622 -38.72229617370093 2.0943298989969716
12.748575181419923 -37.88467023123556 2.1037404904579384
12.241647922656728 -37.040708254320776 2.1081034108806724
11.681513060343969 -36.19910196783429 2.1324662214073786
11.134265790560693 -35.38720254382346 2.1747243841807373
10.566329595492844 -34.57090621888321 2.1943952065519596
9.957210154376552 -33.8039441985555 2.1990332947073594
9.322680722702195 -33.022567362877844 2.2112740704916938
8.705507013317616 -32.24438002059751 2.2201053436498692
8.087905312106738 -31.470292101953277 2.2233801998100042
7.47678670778253 -30.715257308063276 2.2150746664589187
6.864432585236103 -29.959068571610423 2.2299507830327863
6.212835725220801 -29.183328582399195 2.240752044424881
5.558739585252335 -28.39353715185267 2.2256338068612687
4.910214114330635 -27.62815202524369 2.239539822980335
4.257361226929465 -26.859049600821916 2.2414844685527733
3.586908376661916 -26.096783584831048 2.246965561366055
2.947559414559697 -25.30876889342233 2.229212988212955
2.342245299496785 -24.531250796930955 2.232082449739367
1.6899465075843894 -23.722907175444604 2.2138181089730744
1.0595666692256254 -22.9702728750392 2.2314248607133194
0.426276404239054 -22.220927378899184 2.21779232064174
-0.18052587962949396 -21.40784195884202 2.2032383460886775
-0.8455226956011729 -20.628313753516494 2.1899956659021056
-1.4306238368355533 -19.83881805724491 2.1765761300035114
-2.0187909893741374 -19.019148730350857 2.1647217523264195
-2.6192195202894233 -18.18110887401869 2.134250933964555
-3.1886128337230244 -17.341858530734047 2.1093685075724933
-3.7323979036076915 -16.473169727369548 2.099513188898394
-4.2592486167604555 -15.621303804033875 2.0910477037567095
-4.789763045749881 -14.790576719957084 2.073032693740603
-5.267323659844761 -13.887867405852136 2.0458954727501
-5.751470792986207 -13.015908197715198 2.0179156590490916
-6.218622291903334 -12.11156893378681 1.9877799820414357
-6.635034366554039 -11.205032561207467 1.973367177197621
-7.0568705078573775 -10.345357120457443 1.9436179881157378
-7.46398227076847 -9.464316374882022 1.932230974422515
-7.837862688958876 -8.566220510019496 1.9448494602690587
-8.25046616891594 -7.7028555349611265 1.9213743803908563
-8.65592980144922 -6.784241271688761 1.9083438472534915
-8.994114893398613 -5.819646170190272 1.9058931644820494
-9.33349231074012 -4.8540714414953126 1.9266617837223332
-9.680612802498327 -3.914751744306206 1.9372817685611161
-10.045749527886105 -2.97396849265457 1.9455197695277302
-10.386759633926271 -2.0234158700381095 1.9360902721880613
-10.822584960503253 -1.0958178137105061 1.9547274618263362
-11.29002729448895 -0.1737712844661949 1.9776468991603378
-11.833834703244765 0.7278108647766087 1.996593664468463
-12.415737028222535 1.6505228765062083 1.9936099596989094
-12.977244253359206 2.557043079527817 2.0186037410912037
-13.46986994556127 3.4391913924903825 2.0136050479070677
-13.916916734051297 4.336691460150984 2.0206617469971464
-14.377530852377673 5.2347332378247895 2.027582416734502
-14.822243022588271 6.154615306276776 2.031474185475086
-15.292348412643445 7.048588349829627 2.0352767572442656
-15.800304443523173 7.915740808001676 2.023939122406055
-16.21875918814239 8.808315541477942 2.0300857066082902
-16.670424821768986 9.719142851014064 2.0192423357778435
-17.125371579793665 10.617018852059338 2.0146964006931776
-17.53110022469073 11.528313523008949 2.0079539422475285
-17.97799945380005 12.444667482530667 2.019622865607622
-18.434948060169397 13.341728261438691 2.004115862131616
-18.845062371605728 14.247784421045655 2.000222081326534
-19.25087643679941 15.141950449991517 2.0057531414086522
-19.690617755008226 16.081146041728427 1.9968815391316346
-18.79297262477338 16.50815188151141 0.4297055688508657
-17.91790679937905 16.890455105925906 0.43158418325968007
-17.106908137132564 17.285987695282223 0.4332007826908756
-16.209880892696823 17.69595801046069 0.43444885508468306
-15.327404743841873 18.12894266035346 0.4409792634757666
-14.461469378948962 18.551286172907602 0.427020991144083
-13.60403348578637 18.916361803999838 0.43437610392624565
-12.781546179144975 19.287719834656095 0.43178289367382383
-11.953433516394696 19.66946861578837 0.429065538439219
-11.05548912710317 20.09360222461696 0.4367541411471536
-10.175056298446167 20.495133922654997 0.430295464559062
-9.334185310270346 20.858638486474366 0.41196753290154287
-8.438240624365438 21.23354648102672 0.41250730411027653
-7.5546596586682195 21.62382072557062 0.4014351259760419
-6.640227369885816 21.998990072300742 0.4015990562118186
-6.230436727134324 21.045039633931047 -1.1531961338216552
-5.8565932948493025 20.15661982410155 -1.1602652803345668
-5.441945550467295 19.20737074163499 -1.161631165412534
-5.008470879265806 18.29324847959839 -1.1508555109745773
-4.578793549816914 17.34517460690311 -1.1481235396921026
-4.153214510188953 16.415910673384428 -1.1396694221053
-3.7323957762065674 15.44802355655577 -1.144361532983727
-3.293246607862856 14.533552004520011 -1.1382898820796077
-2.8487320080304452 13.589059651967524 -1.146999048408349
-2.446305187548841 12.671297079978014 -1.1512150593171877
-3.344847834343314 12.247766470526573 -2.7127399556625953
-4.248654158909041 11.836390490180532 -2.711590674359926
-5.1391937802877905 11.458704495183875 -2.696245782868148
-5.968012901556352 11.107276022085019 -2.714374045847214
-6.758621824006384 10.756826702896678 -2.7224937065767767
-7.621994783522439 10.398047868086952 -2.7226063837001133
-8.483961418799405 10.050331615711237 -2.7135279205828855
-9.336382670051568 9.701449006453048 -2.728900941006599
-10.18142086455521 9.378744559074825 -2.7016850348046355
-11.02503438765726 9.021128120430856 -2.6916484436690995
-11.88931937991757 8.616741591276822 -2.693408749923592
-12.738772542519191 8.209525037080596 -2.6932277185274303
-13.589775531597658 7.793766107783994 -2.69752098071653
-14.457232670797165 7.430920721521554 -2.690298793763562
-15.315866456611129 7.018438177315716 -2.6758133230920778
-16.212012299103325 6.602436360935732 -2.688564316306846
-17.035900603870985 6.158843576083494 -2.6820604966494628
-17.906318288257395 5.7412090481432685 -2.7017607341208176
-18.775283979062827 5.356551333609898 -2.6940129431991586
-19.686126934565205 4.93626541088094 -2.680153564883783
-20.546853931791812 4.509025779804433 -2.6883508597422163
-21.420784842907302 4.095930986964271 -2.677941315352231
-22.273217571309715 3.6424017060408773 -2.6882899629902854
-23.172597633589774 3.2420242987089067 -2.708602338182407
-24.058136824967537 2.823481731707517 -2.7028024892906166
-24.92484693770838 2.4757957177541527 -2.697573360957808
-25.816404969493735 2.0696710382736403 -2.7125460992755817
-26.718846933707493 1.676502351177883 -2.7083745293790757
-27.62088052465365 1.2311266535157173 -2.691085759042755
-28.522662556458354 0.811132589769701 -2.707419416800923
-29.417651881456848 0.4091700354811523 -2.6996662078379225
-30.30091119292188 0.004302781192772831 -2.7037095919347887
-31.146254503236776 -0.42674602401513606 -2.6876268719294005
-32.039130360697065 -0.864706609422948 -2.6589851445351664
-32.93412530932133 -1.3220480384968516 -2.661335153137895
-33.759875213863545 -1.7966586573125811 -2.658098325804424
-34.629528741075376 -2.2294208567789022 -2.6889657034219194
-35.51376492680168 -2.619813065799001 -2.697273087101711
-36.396513825236504 -3.049899219458454 -2.6985761483407398
-37.27812701922247 -3.476272927175886 -2.70416431314475
-37.70215237909278 -2.594112654756874 2.0085931407563637
-38.12624212535746 -1.6770734554804148 2.0141492147753945
-38.59851020480074 -0.7487073988295758 2.0075434731241555
-39.018915460208284 0.15051488687282033 2.005403030406802
-39.42315399781718 1.0428197634640544 2.0136875709064816
-39.84796257295674 1.954917952902179 2.003322605393338
-40.26703688513355 2.8527500479260146 2.004569763637061
-40.65277872344826 3.7652760730582955 2.0155267563650057
-41.08032634387246 4.657648087983326 2.0339102809229597
-41.51664370318456 5.572349410678878 2.0229121716688985
-41.957719244515694 6.486039389671652 2.018204103151573
-42.38633071594631 7.393458455741086 2.0184189856047565
-42.78117275973111 8.313657693777433 2.018995501859569
-43.21233438653083 9.272856030203439 2.012282665795328
-43.638996032124254 10.168595678407467 1.998433064263678
-44.0345651202608 11.052224247012314 2.002809009995452
-44.46614021782099 11.989718595705526 2.0031150466953527
-44.865149438893155 12.90095558458247 2.001182256522266
-45.271189371622896 13.84571138270009 2.0096299789062537
-45.69035304758789 14.76338881953142 2.005216030677123
-46.1166740596922 15.657714213659485 1.9957624024066556
-46.53839859339941 16.573426825831984 2.0094795281171987
-46.97898153062777 17.483745845374568 2.0170151835709715
-47.41005121628868 18.36689454731399 2.011162217085092
-47.81831011340898 19.274134945564818 2.021431258812085
-48.24676042776683 20.196580358045882 2.029594759754747
-48.627306093393436 21.066684886952505 2.0184948500182704
-49.05213293517522 21.95403965358844 2.0004212455703274
-49.44567586760608 22.881794768684113 1.9986069352738027
-49.86301385952115 23.8019510646215 1.9896015084674101
-50.25780016654557 24.735880398604937 1.9913295078561253
-50.6377812755358 25.679696423801673 1.9975673092969686
-50.97638922657322 26.607457247410263 1.9981054652800143
-51.36797226493126 27.543373004183813 2.0098307133242206
-51.766617896742325 28.46381741031685 2.009531582427669
-52.681820953229874 28.01056721647706 -2.709551102406948
-53.59001794438894 27.571391414200942 -2.693740077039112
-54.51587848244188 27.129122577214353 -2.693457492707598
-55.41242050201015 26.671536772791647 -2.690822037109398
-56.32313144057172 26.21221561940561 -2.695674039723564
-57.19935590686591 25.75970394547929 -2.7021260849561046
-58.085881386608094 25.33456456163076 -2.7050722096884665
-59.00087629445729 24.902903261347223 -2.715128001542688
-59.898605235749024 24.467058000055037 -2.707186473668289
-60.803086504098864 24.02985794073881 -2.6991130275515216
-61.68928330957307 23.594991044950838 -2.7049150725146704
-62.59049008312244 23.159494462171057 -2.7120004588774265
-63.46774378253215 22.751487646225733 -2.718874591175557
-64.35919731505965 22.32543214792439 -2.725004874382666
-65.28741353019485 21.921660503609075 -2.7252513725362504
-64.86241647805636 21.004927100272226 -1.1585782637584712
-64.46143513840853 20.079815369253858 -1.1501159654915387
-64.0587032668999 19.145160066473988 -1.142362833605646
-63.643895774490275 18.239318684528484 -1.1496717286555092
-63.237186124520214 17.32124581160819 -1.1499229908200874
-62.82698047277867 16.40850913715423 -1.1558629418029753
-62.4099813775832 15.478060567298032 -1.1518646058670432
-61.995825002611824 14.543475339228442 -1.1517370995129828
-61.59541097094919 13.623593665908313 -1.1407945827331873
-61.15968086424365 12.716192006670049 -1.139069192141419
-60.747028304817164 11.81849904843494 -1.1541381427759865
-60.377905325909545 10.871736548723996 -1.1441099734135545
-59.93282913195347 9.974517580117741 -1.1460479630388525
-59.52452545767696 9.051668205121187 -1.1440399789011546
-59.145053855542756 8.141192504891018 -1.1562716629529484
-58.71788419560565 7.213404033856211 -1.1396920798877086
-58.30595115127639 6.316305336463987 -1.1491216193847065
-57.87823852169304 5.39279761172693 -1.1386997018646092
-57.46000384836707 4.485812492180006 -1.152607524987976
-57.046761345728505 3.5753751601224746 -1.1471500134382344
-56.63019727384135 2.669949490957415 -1.1486383232819326
-56.197953646995266 1.7396898496018083 -1.145819736332598
-55.79714939029577 0.8047316345365214 -1.1430684194071707
-55.36601724415579 -0.12223508438662711 -1.1429741474716875
-54.929389557753574 -1.033721607076615 -1.1388371752225195
-54.52576470121047 -1.963772754747365 -1.1363685062392632
-54.10920099556629 -2.886142797499939 -1.134202007249908
-53.664493331869494 -3.8131545884828073 -1.119481273890959
-53.221597190519326 -4.721783522896153 -1.1190564317502243
-52.78194969908191 -5.618582494083957 -1.1079706885188996
-52.34023231578152 -6.538733183765707 -1.1075608572826547
-51.86845728736908 -7.420630366184065 -1.1140955316688577
-51.418787794700215 -8.330905083025018 -1.1296487825389347
-50.96908587735792 -9.259279072160389 -1.110747692044408
-50.52114536662747 -10.192399402548464 -1.1111717854573713
-50.0668979391679 -11.128498488175588 -1.1098719926028096
-49.62501669379033 -12.036116949846132 -1.1030981683992749
-49.168404693723204 -12.915802490876057 -1.0982500817279344
-48.679007705143704 -13.86110743033371 -1.0948489067278289
-48.20737380281664 -14.767867126984058 -1.0928936704968262
-47.76262829009779 -15.688659398755009 -1.0848379822529688
-47.271059912997636 -16.582802048485696 -1.0893098012350935
-46.80114593586052 -17.511316557217505 -1.0860024075489574
-46.31124793273722 -18.41139961195779 -1.0782682221161215
-45.8280275849096 -19.303660070856957 -1.0873035674159506
-45.371439756864035 -20.189784669501236 -1.0772347626919438
-44.88065078411827 -21.093358914589913 -1.0803529527834181
-44.402713077491306 -21.97387926347874 -1.0696336726768803
-43.908155269929075 -22.867071348743213 -1.0796629157869069
-43.42367597912849 -23.741738582133795 -1.070873545369205
-42.9704434220368 -24.648257638522974 -1.0567269026113948
-42.48044792420816 -25.526507712049934 -1.0618237713538585
-41.95368282883262 -26.392518224190454 -1.0665264659487481
-41.489099714670886 -27.29315976453259 -1.070679515035747
-41.01977672608139 -28.179376893406292 -1.0637034690446092
-40.13008673042145 -27.68989055564826 0.5026710270605612
-39.24694876275561 -27.21655051439521 0.5159717637207628
-38.38753553465912 -26.742410184604253 0.5082400810494038
-37.52012892008126 -26.24261678128805 0.5089587160688377
-36.668601586593795 -25.76252772578665 0.5062552852725546
-35.789396607092094 -25.276646258954145 0.49769226059723143
-34.87582138149362 -24.811093578740287 0.4876483018530893
-34.025699785252115 -24.325503032311367 0.49445646002222404
-33.13901072312581 -23.859245675104873 0.5030425369395669
-32.299829199224796 -23.375785845552933 0.5076645319588723
-32.803158715646866 -22.51312157195481 2.0920668340596476
-33.292538966963846 -21.658723933433148 2.087529428369556
-33.80303433221507 -20.76233937033723 2.0872355288051923
-34.305334239850964 -19.873266925256708 2.070876651671159
-34.82281634606772 -18.992685408470898 2.063073890836431
-35.277193712942044 -18.117766337545795 2.0729328886319998
-35.76881692559376 -17.24782188487624 2.0731111841420184
-36.23814232578754 -16.362872395004832 2.0700026150855777
-36.70490574400028 -15.513857597651306 2.049003070627559
-37.145266193905975 -14.636235659790302 2.0512099228358225
-37.62756661336904 -13.741770568856822 2.054321575432846
-38.103553973994465 -12.829791986163334 2.058306186811846
-38.566201144033144 -11.953619730700257 2.0500365399448146
-39.03227649209651 -11.050874857389141 2.0411111722654387
-39.500078598533406 -10.126395901045052 2.0466911326870862
-39.98786179009487 -9.214138308696748 2.052922822131562
-40.45034623848682 -8.320173948449765 2.0364748219343047
-40.902185807230765 -7.425949199225486 2.0242212255128402
-41.33711907941718 -6.529160416547438 2.0263407899642147
-41.82667321897299 -5.635602451244464 2.0259662548651236
-42.27875482537838 -4.722513098542592 2.0216238747345336
-42.70744230995772 -3.8048824015120495 2.0032935673027237
-43.09028218328706 -2.878172399048367 2.0105679558791185
-43.50699118488413 -1.9958479339581057 2.0158191406863053
-43.929435350131904 -1.095879359220838 2.004109076519668
-44.341572491347 -0.1762108281100554 2.0113704119746902
-44.745335374998675 0.7229907070750972 1.9971969646254766
-45.1755371888701 1.6370290390020135 1.9943626000119306
-45.61702822497499 2.5405772121543397 2.0027848795355614
-46.061975907730826 3.447457771261261 2.0086977170664864
-46.46902634254014 4.324551340905479 2.022610813571759
-46.88842217202572 5.224745461644932 2.0126327254755902
-47.290442154884936 6.166163322986579 2.0163707129995654
-47.71971573154075 7.0892481883558 2.0204066515159407
-48.168903477343555 8.030994724616654 2.014112147796075
-48.60722127079557 8.931450180246252 1.998873976292174
-49.03662325365437 9.847975810838696 1.9858574329605652
-49.42447704044177 10.74381235206439 1.9999189430257602
-49.853499871371596 11.638861893497111 1.9987928996014719
-50.22629854666624 12.568538571512853 2.0088874376396615
-50.67763167351313 13.458557108544293 2.0021778051037256
-51.128724438583134 14.360427751776983 1.9972010943180727
-51.51325475564876 15.273674007758014 1.9945754815268506
-51.91346998382002 16.198550854982404 2.002444089745007
-52.307539847918534 17.124658511003933 1.9968599027027794
-51.38429783238018 17.525329231277894 0.4341491962375586
-50.47557352047453 17.966175234322947 0.4399023000035434
-49.59851288168072 18.39907316684102 0.45285762887588155
-48.73118985617369 18.844984851071736 0.45373590332482616
-47.83005139713343 19.27974372611785 0.4420802354798448
-47.40041445004136 18.394064436834864 -1.1238115419948458
-46.958032585451775 17.472226089369617 -1.120032235352556
-46.53361825969831 16.555231431217855 -1.1386687170251177
-46.11469044521319 15.666550118644567 -1.1362817124061968
-45.704111404370245 14.734673427741766 -1.1294720847175461
-45.28418355557069 13.830080382557044 -1.1272057334260719
-44.860428279185605 12.919711209907245 -1.1295891487948266
-44.451118536731265 12.008330609635035 -1.1394338526373387
-44.04768217513802 11.063248567085866 -1.1383985372816843
-43.664588871087616 10.151152638460113 -1.124145783039366
-43.25679345090581 9.210897398577254 -1.1246414387434387
-42.82715722647739 8.30606596745341 -1.1101614738708967
-42.375200574647714 7.374162777209122 -1.1185160695117364
-41.96540377211357 6.474919647222247 -1.1220734322976589
-41.527928215197974 5.599287409707733 -1.127722753882396
-41.113478308299484 4.685136305810579 -1.1416782411410888
-40.70583397107906 3.793004471271614 -1.1349914626128519
-40.26334379971288 2.8674937114573007 -1.13956311704778
-39.861557903321206 1.9457380107626163 -1.1262659028954278
-39.43734636977311 1.0419609058555306 -1.1334579885318934
-39.0167302602872 0.1155257172178289 -1.1254049500294605
-38.58349467152127 -0.7887154091331072 -1.1138941023972553
-38.1326527722201 -1.6689539476530881 -1.1238715892214135
-37.68906307717676 -2.5839096215516024 -1.1321571345181545
-37.270692806940616 -3.490033629533394 -1.1304334985067224
-36.859009902841855 -4.410881790326886 -1.1399256023375317
-36.45891096785187 -5.277858917549958 -1.130365772240418
-36.020442056152376 -6.139776837313666 -1.1227598556943352
-35.570437684807395 -7.014119205872038 -1.1209418715514659
-35.117189394169785 -7.910465422259898 -1.120760269057628
-34.662880445054405 -8.808387104334642 -1.106161969136977
-34.22921288591186 -9.701188800540866 -1.0909142280679314
-33.7579396018045 -10.593355490461871 -1.097981189017127
-33.32381980391694 -11.454179727600437 -1.0809307569859765
-32.799356389847425 -12.317751505671042 -1.0826427801972214
-32.37213097155033 -13.195770263336156 -1.0665946054451507
-31.88251881651956 -14.030522504056734 -1.0775313613775346
-31.410814042534703 -14.883040829450996 -1.077920088145466
-30.915027173523637 -15.758549663969443 -1.0880926245993208
-30.4308431228103 -16.593199404416758 -1.0808102842367775
-29.939770081355505 -17.502443304933795 -1.073434729753755
-29.420617645081737 -18.36818855481448 -1.0660031659101326
-28.919317514376083 -19.227570943046643 -1.0742415476407716
-28.419392354236493 -20.081273511321015 -1.0754396112190285
-27.94112441532006 -20.96220691594455 -1.0776445114537008
-28.81942296436486 -21.421992350085176 -2.648189497956844
-29.727929185067463 -21.90486846920216 -2.635305702985092
-30.592775833819264 -22.37827623546336 -2.646017592878801
-31.43217793143206 -22.873966331858732 -2.6282591501394537
-32.279024986455184 -23.363456955572907 -2.6271846898428066
-33.17041471406957 -23.85988136791697 -2.6424235160667577
-34.039941256012696 -24.30299639418758 -2.6310349526734425
-34.91895276179504 -24.80319695607064 -2.6284160958718554
-35.803856131241325 -25.28981469424442 -2.622136378473598
-36.65075952640663 -25.747419006223325 -2.625905302077474
-37.525871778874176 -26.258689679780503 -2.6247943265420237
-38.37744097244547 -26.71980834007618 -2.6227481395598478
-39.24578391203281 -27.233219332247742 -2.6309645725957576
-40.141099214529376 -27.693473353813943 -2.639151783219408
-41.01410902141353 -28.183689889583356 -2.639316887513021
-40.51929368896742 -29.063321578510827 -1.0659467612981608
-40.04016949383762 -29.930219772968112 -1.0665838103525132
-39.548056912388745 -30.823608054948423 -1.065953384860894
-39.0188228641677 -31.711175269725565 -1.053181494211282
-38.518226312376974 -32.56828165343325 -1.044642539699654
-37.984987170734534 -33.44335921806616 -1.0408630806913162
-37.473616188762904 -34.34599471929956 -1.055230984233837
-36.976002019946066 -35.21065812665093 -1.0491510533802426
-36.48973187559918 -36.067955739737734 -1.0578209010742925
-35.97816228648976 -36.95075055386016 -1.0503933051656658
-35.457270670620204 -37.84179801782559 -1.0274901364720626
-34.92849100003111 -38.72542517722242 -1.0326793184399141
-34.41440096164759 -39.54465602478947 -1.0255770611273258
-33.86373420505128 -40.39313387757801 -1.0238212458206644
-33.33836186228646 -41.24630033549687 -1.0292133140669002
-32.85179560533835 -42.09743229115133 -1.0206167080457014
-32.29385528851237 -42.957854782107326 -1.0147343937119129
-31.750357724730495 -43.81992195795362 -1.0125010321718102
-31.187690110694696 -44.68455078307345 -1.0080920732326726
-30.663169151298707 -45.55349801948168 -1.013461409398391
-30.120639447071234 -46.40223496050532 -1.0018983291900136
-29.574094058511648 -47.25555915761361 -0.9990789883333776
-29.028677863948438 -48.10364379259931 -1.004378621791459
-28.484272899475656 -48.94647110860527 -1.0057241467489324
-27.940209185262937 -49.79288714593662 -0.9918365694350316
-27.40828038697948 -50.644733045866374 -0.9884318255286892
-26.824328604314015 -51.49353835217055 -0.9955027081197771
-26.236012995514383 -52.33096089489283 -0.9987107818976723
-25.67857403783314 -53.198325821291235 -0.9936703081295007
-25.093355728100764 -54.02299852172536 -1.010264625936685
-24.529094834079935 -54.898285824311195 -1.0155082099060653
-24.015886778102704 -55.74251999269771 -1.001328918399563
-23.4795161998811 -56.56211071423889 -0.9972167552025416
-22.95005481822545 -57.408493048243386 -0.992566147690269
-22.38913322752371 -58.266530703923834 -0.9969114020069315
-21.855537800249262 -59.11982903561321 -1.0060154403357222
-21.299355196726356 -59.9440021601304 -0.9892340851849217
-20.744112730159692 -60.82143430441765 -1.0025019927302665
-20.211875903345014 -61.69147151757237 -1.01263596479727
-19.68768899788793 -62.54387072466995 -1.0194088432379285
-18.81098953158252 -62.02502390017516 0.5588120212509903
-17.949538616590615 -61.5099614919363 0.544458455443355
-17.096644675339874 -60.98998056761219 0.5381034753238589
-16.223814480349493 -60.45838413382959 0.5166006273116498
-15.343588347352918 -59.94811708964188 0.5304075221557454
-14.501602445003417 -59.43539984879688 0.5335518739450692
-13.603563023664307 -58.95779600577583 0.526929268895516
-12.742560476692336 -58.446555868272846 0.5245560429688885
-11.889590899011791 -57.93655243355572 0.5405322781165857
-11.027086780145174 -57.444345686030026 0.5526929796271367
-10.161586179275048 -56.92581497111494 0.5397400320993118
-9.297948147876944 -56.38853743400564 0.5333836012286722
-8.418800946514125 -55.85556980734025 0.5446200327137621
-7.545654294931637 -55.35876458514055 0.5381799550623934
-6.676842831003439 -54.81324174125354 0.531553528921184
-5.828754052980724 -54.350424205177596 0.5327399454583635
-4.910330348916494 -53.82993032580563 0.5381817584445371
-4.027999481106185 -53.317387187008904 0.5283007670780862
-3.1320403930326615 -52.8141295153636 0.5218570528142682
-2.225482186817367 -52.34327707285378 0.5185469748414728
-1.3246855045949448 -51.8551162139897 0.5026197189893884
-0.414840976578058 -51.430349646947285 0.4899540153954738
0.5020544385134839 -50.995730116673606 0.47369773852192976
1.4387036344164235 -50.588579127512396 0.45055503420328463
2.3701210944222173 -50.22741215797336 0.45776884838193177
3.2990912319081773 -49.84040677226174 0.44316060122626155
4.258615491197025 -49.43270116969595 0.43849788258165184
5.222422160616069 -49.04207269387366 0.41840904019947334
6.193229818682607 -48.66057296377641 0.420797273142251
7.1365902809419 -48.32511801217475 0.4321510638592172
8.09071832661555 -47.9554968634632 0.4339261669729824
9.028361998178275 -47.540242274852915 0.45626851402149654
9.960839825911648 -47.10880698798727 0.46705527124243623
10.941041182712992 -46.73364852696651 0.46463477263300673
11.86710101492076 -46.30813716214604 0.4675456923434249
12.764815859029985 -45.84636874377151 0.47709320889431156
13.67985720070137 -45.35672823202354 0.4927850148264268
14.612926119748531 -44.871752771757535 0.4794357785712069
15.539021092922649 -44.38727471834657 0.47769201465468786
16.47224382447995 -43.90043653964889 0.47273242865936355
17.397864340360655 -43.461112902433435 0.4702255125430044
18.341086491567843 -42.97878422435582 0.47465601454967027
19.288813564144707 -42.49256356929819 0.49398999032099866
20.193319326260134 -42.03662806343995 0.48831892081976513
21.105590775818232 -41.56885926623732 0.48454078139937434
22.044870770999342 -41.080526782038774 0.48673554772073824
22.9304082594565 -40.59408310492681 0.4935361787353053
23.846744618870222 -40.10205720558627 0.4924771314961153
24.755395670475707 -39.59733622257615 0.48944542478155534
25.668281755275782 -39.15358899528021 0.4781452265879607
26.15540239461451 -40.020354870419105 -1.0894870458658517
26.636036912318726 -40.84686393026666 -1.0619315827239675
27.160859403963627 -41.7021607690821 -1.061457305183247
27.669253718639144 -42.57552789173627 -1.0561015115438297
28.191318236503662 -43.42643474526912 -1.043920729102024
29.058881348971102 -42.91134725600748 0.5251421978162979
29.951160371925 -42.37520584596453 0.5299831504695304
30.81567925521821 -41.828726017365376 0.5422643814646002
31.69925186187991 -41.291009756822206 0.540104587231361
32.5600953695644 -40.79963881159007 0.54075467651852
33.48247362028333 -40.23517151766798 0.5401303874552267
34.35410044929847 -39.695517181234386 0.5488483084019448
35.21884693054882 -39.16289733632505 0.5393277030370479
36.11069415335074 -38.64017195087724 0.5421846644490556
36.99266581398111 -38.09623961385584 0.5391789111400809
37.8700490381237 -37.575301758209754 0.5502188441294427
38.73339916652668 -37.0339553526392 0.5494920465313902
39.60377536935698 -36.50387695286533 0.5625508490198363
40.495303167025206 -35.98499835602546 0.5398746188854011
41.39115171546772 -35.447685251076116 0.5586068737518668
42.25205789043524 -34.89890651605545 0.5686612906548602
43.11765736550433 -34.32695677490126 0.5663080240127039
43.986690918076555 -33.76234939380473 0.5659022948116984
44.85597140857722 -33.22763777246704 0.5518653344781687
45.7214304460754 -32.670796364809405 0.5610047239405372
46.62437450333235 -32.12886551329499 0.5464748927052645
47.47157779285568 -31.597735353497264 0.5588583952285309
48.36164058744727 -31.04743016775261 0.5499688295132301
49.277925305302865 -30.493028107746504 0.5666812197857545
50.1308419710806 -29.93719391851949 0.5781939774003653
51.003403470283075 -29.359078945444878 0.5712043379335321
51.87633059267179 -28.832459873097537 0.5602193314125162
52.7517011283936 -28.304286009362865 0.5698683492764944
53.57555565016337 -27.745049188590276 0.5756010199979055
54.44073558087698 -27.18183792854273 0.5692563455975067
53.8932050442569 -26.34540530167476 2.1316976708888453
53.35791186085748 -25.48609175351737 2.139923817157225
52.83451829907399 -24.66073690563221 2.1474964057882158
52.35495715845657 -23.809419119867176 2.1597493199078714
51.79782145899269 -22.993660100344247 2.158856405198776
51.23581977220298 -22.168901838465356 2.177589670351235
50.67275072028681 -21.331779261523266 2.182634286315199
50.10759723817921 -20.47978932561402 2.1708311449624413
49.545814883932636 -19.725824613861494 2.157825004633823
48.96897188124368 -18.88473255020689 2.155119423885745
48.41688210225356 -18.087729116257933 2.150088546657917
47.865698774602485 -17.250320034489754 2.1526561124134607
47.333851478616 -16.38603805857366 2.152862661470671
46.833946216782735 -15.53966982503707 2.1500749519925293
46.318720606614995 -14.731693262913158 2.166006166379681
45.79311156291605 -13.895181782059435 2.1685816950327625
45.257228573966586 -13.059230065026652 2.162734993631983
44.724690779130995 -12.246940468738808 2.15699430171914
44.19062641690571 -11.404218743609379 2.1669382538373245
43.58685348405015 -10.567230389756968 2.164920629463291
42.788891424762234 -11.17407122069709 -2.535467950515458
41.97861229974684 -11.72907852589261 -2.5480174761932153
41.14349224659654 -12.288747372398658 -2.538409084395289
40.285290558974296 -12.877985011909088 -2.543905681955067
39.482500895877514 -13.479375327877545 -2.5420529022140865
38.66968367673718 -14.076697719033884 -2.541151709605831
37.848660825534175 -14.637374325705641 -2.5383527383731943
37.015151457506406 -15.206599884159168 -2.5421543813304224
36.197603154456914 -15.763878585634332 -2.545721721795545
35.349635686869846 -16.322588920852855 -2.541747671947726
34.77328075780955 -15.526059673588591 2.1530236432189813
34.24502691552029 -14.711309950533566 2.159563254053643
33.66297568076766 -13.915045447783884 2.1689965050845705
33.14716899279079 -13.157037279008971 2.166475050352534
32.64354438030946 -12.404020063108394 2.16179126715133
32.14282306476424 -11.62983336840033 2.179997182315506
31.630315602068002 -10.867550274160674 2.1713303076393524
31.080260997985416 -10.121109317763201 2.189504414767936
30.551548492517643 -9.351252134715663 2.2090083784327352
30.01873103021755 -8.580719398231924 2.223117440381689
29.422790281865435 -7.861373983406777 2.222354319089879
28.854196433874794 -7.139155850712539 2.2221837982369115
28.313893488083963 -6.377692398735117 2.21417241982647
27.709389435148484 -5.647139137507068 2.2169067071949136
27.137664393165583 -4.903243987944949 2.2196576190173323
26.534400382095882 -4.129648846863786 2.2041222153795905
25.93643598895139 -3.3797712465739806 2.199749660848046
25.39757432451169 -2.617994709324132 2.2059980455769583
24.82064071375766 -1.9063334879878906 2.1943560096482226
24.27232793419641 -1.167805360388842 2.1947816232478736
23.756698204023174 -0.4049033571459806 2.2089117518942056
23.18003127095362 0.29549687706217487 2.2082622021297262
22.61754845965266 1.0637824672483203 2.2076225188707626
22.065155180410247 1.788954967634975 2.1999554188831634
21.51842902579867 2.5390274533696218 2.1980459393363385
20.957273561044122 3.2541967497840294 2.1921369303919818
20.43408426267495 4.019823355596703 2.177914609914846
19.892445257820224 4.803342653271521 2.1707125536509824
19.34372311854505 5.526156105266018 2.1631341281018823
18.84983621350471 6.219938293264874 2.1764339249655995
18.324667807003003 6.941068021605458 2.166787175631017
17.780687251360142 7.703923963641205 2.150269143670974
17.272739212948004 8.445093012077473 2.162081689050015
16.682262896842705 9.228812344456792 2.1500996784332567
16.148052575176347 10.033344288483212 2.153664985513681
15.573193126429322 10.827153291299506 2.1531216952763055
15.01630158760417 11.56649032262134 2.1567541739016174
14.495887359861502 12.31038412476873 2.1662645776620026
13.955116567893242 13.06135827388533 2.172105123832874
13.405993528097092 13.75821327496102 2.1643289039981153
12.872454152912956 14.580527358741927 2.181217843334958
12.296356211772906 15.34973893697705 2.1702217998503484
11.660756046387052 16.195932504385876 2.1583005945398965
11.028753206699434 17.044303588499794 2.1360924808118975
10.405738686263101 17.936969609977808 2.125149276722916
9.793372851693874 18.86349702077688 2.0830915093575806
9.254157972885977 19.79795339547459 2.050455563615348
8.741135337437505 20.73804396381091 2.0228698666459723
8.267640507339044 21.66104641140736 1.9805313401308364
7.859191203054403 22.574396575784608 1.990049233366847
7.411907169871525 23.52739759056515 1.9835426271501824
7.032714604323746 24.504892705050214 1.9865354382538463
6.60657415405384 25.594794187455452 1.9682839264452887
6.202456977124278 26.65239738308729 1.955535633872284
5.804551306291412 27.69768777026842 1.9503516050221297
5.407310256866812 28.743850008066172 1.9480215392037508
5.02854538563187 29.82449090993268 1.9367306555986672
4.672570253032827 30.92232551917489 1.9267410178754496
4.208488748132094 31.952348700838122 1.917223008541896
3.9066406082032175 32.894589696486186 1.9144910414192442
3.706424460790423 33.789390417243105 1.9100703871386213
3.458325091172289 34.653254477332176 1.896859390480652
3.228075678396015 35.58093861107856 1.8950174367132575
2.997100877217478 36.46148573913936 1.8821547155135563
2.715711573347256 37.36061696034532 1.876930196186681
2.461068864013588 38.2960626714603 1.873866546624798
2.1767890787968995 39.272514589320025 1.8616698268313832
1.9717020099443001 40.208821653525824 1.8567263485740264
1.725196068068421 41.16643436927566 1.8576724978933907
1.4457760874835168 42.111751793444796 1.8415538733631247
1.2179820606142027 43.0912870433944 1.8205867704262275
0.9950700073847969 44.026081265395625 1.8327748094630323
0.759086769859417 44.959523887922316 1.8102979586615189
0.5650315564441071 45.866599020040915 1.8198604871561144
0.33675335197259093 46.7699408079749 1.8111991849843472
0.1501684729336792 47.683477413420846 1.8054327246523725
-0.03658605470445009 48.61724345028005 1.7965669262513975
-0.22975101704510825 49.555079060851796 1.8124878074786466
-0.45337829936771845 50.482822486735536 1.8250170711272746
-0.655953677816913 51.39421048885992 1.8381474216864961
-0.883325679090412 52.273463922883245 1.8434312640472896
-1.1079558282591937 53.166398461714195 1.8654067398876202
-1.360515628414662 54.076592999195725 1.871451608502558
-1.697412633231595 54.987349310976384 1.883900540074516
-1.9920025230430825 55.97001080663622 1.8901692381849555
-2.986537597522959 55.638211727605636 -2.8136723132181203
-3.9993290826634365 55.244377915556946 -2.8340328129335037
-4.94982474351132 54.85759645899651 -2.8504705038829803
-5.942239884656953 54.49455458379243 -2.847915977606781
-6.9725923607470515 54.178991833895786 -2.808785700790429
-7.921440637458726 53.81333106612867 -2.796850976699797
-8.885822362924717 53.498549654792676 -2.7927053213579556
-9.826156305073733 53.153277774116276 -2.7883686105629515
-10.82153165675519 52.75090573352076 -2.7811090730380124
-11.790760459596868 52.345422674171836 -2.780323764205467
-12.767840326134086 51.94593079191822 -2.7740225593589485
-13.728309215074017 51.57114875918291 -2.774506476403723
-14.673221011636343 51.18619669023874 -2.7732617602354845
-15.635597165181327 50.8244350271885 -2.7643834937446106
-16.58214367335177 50.42627912672157 -2.768377052293743
-16.211484207757188 49.509086040294804 -1.1930322553631691
-15.861317153312156 48.54605861892164 -1.2022402042241138
-15.567272638618354 47.56569455966852 -1.2138494147363088
-15.229256653120665 46.584684241048095 -1.2115903737070368
-14.923598914056576 45.65710673533101 -1.224965794364482
-14.623308346732113 44.719299956542514 -1.2312831416367682
-14.307559766263251 43.78956869113106 -1.2442768641067758
-14.011308113186045 42.87597009073784 -1.2435852771277263
-13.71213436897052 41.92385555136974 -1.2360035605177684
-13.454221811181357 40.963104047634985 -1.2362587895235742
-13.169731250818646 40.012597424519754 -1.2407327786748465
-12.924233909347965 39.101158264908356 -1.2410441378123074
-12.674883737152769 38.13050571418498 -1.2351759168815506
-12.343768577825308 37.18555328369645 -1.2258659987129934
-12.0188976143641 36.23955455605558 -1.2282379764701092
-11.68453698916016 35.283510537542035 -1.2303066792297992
-11.361908747820967 34.329784414135936 -1.2238555868850356
-11.081598003347645 33.38089644062365 -1.2062187086937517
-10.787373039818444 32.44064064806949 -1.2027273043475986
-10.41040354688496 31.464968980883942 -1.2123529365014483
-10.050328406438457 30.484836301875017 -1.2003778482751326
-9.73539101279824 29.56863169787068 -1.204067352323078
-9.358160486557605 28.601521101016544 -1.1959134456785994
-9.004782527249613 27.657490273746372 -1.1831334290333868
-8.628862012666113 26.712992066374618 -1.1712393354888622
-8.251300746196378 25.794421915928208 -1.1757265612194179
-7.848474290205813 24.84280901586835 -1.172892457468876
-7.464137686224351 23.906605765278606 -1.1688604332602297
-7.078081663285596 22.976236497366802 -1.1644149949872111
-6.651643423821595 22.02019087590727 -1.1606494073823288
-6.25304669505205 21.066264298163652 -1.1519514407523974
-5.834189986750558 20.140339454194848 -1.1507874675530654
-5.415776182616104 19.2143230711072 -1.1464349962288236
-4.989669542356072 18.25690491515541 -1.1494448811627271
-4.561880487144407 17.357082370952973 -1.154961274385135
-4.155894173727119 16.407540088982397 -1.148277263437597
-3.7498178683088894 15.46918296838718 -1.1522279375514268
-3.3195593458073356 14.55259731154479 -1.148363616683106
-2.872962687601583 13.580460435735874 -1.1306819959769758
-2.437091050373211 12.666208217938912 -1.1363656003466538
-1.998842152280698 11.718128710113971 -1.1426973583656628
-1.5576345442600616 10.760580082110003 -1.1364627758416193
-1.1215506633028138 9.80079187217825 -1.1428651478654321
-0.652999344624995 8.851396117181633 -1.1163829076610217
-0.16205815045475577 7.816275725368154 -1.096846877340612
0.814717125712289 8.142458695437979 0.48188544968167707
1.7497984252197356 8.497190305652344 0.4860455236168834
2.6960573875558436 8.807354987342709 0.5042222043727855
3.589627263508279 9.243349947732549 0.5102284229855109
4.476656157447586 9.74294804367268 0.5229789988359183
5.312297349839588 10.22386901804318 0.5012200346014204
6.239702314938553 10.666814516558423 0.4930601030494556
7.191597978971425 11.051743261295103 0.49115822950815063
8.090940988881336 11.416641450107678 0.49637357075834465
9.00851082260683 11.793742643970168 0.517203396056432
9.914084766212065 12.246519133839238 0.5262874877667268
10.800567849182679 12.717927056355371 0.5256969155667469
11.697000821016053 13.041244841688513 0.5437231801558025
12.565585289079932 13.3741619350175 0.5711815093189035
13.430200612694213 13.791668496932907 0.607985790637337
14.280547915018 14.24397835384116 0.6146719580302017
15.145887819235291 14.644584088475657 0.63855636694135
15.994642222095719 15.021943503280967 0.696716093784139
16.791262345777838 15.533339938786424 0.7262432144851375
17.59759699345638 15.979971228954694 0.781529572004748
18.358317959673716 16.494495506796007 0.8510004352946884
19.04437602153362 17.07760824531669 0.8970514951327729
19.722022071703506 17.717653162085657 0.921024325885586
20.355120262766754 18.367683938173816 0.9536189827610675
20.947649564586165 18.992096434430866 0.9566964698026202
21.640907378992075 19.669988032702 0.9738434105713384
22.484893428103675 19.90183914096476 1.0672254662746261
23.411027169391026 20.511769967618957 1.0787743256956215
24.289669998246893 21.113202560326283 1.1068907696370123
25.18047107293888 21.7168764556913 1.165920963896505
26.046195506227754 22.34811894322863 1.2079082846215017
26.873210566827115 22.8818985208461 1.2876423543695357
27.291919585180164 23.74818759310871 1.3281429983858488
27.63448806585148 24.608572721563846 1.367441524396923
27.935125466465188 25.260899431441533 1.292251550036651
28.35763336356539 25.88221138551145 1.2445603356615331
28.803806579948116 26.492266196272574 1.201831462925729
29.32706954940624 27.06076234794355 1.1624812000820923
29.875416143393036 27.62314090166678 1.125844719175603
30.501688591647238 28.192551388085587 1.105680893313537
31.12757200630917 28.789249700931247 1.1008583597598862
31.801689071105663 29.43211479358462 1.094213918883657
32.48379669626522 30.032692441792026 1.0905775466452523
33.1794395400768 30.67140620563229 1.0956057886326598
33.66968975991046 31.6273398771589 1.0852936733537528
34.59517497764164 31.21758553048227 -0.5108002422571989
35.59698967677511 30.86572914323624 -0.5506929571574576
36.629538337182865 30.63044978460812 -0.6860128292847161
37.55445908014014 30.044224379263614 -0.7287400591183507
38.3043138659463 29.384906473552363 -0.7388114971502138
39.07846184044043 28.705319186326896 -0.7533104262184825
39.83929125342313 28.015198853458536 -0.7693648632826716
40.54808984106694 27.28144779501368 -0.7785777083119907
41.258615406853416 26.569381217129262 -0.7941138908367351
41.97552066827511 25.79664283202841 -0.8090086378003731
42.6890378508469 25.100831192511638 -0.8100755381844734
43.37520026897424 24.336584110470525 -0.8172521500382226
44.046616363220046 23.58340221980133 -0.8417898491540765
44.72002364748195 22.826584240447467 -0.8536874891988447
45.386519650974265 22.028095654505663 -0.8675396728028665
46.022777106449524 21.275174978661088 -0.8597800796639689
46.67371132846954 20.493223290931333 -0.86445215454875
47.294335360761494 19.710404270522414 -0.8747122919923933
47.937890341552354 18.917846875424477 -0.8662808174809037
48.57335347042751 18.140762877000736 -0.8720576095538762
49.19687699399489 17.317897149135888 -0.8860086466626108
49.833315086247296 16.549551244700922 -0.8879192142991504
50.42148537099083 15.733498779128261 -0.9051344599246521
51.044804517205286 14.933427923821764 -0.9186671833995272
51.65299949760777 14.118075026801305 -0.9285330998298654
52.23810448557575 13.301792377125041 -0.9178372710409347
52.83418486976267 12.487368721913267 -0.9414543840500897
53.40612007240786 11.659563955900298 -0.9356003708824484
53.996198493263094 10.835514251307375 -0.9492651476044347
54.601116022820335 10.008664799821151 -0.9459961197255489
55.199350940992666 9.193147008589532 -0.9500843596758902
55.79373385063974 8.357293031541355 -0.9485867100508901
56.34824874147782 7.528299287521597 -0.9606873450474581
56.880342233585246 6.687001178381937 -0.9596664942382047
57.48495726001294 5.869960297208388 -0.9611600921662907
56.64268578322603 5.2986134255926185 -2.532428874266742
55.82814717281573 4.714664120330442 -2.5339435628311913
55.029730334504535 4.111753268132443 -2.5401035443547326
54.20954249525087 3.5305589274477205 -2.5384741243920392
53.36208851167375 2.926377660619149 -2.558874954190936
52.49195732520324 2.3612093309948397 -2.5691720541872654
51.635559746880546 1.7869095294651554 -2.568914985940474
50.81164639924558 1.1567554132759912 -2.562006583652958
50.009133547900895 0.5460067150793884 -2.5441445256184076
49.162146474217806 -0.1194512789996165 -2.5520607340610506
49.721643561089564 -0.9923602168881303 -0.9797151163739487
50.26543978542078 -1.8605600453891347 -0.9769986757142367
50.83324980186515 -2.718876149332856 -0.9724763976555697
51.378077703810916 -3.599205782537928 -0.9697735088534153
51.92473760886787 -4.484286029523769 -0.9647391516182902
51.12949324012776 -5.073732431778341 -2.533206866630655
50.30888122503314 -5.697327571398089 -2.5469285068110454
49.46345910949422 -6.311335537762954 -2.52205453407892
48.62421845733276 -6.927117515913315 -2.5138086351200557
47.7950119612348 -7.547879751568381 -2.521745584416834
46.96779300335151 -8.149980081797898 -2.524948755927976
46.127138237835005 -8.767031778504501 -2.538462424898978
45.34753812304751 -9.381496776709943 -2.535005409864324
44.50155408724629 -9.946546348701455 -2.5283183780045815
43.64589193778102 -10.550261690909506 -2.5359101263975554
42.828085081749656 -11.141041706212949 -2.54363062147405
41.97114018565296 -11.719964983580205 -2.544171248950879
41.14180882764244 -12.30522388244987 -2.547000796219483
40.30952044442033 -12.893460663952233 -2.5518885096140704
39.48889258327108 -13.480264481494363 -2.5586850789618563
38.64344183650264 -14.044055313199644 -2.5457882344149794
37.829056117017075 -14.598799828494089 -2.5390862481471728
36.99457688769865 -15.18771489292648 -2.5385487789158363
36.216014869154584 -15.766430820763087 -2.5462839163149638
35.35818448802185 -16.298581194440008 -2.5564284852430816
35.86764822156665 -17.0664842740674 -0.9945674833857762
36.37382929537077 -17.887400513609183 -1.0059201119355614
36.91958419329663 -18.747229004541865 -1.0186368084280095
37.44687395219769 -19.569952249719456 -1.0232224862953272
37.935873065120596 -20.415023682637656 -1.0162137421601491
38.430935871377656 -21.221706859594462 -1.0112642497333133
38.90314653163495 -22.07607107369143 -1.0028082021896683
39.45669843235114 -22.891320066666232 -0.9915241153640715
39.9958655227223 -23.69448348995288 -0.982764365247888
40.54832233605525 -24.546171003199568 -0.985366154441059
39.71558609997989 -25.11594380370949 -2.5775170922691926
38.882228651765814 -25.62901792022594 -2.5758781726550315
38.006064260990655 -26.17112492815933 -2.5667455092192624
37.14317088543246 -26.718799006642374 -2.569208365228395
36.28675910679621 -27.255084759787852 -2.575338295407979
35.44065478624093 -27.834422202635707 -2.5622796176895775
34.617709183189845 -28.376509298853833 -2.564708979826894
33.81006389190364 -28.93043234782108 -2.5645733437802933
32.933408194792584 -29.471403304611336 -2.5723617573473825
32.08410757236221 -30.009694695088818 -2.579831745689476
31.555613743070623 -29.181588560140355 2.139452690025627
31.030970778495078 -28.34498238747307 2.1183363117448915
30.531594509872804 -27.508667946083335 2.1207113138583713
30.012137704418958 -26.644376138547138 2.1306808933474626
29.463252947603557 -25.819368156726124 2.136113397211481
30.331932883608438 -25.28502830015907 0.5598173818989728
31.165744585609367 -24.737334315993124 0.5740988916649958
32.024111991667205 -24.209164488849854 0.5793730487809199
32.847075256574186 -23.651234036398275 0.5708032969075427
33.6796302120145 -23.102654871286276 0.5793729560520499
34.5408584141873 -22.538844813673595 0.5732422816147232
35.419200811519104 -22.0073368533256 0.5667485775711555
36.26458273919312 -21.47819697015498 0.5597649746524679
37.10744703459007 -20.95458661501814 0.5560733251751624
37.95789095515852 -20.39523324223863 0.5611125627754839
38.789648108782345 -19.869896536598667 0.5555810574678981
39.624978420239664 -19.329181672535487 0.5691856133265555
40.457531861418076 -18.763762141743634 0.5545209540028727
41.29669100506969 -18.175505180990935 0.5695176670418256
42.20218624581122 -17.678684615372774 0.5756703356022751
41.64945669611458 -16.828153924401843 2.1519420962932503
41.11085191392106 -15.991591332494131 2.157877142241326
40.578667156863055 -15.170560955892094 2.164023225882018
40.02352948306564 -14.322329378882962 2.1521372950901854
39.4783681742063 -13.468319832027092 2.1546331861322026
38.902000546624485 -12.624833742065125 2.150788062031988
38.343576321242324 -11.766774530729455 2.1453561297022925
37.790943167552626 -10.956650545871497 2.156034996564338
37.26437633519053 -10.098380737170071 2.1518120852432876
36.72477335867109 -9.266857385525176 2.157846251347456
36.20929474938346 -8.45669984595521 2.147772388783825
35.66346448640869 -7.5877506867367455 2.1458314778614187
35.16400631474876 -6.768871814264637 2.1518606233167796
34.62001823247135 -5.9230772317054505 2.1581587703282703
34.09062106841936 -5.0763515498855405 2.1576076643326143
34.93418339582794 -4.534529903090174 0.5732110228772633
35.790341764369 -3.978119147762942 0.5907112945415725
36.63596044478247 -3.4205579102257775 0.6026439288336995
37.49343437950725 -2.841932150544428 0.5955729625454984
38.37795132971993 -2.2636957104952917 0.5946262890089969
39.283951891409444 -1.708150907897799 0.5917411695499619
40.178125097138924 -1.177046529238094 0.6023138696387557
40.993305821404796 -0.5915340288163757 0.592170054813769
41.835530993755754 -0.03766073333227293 0.5972507898878742
42.67575335676717 0.5432393019728501 0.5892240574550183
43.53472519304695 1.1101979239593356 0.5887556480974617
44.350366198178655 1.6863532975484743 0.5966373263049317
45.178975323436724 2.28968502600307 0.6122554755828374
45.9831674091734 2.8600672804873137 0.6232545749104809
46.82084899522069 3.483923950535085 0.6239329794482392
47.65558564091458 4.071716430130298 0.6220295341988386
48.48139390982456 4.695951051027334 0.6418129787173895
49.330029121399626 5.371610387825917 0.65092741328121
50.172919230281195 6.026904637125516 0.6603118628092115
50.96050056720328 6.64664807643805 0.6548113128957587
50.35721816927827 7.4749820688787665 2.2122358197904366
49.76938452344595 8.327299960191462 2.225359851445397
49.17787795257512 9.155367461279843 2.221120141307306
48.60807924545598 9.966929346361663 2.211999368537791
48.006833029373816 10.734373722092052 2.2265605126760906
47.40040256635798 11.555522201534817 2.2363648747441833
46.801551770329866 12.401748066933997 2.2274173025636603
46.206897490911054 13.194336688879575 2.2551230978282684
45.56480441717423 13.988452102931001 2.252414913477299
44.93396207387349 14.778642525602127 2.2571937835024523
44.274309088653474 15.554282169636766 2.2772105785932393
43.66159559613983 16.35211800233613 2.273174950491656
43.03518852887562 17.098866369582762 2.2957504975941685
42.36932130392189 17.885163592606965 2.3046962187678357
41.722361922108405 18.626548300619596 2.3054713157195126
41.05378194963887 19.383499535339826 2.305354307817827
40.3799989985377 20.10612874748037 2.3111084240516977
39.70053766108672 20.87066525207271 2.309099895867967
39.062736527328724 21.638807491041444 2.32380201650696
38.43658101985794 22.39727259257401 2.3464258197182035
37.812233302516034 23.154693464149133 2.355280560919347
37.11764893077493 23.898740069897592 2.373840699805643
36.40146725917022 24.568367138108332 2.3831292402220967
35.70005887218817 25.2474077804749 2.3832835337466243
34.95483757632621 25.891141077805464 2.3891033342090133
35.6367085798681 26.6521391920724 0.8191682702380103
36.32797505609233 27.303615944316753 0.8080122032317352
36.98962187759578 27.974172166400205 0.8089503008656842
37.653077280066526 28.66739395307267 0.8023900312584005
38.34641223664687 29.400129636611197 0.7992913751539421
39.09316820932652 28.692263927942363 -0.7680559693828516
39.81922359132869 27.96462243071026 -0.7748960870164527
40.522477684940434 27.270973292902003 -0.7761769976715372
41.26598199017087 26.566783871395753 -0.7984080231273041
41.978652509479794 25.844147619336468 -0.7995209424152527
42.697516743538614 25.10486965442394 -0.8145756643870469
43.370590718435615 24.32676560500788 -0.824882884587993
44.047584971000404 23.555186149876395 -0.8414922938055451
44.70603022911234 22.783395078301048 -0.8505637585129064
45.38041958213299 22.042269154225867 -0.855455989744731
46.0095072480033 21.25211716998465 -0.8589893772617565
46.66159189870817 20.486405577051894 -0.8752268431256998
47.279078689075114 19.674667073089108 -0.8919179683858953
47.90753576736835 18.927574410826402 -0.881904307570666
48.56330226907858 18.13260067263954 -0.8948572936064885
49.1906403642206 17.329746750529875 -0.9038922904746155
49.815263723422035 16.514987596456812 -0.897227218384375
50.43069308744212 15.749382194318862 -0.9053538487400111
51.044605659451605 14.93207661610391 -0.9127789651530838
51.63951666886827 14.131052111696722 -0.9276603578749
52.24581809503037 13.284382882633832 -0.9305159429801751
52.83901389187307 12.477763380704214 -0.9369026003043017
53.43496614127949 11.660783063558696 -0.9455635203689238
54.039000840834255 10.825798923739557 -0.9395902223916689
54.62511280678195 10.007942540383596 -0.9405014821309351
55.19073321721403 9.160513697534043 -0.9533381766342791
55.762559271373405 8.334364910587515 -0.9617132966222307
56.31337929831883 7.534978170072982 -0.9596095139499546
56.89421193611952 6.6931753281528215 -0.962805215796987
57.44319053046938 5.856106458001196 -0.9679492167076079
58.01855525941191 5.035907409180098 -0.970908638958735
58.585409207917884 4.2113531708243475 -0.973408602668024
59.13010123785204 3.364957930066738 -0.9834486871549997
59.684814964527206 2.522003498998425 -0.9800683046206825
60.2440020042737 1.689089766821973 -0.9872846235190879
61.07686700516561 2.224575418301339 0.5875449790595355
61.91129658412688 2.7711806681407247 0.5801422478493212
62.749482215077 3.3320542074704167 0.5875225126744419
63.56799089295399 3.90051182191396 0.5624025754691486
64.43435707842079 4.451963379106935 0.5616332335628224
64.97356737048605 3.5842024961622183 -1.01107456418904
65.52806302998499 2.761852143070572 -1.0239411178923454
66.10054145301694 1.9147609911724714 -1.0229003529561873
66.62457751021192 1.046702456578668 -1.0061849975391077
67.15819532547249 0.20472481484071636 -1.0018486257079862
67.72119357307876 -0.6437645181470613 -1.0059901285957316
68.26885162627492 -1.4861396347797378 -1.0072234244946783
68.8265422180979 -2.354919424127928 -1.0065878463779478
69.35290974384253 -3.2361538091630013 -1.003029783806235
69.89336208520628 -4.072283402227639 -0.9878602111733504
70.45394226668078 -4.92710117557141 -0.9826509027037182
71.01830197150534 -5.801685261888529 -0.9947932985257772
71.55702337619503 -6.624991414375127 -1.0000569055908661
72.09229508588805 -7.467658473021737 -1.0132076077005234
72.61620009038411 -8.305893554326566 -1.0012883073677248
71.77306842221391 -8.837184646949137 -2.567940498865548
70.9444644012827 -9.39882425332496 -2.5612561239538243
70.10374101817948 -9.964965555693986 -2.5647034520813494
69.26392363008347 -10.526610017206105 -2.5627065710755312
68.46078981940963 -11.06676697043908 -2.549775142195558
67.61364202163594 -11.616150647578298 -2.558553641729801
66.78055772527162 -12.198427532658759 -2.5503618197526032
65.94793376357035 -12.772270916020291 -2.5431630016913824
65.13725704430647 -13.352391847926587 -2.5395840797516342
64.2735122332785 -13.940596600612935 -2.5260906243224404
63.469469752799164 -14.54387421466449 -2.5286029884238617
62.61457200338198 -15.128736935801033 -2.5206579205645143
61.822521828517075 -15.71225776857856 -2.5098791102525975
60.97475981917684 -16.300943161248455 -2.51507586486213
60.15687792522492 -16.958646093948197 -2.508398993155511
59.34373483005939 -17.594440069735604 -2.5154855378787127
58.504903457142206 -18.20545444286842 -2.5248008101371586
57.66628808570968 -18.835398945921696 -2.5242670903060076
56.83471561961113 -19.419563351974517 -2.5191421398857448
56.050134366390935 -20.0007458773765 -2.5103056134921857
55.44028250145443 -19.213080285389154 2.1970426843535114
54.865201474661625 -18.39538711721002 2.1929340608800674
54.26974679833483 -17.624715156470803 2.183603082865235
53.686733633981525 -16.816722222843794 2.1712529882447664
53.1120174600545 -15.995611252353015 2.1730352620418216
52.29361883667477 -16.581435271474877 -2.5398182031766865
51.46933330460668 -17.14896182703311 -2.546139946458942
50.66101509006198 -17.735172005306527 -2.5354249855135897
49.82437235057646 -18.322453713316186 -2.544326927830945
48.96675948484027 -18.87769607381478 -2.5507837499817456
48.14970141201333 -19.434052255463175 -2.553052978826976
47.30668330704574 -19.983670319525917 -2.560914276543908
46.445687981931705 -20.55164141413279 -2.5551369154553307
45.596908292480336 -21.13434776290257 -2.5449474503315956
44.75733719475989 -21.685975198123757 -2.552664217695906
43.890005476947046 -22.276138317745048 -2.5547678131981644
43.0558791728877 -22.814084001063623 -2.5564906346728966
42.22771596596417 -23.38682003714392 -2.5577009866602123
41.377255445061756 -23.979650623963337 -2.5594976043835853
40.545755747461804 -24.55379595699905 -2.5601901087247363
41.08903952023661 -25.38821741420422 -1.001097086032977
41.63220453192791 -26.225754518815645 -0.9934330824012886
42.18734820234035 -27.063173703201837 -0.9906222402380377
42.75152014825015 -27.91213375395134 -1.0013214692597259
43.2387717647743 -28.76614819015798 -0.99567430189454
42.40052877758448 -29.3048731016015 -2.5561253186414254
41.566942439758435 -29.868523781578364 -2.5698006550264214
40.72016269154634 -30.408667350822377 -2.581155167158215
39.83841145902367 -30.974608371050486 -2.5773246260106433
39.00467584654123 -31.4949083491652 -2.5844715845785173
38.14282229169175 -32.03046623369034 -2.5728466715684233
37.3106576644451 -32.559847540799524 -2.578587213841563
36.42384461068382 -33.11391363283846 -2.5788353176649226
35.58058593379692 -33.6239574605088 -2.5762212663409105
34.718187353304735 -34.17384521755017 -2.570583828647111
33.85597231567605 -34.71712839237062 -2.5832653614303194
33.00966890787578 -35.24739572735902 -2.596860801686925
32.11239768632698 -35.76126132954977 -2.611273489178929
31.17911586158688 -36.23117136526103 -2.616600424624784
30.239691114823586 -36.7183666739078 -2.6109710462336717
29.319027834467875 -37.223645354685175 -2.6271338258348513
28.401571436710416 -37.71119038292876 -2.63719340601743
27.481910469052735 -38.20994381740017 -2.6538720595176954
26.577464104060194 -38.688718402191846 -2.657248163729673
25.67470382698236 -39.16013123558539 -2.6564880586304733
24.73340256140784 -39.64875233014611 -2.660720420569548
23.846721523199463 -40.09508512686847 -2.648585586581905
22.931164544707926 -40.60184781314071 -2.655283044226675
22.03647304111447 -41.06388490599761 -2.6603689234907804
21.119248340581194 -41.53743366179284 -2.6631035042317293
20.197864069469883 -42.02568182043669 -2.6520362202494594
19.307615063846235 -42.506790696586094 -2.6494667742727263
18.365172240038433 -42.99228249892213 -2.6556320024776228
17.45217568195887 -43.462665632080615 -2.6531470623769096
16.51455403917459 -43.94434575460484 -2.6684853074293797
15.605175726073789 -44.39298964672332 -2.6743407606961354
14.657199668810387 -44.869432391960785 -2.6733049037696577
13.721407611821988 -45.33310020326685 -2.6582382031245095
12.81259869974919 -45.809177585080455 -2.664876724853674
11.870083651256436 -46.308258081329974 -2.658502326409081
11.410023330232699 -45.42903770556839 2.0645181912163553
10.928183000235363 -44.576670816024254 2.066935062147804
10.405044644032134 -43.76098462145249 2.0787068818053727
9.902337118799384 -42.90641719943904 2.084923945664927
9.410184566300117 -42.046834562975526 2.075845620273631
8.9234519881768 -41.13673931888843 2.0878164562237544
8.419523624823531 -40.260033425038266 2.078993803163712
7.924444561833501 -39.42309449331467 2.0974544748180137
7.406229784817487 -38.55876645169743 2.090977120023331
6.8841874160653305 -37.728880412275096 2.1042554059287792
6.342496390381316 -36.83499812649134 2.106246215341958
5.8322161898425176 -35.98101685256354 2.126314884256631
5.263219819993172 -35.10843113182037 2.147500294443905
4.670801710246266 -34.281708381563945 2.161044618829506
4.094857649292701 -33.47030742310915 2.1796685073220203
3.4881041416085528 -32.625350084237596 2.1733521796621202
2.894197980604732 -31.82587838146446 2.194112929971898
2.2922180886294736 -31.017299885552784 2.193132795207343
1.6697018554543905 -30.194831446125903 2.200262513153009
1.0399443231704202 -29.38847889588472 2.2151591120888257
0.3673330166090728 -28.6112616175334 2.2090530254282825
-0.20914925385071864 -27.79577209347085 2.2191031544711164
-0.8117977765775075 -26.999663539075836 2.2260645348627692
-1.4472138409858895 -26.246652891901878 2.2276449908934746
-2.101797202948827 -25.466708467559737 2.2254384803504315
-2.754845744146799 -24.704487530447 2.2083443365261752
-3.3830371114516087 -23.905508291238398 2.2015383679756417
-4.035806706457554 -23.095599213861334 2.1873908530259007
-4.6716332952243995 -22.261867800690553 2.1754664709657496
-5.2454900805217655 -21.426425372064813 2.176355033406883
-5.866871622677978 -20.61743028243933 2.1405574254352295
-6.417846960416917 -19.792502091265476 2.1415558075345933
-6.999022430069411 -18.96284420616922 2.1292517420038126
-7.533222953691551 -18.099918291692205 2.139544131603777
-8.107239130617817 -17.245288973664014 2.1243282540862056
-8.634351554266132 -16.390730605245817 2.110291182350622
-9.186508093023225 -15.531328464277541 2.089542318850193
-9.728789954188025 -14.675938859186397 2.0735127601591072
-10.283178630792433 -13.785451547946963 2.063311604813021
-10.770126817916273 -12.949883918113695 2.0480467573157126
-11.278102633611079 -12.08826535403174 2.0414851672233705
-11.731388114892196 -11.205093977336452 2.0300836797057764
-12.223815775204017 -10.2892462724879 2.007536230414662
-12.692854475093755 -9.403207654313448 1.9908230782280665
-13.120859519753232 -8.495480288416239 1.9790787179838656
-12.250740665379848 -8.110372402376676 0.38820182018752747
-11.356484173255524 -7.780641044676524 0.3822943831436171
-10.437516958028954 -7.434966045507379 0.36669375568378326
-9.533327421889968 -7.101513414408796 0.351585687872348
-8.63339856215676 -6.812870067977073 0.33235014712460204
-7.689094111561522 -6.515611997928528 0.30774902112979646
-6.752272649761408 -6.25492436600717 0.3037354689783267
-5.841683195492602 -6.0259449248321415 0.27342800022856695
-4.902925669692104 -5.7457410290365605 0.2556537904430767
-3.9391631540154215 -5.504148009856709 0.2613916826932692
-3.007113721651052 -5.268705049192298 0.2551240218670173
-2.0479666053859202 -5.04318673834664 0.22462479562325902
-1.1135862951967515 -4.894730123036511 0.21481888993523732
-0.15169566747553934 -4.674514986510217 0.2128329103766043
0.8285671543901528 -4.476958546954466 0.20412491781841507
0.6401153282202874 -3.5575836127798524 1.7630017314519255
0.4270229165001821 -2.5935042755125823 1.7400552510619456
0.2168466648828129 -1.679426761139493 1.721542279756733
0.012520913196997122 -0.9512760356560532 1.6061983501227388
-0.05281200817587343 0.0009487358206164891 1.5989394909142705
-1.1081877229625934 -0.032810707439258596 -3.0701578993039154
-2.1489885916803617 -0.07465927979936318 -3.021907729355158
-3.2094855324476086 -0.19260497260790224 -2.979586601213102
-4.2356630192215485 -0.37616813050414877 -2.934617557785287
-5.33147871819501 -0.5598232191330688 -2.8992261833648936
-6.371987666662067 -0.8007235201394419 -2.8757041475302128
-7.41837242825897 -1.0649891481433467 -2.8419411821555096
-8.44382845291344 -1.367359819688061 -2.820732241429252
-9.407835926669867 -1.6651969244765792 -2.798739796612959
-10.375219511323099 -2.01064352909654 -2.7830455975475243
-11.341918752828274 -2.374362779476645 -2.776761719983568
-12.259193024997373 -2.751721975560423 -2.7669604846565155
-13.186652086259087 -3.1341575277534295 -2.7622731184987095
-14.114253337800344 -3.534884820864527 -2.762762277498598
-15.053455825462787 -3.9009431372519967 -2.747375846184549
-15.97710073105782 -4.262782461497421 -2.744839785102581
-16.898110882432796 -4.645752141056639 -2.7351514880535595
-17.815954642583353 -5.0025517932331525 -2.721161378146655
-18.705078849614175 -5.429669501118243 -2.716846079688844
-19.601929571009702 -5.829851382795974 -2.7123930550123863
-20.50775574081115 -6.212144595266876 -2.728625239571438
-21.40085069613234 -6.550246679808467 -2.6971738626468
-22.265495473040986 -6.956139924279961 -2.691775195690985
-23.123960332440408 -7.390410749839665 -2.694512767519606
-24.023756327497328 -7.842464355704125 -2.694682570458462
-24.909059871318306 -8.243657574491667 -2.6906336039231498
-25.79992530969753 -8.696314343335269 -2.6828030935408957
-26.703570839000474 -9.120576680810782 -2.6750394422231665
-27.597318904404734 -9.566846587805061 -2.668155374953143
-28.448846909431747 -10.03376332663571 -2.648244308522037
-29.314818377023787 -10.53401847054928 -2.6629552412845565
-30.1783747055735 -10.9538183623041 -2.6721989566266187
-31.04966442865364 -11.428129400150878 -2.653075340209253
-31.934255886925776 -11.885270989099066 -2.6517718213139467
-32.842865298521296 -12.348189366242753 -2.648744461007456
-33.724982390710686 -12.807693600285766 -2.643029439880751
-34.594098875949896 -13.26390028086028 -2.647647738786702
-35.46269955621366 -13.716392712044541 -2.6537624732412146
-36.289740887565266 -14.159956773805444 -2.655033496107702
-37.18136015231125 -14.620821903423323 -2.648037368636762
-36.69744595217533 -15.502234737523297 -1.0830793575976798
-36.23722771776503 -16.38086490098384 -1.0715537069856378
-35.759609249547026 -17.25357097833207 -1.0735226441894672
-35.28430992616862 -18.12205209088978 -1.0715795987065952
-34.79331775600068 -18.989954280948563 -1.0702421860371858
-35.68047587224016 -19.478042757944642 -2.6332785703557837
-36.565542725403134 -19.956446730767343 -2.635620324452745
-37.41885616499704 -20.417678759054667 -2.6369032696813615
-38.278898548566815 -20.87967086029366 -2.636164433355348
-39.14413765367924 -21.369223205219548 -2.6287317990019274
-40.02114971619234 -21.852298062879836 -2.637279322826534
-40.86143112825054 -22.343195270647534 -2.6385579040529077
-41.70823385720204 -22.806608835707728 -2.626177555478115
-42.570623445632734 -23.264242311197737 -2.632600129926795
-43.430224082778864 -23.75698699192703 -2.628147830263321
-42.965808910382954 -24.633000915526747 -1.0707962297107454
-42.469893976002005 -25.524164975817126 -1.066681653290225
-41.98654511862111 -26.405709780996798 -1.0672209282962724
-41.48355448494346 -27.293136448692547 -1.0673763709962343
-41.01046342556943 -28.184148825907236 -1.0658721618557168
-40.15598239885844 -27.68873197885538 0.5014895167731578
-39.264309927848956 -27.21000991984544 0.5063765165447313
-38.40446725811283 -26.75196040486019 0.5026955281395513
-37.51221307700163 -26.27017471403427 0.5008656514971778
-36.637169353201216 -25.778143992484438 0.5111321082421436
-36.14757233251654 -26.644159907919516 -1.0593952653498813
-35.67331627241988 -27.527749178381203 -1.0448597508265063
-35.17639621608355 -28.386416026577837 -1.0578701925971323
-34.69357049542068 -29.27162492002187 -1.0557712469093214
-34.21207054722387 -30.128416102040333 -1.0564084646814533
-33.70828379973688 -30.98954623834124 -1.0477069302922803
-33.18423754084334 -31.890624206091726 -1.0265311620092616
-32.674561921517565 -32.72060614006997 -1.03761008648244
-32.20493390678693 -33.580053930705134 -1.0218218001345523
-31.67266024262661 -34.44523410691672 -1.019147227871259
-31.17901340801792 -35.30293460637197 -1.0134170349459584
-30.629225981542554 -36.158657717749435 -1.0240722674504896
-30.11542443034822 -37.007125144603684 -1.033387109149652
-29.585446780350196 -37.836006118057895 -1.025976550133924
-29.05722309558293 -38.697760913533635 -1.0061462167598632
-28.506901502143034 -39.53650726373442 -0.9979712884692307
-27.959743498299556 -40.37858051090883 -0.9910243683655827
-27.387508213636934 -41.22912668600424 -1.0010881506516691
-26.808873906233558 -42.06674385219786 -0.995235621936745
-26.21847397871206 -42.887169823101814 -0.9773823813850199
-25.628609536816754 -43.74973905617248 -1.0016602117018454
-25.104198954860486 -44.56483829724733 -1.005646726967921
-24.569484915753673 -45.42133208402142 -1.002957839272719
-24.03349537854836 -46.26419725767119 -0.9919625198842984
-23.433482951624462 -47.09559321512878 -0.999680178331881
-22.861722932912343 -47.9655525892207 -0.9945082086611686
-22.31536123358346 -48.810858316725565 -0.9900196470149359
-21.739936069911824 -49.672115838964764 -0.9952659210818549
-21.184026729804213 -50.525195216910625 -0.9846044006987235
-20.613288970462058 -51.380846110913055 -0.9916310099648505
-20.103492436070667 -52.22482652066607 -1.0001008135653142
-19.52763027781631 -53.064978600227725 -1.024789668923026
-18.998817851707038 -53.93132268757593 -1.0235872479850578
-18.455285780699903 -54.806841501650105 -1.0332411320693615
-17.89953119113554 -55.68829829997305 -1.0293014638906768
-17.03873720207546 -55.167595752206104 0.5430543471636593
-16.158339276912223 -54.654196225837225 0.5364798838136315
-15.324192391144784 -54.157859942895556 0.5306528121599422
-14.467922349039474 -53.6712712767927 0.5454364540284538
-13.588049751570537 -53.17959961065569 0.5600322044305951
-12.74563455793904 -52.68113281206677 0.5656826594096287
-11.88267428366065 -52.251480426784525 0.5903776408497032
-11.006104854893456 -51.675516356868854 0.5550091022238021
-10.115276242758997 -51.08264064107313 0.5428731269060484
-9.268041057858172 -50.57811005877971 0.5479337638682301
-9.898158297590209 -49.67462291423848 2.145722691942862
-10.091135783496965 -48.57084752228063 2.045200079864936
-11.130063266310852 -48.056338387780826 2.161042849356195
-11.459658159124412 -47.1949330981436 2.139745579339119
-11.934635700597248 -46.32784762589792 2.1373822392470467
-12.427745904452257 -45.48952910526619 2.126984487723336
-12.983531976773644 -44.649832704534916 2.128874012330957
-13.52715544741783 -43.811221937824506 2.1393118654605243
-14.06007444518132 -42.966334211984204 2.1353966098664316
-14.608353202679968 -42.11454274048677 2.134424382656758
-15.166723575011389 -41.296791699775824 2.1291881517937736
-15.69717562287894 -40.47256471413973 2.1423763946534726
-16.23191952279611 -39.61946554472313 2.1384208115091674
-16.79243966435975 -38.79566078867152 2.1469933671035544
-17.33199951358207 -37.92532718085302 2.1460967040271965
-17.872801060131305 -37.10025843089621 2.148983753919202
-18.419929265330502 -36.273587937486255 2.149812487222146
-18.978987480487103 -35.420841373132085 2.1402216360051542
-19.524881771696144 -34.60280739052375 2.1490972455699144
-20.064381633508585 -33.78022222622113 2.1441070135425604
-20.592220100407477 -32.95287691068212 2.1382805334895374
-21.138535333684874 -32.124900786657214 2.1290050437473083
-21.68706658454208 -31.297068902114653 2.1203817781848713
-22.255413160684764 -30.45598163706166 2.113683224755544
-22.785795808923666 -29.608232811536354 2.1203084464763795
-23.305399205823974 -28.75929284665194 2.124747052694613
-23.854708532184723 -27.915771806768323 2.125869743927914
-24.41149126358016 -27.08430977934771 2.1370075941319993
-24.948758353766614 -26.223426907089983 2.1292772056912015
-25.45677927611631 -25.38693152136894 2.118131429977287
-26.320264145651617 -25.87061643391818 -2.614688920474153
-27.213328195904154 -26.34025127610061 -2.6214878690301306
-28.074705033107556 -26.773004098109222 -2.6327088078830267
-28.968650196135197 -27.241753712995965 -2.6274317209897653
-29.82156168790008 -27.74458668490171 -2.6280313779344238
-30.711931127736136 -28.215080027715512 -2.630535642080084
-31.548358779414034 -28.708891111022112 -2.640862032588065
-32.42680236541882 -29.14282545121945 -2.643160212582183
-33.30509893185451 -29.647642169009654 -2.6250335286148436
-34.184227539858384 -30.12523994496341 -2.6165375485237656
-35.05619888471192 -30.627162230458318 -2.6159119296584965
-35.90722293187245 -31.107931086357773 -2.6216351234439577
-36.78980646927001 -31.58534343763366 -2.621230220325429
-37.641496051963095 -32.05961053457291 -2.6113764628273337
-38.51628386468694 -32.564319102120024 -2.621383874970019
-38.99769547335563 -31.707825488320204 2.088210933296662
-39.51509340318956 -30.8371092184548 2.0862890250807924
-39.99981834718012 -29.96559957867561 2.0849050082384877
-40.51643466461533 -29.07660801718743 2.0799975514987863
-41.01238809278719 -28.19495642827988 2.0719759793706465
-41.52579122709743 -27.280187718349254 2.0721708820140505
-41.97653780499468 -26.429274885228498 2.0720067053609963
-42.47602727598895 -25.550354524177152 2.0715411304853197
-42.981939692685344 -24.66338167499732 2.0762821749573157
-43.46464951903923 -23.779355071419975 2.078181240363911
-43.94101044396411 -22.87645696636406 2.069532808117381
-44.423736506426366 -22.019000329996 2.0710118361620267
-44.90019151919772 -21.121279662787476 2.0743458861812365
-45.359984487949326 -20.220398178637932 2.0588724694858693
-45.83281537283493 -19.311229623560294 2.0583735624399453
-46.32411211643575 -18.380310753758472 2.0659825174347555
-46.80017626876763 -17.492922677188286 2.059899755966638
-47.28124068047241 -16.566599980179394 2.065585450153995
-47.75895811523853 -15.663874562480759 2.060111852626041
-48.23046187770258 -14.76380997059396 2.047139127943654
-48.682599963288915 -13.838181568521756 2.040707689165307
-49.14901795866016 -12.951978044475425 2.039843362244849
-49.622239846985785 -12.043841397602074 2.045859392501785
-50.070932998391164 -11.129312191679341 2.047773362168137
-50.52514687914576 -10.195775026951727 2.0475878576629545
-50.97106856416088 -9.244190526696052 2.0442526496666775
-51.431245321566955 -8.324886459843796 2.023168895249388
-51.854829003554364 -7.460620217934942 2.0414077829803885
-52.334904452484636 -6.537207689063425 2.0249523725495164
-52.79027450168798 -5.632000936109138 2.0257178098973627
-53.23148668648436 -4.71348312763452 2.0255893879765967
-53.66943636717661 -3.8050231065719675 2.026019596697
-54.1137247761029 -2.8960070475274824 2.0028216548146633
-54.53066967117568 -2.0035129501705056 2.004365119478188
-54.96101991447284 -1.080828311841302 2.0008221355904086
-55.3668897400439 -0.14237297936787585 2.003148064477406
-55.765434502474214 0.8068283636106166 2.0141395032901697
-56.21501939711053 1.7297876016116744 2.0063800687413305
-56.60705367253724 2.6568131104704364 1.9993536539063557
-57.03131549077375 3.563817716986845 1.9982933151194788
-57.44461529878501 4.471913763655426 2.0003123795086193
-57.886871167268886 5.400547540972065 1.9943049672049444
-58.29608357647767 6.30671852973934 1.990179790398815
-58.68807331135578 7.215991672102401 1.983898207816483
-59.1337981627401 8.14909902688175 1.994701827087633
-59.547164523909565 9.064522259856961 1.9927309664788955
-59.95709033884616 9.95705426761235 2.0006954055746995
-60.36226593391505 10.885879599361893 1.9933880536771456
-60.7805634113829 11.810414720411075 1.995206814166413
-61.17609003850076 12.723172969744265 1.9971765000633732
-60.282082785395744 13.146837626183917 0.43315788922502435
-59.38743792632148 13.568412003252202 0.4450664257015458
-58.463234224090044 14.005499366316108 0.4448978014047361
-57.599375799049014 14.438712321331323 0.4556060255631363
-56.72364854854128 14.898552067076857 0.44968829791238635
-55.84263926335625 15.327256203552395 0.440959922049386
-54.944625870960984 15.74599028620752 0.4471267431234661
-54.08755762405499 16.195813420580045 0.4425617960764943
-53.21972639324611 16.653455859934756 0.4301025939802246
-52.318233885409 17.118125084280752 0.4247407918229327
-51.39846757385421 17.53179149437437 0.4318795230308785
-50.50757015196132 17.976810762471935 0.4316786542348972
-49.627300851297214 18.437846603339416 0.4380791745071265
-48.71560126523698 18.853511440193213 0.43790299296894525
-47.81764738864373 19.297143364255856 0.4420134502275016
-46.92572459918525 19.752837417782924 0.4477559048706281
-46.05566109512351 20.220311232362157 0.4590505736272948
-45.112473067109285 20.642554629213066 0.4418255258865578
-44.19845730532176 21.09561251497253 0.4465051528588324
-43.277676651191115 21.54320204183452 0.4536743380183371
-42.37540957330883 22.023228881739055 0.4507800201174253
-41.48416710946493 22.499734217182997 0.44197888626311604
-40.58027304841231 22.95784304733328 0.4409068398418286
-39.67281378835689 23.420688962999527 0.42403891390757525
-38.77713118348035 23.846652305401296 0.42102142133990994
-37.84259881119967 24.260335250067747 0.41962520724459046
-36.88030801775313 24.690622004717994 0.41031036423030287
-35.97019356460916 25.123514149312204 0.41625801584923805
-35.04991789520673 25.546439394151854 0.4169157584384278
-34.12069760389526 25.9858079774909 0.42202407125731894
-34.537733034362674 26.92710325451409 1.969123487684709
-34.89476565679613 27.870615847727695 1.9737876799439498
-35.28969888314714 28.7982297961685 1.9746825759733628
-35.672032628433506 29.743911810681208 1.9670660727489773
-36.10693215075474 30.6791274335829 1.9702509607397725
-36.521991612294315 31.625095194403926 1.9832580952872056
-36.92957807513204 32.53778310192657 1.9862056341490055
-37.31295258105624 33.45790013135747 1.9919320908974545
-37.72093963072705 34.37921144990476 1.989128877879199
-38.1193498768978 35.26872082295303 1.9901153106876646
-38.52960593471565 36.19782264282119 1.983806077660158
-38.920680689132354 37.096355884219754 1.9717510591866374
-39.31216814160954 38.05139724471198 1.9714827840783293
-39.71759449181331 38.97457672258912 1.9751494941713106
-40.15524305689681 39.75088366365343 1.943429993588624
-41.21109263304318 39.09685305865801 -2.865233652966795
-42.31105593145195 38.49852818380593 -2.9906690656276154
-43.42103285243055 38.05116137387494 -3.1298484785122787
-43.07503328890749 38.49389900519187 -2.353795051207651
-44.36101830716258 37.686472402823476 -2.586448533156085
-44.05022876817264 36.85448571832044 -1.0922408012289633
-43.81730740088136 35.90288495503406 -1.1459502459979245
-43.490140691492016 34.9427022512133 -1.1358950887969546
-43.099993429168805 34.00044501874328 -1.1286910555519214
-42.719587388396285 33.090062199392094 -1.1348204355384708
-42.30973574635916 32.16603613575342 -1.1495228361588683
-41.92349505109425 31.238851337508986 -1.1484088606966671
-41.512392647888866 30.321707021759917 -1.1412607301736681
-41.10761719335512 29.37181541330836 -1.1395484115723564
-40.67013818198124 28.461235578018506 -1.1297566998435136
-40.27128495117065 27.507374231859266 -1.139394229131492
-39.90031576599297 26.56742899404967 -1.1456231228253784
-39.541480361989606 25.6425807373466 -1.132788960299862
-39.1441602238616 24.755093180628947 -1.138641772377213
-38.73816525881535 23.85450532236218 -1.1378618994521263
-38.32336861022826 22.940016237502647 -1.1404325230317107
-37.93303274706516 22.016952639768856 -1.1405286711557565
-37.533764331990156 21.0711020919347 -1.1662500551907764
-37.112564679299176 20.125244543065918 -1.1635301140231842
-36.73326732310804 19.16810211533455 -1.1565905221047321
-36.325511611773805 18.26126533392917 -1.15758740718799
-35.94138780201965 17.35233262633486 -1.1570880909620462
-35.55969004286268 16.443061622108385 -1.1681443123598834
-35.13975778626395 15.477234004940216 -1.1492616797182433
-34.71985490469539 14.533805830390431 -1.156724478032405
-34.35918353939838 13.59286768709262 -1.1475480543310905
-33.94499511904742 12.653303903827329 -1.1334860973337444
-33.509354041786935 11.740535503470706 -1.1446444983895825
-33.139523350982195 10.81040684228355 -1.1393560215134115
-32.750324723956496 9.918381475429246 -1.141688707136559
-32.392185759062215 8.994330553194258 -1.1222419277106401
-31.973326985668926 8.078939642728896 -1.1132745273233966
-31.534249367960147 7.189416997075211 -1.1100422067039497
-31.111020986059636 6.318012850093713 -1.1261852576118403
-30.679469646143428 5.369451048785456 -1.1314353726832658
-30.25065493698311 4.465295718131282 -1.1223298161811222
-29.832439904904607 3.5724244926179005 -1.1146828306866856
-29.382170927217995 2.6124531110631772 -1.121503938827228
-28.95239775160185 1.7333918242401474 -1.138240194756039
-28.529069115555117 0.8382642226895379 -1.1398345083899137
-28.113821297199987 -0.03168758104590752 -1.1297995636127125
-27.68494669696246 -0.8705112770994652 -1.1160504544361616
-27.26192511510085 -1.7200224472574348 -1.1008207936647556
-26.80440028206154 -2.5925350060791623 -1.0999519501662745
-26.349391416259866 -3.4710937155813166 -1.097710883203855
-25.866865984949634 -4.3553399168664315 -1.1170874348280024
-25.4231217624493 -5.174808105846749 -1.115452535902195
-24.96899450747058 -6.0742521561578195 -1.1040754703044073
-24.4944417325366 -6.955666416680526 -1.1116891239340323
-24.035904526863018 -7.853847932356947 -1.1246430686131943
-23.625303424606173 -8.742765830604862 -1.1255095262287134
-23.19830940886097 -9.628222403300926 -1.1231240288208155
-22.78089902285785 -10.513557124800876 -1.108669657319809
-22.317784540426654 -11.416255258565577 -1.1239123512845108
-21.886800182594026 -12.312445087611211 -1.1188635232061925
-21.47193817376279 -13.18156007259526 -1.1128722292751962
-21.004660335282296 -14.036946661500423 -1.085906877658414
-20.496529875549268 -14.87992456294466 -1.0771166024738221
-20.016423171457763 -15.69979121792969 -1.0636233927851926
-19.515825378082088 -16.556447286186216 -1.0605074604459503
-19.034067492453435 -17.47287785325828 -1.0471898958540176
-18.517833574616777 -18.349342504379425 -1.0532029275771282
-18.00506370290475 -19.19262052158869 -1.0463958235934896
-17.489402776125676 -20.019454011980798 -1.0263714185998236
-16.961615960446792 -20.84114505487079 -1.0361946396662503
-17.797194026381323 -21.27691260404959 -2.629676186527684
-18.632314911286635 -21.719454911428315 -2.646870977482217
-19.51615982794306 -22.193854771833205 -2.626851520542878
-20.43276174511106 -22.657396739694416 -2.6213139407143737
-21.263361754204833 -23.144982327185385 -2.608905885057065
-22.103473668229984 -23.61763226267148 -2.6105859517618875
-22.95924054989946 -24.078730063643913 -2.620406409843811
-23.779979394306594 -24.51242147900723 -2.6152560313110285
-24.601290107196352 -24.96057393889975 -2.612642658782428
-25.466979334882677 -25.426265724631335 -2.5877766233828434
-24.915579826713586 -26.265728207218253 -1.011517378642632
-24.34155071193593 -27.071129880278484 -1.0135987194633622
-23.845806568883688 -27.931969842510824 -1.0039585036125458
-23.319665232900903 -28.760489802012096 -1.0125324437720866
-22.758332821058655 -29.592091196978178 -1.0183011231222092
-22.2029216768594 -30.42054916850745 -1.0139474617670863
-21.692196522760085 -31.281593749283786 -1.0034390114130318
-21.153767146644466 -32.11705325792507 -1.0000042729134218
-20.610658674882487 -32.941719054329425 -1.007086609494497
-20.065538105320833 -33.78709310254248 -1.004919744638386
-19.51640010168139 -34.59372491611978 -0.9986741893810592
-18.965557125421505 -35.417140289394624 -0.9990944680617145
-18.42311242778769 -36.24200417236628 -1.0000473671182382
-17.882286842028055 -37.0633480241157 -1.00128404383946
-17.313502385331837 -37.92264107027899 -1.0059197182880748
-16.79549983803078 -38.778849045252926 -0.9987714070733839
-16.237501260571687 -39.62019885837927 -0.9982245541171205
-15.680140590745122 -40.447016614731204 -1.0088028442493417
-15.129906999687005 -41.27914668026196 -1.0103455916823885
-14.620490986802075 -42.137896933229065 -1.0051940451228314
-14.083964999340653 -42.99905763896126 -0.9945924454018159
-13.521778504383711 -43.806385598674154 -1.0022181908333072
-12.976675848213208 -44.664480285529095 -1.0049479897610012
-12.449876560287548 -45.50352046887066 -1.0139631043173027
-11.918457388002127 -46.3379249697329 -1.0214237062032532
-11.41103190280322 -47.209560079099404 -1.0141596009308749
-10.65163663111446 -47.916558355555935 -1.0475953049767555
-9.625171204847884 -48.39628143780708 -1.2038539325885471
-9.696061012327023 -49.563543313927866 -1.0649058853371376
-9.410099095910144 -50.55697951186468 -0.9652366703321826
-8.749881062105551 -51.38160473405964 -1.0197523550951895
-8.190253105917838 -52.267783510092755 -1.0371973200980367
-7.702209039700205 -53.15465888927931 -1.0342701121183244
-7.204288714500609 -53.990609295224644 -1.0395872207112868
-6.679622632580204 -54.83908184170103 -1.0298055251573655
-7.551988940885854 -55.351576113750944 -2.595691142299376
-8.415129032833937 -55.86848359378533 -2.5901339541354695
-9.287755349126963 -56.396940728986245 -2.590783567651726
-10.123881658524587 -56.92247652945018 -2.60699780637101
-10.989632760521188 -57.434423253348726 -2.602713880666109
-11.86160133857673 -57.95036316680781 -2.6009435907463176
-12.732780745394107 -58.47127502654407 -2.6058538974278527
-13.595249197183213 -58.97226849336928 -2.6119785845752985
-14.497596095254918 -59.4667392581276 -2.603945441575115
-15.355871712180713 -59.9556054617862 -2.6046817179612236
-16.208974664151196 -60.44730865745345 -2.6017804342074213
-17.090494272452602 -60.98286760046306 -2.6144264421783006
-17.960451653795968 -61.51116525495063 -2.6013663101619717
-18.80423551006954 -62.014413829457965 -2.6011783122199934
-19.660734826204372 -62.517241388210856 -2.6007538310484537
-19.145034761434655 -63.41216363472521 -1.0227368855377226
-18.642017313462205 -64.27863069746228 -1.0225660221868271
-18.108807236336446 -65.13656756770033 -1.0255147092914538
-17.607650453911234 -65.99410988818141 -1.0255885060243113
-17.105611350219796 -66.85334116445225 -1.0180319680333763
-16.243941233818507 -66.35164675028967 0.5438602371089721
-15.402491669411408 -65.8712391776873 0.5366451031176099
-14.56291886396351 -65.35285333433845 0.5135217441085488
-13.67784067324716 -64.85116817392213 0.5357111251367996
-12.839312181585639 -64.31762135616835 0.5226901986971626
-13.343607471314181 -63.42018101827079 2.1016274162002047
-13.847126291019162 -62.584906583319 2.109510090635435
-14.322715919918068 -61.71145667751126 2.109808285697731
-14.851626364814662 -60.82573247721403 2.1027274322918657
-15.334497554368102 -59.96252755687611 2.099444397412304
-15.824601859423897 -59.11126546791753 2.089921382758519
-16.33657074918479 -58.2417563587544 2.103293268756263
-16.865889798007963 -57.39030813646469 2.108593107153169
-17.376296088694787 -56.517195973082266 2.1026363156236787
-17.890080125411004 -55.698177402825436 2.1032279545818877
-17.03724440080322 -55.20673390231814 0.540654908603232
-16.203479023223494 -54.70636313877739 0.5496748402367656
-15.329676068683149 -54.156693928754486 0.5406576414896818
-14.479493880745485 -53.67847426562376 0.5470119460057369
-13.60340550356179 -53.16980776085445 0.5483032184967195
-12.753467714971963 -52.64617791505894 0.5427269424017683
-11.866420233549793 -52.12573573568957 0.5398880706257668
-10.975832459322096 -51.54444748228313 0.5284969930203545
-10.050574368575122 -51.03240755249168 0.5312690081692768
-9.20525127399536 -50.54543817327954 0.5316901151005134
-8.12931676801864 -49.99488742289287 0.4465808561576824
-7.068023560438571 -49.582473847143625 0.3750568792260087
-6.141820850625394 -49.275509317552746 0.38439399166658916
-5.231758759692305 -48.87325527493547 0.4083781091340187
-4.296017486285929 -48.5118779393773 0.394217078158935
-3.359890105196317 -48.12960703465943 0.39357494142569566
-2.3864469201850054 -47.749448850832664 0.4058820465596584
-1.4527781291255197 -47.36286332423573 0.41570755494228523
-0.541638602772955 -46.964476866262345 0.425071656996246
0.36246896450745514 -46.576842890075646 0.42343245601685076
1.2800377033292685 -46.13881360696977 0.42946112505700695
2.1841977797661825 -45.72364997212868 0.44249207583448996
3.128784589113503 -45.29245515330724 0.45323304276929466
4.061541492970717 -44.88414648486335 0.47944454493572103
4.957846735862582 -44.41919428490047 0.47555184390282274
5.869134446983664 -43.96299878011884 0.48007781770453606
6.74284291887866 -43.47645861371951 0.4962600508260536
7.638503517208478 -43.000345150153464 0.5022711992456531
8.530507955322042 -42.527742122088846 0.5078969312459973
9.40158217220176 -42.028875981191206 0.5097368237652011
10.275783974925709 -41.5266586072432 0.5137721554200351
11.14503544122938 -41.04751438571935 0.5195422737630746
12.021060671713766 -40.57617832100878 0.5227275033107203
12.902245203103082 -40.0943203611984 0.5399018754423976
13.76384480761589 -39.56744714593715 0.5379742094337371
14.64761856949931 -39.07724100998427 0.5364058662096475
15.572869287518664 -38.587673370093306 0.5320084845426267
16.479778009530744 -38.09593435012127 0.5137642430035108
17.38100599577529 -37.617109742474106 0.5072407800700047
18.327507319593565 -37.13215695099619 0.5079378712813128
19.229362394996908 -36.67201109204043 0.4871535872119146
20.143331744554242 -36.22374702937733 0.47310138070602653
21.08425522921192 -35.77239698483024 0.4743897808416616
22.044998247786243 -35.3002158229398 0.4741201218515766
22.95634759234297 -34.87773275998822 0.49203556400624343
23.925795599952682 -34.40313068308219 0.4963943491156823
24.82069519846804 -33.93388534762393 0.49463794401078126
25.739985718956177 -33.465059091098 0.4793452744603226
26.687223084662534 -33.012106011549356 0.4988823936583721
27.660826770532 -32.52477716104585 0.5166177220406142
28.579032577276063 -32.0533165164326 0.5130689680215902
29.453024662966683 -31.538987041679466 0.527502602029607
30.369656612891713 -31.069400665628645 0.5443321562752319
31.237414368300165 -30.52010988756551 0.5498923543578664
32.089504087961494 -30.027013512200437 0.553824090530303
32.93061064199112 -29.49185644583409 0.5705703657509178
33.779590185376094 -28.920553976750934 0.5773306188948338
34.61342913719668 -28.394024266940477 0.5882763603282578
35.45544977596958 -27.820827626994088 0.5839422657891186
36.32512179217638 -27.27740087654987 0.5823099439235453
37.1628833314084 -26.729048652954738 0.5852640941749814
38.00450790018433 -26.167861213087605 0.5783050565064347
38.86690349184029 -25.624689067759714 0.5798324043969941
39.71768302581216 -25.0846272984352 0.5775120076460514
40.540469353672364 -24.52713104642194 0.5897497465670678
41.37673033663878 -23.942864360334344 0.6022814013265044
42.21972932748991 -23.369410181015134 0.5977237439880289
43.062274095573805 -22.820681328159658 0.5866305965226789
43.86987839276216 -22.272307346468608 0.5968886011419847
44.72778369698469 -21.70373447481539 0.6027857984352688
45.29400246834959 -22.553207440233486 -0.97038533027559
45.85200685341395 -23.37638243239903 -0.9628097983088266
46.466866550030915 -24.22730612147333 -0.9603465181250744
47.02474662257299 -25.02837757650715 -0.9698170624084573
47.570853886849434 -25.858923427910003 -0.9665693477327374
48.40986322245898 -25.297102355378275 0.6061157547466308
49.25026895726423 -24.70674715529917 0.5937081340066029
50.10551237615282 -24.134445345272695 0.5963919569310876
50.96019848934621 -23.54282326939855 0.5884115929523137
51.81250958449487 -22.971280501656906 0.586454053642567
52.66923755435112 -22.410094047921884 0.5913132354345916
53.5262214463078 -21.83384273333789 0.613916818270988
54.37102487170369 -21.234805127584984 0.6232068670725633
55.20578182829544 -20.63375969027777 0.6241195133639209
56.02172510723554 -20.00919975389505 0.6261902631645081
56.84228031742177 -19.42216381963841 0.6206696725059764
57.71223933270434 -18.78300958537731 0.6177959910062683
58.53513148270492 -18.15516379753948 0.6199977540294347
59.337420476550356 -17.540689660384892 0.6270396204208694
60.167414560994246 -16.946844666511453 0.6203067366038528
61.01035522177899 -16.309832839604773 0.6331693039254422
61.844399793030064 -15.709136441726807 0.6302602334983057
62.630298129184474 -15.110323939818105 0.6154873343109771
63.45422739623054 -14.523789540952581 0.6019514724089113
64.25376694542635 -13.94883934297176 0.6041948090612012
65.11480382347389 -13.348011414686853 0.597957891583412
65.94737076409716 -12.750583391980912 0.5960833497152886
66.76707682680086 -12.184826101052472 0.587116959124754
67.6027648700182 -11.644945346376943 0.5886957119315401
68.43474396632821 -11.072585700927672 0.5879369601453778
67.90987465252634 -10.232626609446063 2.1515997223341463
67.33043280913397 -9.395833866553389 2.152646537148192
66.80523054491681 -8.554249670729952 2.162839516841648
66.26938211355328 -7.700941561353843 2.163299758283389
65.7160204486215 -6.839249881185234 2.162756011291958
65.15431986795011 -6.016266720732032 2.1552931188750266
64.60930448125379 -5.168262965034907 2.158521341122975
64.07550628140561 -4.316329563225864 2.158640458458711
63.54620906172651 -3.461006687053258 2.155862514543206
62.979227880897284 -2.6159215961090547 2.149868840311136
62.454298391801466 -1.7382200223085205 2.1517182328420255
61.89676415118243 -0.8804051607858523 2.151684443941906
61.33391314900676 -0.031059550367098954 2.155277222190139
60.7818041364659 0.8332674255941632 2.156034057928553
60.24014117463697 1.6805391334006194 2.158335316295639
59.71787462577629 2.5127631231248584 2.1693294105375314
59.14568543229925 3.349777961126344 2.1654198536706755
58.61298321653224 4.211019760556141 2.174065381276665
58.04075441455965 5.007718985927032 2.166399211661234
57.45324056942057 5.86586693015225 2.1752438584757106
56.88617688254949 6.671222791559588 2.1784964654987675
56.32281816460854 7.512161846023412 2.179258874160263
55.735043758990635 8.360781727667433 2.188437674716202
55.16551068858708 9.19775725111696 2.1893762030048713
54.60394777790897 10.015359161181955 2.1839661379249184
54.0216869644505 10.83742978360724 2.1908036761671377
53.42837822162418 11.63490672490613 2.1984354060325395
52.83822959187589 12.48898388517435 2.1958208070009606
52.245678186747696 13.305527650767146 2.2073969137845464
51.64076635179411 14.117853913272068 2.223679988092593
51.03171024064749 14.937809290091076 2.2548413313846436
50.44022349527165 15.754517190053551 2.2458448028049554
49.819137043942625 16.53288428019436 2.2388572194103475
49.18182747292162 17.332027376710073 2.2496655003208192
48.56563621673062 18.123755108075667 2.248696210418094
47.92791090039922 18.921764383184936 2.257168021141708
47.29062520739287 19.696476244458687 2.2682386514934363
46.65673922472324 20.46838200525711 2.2699305888638333
46.01511710970179 21.248487902982887 2.2700301277075225
45.35644094723612 22.0381927399326 2.2761120104887285
44.69886930050679 22.804098675270772 2.2860343685385365
44.04732379381379 23.573149879686834 2.3047345616229746
43.3728019931214 24.342944531624354 2.3031764753644213
42.68907054911299 25.04678918405301 2.32024146356008
42.01391758829885 25.796005237795793 2.3305878867720033
41.276426464999005 26.53145638044577 2.333510385256656
40.544282993402994 27.27069799240929 2.350412867541046
39.82337301281874 28.009694631678588 2.371187372236993
39.07264202651294 28.711154172326722 2.381599868882549
38.3354908646894 29.387407112328113 2.402607770669416
37.65447072492434 28.629752867379132 -2.33012421762676
36.960699110395 27.92404166947576 -2.324943713049383
36.30445779031593 27.213249643106767 -2.314342193073721
35.63513965981037 26.59670595611941 -2.3303689059155106
34.97561343522594 25.934351388353615 -2.3245871878781417
34.283971316530625 25.25754264321108 -2.328504565415779
33.64415916265902 24.662300347375165 -2.314256859530679
33.07225155217971 24.290683913654966 -2.3017189608409034
32.45380664613235 23.70515142675168 -2.278389248036288
31.824670838856 23.09641914811838 -2.266377216006281
31.19807101714505 22.36245132177213 -2.2721806073951294
30.58842983224491 21.620489596601484 -2.2551758307404963
29.911194068053856 20.87042227698585 -2.284412845616437
29.187064082607904 20.098731906394146 -2.3232886526842966
28.466534453015967 19.35666922288895 -2.3372069784420404
27.72857743744648 18.638667709884288 -2.344429852287875
26.954601135127962 17.86801207637104 -2.3741853111881572
26.217432780886032 17.15270052025407 -2.395746376575001
25.425765177524642 16.46440820479723 -2.424945320998805
24.615335949939876 15.788925018201484 -2.4588949532068987
23.799309906037738 15.151075231014724 -2.490520084108658
22.962772584399314 14.554532038833095 -2.5014196067854297
22.099468911026698 13.986149861194702 -2.5096487113852834
21.25404840590257 13.418686589459142 -2.5203766587625136
20.389188536869362 12.82748751024826 -2.5355747956407306
19.548046364461158 12.253249325377524 -2.5504204207420607
18.669967437486154 11.708995872706339 -2.539559332230722
17.834156628106584 11.14103928935638 -2.549488107544017
16.974876712887415 10.578093517932942 -2.5621397020475967
16.121920162361427 10.068263274446412 -2.5636870699253316
15.27455193158437 9.460415260859623 -2.562794059390185
14.411753164973716 8.959503662169453 -2.561338241598407
13.532548994187179 8.469342283536324 -2.5689635480516535
12.646136993086289 8.014174494554497 -2.584263825244018
11.757005472615743 7.488360830248965 -2.6004163617349834
11.234714490315268 8.358777433828251 2.111009972710801
10.6788832099382 9.243445403890984 2.1210054128188185
10.089327623230071 10.034770453802109 2.111509921308504
9.600971724722221 10.896377282334203 2.1112924526824206
9.028025470769931 11.775343833301969 2.104101685252788
8.515460837134437 12.653730534685762 2.0952327440586087
7.913110775216877 13.56229547907695 2.0714556968133593
7.345663407887091 14.498556411003172 2.046413437177137
6.8351154535855985 15.500093906410758 2.0379436655454866
6.308693225983457 16.456587657851493 2.0297398247869154
5.807106103232001 17.390232152309075 2.032483292841052
5.312706567175237 18.363743652308465 2.0159036960550023
4.848454288207026 19.328024687860804 1.9888329129422297
4.442481686528399 20.295984345955315 2.002697244716532
4.034570262761199 21.246781209578263 1.9947399182708705
3.6166640875628664 22.21138413966537 1.9862676113849789
3.166138948698057 23.171665751364603 1.9932934884221383
2.717881925361265 24.158316825671477 1.9895463303655292
2.299158232043384 25.111520393293418 1.9853409539610374
1.8699723055689883 26.048403363669618 1.9792775822207076
1.448826069293846 26.983161441025405 1.9793445468923712
1.0568833799382604 27.944087464544534 1.9779116308401208
0.6303529625992612 28.87539465061908 1.975190736657972
0.18820401636507111 29.832212905116084 1.965123805719993
-0.20424291483144996 30.80066986881029 1.9613245994691995
0.6441720649563787 31.207719861416916 0.3865374848346789
1.5801969117420556 31.592854276111755 0.3909337901574554
2.192871005012442 32.08304272120238 0.3745288991593806
2.969917244673839 32.54379816431765 0.3600125410813844
3.940220072586203 32.91145828335146 0.35697115759040365
4.763327691046658 33.416392710151186 0.33520920294592266
5.568575938707765 33.84144588668508 0.30023463219980084
6.383486181435584 34.239735996799 0.28128382036088895
7.16232166031727 34.782300433316536 0.23396669392882669
8.003647098932586 35.20665074190107 0.17986562466674694
8.90520572792363 35.55484722885393 0.13205581696908453
9.923165920223303 35.71941150893753 0.12534263397763887
10.779423982151332 36.06607193488776 0.040908985127469225
11.70548384517732 36.21092427735714 -0.00539777797591834
12.611686988583354 36.394638902619576 -0.0833178807382616
13.602303278106628 36.37498363287972 -0.10684640404975414
14.51399375291162 36.37827064677829 -0.17320932555343077
15.450030833653258 36.28375187407159 -0.21785686477313132
16.26962521612713 36.18669425005734 -0.31433738144028783
17.18004633083256 35.90079274300153 -0.34789948587410036
18.10652599189827 35.61986771441775 -0.38542744168647464
18.748327351507356 35.424067699103965 -0.548424745738141
19.545094111107613 34.974714479245705 -0.6045993399237833
20.116389534473953 34.45365749738234 -0.601124060436779
20.69856510087869 33.990304485931894 -0.5948247305073348
21.104889376147153 33.67736698253041 -0.5670449376444485
21.719704694358313 33.41609848986582 -0.4644684673821335
22.525581957873882 33.12604330821219 -0.432137806024599
23.366906896997374 32.826347002836236 -0.4169625143388773
24.224128998016425 32.51003674593006 -0.38776166180206445
24.961563075384735 32.42205307056393 -0.308970113057592
25.74892110217453 32.417034574375926 -0.24278082435431358
26.516752420703895 32.45356338186767 -0.18788531276695672
27.40593350596617 32.446767379803234 -0.16360780499348399
28.400833797061953 32.26343722337195 -0.17405039425403168
28.64528205224111 33.22436570843206 1.4021895271391984
28.83600471630925 34.18360255423491 1.405681652394257
29.054320457181966 35.153769557533835 1.4088209050464722
29.27004725886564 36.09661848364886 1.4244873291667344
29.38925023346126 37.12611399522366 1.4337391067518679
29.51904027127417 38.1612427263507 1.445131554709147
29.60752913598926 39.18071022905251 1.4584110237825678
29.660386451959592 40.285173290276404 1.4748811798880526
29.726788020112004 41.34581907597419 1.486000871115737
29.7603990520782 42.42277703853865 1.498114229574931
29.78942508224086 43.500124640185035 1.4939620767617965
29.827705401608267 44.59642553818266 1.5051607327602985
29.85398216870885 45.67036488326565 1.5050311430749637
29.810870875670165 46.8468047300455 1.5115167144350787
29.84532243434238 47.95843881882923 1.5084960774272083
29.9256329073893 49.01235389613975 1.4922293164247944
29.976415148554995 50.07645916021829 1.494639680627524
29.963509158921738 51.16843825802985 1.5007365558558845
30.0228956292222 52.258499728556835 1.5183087086732363
30.07535150501471 53.31183196011822 1.5058450929694023
30.14769678667739 54.33880710076104 1.5023202290941466
30.223690660559537 55.34407843068711 1.506714235604726
30.27000172114902 56.39561333357065 1.4985077916305327
30.302466385667202 57.510546268932906 1.4919882943220435
30.36639364612146 58.598216542793345 1.4828957901880326
29.335583103241675 58.6681989800571 3.0621644537287698
28.31065580308884 58.74756155962925 3.0589724342764124
27.26110818370666 58.896692712772555 3.04352805051227
26.205358316455957 59.06258851343964 3.0446530648832812
25.140255287124475 59.228501694978775 3.0462665944660428
24.05703692079324 59.38052438002448 3.0411883786734046
23.018440850887583 59.496646000767 3.04242847070566
21.942510000640034 59.665998998615336 3.036681258445879
20.787422798209796 59.875074041799145 3.0469128087806707
19.647629155374002 60.1097796883519 3.0720708753869004
18.58163256219758 60.18133946020124 3.089521965677059
17.498287150923012 60.22996656394517 3.0970794478464305
16.360275827169268 60.27646841211643 -3.1352661403301085
15.225935029697593 60.24931135620165 -3.102401397460353
14.125908137530976 60.124506297569404 -3.0619899539899875
13.05429346627374 59.96687827359805 -3.0353508408056986
11.926130791735469 59.79501504180967 -3.006806698760379
10.779929229007509 59.60308400453818 -2.989660984178593
9.571135553045275 59.36871866930497 -2.9341419982362114
8.507329344759672 59.15532834666483 -2.929056880169488
7.424534855025443 58.8665258123315 -2.9103131651032785
6.350834861101122 58.594221839203506 -2.8892594816373642
5.300725499138321 58.29596048678791 -2.8665683640443365
4.281542971477438 57.9954138756072 -2.870381846628215
3.214345575705244 57.684306207949355 -2.8629114064361136
2.1591386324794515 57.31280636718186 -2.8575002428004055
1.1793562604513304 57.01554935219906 -2.853749839083841
0.11935873145363773 56.654094965365324 -2.85223043843948
-0.9610306860616018 56.30207785510194 -2.8443598527469427
-1.9670140399682015 55.97318460169222 -2.8440414091554596
-2.972677932679535 55.62274118912209 -2.823536882173522
-3.928443599500374 55.31515442583193 -2.8117141440370945
-4.94401636848407 55.071729823002435 -2.7430177213075
-5.939272764337207 54.65329380566329 -2.781375895952078
-6.913399398387902 54.258672995002044 -2.8102581951600585
-7.880901873381207 53.86790645245789 -2.8174159803247205
-8.88401017881059 53.49145161971729 -2.7915297266989003
-9.855651197351182 53.12617387664358 -2.784464988353057
-10.86798567225215 52.72088311386927 -2.790121732386827
-11.815526347328582 52.36214079601026 -2.784234478318731
-12.779719521084097 51.96838643652531 -2.771007825104506
-13.723810125080831 51.590634169151244 -2.764291447943653
-14.68237062376385 51.24329067920143 -2.7699996257077464
-15.60669524160082 50.86250108998495 -2.7683947723687576
-16.563394037823244 50.45747991107381 -2.772570822646733
-17.53276636349589 50.082284512086424 -2.7572925198714477
-18.519226105607185 49.646883349490516 -2.748869825570308
-19.49167599275472 49.24688415910275 -2.7445405213907543
-20.408337590294 48.85507883839018 -2.7453213386889312
-21.354818630835258 48.451433351665294 -2.7508428060521757
-22.294956672288215 48.03892986926705 -2.7324616977530303
-23.23936285083986 47.633644731156146 -2.7378646176472303
-24.213838209372916 47.19497583621957 -2.7218071234297856
-25.160968557769287 46.772983916274015 -2.7208597506029446
-26.120270292564783 46.315325306117856 -2.7133808468976506
-27.096175358253884 45.90191309412266 -2.7183788219285097
-28.024753128806896 45.46887668357712 -2.7299249822272804
-28.955146168739343 45.03266611683328 -2.739139526144786
-29.881513973722484 44.63699963085731 -2.7304003297245765
-30.796059396764207 44.23903449292029 -2.7265692707263254
-31.711045693043502 43.79306944388489 -2.723736967261492
-32.656802134935226 43.38986413495413 -2.7248927298860806
-33.561009143791225 42.993180104030905 -2.7144616999232634
-34.475899192047095 42.554120440940174 -2.7181716475058244
-35.43376877739276 42.082930942848506 -2.712024685789545
-36.36964229070524 41.67411875155053 -2.710835990857019
-37.273076039387504 41.22752051623441 -2.723335252661291
-38.204226897482265 40.80109737412952 -2.7135822772827343
-39.16018180538112 40.316662646618695 -2.7287353354327024
-40.10305794137661 39.84400690610132 -2.74687476547512
-39.72530219937375 38.921619792277454 -1.1772240532240923
-39.2990679278268 38.0665578967296 -1.1588860765788032
-38.91545471686558 37.13395098864584 -1.1627412549253362
-38.53254180236256 36.1771385700911 -1.1520551496798976
-38.145121504287644 35.30483547081301 -1.1439679669498217
-37.23670879214796 35.73699266137926 0.41965375661308796
-36.326060243326566 36.20306172672851 0.4166234750471803
-35.409568065714176 36.623740143870435 0.40181047970464745
-34.503811555633334 37.013012792076225 0.41845658335330654
-33.576188567768185 37.44375078223596 0.4142401289732115
-32.66822779912551 37.83715721934509 0.41803995628539486
-31.76632856194702 38.25590396775057 0.4183980270224735
-30.84535235368163 38.68844568983032 0.3994679437348236
-29.905924227199073 39.0851483667098 0.40648231559114856
-28.9890842838764 39.481360707924914 0.40964005981036666
-28.606259911863987 38.55460533874617 -1.1660073558179391
-28.213574940320875 37.62692745734309 -1.1667332414458402
-27.814352837232217 36.699880980918195 -1.1741908714360034
-27.460843162366785 35.745178522450765 -1.1762414664061136
-27.08438641017103 34.815550348081665 -1.1771691519219911
-26.709882665319217 33.88284465068182 -1.1776205365995611
-26.37018367610169 32.94408667944986 -1.1745143564511475
-26.018002676474126 32.01964610431954 -1.1742710414893274
-25.636484756237785 31.081041563145845 -1.17479868311659
-25.24673287477566 30.127120011255517 -1.1569047040199751
-24.857403528047225 29.161383700247672 -1.1583352779710339
-24.48544862991814 28.23634022152998 -1.179135868419526
-24.126733539146397 27.293894656621877 -1.1682889314391034
-23.779068120417826 26.353177511394975 -1.1709927637016482
-23.430635945062523 25.430370626802706 -1.1654619259116
-23.08167824861885 24.512653518217753 -1.159746569573333
-22.700004321998684 23.58696163138621 -1.156117788184373
-22.26410847367548 22.66428674042328 -1.1592225897420463
-21.911502779513924 21.716263554225954 -1.1562852022882297
-21.505979977592844 20.789165255744134 -1.1460919054272163
-22.451622418455464 20.385516274607937 -2.727817677365617
-23.387132931824517 19.945315469347236 -2.7149671973425256
-24.274785512431624 19.53295564181874 -2.7193363630401177
-25.20152017748942 19.105833230241892 -2.7162769915643272
-26.14305826276986 18.669384953398676 -2.7224752431328
-25.72329374795747 17.69385109544707 -1.1544837094004592
-25.306388011645712 16.764355553647587 -1.154406935921215
-24.905753588294687 15.813893706316215 -1.1435312214557265
-24.49063249687294 14.91577405607995 -1.1415794031718303
-24.047393640522674 13.98357166817908 -1.1492366541381855
-23.619776649054288 13.062836379555685 -1.157356516855883
-23.24280842991158 12.111173908624172 -1.1280590830707173
-22.818985217157472 11.236647078617416 -1.1226389659681926
-22.416664048239067 10.344138677865544 -1.1274540975455396
-21.98424307360576 9.438269599465267 -1.1345800174926817
-21.10101213985108 9.841435764376468 0.43261899182141605
-20.194288032387437 10.281597126560436 0.4374828099454416
-19.328958576784277 10.6765498845316 0.4367521322720543
-18.457806004415367 11.084678709185308 0.4418361218727734
-17.5582228888465 11.5272914155983 0.44472743829377437
-16.67887518343728 11.95394849791951 0.44081640182425696
-15.83035000144664 12.375157868071204 0.44092181381641055
-14.95987738949596 12.754971957989937 0.4374897055958782
-14.085176061016657 13.167824602272397 0.43943124026522573
-13.198177589391742 13.569011311296746 0.44114978505581887
-12.350390786707298 13.967590954215863 0.4342798456331163
-11.503503064233206 14.322070126426828 0.43790490626865675
-10.657081017790883 14.691928556647925 0.43381778058715403
-9.791033340924233 15.09492289398952 0.43925250629984086
-8.910577412079189 15.539150165394595 0.43329111303768486
-9.299957446988353 16.479973169372272 2.0113918747803736
-9.74275573671986 17.35034601950226 2.005342950575034
-10.181422420299397 18.254903842414613 2.004682340075754
-10.637943358621042 19.140754555621502 2.0003726098971284
-11.072685127316243 20.065551099084875 1.9910887426823023
-10.201281254513761 20.491579233531436 0.42188573130653023
-9.34691679763534 20.860958305883855 0.41902612309823284
-8.467605704572737 21.259356115518386 0.4103103163923363
-7.577195374197643 21.62700676572644 0.4078362328621357
-6.659575186456213 22.00721423452678 0.4056397818143395
-5.737783876420057 22.403392320814508 0.4107844820725506
-4.883992792951659 22.81926368357014 0.41693031579812206
-4.087843896715352 23.229188047253064 0.40575644683420614
-3.230736838983928 23.602015286596412 0.405104175712361
-2.3424824309506795 23.999103012251155 0.3969198526741421
-1.5009952592133562 24.3759566897466 0.40183643974447825
-0.6571220608626758 24.78243933390124 0.40647970669741734
0.16769012757323276 25.1879520833657 0.4181397367917067
0.9876784481867229 25.622745053472027 0.4137937167483127
1.8621189402351712 26.071798082200377 0.4054754479344236
1.454481751898117 27.00293249454632 1.9869916069450484
1.0516289366317988 27.931478426373754 1.9749990131613955
0.6078177239792171 28.87874370068656 1.9841584530985605
0.15781162686524652 29.86207854685839 1.9701173126594045
-0.15907596671070046 30.812162531414668 1.972170502310402
-0.5710807262812003 31.73250425953237 1.9707124606460904
-0.9408879056233879 32.662651908116715 1.9479590096951735
-1.2214309082937143 33.607294848495165 1.918394954408992
-1.5067670525466155 34.58150530316139 1.9009746165912986
-1.732558309238375 35.56483195179321 1.8869562113746507
-2.039214381797614 36.53179777452629 1.8911569181326078
-2.3512029880093417 37.508814044588675 1.8608031291143652
-2.6219332247916936 38.47325454352677 1.846507064914313
-2.884899386788951 39.47186868966495 1.8424565866557394
-3.099632974570012 40.47331908883813 1.8228003051323092
-3.339993810593702 41.45724099436299 1.7891861971684304
-3.529721888707295 42.51693163803378 1.745832290091149
-3.688242587048987 43.52879679251948 1.7434202614117842
-3.8335864073611523 44.556483112372845 1.7300897081485462
-3.9706034866265396 45.59537379846172 1.7276105679986602
-4.003896584936729 46.63752941382684 1.7075328824852412
-3.9998671225106683 47.69962865585088 1.6898208177780165
-4.01667722109333 48.32638279902307 2.156411931302619
-4.374909902626562 49.27329680693632 2.170063157199366
-4.742339663262779 50.180873571817926 2.19941521503156
-5.126291995580141 51.072052174378086 2.2216612837096528
-5.522608924335058 51.97481122719664 2.249680343631178
-5.92703445929127 52.81527537039131 2.288251752984229
-6.734093706904182 52.905015039054625 1.5854362216201732
-6.829440257375862 54.19538702072766 1.7892984120467457
-5.873307727902805 54.586627388094236 0.27645892389993715
-4.8925654951205 54.962394663174344 0.3036486583939939
-3.9393928843327393 55.28749625148508 0.3005986711517435
-2.9473847184784203 55.65285191496069 0.2941956801451095
-1.9625624414640161 55.944969183841145 0.3054449376106841
-0.9174170696864845 56.303362941716586 0.3016820645382427
0.1487941899002081 56.712716989893764 0.2952880657495201
1.1850654100924323 57.03952675904864 0.2958275821900302
2.239155989408585 57.3648359780531 0.28410512429487533
3.237793025204609 57.672681961131985 0.2845258218240336
4.286075241685186 57.99194873493803 0.27734484581402724
5.343189681293612 58.318833150499295 0.2623856648378968
6.3796225702832565 58.58961779518343 0.25497119928009543
7.506668701229248 58.92192937813565 0.22885989552681016
8.628806410247158 59.189249042878714 0.20445812584369497
9.719797138487039 59.4274343137719 0.1646590812768183
10.84310586776319 59.64101791089159 0.14444607278885946
11.995255118976404 59.8267596048056 0.1239509717935732
13.056145745314346 59.98487796878171 0.09517931887308034
14.093043495967775 60.11170316137072 0.08384042236852478
14.213408926724085 59.13443202626854 -1.4912507643186232
14.292546271715247 58.14292881168573 -1.480517002483343
14.384949230501721 57.16802706962894 -1.4795378192841924
14.48934292888473 56.20442244057859 -1.4718280365697998
14.631212991681945 55.2675240792768 -1.4605762265123992
14.752944068872171 54.28843093445734 -1.4537176640555163
14.88465389442935 53.29923068143409 -1.453958477228503
15.01340169412069 52.32225470814473 -1.4655727684765973
15.158916815393257 51.34409202641358 -1.4619355372232283
15.28738222649194 50.36585734341795 -1.4409180482138984
15.436772119303242 49.37400151714786 -1.4207699018595812
15.592172242603823 48.42961521168444 -1.4105316645985129
15.748085332057585 47.47328273552278 -1.4013957576297054
15.906748454499454 46.46548531503457 -1.4045803862427704
16.060932104196574 45.481281845022785 -1.394112588435767
15.10106486973512 45.30059549540514 -2.9558092851405635
14.139905631408524 45.10754795518702 -2.949934019152746
13.163934739311898 44.895518883302024 -2.9503071715914038
12.188293664116298 44.7613119530439 -2.941652239079252
11.205506748515617 44.54453212970459 -2.9454479474416515
10.242771476174914 44.3458543577879 -2.940430385279727
9.262949797035526 44.14883432159768 -2.9528249242102604
8.289269487041624 43.99461269592816 -2.938852240456964
7.310396434914673 43.83152256759983 -2.932026370405422
6.365737039603806 43.63202738816119 -2.904469308779919
5.3721274798206675 43.37293229902359 -2.9063065789909603
4.3986167458549055 43.059766457998606 -2.882249029273035
3.415486032565322 42.75017950034733 -2.8782878444233058
2.4572135534366386 42.411402966962925 -2.880378916178664
1.4646320329519464 42.10233513323435 -2.872945892327366
0.46183842565713995 41.83294562019908 -2.862754082764356
-0.49888940667828807 41.52637437976829 -2.858909358673627
-1.3916418985451462 41.20121025667471 -2.850933496296046
-2.2784397248707755 40.841944971419984 -2.860858712806177
-3.1509896428362927 40.49821838069557 -2.868522928568339
-4.065228189685335 40.18092061011956 -2.8777400469389125
-4.945359803727962 39.75617217627481 -2.8547044504938395
-5.804857681190228 39.31816814498927 -2.8434236252261424
-6.660546153996151 38.87764570799821 -2.8291134927808446
-7.535081740713432 38.409420893837314 -2.8171286784083467
-8.396818487921674 37.9829077926788 -2.8159126194162876
-9.258439635012401 37.56177934825291 -2.812707566023299
-10.155354344109877 37.06924390594659 -2.8118620355004658
-11.057889813753626 36.64364938767939 -2.805998565584184
-12.020319851699679 36.27067755702522 -2.806505143282664
-12.93887104263308 35.91006416807191 -2.802935123139594
-13.901908770141842 35.548960634449514 -2.7964798809384517
-14.834536960802122 35.160020137189 -2.777094823608365
-15.760295764267902 34.77057885016311 -2.7795574191380656
-16.6740513799855 34.41114232615033 -2.7731993792993346
-16.263107206230792 33.43807941349016 -1.194430604097315
-15.831852250525962 32.45003148934552 -1.1989326631070396
-15.411781335247957 31.491897654231554 -1.1801740495495043
-15.032134219210702 30.534557548757526 -1.187236863905355
-14.622444220807587 29.57337918072191 -1.1759307757436774
-15.511304928572427 29.184638003241982 -2.7501528964595168
-16.41044586517039 28.778837626731722 -2.743427219996389
-17.31879278215223 28.333509695868976 -2.739639229897167
-18.24270224319537 27.92533969905628 -2.743527770925583
-19.139553085797793 27.530305094378953 -2.7485566663167664
-20.016290944430576 27.149476477215313 -2.7490141317831616
-20.895172693564312 26.69939122931945 -2.738226797297115
-21.743249458114057 26.293421918169955 -2.745665893901852
-22.614518577482887 25.89607334643522 -2.725699175644077
-23.483960322219854 25.434366221362797 -2.744384282812749
-24.40388182253773 25.03927693850531 -2.728782144248194
-25.242506080783723 24.66693359226907 -2.7250141862008315
-26.101084399299392 24.253995025215612 -2.7221850384499198
-26.998101616624414 23.829800257722436 -2.70746616651306
-27.88711801580833 23.42204909900282 -2.71092949049169
-28.780423759172663 22.97843688588679 -2.7204860047817503
-29.634661410551136 22.54435670589646 -2.701139917194022
-30.52450548898807 22.088643805558966 -2.707667896552554
-31.427157739849623 21.640975299888556 -2.708373593116187
-32.298780057568926 21.210766704625794 -2.71591188771332
-33.16754909481448 20.782882933927503 -2.722593515820106
-34.036183447394066 20.350395318016893 -2.7296823139690125
-34.944313867668356 19.95659319664346 -2.728945302684782
-35.82461773990038 19.53173406885832 -2.7308224886131187
-36.737256015722274 19.156342988891033 -2.7253564605556266
-37.64543963339827 18.765744864297332 -2.720200774765531
-38.55128464965435 18.273295258831713 -2.7108716720997097
-39.438640273737235 17.83393275404575 -2.6938219294632235
-40.35625288633357 17.403203905910257 -2.7004003710788655
-41.225617046359005 16.97336464590181 -2.691228702734268
-42.12808094726557 16.522149942317217 -2.7072641420468186
-43.02507705037024 16.07593356390984 -2.7015952506643086
-43.91027190127138 15.63200198211051 -2.7155393478885457
-44.794448662998896 15.176514872637473 -2.701488430568667
-45.69942874389593 14.744338303016303 -2.710671675349486
-46.60340242151176 14.294953115462214 -2.7021569739245357
-47.50336717187996 13.878397808133444 -2.699079299598687
-48.391640090778154 13.429707055432749 -2.722342931748563
-49.32347477699748 12.986895558986259 -2.7084812524109245
-50.243756555298326 12.560179587311431 -2.7114089740701326
-51.13518791651883 12.156143175732607 -2.693947234339592
-51.995655385527044 11.67614395082651 -2.6990217100747915
-52.866220941702295 11.238767846666862 -2.6913986682691258
-53.78972068584799 10.771478377146671 -2.690474178280559
-54.670111044274876 10.2991837146191 -2.6983866021659813
-55.55905629902064 9.859415731985672 -2.6936737512746376
-56.44008207980272 9.409487220807094 -2.709844351512554
-57.35624089547801 8.998918358505891 -2.7142272010942388
-58.242217138896024 8.559311483461162 -2.7210062859670576
-59.138949674767154 8.161543186871912 -2.7222702110679124
-59.54815420728976 9.06962186649946 1.995323809530819
-59.947651126509435 9.963237063093912 1.9981351419357776
-60.347816270150055 10.855543748364605 1.9977741960206967
-60.76496212912037 11.78486056668809 1.9877577903477472
-61.181950632771006 12.706024696896096 1.9895232895826034
-61.56488945463656 13.6375372449004 1.9949286061976252
-62.00021663441464 14.550058845680626 1.9908113525839624
-62.40155293584203 15.466974268024828 1.9889516068653668
-62.82611914789071 16.403489076513495 1.9887092075023802
-63.204592991954385 17.303956596442834 2.0005032276931454
-63.6438744390285 18.23572946460469 1.9862781836912293
-64.0582337894029 19.144601206337093 1.9800562714548078
-64.45072447107037 20.07673798034714 1.9872920955197413
-64.8851782605835 20.978520716185585 1.9800990767958382
-65.28005027281651 21.894471412936806 1.9863686636403748
-64.39041212956579 22.309476029489947 0.41965698619592184
-63.50328722091154 22.7436130844545 0.4292756625054337
-62.61357118738525 23.174111240794936 0.42865069275367856
-61.71032903653774 23.608332865913056 0.4302945672980415
-60.806622221471855 24.034641933188407 0.43045956562192755
-59.92693273454099 24.475233334726475 0.4344452288355844
-59.00955566345079 24.897164285967893 0.44134865629762865
-58.09084174517364 25.32785689337717 0.43836639467991506
-57.21416748645937 25.779386319670678 0.4480920326985095
-56.31831972484713 26.22138163518072 0.4621020605664331
-55.402321248026865 26.682856583235463 0.45278286265390577
-54.51140339460726 27.141145247836064 0.45633713514736113
-53.59729851859848 27.569482035060773 0.4489851173287216
-52.7134862636124 27.99572720051035 0.43399581686005545
-51.80485511127954 28.44377665760584 0.4282578711787123
-50.876485690756105 28.887805072953743 0.44293204819978393
-49.954585606848234 29.36911433909164 0.4465542006338571
-49.05878240358431 29.82929050264995 0.42767985928758123
-48.13863095516231 30.31621069484674 0.43265293294439794
-47.2094775147768 30.803513464360666 0.4426502704667347
-46.3029562244872 31.27979575787841 0.4423376444549294
-45.434229537458464 31.747216249714363 0.44283752084198064
-44.531556292987744 32.223245839548035 0.4356301666679113
-43.61967938266355 32.61135431896963 0.4198822742303496
-42.719609675303495 33.06208426273589 0.4152856364337012
-41.82397596336793 33.49857057849885 0.4256697723268642
-40.9048095783081 33.953942797807606 0.42938551885362825
-39.96643951153077 34.45536514553986 0.4293738620602172
-39.04359633855034 34.89072414034351 0.43392899144873287
-38.129818461127556 35.31620581658625 0.4254087024630451
-37.207777291718564 35.70796580837801 0.41738292243482183
-36.301444291650384 36.14170920225048 0.4201355239964399
-35.39718966856432 36.57266620716739 0.42144136617554956
-34.468070089299744 37.021363979896584 0.4184652619421513
-33.58153016921059 37.447008962175026 0.41610650350244366
-32.65989471323391 37.827685589928144 0.4183757129731704
-31.756246792694903 38.225648279441145 0.41427955159444946
-30.82853650569802 38.66711703357439 0.41066458579936144
-29.911312156497186 39.08194507767117 0.4118548578684827
-28.985731138516677 39.493441311064416 0.4017437117550359
-28.092639907778295 39.87670689190712 0.3891205696622637
-27.19865409091011 40.31081255177878 0.3904720307453366
-26.256607138632603 40.75159176419759 0.38584742354913787
-25.320047235722193 41.18269590783387 0.3968527063525123
-24.394778270590802 41.62923252477685 0.40041800280103784
-23.413825876310217 42.090173415052234 0.3962710325851463
-22.497434296196023 42.52852077330388 0.3649751360124794
-21.519752574168812 42.95857973316833 0.3683517295728998
-20.598215181295153 43.38277446076575 0.3553885071959032
-19.62907608786087 43.817068457053104 0.34705420434997747
-18.684410377218345 44.24179782394679 0.34505123128903387
-17.734870229654504 44.631821310350354 0.3381631112253913
-16.78919556236553 44.971232756852515 0.34678230153237655
-15.848697192374232 45.33558199870097 0.3491243351634664
-14.91683323611518 45.6772705828922 0.34744327535796915
-13.922896037019006 46.04641842225401 0.35330782277208816
-12.946342993702473 46.44024344124419 0.3624476060047357
-11.939697801725737 46.80769421673476 0.38453562259262236
-10.937016775746693 47.18517878302285 0.40775087030718515
-9.981094627611427 47.566215136233254 0.42073503051623795
-9.028685048189647 47.94519535851782 0.45128211247407407
-7.92777952865006 48.30912006950602 0.5294147129008973
-6.845580295027875 48.75119671778055 0.6373537991832576
-5.939392811569753 49.16978252684712 0.8199733279576406
-5.147826556358414 49.732229303262635 0.995324694785935
-2.255104953705281 49.69167475010829 -2.9887265402823826
-3.269985423442943 49.096459595308524 -2.3731631187218403
-4.044804069568203 47.95982507013197 -1.8050627886341377
-4.048206987190113 46.77977390726872 -1.593276988440425
-4.025057749472568 45.684524871140596 -1.5103203161754264
-3.9084441338116376 44.58917791113006 -1.4492547959690536
-3.723237973725797 43.560218233335895 -1.4117625924063912
-3.5299861106308486 42.50761191763156 -1.380678329391328
-3.3802309725267263 41.44929599590728 -1.336236749443517
-3.1482189587943785 40.43163107468952 -1.306701222893891
-2.9126084155307477 39.45443146096103 -1.2843976114871292
-2.6424833263249594 38.442245716223745 -1.2698223426728394
-2.373543763944233 37.4628757267248 -1.244111631620384
-2.0725577611707897 36.51526692559136 -1.2452365536153993
-1.706024422895505 35.53842822745109 -1.2371776352912864
-1.4357310866041417 34.594966595002255 -1.2414491784372519
-1.1880095670791673 33.627638347198655 -1.2296558124851427
-0.9215242413645344 32.66335563586037 -1.1977901450166601
-0.59640893171207 31.73361383015878 -1.1779154636309739
-0.17593885756120908 30.81704721734296 -1.186857995965214
0.22734462472171435 29.85485332304159 -1.179261625043917
0.6290036066603388 28.892776558558964 -1.1685210364734264
1.032467412412996 27.92497124913849 -1.1602051517109946
1.4708451395830497 26.968339705559693 -1.167927322699541
1.8831254291389954 26.018778390545275 -1.151636262041197
2.337618856009838 25.067863776748826 -1.1612961983693806
2.806159862347161 24.07264250882723 -1.1624319115541886
3.2097052324116353 23.109230820508362 -1.1512345488513882
3.627880091925639 22.214047699085363 -1.146273309417828
4.05384328194092 21.249917766678465 -1.1520426036528912
3.134681053090617 20.79734161575558 -2.7116241910509173
2.245841727786237 20.422083584010924 -2.7245093543910115
1.395947271454228 20.06228824602755 -2.7177180246860697
0.5457470872336446 19.65455556130364 -2.7155783706179037
-0.3304349717034538 19.242728014509947 -2.7171622024112576
-1.1776101849810128 18.856741665617385 -2.721414265303399
-2.012223101801547 18.49413550993914 -2.706320642180369
-2.836648251719868 18.098631204216694 -2.7020501171340294
-3.695291336588201 17.704177826163214 -2.717367190252368
-4.582046635138227 17.311552800956918 -2.725854929894837
-5.0363354162404566 18.230906249760462 1.9910846249080112
-5.460647233044487 19.175096954201816 1.9836263067239859
-5.839408210224897 20.13672971687914 1.982238385605691
-6.251718318693497 21.080116248304773 1.9882468251058392
-6.669585301956337 22.001106448287768 1.982301645419777
-7.074967690145049 22.93159129481478 1.9867570325440673
-7.444341691891566 23.87819611625134 1.979159367761944
-7.8730701510397285 24.82469011880084 1.9695061925691637
-8.249445722447076 25.779842831523837 1.972879236564292
-8.638025743512053 26.711423502565896 1.9647745628765736
-9.005497731463779 27.66558283639354 1.964890099071718
-9.364215140309165 28.60084279093016 1.95310141842116
-9.74063513075699 29.548078040638927 1.9438521686837857
-10.09456674495879 30.54199337350801 1.9427897591217977
-10.44002078056225 31.460679503159188 1.9470425385922994
-10.769649939642662 32.39788805904996 1.9381030693139791
-11.063390121981483 33.354545742536565 1.9341738155230912
-11.372722122446831 34.34365825461993 1.9119501697942565
-11.693332844523567 35.301167304161154 1.8978153103521063
-12.023467379607071 36.26840166119921 1.8982216572004615
-12.319983432771567 37.247074821832456 1.902953127476254
-12.621830022700893 38.18289106854485 1.8909011909210354
-12.913584544454544 39.11737088134377 1.8872648839098292
-13.150259189031948 40.02142519508605 1.8970533074581968
-13.403436126270845 40.96020986991623 1.8840167501715746
-13.69017482974198 41.910583677985535 1.8796031223960845
-13.97181846031561 42.843942060311285 1.8893998686036144
-14.291115828264351 43.78816493201098 1.8947501594017058
-14.604480056830182 44.73007804900113 1.907091675339595
-14.922256493902934 45.67755036463683 1.9141551216150334
-15.215119016003335 46.65189209241951 1.9218551258502212
-15.48468497645685 47.595566049331836 1.9285948400669441
-15.842541633894786 48.56685518157778 1.9361424180695892
-16.224190807233594 49.5046708539171 1.944992968027765
-16.56070489531652 50.45815298221593 1.9459065322442215
-15.594179436541532 50.82711743928973 0.3672043498051408
-14.679459825589259 51.22091697691813 0.37639172936447834
-13.726249246819629 51.59183848306609 0.3643910573212395
-12.764411782691202 51.958446401030756 0.3677889677646575
-11.816072552652976 52.35322580147623 0.36246261322068746
-11.455935810051416 51.39179651178085 -1.2082392663941706
-11.10087696119368 50.44344248325278 -1.2003693037082077
-10.732986218538736 49.444929716837535 -1.193932251360741
-10.382083615515025 48.50120385111669 -1.1634263970647434
-9.997779535852452 47.56676229775112 -1.1450840358307413
-9.611616045629964 46.63221656032967 -1.1384960447928258
-9.177899186449453 45.72575420500791 -1.1487711209486373
-8.886464975949016 44.83623329067437 -1.1836349110015132
-8.596225289306535 43.92977787737573 -1.1974367585990475
-8.381873627233219 43.0074910890388 -1.2108683953004562
-8.15178362487625 42.07329148021909 -1.2274852452128997
-7.973675069080062 41.15515008272376 -1.2427043862053848
-7.766147770024832 40.18957179188717 -1.2512884563177358
-7.6042616614704075 39.2738184903031 -1.273066494565915
-7.417305348394687 38.33453749420639 -1.259231865134707
-7.193930598350602 37.437753993952995 -1.2527319777355266
-6.916433285911404 36.48053851888099 -1.2437087398950957
-6.660058912049964 35.50300442576234 -1.2395877112753304
-6.388177001448054 34.497362081871884 -1.22210447806034
-6.079068760423509 33.57154102031938 -1.2098455123455303
-5.7419598755227055 32.58220387582398 -1.2054621057516577
-5.406411145136767 31.575446468473853 -1.20614788912399
-5.097726517039526 30.56792119301058 -1.1772623549202836
-4.67052133829831 29.625608740401315 -1.1751118029263496
-4.2853618860423826 28.69946258464346 -1.169906291302383
-3.945377878814586 27.768804397149072 -1.1755101971293418
-3.497740307377044 26.82486074474219 -1.1866739241763091
-3.1144111696462136 25.856943172607135 -1.1778769671473541
-2.723732944346282 24.916321060973782 -1.1814090541548388
-2.35258679203132 23.949417247315335 -1.1576307190962385
-1.9319562205808967 23.015817099090704 -1.1500194772628345
-1.5541598120778244 22.042835437547748 -1.1411548693893483
-1.160048505402996 21.10078678841204 -1.1496010756237482
-0.7651231458145751 20.197328646362017 -1.1432276700999158
-0.3387782891116389 19.24855208116517 -1.1446652439663871
0.07460069054200746 18.300827684822934 -1.1518282743448283
0.503020426094268 17.38593341077196 -1.141907978445309
1.0128208102304688 16.396371599947166 -1.1279071816997246
1.4658589874394214 15.44133005655115 -1.1213779516305578
1.941827590669891 14.463381602478675 -1.1214421614562795
2.415656836462819 13.490515172688019 -1.1191973691965298
2.9012621839678947 12.49161005840148 -1.1035931925037366
3.4255996761715903 11.542370237435406 -1.0775072036411941
3.943880665016918 10.63036805815677 -1.0632134852471133
4.452211914530015 9.74238146996372 -1.0474610174183518
4.973630743976271 8.86034359120175 -1.0405157362232036
5.527942339821496 7.936304524881055 -1.0172162833945544
6.111692036989416 7.044942368363977 -1.0007961222798352
6.701137600265901 6.153124142838582 -0.9781474387602568
7.253198661750874 5.340262495826369 -0.9964579316740954
7.824066899831078 4.416543705153951 -0.9777262923116868
8.374663404050773 3.482308343810122 -0.9922307877928157
8.939962581586357 2.592979594589883 -0.996147204940375
9.492288532068345 1.7420431327694788 -0.9968364298415756
10.054144867779605 0.9033283772577347 -0.9975131224388428
10.613662591309819 0.03816829208357525 -1.0057928325733028
11.163186354606685 -0.8052056748266332 -1.002392046297144
11.706692270451569 -1.6086123545561242 -0.9972673667746681
12.278593578974581 -2.3963167801897707 -0.9774691055193707
12.840127343134435 -3.1634567541185525 -0.9747280053505187
13.709131896015098 -2.564178809937455 0.5917066683398995
14.618832224022123 -2.017216390692641 0.593398469975262
15.485800800309706 -1.4935540559465745 0.6020319003599878
16.346338135482032 -0.9833235150245924 0.6025828144419054
17.17707974236663 -0.45872872701887857 0.6078930904061054
18.07278321444708 0.09215015805048621 0.606481428061851
18.979032350710078 0.675995764391706 0.6041956329361585
19.894076002054447 1.2733678871520424 0.6084870229997381
20.76944605291597 1.859919587582214 0.6173450854311272
21.58819680598151 2.3787300478283404 0.6097637147994197
22.43664144255015 3.056167774862848 0.6144980115675566
23.306101273129222 3.69933806205035 0.6251889100942868
24.13727730099928 4.315981991660881 0.6263472920743397
25.031531759488086 4.9513184390624065 0.6384919641321618
25.89901697907055 5.617301801432995 0.6496887386373412
26.743411926452037 6.2767484396766795 0.6493667849374828
27.595962087536137 6.963189793051517 0.6452926852117563
28.45413889503888 7.589557028529262 0.6481184442550589
29.31552370702159 8.220530476955357 0.6392598541051749
30.17853792497948 8.885744680062407 0.660061006845692
31.03330602951896 9.531172606411635 0.6477669488915447
31.89044898243918 10.198948157271166 0.6538991740676358
32.706607315593246 10.846355014320126 0.658061987989257
33.53968066099273 11.484443663175659 0.6591426694919125
34.38313304342834 12.1499377142058 0.6809363423213535
35.13798373141155 12.797488284222998 0.6718163873233012
35.9235304722356 13.409697317000736 0.6866418587463622
36.64429099726835 14.045342178886788 0.6853900835756714
37.4019790520697 14.679926440210675 0.6859104498496086
38.1249275961218 15.329061610360055 0.6919703396202447
38.84599506842632 15.97578632699918 0.7090553483823474
39.557987608620394 16.625362961158046 0.720029380137511
40.27020043176225 17.288829889592087 0.730510631915338
41.00130045177394 17.958729752759446 0.7256814137619898
41.70873819149531 18.622810821503034 0.7316445694976381
42.44105919185312 19.32161345782986 0.7416263818319918
43.12358800449054 20.03376519256986 0.7264189557196566
43.86437931994823 20.68224399821225 0.7111237680415379
44.621561106102874 21.365566701996283 0.7185193566495497
45.3666676191131 22.044159115529133 0.7146634564035187
46.02511449678965 21.269892099723478 -0.8684286236914559
46.65788478444874 20.47841937311398 -0.8762300421290193
47.28991340497805 19.702739121194345 -0.8939092665438957
47.92119678492094 18.904857402716292 -0.8890521772929919
48.53896856555387 18.12003310104841 -0.8920328177153856
49.183369336611946 17.339979508747177 -0.9017156747143553
49.81693029924206 16.549013517745216 -0.8998028692503675
50.42936883713647 15.737630318081195 -0.9056197508648353
51.021243825957995 14.920915154473224 -0.9178226251526916
51.65037761354371 14.108725414288125 -0.9378193280225484
52.26022727566759 13.28321174695842 -0.9342474669030584
52.860972465559605 12.466052528139022 -0.9407882072599935
53.440296311506664 11.669971873253914 -0.9332881230838311
54.00816411550135 10.836716863659754 -0.9479721178820598
54.571346264639786 10.004665317968586 -0.9574359887204049
55.18140225890684 9.184418228342604 -0.9766698111284592
55.74533381215551 8.345788029281367 -0.9674153512375746
56.33816097249106 7.5091995703692564 -0.9676456231325522
56.9026584658219 6.6792833840420025 -0.9699177987048556
57.47628425180339 5.871710173449963 -0.9702004449868089
58.03428196381292 5.025822904998173 -0.9642049984099891
58.61030573305803 4.188099299595622 -0.9735999042642889
59.141515596671134 3.3353639310817207 -0.9777959946196373
59.70778532704053 2.489696215639622 -0.9819248783802157
60.23312576836155 1.6395377681512184 -0.994171224122409
60.786443783515594 0.8056690748260924 -0.9934430445124625
61.36504752137738 -0.03906699030976224 -0.9969680033639341
61.891290571334984 -0.8969738175865221 -0.9900476258721612
62.42826353885373 -1.7438399032729888 -0.9883225159683525
62.99630507848814 -2.6043901348338796 -0.9940926924416033
63.530863884671135 -3.454535358098246 -0.9910211715499176
64.05030079043522 -4.336337650125789 -0.9816343676698509
64.60474590222059 -5.156542804066132 -0.9819901337971241
65.1613299375317 -5.99083519353278 -0.9850446962473096
65.69741996640964 -6.858838710284042 -0.9851481523661045
66.2403626694127 -7.709200439439851 -0.985764643630814
66.79439006754497 -8.536578743429486 -0.9911991823840953
67.34452456396745 -9.414765906032628 -0.9945033282722481
67.89649282102357 -10.238325646673957 -0.9803520907701391
68.42890870347478 -11.088150750415767 -0.9761607494280197
67.60067393698428 -11.653407626083766 -2.5569341819120024
66.76643849306723 -12.19715778877013 -2.5496640683261727
65.94712993212032 -12.75560503109591 -2.5480329252398115
65.1149651215397 -13.321042816302505 -2.5564504626213815
64.27344170148527 -13.914042449158815 -2.5502159464910625
64.83827686356682 -14.761959267502732 -0.9717743694506904
65.40352338001001 -15.631586573440295 -0.9747586646183697
65.96581898363424 -16.50816934439663 -0.9798991361939305
66.50391086961952 -17.34916418642601 -0.9671235772320579
67.08355489823508 -18.18363882578277 -0.9698859710520445
67.93590840809945 -17.609799653763062 0.6124456969875122
68.74186709930561 -17.02006897534544 0.6057264716659785
69.56210721629236 -16.419798421990905 0.5908980735025271
70.36891187256629 -15.864443163384074 0.5903517396282513
71.22244337148328 -15.331818598661268 0.60049533646729
70.66738482079889 -14.458758563699378 2.1748224405541317
70.0961073411685 -13.614849465011172 2.17278120780482
69.52476996217749 -12.802175988529283 2.164645046813237
68.98139136260589 -11.945486895914566 2.164038948567141
68.43395015054452 -11.091668257421123 2.168473962585294
67.90001929906218 -10.254748620853494 2.1591480824484917
67.31673820627466 -9.415842964428158 2.1560866827006926
66.77857323689399 -8.57163432000587 2.150387532782216
66.24263341312164 -7.714598878962607 2.1492477560766847
65.69552588678843 -6.8602683047229505 2.1482928468464118
65.14885080733363 -6.051622885487206 2.1438931813540476
64.60884474077177 -5.165208379959967 2.1463405379022595
64.05545157997388 -4.289592146129571 2.150410038678912
63.51988787226497 -3.454802734626657 2.159538299797509
62.97301250164598 -2.610532385130801 2.1522902019969763
62.42123354717326 -1.7880716974466853 2.141484684150844
61.89041521006295 -0.8945304304487309 2.1459846298052905
61.35433336521224 -0.05564945250371611 2.1514223481195005
60.79430146729728 0.8002216069824524 2.1564449641373384
60.26048593069658 1.641709175119852 2.162945525037065
59.68934453231589 2.475833074953205 2.1544010585730953
59.12521713595134 3.3373849111596736 2.1650349128711004
58.54302524401408 4.164618641857432 2.1673967414188398
58.03001340826079 5.005604010551496 2.1615521195389076
57.47854946425706 5.844858084908434 2.1746652054920337
56.91983045120313 6.6789087282128525 2.1831406155436746
56.32981390500241 7.520638249746887 2.1761186753554194
55.750631980084755 8.356555231477126 2.1809469610214127
55.177859182195796 9.16053661865031 2.183210159322266
54.60948088009419 10.018793485442629 2.179457087081242
54.00291480683291 10.839594236562728 2.187473559201681
53.41374055259553 11.64370227923677 2.1864432893225096
52.83814536520542 12.476086052807768 2.1971416620338156
52.23313781827312 13.29291418740465 2.197935354843928
51.65301000790301 14.115125493219164 2.2129314554047674
51.025333593289886 14.905486147552814 2.2223450884814007
50.42773318394178 15.72359224411817 2.2349704038990956
49.82092298217577 16.534624675902183 2.244514266300872
49.183038563965006 17.30980974675716 2.2459792565221965
48.55682592933173 18.112169320578197 2.244911167919291
47.92079161078291 18.888669912055946 2.2512033286531543
47.29699106502127 19.689274078871268 2.2623581125966967
46.67083343007441 20.481181948449215 2.2622589105245337
46.02860409758189 21.243006471222508 2.2737183201188005
45.36757095646405 22.014674183341207 2.285674267390344
44.72032573771261 22.778298356013902 2.2804979159955496
44.040227974592725 23.53877889413453 2.291530888131955
43.38044332586017 24.314229916296576 2.3027834282702755
42.72344268202993 25.0443213152908 2.3111402296880597
41.99523214429813 25.798878816779016 2.3230278885654148
41.30963443119342 26.560891218453456 2.344377125329014
40.58256989758609 27.271277065988663 2.3439362507630572
39.843328862379664 28.00103101617216 2.3689108744686753
39.11233924653452 28.69047666148087 2.373026330526553
38.36964045545723 29.392995486082285 2.380101251391433
37.67383373004708 28.675065710584292 -2.3323703079643354
36.97408927147938 27.963958914465678 -2.326513556789553
36.30084224360292 27.227209591190125 -2.3185360690916013
35.63411859163823 26.543569538493347 -2.3188562307989864
34.96772064896345 25.8840869561645 -2.3205287535055343
34.284364441679365 25.18910690924225 -2.331677132359083
33.609748512376555 24.546513987577782 -2.3310652844872886
33.02398658370622 24.041380583515682 -2.3141673551990793
32.4010919271835 23.524164515876762 -2.3061084741974778
31.79994330602908 22.999790963203665 -2.2719851713401713
31.23638540775357 22.405032714822852 -2.253968334758796
30.634664527984263 21.695493578498592 -2.2413259146496536
29.924923457648706 20.882595878115676 -2.2671592010368333
29.241416238771855 20.115751381986637 -2.295603577919284
28.49272037981868 19.352812126262343 -2.3285088785171304
27.758295163091905 18.60623517000204 -2.3419769712232528
27.02844691622763 17.90373234712113 -2.357205639789085
26.288494942036312 17.214240091408282 -2.3620757240667296
25.473122803104463 16.493111245550875 -2.3979169682030776
24.652649628819347 15.80143827570872 -2.4416256005834263
23.804620735471325 15.154901358227514 -2.4886856720463886
23.014429425169553 14.544498649731992 -2.502371172510174
22.147290077364225 13.948424847037286 -2.508810359685169
21.27306933145921 13.359463035451897 -2.5307277081705237
20.378081389737865 12.796752293134169 -2.5621453713214537
19.528273946474485 12.246384250543102 -2.5586372068320666
18.665054725355315 11.66984900293215 -2.54390548337156
17.82489301797147 11.131997121198193 -2.5535599136988263
16.972587302735743 10.566551607563213 -2.5480259929731837
16.13681841263617 10.006169059315914 -2.5534241088351095
15.288673245815014 9.491916854796607 -2.5594520175988027
14.443444906190736 8.975836773018047 -2.564875114133357
13.521890597876364 8.485895527785472 -2.5855654840400026
12.628466495727508 8.043510866162679 -2.5871656910188148
11.747256104816817 7.529778171620903 -2.5980049497644178
10.875916080040172 7.014106001599683 -2.598855466023214
9.989770196755764 6.544859592651161 -2.593571788940157
9.095298651008191 6.145796036438811 -2.586633358780063
8.164184591735058 5.739920426367911 -2.569574614450096
7.292722898536231 5.2302418319507415 -2.5687983002888917
6.445080863531467 4.715196214420514 -2.563750145168819
5.604055042707387 4.180360532910958 -2.5452016381320943
4.779609383677452 3.650180073820082 -2.513151490943432
4.024367013095625 3.169201926046717 -2.4207754657861744
3.324191847371261 2.576312319728843 -2.3522251466034003
2.506167825376073 2.033720084467133 -2.1653672335799667
1.7646203779267453 1.9665013581813604 -1.6904902337571486
3.003372374729966 -0.7589393325199407 2.400999955842761
1.175477059908466 0.24999039097599615 3.0637666973269226
0.03975880013403344 0.08194357678727121 3.1337188024967997
-1.0163444796107393 -0.009796774535497356 -3.118650889347425
-2.0899518788716125 -0.03352341623887027 -3.035827176662038
-3.1443716954483953 -0.18706642574663063 -3.003654100643045
-4.185679898113855 -0.3550113438031866 -2.973151340951117
-5.259127096900916 -0.5481160204777807 -2.9325468855659587
-6.2713116105572215 -0.7743335642415747 -2.921454974583944
-7.29127852072505 -1.0159447683687224 -2.8859352376559926
-8.351106499997286 -1.3155676525435138 -2.8483206977632207
-9.392922525079396 -1.6513277029117497 -2.7973013911278573
-10.370265279429896 -2.019919518427661 -2.803938386549483
-11.3011296505811 -2.3767270226134722 -2.7816588064403587
-12.299842136631437 -2.7524578599287906 -2.7560642240843936
-13.250131806320454 -3.115967410437942 -2.738383323154543
-14.139037099376347 -3.518733713149402 -2.746427339441247
-15.057406343878487 -3.8974399238588573 -2.752227644997512
-15.966918357726945 -4.301573701165524 -2.748171000552106
-16.89811518966974 -4.690657396192897 -2.7498254595133207
-17.79178476084801 -5.081353284890733 -2.7509645934158065
-18.71572185688965 -5.453571453620255 -2.7354099794289155
-19.619323298395752 -5.836675882334814 -2.72351004600332
-19.227479149808858 -6.7582558074972034 -1.159110569628691
-18.849856004699163 -7.672634506172585 -1.166563746004621
-18.437970020286393 -8.590574399472063 -1.1570989394419604
-18.055502108769524 -9.53484791885957 -1.1525333821214794
-17.637684848302975 -10.447420848274001 -1.135616433204361
-16.754176660296057 -10.044796522431236 0.42055746849588205
-15.845702327295177 -9.655576637117923 0.41673950001765314
-14.934200223436019 -9.271301928312834 0.40162325336248395
-14.015560630946503 -8.88547250312742 0.4086299330336762
-13.113187907854792 -8.474647088100733 0.40962406407822005
-13.523378412301406 -7.568237265613752 1.9783329051703291
-13.896209940249632 -6.650919571675949 1.9760706090515976
-14.297617274125463 -5.743608510923542 1.9737416387661475
-14.674177201616786 -4.818929650719777 1.9616865896217313
-15.063140324112057 -3.9057813064769107 1.9742829524735053
-15.429271418003987 -2.986381010135169 1.9869986784869473
-15.8384814547632 -2.06472629348957 1.9724981524760095
-16.277801485463918 -1.1438457680965954 1.9798976433912372
-16.75975495620516 -0.27889474508814005 1.9934852684216524
-17.231575168892473 0.6032910466738497 2.0193983030824394
-17.71369415025966 1.5105617896762542 2.01772043271428
-18.231075100957913 2.3497189877904123 2.0076154808425564
-18.688241139015197 3.233151928272956 2.007406647804682
-19.18213659517309 4.110032185213695 2.0090937624309424
-19.652957324875523 4.94806217700842 2.0198731475795224
-20.126931445410538 5.844958338215201 2.030719545755474
-20.60968862112193 6.760295963563122 2.024095076372758
-21.07060026026046 7.653711616124001 2.020254536089237
-21.534838212314327 8.531758891541235 2.0119029193069067
-21.96294198065913 9.427416990694642 2.0071431271717968
-21.0752270707537 9.843408703944023 0.4316000658666427
-20.205629134484127 10.262081123237634 0.43958695790052327
-19.348388751286237 10.669504477708818 0.44120858550006603
-18.464314761318104 11.11215023692784 0.42973022489790574
-17.55120072191064 11.519037779420213 0.44424216710613734
-16.65108451340516 11.940134188350926 0.43568465975067705
-15.75056282267685 12.351268003543717 0.42869967091772354
-14.906018870855808 12.778490437361736 0.43523686131858347
-14.059273313672309 13.158124269545283 0.4405283116521357
-13.207700963532655 13.536497972308556 0.43702116851071576
-12.307701780898793 13.973773384049176 0.4367311077896574
-11.48409382923855 14.354475141592573 0.4354016584923778
-10.653003402760591 14.719301029966719 0.4356864944822188
-9.78371027002442 15.107208718818594 0.4305292642342171
-8.930247115712207 15.50183549136298 0.4328612087702149
-8.136197789700466 15.857147437630532 0.4129384631016887
-7.27862833651105 16.164435456899433 0.41711274243998436
-6.383493946975584 16.523062441313662 0.4190375651400939
-5.49456500933785 16.936974726850835 0.4079260442189009
-4.627462322846231 17.356686020609448 0.40929026841034266
-3.7848181513377464 17.703662451353477 0.4154829738939798
-2.9839217541824907 18.08545862965758 0.4191263205656449
-2.1310095369907835 18.44110979225407 0.41922174126053496
-1.2545339194862133 18.84159272588316 0.4182221347106088
-0.3626899308354342 19.219038270140633 0.4260285188211369
0.52390854531883 19.641535892949673 0.42256602420200984
1.3787849122552345 20.049012948556484 0.42447041626404775
2.225917599047422 20.43339099191604 0.4238715155836511
3.1181650325911425 20.820804987572764 0.4301356529787341
4.026463912584128 21.195673310802196 0.42565939265965336
4.796845264748688 21.497955566070573 0.4176412038069743
5.524802011381445 21.771589582852606 0.40483228210729544
6.257069285790192 22.00630861568347 0.4019434586728228
6.981899376175792 22.25785271951659 0.40558501594217866
7.783800569635758 22.604477142886818 0.4066261005694401
8.653571548965395 22.92091186195906 0.4005855740070361
9.363473099044002 23.07533582304439 0.36627385790943273
10.040877900838707 23.200964469436666 0.34740239688044194
10.708743767203135 23.290010382251978 0.34664567230672366
11.374156501839987 23.422606437696285 0.3407221581663701
12.014978713114306 23.533632504926093 0.3326253664778374
12.660404011474391 23.650542506064802 0.34139381221766774
13.34719048825999 23.75202942101308 0.3431903758518887
14.010243731067058 23.90022264481553 0.35610949685935006
14.632846148317576 24.0811044049022 0.3729689061292012
15.275017123178987 24.249205114526173 0.3861037416496543
15.852775750021053 24.41228134594547 0.3846860439743871
16.412539146647052 24.640756210723566 0.39517890725645655
17.020734033609568 24.884612222887846 0.4223721539268682
17.60611941433905 25.188070076473846 0.44557847335613154
18.141048979288538 25.57653917766707 0.44812008368097855
18.69886435918245 25.94420182770944 0.47091662196877077
19.60111839012983 29.34085708086542 -0.1469593143701892
20.987691412774403 31.18821406287921 -0.4819168672687377
20.55365970348203 28.30981424513742 -0.8423521573477648
19.70818525601902 26.874471012372112 -1.5755319222377404
20.1657092399351 23.91684417849628 -0.8989285228949693
21.210204255543623 23.381853026669635 -0.27246591305161416
22.452171401934347 24.63441873869222 0.31988653781477644
23.338069955156353 26.023650123984687 0.6139628849822059
24.1435072512238 27.176984728318942 0.7089836760788777
24.945571114155875 28.283297923623532 0.7596833007941743
25.751875150150525 29.49992649101588 0.8215676248493744
26.558297223394177 30.834175201407813 0.8829871908167618
27.246552179385347 31.957900705159968 0.9152365403786995
27.840091812797127 31.893395973993556 -0.5803741052042758
28.47147496227504 31.858844184043672 -0.4912064220772397
29.00870274515352 31.897581491111367 -0.41653816257897824
29.534491596347458 31.900046667779634 -0.3631477790970039
30.22553336220802 31.795644421408078 -0.3533955909966878
29.537559749996937 31.144854225608842 -1.9577028197627515
28.795888943074928 30.6339292081799 -1.9575399309338637
28.122083890587213 30.18181591414225 -1.9463693598249059
27.442881741934073 29.72821963206608 -1.9249808350122366
26.910027949929646 29.443292836721156 -1.9001118137483701
26.443186024686817 29.24419494005297 -1.8584061794081776
25.966570824642968 28.994707297868317 -1.7781485862330253
24.918353299024208 28.59600104497794 -1.635625505603261
23.909280061142816 27.827458514462815 -1.5212617106866893
22.870982221566873 26.68976266219679 -1.4176003921497218
21.779346977424495 25.538576470474098 -1.4378472162856983
23.067972235720088 28.584595161956855 -2.400190781106103
20.176489653622724 27.77796934730442 3.061716155423986
19.55184489868008 27.83759163653897 -3.0285517288943784
18.875140770798858 27.719477933500322 -2.8449634263571224
18.24062105984705 27.383904983433187 -2.716300128203753
17.669871408381546 26.891631997439113 -2.588044034069213
17.109865492381616 26.2481274786862 -2.483690426002791
16.59655473131576 25.5104775022149 -2.39217315539686
16.157901443118448 24.696530443331966 -2.334142037471915
17.138368916732695 23.853405239287078 -0.7033737215686732
18.151227937837433 23.018450518677557 -0.6512067149759561
19.22778646015872 22.25346299587529 -0.6029353929981087
20.0603012577719 21.368317642179186 -0.5371529211250688
20.955808959525434 20.84417127528476 -0.5300670753884098
24.4306756220426 18.52735453387288 1.0806357585576882
24.906705236193254 19.379086235337617 1.0801804980398966
25.85153442952594 19.97398964889183 1.1420248032686235
26.031941565246473 20.501853100127548 1.2208347604945382
26.118338457741014 21.196589330339094 1.2816557942203257
26.167292978969407 22.07142839324637 1.3460528029326195
26.018941938334585 23.029058489476306 1.3615083870962297
25.573145329626477 24.137052468909694 1.3680747934479447
25.97951329730072 25.016286174013352 1.3540645774398024
26.504893699905764 25.975670983654894 1.353268657770234
25.926742286947853 26.148227444748663 2.931294883676754
25.210857945164012 26.587823330171275 3.0284918086385266
23.92047638424621 27.511683336519916 -3.1368592203153143
22.649367119513325 28.28564435330884 -3.06001085806231
26.713534218317186 25.977127689751782 3.019537870144551
31.719406841318285 24.059086408207186 2.99416051419307
29.653122409382494 30.56183522829592 -2.0781340719902306
-4.911967588389343 30.85331757694263 2.7877780626269244
1.8425837395423068 7.332071102235936 -1.0936132660371656
11.813974056928304 16.43632602106586 -0.5145206043753459
21.753026855259787 23.745360106327794 0.30149625542434677
23.405195209304022 26.629463247644132 0.5578866262646468
25.06505441228017 27.054510474096833 0.7227808983539861
25.961167394915464 27.891043532359735 0.7846845588605794
26.3388254177251 28.750454479756833 0.7869339704665671
27.523361602036097 29.531234839317463 0.8159183683896782
28.98700255577473 30.458590387609583 0.8521309661117119
30.436890101580573 31.407679274605627 0.9035648921102576
31.661731944149718 32.375465538434895 0.9415995824382309
32.57574911883762 33.5993887582353 0.958464439023288
33.235023296868334 34.53479342441794 0.9794617400432082
33.98118031371811 35.48691843857501 1.0069606370010153
34.77307924241057 36.44950519575306 1.0508411726514617
32.757508755125144 37.3395164759948 1.051552890670906
33.03992889552475 44.241782920386804 1.0556786804732134
33.39180590951103 45.394012008518914 1.0560160783143313
34.14246337939216 45.76252372201765 1.0214647115845092
36.424138011155 44.719635820550224 0.960901115907864
38.73460415516752 43.62188821099977 0.9687247626802021
39.71620720285923 43.986810907016924 1.0020530818163265
41.805321561802906 43.535255895289474 1.0125469425659943
44.15555490361005 42.46121914083248 1.0472062042000567
46.07148730724091 41.92546029364807 1.0520439455214772
47.93792600414173 41.3898758300628 1.1313845830781417
48.49684992751576 42.246970600724794 1.138675828628515
48.84375677302158 43.275530176184674 1.1463159168809138
