2.78955e-21 -3.61349e-21 -3.70452e-19
0.974351 -0.014717 0.024917
1.97305 0.026587 0.019704
2.98546 0.0547185 0.024016
3.98503 0.0767804 0.013544
5.04071 0.043411 0.008903
6.05561 0.0422185 0.002352
7.06181 0.0613291 -0.002828
8.06924 0.031649 -0.001883
9.05312 0.0213964 -0.011452
10.0618 0.0264268 -0.003121
11.0507 0.0113933 0.014759
12.0436 0.0118338 0.028165
13.069 0.025015 0.036243
14.0547 0.0440976 0.023045
15.0722 0.0503695 0.017104
16.0703 0.0684761 0.020554
17.0652 0.104036 0.017184
18.0565 0.103319 0.002148
19.0431 0.123735 -0.013256
20.0411 0.0802658 -0.037399
21.0414 0.0622035 -0.0499146
22.0431 0.00942309 -0.0426313
23.059 -0.0492037 -0.0444751
24.0607 -0.0797525 -0.0525863
25.0635 -0.105126 -0.0393407
24.0659 -0.033661 3.10437
23.0485 -0.0296313 3.09757
22.0537 -0.00108736 3.09141
21.0316 0.0497216 3.10487
20.0376 0.105534 3.10413
20.0612 1.09349 1.53963
20.0754 2.0962 1.54386
20.0624 3.10032 1.52602
20.1372 4.10992 1.52055
20.2081 5.14299 1.51232
21.2186 5.06979 -0.0565005
22.208 4.99497 -0.0637805
23.2043 4.9237 -0.0572135
24.2111 4.86771 -0.0578695
25.1946 4.80321 -0.0370565
26.1769 4.76018 -0.0282825
27.1818 4.73844 -0.0345005
28.2011 4.6727 -0.0275795
29.1692 4.67039 -0.0290065
30.1495 4.6463 -0.0391245
31.1067 4.61593 -0.0384425
32.0943 4.57159 -0.0297865
33.0807 4.56068 -0.0446545
34.0757 4.50093 -0.0520935
35.0344 4.42756 -0.0430935
36.0308 4.36732 -0.0393955
37.0348 4.35486 -0.0191795
38.065 4.347 -0.00458146
39.0687 4.31786 -0.0142755
40.0494 4.32278 -0.0155945
41.0472 4.2858 0.000860538
42.052 4.28134 -0.000631462
43.0485 4.25423 -0.0129465
44.0641 4.25059 -0.0116155
45.0753 4.24771 -0.0215655
46.0789 4.23238 -0.00698846
47.0774 4.21187 -0.00404746
48.0842 4.22894 0.0160615
49.0729 4.23893 0.0216725
50.0968 4.21348 0.0253485
50.0699 5.22847 1.60171
50.0669 6.22511 1.5907
50.0443 7.21214 1.59354
50.0307 8.20482 1.58082
49.9907 9.18821 1.5774
49.9579 10.1714 1.58175
49.9606 11.1355 1.59035
49.9777 12.1599 1.59249
49.9684 13.1669 1.60009
49.9277 14.16 1.59273
49.8923 15.1872 1.60796
49.8887 16.16 1.60865
49.854 17.1747 1.59968
49.8145 18.1747 1.61949
49.7847 19.1629 1.6201
49.755 20.1749 1.62157
49.7142 21.1622 1.614
49.6418 22.1828 1.61095
49.5897 23.1739 1.60618
49.5882 24.162 1.60407
49.5649 25.1755 1.60004
49.5152 26.186 1.59737
49.5 27.1975 1.59632
49.473 28.2 1.59172
49.4647 29.1748 1.57754
48.4635 29.1622 -3.12198
47.4624 29.1767 -3.10903
46.4554 29.1439 -3.1054
45.4542 29.1069 -3.1024
44.4763 29.1044 -3.08931
44.4249 30.1059 1.62544
44.3524 31.0714 1.63879
44.2664 32.0831 1.61957
44.2137 33.0873 1.60102
44.1727 34.0603 1.618
44.1476 35.0642 1.61373
44.0883 36.0747 1.61735
44.0452 37.0636 1.61158
44.0205 38.0272 1.60698
43.9733 39.0571 1.61669
43.9002 40.0747 1.6255
43.8835 41.0513 1.62208
43.8205 42.0427 1.60942
43.7982 43.0042 1.60306
43.7469 44.0393 1.60602
43.6818 45.0782 1.60738
43.615 46.0854 1.61906
43.5955 47.1114 1.62717
43.5475 48.0954 1.61816
43.5202 49.0817 1.6215
42.5392 49.0362 -3.09759
41.5265 48.9997 -3.09695
40.4996 48.9633 -3.08272
39.5001 48.8886 -3.08695
38.4908 48.8637 -3.09031
38.5439 47.841 -1.51891
38.5827 46.8224 -1.52018
38.6331 45.8179 -1.52492
38.6811 44.8202 -1.50409
38.7278 43.8023 -1.51502
38.7525 42.8202 -1.52521
38.7983 41.8373 -1.52792
38.838 40.8437 -1.52923
38.8874 39.8288 -1.51856
38.9731 38.8187 -1.51357
39.9781 38.8343 0.0545255
40.9715 38.9004 0.0605702
42.002 38.9667 0.0546307
42.9935 39.0135 0.0425789
43.971 39.0488 0.0380648
44.0248 38.0413 -1.52462
44.0635 37.0629 -1.51847
44.0931 36.0705 -1.5231
44.1229 35.0721 -1.5197
45.8122 33.594 0.767528
46.4819 34.2986 0.756575
47.2003 34.9586 0.777333
47.904 35.6475 0.784791
48.6296 36.3624 0.790255
49.3476 37.0829 0.792253
50.0486 37.7895 0.810289
50.6901 38.5145 0.812609
51.387 39.248 0.814028
52.059 39.9466 0.821135
52.7545 40.6644 0.828962
53.4995 39.9939 -0.738407
54.2117 39.2985 -0.753514
54.9358 38.6492 -0.748988
55.6805 37.9566 -0.7531
56.4075 37.2611 -0.774876
57.0926 36.565 -0.773907
57.8457 35.8826 -0.776553
58.5743 35.1654 -0.782255
59.3116 34.439 -0.776446
60.0158 33.7283 -0.774949
60.7397 33.0232 -0.761314
61.4597 32.3071 -0.75107
62.1849 31.5563 -0.752032
62.9342 30.8619 -0.754648
63.6715 30.1724 -0.752544
64.4261 29.4672 -0.737765
65.1589 28.8055 -0.750512
65.8499 28.1231 -0.743623
66.6064 27.4245 -0.744753
67.3367 26.7342 -0.747607
66.6706 26.0335 -2.3241
65.9794 25.2755 -2.31921
65.28 24.5386 -2.31416
64.609 23.7956 -2.32052
63.927 23.0812 -2.31867
63.2395 22.3446 -2.31573
62.5327 21.6136 -2.32401
61.8597 20.9171 -2.3132
61.1688 20.1684 -2.31903
60.4967 19.4158 -2.32042
59.8192 18.6887 -2.2963
59.1297 17.9568 -2.29892
58.4641 17.2304 -2.30432
57.799 16.4939 -2.30921
57.1014 15.7513 -2.31569
56.4616 14.9979 -2.30844
55.8038 14.2859 -2.30691
55.1459 13.5276 -2.30757
54.4795 12.7823 -2.29651
53.8016 12.0291 -2.28068
53.1598 11.2623 -2.27211
52.5101 10.504 -2.2767
51.9039 9.73675 -2.27194
51.2715 9.01077 -2.28869
50.6181 8.26422 -2.30386
51.3672 7.60079 -0.727176
52.1078 6.93865 -0.73946
52.8667 6.30456 -0.746489
53.609 5.61167 -0.757052
54.3317 4.95209 -0.779109
55.0636 4.24188 -0.778623
55.7791 3.55977 -0.78275
56.4903 2.84595 -0.780914
57.2062 2.10598 -0.773773
57.8803 1.39977 -0.786596
58.6142 0.69415 -0.789909
59.2811 -0.0155596 -0.796791
60.0039 -0.734175 -0.801389
60.6747 -1.48583 -0.820222
61.3771 -2.2017 -0.81998
62.0773 -2.92141 -0.807813
62.75 -3.63462 -0.809064
63.4145 -4.35918 -0.776663
64.1021 -5.06505 -0.777922
64.8412 -5.76217 -0.77898
65.5344 -6.46511 -0.783657
66.2617 -7.16372 -0.788136
66.9467 -7.8806 -0.803285
67.6503 -8.58998 -0.813091
68.3449 -9.34305 -0.823976
69.0197 -10.0914 -0.811995
69.6934 -10.8202 -0.796895
70.3864 -11.5324 -0.803235
71.043 -12.2553 -0.804806
71.7415 -12.9488 -0.803414
72.416 -13.6853 -0.801375
73.1409 -14.4179 -0.782615
73.8328 -15.1474 -0.76727
74.5392 -15.8426 -0.781886
75.2458 -16.543 -0.787571
75.9525 -17.242 -0.784811
76.6437 -17.9326 -0.789762
77.3067 -18.6466 -0.801746
78.0146 -19.362 -0.805131
78.7623 -20.0546 -0.814595
79.4551 -20.7886 -0.804547
80.1492 -21.5395 -0.796466
80.8526 -22.2445 -0.79534
81.5303 -22.981 -0.807009
82.2463 -23.6814 -0.798796
82.9504 -24.4179 -0.802103
83.6493 -25.1207 -0.815191
84.3612 -25.8712 -0.803746
85.0052 -26.629 -0.798848
85.7096 -27.3399 -0.795061
86.4221 -28.0424 -0.792753
87.127 -28.7611 -0.796609
87.8147 -29.4655 -0.799392
88.5046 -30.2167 -0.789533
89.2017 -30.909 -0.792019
89.8946 -31.6165 -0.784732
90.6006 -32.3191 -0.778135
91.3107 -33.0118 -0.786332
91.9999 -33.7227 -0.790087
92.7551 -34.4099 -0.789207
93.4332 -35.1516 -0.794142
94.1408 -35.8691 -0.807566
94.8355 -36.6063 -0.8018
95.5124 -37.3435 -0.794301
96.1785 -38.056 -0.787581
96.876 -38.7912 -0.790289
97.6006 -39.4842 -0.815619
98.2923 -40.2146 -0.801998
98.9786 -40.9356 -0.797506
99.6483 -41.6337 -0.799882
100.329 -42.3138 -0.8015
101.04 -43.0544 -0.80793
101.726 -43.7681 -0.810121
102.431 -44.4937 -0.806369
103.13 -45.2482 -0.804665
103.86 -44.5497 0.769823
104.606 -43.8415 0.773033
105.327 -43.1094 0.761132
106.044 -42.4252 0.761373
106.77 -41.7168 0.76561
107.502 -41.0227 0.771488
108.224 -40.3298 0.7682
108.961 -39.6323 0.771786
109.662 -38.9372 0.77004
110.373 -38.2393 0.763639
111.099 -37.535 0.769615
111.815 -36.8504 0.76972
112.552 -36.1739 0.762211
113.253 -35.4827 0.774271
113.961 -34.763 0.780204
114.645 -34.0559 0.787718
115.364 -33.3735 0.784917
116.097 -32.6643 0.777737
116.817 -31.9543 0.79239
117.502 -31.2425 0.79945
118.191 -30.5163 0.78977
118.926 -29.8033 0.791419
119.619 -29.1041 0.802102
120.295 -28.3734 0.795827
121.003 -27.6702 0.797224
121.706 -26.9594 0.796085
122.405 -26.2187 0.792269
123.086 -25.4831 0.789043
123.767 -24.7808 0.7902
124.478 -24.0622 0.79284
125.187 -23.3331 0.782416
125.883 -22.6444 0.781972
126.592 -21.9317 0.790371
127.289 -21.2221 0.804021
127.981 -20.483 0.799903
127.272 -19.7799 2.37126
126.576 -19.0871 2.38021
125.864 -18.3872 2.37302
125.133 -17.7134 2.37591
124.409 -17.0289 2.35137
123.71 -16.3139 2.36919
123.01 -15.5987 2.3594
122.303 -14.882 2.34701
121.599 -14.1695 2.3391
120.902 -13.4502 2.3324
120.211 -12.7283 2.32031
119.521 -11.9853 2.32042
118.832 -11.2482 2.32519
118.167 -10.5607 2.33896
117.453 -9.83826 2.34646
116.708 -9.14062 2.34627
116.038 -8.41402 2.3589
115.34 -7.73948 2.37464
114.634 -7.04027 2.38932
113.927 -6.34849 2.37324
113.213 -5.63525 2.37467
112.442 -4.97235 2.36229
111.712 -4.2592 2.36135
111.013 -3.55763 2.3532
110.32 -2.85009 2.34708
109.646 -2.10806 2.35245
108.925 -1.39306 2.35557
108.201 -0.709528 2.34593
107.501 0.00357456 2.33793
106.813 0.717392 2.3342
106.171 1.46872 2.34747
105.487 2.19404 2.34039
104.805 2.93365 2.32999
104.132 3.67184 2.32867
103.41 4.40626 2.33786
102.746 5.13871 2.34561
102.039 5.87431 2.35163
101.332 6.58357 2.33336
100.655 7.32069 2.34648
99.9331 8.00644 2.35602
99.2093 8.6992 2.34842
98.4771 9.40221 2.34288
97.7768 10.0744 2.3512
97.0909 10.7812 2.34
96.4315 11.5335 2.33928
95.703 10.8322 -2.37752
94.9451 10.1585 -2.38705
94.2405 9.49205 -2.3803
93.5427 8.80459 -2.3839
92.8346 8.11291 -2.36815
92.1152 7.4388 -2.35691
91.378 6.75305 -2.36518
90.6952 6.03331 -2.37618
89.9793 5.36976 -2.38379
89.2402 4.66727 -2.38693
88.4929 4.00501 -2.37493
87.762 3.30695 -2.38888
87.0423 2.62882 -2.37785
86.3392 1.89717 -2.3553
85.6077 1.16384 -2.34038
84.9158 0.425816 -2.35524
84.2065 -0.299621 -2.34801
83.5119 -1.02905 -2.34276
82.8428 -1.72738 -2.34325
82.161 -2.45679 -2.30942
81.4922 -3.18931 -2.31688
80.8176 -3.95244 -2.31431
80.1479 -4.68849 -2.31196
79.4802 -5.39802 -2.30447
78.839 -6.09775 -2.30741
78.1911 -6.82482 -2.34597
77.4637 -7.52234 -2.35658
76.7179 -8.20437 -2.3535
76.0137 -8.90407 -2.37458
75.2861 -9.55714 -2.37294
74.5794 -10.2332 -2.36698
73.8521 -10.9503 -2.37739
73.1319 -11.6188 -2.37501
72.4332 -12.3016 -2.37901
71.7158 -12.9851 -2.37457
72.434 -13.7012 -0.798003
73.1159 -14.415 -0.806779
73.8316 -15.1273 -0.804355
74.5457 -15.8543 -0.784236
75.2376 -16.5436 -0.783912
75.9485 -17.229 -0.791489
76.654 -17.9513 -0.792843
77.3353 -18.6651 -0.786053
78.0658 -19.3644 -0.785773
78.7707 -20.0931 -0.792274
79.4512 -20.8123 -0.801716
80.1654 -21.5213 -0.795954
80.8403 -22.223 -0.801166
81.5453 -22.9603 -0.800219
82.2493 -23.6721 -0.806832
82.9658 -24.3823 -0.800864
83.6605 -25.1043 -0.805505
84.3788 -25.8502 -0.805796
85.0562 -26.5828 -0.805531
85.7395 -27.2926 -0.812097
86.4064 -28.0361 -0.803103
87.1007 -28.7749 -0.792023
87.8097 -29.4963 -0.786981
88.5182 -30.2126 -0.784887
89.1985 -30.9109 -0.77994
89.9121 -31.626 -0.777158
90.603 -32.3143 -0.785377
91.3107 -33.025 -0.784658
92.0411 -33.6987 -0.788396
92.738 -34.4416 -0.785368
93.4275 -35.1651 -0.798565
94.1282 -35.8938 -0.800427
94.8269 -36.6161 -0.808114
95.5182 -37.323 -0.812832
96.2096 -38.0446 -0.78874
96.9135 -38.7667 -0.79297
97.5712 -39.4832 -0.79234
98.2794 -40.2126 -0.79492
98.9765 -40.9386 -0.803324
99.6674 -41.6376 -0.79658
100.361 -42.3549 -0.805984
101.058 -43.0648 -0.824062
101.74 -43.8151 -0.806014
102.428 -44.5285 -0.798264
103.13 -45.2195 -0.800686
103.893 -44.5185 0.777372
104.615 -43.8204 0.775884
105.343 -43.1169 0.774685
106.067 -42.4115 0.773721
106.775 -41.7339 0.76771
107.507 -41.0411 0.768253
108.218 -40.3212 0.769971
108.925 -39.6214 0.770153
109.662 -38.9299 0.770059
110.386 -38.2373 0.766187
111.116 -37.5278 0.775389
111.849 -36.8257 0.776384
112.538 -36.1354 0.781783
113.228 -35.4578 0.781077
113.953 -34.7962 0.781255
114.676 -34.0758 0.773088
115.385 -33.3908 0.782254
116.098 -32.685 0.791409
116.778 -31.9651 0.792885
117.502 -31.2314 0.789822
118.17 -30.5212 0.790639
118.881 -29.8458 0.781231
119.591 -29.1168 0.793913
120.304 -28.381 0.794748
120.985 -27.6316 0.787573
121.694 -26.8985 0.787295
122.39 -26.1796 0.803725
123.08 -25.4711 0.790998
123.778 -24.7584 0.782987
124.484 -24.0595 0.78832
125.191 -23.3453 0.783924
125.879 -22.627 0.786748
126.579 -21.9565 0.793129
127.306 -21.2143 0.786132
127.985 -20.4939 0.793332
128.677 -19.7427 0.808847
129.376 -19.0027 0.821975
130.071 -18.2709 0.824733
130.773 -17.5464 0.808823
131.469 -16.8828 0.807074
132.169 -16.1606 0.813402
132.889 -15.4173 0.803306
133.561 -14.7147 0.795844
134.246 -14.018 0.806286
134.916 -13.2972 0.785952
135.61 -12.5825 0.780234
136.297 -11.8806 0.77212
136.987 -11.2081 0.778589
137.681 -10.4892 0.775903
138.354 -9.80559 0.784007
139.075 -9.07868 0.77152
139.825 -8.35034 0.772683
140.556 -7.67344 0.770826
141.28 -6.95433 0.768549
142.006 -6.24542 0.767557
142.688 -5.52953 0.774998
142.105 -5.41256 1.53551
142.171 -4.39611 1.5331
142.181 -3.40981 1.53
142.216 -2.42815 1.53284
142.253 -1.4062 1.5447
142.307 -0.421145 1.54522
142.345 0.57604 1.55499
142.329 1.59834 1.55033
142.34 2.59257 1.54938
142.394 3.58441 1.54519
142.45 4.62138 1.52299
142.494 5.60926 1.50934
142.517 6.60939 1.51071
142.605 7.65118 1.5248
142.634 8.64723 1.50567
142.743 9.63745 1.51914
142.832 10.6108 1.51226
142.887 11.63 1.52884
142.911 12.6025 1.5338
142.951 13.5957 1.52985
142.977 14.6063 1.52896
143.278 14.1773 -0.708058
144.05 13.5363 -0.712043
144.81 12.8909 -0.709233
145.571 12.2062 -0.704568
146.329 11.5637 -0.710906
147.087 10.9213 -0.726461
147.852 10.248 -0.729797
148.629 9.58231 -0.711352
149.396 8.91156 -0.702072
150.147 8.26902 -0.684368
150.896 7.63027 -0.694143
151.693 6.98632 -0.699353
152.432 6.3444 -0.705712
153.22 5.69871 -0.706734
153.987 5.04605 -0.704378
154.747 4.39101 -0.713657
155.539 3.7502 -0.716993
156.282 3.0923 -0.705036
157.041 2.41795 -0.690643
157.807 1.74777 -0.701106
158.583 1.0932 -0.708862
159.333 0.4699 -0.699884
160.092 -0.189485 -0.702486
160.718 0.584409 0.860844
161.354 1.38042 0.868469
161.971 2.12874 0.86041
162.629 2.86998 0.85848
163.269 3.61711 0.864222
163.912 4.39985 0.857296
164.583 5.15501 0.851856
165.268 5.88638 0.859842
165.892 6.66667 0.879555
166.516 7.41738 0.873905
167.149 8.20521 0.864381
167.799 9.00442 0.875089
168.484 9.76765 0.864133
169.098 10.5294 0.881123
169.737 11.3071 0.868832
170.367 12.0658 0.868537
170.997 12.8152 0.866507
171.626 13.6187 0.874953
172.265 14.3693 0.860478
172.901 15.1293 0.875234
173.697 14.5067 -0.686686
174.474 13.9068 -0.687929
175.241 13.2696 -0.70079
175.971 12.5739 -0.721776
176.735 11.9037 -0.730082
177.455 12.6579 0.840738
178.098 13.422 0.836621
178.806 14.1296 0.847618
179.491 14.9132 0.830729
180.15 15.6565 0.836504
180.828 16.4049 0.83804
181.461 17.1312 0.837773
182.134 17.8969 0.849343
182.758 18.6581 0.845739
183.45 19.4201 0.834188
184.149 20.1547 0.835056
184.825 20.8914 0.829568
185.489 21.6091 0.817835
186.18 22.3271 0.812767
186.853 23.047 0.815401
187.538 23.7661 0.822271
188.194 24.4679 0.826305
188.872 25.2448 0.816878
189.572 25.959 0.822684
190.244 26.6985 0.837182
190.966 27.4615 0.859739
191.612 28.1829 0.86437
192.285 28.9152 0.84736
192.959 29.691 0.842383
193.598 30.4283 0.852832
194.271 31.1665 0.857854
194.926 31.9007 0.875246
195.57 32.6599 0.866905
196.233 33.3757 0.855272
196.865 34.1458 0.8647
197.474 34.9064 0.8632
198.138 35.653 0.869402
198.808 36.4205 0.861902
199.434 37.1687 0.853267
200.143 37.9314 0.857299
200.832 38.7053 0.842742
201.494 39.5016 0.833059
202.147 40.1971 0.846913
202.825 40.9541 0.848673
203.515 41.7094 0.837735
204.167 42.4781 0.849837
204.834 43.2593 0.834024
205.514 43.9921 0.853431
206.189 44.7511 0.844283
206.854 45.4926 0.844232
207.524 46.2218 0.835872
208.214 46.9816 0.83638
208.855 47.7333 0.828339
209.529 48.4647 0.822557
210.202 49.1992 0.825273
210.857 49.9279 0.80906
211.526 50.6552 0.799386
212.224 51.3994 0.801241
212.947 52.1046 0.796917
213.625 52.8478 0.79161
214.322 53.5557 0.786568
215.006 54.2927 0.778563
215.718 54.9856 0.797368
216.439 55.6724 0.787477
217.125 56.418 0.776459
217.78 57.111 0.773584
218.498 57.8016 0.76216
219.223 58.5169 0.737931
219.962 59.2055 0.737433
220.719 59.9504 0.745349
221.495 60.6215 0.752974
222.2 61.3266 0.760984
222.925 62.024 0.763934
223.635 62.6968 0.764472
224.325 63.389 0.776983
225.046 64.0992 0.787843
225.754 64.7827 0.788741
226.478 65.4591 0.782679
227.184 66.1324 0.775918
227.905 66.8356 0.791393
228.586 67.5357 0.790035
229.26 68.2649 0.79771
229.941 69.0092 0.7879
230.603 69.724 0.79955
231.291 70.4315 0.805484
230.563 71.1176 2.38919
230.687 96.1383 1.72887
230.518 97.1399 1.70639
230.39 98.1647 1.70718
230.269 99.1862 1.7145
230.16 100.169 1.72316
229.998 101.183 1.73826
229.845 102.194 1.74972
229.654 103.171 1.76536
229.472 104.156 1.77234
229.259 105.144 1.78906
229.032 106.06 1.78187
228.829 107.045 1.78405
228.638 108.01 1.76888
228.453 108.986 1.75329
228.312 109.99 1.74299
216.751 108.322 2.52962
215.947 108.909 2.55319
215.117 109.465 2.54807
214.315 110.011 2.55315
213.422 110.578 2.55314
212.59 111.152 2.53823
212.595 110.357 1.81904
212.369 111.348 1.80307
212.139 112.315 1.80538
211.926 113.292 1.82261
211.67 114.249 1.83442
211.409 115.197 1.84888
211.118 116.172 1.85748
210.79 117.149 1.86593
210.511 118.138 1.86489
210.11 120.83 2.66113
209.227 121.258 2.65845
208.352 121.723 2.65969
207.479 122.189 2.65613
206.581 122.666 2.67385
205.664 123.096 2.67747
204.742 123.55 2.69703
203.814 123.936 2.66942
202.926 124.395 2.66916
202.073 124.878 2.68071
201.158 125.33 2.6873
200.267 125.75 2.68966
199.328 126.173 2.6655
198.474 126.594 2.66213
197.592 127.058 2.65691
196.736 127.502 2.67089
195.875 127.966 2.66475
222.688 115.101 2.94286
221.689 115.268 2.93233
221.498 114.307 -1.78705
221.319 113.351 -1.78503
221.119 112.355 -1.79802
220.935 111.36 -1.78592
220.716 110.369 -1.79793
219.764 110.638 2.91333
218.797 110.852 2.92481
217.818 109.349 -1.07192
218.278 108.488 -1.08146
218.746 107.622 -1.08077
219.216 106.763 -1.08068
219.653 105.895 -1.08646
220.101 105.006 -1.10184
220.542 104.136 -1.09311
220.965 103.235 -1.08955
221.471 102.334 -1.09189
221.934 101.44 -1.09968
222.383 100.552 -1.10289
222.819 99.6547 -1.09637
223.29 98.787 -1.10555
223.748 97.9018 -1.11027
224.196 97.0212 -1.11255
224.657 96.1404 -1.09881
225.054 95.2649 -1.09695
225.485 94.3401 -1.09454
225.981 93.4163 -1.09719
226.44 92.5237 -1.0959
226.856 91.6577 -1.09488
227.294 90.7591 -1.09653
227.74 89.8642 -1.09597
228.217 88.9767 -1.1049
228.686 88.0573 -1.11487
229.136 87.1381 -1.11483
229.566 86.2809 -1.11559
230.051 85.378 -1.11155
230.495 84.4962 -1.11972
230.928 83.573 -1.12234
231.353 82.6848 -1.12813
231.775 81.7802 -1.1183
232.214 80.89 -1.11313
232.687 79.9707 -1.11203
233.127 79.0937 -1.1104
233.564 78.2315 -1.10428
233.986 77.3409 -1.11449
234.453 76.4449 -1.11286
234.892 75.5254 -1.11475
235.326 74.6315 -1.11547
235.783 73.741 -1.10338
236.257 72.8058 -1.1012
236.719 71.9373 -1.08269
237.188 71.0485 -1.07792
237.718 70.1563 -1.09514
238.169 69.25 -1.10244
238.593 68.3421 -1.10461
239.014 67.4534 -1.10668
239.446 66.5606 -1.0848
239.887 65.6559 -1.09652
240.331 64.785 -1.10205
240.757 63.9026 -1.08577
241.18 63.0303 -1.09635
240.275 62.6004 -2.66168
239.423 62.132 -2.65578
238.559 61.6489 -2.66743
237.664 61.214 -2.6677
236.792 60.7284 -2.6695
236.33 61.6418 2.05012
235.905 62.5391 2.04477
235.44 63.4311 2.04292
235.013 64.3288 2.03167
234.558 65.2194 2.01085
235.424 65.6441 0.453997
236.327 66.1032 0.460206
237.183 66.5259 0.476251
238.091 66.9851 0.464043
238.993 67.4459 0.463961
238.557 68.3497 2.0349
238.105 69.2514 2.03588
237.644 70.1746 2.04584
237.169 71.0268 2.04541
236.695 71.9398 2.03884
236.224 72.8279 2.04197
235.789 73.7176 2.04121
235.309 74.6026 2.04932
234.863 75.5339 2.03892
234.414 76.4344 2.04497
233.933 77.313 2.04728
233.489 78.1909 2.03264
233.056 79.0688 2.01797
232.638 79.9913 2.01353
232.213 80.898 2.02701
233.12 81.3289 0.454423
234.006 81.7335 0.450386
234.905 82.1453 0.455889
235.752 82.5761 0.439695
236.651 82.9861 0.437655
236.217 83.8857 1.98868
235.807 84.8229 1.99388
235.371 85.7158 1.99345
234.921 86.6355 1.98916
234.51 87.5374 1.98685
234.106 88.4447 1.98993
233.66 89.3758 1.97748
233.279 90.275 1.98048
232.849 91.1603 1.98418
232.179 93.5902 1.26955
232.453 94.5935 1.26924
232.74 95.5259 1.26524
233.065 96.4765 1.26389
233.374 97.4441 1.24461
233.721 98.3755 1.24524
234.045 99.3722 1.25503
234.38 100.331 1.25217
234.708 101.279 1.23906
235.01 102.231 1.25487
235.347 103.159 1.23552
235.709 104.117 1.20572
236.064 105.058 1.21236
236.401 106 1.22302
236.732 106.965 1.2245
237.065 107.923 1.21257
237.412 108.869 1.20666
237.757 109.78 1.19029
238.145 110.704 1.19612
238.506 111.608 1.17094
238.928 112.513 1.17173
239.862 112.145 -0.415977
240.758 111.75 -0.423211
241.654 111.322 -0.420759
242.589 110.899 -0.42738
243.516 110.465 -0.418355
243.915 111.411 1.1506
244.306 112.315 1.15698
244.667 113.204 1.16061
245.095 114.157 1.15114
245.476 115.051 1.15819
245.857 115.971 1.16653
246.261 116.92 1.17473
246.655 117.813 1.17748
247.048 118.716 1.18164
247.388 119.66 1.18115
247.765 120.594 1.17696
248.111 121.506 1.19384
248.474 122.43 1.19891
248.851 123.35 1.18989
249.214 124.312 1.16399
249.604 125.207 1.18559
249.961 126.125 1.18801
250.352 127.034 1.17925
250.741 127.958 1.17465
251.109 128.864 1.18837
251.479 129.823 1.21532
251.855 130.759 1.21569
252.182 131.688 1.23416
252.502 132.643 1.24896
252.792 133.579 1.24815
253.078 134.564 1.24443
253.38 135.5 1.24285
253.704 136.418 1.26465
254.042 137.37 1.26347
254.348 138.355 1.27231
254.675 139.3 1.29247
254.978 140.268 1.29884
255.216 141.231 1.29464
255.486 142.185 1.29562
255.778 143.145 1.29395
256.083 144.105 1.30025
256.368 145.044 1.29218
256.635 146.01 1.30722
256.879 146.998 1.31149
257.156 147.905 1.32324
257.399 148.868 1.3513
257.603 149.829 1.36239
257.809 150.823 1.35735
257.998 151.828 1.35456
258.205 152.8 1.36482
258.391 153.742 1.35549
258.608 154.676 1.34703
258.819 155.663 1.34624
259.047 156.653 1.3588
259.246 157.615 1.34908
260.224 157.409 -0.221559
261.183 157.17 -0.232374
262.186 156.933 -0.227884
263.171 156.704 -0.230443
264.142 156.465 -0.219443
265.115 156.245 -0.220921
266.119 156.018 -0.218063
267.117 155.779 -0.208205
268.114 155.562 -0.201531
269.08 155.367 -0.188145
270.083 155.149 -0.180045
271.093 154.983 -0.185952
272.062 154.763 -0.201193
273.064 154.518 -0.203766
274.03 154.307 -0.20854
275.012 154.085 -0.217973
275.96 153.842 -0.21611
276.94 153.672 -0.226019
277.912 153.442 -0.216418
278.887 153.223 -0.200308
279.868 153.003 -0.19787
279.608 153.646 2.08103
279.127 154.524 2.08135
278.651 155.402 2.10495
278.126 156.267 2.10683
278.95 156.773 0.539801
279.798 157.268 0.554566
280.648 157.809 0.541569
281.524 158.311 0.540606
282.403 158.825 0.533599
283.255 159.318 0.535843
284.118 159.837 0.512943
285 160.357 0.51425
285.866 160.845 0.510176
286.769 161.306 0.513296
287.665 161.796 0.519217
288.542 162.277 0.537076
289.419 162.789 0.54901
290.259 163.363 0.539041
291.108 163.86 0.53386
291.934 164.366 0.523455
292.976 165.795 1.27445
293.294 166.731 1.28688
293.594 167.715 1.26862
293.888 168.663 1.24111
294.199 169.588 1.24937
294.505 170.528 1.26537
294.811 171.474 1.27162
295.114 172.458 1.2633
295.424 173.403 1.26619
295.729 174.386 1.25073
295.924 173.894 2.0075
295.488 174.79 2.00536
295.066 175.66 2.00688
294.675 176.555 2.01514
294.254 177.478 2.01351
293.795 178.36 2.02895
293.333 179.221 2.03552
292.892 180.128 2.03003
292.406 181.008 2.02426
291.987 181.924 2.01833
291.538 182.783 2.03331
291.107 183.687 2.04327
290.671 184.559 2.04833
290.235 185.431 2.04504
289.739 186.289 2.05755
289.26 187.173 2.03983
288.831 188.037 2.02856
288.346 188.933 2.02078
287.918 189.867 2.02386
287.493 190.72 2.04039
285.738 190.467 -1.9516
285.374 189.558 -1.97396
284.956 188.668 -1.97372
284.579 187.775 -1.97127
284.189 186.885 -1.95294
283.803 185.959 -1.94941
283.454 185.04 -1.93729
283.126 184.09 -1.93278
282.778 183.125 -1.93803
283.71 182.767 -0.368809
284.642 182.396 -0.361695
285.546 182.023 -0.364364
286.47 181.67 -0.359382
287.417 181.303 -0.3652
287.052 180.373 -1.94073
286.674 179.39 -1.9481
286.294 178.443 -1.95332
285.911 177.508 -1.94541
285.556 176.576 -1.94614
285.194 175.654 -1.94456
284.802 174.738 -1.94908
284.426 173.809 -1.94411
284.086 172.876 -1.94151
283.709 171.972 -1.94683
283.337 171.019 -1.94428
282.998 170.078 -1.94224
282.621 169.132 -1.94725
282.258 168.205 -1.95659
281.892 167.303 -1.97134
281.513 166.362 -1.97411
281.112 165.441 -1.96815
280.735 164.484 -1.98408
280.319 163.545 -1.99172
279.882 162.65 -2.00125
279.479 161.776 -1.99624
279.079 160.868 -1.98911
278.68 159.963 -1.99956
278.274 159.049 -2.00042
277.871 158.123 -2.00227
276.978 158.569 2.71948
276.074 158.977 2.72737
275.146 159.407 2.72296
274.224 159.848 2.72195
273.268 160.273 2.71807
272.326 160.654 2.70872
271.437 161.061 2.72288
270.524 161.455 2.72787
269.643 161.819 2.72955
268.741 162.192 2.73575
267.798 162.621 2.74345
266.878 163.006 2.74123
265.953 163.403 2.74035
265.051 163.82 2.73107
264.156 164.232 2.73128
263.236 164.625 2.73113
262.287 165.027 2.74099
261.336 165.406 2.74105
260.415 165.808 2.7205
259.486 166.215 2.72404
258.562 166.651 2.72148
257.656 167.069 2.72179
256.755 167.474 2.73888
255.839 167.848 2.71307
254.918 168.257 2.73117
253.962 168.669 2.7267
253.027 169.052 2.72769
252.116 169.463 2.73265
251.217 169.886 2.73297
250.283 170.232 2.72153
249.857 169.296 -1.98086
249.449 168.377 -1.96385
247.463 167.481 2.10237
246.944 168.342 2.1048
246.421 169.193 2.1165
245.909 170.044 2.13053
245.379 170.868 2.1179
244.884 171.74 2.1241
244.852 172.453 -0.097567
245.827 172.37 -0.090665
246.834 172.237 -0.08177
247.836 172.163 -0.072468
248.837 172.094 -0.080486
249.822 172.019 -0.0734
250.811 171.976 -0.068801
251.778 171.924 -0.072887
252.759 171.842 -0.060978
253.759 171.789 -0.049409
254.734 171.717 -0.0409363
255.742 171.702 -0.0460948
255.679 170.683 -1.60822
255.624 169.692 -1.61818
255.619 168.704 -1.62831
255.581 167.701 -1.62776
255.505 166.715 -1.60781
255.433 165.713 -1.62088
255.354 164.686 -1.62698
255.294 163.688 -1.63968
255.241 162.709 -1.62768
255.178 161.702 -1.62111
255.152 160.704 -1.62202
255.109 159.715 -1.62172
255.04 158.715 -1.60771
255.002 157.719 -1.61471
254.956 156.721 -1.60615
253.934 156.774 3.11232
252.91 156.801 3.12672
251.898 156.814 3.13104
250.896 156.813 -3.13416
249.868 156.814 -3.13366
249.837 155.822 -1.55926
249.826 154.837 -1.58772
249.793 153.833 -1.58319
249.782 152.81 -1.58129
249.763 151.796 -1.57303
250.747 151.762 -0.00322942
251.713 151.797 -0.0129636
252.7 151.762 -0.0347932
253.739 151.73 -0.0440914
254.767 151.678 -0.016321
254.833 152.693 1.5493
254.891 153.715 1.54014
254.879 154.715 1.51421
254.94 155.717 1.53708
254.974 156.707 1.52904
255.058 157.712 1.53205
255.109 158.667 1.51736
255.127 159.652 1.52326
255.173 160.665 1.52967
255.214 161.698 1.52525
255.23 162.691 1.5198
255.298 163.693 1.51497
255.363 164.696 1.51223
255.434 165.711 1.51607
255.5 166.7 1.50513
255.565 167.719 1.51861
255.633 168.696 1.52057
255.692 169.684 1.52024
255.711 170.686 1.52386
255.735 171.68 1.53015
255.75 172.667 1.53462
255.804 173.679 1.51832
255.833 174.667 1.52355
255.921 175.639 1.52495
255.94 176.638 1.51973
255.969 177.658 1.52493
255.99 178.666 1.52714
256.054 179.672 1.53273
256.096 180.678 1.54608
256.116 181.678 1.53132
256.166 182.657 1.52399
256.214 183.674 1.51123
256.292 184.686 1.49803
256.327 185.683 1.49782
256.426 186.683 1.51109
256.483 187.704 1.52652
256.524 188.695 1.54394
256.569 189.701 1.53177
256.636 190.699 1.52675
256.655 191.688 1.53187
256.679 192.699 1.53362
256.72 193.697 1.53621
256.744 194.706 1.53773
256.796 195.681 1.54721
256.816 196.724 1.54329
256.831 197.72 1.54322
256.838 198.707 1.52007
256.895 199.705 1.53533
256.94 200.701 1.53365
256.98 201.697 1.51833
257.022 202.71 1.52375
257.07 203.702 1.53167
257.113 204.708 1.54315
257.125 205.738 1.54644
257.158 206.719 1.53223
257.177 207.717 1.56015
257.192 208.738 1.58087
257.144 209.735 1.59298
257.11 210.745 1.57372
257.102 211.735 1.55895
257.123 212.769 1.54353
257.141 213.744 1.54436
257.174 214.749 1.55227
257.172 215.726 1.54693
257.202 216.752 1.55021
256.203 216.771 3.12248
255.186 216.802 3.11388
254.199 216.82 3.12815
253.2 216.861 3.1358
252.162 216.889 3.13994
251.153 216.889 -3.13678
250.141 216.902 3.13873
249.116 216.902 3.13683
248.108 216.906 3.13895
247.137 216.903 -3.13322
246.149 216.913 -3.11499
245.138 216.891 -3.11882
244.144 216.855 -3.1214
242.579 216.246 0.944879
243.184 217.058 0.954154
243.741 217.898 0.963037
244.307 218.747 0.961392
244.871 219.573 0.957239
245.444 220.35 0.959439
246.017 221.126 0.938675
246.622 221.92 0.933353
247.241 222.662 0.927873
247.846 223.447 0.93001
248.428 224.256 0.93355
249.056 225.098 0.932638
249.672 225.927 0.93233
250.276 226.726 0.952642
250.855 227.492 0.943732
251.446 228.316 0.943608
252.026 229.082 0.958278
252.577 229.894 0.956097
253.118 230.74 0.953164
253.722 231.555 0.953264
254.304 232.341 0.964273
254.887 233.158 0.963949
255.451 233.974 0.948068
256.034 234.77 0.956456
256.594 235.576 0.94806
257.171 236.361 0.964378
257.767 237.147 0.971007
258.344 237.971 0.976386
258.934 238.831 0.954182
259.516 239.626 0.964532
260.075 240.453 0.952346
260.661 241.253 0.946578
259.858 241.813 2.51574
259.036 242.42 2.51257
258.246 243.02 2.51521
257.403 243.631 2.5309
256.545 244.214 2.52875
255.985 243.425 -2.19678
255.426 242.609 -2.20847
254.851 241.829 -2.21067
254.252 241.035 -2.21199
253.652 240.254 -2.23888
253.029 239.463 -2.2334
252.443 238.682 -2.23711
251.824 237.896 -2.23943
251.21 237.123 -2.251
250.597 236.343 -2.2381
249.976 235.548 -2.24904
249.365 234.795 -2.22805
248.746 233.971 -2.23814
248.135 233.185 -2.22766
247.529 232.401 -2.23419
246.931 231.608 -2.25007
246.32 230.838 -2.26001
245.687 230.071 -2.26795
245.056 229.315 -2.29543
244.432 228.568 -2.27851
243.659 229.25 2.43174
242.915 229.94 2.41001
242.152 230.609 2.41244
241.396 231.285 2.42428
240.635 231.947 2.41913
239.86 232.605 2.42197
239.114 233.274 2.43561
238.361 233.907 2.43204
237.63 234.554 2.41956
236.873 235.184 2.41388
236.14 235.861 2.42733
235.354 236.519 2.41981
234.62 237.183 2.41349
233.872 237.825 2.41858
233.145 238.487 2.41465
232.412 239.179 2.41356
231.64 239.817 2.41281
230.88 240.531 2.41057
230.148 241.222 2.41039
229.426 241.87 2.43417
228.694 242.507 2.41949
227.941 243.139 2.40523
227.202 243.838 2.40544
226.484 244.502 2.39268
225.786 245.169 2.40233
225.046 245.857 2.40629
224.348 246.518 2.40912
223.571 247.192 2.4144
222.793 247.837 2.40587
222.069 248.541 2.40468
221.364 249.229 2.39553
220.654 249.917 2.40235
219.933 250.592 2.41268
219.187 251.301 2.39832
218.451 252.019 2.39592
217.705 252.692 2.39688
216.954 253.389 2.3973
216.209 254.059 2.39408
215.478 254.739 2.40345
214.73 255.411 2.40745
214.017 256.115 2.38672
213.321 256.821 2.41287
212.534 257.456 2.40169
211.793 258.123 2.39223
211.079 258.794 2.39592
210.346 259.462 2.39589
209.613 260.127 2.4028
208.867 260.812 2.40002
208.116 261.48 2.38616
207.358 262.154 2.3813
206.665 262.824 2.37769
205.927 263.496 2.38499
205.203 264.154 2.3999
204.428 264.809 2.38714
203.705 265.501 2.38069
202.983 264.84 -2.35052
202.261 264.166 -2.37109
201.532 263.468 -2.38438
200.787 262.778 -2.39192
200.057 262.121 -2.40036
199.319 261.416 -2.4123
198.587 260.782 -2.42514
197.838 260.113 -2.42168
197.077 259.464 -2.41718
196.299 258.789 -2.40799
195.54 258.129 -2.40545
194.798 257.47 -2.42666
194.063 256.838 -2.42199
193.283 256.157 -2.45148
192.502 255.503 -2.45281
191.765 254.839 -2.44515
191.004 254.216 -2.4516
190.24 253.607 -2.45648
189.448 252.967 -2.43162
188.671 252.314 -2.44773
187.907 251.678 -2.45335
187.106 251.055 -2.45462
186.356 250.425 -2.44027
185.613 249.767 -2.43273
184.839 249.082 -2.45526
185.494 248.308 -0.887045
186.119 247.513 -0.889329
186.744 246.722 -0.892798
187.351 245.922 -0.895062
187.957 245.132 -0.913859
188.578 244.344 -0.913028
189.157 243.56 -0.91023
189.772 242.806 -0.891708
190.415 242.061 -0.891415
191.035 241.27 -0.893462
191.795 241.893 0.664558
192.575 242.541 0.652237
193.38 243.149 0.656737
194.169 243.774 0.649998
194.935 244.357 0.653706
195.736 244.981 0.668458
196.526 245.62 0.696441
197.305 246.237 0.689975
198.071 246.876 0.686928
198.828 247.482 0.685388
199.613 248.117 0.683077
200.381 248.758 0.684046
201.131 249.394 0.684515
201.885 250.036 0.689985
202.702 250.703 0.689908
203.461 251.366 0.690533
204.253 252.021 0.683799
205.015 252.637 0.666175
205.798 253.253 0.666603
206.589 253.877 0.680144
207.37 254.509 0.68226
208.122 255.123 0.672283
208.863 255.746 0.683908
209.63 256.37 0.675152
210.398 257.002 0.676276
211.177 257.641 0.681643
211.93 258.219 0.665514
212.738 258.852 0.655614
213.556 259.447 0.651459
214.366 260.039 0.649226
215.166 260.657 0.65308
215.966 261.234 0.662906
216.774 261.889 0.669004
217.572 262.496 0.674358
218.367 263.113 0.674476
219.147 263.755 0.677527
219.937 264.387 0.670418
220.733 265.038 0.666483
221.497 265.672 0.67041
222.244 266.285 0.672186
223.037 266.912 0.675901
223.838 267.528 0.677798
224.612 268.164 0.661321
225.425 268.783 0.658866
226.268 269.388 0.654628
227.074 270.018 0.655147
227.865 270.631 0.642683
228.666 271.23 0.639073
229.458 271.865 0.654123
230.226 272.453 0.666969
231.036 273.068 0.654032
231.832 273.671 0.663764
232.581 274.277 0.667369
233.374 274.886 0.659577
234.167 275.523 0.674879
234.756 274.763 -0.900824
235.348 273.936 -0.903369
236.008 273.167 -0.904145
236.647 272.385 -0.898955
237.283 271.585 -0.897725
237.907 270.809 -0.915304
238.529 269.991 -0.928561
239.114 269.195 -0.938791
239.71 268.361 -0.94066
240.336 267.55 -0.929199
240.951 266.732 -0.934276
241.564 265.881 -0.943502
242.167 265.096 -0.94786
242.752 264.301 -0.956685
243.291 263.48 -0.96118
243.85 262.659 -0.959862
244.406 261.814 -0.958569
244.97 260.991 -0.95212
245.538 260.155 -0.961144
246.091 259.336 -0.964728
246.666 258.503 -0.965621
247.211 257.696 -0.965199
247.78 256.896 -0.959574
248.359 256.06 -0.951432
248.939 255.222 -0.956135
249.545 254.429 -0.963095
250.087 253.618 -0.976794
250.669 252.822 -0.969001
251.225 251.986 -0.977333
251.767 251.115 -0.972033
252.323 250.247 -0.970872
252.873 249.417 -0.964623
253.446 248.579 -0.95087
254.051 247.771 -0.957714
254.628 246.948 -0.974345
255.184 246.139 -0.975452
255.718 245.34 -0.968411
256.275 244.548 -0.971584
256.848 243.706 -0.974978
257.412 242.875 -0.981154
257.966 242.026 -0.960387
258.55 241.206 -0.962468
259.12 240.386 -0.959557
259.698 239.559 -0.968341
260.282 238.735 -0.978119
260.833 237.887 -0.977255
261.399 237.052 -0.971013
261.947 236.215 -0.976919
262.506 235.41 -0.982849
263.034 234.592 -0.963417
263.591 233.781 -0.958705
264.144 232.978 -0.949386
264.728 232.147 -0.951772
265.324 231.325 -0.949027
265.892 230.494 -0.944924
266.498 229.693 -0.943257
267.12 228.886 -0.941553
267.696 228.081 -0.9557
268.286 227.263 -0.931894
268.886 226.457 -0.927624
269.508 225.659 -0.921839
270.08 224.878 -0.927027
270.691 224.112 -0.924599
271.312 223.339 -0.944113
271.888 222.537 -0.951256
272.467 221.7 -0.950844
273.06 220.891 -0.952663
273.606 220.085 -0.947203
274.169 219.277 -0.952779
274.755 218.467 -0.962694
275.303 217.649 -0.973084
275.897 216.822 -0.969811
276.457 215.983 -0.98622
277.009 215.149 -0.982555
277.566 214.308 -0.98177
278.156 213.469 -0.976756
278.696 212.635 -0.981237
279.244 211.781 -0.969437
279.786 210.966 -0.962981
280.381 210.125 -0.949173
280.955 209.305 -0.954859
281.562 208.493 -0.950109
282.158 207.666 -0.966407
282.704 206.858 -0.964174
283.304 206.059 -0.957247
284.102 206.634 0.619996
284.932 207.213 0.621604
285.729 207.819 0.620516
286.532 208.389 0.602735
287.346 208.976 0.616632
288.179 209.532 0.620326
289.036 210.11 0.621695
289.823 210.665 0.619731
290.648 211.254 0.624855
291.456 211.83 0.622051
292.27 212.399 0.616801
293.073 212.966 0.621279
293.897 213.53 0.633524
294.698 214.125 0.618606
295.505 214.702 0.621886
296.091 213.899 -0.953419
296.676 213.099 -0.958125
297.261 212.274 -0.965377
297.829 211.473 -0.961557
298.416 210.664 -0.970292
297.631 210.116 -2.51798
296.798 209.529 -2.51571
295.983 208.951 -2.51193
295.155 208.349 -2.5164
294.345 207.731 -2.53208
293.509 207.178 -2.54381
292.686 206.639 -2.52805
291.857 206.081 -2.52144
291.065 205.505 -2.5225
290.225 204.906 -2.51623
289.413 204.305 -2.51753
288.582 203.75 -2.51691
287.791 203.157 -2.53344
286.96 202.567 -2.51766
286.154 201.982 -2.51878
285.583 202.796 2.19121
285.009 203.629 2.19085
284.44 204.425 2.19755
283.825 205.215 2.19348
283.281 206.035 2.17934
284.097 206.645 0.613683
284.879 207.209 0.622148
285.706 207.791 0.621196
286.53 208.394 0.612548
287.363 208.973 0.610258
288.19 209.538 0.607343
289.01 210.093 0.615651
289.831 210.674 0.625026
290.631 211.242 0.619452
291.463 211.81 0.616428
292.242 212.421 0.629613
293.055 212.974 0.626358
293.854 213.557 0.621631
294.674 214.146 0.616675
295.489 214.703 0.620488
296.3 215.277 0.621698
297.118 215.864 0.627505
297.947 216.452 0.63887
298.747 216.988 0.638618
299.532 217.6 0.636849
300.313 218.17 0.646227
301.126 218.723 0.634802
301.962 219.295 0.636978
302.734 219.883 0.640327
303.517 220.498 0.642629
304.327 221.091 0.643429
305.112 221.675 0.630905
305.938 222.255 0.619805
306.763 222.818 0.618043
307.584 223.407 0.618786
308.395 224.007 0.61809
309.207 224.554 0.62001
310.026 225.144 0.617792
310.832 225.724 0.611524
311.663 226.273 0.608936
311.108 227.072 2.18707
310.547 227.898 2.1908
309.956 228.709 2.17551
309.405 229.574 2.16954
308.828 230.387 2.15686
308.282 231.236 2.16109
307.764 232.057 2.17306
307.179 232.867 2.17899
306.615 233.687 2.19223
306.03 234.495 2.20087
305.45 235.308 2.20285
304.889 236.104 2.19099
304.304 236.913 2.18802
303.724 237.741 2.17139
303.178 238.548 2.16312
302.621 239.413 2.15733
302.059 240.244 2.1695
301.468 241.051 2.16562
300.912 241.866 2.17118
300.317 242.693 2.16769
299.789 243.496 2.15792
299.213 244.304 2.15554
298.681 245.134 2.16526
298.126 245.932 2.17824
297.549 246.74 2.18037
296.714 246.2 -2.52021
295.934 245.64 -2.51342
295.133 245.074 -2.50554
294.328 244.471 -2.49543
293.528 243.89 -2.50223
292.737 243.317 -2.51058
291.908 242.739 -2.50782
291.101 242.178 -2.50723
290.348 241.577 -2.51092
289.519 240.988 -2.50867
288.74 240.408 -2.511
287.953 239.826 -2.49737
287.165 239.208 -2.49138
286.384 238.589 -2.47413
285.588 237.984 -2.47385
284.792 237.347 -2.48699
283.989 236.742 -2.49077
283.176 236.117 -2.49706
282.375 235.501 -2.50995
281.552 234.877 -2.53996
282.123 234.045 -0.975889
282.703 233.221 -0.971105
283.24 232.39 -0.976644
283.816 231.555 -0.986647
284.4 230.74 -0.975278
284.979 229.897 -0.981864
285.528 229.052 -0.98741
286.118 228.24 -0.986799
286.667 227.415 -0.987723
287.24 226.6 -0.986427
287.759 225.793 -0.99592
288.316 224.94 -1.00613
288.584 224.523 -0.953028
289.19 223.736 -0.945576
289.757 222.904 -0.945111
290.581 223.517 0.612548
291.378 224.055 0.612796
292.219 224.62 0.63238
293.006 225.21 0.62173
293.786 225.791 0.624461
294.588 226.367 0.618919
295.392 226.935 0.607994
296.213 227.53 0.615441
297.038 228.11 0.621022
297.849 228.669 0.627666
298.651 229.232 0.610684
299.505 229.834 0.620232
300.324 230.447 0.620477
301.146 231.035 0.626883
301.962 231.622 0.618466
302.769 232.181 0.614246
303.577 232.745 0.609913
304.398 233.305 0.605039
305.199 233.875 0.617076
306.025 234.479 0.628337
306.824 235.061 0.621568
307.64 235.641 0.612065
308.454 236.226 0.609314
309.269 236.815 0.613422
310.091 237.372 0.620301
310.89 237.97 0.617898
311.714 238.556 0.6223
312.536 239.117 0.626872
313.356 239.718 0.621419
314.15 240.293 0.597585
314.708 239.448 -0.960074
315.251 238.619 -0.934187
315.836 237.798 -0.933018
316.438 236.994 -0.934967
317.019 236.176 -0.936639
316.239 235.585 -2.49972
315.448 235.003 -2.52399
314.64 234.432 -2.52619
313.789 233.848 -2.51865
312.991 233.274 -2.51614
312.414 234.101 2.18864
311.855 234.909 2.18894
311.256 235.743 2.18527
310.673 236.546 2.19345
310.098 237.365 2.1808
309.518 238.167 2.18306
308.923 238.981 2.17644
308.363 239.831 2.15767
307.825 240.675 2.1609
307.292 241.516 2.16265
306.719 242.309 2.15346
306.176 243.103 2.15873
305.649 243.924 2.17019
305.092 244.733 2.15612
304.547 245.567 2.1472
304.008 246.392 2.15877
303.464 247.24 2.18329
302.868 248.076 2.18568
302.279 248.867 2.1979
301.678 249.644 2.19831
301.081 250.461 2.19173
300.488 251.261 2.19425
299.924 252.085 2.20231
299.344 252.895 2.20237
298.733 253.673 2.20892
298.107 254.478 2.21147
297.461 255.272 2.20448
296.873 256.077 2.21159
296.251 256.876 2.2017
295.662 257.673 2.19652
294.89 257.088 -2.51149
294.104 256.522 -2.51255
293.29 255.959 -2.52638
292.472 255.359 -2.5189
291.672 254.788 -2.49225
290.86 254.208 -2.48689
290.091 253.6 -2.49528
289.3 252.977 -2.49475
288.504 252.38 -2.49632
287.707 251.791 -2.50214
286.923 251.216 -2.51826
286.133 250.646 -2.50992
285.319 250.042 -2.50432
284.488 249.44 -2.52329
283.679 248.846 -2.51191
282.865 248.25 -2.51116
282.056 247.638 -2.50552
281.222 247.057 -2.52178
280.402 246.509 -2.51612
279.55 245.912 -2.53022
278.757 245.332 -2.50715
277.97 244.745 -2.51402
277.124 244.18 -2.52048
276.316 243.55 -2.52427
275.504 242.992 -2.52694
274.667 242.422 -2.52672
273.82 241.829 -2.54377
272.978 241.256 -2.55389
272.114 240.695 -2.54766
271.275 240.137 -2.53873
270.467 239.564 -2.53807
269.617 238.996 -2.5661
268.774 238.45 -2.57282
267.908 237.899 -2.58039
267.046 237.379 -2.57098
266.243 236.841 -2.57568
265.43 236.293 -2.56079
264.634 235.731 -2.54945
263.854 235.162 -2.54422
263.036 234.565 -2.54017
262.203 233.996 -2.55027
261.364 233.433 -2.5369
260.55 232.874 -2.53345
259.724 232.318 -2.53077
258.873 231.763 -2.53601
258.065 231.177 -2.53137
301.97 178.962 -1.87855
301.68 178.002 -1.88731
301.377 177.009 -1.91252
301.048 176.048 -1.90437
300.731 175.113 -1.91518
300.401 174.183 -1.90764
300.098 173.238 -1.89741
299.767 172.278 -1.89211
299.472 171.315 -1.88851
299.188 170.36 -1.90873
298.837 169.444 -1.90887
298.487 168.482 -1.9233
298.139 167.517 -1.93425
297.707 166.598 -1.9449
297.355 165.649 -1.93944
297.007 164.73 -1.95937
296.609 163.849 -1.96035
296.219 162.966 -1.94711
295.826 162.025 -1.94718
294.885 162.392 2.77136
293.947 162.8 2.77997
293.042 163.147 2.78938
292.105 163.509 2.80539
291.143 163.829 2.80465
290.198 164.127 2.79024
289.273 164.47 2.79818
288.369 164.784 2.79561
287.453 165.095 2.79236
286.494 165.444 2.79582
285.556 165.773 2.78409
284.663 166.13 2.76348
283.724 166.52 2.76185
282.783 166.893 2.74877
281.869 167.272 2.75212
282.265 168.207 1.19473
282.604 169.173 1.1814
283.003 170.076 1.1825
283.349 171.004 1.19417
283.722 171.929 1.19482
284.097 172.85 1.20402
284.471 173.787 1.20026
284.831 174.722 1.20076
285.175 175.661 1.1907
285.543 176.574 1.1891
286.469 176.22 -0.374995
287.413 175.866 -0.362615
288.357 175.512 -0.349797
289.276 175.165 -0.364362
290.168 174.848 -0.370144
291.118 174.487 -0.369315
292.06 174.121 -0.360717
292.996 173.761 -0.377972
293.907 173.386 -0.354084
294.841 173.034 -0.348738
295.763 172.69 -0.345636
296.701 172.36 -0.344445
297.646 172.036 -0.348156
298.565 171.663 -0.340885
299.464 171.338 -0.322308
300.392 170.993 -0.331019
301.334 170.718 -0.321857
302.297 170.406 -0.337074
303.237 170.076 -0.325684
304.209 169.746 -0.312575
305.149 169.455 -0.322026
306.101 169.142 -0.3083
307.067 168.875 -0.315869
308.03 168.541 -0.33405
308.997 168.231 -0.326733
309.902 167.885 -0.320653
310.865 167.565 -0.33541
311.827 167.227 -0.331684
312.799 166.929 -0.325547
313.749 166.601 -0.353369
314.684 166.248 -0.351054
315.62 165.893 -0.356261
316.549 165.581 -0.341298
317.515 165.24 -0.313749
318.497 164.909 -0.317144
319.442 164.639 -0.314849
320.387 164.308 -0.346624
321.312 163.935 -0.355859
322.242 163.607 -0.364524
323.189 163.267 -0.365925
322.855 162.343 -1.93269
322.481 161.396 -1.92993
322.137 160.411 -1.9351
321.785 159.482 -1.93756
321.427 158.57 -1.92966
321.087 157.639 -1.9325
320.743 156.713 -1.92796
320.377 155.782 -1.9166
320.054 154.836 -1.89841
319.722 153.868 -1.91021
319.382 152.894 -1.9125
319.071 151.939 -1.91285
318.734 150.999 -1.91249
318.394 150.007 -1.92108
318.074 149.065 -1.94047
317.735 148.156 -1.94238
317.36 147.184 -1.94705
316.977 146.255 -1.95412
316.593 145.308 -1.93532
316.219 144.394 -1.92741
317.706 153.212 -1.5658
317.722 152.21 -1.55261
317.76 151.198 -1.53609
317.815 150.223 -1.54213
317.84 149.235 -1.53258
317.891 148.229 -1.52436
243.898 189.865 -2.52895
243.104 189.275 -2.54961
242.263 188.712 -2.5551
241.431 188.13 -2.56885
240.579 187.572 -2.57295
239.712 187.032 -2.57364
238.852 186.541 -2.58109
237.981 186.011 -2.5576
237.115 185.482 -2.55561
237.684 184.642 -0.988706
238.24 183.808 -0.969598
238.799 182.954 -0.962465
239.357 182.146 -0.968817
239.941 181.308 -0.979469
240.508 180.5 -0.991321
241.035 179.671 -0.990456
241.576 178.817 -0.995885
242.121 177.981 -0.979417
242.674 177.148 -0.972876
243.222 176.333 -0.979397
243.79 175.494 -0.984007
244.319 174.684 -0.986181
244.872 173.866 -0.987088
245.41 173.009 -0.975116
246.267 173.613 0.589874
247.116 174.177 0.596848
247.952 174.735 0.609179
248.763 175.302 0.606427
249.599 175.859 0.610863
250.427 176.433 0.602657
251.254 177.005 0.599412
252.094 177.563 0.592664
252.904 178.098 0.606062
253.72 178.675 0.604787
254.439 179.144 0.60597
255.268 179.685 0.61205
256.084 180.277 0.610014
256.917 180.875 0.617884
257.74 181.453 0.604416
258.553 182.066 0.610563
259.367 182.639 0.602152
260.202 183.207 0.606134
260.999 183.768 0.592502
261.816 184.314 0.602934
262.631 184.887 0.603185
263.465 185.479 0.612188
264.309 186.039 0.616665
265.125 186.635 0.612931
265.925 187.234 0.631705
266.747 187.827 0.627669
267.57 188.397 0.622537
268.386 188.996 0.637429
269.218 189.585 0.632227
270.031 190.18 0.639305
270.85 190.767 0.632632
271.651 191.385 0.627323
272.454 191.974 0.611047
273.276 192.565 0.629681
274.106 193.151 0.633723
274.914 193.744 0.626476
275.729 194.331 0.628485
276.496 194.908 0.632626
277.323 195.528 0.635109
278.119 196.126 0.633578
278.959 196.695 0.643619
279.74 197.317 0.635839
280.569 197.914 0.637896
281.336 198.488 0.641261
282.115 199.088 0.623622
282.918 199.654 0.633866
283.731 200.262 0.620227
284.522 200.83 0.626784
285.347 201.425 0.614764
286.155 202.011 0.623096
286.984 202.572 0.635487
287.791 203.157 0.627769
288.584 203.774 0.619081
289.418 204.332 0.61128
290.24 204.902 0.618822
289.652 205.723 2.18795
289.102 206.531 2.19073
288.533 207.333 2.18405
287.938 208.139 2.1849
287.367 208.942 2.18262
286.786 209.772 2.17443
286.214 210.643 2.16184
285.631 211.45 2.16592
285.061 212.316 2.1693
284.501 213.108 2.17513
283.674 212.525 -2.51387
282.875 211.946 -2.5161
282.037 211.34 -2.51399
281.207 210.74 -2.52784
280.391 210.125 -2.5347
279.573 209.571 -2.52382
278.767 208.979 -2.52332
277.939 208.414 -2.52142
277.152 207.847 -2.53796
276.335 207.301 -2.53181
275.509 206.707 -2.52531
274.67 206.112 -2.5188
273.875 205.535 -2.52051
273.058 204.945 -2.52313
272.223 204.346 -2.51153
271.407 203.723 -2.49954
270.609 203.124 -2.5105
269.812 202.531 -2.51753
269.012 201.95 -2.51044
310.592 160.294 -0.70861
311.366 159.645 -0.708524
312.123 158.986 -0.722681
312.845 158.303 -0.711471
313.505 159.731 1.57261
313.499 160.725 1.56248
313.508 161.732 1.57088
313.519 162.727 1.54691
313.526 163.734 1.54587
313.517 164.735 1.55596
313.505 165.741 1.56341
313.512 166.704 1.57874
313.517 167.693 1.57005
313.553 168.711 1.57496
313.556 169.725 1.58003
313.548 170.764 1.57465
313.532 171.762 1.56019
313.529 172.769 1.54782
313.555 173.741 1.56241
313.529 174.723 1.56622
313.565 175.714 1.58062
313.511 176.707 1.57185
313.472 177.713 1.56433
313.501 178.701 1.55894
313.523 179.706 1.56384
313.557 180.706 1.55883
314.56 180.672 -0.00308177
315.576 180.682 0.00292723
316.561 180.699 0.0163022
317.542 180.733 0.0177682
318.564 180.747 0.00494723
318.577 179.737 -1.54969
318.604 178.705 -1.55013
318.627 177.69 -1.57138
318.655 176.703 -1.5724
318.643 175.703 -1.57055
318.641 174.697 -1.57617
318.644 173.684 -1.58294
318.601 172.694 -1.58866
318.582 171.683 -1.59513
318.531 170.706 -1.57958
318.491 169.692 -1.57905
318.486 168.701 -1.56184
318.495 167.658 -1.57134
318.483 166.683 -1.57686
318.499 165.711 -1.57533
318.484 164.715 -1.58241
318.474 163.73 -1.58502
318.471 162.7 -1.59893
318.447 161.693 -1.58819
318.449 160.693 -1.59943
318.394 159.681 -1.59092
318.361 158.682 -1.57837
318.39 157.689 -1.59437
318.364 156.675 -1.60378
318.324 155.684 -1.6074
318.246 154.668 -1.62108
318.178 153.705 -1.61491
318.149 152.731 -1.61494
318.117 151.741 -1.62016
318.071 150.73 -1.62639
318.018 149.718 -1.6176
317.944 148.72 -1.60755
317.897 147.705 -1.6192
317.828 146.738 -1.6069
317.854 145.725 -1.61178
317.762 144.754 -1.59418
317.748 143.789 -1.60288
317.725 142.823 -1.60235
317.712 141.825 -1.61144
317.682 140.847 -1.61116
317.612 139.802 -1.60943
317.584 138.781 -1.6063
317.566 137.784 -1.61458
317.55 136.793 -1.61568
317.502 135.789 -1.61767
316.507 135.844 3.09471
315.474 135.896 3.10684
314.456 135.923 3.0941
313.448 135.92 3.10935
312.463 135.95 3.11138
311.456 135.969 3.0922
310.463 136.023 3.10375
309.436 136.043 3.09659
308.427 136.099 3.10285
307.477 136.135 3.10966
306.442 136.151 3.1255
305.461 136.167 -3.1376
304.444 136.134 -3.14125
303.424 136.165 3.13915
302.424 136.17 -3.14059
302.441 135.163 -1.57655
302.431 134.17 -1.57428
302.424 133.174 -1.58181
302.453 132.156 -1.58838
302.439 131.165 -1.58042
302.439 130.152 -1.58368
302.977 129.536 -0.801057
303.692 128.833 -0.799914
304.389 128.105 -0.825436
305.096 127.36 -0.83275
305.771 126.598 -0.826216
306.439 125.834 -0.846848
307.081 125.14 -0.846789
307.756 124.414 -0.854
308.383 123.666 -0.86424
308.967 122.911 -0.859523
309.621 122.157 -0.856568
310.265 121.403 -0.858771
310.924 120.646 -0.85823
311.55 119.874 -0.876883
312.17 119.152 -0.867019
312.787 118.392 -0.86899
313.398 117.634 -0.87817
314.016 116.881 -0.877038
314.645 116.097 -0.853161
315.26 115.34 -0.858755
315.919 114.59 -0.866508
316.577 113.857 -0.867756
317.21 113.091 -0.860275
317.872 112.36 -0.877688
318.519 111.576 -0.883092
319.139 110.807 -0.868912
319.774 110.081 -0.865607
320.423 109.326 -0.859759
321.084 108.559 -0.860553
321.727 107.819 -0.858066
322.381 107.109 -0.836176
323.047 106.35 -0.84444
323.704 105.582 -0.846049
324.336 104.846 -0.849181
325.12 105.511 0.723909
325.895 106.169 0.708377
326.636 106.812 0.705129
327.407 107.473 0.681128
328.19 108.111 0.692681
328.929 108.747 0.684849
329.724 109.332 0.684888
330.492 109.968 0.685728
331.26 110.623 0.707259
332.014 111.265 0.715804
332.762 111.946 0.708938
333.529 112.625 0.713019
334.304 113.31 0.734736
335.041 113.97 0.737391
335.764 114.662 0.723462
336.487 115.264 0.717254
337.293 115.946 0.72944
338.03 116.625 0.728922
338.783 117.313 0.731742
339.512 117.982 0.736311
340.227 118.671 0.726104
340.965 119.309 0.73006
341.697 119.97 0.72834
342.446 120.621 0.717675
343.193 121.235 0.735405
343.925 121.881 0.729306
344.674 122.562 0.731065
345.428 123.232 0.715339
346.189 123.899 0.720041
346.935 124.516 0.731788
347.681 125.169 0.731957
348.399 125.86 0.75063
349.11 126.562 0.755662
349.887 127.219 0.745449
350.637 127.904 0.755621
351.345 128.621 0.771261
352.051 129.333 0.777025
352.768 130.049 0.753952
353.508 130.741 0.748063
354.258 131.435 0.739178
355.016 132.077 0.733009
355.771 132.755 0.747793
356.518 133.442 0.772878
357.245 134.106 0.769034
357.975 134.781 0.775478
358.709 135.493 0.774557
359.413 136.193 0.786266
360.099 136.899 0.77981
360.795 137.629 0.764676
361.52 138.293 0.740747
362.225 137.563 -0.841883
362.876 136.844 -0.821469
363.57 136.111 -0.83002
364.246 135.351 -0.832392
364.908 134.633 -0.818533
365.621 135.314 0.749387
366.347 136.007 0.750526
367.052 136.723 0.758091
367.781 137.43 0.750869
368.5 138.084 0.746146
369.242 138.785 0.745273
369.953 139.499 0.753149
370.665 140.19 0.73903
371.409 140.872 0.736768
372.143 141.539 0.728005
372.906 142.189 0.740174
373.651 142.857 0.741333
374.372 143.509 0.74847
375.12 144.149 0.720107
375.873 144.803 0.733367
376.638 145.476 0.733876
377.406 146.181 0.731755
378.163 146.859 0.732008
378.913 147.505 0.710229
379.651 148.157 0.716482
380.429 148.798 0.699396
381.152 149.435 0.706534
381.914 150.095 0.693468
382.719 150.757 0.707058
383.464 151.409 0.715404
384.227 152.083 0.705194
384.999 152.704 0.690984
385.775 153.324 0.697404
386.522 153.98 0.709183
387.285 154.632 0.716266
386.614 155.372 2.27745
385.951 156.138 2.28397
385.291 156.881 2.28798
384.653 157.656 2.29974
383.971 158.406 2.29779
383.274 159.181 2.30977
382.592 159.966 2.30817
381.926 160.74 2.29635
381.262 161.443 2.28181
380.574 162.233 2.27791
379.921 162.975 2.27869
379.259 163.753 2.28728
378.595 164.538 2.28391
377.961 165.317 2.28693
377.313 166.052 2.30798
376.647 166.811 2.31495
375.967 167.564 2.31278
375.292 168.292 2.31002
374.608 169.048 2.32222
373.867 169.79 2.3196
373.157 169.077 -2.38069
372.426 168.414 -2.39245
371.677 167.752 -2.36938
370.942 167.046 -2.37104
370.267 166.327 -2.36803
369.579 165.618 -2.35895
368.879 164.928 -2.34847
368.173 164.221 -2.3445
374.873 167.473 -1.75066
374.667 166.49 -1.74711
373.684 166.649 2.94763
372.722 166.855 2.95451
371.7 167.004 2.95805
370.726 167.193 2.95142
369.765 167.391 2.94288
368.792 167.61 2.95745
367.819 167.815 2.94542
366.832 167.987 2.96063
365.844 168.193 2.97749
364.853 168.4 2.98929
363.852 168.528 2.98681
362.87 168.68 2.98542
361.881 168.88 2.97657
360.867 169.014 2.97906
359.868 169.181 2.98206
358.825 169.348 2.9673
357.802 169.5 2.96425
356.814 169.7 2.9722
355.832 169.836 2.9628
354.852 170.009 2.9659
353.878 170.219 2.983
352.903 170.339 2.98587
351.89 170.514 2.98915
350.914 170.661 2.98585
349.924 170.825 2.98868
348.948 170.95 2.98796
347.961 171.131 2.9792
346.948 171.306 2.97775
345.934 171.463 2.97308
344.979 171.637 2.99079
344.002 171.786 2.98043
342.982 171.951 2.96417
342.002 172.127 2.97712
340.999 172.254 2.97471
339.987 172.405 2.96504
338.984 172.556 2.965
337.986 172.701 2.95881
336.972 172.909 2.96396
335.969 173.091 2.96001
335 173.239 2.94376
334.022 173.466 2.96096
333.052 173.624 2.95084
332.082 173.809 2.95466
331.112 173.975 2.95065
330.115 174.154 2.96046
329.098 174.342 2.9417
328.119 174.565 2.93504
327.148 174.789 2.93613
326.206 175.011 2.92514
325.23 175.214 2.93471
324.239 175.428 2.93732
323.259 175.606 2.94222
322.249 175.828 2.92889
321.277 176.042 2.92074
320.315 176.244 2.91977
319.35 176.438 2.92118
318.366 176.655 2.91315
317.378 176.888 2.9059
316.409 177.083 2.90206
315.442 177.305 2.89443
314.419 177.557 2.88995
313.466 177.796 2.89388
312.464 178.065 2.90629
311.497 178.294 2.90492
310.555 178.495 2.89821
309.589 178.737 2.89197
308.578 178.989 2.88361
307.568 179.252 2.88311
306.613 179.509 2.88908
305.65 179.727 2.87683
304.682 180.003 2.85854
303.755 180.257 2.87228
302.762 180.513 2.855
301.812 180.786 2.86835
300.847 181.024 2.86212
299.893 181.3 2.85731
298.921 181.585 2.84788
297.942 181.866 2.8617
298.25 181.167 -2.64489
297.375 180.693 -2.63668
296.534 180.207 -2.63767
295.675 179.726 -2.62333
294.801 179.22 -2.62626
293.979 178.699 -2.61665
293.078 178.199 -2.61745
293.564 177.31 -1.05592
294.053 176.419 -1.06283
294.541 175.582 -1.05095
295.028 174.723 -1.03365
295.527 173.829 -1.01405
296.091 173.009 -1.00789
296.603 172.159 -1.00989
297.129 171.347 -1.02139
297.674 170.482 -1.02555
298.207 169.652 -1.04032
298.689 168.798 -1.04783
299.166 167.918 -1.05189
299.679 167.087 -1.05147
300.167 166.172 -1.0405
300.687 165.308 -1.05153
301.545 165.817 0.532151
302.421 166.333 0.528087
303.308 166.818 0.51827
304.221 167.308 0.520552
305.091 167.773 0.521595
305.967 168.228 0.514972
306.821 168.724 0.501493
307.656 169.216 0.503853
308.532 169.712 0.519181
309.412 170.223 0.527259
310.27 170.746 0.52268
311.098 171.24 0.518558
311.956 171.722 0.520106
312.822 172.22 0.529422
313.688 172.728 0.52528
314.563 173.245 0.520837
315.441 173.741 0.513748
316.304 174.231 0.517365
317.172 174.683 0.508758
318.088 175.15 0.498509
319.005 175.617 0.50286
319.842 176.034 0.49734
320.731 176.549 0.498452
321.615 177.012 0.507411
322.484 177.485 0.515677
323.354 177.964 0.509667
324.231 178.455 0.505574
325.094 178.916 0.514535
325.929 179.393 0.520665
326.784 179.884 0.525839
327.696 180.381 0.537304
328.529 180.914 0.544094
329.355 181.443 0.544658
330.221 181.927 0.542538
331.034 182.48 0.55005
331.905 183.018 0.556533
332.762 183.524 0.556086
333.564 184.054 0.557552
334.424 184.611 0.57091
335.265 185.15 0.553693
336.138 185.692 0.539156
336.987 186.2 0.548731
337.816 186.705 0.539815
338.634 187.238 0.563451
339.484 187.78 0.570083
338.94 188.662 2.13007
338.388 189.51 2.10981
337.901 190.385 2.09791
337.441 191.242 2.08978
336.918 192.121 2.09745
336.416 192.969 2.08776
335.861 193.858 2.07802
335.365 194.772 2.07015
334.895 195.637 2.06524
334.422 196.525 2.07168
333.924 197.414 2.0802
333.408 198.283 2.07639
332.921 199.14 2.07137
332.441 199.985 2.06822
331.974 200.85 2.08382
331.479 201.718 2.08181
330.976 202.605 2.08198
330.468 203.473 2.09662
329.979 204.364 2.10416
329.493 205.235 2.10479
329.009 206.1 2.11682
328.483 206.945 2.09948
327.986 207.848 2.10077
327.478 208.726 2.10643
326.992 209.611 2.10453
326.457 210.508 2.08719
325.956 211.369 2.08898
325.474 212.219 2.10472
324.939 213.063 2.10779
324.426 213.899 2.12894
323.91 214.752 2.12887
323.427 215.637 2.12407
322.892 216.515 2.11214
322.386 217.373 2.0971
321.852 218.199 2.09835
321.347 219.057 2.10673
320.822 219.883 2.11157
320.338 220.715 2.12063
319.827 221.543 2.11622
319.324 222.422 2.11154
318.783 223.306 2.10576
318.249 224.169 2.11684
317.736 225.01 2.11499
317.195 225.88 2.10541
316.69 226.741 2.11462
317.532 227.239 0.540594
318.388 227.78 0.546891
319.228 228.278 0.540503
320.068 228.782 0.555933
322.05 230.686 -1.67145
321.961 229.724 -1.67761
321.857 228.722 -1.6919
321.738 227.747 -1.67707
321.642 226.786 -1.68331
321.528 225.787 -1.68842
321.407 224.802 -1.68203
321.312 223.799 -1.68765
321.186 222.801 -1.69759
321.102 221.803 -1.69033
320.976 220.762 -1.6899
320.852 219.783 -1.67385
320.759 218.776 -1.66439
320.665 217.79 -1.6602
320.573 216.78 -1.63667
320.51 215.779 -1.64585
320.385 214.742 -1.65702
320.301 213.77 -1.65553
320.211 212.783 -1.65598
320.154 211.785 -1.66325
320.04 210.803 -1.66958
319.915 209.818 -1.65114
319.86 208.844 -1.6688
319.776 207.837 -1.65313
319.721 206.848 -1.66074
319.641 205.856 -1.64702
319.582 204.843 -1.65424
319.485 203.828 -1.65571
319.367 202.852 -1.66659
319.252 201.888 -1.65685
319.193 200.88 -1.6563
318.172 200.968 3.0543
317.185 201.054 3.04315
316.222 201.144 3.03061
315.258 201.271 3.0272
314.259 201.404 3.00316
313.27 201.584 2.99066
312.285 201.751 2.99014
311.287 201.856 2.99761
310.318 201.96 3.01736
309.28 202.051 3.01271
309.16 201.059 -1.69602
309.034 200.081 -1.69231
308.933 199.095 -1.68796
308.801 198.107 -1.68655
308.666 197.114 -1.68395
307.716 197.225 3.02963
306.724 197.328 3.01612
305.72 197.454 3.04258
304.72 197.573 3.05378
303.723 197.68 3.05015
302.739 197.794 3.0526
301.735 197.901 3.0461
300.767 197.947 3.05164
299.781 198.072 3.06114
298.762 198.171 3.05708
297.78 198.252 3.05357
296.757 198.372 3.05247
295.746 198.475 3.05844
294.732 198.553 3.04762
293.728 198.629 3.03756
292.723 198.745 3.04895
291.755 198.864 3.05895
290.746 198.958 3.05646
289.782 199.01 3.04773
288.786 199.148 3.03692
288.695 198.181 -1.67274
288.579 197.173 -1.67306
288.477 196.15 -1.68263
288.386 195.168 -1.68536
288.263 194.186 -1.67764
288.167 193.204 -1.67243
288.024 192.197 -1.66433
287.969 191.172 -1.65386
287.888 190.202 -1.64556
288.97 193.049 -0.861704
288.22 192.382 -2.45022
287.465 191.769 -2.44509
286.674 191.118 -2.43262
285.907 190.433 -2.42997
283.076 189.843 3.11941
282.063 189.822 3.13811
281.091 189.802 3.13594
280.129 189.777 3.13569
279.117 189.801 3.12723
278.116 189.833 3.12876
278.142 190.825 1.57806
278.152 191.812 1.56274
278.167 192.802 1.55642
278.244 193.825 1.56084
278.247 194.831 1.551
279.29 194.806 -0.0399215
280.279 194.79 -0.0359045
281.277 194.734 -0.0409915
282.263 194.713 -0.0600295
283.251 194.667 -0.0620315
284.27 194.607 -0.0788395
285.283 194.499 -0.0961055
286.294 194.402 -0.0998609
287.264 194.303 -0.108724
288.267 194.213 -0.106407
289.235 194.105 -0.114551
290.214 194.004 -0.10345
291.206 193.922 -0.120514
292.217 193.851 -0.107814
293.236 193.674 -0.0974329
293.324 194.676 1.47647
293.417 195.659 1.47983
293.508 196.625 1.48321
293.6 197.627 1.46836
293.717 198.63 1.46805
293.811 199.651 1.46463
293.927 200.673 1.45714
294.017 201.651 1.46453
294.139 202.658 1.46582
294.228 203.653 1.47656
294.317 204.617 1.4704
294.416 205.646 1.47152
294.517 206.607 1.47982
294.597 207.617 1.48756
294.688 208.619 1.48763
295.664 208.531 -0.0964928
296.658 208.447 -0.0790658
297.644 208.37 -0.0675588
298.653 208.302 -0.0754248
299.683 208.216 -0.0775318
300.716 208.097 -0.0819198
301.724 207.966 -0.0731738
302.701 207.911 -0.0915518
303.701 207.816 -0.0885678
304.695 207.731 -0.0986918
305.692 207.611 -0.104534
306.66 207.52 -0.101451
307.656 207.436 -0.0900528
308.611 207.339 -0.0827028
309.626 207.258 -0.0850898
310.614 207.147 -0.0894598
311.619 207.068 -0.0715668
312.675 207.01 -0.0637638
313.713 206.939 -0.0551068
314.686 206.877 -0.0607898
314.749 207.882 1.4955
314.841 208.894 1.50654
314.916 209.891 1.49929
315 210.86 1.48624
314.845 211.435 1.46923
314.943 212.433 1.47322
315.069 213.443 1.45751
315.168 214.411 1.47752
315.243 215.413 1.46614
315.331 216.403 1.46128
315.398 217.404 1.47066
315.525 218.385 1.45503
315.616 219.34 1.46505
315.722 220.349 1.46043
315.818 221.341 1.4421
315.955 222.338 1.44068
316.064 223.317 1.44492
316.202 224.328 1.43947
316.337 225.335 1.44193
316.485 226.326 1.45053
316.648 227.312 1.44359
316.773 228.344 1.44454
316.846 229.338 1.43311
316.998 230.306 1.42666
317.086 231.296 1.44399
318.085 231.198 -0.114976
319.101 231.065 -0.117169
320.047 230.94 -0.109584
321.013 230.834 -0.109967
322.035 230.736 -0.114445
321.95 229.722 -1.6842
321.825 228.73 -1.68585
321.722 227.767 -1.69566
321.63 226.768 -1.69342
321.515 225.769 -1.67734
321.442 224.756 -1.66858
321.32 223.741 -1.67839
321.211 222.765 -1.67869
321.069 221.768 -1.67667
320.984 220.771 -1.67862
320.855 219.778 -1.65963
320.783 218.777 -1.66624
320.648 217.769 -1.67365
320.564 216.804 -1.66011
320.488 215.786 -1.66328
320.405 214.788 -1.66194
320.312 213.777 -1.66029
320.235 212.792 -1.66605
320.137 211.81 -1.65683
320.049 210.849 -1.65892
319.947 209.811 -1.65041
319.889 208.832 -1.65345
319.812 207.836 -1.65988
319.732 206.822 -1.65203
319.648 205.817 -1.64954
319.545 204.828 -1.66014
319.468 203.845 -1.66798
319.375 202.891 -1.665
319.275 201.881 -1.6645
319.178 200.889 -1.67029
319.113 199.921 -1.67611
319.016 198.911 -1.6761
318.893 197.918 -1.69423
318.78 196.951 -1.69069
318.652 195.972 -1.68989
319.645 195.873 -0.119359
320.648 195.753 -0.123382
321.653 195.651 -0.116208
322.647 195.568 -0.142056
323.667 195.44 -0.144097
323.52 194.445 -1.71821
323.413 193.475 -1.73262
323.302 192.474 -1.73328
323.139 191.489 -1.71839
322.998 190.519 -1.71601
322.873 189.524 -1.72225
322.739 188.544 -1.72572
322.593 187.538 -1.72747
322.412 186.544 -1.72641
322.27 185.575 -1.71388
322.127 184.578 -1.71145
321.972 183.565 -1.72651
321.824 182.597 -1.73244
321.66 181.617 -1.74581
321.49 180.648 -1.73366
320.512 180.818 2.98264
319.524 180.956 2.98863
318.528 181.111 2.98345
317.534 181.251 2.98392
316.556 181.363 2.99986
315.561 181.513 2.99304
314.565 181.628 2.99511
313.607 181.756 2.996
312.628 181.879 3.00251
311.605 182.027 3.00167
310.606 182.148 2.99414
309.603 182.329 2.99355
308.647 182.475 2.99649
307.903 182.082 2.26631
307.231 182.844 2.27037
306.586 183.604 2.26011
305.967 184.393 2.24877
305.33 185.182 2.2484
304.718 185.988 2.2541
304.1 186.729 2.26207
304.857 187.378 0.685737
305.65 188.012 0.676874
306.415 188.66 0.665606
307.199 189.272 0.661555
307.973 189.908 0.668387
307.348 190.683 2.2481
306.728 191.439 2.24746
306.085 192.2 2.26546
305.433 192.986 2.26414
304.8 193.783 2.25513
304.171 194.541 2.25027
303.552 195.318 2.23344
302.943 196.117 2.23877
302.32 196.902 2.24905
301.729 197.681 2.24195
301.074 198.519 2.23865
300.492 199.31 2.24245
299.871 200.105 2.2421
299.208 200.905 2.24053
298.564 201.688 2.2402
297.777 201.066 -2.48586
296.996 200.455 -2.47295
296.223 199.821 -2.46788
295.44 199.175 -2.47673
294.656 198.601 -2.46893
294.047 199.39 2.24808
293.419 200.175 2.22913
292.816 200.978 2.21895
292.195 201.803 2.22694
291.632 202.578 2.21081
291.038 203.363 2.21102
290.456 204.149 2.21272
289.84 204.982 2.21992
289.264 205.772 2.23
288.631 206.554 2.23854
288.026 207.344 2.23239
287.431 208.114 2.22554
286.819 208.897 2.21836
286.24 209.716 2.21897
285.638 210.535 2.22919
285.017 211.331 2.21624
284.411 212.124 2.20805
283.792 212.917 2.19187
283.194 213.697 2.18768
282.609 214.489 2.1922
282.021 215.316 2.18314
281.472 216.115 2.19645
280.858 216.934 2.19073
280.285 217.758 2.1787
279.702 218.598 2.17527
279.119 219.421 2.19871
278.54 220.206 2.20553
277.93 221.034 2.20514
277.33 221.833 2.21477
276.712 222.646 2.21042
276.132 223.45 2.19164
275.525 224.263 2.18792
274.936 225.069 2.19733
274.343 225.849 2.18411
273.733 226.672 2.17829
274.566 227.239 0.606271
275.376 227.814 0.597198
276.19 228.394 0.602517
277.049 228.951 0.604323
277.883 229.525 0.599216
278.765 230.102 0.615434
279.594 230.677 0.601397
280.388 231.235 0.615196
281.211 231.799 0.594845
282.006 232.353 0.595335
281.888 231.793 1.37103
282.107 232.753 1.38058
282.306 233.764 1.3924
282.466 234.756 1.39767
282.635 235.724 1.40911
282.813 236.736 1.39674
282.974 237.706 1.41253
283.141 238.687 1.40766
283.307 239.692 1.41202
283.459 240.691 1.42524
283.562 241.699 1.41854
285.154 243.124 -2.57701
284.307 242.62 -2.56848
283.501 242.078 -2.56429
282.668 241.517 -2.56282
281.855 240.954 -2.57518
281.01 240.413 -2.57617
280.155 239.844 -2.58338
279.282 239.288 -2.58725
278.415 238.786 -2.57718
277.576 238.228 -2.6027
276.73 237.733 -2.59033
275.884 237.197 -2.59016
275.012 236.698 -2.56625
274.155 236.148 -2.56671
273.306 235.631 -2.56488
272.461 235.076 -2.56863
271.629 234.517 -2.56654
270.773 233.929 -2.55747
269.978 233.396 -2.55237
269.17 232.823 -2.53746
268.345 232.284 -2.52627
267.508 231.683 -2.52505
266.709 231.091 -2.51687
265.906 230.492 -2.51981
265.31 231.284 2.18323
264.754 232.107 2.18733
264.169 232.943 2.18099
263.592 233.764 2.17439
263.06 234.578 2.16817
262.496 235.426 2.15583
261.963 236.267 2.16465
261.42 237.097 2.16207
260.831 237.905 2.15499
260.277 238.741 2.16537
259.712 239.552 2.172
259.106 240.392 2.16383
258.561 241.223 2.17393
257.982 242.028 2.17344
257.396 242.863 2.17197
256.597 242.335 -2.54556
255.756 241.766 -2.55579
254.917 241.211 -2.54345
254.073 240.616 -2.5451
253.223 240.048 -2.54931
253.799 239.236 -0.980077
254.338 238.407 -0.977154
254.896 237.578 -0.967365
255.473 236.794 -0.96521
256.043 235.922 -0.97308
256.607 235.087 -0.9778
257.172 234.239 -0.972695
257.75 233.402 -0.97966
258.3 232.568 -0.977806
258.861 231.754 -0.971478
259.441 230.919 -0.966063
260.022 230.114 -0.962248
260.599 229.297 -0.969524
261.19 228.479 -0.974003
261.745 227.639 -0.962392
262.285 226.834 -0.971291
262.859 226.003 -0.966437
263.405 225.164 -0.957592
264.002 224.367 -0.953581
264.574 223.548 -0.953183
265.127 222.714 -0.973369
265.641 221.874 -0.957206
266.203 221.065 -0.967033
266.779 220.266 -0.969196
267.379 219.43 -0.968851
267.928 218.601 -0.96439
268.528 217.774 -0.956199
269.102 216.93 -0.948165
269.697 216.1 -0.94107
270.306 215.315 -0.920964
270.951 214.521 -0.935468
271.515 213.716 -0.944576
272.135 212.913 -0.925335
272.74 212.094 -0.923958
273.354 211.252 -0.92091
273.951 210.459 -0.918749
274.556 209.66 -0.928379
275.153 208.858 -0.939905
275.731 208.093 -0.946961
276.318 207.267 -0.944122
277.133 207.86 0.617788
277.954 208.42 0.622405
278.767 208.995 0.616273
279.578 209.564 0.615714
280.383 210.154 0.616042
280.974 209.318 -0.946891
281.553 208.49 -0.949308
282.115 207.679 -0.951012
282.678 206.862 -0.950604
283.269 206.043 -0.943391
283.855 205.21 -0.952056
284.444 204.42 -0.953787
285.009 203.625 -0.94046
285.571 202.808 -0.948346
286.163 202.01 -0.937688
286.961 202.575 0.617477
287.766 203.171 0.616175
288.596 203.748 0.615272
289.416 204.334 0.612861
290.246 204.886 0.605791
289.664 205.678 2.17543
289.088 206.512 2.18407
288.537 207.316 2.17991
287.963 208.145 2.17799
287.385 208.967 2.18905
288.2 209.532 0.618912
289.024 210.089 0.635448
289.82 210.668 0.617469
290.648 211.232 0.614678
291.461 211.803 0.610819
292.261 212.385 0.616845
293.107 212.985 0.635502
293.886 213.564 0.622388
294.698 214.102 0.635983
295.512 214.701 0.636075
296.327 215.263 0.641598
297.135 215.88 0.63031
297.938 216.452 0.617952
298.719 217.03 0.621515
299.534 217.598 0.635988
300.327 218.181 0.639451
301.126 218.758 0.642335
301.934 219.357 0.62845
302.731 219.957 0.629926
303.51 220.564 0.644517
304.334 221.17 0.617324
305.114 221.707 0.610764
305.937 222.253 0.611247
306.748 222.798 0.620392
307.549 223.418 0.612016
308.386 224.002 0.617336
309.196 224.556 0.622998
310.025 225.152 0.618865
310.846 225.728 0.630822
311.668 226.32 0.625243
312.48 226.851 0.618396
313.283 227.445 0.594321
314.114 227.994 0.596582
314.954 228.558 0.588428
315.798 229.136 0.594306
315.241 229.958 2.16903
314.681 230.818 2.16778
314.109 231.626 2.16205
313.57 232.431 2.17955
313.011 233.267 2.18505
312.412 234.082 2.18939
311.859 234.924 2.1961
311.279 235.741 2.17653
310.669 236.563 2.18062
310.102 237.382 2.17736
309.271 236.805 -2.52437
308.466 236.192 -2.52587
307.657 235.629 -2.52651
306.848 235.067 -2.51455
306.013 234.484 -2.51455
305.216 233.903 -2.52145
304.403 233.312 -2.52642
303.587 232.739 -2.52135
302.76 232.178 -2.53209
301.932 231.604 -2.52915
301.14 231.002 -2.53352
300.336 230.433 -2.51767
299.504 229.859 -2.52626
298.697 229.27 -2.52202
297.851 228.696 -2.53271
297.044 228.13 -2.53959
296.221 227.543 -2.53178
295.376 226.937 -2.53496
294.582 226.363 -2.51734
293.783 225.789 -2.51655
293.001 225.214 -2.51511
292.205 224.621 -2.52117
291.389 224.046 -2.53349
290.569 223.445 -2.53714
289.741 222.879 -2.52672
288.927 222.316 -2.52164
288.108 221.725 -2.5204
287.315 221.12 -2.50608
286.492 220.53 -2.51042
285.694 219.969 -2.51796
286.265 219.155 -0.961005
286.829 218.315 -0.962179
287.359 217.505 -0.968701
287.931 216.67 -0.95969
288.536 215.88 -0.957496
289.115 215.052 -0.958168
289.713 214.281 -0.967583
290.257 213.462 -0.969909
290.871 212.651 -0.952773
291.446 211.829 -0.945606
292.039 211.008 -0.945435
292.607 210.21 -0.951283
293.185 209.389 -0.949544
293.742 208.586 -0.938474
294.346 207.761 -0.952243
293.545 207.2 -2.51997
292.733 206.601 -2.52595
291.912 206.045 -2.52801
291.092 205.465 -2.5254
290.264 204.883 -2.53595
289.402 204.287 -2.52747
288.615 203.738 -2.53276
287.805 203.165 -2.53517
286.989 202.576 -2.5228
286.183 201.991 -2.51818
285.344 201.404 -2.5229
284.562 200.821 -2.51592
283.743 200.239 -2.51236
282.938 199.68 -2.5222
282.12 199.107 -2.52437
281.32 198.515 -2.51147
280.535 197.921 -2.50814
279.718 197.309 -2.49421
278.92 196.703 -2.49363
278.128 196.098 -2.50094
277.298 195.506 -2.5073
276.509 194.905 -2.50862
275.691 194.3 -2.50232
274.874 193.708 -2.49536
274.071 193.111 -2.49889
273.247 192.521 -2.50628
272.44 191.929 -2.53276
271.651 191.394 -2.50668
270.849 190.784 -2.51549
270.051 190.173 -2.52256
269.224 189.565 -2.52397
268.407 188.984 -2.51408
267.59 188.39 -2.53074
266.781 187.818 -2.5231
265.961 187.228 -2.52357
265.123 186.656 -2.51898
264.276 186.091 -2.50863
263.46 185.482 -2.51692
262.635 184.93 -2.52408
261.838 184.344 -2.53497
261.015 183.764 -2.53688
260.18 183.193 -2.5442
259.366 182.639 -2.5469
258.56 182.106 -2.55432
257.73 181.502 -2.53294
256.923 180.919 -2.52785
256.124 180.364 -2.52051
255.33 179.798 -2.52702
254.522 179.209 -2.52583
253.709 178.661 -2.5342
253.125 179.471 2.18751
252.558 180.285 2.1969
251.971 181.128 2.19485
251.401 181.912 2.20428
250.804 182.705 2.1977
250.237 183.508 2.18892
249.677 184.33 2.19565
249.093 185.106 2.19225
248.498 185.891 2.18156
247.889 186.706 2.17861
298.565 146.16 3.01041
297.585 146.27 3.01051
296.605 146.362 3.0177
295.606 146.504 3.02125
304.857 167.366 -3.04329
303.87 167.254 -3.04676
302.915 167.147 -3.03938
301.906 167.112 -3.05928
300.914 167.041 -3.0561
299.918 166.978 -3.04924
298.927 166.879 -3.05129
297.948 166.779 -3.05812
296.963 166.698 -3.05607
295.975 166.611 -3.06865
294.992 166.537 -3.06498
293.977 166.481 -3.05898
292.935 166.416 -3.06751
291.941 166.331 -3.0599
290.941 166.256 -3.05669
289.928 166.167 -3.04813
290.026 165.165 -1.49797
290.07 164.181 -1.49058
290.158 163.2 -1.48733
290.23 162.206 -1.49295
290.357 161.206 -1.48817
290.464 160.202 -1.47396
290.575 159.232 -1.47019
290.662 158.262 -1.464
290.761 157.286 -1.46329
290.879 156.317 -1.44759
291.017 155.303 -1.44765
291.12 154.341 -1.46053
291.191 153.317 -1.4513
291.331 152.327 -1.45003
291.445 151.371 -1.4518
292.416 151.476 0.138877
293.406 151.63 0.138157
294.381 151.753 0.13344
294.089 151.27 0.911187
294.715 152.056 0.911322
293.926 152.638 2.47363
293.12 153.258 2.48137
292.365 153.914 2.48673
291.566 154.527 2.4875
290.778 155.146 2.47951
289.966 155.772 2.46317
289.168 156.397 2.47381
288.366 156.984 2.4855
287.553 157.599 2.49025
286.585 157.451 -3.02686
285.569 157.344 -3.03643
284.576 157.259 -3.04402
283.6 157.181 -3.03397
282.647 157.058 -3.04402
281.668 156.947 -3.05685
280.668 156.852 -3.06695
279.668 156.79 -3.07527
278.648 156.732 -3.1027
277.62 156.656 -3.10257
276.597 156.625 -3.0991
275.614 156.579 -3.09892
274.619 156.57 -3.0933
273.636 156.526 -3.10112
272.587 156.464 -3.0795
271.559 156.391 -3.08473
270.555 156.37 -3.07379
269.533 156.297 -3.05845
268.529 156.193 -3.06882
267.531 156.156 -3.06321
266.563 156.087 -3.06569
265.575 156.059 -3.04687
264.574 155.972 -3.039
263.59 155.857 -3.03734
262.641 155.742 -3.05989
261.617 155.642 -3.0749
260.641 155.543 -3.07069
259.673 155.473 -3.07053
258.619 155.418 -3.07727
257.646 155.339 -3.09749
256.64 155.289 -3.09754
255.656 155.229 -3.09228
254.707 155.158 -3.07835
253.749 155.097 -3.06268
252.758 155.013 -3.06109
251.762 154.932 -3.05785
250.75 154.827 -3.07594
249.813 154.733 -3.07275
248.798 154.657 -3.05954
247.792 154.554 -3.06503
246.777 154.469 -3.07559
245.789 154.423 -3.0738
244.797 154.359 -3.06851
243.813 154.308 -3.06551
242.794 154.232 -3.09161
241.799 154.17 -3.10059
240.799 154.174 -3.10298
239.79 154.132 -3.08281
238.774 154.056 -3.07916
237.792 154 -3.06923
236.766 153.944 -3.06803
235.732 153.895 -3.05471
234.72 153.798 -3.06072
233.701 153.728 -3.05083
232.697 153.645 -3.02607
231.692 153.544 -3.02947
231.599 154.522 1.6653
231.495 155.501 1.65184
231.377 156.538 1.67418
231.281 157.6 1.68056
231.127 158.593 1.69251
230.991 159.589 1.68904
230.873 160.595 1.67607
230.77 161.558 1.67675
230.658 162.528 1.67357
230.554 163.546 1.69126
229.523 163.435 -3.02112
228.535 163.288 -3.03169
227.538 163.232 -3.03215
226.554 163.144 -3.05247
225.565 163.021 -3.06638
224.579 162.905 -3.05783
223.597 162.835 -3.04639
222.597 162.734 -3.05253
221.614 162.63 -3.05877
220.61 162.548 -3.05987
219.654 162.446 -3.04942
218.666 162.359 -3.03865
217.684 162.266 -3.04623
216.706 162.18 -3.05336
215.684 162.076 -3.06736
214.688 162.022 -3.06222
213.685 161.927 -3.06373
212.692 161.847 -3.07056
211.697 161.742 -3.06489
210.709 161.693 -3.0609
209.698 161.629 -3.05497
208.722 161.521 -3.06691
207.687 161.457 -3.06919
206.7 161.4 -3.08546
205.725 161.318 -3.0979
204.723 161.283 -3.08541
203.777 161.192 -3.07197
202.755 161.138 -3.0832
201.723 161.083 -3.07787
200.703 161.006 -3.07316
199.707 160.933 -3.07602
198.69 160.848 -3.08653
197.689 160.798 -3.07689
196.73 160.709 -3.07648
195.729 160.612 -3.06241
195.655 161.623 1.66968
195.551 162.648 1.66063
195.435 163.668 1.65456
195.337 164.643 1.63013
195.274 165.634 1.62838
195.219 166.636 1.62455
195.16 167.641 1.61816
195.113 168.628 1.60245
195.107 169.649 1.60924
195.09 170.634 1.61653
195.047 171.612 1.62677
194.953 172.633 1.60864
194.967 173.798 1.63286
194.879 174.771 1.62514
194.823 175.766 1.62593
193.791 175.751 -3.08506
192.795 175.711 -3.08536
191.791 175.64 -3.08903
190.803 175.599 -3.09005
189.813 175.558 -3.08368
189.85 174.556 -1.52314
189.876 173.582 -1.53187
189.935 172.591 -1.55668
189.956 171.568 -1.53635
190.026 170.571 -1.5514
191.059 170.574 0.0257502
192.038 170.605 0.0320752
193.037 170.591 0.0310422
194.073 170.617 0.0228722
195.052 170.625 0.0198487
196.046 170.648 0.0178461
197.055 170.684 0.0353367
198.067 170.753 0.0445744
199.097 170.774 0.0395548
200.078 170.824 0.0543481
200.119 169.857 -1.50684
200.199 168.904 -1.49841
200.304 167.892 -1.50868
200.346 166.916 -1.50502
200.399 165.903 -1.50661
200.456 164.957 -1.50875
200.496 163.98 -1.50768
200.566 163.009 -1.5084
200.619 161.993 -1.49942
200.681 160.989 -1.512
200.74 159.989 -1.52549
200.783 159.027 -1.5323
200.771 158.065 -1.52666
200.85 157.086 -1.50657
200.879 156.097 -1.5248
200.922 155.101 -1.52968
200.947 154.069 -1.5218
200.987 153.073 -1.51658
201.044 152.101 -1.51647
201.083 151.138 -1.52762
201.14 150.133 -1.51859
201.187 149.154 -1.51501
201.229 148.142 -1.5182
201.247 147.138 -1.49873
201.326 146.145 -1.50967
201.383 145.141 -1.51247
201.475 144.159 -1.50392
201.542 143.16 -1.50585
201.599 142.166 -1.50846
201.673 141.18 -1.51424
201.741 140.191 -1.51595
201.796 139.215 -1.51586
201.836 138.237 -1.5188
201.882 137.233 -1.49988
201.975 136.244 -1.50614
202.026 135.275 -1.50688
202.075 134.268 -1.50241
202.144 133.278 -1.51324
202.21 132.298 -1.51378
202.268 131.276 -1.50856
202.328 130.305 -1.52619
202.375 129.329 -1.53846
202.415 128.327 -1.53675
202.466 127.298 -1.53803
202.458 126.294 -1.52012
202.506 125.256 -1.51951
202.578 124.288 -1.5264
202.633 123.298 -1.54821
202.656 122.289 -1.53656
202.689 121.241 -1.52816
202.724 120.25 -1.54244
202.772 119.238 -1.52803
202.795 118.248 -1.52479
202.881 117.253 -1.52136
202.907 116.245 -1.52118
202.946 115.251 -1.51135
203.014 114.212 -1.5161
203.06 113.245 -1.50795
203.136 112.253 -1.50989
203.175 111.252 -1.5093
203.229 110.264 -1.50207
203.295 109.267 -1.50458
203.34 108.253 -1.50163
203.382 107.271 -1.50444
203.442 106.272 -1.50259
203.519 105.29 -1.489
203.585 104.307 -1.49211
203.637 103.334 -1.49468
203.716 102.357 -1.48401
203.78 101.312 -1.4709
202.753 101.207 -3.04015
201.746 101.115 -3.03693
200.709 101.001 -3.03958
199.742 100.909 -3.04461
198.755 100.837 -3.03674
198.841 99.8572 -1.45929
198.956 98.8635 -1.46684
199.053 97.8657 -1.45917
199.181 96.8183 -1.46017
199.28 95.8038 -1.45622
199.382 94.8116 -1.44469
199.533 93.815 -1.41395
199.676 92.8432 -1.41191
199.806 91.8487 -1.41111
199.966 90.8605 -1.40799
200.095 89.903 -1.41079
200.258 88.8662 -1.41415
200.431 87.8765 -1.41173
200.602 86.9112 -1.40379
200.749 85.9288 -1.41268
200.917 84.9195 -1.39573
201.061 83.9349 -1.39373
201.22 83.009 -1.4057
201.342 82.0463 -1.40782
201.481 81.1083 -1.40957
201.621 80.0979 -1.41002
201.802 79.1027 -1.40037
244.627 99.4284 -0.846241
245.295 98.6682 -0.848161
245.958 97.9145 -0.848125
230.169 100.2 1.7805
229.937 101.182 1.76837
229.772 102.166 1.75787
229.627 103.154 1.76379
229.463 104.157 1.7691
250.614 101.706 0.693775
251.373 102.331 0.702485
252.145 102.941 0.70233
252.901 103.58 0.69808
253.652 104.223 0.686203
254.445 104.868 0.692287
255.23 105.519 0.692003
255.98 106.185 0.694781
256.745 106.833 0.69256
257.512 107.459 0.69402
258.258 108.071 0.702053
259.053 108.707 0.698569
259.833 109.312 0.708673
260.553 109.948 0.69543
261.335 110.613 0.702984
262.079 111.274 0.697456
262.85 111.933 0.687874
263.602 112.598 0.6936
264.328 113.201 0.687816
265.103 113.827 0.678989
265.857 114.483 0.674278
266.602 115.126 0.682817
267.418 115.782 0.674566
268.202 116.439 0.686398
268.96 117.072 0.681599
269.746 117.726 0.711397
270.53 118.361 0.699908
271.263 119 0.701093
272.005 119.641 0.708669
272.774 120.301 0.688401
273.555 120.944 0.678124
274.316 121.607 0.682607
275.087 122.219 0.680542
275.881 122.829 0.675332
276.673 123.443 0.670427
277.452 124.039 0.675638
278.249 124.656 0.668048
279.052 125.287 0.652639
279.796 125.886 0.657731
280.579 126.476 0.661789
281.395 127.124 0.652805
282.218 127.768 0.666966
283.044 128.383 0.675265
283.828 129.014 0.683665
284.593 129.62 0.695056
283.931 130.396 2.25051
283.328 131.176 2.25569
282.7 131.947 2.2567
282.069 132.746 2.25
281.45 133.491 2.23998
280.827 134.303 2.23908
280.173 135.091 2.24105
279.536 135.857 2.23434
278.909 136.625 2.25281
278.265 137.411 2.25551
277.591 138.196 2.24483
276.962 138.96 2.26395
276.348 139.71 2.25065
275.684 140.468 2.25741
268.36 144.935 2.02174
267.911 145.832 2.04546
267.421 146.759 2.04383
266.946 147.62 2.0488
266.487 148.512 2.04457
266.022 149.408 2.03405
265.57 150.281 2.02301
265.153 151.21 2.00965
264.759 152.123 2.02125
264.343 153.011 2.02896
263.889 153.915 2.03073
263.431 154.788 2.03143
263.005 155.688 2.04142
262.546 156.555 2.02943
262.092 157.43 2.01414
261.652 158.327 2.01339
261.185 159.256 2.00685
260.743 160.159 2.0123
260.32 161.069 2.00334
259.924 161.972 1.98507
259.49 162.901 1.96703
260.399 163.262 0.402274
261.34 163.661 0.424832
262.22 164.081 0.425778
263.131 164.466 0.425596
264.042 164.879 0.426814
264.968 165.247 0.415886
265.869 165.673 0.39709
266.788 166.07 0.378711
267.762 166.413 0.378854
268.687 166.785 0.38097
269.581 167.145 0.395687
270.51 167.507 0.392846
271.423 167.851 0.381314
272.353 168.192 0.39319
273.293 168.555 0.38144
274.231 168.942 0.387162
275.166 169.36 0.40834
276.096 169.759 0.411996
277.021 170.138 0.411137
277.923 170.534 0.412288
278.813 170.941 0.414059
279.77 171.331 0.415009
280.676 171.728 0.419674
281.611 172.146 0.41857
282.555 172.523 0.424594
282.962 171.608 -1.1519
283.379 170.707 -1.14826
283.79 169.803 -1.13816
284.221 168.913 -1.13264
284.655 167.988 -1.13534
285.106 167.079 -1.14257
285.488 166.19 -1.15678
285.861 165.3 -1.14882
286.271 164.384 -1.15491
286.689 163.503 -1.16518
287.086 162.568 -1.16218
287.494 161.662 -1.15978
287.874 160.704 -1.16355
288.24 159.828 -1.16481
288.634 158.884 -1.16554
289.069 157.975 -1.1663
289.468 157.047 -1.16193
289.871 156.13 -1.1703
290.264 155.213 -1.16931
290.67 154.3 -1.16661
291.099 153.402 -1.17336
291.483 152.505 -1.17299
291.866 151.572 -1.16457
292.248 150.641 -1.16377
292.668 149.739 -1.16656
293.1 148.81 -1.15808
293.523 147.898 -1.18138
293.879 146.994 -1.19318
294.256 146.073 -1.2054
294.614 145.134 -1.19241
294.989 144.198 -1.20226
295.369 143.251 -1.21126
295.694 142.321 -1.21868
296.069 141.381 -1.20067
296.401 140.466 -1.19468
297.328 140.823 0.387584
298.244 141.201 0.383661
299.199 141.562 0.39346
300.115 141.934 0.412135
301.035 142.323 0.4187
301.949 142.737 0.417605
302.833 143.166 0.418782
303.739 143.565 0.40252
304.631 143.939 0.4006
305.547 144.335 0.400905
306.465 144.725 0.387245
307.406 145.107 0.391259
308.325 145.496 0.388727
309.235 145.902 0.394368
310.163 146.234 0.397729
311.07 146.567 0.376074
311.971 146.924 0.374586
312.868 147.347 0.378016
313.815 147.744 0.40221
314.772 148.131 0.410199
315.681 148.504 0.405733
316.572 148.895 0.404711
317.465 149.283 0.402506
318.388 149.67 0.404246
319.321 150.055 0.390863
318.909 150.966 1.96799
318.514 151.865 1.96
318.135 152.792 1.95552
317.737 153.696 1.97061
317.333 154.626 1.97414
316.923 155.546 1.97424
316.532 156.478 1.96862
316.146 157.426 1.95241
315.773 158.369 1.9403
315.434 159.297 1.94706
315.048 160.212 1.96286
314.636 161.136 1.96807
314.243 162.077 1.98012
313.848 162.979 1.96584
313.454 163.909 1.97667
313.068 164.794 1.97605
312.652 165.719 1.97468
312.246 166.662 1.96627
311.878 167.578 1.98411
311.492 168.502 1.97948
311.06 169.424 1.98972
310.677 170.315 1.98809
310.294 171.188 1.98964
309.897 172.084 1.97668
309.496 172.998 1.96886
309.051 173.899 1.95945
308.651 174.826 1.95922
308.267 175.735 1.95133
307.899 176.669 1.95145
307.528 177.601 1.93898
307.169 178.535 1.95208
306.779 179.444 1.95258
306.405 180.385 1.94976
306.013 181.323 1.93971
305.618 182.229 1.93832
305.224 183.128 1.94143
304.863 184.067 1.95093
304.514 184.998 1.95948
304.124 185.953 1.94551
303.776 186.866 1.95591
303.406 187.772 1.97192
303.02 188.674 1.96929
302.645 189.6 1.96299
302.267 190.512 1.97256
301.857 191.448 1.96971
301.503 192.406 1.98393
301.086 193.332 1.97483
300.707 194.278 1.97229
300.316 195.189 1.97003
299.935 196.115 1.97068
299.528 197.032 1.99334
299.123 197.93 1.98006
298.715 198.853 1.98342
298.326 199.759 1.97549
297.925 200.67 1.98268
297.543 201.597 1.98164
297.129 202.521 1.96427
296.741 203.436 1.94795
296.4 204.348 1.95039
296.041 205.257 1.94962
295.65 206.151 1.95037
295.304 207.084 1.94158
294.96 208.018 1.96515
294.542 208.936 1.96183
294.129 209.876 1.96624
293.768 210.788 1.97253
293.337 211.681 1.96595
292.956 212.589 1.97193
292.55 213.526 1.95927
292.173 214.437 1.95788
291.255 214.06 -2.75193
290.349 213.673 -2.7639
289.432 213.291 -2.77966
288.494 212.957 -2.77475
287.623 212.623 -2.76414
288 211.713 -1.19122
288.389 210.787 -1.18775
288.739 209.859 -1.19461
289.104 208.946 -1.17843
289.486 208.01 -1.16959
289.868 207.09 -1.15652
290.29 206.185 -1.1547
290.688 205.273 -1.17092
291.059 204.344 -1.15291
291.479 203.422 -1.15618
290.57 203.025 -2.73881
289.629 202.608 -2.74251
288.677 202.187 -2.74301
287.742 201.809 -2.73397
286.832 201.431 -2.7295
285.905 201.041 -2.72151
284.993 200.647 -2.71199
284.098 200.236 -2.70659
283.192 199.79 -2.70324
282.289 199.329 -2.68342
281.355 198.872 -2.68779
280.46 198.438 -2.71258
279.542 198.006 -2.70426
278.638 197.59 -2.71194
277.733 197.192 -2.71226
276.831 196.798 -2.71324
275.894 196.398 -2.70822
274.986 195.93 -2.71038
274.059 195.527 -2.70443
273.155 195.075 -2.7023
272.75 195.988 1.99113
272.344 196.906 1.99558
271.948 197.792 1.98502
271.544 198.72 1.98239
271.135 199.665 1.97103
270.167 199.263 -2.74955
269.243 198.867 -2.75508
268.297 198.494 -2.75002
267.4 198.11 -2.7541
266.465 197.705 -2.76802
265.54 197.32 -2.78263
264.584 196.994 -2.76002
263.701 196.623 -2.7615
262.798 196.28 -2.77343
261.869 195.914 -2.78174
262.209 195.001 -1.21589
262.572 194.06 -1.21099
262.894 193.165 -1.21147
263.229 192.236 -1.20397
263.6 191.264 -1.18948
263.938 190.341 -1.18235
264.315 189.442 -1.17233
264.637 188.532 -1.1677
265.025 187.644 -1.16409
265.393 186.753 -1.15924
265.781 185.848 -1.15741
266.142 184.929 -1.15564
266.517 184.009 -1.16153
266.918 183.094 -1.15861
267.316 182.213 -1.15818
268.241 182.593 0.425557
269.106 182.998 0.42708
270.018 183.392 0.429701
270.922 183.831 0.42457
271.873 184.273 0.413059
272.319 183.363 -1.14893
272.715 182.474 -1.14497
273.146 181.562 -1.14724
273.552 180.642 -1.14369
273.941 179.722 -1.14702
274.331 178.811 -1.15368
274.754 177.892 -1.14927
275.172 176.968 -1.16161
275.574 176.041 -1.16464
275.962 175.125 -1.17454
276.329 174.204 -1.17282
276.723 173.279 -1.16977
277.114 172.373 -1.15811
277.534 171.472 -1.16075
277.934 170.547 -1.16214
278.836 170.935 0.422406
279.762 171.316 0.411927
280.665 171.738 0.424501
281.61 172.168 0.425952
282.566 172.521 0.424382
283.48 172.939 0.430479
284.371 173.34 0.416667
285.278 173.732 0.4084
286.207 174.15 0.40901
287.142 174.527 0.409771
288.073 174.923 0.414671
288.991 175.348 0.394967
289.936 175.731 0.394342
290.887 176.117 0.403737
291.834 176.526 0.396176
292.73 176.932 0.37584
293.654 177.274 0.38741
294.578 177.65 0.393601
295.513 178.043 0.396655
296.454 178.446 0.408938
297.367 178.806 0.405476
298.303 179.15 0.400645
299.227 179.557 0.384082
300.163 179.943 0.389339
301.069 180.339 0.401141
301.972 180.739 0.396725
302.903 181.126 0.388795
303.793 181.505 0.382583
304.731 181.879 0.382811
305.687 182.279 0.379296
306.05 181.357 -1.20013
306.423 180.404 -1.19494
306.802 179.473 -1.19014
307.184 178.553 -1.19596
307.531 177.593 -1.19148
307.884 176.69 -1.18519
308.285 175.784 -1.17228
308.696 174.826 -1.15994
309.112 173.894 -1.14385
309.493 173.016 -1.14849
309.889 172.111 -1.15191
310.333 171.194 -1.15893
310.726 170.294 -1.15866
311.095 169.415 -1.15089
311.512 168.464 -1.15614
311.916 167.55 -1.17195
312.3 166.616 -1.16742
312.69 165.659 -1.16134
313.103 164.727 -1.183
313.498 163.794 -1.18982
312.582 163.409 -2.75948
311.629 163.054 -2.74895
310.712 162.647 -2.75215
309.799 162.29 -2.74419
308.92 161.895 -2.74983
307.987 161.522 -2.75886
307.059 161.148 -2.7709
306.456 161.326 1.29939
306.695 162.288 1.29244
306.96 163.241 1.30346
307.242 164.215 1.31559
307.509 165.162 1.31693
307.794 166.096 1.32571
308.091 167.083 1.32155
308.356 168.045 1.32493
309.315 167.816 -0.243925
310.278 167.591 -0.245254
311.26 167.37 -0.252876
312.208 167.073 -0.251539
313.187 166.839 -0.255363
314.149 166.599 -0.257745
315.124 166.343 -0.277583
316.072 166.045 -0.271109
317.026 165.745 -0.271832
317.957 165.476 -0.254048
318.957 165.228 -0.265217
319.935 164.971 -0.251522
320.916 164.695 -0.255071
321.888 164.45 -0.261878
322.891 164.219 -0.261627
323.88 163.941 -0.258264
324.868 163.676 -0.24929
325.812 163.404 -0.243527
326.77 163.162 -0.252122
327.709 162.916 -0.254995
328.682 162.683 -0.243607
329.671 162.436 -0.253363
330.641 162.179 -0.267984
331.603 161.901 -0.272695
332.593 161.618 -0.272607
333.573 161.365 -0.277254
334.496 161.111 -0.283694
335.488 160.887 -0.288093
336.446 160.6 -0.283169
337.437 160.304 -0.294542
338.382 160.05 -0.286532
339.376 159.743 -0.283346
340.376 159.457 -0.276851
341.367 159.162 -0.290369
342.327 158.84 -0.293301
342.617 159.805 1.27747
342.909 160.792 1.26626
343.197 161.747 1.27957
343.522 162.674 1.26835
343.829 163.622 1.27678
344.777 163.304 -0.298527
345.744 162.991 -0.291057
346.744 162.704 -0.284609
347.733 162.381 -0.283974
348.699 162.079 -0.29349
349.635 161.787 -0.283624
350.636 161.541 -0.272881
351.584 161.279 -0.27895
352.546 160.999 -0.256205
353.547 160.772 -0.270562
356.157 160.663 -1.00515
356.66 159.851 -1.0101
357.181 159.033 -1.01499
357.711 158.174 -1.00701
358.219 157.317 -1.01626
358.758 156.458 -1.0306
359.279 155.634 -1.01507
359.822 154.775 -1.02441
360.356 153.9 -1.02691
360.868 153.054 -1.03528
361.377 152.21 -1.04182
361.89 151.366 -1.04781
362.371 150.48 -1.04501
362.88 149.625 -1.04385
363.347 148.734 -1.03442
363.824 147.877 -1.02905
364.403 147.015 -1.02167
364.925 146.165 -1.00548
365.442 145.283 -1.01182
365.952 144.45 -1.00135
366.489 143.586 -1.01498
367.022 142.729 -1.00581
367.554 141.884 -1.01516
368.102 141.045 -0.995428
368.647 140.182 -1.00164
369.2 139.344 -0.983614
369.739 138.503 -0.988138
370.291 137.67 -1.01776
370.837 136.79 -1.00929
371.368 135.926 -1.02295
371.101 133.844 -1.75947
370.955 132.868 -1.76495
370.768 131.911 -1.75693
370.574 130.892 -1.75473
370.412 129.905 -1.76053
370.22 128.93 -1.75287
370.044 127.955 -1.76527
369.819 126.974 -1.76504
369.639 126 -1.76638
369.441 125.028 -1.76703
368.473 125.208 2.94663
367.514 125.401 2.94935
366.562 125.575 2.92622
365.58 125.81 2.92101
364.619 126.009 2.93227
363.632 126.236 2.92773
362.62 126.436 2.92075
361.637 126.665 2.91826
360.616 126.866 2.93314
359.672 127.062 2.95457
360.329 128.296 0.719272
361.061 128.966 0.706075
361.844 129.588 0.714455
362.597 130.243 0.707648
363.372 130.88 0.707763
364.021 130.136 -0.858797
364.663 129.387 -0.861677
365.296 128.642 -0.875008
365.926 127.876 -0.88501
366.545 127.092 -0.886451
367.171 126.333 -0.882948
367.785 125.53 -0.878358
368.407 124.727 -0.88238
369.037 123.97 -0.872456
369.684 123.195 -0.858859
370.353 122.405 -0.868033
371.011 121.625 -0.864151
371.645 120.815 -0.870173
372.252 120.036 -0.874828
372.908 119.249 -0.878722
373.547 118.447 -0.871742
374.194 117.668 -0.864938
374.816 116.911 -0.878834
375.474 116.141 -0.86704
376.14 115.366 -0.848361
376.796 114.616 -0.838178
377.441 113.907 -0.825448
378.112 113.176 -0.818623
378.745 112.423 -0.824965
379.44 111.707 -0.819388
380.128 110.998 -0.798067
380.822 110.271 -0.790027
381.568 109.544 -0.783805
382.311 108.826 -0.787961
383.035 108.107 -0.805361
383.717 107.383 -0.821699
384.41 106.659 -0.823955
385.096 105.932 -0.827071
385.804 105.185 -0.833865
386.473 104.468 -0.839466
387.091 103.686 -0.836064
387.734 102.93 -0.832467
388.43 102.173 -0.825148
389.144 101.434 -0.812561
389.84 100.7 -0.826632
390.464 99.9704 -0.827378
391.128 99.264 -0.822884
391.817 98.517 -0.82227
392.498 97.7753 -0.803943
393.196 97.0546 -0.790999
393.918 96.3121 -0.796235
394.596 95.6138 -0.824334
395.291 94.8578 -0.815531
395.964 94.1551 -0.82098
396.67 93.4171 -0.819594
397.364 92.7046 -0.809726
398.038 91.9815 -0.802555
398.69 91.2573 -0.795415
399.404 90.5341 -0.808619
400.083 89.7986 -0.82511
400.768 89.0677 -0.825363
401.47 88.3524 -0.822362
402.138 87.6286 -0.81396
402.804 86.9029 -0.805002
403.456 86.2132 -0.800884
404.136 85.5147 -0.79861
404.827 84.7824 -0.808617
405.523 84.0276 -0.794461
406.232 83.3046 -0.784044
406.955 82.5791 -0.788951
406.241 81.8656 -2.36158
405.557 81.2078 -2.34517
404.863 80.5182 -2.35233
404.175 79.7807 -2.35815
403.452 79.0863 -2.35335
402.739 78.3808 -2.36742
402.022 77.6713 -2.36624
401.324 76.9511 -2.37297
400.581 76.2711 -2.37716
399.851 75.5501 -2.37642
399.127 74.8634 -2.36011
398.386 74.14 -2.36752
397.666 73.4643 -2.37192
396.92 72.7462 -2.37962
396.188 72.0142 -2.38002
395.462 71.3069 -2.39973
394.718 70.6519 -2.41697
393.965 70.0019 -2.41622
393.231 69.3158 -2.40121
392.524 68.6266 -2.41707
391.759 67.9713 -2.4203
391.007 67.3046 -2.41559
390.217 66.6461 -2.41003
389.446 65.981 -2.42738
388.691 65.3341 -2.41234
387.957 64.6516 -2.41656
387.221 63.9897 -2.42096
386.467 63.384 -2.41217
385.753 62.7129 -2.40274
385.007 62.0267 -2.39897
384.303 62.776 2.32571
383.642 63.5219 2.31787
382.981 64.2675 2.32368
382.275 64.9987 2.32515
381.609 65.7323 2.32711
380.918 66.4443 2.31864
380.232 67.1719 2.33065
379.52 67.8814 2.33133
378.801 68.6263 2.31182
378.139 69.3302 2.30122
378.845 70.0142 0.743403
379.578 70.6835 0.744493
380.304 71.3391 0.74403
381.071 72.028 0.756271
381.788 72.7389 0.746209
382.52 73.4249 0.751294
383.278 74.0988 0.747434
383.99 74.8178 0.754278
384.747 75.496 0.770137
385.446 76.192 0.773867
386.149 76.8759 0.774151
386.837 77.5689 0.776001
387.538 78.2859 0.771317
388.283 78.9848 0.777208
388.996 79.7062 0.777738
389.68 80.4135 0.755153
390.402 81.0952 0.750686
391.119 81.8078 0.732833
391.881 82.5073 0.716659
392.664 83.1727 0.721967
393.47 83.8397 0.736268
394.195 84.4902 0.720935
394.923 85.1766 0.723108
395.641 85.8048 0.736568
396.379 86.4607 0.730911
397.116 87.1208 0.718184
397.845 87.7634 0.718803
398.594 88.4306 0.726405
399.333 89.1195 0.73796
400.081 89.8057 0.740019
400.829 90.4977 0.743303
401.571 91.1256 0.750813
402.304 91.8461 0.757852
403.031 92.5558 0.780575
403.779 93.2707 0.777994
404.504 92.5356 -0.806666
405.206 91.8401 -0.796321
405.9 91.1309 -0.801532
406.582 90.3974 -0.788092
407.3 89.6938 -0.782289
406.1 87.56 1.47372
406.178 88.5493 1.46989
406.257 89.5607 1.45452
406.347 90.514 1.46169
406.458 91.4914 1.47261
406.574 92.4691 1.47128
406.65 93.4525 1.44699
406.758 94.4348 1.43683
406.851 95.4342 1.44317
406.998 96.4135 1.44519
407.122 97.4136 1.43929
407.275 98.3778 1.43012
407.417 99.3995 1.42267
407.577 100.357 1.39736
407.729 101.348 1.40288
407.89 102.313 1.40652
408.052 103.324 1.41285
408.208 104.304 1.40656
408.374 105.315 1.41076
408.495 106.332 1.41981
408.631 107.331 1.41965
408.782 108.343 1.41247
408.962 109.341 1.43296
409.086 110.334 1.44721
409.167 111.354 1.45781
409.317 112.34 1.45146
409.391 113.334 1.43175
409.525 114.317 1.43209
409.639 115.312 1.42559
409.801 116.31 1.44797
409.905 117.304 1.45389
410.013 118.301 1.45599
410.098 119.281 1.43835
410.211 120.244 1.4363
410.366 121.245 1.43162
410.541 122.265 1.41722
410.692 123.264 1.42061
410.8 124.27 1.42473
410.948 125.215 1.42195
411.1 126.191 1.41316
411.262 127.161 1.40728
411.441 128.159 1.41545
411.569 129.138 1.43462
411.703 130.174 1.44809
411.832 131.184 1.46372
411.926 132.186 1.47394
412.031 133.192 1.4824
412.114 134.196 1.47413
412.217 135.202 1.47305
413.547 134.678 0.737484
414.279 135.344 0.746261
415.03 135.984 0.746595
415.793 136.701 0.74928
416.509 137.4 0.754229
417.235 138.098 0.735443
417.996 138.777 0.727206
418.747 139.443 0.733376
419.48 140.084 0.735275
420.209 140.752 0.748409
420.925 141.401 0.746346
420.199 142.116 2.31355
419.518 142.877 2.3144
418.868 143.6 2.32068
418.234 144.32 2.3174
417.593 145.011 2.31739
416.921 145.765 2.30909
416.221 146.53 2.29828
415.513 147.308 2.29237
414.827 148.055 2.2894
414.224 148.761 2.26854
413.523 149.497 2.26793
412.859 150.26 2.27341
412.23 150.99 2.26952
411.582 151.784 2.27684
410.909 152.553 2.28335
410.249 153.303 2.27846
409.565 154.061 2.2699
408.944 154.832 2.26847
408.322 155.608 2.25557
407.668 156.387 2.27248
407.038 157.161 2.25647
406.387 157.939 2.25902
405.76 158.679 2.25969
405.145 159.439 2.2574
404.503 160.21 2.27592
403.855 160.991 2.26189
403.246 161.806 2.27327
402.617 162.558 2.27004
401.991 163.349 2.27008
401.351 164.105 2.27715
400.713 164.859 2.29675
400.07 165.603 2.31172
399.411 166.344 2.32772
398.749 167.07 2.33028
398.08 167.76 2.33252
397.374 168.48 2.33386
396.676 169.228 2.32357
396.035 169.973 2.30626
395.332 170.713 2.31103
394.659 171.418 2.31529
395.403 172.086 0.74201
396.139 172.737 0.75535
396.871 173.404 0.752067
397.618 174.09 0.760003
398.351 174.779 0.754928
399.047 175.479 0.761605
399.755 176.181 0.759867
400.473 176.841 0.758736
401.211 177.524 0.747013
401.952 178.233 0.731481
402.722 178.921 0.744824
403.466 179.601 0.742436
404.201 180.257 0.743767
404.94 180.92 0.746729
405.695 181.572 0.74022
406.433 182.284 0.725367
407.173 182.926 0.728346
407.919 183.614 0.71512
408.682 184.265 0.703603
409.425 184.915 0.697882
410.197 185.583 0.715034
410.945 186.264 0.705541
411.729 186.876 0.703986
412.495 187.546 0.701268
413.238 188.174 0.701627
413.987 188.824 0.712238
414.731 189.514 0.717468
415.473 190.164 0.724103
416.219 190.831 0.735743
416.969 191.534 0.733341
417.713 192.175 0.740687
418.496 192.857 0.746177
419.217 193.539 0.743425
419.932 194.223 0.739897
420.694 194.888 0.733094
421.438 195.555 0.73704
422.148 196.232 0.73568
422.919 196.892 0.725114
423.641 197.551 0.739745
424.382 198.197 0.742938
425.045 197.445 -0.836965
425.687 196.689 -0.84289
426.349 195.947 -0.838837
426.988 195.2 -0.845339
427.657 194.449 -0.836311
428.371 195.136 0.744719
429.132 195.823 0.740878
429.902 196.507 0.734464
430.668 197.169 0.745233
431.424 197.869 0.740621
430.759 198.652 2.32375
430.094 199.383 2.32022
429.414 200.123 2.31013
428.749 200.841 2.32032
428.092 201.6 2.34157
427.329 200.896 -2.37799
426.59 200.189 -2.39123
425.865 199.496 -2.40271
425.118 198.846 -2.39971
424.378 198.19 -2.39202
423.658 197.528 -2.40399
422.909 196.848 -2.40767
422.169 196.196 -2.41102
421.434 195.554 -2.41231
420.691 194.874 -2.42308
419.985 194.219 -2.42022
419.214 193.545 -2.41186
418.46 192.859 -2.40293
417.725 192.213 -2.4023
416.977 191.558 -2.41122
416.272 190.872 -2.42935
415.476 190.219 -2.43563
414.737 189.54 -2.42719
413.983 188.85 -2.42404
413.221 188.201 -2.41401
412.487 187.521 -2.42881
411.715 186.849 -2.42403
410.981 186.176 -2.426
410.237 185.564 -2.44685
409.45 184.923 -2.43405
408.683 184.283 -2.43277
407.907 183.609 -2.44155
407.135 182.942 -2.4357
406.379 182.287 -2.44256
406.852 180.755 1.61191
406.795 181.771 1.6064
406.741 182.739 1.5961
406.749 183.732 1.59974
406.707 184.748 1.59575
406.695 185.76 1.60453
406.626 186.756 1.60936
406.582 187.756 1.61934
406.561 188.755 1.62147
406.464 189.756 1.63231
406.396 190.767 1.62418
406.334 191.755 1.62816
406.288 192.753 1.6288
406.223 193.76 1.62759
406.136 194.755 1.62568
406.066 195.78 1.63104
406.028 196.794 1.61945
405.98 197.802 1.61468
405.972 198.794 1.62351
405.915 199.75 1.62093
405.859 200.78 1.6172
405.86 201.792 1.62525
405.794 202.815 1.62397
405.749 203.858 1.62467
405.665 204.839 1.63219
405.61 205.859 1.6341
404.609 205.814 -3.068
403.605 205.747 -3.06111
402.595 205.631 -3.05444
401.616 205.529 -3.06744
400.623 205.439 -3.07226
399.588 205.35 -3.07809
398.597 205.303 -3.07418
397.614 205.226 -3.07782
396.594 205.187 -3.09401
395.584 205.152 -3.08775
394.596 205.068 -3.09113
393.599 205.011 -3.09314
392.592 204.955 -3.09806
391.602 204.904 -3.0965
390.573 204.87 -3.10151
389.555 204.824 -3.09612
388.572 204.801 -3.09196
387.613 204.737 -3.06038
386.58 204.662 -3.06245
385.562 204.576 -3.07498
384.543 204.515 -3.092
383.561 204.446 -3.10146
382.523 204.427 -3.1045
381.528 204.383 -3.10559
380.527 204.349 -3.11853
379.537 204.338 -3.10937
378.507 204.308 -3.10079
377.508 204.292 -3.10027
376.516 204.241 -3.07637
375.54 204.166 -3.06904
374.539 204.118 -3.08077
373.54 204.049 -3.08743
372.534 203.985 -3.09251
371.546 203.968 -3.07385
370.539 203.86 -3.07519
369.525 203.75 -3.07417
368.519 203.686 -3.06918
367.533 203.618 -3.06355
366.494 203.532 -3.06269
365.478 203.456 -3.06346
364.48 203.387 -3.06705
363.486 203.335 -3.05857
362.5 203.261 -3.06888
361.526 203.219 -3.05718
360.525 203.162 -3.06719
359.542 203.075 -3.07509
358.555 203.033 -3.08919
356.076 201.324 0.982533
356.638 202.119 0.997665
357.147 202.976 0.998325
357.707 203.818 0.98595
358.293 204.681 0.991394
358.841 205.514 0.994467
359.385 206.35 0.98342
359.97 207.201 0.993705
360.514 208.014 0.975517
361.076 208.828 0.98277
361.64 209.694 0.976824
362.203 210.543 0.983894
362.766 211.415 0.97197
362.802 210.918 -3.05164
361.769 210.845 -3.05087
360.766 210.771 -3.05439
358.348 209.884 -2.29522
357.693 209.139 -2.3052
357.063 208.366 -2.29775
356.41 207.597 -2.29678
355.767 206.845 -2.30638
355.082 206.102 -2.29917
354.414 205.363 -2.2955
355.149 204.689 -0.728069
355.878 204.021 -0.729386
356.644 203.359 -0.718458
357.339 202.656 -0.712527
358.083 202.015 -0.702066
358.73 202.789 0.856035
359.405 203.562 0.853549
360.083 204.333 0.839159
360.764 205.098 0.847893
361.407 205.87 0.855252
360.632 206.51 2.42789
359.915 207.182 2.42637
359.164 207.825 2.42462
358.43 208.479 2.40754
357.682 209.141 2.41291
356.961 209.805 2.42447
356.201 210.453 2.40839
355.449 211.142 2.40318
354.685 211.773 2.40619
353.931 212.432 2.42358
353.162 213.116 2.41549
352.392 213.729 2.401
351.663 214.409 2.39845
350.904 215.071 2.39986
350.182 215.706 2.41234
349.429 216.381 2.42481
348.661 217.068 2.42146
347.919 217.742 2.42249
347.176 218.396 2.4206
346.445 219.032 2.4265
347.09 219.778 0.847679
347.726 220.538 0.852531
348.379 221.268 0.847822
349.027 222.017 0.832969
349.699 222.758 0.843021
350.364 223.478 0.841648
351.028 224.218 0.836354
351.648 224.97 0.839271
352.292 225.67 0.847158
352.934 226.408 0.852849
353.577 227.199 0.878112
354.208 227.975 0.885217
354.845 228.753 0.885978
355.479 229.545 0.880818
356.104 230.316 0.891314
356.722 231.105 0.86865
357.421 231.878 0.868623
358.073 232.625 0.871727
358.701 233.397 0.864329
359.32 234.159 0.863484
359.956 234.898 0.872366
360.557 235.695 0.876419
361.205 236.454 0.872669
361.811 237.196 0.873121
362.45 237.971 0.888209
363.096 238.764 0.890217
363.725 239.53 0.8916
364.369 240.308 0.890272
364.992 241.104 0.89017
365.626 241.903 0.890425
366.234 242.683 0.880291
366.88 243.496 0.877768
367.542 244.282 0.881751
368.188 245.083 0.889082
368.793 245.853 0.897765
369.412 246.683 0.899114
370.062 247.476 0.891673
370.688 248.271 0.895334
371.315 249.039 0.912563
371.911 249.85 0.920628
372.495 250.634 0.922565
373.08 251.428 0.937429
373.713 252.232 0.940794
374.31 253.058 0.951446
374.867 253.882 0.962926
375.464 254.697 0.967255
376.031 255.46 0.954208
376.57 256.252 0.951254
377.167 257.063 0.96305
377.744 257.887 0.969964
378.269 258.732 0.956895
378.856 259.546 0.96429
379.42 260.394 0.961062
380.017 261.233 0.952322
380.574 262.041 0.962337
381.116 262.895 0.952445
381.701 263.738 0.942138
382.291 264.55 0.935126
382.899 265.326 0.926386
383.507 266.138 0.930133
384.107 266.937 0.940979
384.693 267.748 0.926845
385.287 268.537 0.923761
385.89 269.352 0.919429
386.546 270.161 0.918652
387.311 269.562 -0.652808
388.091 268.976 -0.638579
388.899 268.42 -0.63286
389.706 267.846 -0.645356
390.481 267.241 -0.645684
389.888 266.414 -2.23534
389.247 265.625 -2.23353
388.669 264.818 -2.23414
388.075 264.01 -2.23841
387.454 263.214 -2.23308
386.884 262.43 -2.23683
386.265 261.645 -2.22851
385.655 260.883 -2.22712
385.064 260.099 -2.23624
384.448 259.345 -2.2383
383.839 258.59 -2.23372
383.195 257.813 -2.22078
382.59 256.998 -2.23187
382.012 256.223 -2.23097
381.372 255.427 -2.22025
380.759 254.628 -2.24397
380.162 253.861 -2.24681
379.537 253.079 -2.25081
378.906 252.315 -2.24461
378.301 251.551 -2.24925
379.062 250.938 -0.678308
379.807 250.281 -0.683994
380.568 249.643 -0.693436
381.326 248.979 -0.671263
382.742 249.833 -2.91411
382.942 248.855 -1.35703
384.422 249.669 0.935185
385.01 250.502 0.929871
385.631 251.352 0.93088
386.248 252.17 0.924564
386.847 252.953 0.932328
387.432 253.756 0.930253
388.018 254.577 0.941954
388.618 255.365 0.941723
389.242 256.172 0.948488
388.448 256.768 2.5207
387.627 257.323 2.53896
386.828 257.892 2.51858
385.256 258.75 2.48207
384.467 259.359 2.471
383.671 259.976 2.46953
382.879 260.589 2.46446
382.125 261.242 2.46765
381.429 259.794 -1.53714
381.469 258.788 -1.53168
381.534 257.789 -1.53488
381.572 256.794 -1.52348
381.623 255.796 -1.51647
381.677 254.816 -1.53013
381.688 253.784 -1.52679
381.771 252.802 -1.51924
381.822 251.808 -1.52515
381.86 250.814 -1.52947
381.912 249.82 -1.53545
381.931 248.823 -1.55308
381.967 247.791 -1.55129
381.972 246.792 -1.54434
381.999 245.797 -1.55008
382.045 244.835 -1.55544
382.06 243.816 -1.57669
382.094 242.797 -1.57593
382.09 241.786 -1.57195
382.082 240.769 -1.57046
382.081 239.779 -1.60112
383.662 239.145 -0.818422
384.35 238.398 -0.827694
385.036 237.677 -0.822336
385.709 236.922 -0.827609
386.388 236.209 -0.835592
387.047 235.465 -0.845003
387.709 234.72 -0.837753
388.363 233.94 -0.82316
389.027 233.192 -0.821223
389.701 232.46 -0.817943
390.396 231.75 -0.825876
391.11 230.998 -0.828539
391.764 230.239 -0.814794
392.468 229.507 -0.833131
393.131 228.751 -0.831277
393.847 228.01 -0.859129
393.084 227.369 -2.41092
392.383 226.675 -2.40826
391.675 225.991 -2.41259
390.951 225.304 -2.40402
390.2 224.637 -2.4132
389.436 223.97 -2.41847
388.68 223.277 -2.40267
387.934 222.598 -2.39578
387.221 221.921 -2.41179
386.491 221.243 -2.41432
385.836 221.975 2.30312
385.218 222.726 2.30794
384.498 223.462 2.29622
383.845 224.185 2.3143
383.201 224.943 2.31154
383.938 225.645 0.753816
384.662 226.346 0.742382
385.442 227.001 0.72828
386.158 227.662 0.739102
386.895 228.344 0.729307
386.247 229.1 2.31458
385.584 229.836 2.32259
384.91 230.56 2.32785
384.224 231.301 2.3321
383.51 232.045 2.3376
382.824 232.757 2.3442
382.131 233.456 2.34387
381.412 234.167 2.33283
380.711 234.893 2.33633
380.015 235.647 2.32788
379.269 235.023 -2.39222
378.531 234.337 -2.37994
377.791 233.627 -2.37346
377.08 232.935 -2.38235
376.381 232.242 -2.38203
375.702 232.953 2.31082
375.027 233.736 2.30769
374.809 232.993 3.06752
373.816 233.063 3.05872
372.835 233.165 3.07334
371.793 233.229 3.07182
370.791 233.291 3.08153
369.811 233.353 3.08482
368.808 233.455 3.09607
367.791 233.506 3.08517
366.786 233.556 3.08441
365.816 233.644 3.08429
364.788 233.711 3.08258
365.172 234.141 -0.902057
365.755 233.357 -0.903282
366.356 232.584 -0.894407
366.989 231.792 -0.90214
367.621 231.008 -0.912998
368.245 230.211 -0.91586
368.866 229.399 -0.938987
369.457 228.594 -0.927959
370.048 227.799 -0.914307
370.664 227.023 -0.919982
371.258 226.215 -0.919501
371.877 225.387 -0.901844
372.696 226.006 0.665006
373.495 226.604 0.674681
374.314 227.21 0.673842
375.111 227.84 0.672079
375.891 228.458 0.678531
376.521 227.678 -0.888549
377.166 226.897 -0.88554
377.791 226.132 -0.886792
378.402 225.345 -0.887906
379.039 224.576 -0.867918
379.722 223.804 -0.866141
380.375 223.031 -0.86685
381.027 222.273 -0.876038
381.68 221.474 -0.869007
382.32 220.714 -0.873118
382.952 219.981 -0.867748
383.59 219.219 -0.874319
384.254 218.432 -0.865055
384.913 217.642 -0.866242
385.542 216.881 -0.887387
386.163 216.09 -0.899704
386.782 215.315 -0.913103
387.407 214.506 -0.910867
388.022 213.706 -0.941581
388.616 212.878 -0.952326
404.777 208.312 -1.96043
404.41 207.393 -1.96409
404.031 206.476 -1.96456
403.669 205.52 -1.97597
403.242 204.556 -1.96957
402.875 203.666 -1.98122
410.162 202.22 -2.05358
417.934 198.452 -1.80284
393.72 203.872 -0.951438
394.305 203.101 -0.954607
394.88 202.324 -0.970549
409.238 197.773 -1.13786
409.652 196.865 -1.13579
410.087 195.948 -1.14241
410.514 195.032 -1.14227
410.923 194.131 -1.12373
411.353 193.184 -1.12246
426.8 188.223 -0.286563
427.749 187.926 -0.287413
428.744 187.664 -0.297335
429.702 187.365 -0.301266
401.236 193.19 -0.94903
401.804 192.395 -0.955772
402.408 191.593 -0.973726
402.965 190.775 -0.962099
403.547 190.017 -0.984924
404.096 189.201 -0.975358
404.651 188.364 -0.972576
405.195 187.51 -0.977308
405.793 186.67 -0.983352
406.379 185.86 -0.986199
406.927 185.026 -0.995258
407.492 184.206 -0.986017
408.066 183.382 -0.977341
408.651 182.556 -0.972092
409.181 181.738 -0.973833
409.713 180.937 -0.965246
410.306 180.108 -0.969835
410.846 179.287 -0.973566
411.388 178.467 -0.979265
410.538 177.915 -2.55593
409.728 177.343 -2.57234
408.879 176.828 -2.55614
406.824 177.156 -1.79484
406.597 176.176 -1.79046
406.367 175.198 -1.78792
406.175 174.209 -1.80237
405.944 173.237 -1.80722
405.691 172.265 -1.82021
405.473 171.298 -1.82829
404.496 171.54 2.8748
403.515 171.782 2.87585
402.55 172.049 2.86961
401.603 172.337 2.88632
400.637 172.586 2.87654
399.679 172.836 2.87559
398.703 173.102 2.87473
397.736 173.395 2.8704
396.747 173.675 2.87912
395.805 173.905 2.87424
394.797 174.195 2.86438
393.847 174.444 2.86263
392.909 174.722 2.84807
391.912 175.003 2.8496
390.962 175.311 2.85861
389.989 175.6 2.89062
389.019 175.875 2.91159
388.034 176.102 2.90729
387.101 176.364 2.92516
386.111 176.554 2.91935
385.111 176.803 2.92758
384.116 177.004 2.92189
383.134 177.234 2.93063
382.133 177.433 2.92821
381.171 177.674 2.94712
380.188 177.858 2.93788
379.2 178.062 2.94692
378.237 178.245 2.94092
377.222 178.473 2.94158
376.265 178.677 2.93519
376.054 177.7 -1.76852
375.884 176.706 -1.76458
375.651 175.719 -1.76771
375.451 174.779 -1.77088
375.273 173.792 -1.77629
375.099 172.796 -1.77172
374.91 171.812 -1.77517
374.722 170.804 -1.76685
374.512 169.826 -1.75813
374.356 168.823 -1.74352
374.208 167.843 -1.73427
374.046 166.886 -1.73215
373.877 165.911 -1.71955
373.699 164.925 -1.7139
373.576 163.938 -1.70896
373.458 162.93 -1.71775
373.334 161.933 -1.71861
373.182 160.932 -1.71573
373.008 159.96 -1.7118
372.865 159.007 -1.70379
372.753 158.028 -1.71632
372.637 157.057 -1.71564
372.472 156.061 -1.72354
372.285 155.084 -1.73134
372.149 154.107 -1.72636
371.983 153.148 -1.71969
371.852 152.173 -1.72034
371.727 151.207 -1.70134
371.601 150.217 -1.71133
371.469 149.204 -1.74009
383.508 139.723 0.255154
384.483 139.961 0.257124
385.42 140.229 0.265969
386.369 140.491 0.25999
387.332 140.741 0.234431
388.296 140.951 0.238143
389.273 141.166 0.234997
390.238 141.4 0.23809
391.215 141.644 0.223129
392.202 141.882 0.220793
393.179 142.081 0.222898
394.16 142.289 0.238383
395.144 142.512 0.227768
396.112 142.718 0.216066
396.915 141.563 -0.515162
397.81 141.072 -0.504428
398.696 140.59 -0.502525
399.577 140.123 -0.50965
400.424 139.658 -0.499278
401.298 139.184 -0.519145
402.204 138.69 -0.500163
403.063 138.247 -0.523079
403.942 137.747 -0.512369
404.798 137.26 -0.512797
405.672 136.761 -0.524005
406.189 137.614 1.05489
406.675 138.49 1.05117
407.139 139.378 1.05112
407.6 140.191 1.03972
408.086 141.048 1.05417
408.585 141.955 1.07494
409.043 142.848 1.05594
409.532 143.686 1.06276
409.997 144.585 1.07389
410.509 145.431 1.07109
410.949 146.303 1.07231
411.435 147.196 1.05659
411.908 148.048 1.05734
412.371 148.927 1.05349
412.862 149.827 1.05262
411.961 150.286 2.63002
411.084 150.805 2.6386
410.189 151.266 2.6361
409.331 151.77 2.63229
408.468 152.267 2.64046
407.585 152.763 2.64744
406.716 153.248 2.62987
405.86 153.72 2.64358
404.967 154.172 2.64342
404.092 154.641 2.6508
403.212 155.089 2.64319
402.327 155.538 2.64027
401.442 156.004 2.64482
400.553 156.504 2.65276
399.68 157.001 2.65363
398.781 157.462 2.65399
397.889 157.92 2.65722
397.015 158.382 2.65446
396.13 158.901 2.66201
395.245 159.377 2.65557
394.366 159.818 2.66825
393.47 160.283 2.67536
392.584 160.739 2.68647
391.667 161.19 2.6799
390.776 161.642 2.67248
389.872 162.076 2.68004
388.976 162.533 2.67451
388.056 162.953 2.67741
387.152 163.412 2.6865
386.24 163.827 2.67517
385.345 164.276 2.6788
384.471 164.722 2.68326
383.577 165.159 2.6857
382.701 165.561 2.69872
363.682 173.455 2.68969
362.795 173.916 2.67679
361.903 174.334 2.68012
361.026 174.784 2.67553
360.147 175.23 2.66151
359.25 175.687 2.68506
358.352 176.129 2.67753
357.427 176.574 2.68958
356.543 177.018 2.70914
355.651 177.444 2.73347
354.709 177.83 2.73597
355.111 178.758 1.1642
355.501 179.67 1.16353
355.871 180.602 1.16716
356.257 181.53 1.16678
356.688 182.464 1.17326
355.794 182.842 2.7432
354.884 183.207 2.73046
353.949 183.583 2.73592
353.017 184.013 2.73013
352.096 184.419 2.73916
351.179 184.807 2.75093
350.245 185.195 2.75564
349.342 185.59 2.75484
348.397 185.979 2.74576
347.444 186.387 2.75271
346.492 186.717 2.73532
345.552 187.122 2.74412
344.628 187.519 2.72831
343.697 187.931 2.73518
342.775 188.317 2.71813
342.38 187.402 -1.99138
341.977 186.474 -1.9808
341.579 185.577 -1.98085
341.182 184.65 -1.96597
340.81 183.732 -1.9635
340.431 182.809 -1.96382
340.058 181.944 -1.96163
339.656 181.01 -1.95277
339.291 180.086 -1.95557
338.944 179.143 -1.96461
339.871 178.763 -0.389868
340.812 178.367 -0.390367
341.726 177.978 -0.390973
342.658 177.606 -0.396883
343.56 177.217 -0.396182
344.494 176.82 -0.406512
345.408 176.426 -0.4226
346.322 176.036 -0.414201
347.253 175.608 -0.417012
348.15 175.21 -0.416006
349.085 174.822 -0.410889
350.009 174.394 -0.403564
350.91 174.038 -0.401663
351.843 173.634 -0.397416
352.778 173.258 -0.405014
353.156 174.187 1.16899
353.546 175.089 1.16135
353.967 176.022 1.14704
354.337 176.927 1.1503
354.711 177.838 1.16774
355.112 178.752 1.17201
355.512 179.677 1.16444
355.903 180.604 1.16377
356.315 181.531 1.17128
356.716 182.444 1.16872
357.106 183.387 1.15891
357.515 184.281 1.16058
357.9 185.213 1.15398
358.293 186.134 1.16196
358.69 187.075 1.17434
359.123 188.042 1.20515
359.476 188.981 1.21319
359.85 189.888 1.22114
360.136 190.808 1.20967
360.52 191.728 1.20267
361.441 191.322 -0.378879
362.363 190.959 -0.378106
363.279 190.622 -0.377852
364.211 190.245 -0.388721
365.169 189.843 -0.370567
366.08 189.486 -0.37525
367.017 189.122 -0.370731
367.937 188.736 -0.374891
368.856 188.375 -0.380204
369.782 187.968 -0.39361
370.677 187.57 -0.401936
371.651 187.185 -0.40538
372.562 186.771 -0.400377
373.497 186.394 -0.402491
374.401 186.006 -0.389315
375.306 185.584 -0.389533
376.25 185.254 -0.373485
377.198 184.892 -0.38429
378.11 184.573 -0.372419
379.03 184.173 -0.370664
379.412 185.08 1.1939
379.796 186.038 1.18509
380.18 186.983 1.18924
380.574 187.883 1.19316
380.965 188.813 1.20239
381.862 188.424 -0.372062
382.777 188.069 -0.369159
383.722 187.733 -0.372707
384.673 187.359 -0.375775
385.613 186.958 -0.368873
386.523 186.634 -0.374311
387.472 186.274 -0.38219
388.387 185.925 -0.379759
389.324 185.505 -0.390315
390.234 185.131 -0.404799
391.14 184.739 -0.40307
392.057 184.337 -0.408766
392.943 183.934 -0.406328
393.861 183.532 -0.416579
394.778 183.129 -0.406322
395.71 182.743 -0.430137
396.651 182.342 -0.434683
397.554 181.905 -0.431449
398.428 181.471 -0.427786
399.35 181.059 -0.428555
400.25 180.686 -0.425368
401.166 180.28 -0.417657
402.09 179.895 -0.432473
402.994 179.46 -0.439495
403.921 179.033 -0.446208
404.854 178.59 -0.454903
405.747 178.15 -0.427029
406.663 177.75 -0.43151
407.597 177.333 -0.425852
408.539 176.918 -0.434761
409.484 176.524 -0.432813
410.405 176.117 -0.437
411.287 175.726 -0.454554
412.187 175.294 -0.446362
413.079 174.887 -0.445953
413.992 174.458 -0.443778
414.897 174.062 -0.437118
415.831 173.616 -0.436638
416.767 173.144 -0.438507
417.67 172.727 -0.451616
417.224 171.858 -2.02647
416.793 170.962 -2.0138
416.372 170.033 -2.02507
415.947 169.121 -2.02515
415.505 168.224 -2.03631
416.426 167.755 -0.475672
417.297 167.284 -0.470581
418.205 166.871 -0.483651
419.136 166.418 -0.487461
420.025 165.952 -0.498983
420.864 165.443 -0.495338
421.747 164.991 -0.494756
422.648 164.535 -0.48283
423.548 164.12 -0.497905
424.438 163.678 -0.489958
424.908 164.566 1.07793
425.365 165.421 1.08185
425.843 166.328 1.09313
426.297 167.2 1.09222
426.749 168.04 1.09461
427.605 167.577 -0.477151
428.52 167.127 -0.470505
429.419 166.653 -0.490725
430.27 166.199 -0.494158
431.151 165.758 -0.487509
432.032 165.28 -0.488187
432.924 164.807 -0.494137
433.818 164.313 -0.48178
434.707 163.846 -0.496968
435.588 163.341 -0.484307
436.479 162.899 -0.47179
437.376 162.456 -0.463949
438.292 161.993 -0.440829
439.179 161.585 -0.450799
440.103 161.157 -0.445562
439.671 160.241 -2.00515
439.254 159.31 -1.99337
438.853 158.408 -1.99081
438.46 157.487 -1.98292
438.043 156.581 -1.98395
437.645 155.659 -1.9936
437.291 154.736 -1.98389
436.9 153.811 -1.9896
436.516 152.893 -1.99995
436.083 151.98 -2.02323
435.607 151.068 -2.0238
441.988 119.175 2.91965
440.991 119.361 2.90952
440.034 119.587 2.92444
439.039 119.841 2.93475
438.113 120.048 2.93901
437.145 120.253 2.94019
436.155 120.497 2.93564
435.18 120.703 2.93177
434.166 120.913 2.92664
434.377 121.893 1.35001
434.602 122.852 1.35392
434.808 123.824 1.35623
435.039 124.816 1.35188
435.251 125.772 1.35646
434.275 126.008 2.94027
433.299 126.184 2.94205
432.315 126.381 2.94548
431.323 126.569 2.95017
430.336 126.761 2.94844
429.354 126.962 2.95625
428.386 127.202 2.94818
427.374 127.388 2.93729
426.425 127.574 2.96015
425.431 127.721 2.96253
424.42 127.936 2.96066
423.436 128.149 2.96095
422.46 128.325 2.94043
421.48 128.541 2.95417
420.473 128.702 2.95189
419.476 128.873 2.94505
418.484 129.028 2.94686
417.476 129.218 2.94339
416.482 129.414 2.93173
415.496 129.665 2.94845
414.511 129.864 2.93155
418.53 124.537 -1.99
418.127 123.634 -1.99166
417.885 124.108 -1.23829
418.223 123.147 -1.23619
418.58 122.228 -1.22944
419.163 119.663 1.04445
419.665 120.499 1.04192
424.806 129.062 1.18268
425.169 129.99 1.18783
425.511 130.911 1.19299
425.86 131.84 1.19432
426.228 132.76 1.19698
426.627 133.688 1.18768
427.023 134.6 1.18652
427.444 135.516 1.19158
427.83 136.441 1.17518
428.234 137.377 1.18254
428.6 138.302 1.1918
428.984 139.235 1.19417
429.361 140.166 1.20095
429.696 141.101 1.21007
430.035 142.055 1.19654
430.421 142.988 1.20311
430.784 143.908 1.20641
431.148 144.834 1.21103
431.513 145.772 1.20253
430.724 145.533 -2.79593
429.799 145.188 -2.7995
428.863 144.858 -2.77805
427.932 144.501 -2.77392
426.994 144.187 -2.77877
426.081 143.803 -2.77835
425.166 143.445 -2.78455
424.229 143.098 -2.80077
423.901 144.046 1.91557
423.576 145.01 1.92434
423.224 145.957 1.9113
422.858 146.942 1.92216
422.504 147.868 1.91321
422.179 148.834 1.90419
421.825 149.782 1.90961
421.498 150.71 1.894
421.174 151.651 1.88687
420.847 152.602 1.88929
420.528 153.519 1.90291
420.197 154.48 1.90299
419.881 155.43 1.9029
419.583 156.41 1.90312
419.308 157.377 1.89362
419.028 158.327 1.90475
418.688 159.273 1.91516
418.346 160.21 1.93404
417.987 161.102 1.94589
417.622 162.037 1.92914
417.274 162.954 1.93354
416.931 163.912 1.93829
416.585 164.855 1.93367
416.208 165.798 1.91964
415.849 166.738 1.93702
415.486 167.664 1.9217
415.125 168.598 1.91974
414.802 169.55 1.93338
414.416 170.435 1.92151
414.064 171.379 1.91522
413.114 171.039 -2.79205
412.187 170.688 -2.7798
411.231 170.335 -2.78237
410.274 169.95 -2.80205
409.332 169.608 -2.81737
408.418 169.294 -2.81197
407.466 168.945 -2.80973
406.525 168.618 -2.81482
405.581 168.321 -2.81663
404.662 167.992 -2.82491
403.756 167.669 -2.82655
402.796 167.374 -2.8195
401.851 167.046 -2.83111
400.883 166.76 -2.84066
399.925 166.471 -2.85371
398.981 166.193 -2.86972
398.006 165.943 -2.87602
397.028 165.665 -2.88777
395.085 166.653 1.16979
395.446 167.553 1.17048
394.53 167.942 2.73404
393.607 168.318 2.75253
392.663 168.692 2.74534
391.756 169.09 2.74575
390.819 169.446 2.72407
389.9 169.851 2.71944
388.981 170.284 2.72487
388.048 170.705 2.75387
387.114 171.068 2.75786
386.196 171.461 2.75203
385.262 171.823 2.75397
384.345 172.192 2.75728
383.402 172.561 2.74908
382.403 172.935 2.75242
381.486 173.306 2.75378
380.577 173.653 2.75409
379.672 174.002 2.75957
378.741 174.371 2.75235
377.828 174.761 2.74139
376.936 175.11 2.74672
375.994 175.5 2.74219
375.085 175.868 2.75026
374.167 176.24 2.72745
373.254 176.619 2.73254
372.333 176.994 2.73031
371.422 177.399 2.72832
370.498 177.789 2.72663
369.575 178.199 2.73038
368.713 178.601 2.73153
367.819 178.972 2.74298
366.886 179.391 2.73424
365.961 179.796 2.73697
365.053 180.198 2.73876
364.144 180.596 2.74857
363.233 180.958 2.73926
362.849 180.032 -1.96469
362.475 179.116 -1.97304
362.064 178.203 -1.98424
361.643 177.315 -1.9909
361.21 176.407 -1.99064
362.12 175.981 -0.427525
363.024 175.554 -0.427495
363.963 175.141 -0.430013
364.858 174.714 -0.404429
365.79 174.299 -0.382968
366.698 173.923 -0.36667
367.631 173.542 -0.367772
368.563 173.169 -0.3724
369.505 172.745 -0.358565
370.441 172.413 -0.351746
371.39 172.049 -0.359739
372.326 171.683 -0.361443
373.211 171.355 -0.363026
374.136 170.983 -0.366606
375.082 170.605 -0.373981
375.992 170.263 -0.381225
376.93 169.884 -0.380612
377.886 169.523 -0.384966
378.776 169.125 -0.387219
379.713 168.715 -0.386902
380.608 168.346 -0.405934
381.532 167.958 -0.410226
382.459 167.582 -0.406557
383.409 167.174 -0.408022
384.292 166.785 -0.400885
384.693 167.717 1.18636
385.104 168.689 1.18125
385.458 169.607 1.17824
385.821 170.537 1.18791
386.204 171.438 1.19334
386.559 172.393 1.18196
386.929 173.303 1.18682
387.321 174.251 1.17667
387.663 175.186 1.15956
388.051 176.105 1.1679
388.396 177.036 1.16619
388.79 177.932 1.17403
389.176 178.866 1.17568
389.571 179.781 1.17712
389.909 180.696 1.17768
388.989 181.07 2.74997
388.066 181.443 2.74849
387.13 181.852 2.75481
386.185 182.21 2.76242
385.242 182.607 2.76279
384.326 182.976 2.76227
383.4 183.371 2.7695
382.446 183.732 2.77415
381.503 184.103 2.77379
380.597 184.455 2.76593
379.686 184.837 2.77436
378.77 185.207 2.77927
377.853 185.568 2.79334
376.943 185.912 2.80241
375.994 186.252 2.80864
375.652 185.293 -1.91844
375.339 184.37 -1.93149
374.952 183.481 -1.94268
374.565 182.526 -1.93025
374.201 181.617 -1.93237
373.842 180.698 -1.93555
373.467 179.765 -1.94547
373.118 178.817 -1.95381
372.722 177.931 -1.97402
372.298 177.01 -1.96662
371.895 176.103 -1.95599
371.509 175.18 -1.94465
371.156 174.236 -1.93719
370.824 173.309 -1.94043
370.467 172.359 -1.92991
370.096 171.441 -1.92067
369.768 170.506 -1.9189
369.425 169.554 -1.90927
369.074 168.56 -1.9003
368.736 167.61 -1.89078
368.413 166.647 -1.88496
368.121 165.672 -1.89078
367.781 164.703 -1.90405
367.441 163.755 -1.9171
367.141 162.798 -1.92605
366.791 161.849 -1.91017
366.458 160.894 -1.91281
366.11 159.997 -1.92652
365.797 159.076 -1.94499
365.422 158.166 -1.92743
365.103 157.204 -1.92995
364.738 156.286 -1.91849
364.378 155.359 -1.92168
364.051 154.42 -1.92641
363.705 153.498 -1.91963
363.359 152.558 -1.91197
362.988 151.634 -1.90663
362.664 150.681 -1.90789
362.341 149.756 -1.89692
362.025 148.82 -1.89391
361.714 147.89 -1.90287
361.4 146.907 -1.89081
361.093 145.984 -1.89899
360.793 145.065 -1.90736
360.438 144.083 -1.90071
360.119 143.135 -1.9224
359.796 142.186 -1.923
359.445 141.24 -1.91424
359.101 140.303 -1.91717
358.806 139.287 -1.90569
358.487 138.308 -1.92085
358.126 137.377 -1.92716
357.78 136.472 -1.93535
357.414 135.56 -1.96186
357.025 134.671 -1.96463
356.643 133.763 -1.95345
356.249 132.854 -1.95925
355.906 131.98 -1.97129
355.502 131.055 -1.9683
355.144 130.137 -1.9692
354.758 129.19 -1.97719
354.334 128.268 -1.97869
353.929 127.349 -1.98348
353.506 126.408 -1.98501
353.118 125.492 -1.97857
352.797 124.579 -1.99237
352.385 123.641 -2.00036
351.987 122.733 -2.01161
351.523 121.858 -2.01474
351.097 120.944 -2.02365
350.178 121.372 2.67252
349.311 121.85 2.68134
348.41 122.264 2.67611
347.495 122.705 2.67841
346.589 123.143 2.68306
346.16 122.257 -2.02493
345.677 121.354 -2.01895
345.229 120.448 -2.02212
344.801 119.593 -2.02639
344.372 118.679 -2.00224
343.975 117.747 -2.00242
343.546 116.863 -1.99193
343.158 115.94 -1.99789
342.73 115.049 -1.99346
342.322 114.104 -2.00638
341.925 113.182 -2.01607
341.439 112.267 -2.01061
340.988 111.359 -1.99436
340.579 110.477 -1.99373
340.16 109.557 -2.00517
339.241 109.962 2.71906
338.305 110.355 2.73141
337.376 110.735 2.7188
336.439 111.138 2.71539
335.505 111.564 2.70195
335.913 112.477 1.12098
336.353 113.376 1.13058
336.771 114.303 1.14592
337.19 115.233 1.14683
337.601 116.147 1.14004
337.981 117.09 1.14208
338.388 117.992 1.14039
338.797 118.876 1.12262
339.215 119.757 1.11347
339.677 120.66 1.11676
340.123 121.572 1.10274
340.567 122.469 1.1186
341.007 123.363 1.1201
341.455 124.234 1.12114
341.898 125.109 1.11333
342.359 126.013 1.12924
342.761 126.936 1.13975
343.199 127.831 1.12316
343.622 128.685 1.12124
344.079 129.574 1.13851
345.001 129.129 -0.428429
345.892 128.698 -0.439702
346.789 128.274 -0.437338
347.682 127.88 -0.429264
348.572 127.46 -0.425948
349.455 127.056 -0.418406
350.356 126.678 -0.420574
351.268 126.304 -0.41585
352.208 125.9 -0.409516
353.128 125.515 -0.405147
354.061 125.121 -0.405898
354.922 124.694 -0.409859
355.819 124.286 -0.412487
356.747 123.88 -0.413215
357.632 123.5 -0.420049
358.039 124.391 1.14554
358.482 125.313 1.13632
358.89 126.183 1.14627
359.29 127.077 1.14557
359.703 128.002 1.13962
360.134 128.935 1.1458
360.558 129.848 1.16699
360.933 130.729 1.15119
361.327 131.675 1.1638
361.741 132.631 1.16247
362.147 133.513 1.17891
362.54 134.421 1.19409
362.888 135.344 1.19063
363.251 136.281 1.19459
363.633 137.192 1.19715
363.999 138.119 1.17982
364.377 139.055 1.20122
364.738 139.983 1.22023
365.105 140.921 1.21422
365.465 141.891 1.21285
366.372 141.541 -0.370184
367.32 141.183 -0.365789
368.2 140.82 -0.350094
369.136 140.442 -0.348564
370.093 140.111 -0.346115
371.084 139.768 -0.345209
372.02 139.409 -0.357957
372.955 139.098 -0.353887
373.903 138.753 -0.353081
374.865 138.423 -0.339124
375.812 138.092 -0.364027
376.76 137.745 -0.383287
377.696 137.351 -0.391714
378.626 136.98 -0.393633
379.537 136.574 -0.410559
380.465 136.15 -0.414691
381.351 135.73 -0.422439
382.246 135.311 -0.439562
383.157 134.857 -0.432552
384.096 134.455 -0.429271
384.99 134.04 -0.433788
385.897 133.627 -0.430044
386.808 133.206 -0.434781
387.726 132.797 -0.436762
388.617 132.353 -0.419834
389.518 131.959 -0.420787
390.447 131.573 -0.40343
391.369 131.162 -0.39796
392.282 130.791 -0.391066
393.209 130.366 -0.397443
392.792 129.447 -1.98075
392.395 128.57 -1.99108
392.006 127.695 -2.01896
391.592 126.795 -2.01358
391.167 125.906 -1.99441
390.633 125.429 0.289323
391.571 125.692 0.282303
392.568 125.935 0.294783
393.525 126.235 0.289331
394.496 126.521 0.281986
395.441 126.806 0.285801
396.411 127.077 0.295635
395.597 128.567 1.06056
396.113 129.461 1.06224
396.585 130.345 1.05327
397.075 131.214 1.06957
397.516 132.131 1.07433
397.997 132.984 1.07219
398.464 133.875 1.06515
398.948 134.739 1.06133
399.432 135.636 1.06789
399.892 136.518 1.07426
400.376 137.384 1.08394
400.85 138.28 1.08698
401.315 139.169 1.07817
401.742 140.036 1.0845
402.231 140.907 1.09022
402.673 141.805 1.10301
403.143 142.691 1.10496
403.578 143.568 1.09795
404.031 144.426 1.09256
404.496 145.32 1.09743
404.951 146.201 1.08173
405.425 147.067 1.08768
405.896 147.931 1.09111
405.008 148.386 2.65868
404.137 148.849 2.6551
403.272 149.326 2.6478
402.428 149.817 2.65141
401.574 150.264 2.65398
400.686 150.741 2.64519
399.83 151.234 2.65354
398.939 151.716 2.65626
398.066 152.194 2.65709
397.192 152.664 2.66582
396.292 153.142 2.67202
395.398 153.561 2.66385
394.517 154.005 2.6637
393.632 154.458 2.66621
392.758 154.915 2.6881
391.853 155.361 2.67052
390.958 155.835 2.66776
390.049 156.278 2.67163
389.106 156.722 2.69134
388.196 157.172 2.70349
387.771 156.268 -1.98809
387.381 155.392 -1.99426
386.982 154.492 -2.0026
386.572 153.587 -2.02014
386.134 152.704 -2.02578
385.238 153.142 2.68892
384.317 153.593 2.67442
383.45 154.04 2.67385
382.564 154.461 2.67046
381.679 154.922 2.66538
382.182 155.792 1.10122
382.645 156.701 1.11384
383.101 157.588 1.12216
383.549 158.488 1.10606
383.98 159.402 1.1014
384.463 160.294 1.10039
384.925 161.161 1.10427
385.38 162.05 1.10723
385.819 162.951 1.09903
386.256 163.852 1.1009
387.142 163.383 -0.457513
388.064 162.956 -0.460142
388.965 162.51 -0.452737
389.894 162.064 -0.452809
390.799 161.641 -0.452281
391.667 161.199 -0.457534
392.562 160.75 -0.46998
393.484 160.289 -0.477617
394.372 159.799 -0.466402
395.247 159.347 -0.468218
396.128 158.897 -0.477163
397.015 158.44 -0.478383
397.905 157.96 -0.486594
398.788 157.446 -0.489246
399.653 156.989 -0.480169
400.545 156.517 -0.480134
401.433 156.046 -0.487837
402.339 155.571 -0.483902
403.211 155.095 -0.491022
404.083 154.637 -0.490366
404.964 154.188 -0.487302
405.838 153.697 -0.500382
406.719 153.232 -0.518376
407.581 152.751 -0.51318
408.462 152.256 -0.515914
409.335 151.764 -0.510909
410.227 151.295 -0.496053
411.097 150.811 -0.498118
411.975 150.356 -0.503071
412.834 149.831 -0.51123
413.706 149.334 -0.514751
414.588 148.834 -0.515681
415.451 148.349 -0.524216
416.333 147.855 -0.525521
417.186 147.386 -0.525987
418.041 146.853 -0.504121
418.933 146.393 -0.515047
419.79 145.909 -0.514553
420.646 145.415 -0.506719
421.541 144.922 -0.50471
421.084 144.057 -2.08001
420.589 143.198 -2.06691
420.081 142.309 -2.07008
419.62 141.449 -2.05582
419.142 140.572 -2.05555
418.678 139.694 -2.05524
418.235 138.801 -2.05053
417.769 137.905 -2.05369
417.315 137.002 -2.05331
416.849 136.11 -2.06307
416.37 135.24 -2.07048
415.918 134.343 -2.08526
415.378 133.473 -2.08886
414.9 132.59 -2.08414
414.397 131.705 -2.09283
413.924 130.883 -2.09041
413.424 129.974 -2.09737
412.912 129.13 -2.09301
412.425 128.245 -2.09131
411.921 127.334 -2.08806
411.072 127.812 2.61952
410.239 128.303 2.61675
409.405 128.791 2.6178
408.528 129.257 2.61539
407.619 129.73 2.61712
406.739 130.261 2.61683
405.884 130.766 2.6142
405.036 131.268 2.59926
404.198 131.739 2.60437
403.354 132.231 2.61065
402.433 132.75 2.61662
401.565 133.275 2.62084
400.694 133.791 2.64287
399.797 134.272 2.63665
398.933 134.761 2.64394
399.401 135.653 1.07063
399.874 136.521 1.06986
400.384 137.404 1.08245
400.856 138.289 1.0707
401.318 139.144 1.08888
402.182 138.667 -0.484733
403.067 138.181 -0.492099
403.957 137.722 -0.504384
404.811 137.241 -0.505605
405.681 136.751 -0.509716
406.559 136.226 -0.511442
407.417 135.743 -0.518654
408.298 135.249 -0.518182
409.162 134.724 -0.506666
410.043 134.252 -0.507058
410.908 133.74 -0.500638
411.808 133.234 -0.51016
412.686 132.742 -0.517551
413.519 132.247 -0.517611
414.415 131.755 -0.52266
415.279 131.228 -0.517704
416.15 130.757 -0.523228
423.408 134.572 -0.237544
424.405 134.301 -0.240476
425.371 134.061 -0.240737
426.36 133.823 -0.237876
427.353 133.585 -0.236823
428.327 133.293 -0.233502
429.298 133.042 -0.2309
430.293 132.814 -0.227549
431.265 132.575 -0.228847
432.216 132.347 -0.232336
433.17 132.107 -0.234976
434.147 131.885 -0.24555
435.152 131.606 -0.26065
436.133 131.351 -0.25025
437.087 131.132 -0.260962
436.562 130.913 -2.47769
435.773 130.295 -2.48283
435.003 129.692 -2.48458
434.224 129.066 -2.48467
433.439 128.449 -2.48924
432.636 127.845 -2.49363
431.857 127.245 -2.50383
431.049 126.636 -2.51442
421.478 128.525 -0.187625
422.47 128.375 -0.186718
423.471 128.203 -0.203495
424.466 127.977 -0.20089
425.453 127.761 -0.203184
426.438 127.566 -0.185219
427.407 127.378 -0.198288
428.397 127.202 -0.205412
429.384 127.003 -0.207222
430.341 126.797 -0.208421
431.323 126.579 -0.203663
432.343 126.402 -0.217001
433.31 126.208 -0.216974
434.269 125.987 -0.20448
435.245 125.798 -0.210374
436.211 125.562 -0.217027
437.206 125.361 -0.209126
438.2 125.167 -0.215711
439.204 124.974 -0.22272
440.168 124.726 -0.225334
441.113 124.53 -0.21562
442.109 124.301 -0.218133
443.084 124.067 -0.216084
444.096 123.863 -0.218461
445.056 123.631 -0.228528
444.846 122.667 -1.79808
444.597 121.685 -1.78844
444.395 120.726 -1.79397
444.171 119.738 -1.78293
443.952 118.751 -1.78299
442.997 118.953 2.91466
442.009 119.171 2.91519
441.011 119.422 2.9258
440.049 119.625 2.92943
439.063 119.843 2.93055
439.259 120.806 1.34739
439.483 121.81 1.346
439.698 122.782 1.35553
439.922 123.758 1.35444
440.133 124.732 1.35022
442.686 110.547 0.577897
677.391 132.647 1.94769
677.011 133.567 1.9542
676.673 134.503 1.94405
676.3 135.417 1.95431
675.396 135.053 -2.75924
674.478 134.695 -2.77069
673.536 134.312 -2.77528
672.62 133.961 -2.76716
671.689 133.58 -2.77694
671.372 134.471 1.93344
671.009 135.394 1.93497
670.627 136.343 1.93207
670.255 137.286 1.92263
669.938 138.218 1.93051
669.578 139.145 1.94085
669.206 140.091 1.95008
668.82 141.039 1.95909
668.437 141.983 1.96029
668.053 142.887 1.97027
667.626 143.81 1.96443
667.203 144.74 1.94764
666.823 145.691 1.96667
666.416 146.59 1.96301
666.041 147.519 1.95024
665.673 148.49 1.9502
665.317 149.41 1.95009
664.93 150.36 1.9533
664.59 151.283 1.9605
664.19 152.189 1.96504
663.784 153.137 1.97771
663.404 154.048 1.98233
662.967 154.958 1.96887
662.587 155.85 1.9652
662.204 156.771 1.96069
661.822 157.664 1.95659
661.423 158.604 1.93644
661.064 159.512 1.92619
660.693 160.438 1.91516
660.312 161.374 1.90615
660.003 162.285 1.90838
659.675 163.227 1.91496
659.326 164.148 1.9052
658.985 165.069 1.9183
658.636 166.005 1.91291
658.284 166.937 1.91241
657.942 167.915 1.90947
657.612 168.847 1.91245
657.277 169.791 1.92579
656.937 170.727 1.94077
656.018 170.357 -2.76381
655.092 169.96 -2.76137
654.154 169.62 -2.76054
653.215 169.295 -2.75319
652.245 168.931 -2.74148
651.335 168.536 -2.73527
650.401 168.148 -2.74365
649.474 167.77 -2.74941
648.555 167.393 -2.75327
647.656 167.025 -2.74885
646.728 166.658 -2.74731
645.799 166.246 -2.74166
644.868 165.87 -2.74716
643.942 165.484 -2.73711
643.032 165.068 -2.74578
643.449 164.153 -1.17183
643.793 163.221 -1.17094
644.169 162.283 -1.16151
644.567 161.349 -1.16102
644.963 160.422 -1.16828
644.036 160.057 -2.74178
643.078 159.709 -2.72157
642.169 159.302 -2.73426
641.286 158.925 -2.72674
640.368 158.526 -2.74595
639.99 159.44 1.97441
639.581 160.375 1.9771
639.179 161.281 1.96656
638.811 162.215 1.98257
638.458 163.126 1.97243
638.097 164.057 1.9647
637.705 164.999 1.9713
637.324 165.961 1.97014
636.912 166.903 1.95845
636.527 167.787 1.96007
636.176 168.689 1.95329
635.837 169.609 1.95501
635.478 170.542 1.95777
635.08 171.493 1.95526
634.694 172.433 1.95372
634.307 173.349 1.96542
633.91 174.263 1.96189
633.555 175.187 1.95347
633.154 176.12 1.96632
632.727 177.042 1.96387
632.348 177.95 1.95811
631.943 178.857 1.95762
631.558 179.797 1.97103
631.115 180.7 1.95314
630.764 181.646 1.95952
630.404 182.554 1.96916
630.006 183.456 1.96742
629.616 184.383 1.98002
629.19 185.31 1.97902
628.787 186.217 1.97574
628.425 187.129 1.96701
628.05 188.06 1.9588
627.665 188.963 1.96704
627.272 189.878 1.96486
626.89 190.812 1.95771
626.502 191.719 1.96737
626.114 192.665 1.97192
625.724 193.577 1.95397
625.365 194.499 1.96232
624.942 195.416 1.95008
624.002 194.986 -2.75911
623.091 194.649 -2.76104
622.189 194.283 -2.75745
621.241 193.89 -2.73864
620.347 193.509 -2.73012
620.767 192.557 -1.18223
621.151 191.616 -1.17511
621.526 190.72 -1.17606
621.917 189.807 -1.17095
622.332 188.865 -1.1786
622.675 187.963 -1.17481
623.052 187.02 -1.18569
623.405 186.101 -1.17851
623.807 185.205 -1.178
624.187 184.285 -1.1772
624.59 183.379 -1.17056
624.984 182.477 -1.1671
625.361 181.577 -1.17051
625.782 180.659 -1.17446
626.18 179.74 -1.18002
626.581 178.822 -1.18703
626.944 177.884 -1.18287
627.339 176.931 -1.18036
627.776 176.02 -1.17881
628.148 175.108 -1.17931
628.491 174.19 -1.18216
628.881 173.28 -1.18805
629.255 172.341 -1.16956
629.634 171.403 -1.17259
630.036 170.483 -1.16642
630.421 169.574 -1.17323
630.788 168.66 -1.17209
631.172 167.783 -1.17956
631.52 166.818 -1.17169
631.898 165.877 -1.16654
632.294 164.984 -1.17305
632.68 164.042 -1.17426
633.116 163.12 -1.17795
633.463 162.195 -1.18346
633.836 161.275 -1.20617
634.191 160.36 -1.19409
634.552 159.44 -1.195
634.913 158.525 -1.18733
635.308 157.58 -1.19723
635.654 156.621 -1.20428
636.015 155.681 -1.19983
636.355 154.725 -1.19414
636.694 153.802 -1.19661
637.056 152.884 -1.19232
637.454 151.948 -1.18953
637.837 151.032 -1.19525
638.165 150.099 -1.18966
638.528 149.175 -1.17983
638.922 148.279 -1.19399
639.286 147.361 -1.19297
639.623 146.381 -1.19018
640.006 145.42 -1.19832
640.358 144.485 -1.19759
640.704 143.539 -1.21677
641.033 142.592 -1.22363
641.353 141.634 -1.22843
641.716 140.682 -1.20932
642.076 139.753 -1.22006
642.421 138.82 -1.22726
642.732 137.889 -1.2285
643.094 136.903 -1.23003
643.419 135.968 -1.2321
643.77 135.022 -1.22832
644.097 134.102 -1.21894
644.457 133.163 -1.21825
644.796 132.247 -1.22649
645.106 131.294 -1.22377
645.452 130.389 -1.2313
645.817 129.443 -1.23167
646.185 128.532 -1.23014
646.519 127.586 -1.23527
646.863 126.63 -1.22438
647.228 125.67 -1.21566
647.561 124.724 -1.21374
647.898 123.785 -1.21904
648.245 122.828 -1.21208
648.609 121.881 -1.22468
648.94 120.944 -1.21879
649.282 120 -1.20228
649.685 119.077 -1.18006
648.806 118.687 -2.74517
647.87 118.326 -2.73889
646.953 117.941 -2.75148
646.038 117.583 -2.75233
645.1 117.216 -2.75811
644.704 118.116 1.94132
644.306 119.046 1.94475
643.91 119.98 1.94811
643.535 120.906 1.9579
643.144 121.867 1.9478
642.777 122.809 1.93181
642.457 123.788 1.92902
642.104 124.759 1.93526
641.736 125.692 1.94726
641.396 126.618 1.94002
641.056 127.56 1.92323
640.697 128.501 1.92047
640.349 129.453 1.91942
640.019 130.425 1.91817
639.683 131.393 1.92107
639.344 132.347 1.91273
639.002 133.325 1.9095
638.65 134.295 1.91804
638.335 135.272 1.9189
638.013 136.195 1.91396
638.994 136.524 0.354027
639.933 136.847 0.344702
640.871 137.199 0.342563
641.795 137.556 0.346407
642.729 137.878 0.340623
642.361 138.837 1.91968
642.028 139.759 1.90948
641.706 140.699 1.91052
641.349 141.643 1.91364
640.993 142.581 1.92306
640.664 143.529 1.92498
640.347 144.494 1.94369
639.989 145.419 1.9476
639.653 146.354 1.94747
639.295 147.31 1.94647
638.915 148.249 1.95486
638.515 149.191 1.95493
638.159 150.102 1.94626
637.774 151.027 1.94767
637.409 151.938 1.95469
638.329 152.324 0.381871
639.282 152.693 0.384081
640.22 153.081 0.395533
641.132 153.459 0.391425
642.06 153.842 0.401485
642.997 154.207 0.403302
643.897 154.597 0.408221
644.76 155.015 0.399918
645.689 155.423 0.405213
646.594 155.822 0.397322
647.527 156.216 0.38403
648.484 156.534 0.380377
649.456 156.926 0.396108
650.371 157.314 0.37633
651.303 157.692 0.359462
650.964 158.651 1.93484
650.568 159.592 1.94544
650.177 160.532 1.93456
649.805 161.437 1.92664
649.469 162.344 1.93363
649.104 163.306 1.94344
648.746 164.232 1.95477
648.382 165.181 1.95444
648.026 166.122 1.95094
647.669 167.036 1.95565
647.263 167.92 1.96425
646.884 168.839 1.96514
646.516 169.759 1.95995
646.163 170.663 1.94522
645.794 171.584 1.94261
645.423 172.531 1.94719
645.04 173.462 1.95934
644.695 174.354 1.95624
644.292 175.294 1.95531
643.939 176.212 1.94702
643.553 177.16 1.95064
643.179 178.09 1.9392
642.861 179.038 1.94204
642.494 179.966 1.94368
642.111 180.892 1.95696
641.202 180.493 -2.75409
640.243 180.113 -2.75861
639.322 179.765 -2.7672
638.403 179.373 -2.7668
637.442 178.986 -2.75938
636.512 178.594 -2.76528
635.586 178.227 -2.74824
634.67 177.82 -2.74439
633.755 177.422 -2.74786
632.842 177.034 -2.74843
633.212 176.112 -1.17781
633.56 175.184 -1.18718
633.938 174.256 -1.18228
634.315 173.336 -1.19002
634.666 172.44 -1.19606
635.031 171.486 -1.1864
635.443 170.573 -1.18235
635.833 169.631 -1.18808
636.166 168.695 -1.18283
636.539 167.796 -1.18194
636.912 166.875 -1.18355
637.299 165.931 -1.17471
637.681 165.006 -1.16947
638.075 164.052 -1.16874
638.467 163.105 -1.16852
639.403 163.516 0.391705
640.323 163.905 0.403157
641.248 164.299 0.396471
642.141 164.687 0.406617
643.022 165.082 0.404766
643.955 165.478 0.398979
644.879 165.876 0.402679
645.821 166.276 0.392781
646.716 166.654 0.388013
647.64 167.015 0.389544
648.577 167.375 0.400766
649.506 167.769 0.394245
650.415 168.148 0.395982
651.342 168.539 0.395445
652.26 168.927 0.386623
651.865 169.839 1.96809
651.516 170.753 1.95797
651.136 171.648 1.95511
650.769 172.561 1.94551
650.396 173.521 1.93361
649.443 173.149 -2.7539
648.517 172.766 -2.74906
647.631 172.381 -2.74735
646.7 171.964 -2.74365
645.783 171.579 -2.75082
644.849 171.221 -2.75493
643.918 170.861 -2.75567
643.003 170.492 -2.7593
642.083 170.111 -2.76951
641.138 169.738 -2.76889
640.229 169.343 -2.7518
639.289 168.975 -2.74795
638.374 168.561 -2.75212
637.437 168.185 -2.74553
636.533 167.778 -2.74449
635.595 167.396 -2.75318
634.674 167.036 -2.75404
633.757 166.634 -2.74666
632.818 166.269 -2.74215
631.915 165.9 -2.74943
631.544 166.818 1.95679
631.198 167.747 1.96973
630.82 168.65 1.97308
630.423 169.594 1.97409
630.039 170.535 1.97749
629.647 171.44 1.97412
629.27 172.364 1.98044
628.887 173.263 1.96171
628.495 174.201 1.9726
628.113 175.116 1.97193
627.758 176.066 1.98728
627.346 176.987 1.97395
626.941 177.902 1.97791
626.536 178.803 1.96436
626.161 179.699 1.96348
627.128 180.083 0.393231
628.053 180.493 0.391756
628.957 180.876 0.403405
629.875 181.264 0.400902
630.782 181.648 0.401085
631.699 182.012 0.399984
632.598 182.404 0.408366
633.525 182.783 0.401917
634.477 183.219 0.402342
635.366 183.621 0.405497
636.311 184.004 0.403592
637.219 184.364 0.416726
638.147 184.773 0.41822
639.075 185.146 0.402791
640.001 185.551 0.39863
640.934 185.953 0.368197
641.874 186.295 0.36508
642.771 186.638 0.368962
643.738 186.97 0.365533
644.688 187.332 0.369264
645.655 187.716 0.363952
646.592 188.066 0.363867
647.539 188.384 0.378046
648.452 188.768 0.382435
649.366 189.152 0.384548
649.74 188.22 -1.17489
650.158 187.297 -1.18317
650.574 186.384 -1.16117
650.97 185.467 -1.1436
651.416 184.589 -1.1336
652.324 185.029 0.459211
653.226 185.474 0.462459
654.109 185.944 0.464739
654.984 186.38 0.459626
655.864 186.807 0.468861
656.745 187.255 0.454396
657.662 187.702 0.449287
658.518 188.161 0.458441
659.43 188.612 0.451096
660.326 189.062 0.457016
661.247 189.489 0.4614
662.145 189.948 0.454873
663.049 190.375 0.458875
663.923 190.826 0.470534
664.823 191.298 0.457021
665.215 190.377 -1.10407
665.676 189.483 -1.10112
666.142 188.577 -1.10974
666.551 187.683 -1.10474
666.985 186.823 -1.10515
666.101 186.368 -2.67662
665.205 185.912 -2.68413
664.335 185.468 -2.6847
663.423 185.023 -2.67641
662.565 184.613 -2.67616
662.089 185.508 2.03832
661.657 186.384 2.02371
661.239 187.305 2.01461
660.815 188.188 2.01022
660.361 189.092 2.00461
659.931 189.987 1.9959
659.547 190.88 1.98884
659.16 191.791 1.99837
658.762 192.696 1.99681
658.357 193.584 2.02103
657.923 194.507 2.02104
657.509 195.435 2.01224
657.11 196.336 2.01569
656.689 197.292 2.0228
656.228 198.204 2.01202
655.825 199.125 2.02009
655.393 200.051 2.02198
654.939 200.976 2.01917
654.539 201.869 2.01551
654.16 202.778 2.00377
653.736 203.654 2.01038
653.338 204.54 2.0055
652.949 205.457 2.00234
652.52 206.363 2.02018
652.087 207.26 2.0235
651.627 208.189 2.02706
651.21 209.089 2.02526
650.755 210.01 2.02396
650.317 210.898 2.02352
649.869 211.806 2.01322
649.472 212.709 2.01001
649.033 213.588 2.01853
648.588 214.524 2.02
648.128 215.392 2.01999
647.7 216.255 2.00123
647.284 217.124 1.98681
646.882 218.031 1.99388
646.477 218.951 1.99605
646.03 219.84 2.00815
645.609 220.773 1.99706
646.53 221.196 0.431386
647.452 221.605 0.419716
648.364 221.985 0.416256
649.3 222.37 0.40387
650.265 222.732 0.416863
649.873 223.664 2.00585
649.452 224.551 2.0001
649.031 225.452 1.99471
648.653 226.344 1.98881
648.254 227.255 1.98532
647.358 226.859 -2.72601
646.435 226.45 -2.71499
645.52 226.05 -2.70501
644.614 225.65 -2.69878
643.715 225.267 -2.71808
642.806 224.841 -2.74159
641.916 224.453 -2.7263
640.998 224.061 -2.73414
640.085 223.658 -2.75327
639.138 223.268 -2.7621
638.229 222.941 -2.75658
637.302 222.588 -2.75062
636.344 222.202 -2.73927
635.405 221.795 -2.75326
634.483 221.437 -2.75268
633.551 221.022 -2.75582
632.623 220.608 -2.74641
631.703 220.239 -2.74802
630.752 219.818 -2.7461
629.808 219.428 -2.73566
628.9 219.013 -2.74144
627.962 218.603 -2.74305
627.042 218.231 -2.74659
626.126 217.853 -2.73292
625.189 217.437 -2.73718
624.23 217.058 -2.71811
623.319 216.639 -2.72112
622.416 216.241 -2.73766
621.498 215.856 -2.74143
620.602 215.462 -2.73505
619.69 215.099 -2.7284
618.766 214.685 -2.73662
617.83 214.294 -2.71432
616.924 213.871 -2.71112
616.027 213.448 -2.70695
615.128 213.014 -2.72414
614.222 212.604 -2.73028
613.269 212.211 -2.7387
612.324 211.819 -2.73971
611.393 211.437 -2.74376
610.485 211.048 -2.73147
609.551 210.622 -2.73925
608.625 210.22 -2.73433
607.714 209.808 -2.71446
606.792 209.414 -2.71488
605.881 209.024 -2.73015
604.911 208.603 -2.70738
603.964 208.22 -2.68861
603.07 207.799 -2.69118
604.169 206.498 2.85178
603.189 206.781 2.83957
602.27 207.089 2.84583
601.33 207.393 2.85305
600.344 207.673 2.84747
599.381 207.991 2.84834
598.421 208.263 2.84259
597.437 208.54 2.84503
596.47 208.835 2.84781
595.505 209.124 2.86084
594.531 209.429 2.84845
593.51 209.722 2.85225
592.561 210.035 2.86607
591.589 210.288 2.8616
590.663 210.545 2.86027
589.721 210.829 2.85407
588.776 211.086 2.85005
587.764 211.37 2.83807
586.794 211.672 2.8316
585.866 211.96 2.83108
584.91 212.273 2.82974
583.965 212.538 2.83715
583.012 212.832 2.82773
582.088 213.127 2.82695
581.141 213.435 2.81896
580.216 213.747 2.81104
579.275 214.04 2.81286
578.802 214.541 -2.70099
577.9 214.094 -2.68807
577.035 213.663 -2.69734
576.114 213.192 -2.69719
575.221 212.748 -2.68524
574.325 212.313 -2.6932
573.437 211.88 -2.69556
572.513 211.458 -2.68705
571.627 210.98 -2.70465
570.731 210.549 -2.69797
569.81 210.109 -2.705
568.913 209.672 -2.72449
568.002 209.249 -2.71577
567.033 208.813 -2.71988
566.146 208.425 -2.71402
565.232 208.023 -2.72684
564.335 207.607 -2.72426
563.435 207.226 -2.72848
562.539 206.793 -2.73367
561.61 206.386 -2.73898
560.709 206.003 -2.7303
559.789 205.605 -2.71727
558.873 205.237 -2.73308
557.932 204.844 -2.72894
558.307 203.941 -1.1719
558.705 203.02 -1.16389
559.072 202.112 -1.17028
559.46 201.192 -1.16134
559.861 200.299 -1.16579
560.256 199.368 -1.16873
560.663 198.446 -1.19654
561.023 197.526 -1.1915
561.385 196.567 -1.18692
561.73 195.67 -1.19592
562.08 194.754 -1.20596
562.433 193.807 -1.21545
562.782 192.858 -1.20132
563.122 191.907 -1.21033
563.486 190.964 -1.20971
563.873 190.058 -1.2076
564.26 189.12 -1.21987
564.599 188.191 -1.20235
564.968 187.237 -1.21066
565.314 186.303 -1.20559
565.644 185.356 -1.20872
565.978 184.457 -1.19077
566.333 183.553 -1.18135
566.687 182.616 -1.17108
567.066 181.689 -1.1661
567.411 180.776 -1.15053
567.826 179.87 -1.15699
568.255 178.933 -1.15418
568.678 177.992 -1.16273
569.058 177.09 -1.16422
569.987 177.505 0.407831
570.9 177.902 0.406869
571.825 178.275 0.411924
572.002 176.784 -1.80797
571.762 175.799 -1.798
571.569 174.835 -1.81387
571.335 173.811 -1.82209
571.083 172.859 -1.81012
570.839 171.885 -1.8145
570.62 170.91 -1.83305
570.359 171.456 -1.03855
570.882 170.578 -1.03862
571.415 169.706 -1.04766
571.932 168.828 -1.06401
572.414 167.978 -1.06158
571.586 167.501 -2.6321
570.697 167.035 -2.65136
569.807 166.553 -2.63727
570.467 166.152 -0.358951
571.384 165.782 -0.358142
572.337 165.38 -0.355257
573.277 165.02 -0.361185
574.213 164.65 -0.351449
575.139 164.277 -0.372183
576.061 163.907 -0.381023
575.712 162.951 -1.94264
575.373 162.021 -1.94228
574.986 161.125 -1.95944
574.606 160.195 -1.94523
574.24 159.272 -1.96154
573.328 159.644 2.76389
572.434 160.014 2.77535
571.503 160.336 2.76491
570.581 160.699 2.76683
569.623 161.046 2.78734
569.97 162.01 1.20262
570.327 162.922 1.22003
570.688 163.859 1.21409
571.016 164.827 1.21045
571.382 165.763 1.21274
571.761 166.727 1.21418
572.108 167.661 1.21432
572.44 168.587 1.22308
572.783 169.547 1.20878
573.152 170.467 1.20715
573.516 171.354 1.21871
573.851 172.292 1.22819
574.192 173.247 1.22941
574.531 174.19 1.22421
574.889 175.129 1.25278
575.861 174.803 -0.320811
576.828 174.492 -0.335981
577.788 174.216 -0.337331
578.716 173.886 -0.338312
579.652 173.555 -0.355608
580.626 173.185 -0.358391
581.575 172.839 -0.366003
582.489 172.492 -0.362222
583.413 172.115 -0.35654
584.363 171.78 -0.349729
585.285 171.458 -0.35412
586.21 171.105 -0.347909
587.173 170.798 -0.337413
588.101 170.486 -0.330331
589.079 170.187 -0.308524
589.388 171.163 1.25238
589.693 172.072 1.24316
589.996 173.022 1.26049
590.309 173.957 1.25736
590.612 174.904 1.25346
590.92 175.848 1.25465
591.212 176.797 1.26091
591.499 177.708 1.25933
591.814 178.656 1.25891
592.128 179.609 1.24923
592.408 180.561 1.25335
592.71 181.495 1.24735
593.038 182.462 1.24076
593.374 183.399 1.24543
593.688 184.385 1.24144
594.017 185.327 1.22827
594.377 186.292 1.22691
594.678 187.228 1.22401
595.012 188.144 1.21811
595.372 189.12 1.22304
595.724 190.056 1.22177
596.061 190.986 1.23388
596.389 191.95 1.24314
596.736 192.903 1.23814
597.038 193.838 1.24421
597.33 194.824 1.23767
597.67 195.768 1.25289
597.995 196.687 1.26421
598.308 197.648 1.25585
598.635 198.602 1.23527
597.683 198.918 2.77802
596.745 199.259 2.78674
595.777 199.584 2.80152
594.851 199.932 2.79518
593.925 200.272 2.78243
592.992 200.618 2.77768
592.05 200.984 2.78803
591.126 201.333 2.79161
590.198 201.66 2.80663
589.235 201.993 2.81065
588.31 202.332 2.80302
587.392 202.673 2.80847
588.314 203.835 -2.70426
587.398 203.437 -2.70562
586.466 203.034 -2.71226
586.066 203.953 2.01864
585.64 204.853 2.0271
585.183 205.769 2.03731
584.744 206.635 2.03848
584.285 207.521 2.04054
583.406 207.117 -2.65901
582.541 206.638 -2.66148
581.634 206.174 -2.67344
580.735 205.742 -2.65993
579.883 205.27 -2.67603
578.992 204.842 -2.67201
578.09 204.404 -2.67986
577.198 203.963 -2.67395
576.301 203.493 -2.65663
575.431 203.036 -2.65832
574.947 203.934 2.05109
574.502 204.815 2.05912
574.035 205.728 2.06804
573.604 206.59 2.07057
573.121 207.438 2.05802
572.608 208.352 2.07116
572.134 209.223 2.0846
571.663 210.081 2.07988
571.142 210.954 2.06336
570.671 211.817 2.06159
569.822 211.36 -2.65471
568.935 210.869 -2.6496
568.079 210.394 -2.63288
567.203 209.92 -2.63326
566.33 209.426 -2.62496
565.441 208.956 -2.60533
564.603 208.407 -2.60771
563.74 207.906 -2.60697
562.862 207.457 -2.60221
562.002 206.948 -2.61022
561.151 206.451 -2.63098
560.269 205.957 -2.60424
559.398 205.454 -2.59826
558.525 204.925 -2.59369
557.675 204.388 -2.58909
556.842 203.867 -2.58887
555.988 203.352 -2.59076
555.126 202.831 -2.59356
554.28 202.315 -2.59688
553.44 201.821 -2.60984
552.887 202.653 2.10175
552.388 203.506 2.10778
551.905 204.362 2.1109
551.368 205.19 2.08539
550.906 206.08 2.087
550.398 206.952 2.09171
549.898 207.834 2.10394
549.401 208.721 2.09836
548.869 209.582 2.09794
548.378 210.457 2.11362
547.873 211.297 2.11594
547.384 212.155 2.12097
546.866 212.964 2.12796
546.351 213.85 2.13158
545.816 214.701 2.14222
545.257 215.53 2.14015
544.738 216.363 2.15118
544.191 217.226 2.14255
543.657 218.056 2.1242
543.154 218.904 2.10242
542.659 219.764 2.09414
542.159 220.605 2.11429
541.639 221.45 2.1151
541.142 222.302 2.12024
540.604 223.156 2.12437
540.08 224.001 2.10267
539.534 224.906 2.10675
539.024 225.805 2.10365
538.521 226.659 2.09461
538.034 227.548 2.10263
537.184 227.019 -2.61045
536.311 226.53 -2.60931
535.46 226.03 -2.60269
534.588 225.491 -2.60393
533.702 224.971 -2.61732
533.206 225.837 2.09861
532.726 226.723 2.10543
532.21 227.592 2.10512
531.727 228.475 2.09175
530.943 228.765 -1.92435
529.962 229.092 2.79605
528.962 229.426 2.79058
528.032 229.789 2.79635
527.118 230.136 2.78092
526.129 230.497 2.78181
525.196 230.859 2.79751
524.279 231.171 2.79472
523.362 231.489 2.80938
522.42 231.831 2.8239
521.452 232.134 2.82363
520.531 232.471 2.82556
519.58 232.784 2.82786
518.649 233.089 2.83486
517.69 233.401 2.84536
516.717 233.714 2.839
515.786 234.007 2.83725
514.847 234.339 2.83469
513.884 234.672 2.8479
512.971 234.978 2.84759
512.009 235.291 2.85016
512.264 236.229 1.28117
512.509 237.196 1.28369
512.766 238.151 1.28749
513.075 239.057 1.30892
513.328 239.998 1.31799
513.569 240.974 1.33085
513.791 241.948 1.33814
514.045 242.903 1.35028
514.234 243.864 1.3559
514.452 244.83 1.36297
514.664 245.847 1.36318
514.883 246.825 1.35731
515.154 247.82 1.36234
515.358 248.82 1.37258
515.571 249.814 1.38355
515.758 250.813 1.38931
515.952 251.786 1.39549
515.703 253.362 -0.846984
516.343 252.597 -0.838642
517.009 251.852 -0.838907
517.691 251.13 -0.844331
518.365 250.404 -0.834888
519.003 249.663 -0.827656
519.702 248.947 -0.828634
520.342 248.225 -0.832128
519.601 247.564 -2.3953
518.91 246.893 -2.39613
518.17 246.235 -2.40347
517.439 245.551 -2.40119
516.705 244.902 -2.39885
515.976 244.223 -2.40606
515.233 243.538 -2.39441
514.496 242.879 -2.39039
513.749 242.196 -2.40342
513.017 241.517 -2.42234
512.243 240.868 -2.43137
511.479 240.245 -2.43642
510.703 239.608 -2.43358
509.957 238.959 -2.42956
509.185 238.314 -2.44958
508.56 239.088 2.24165
507.949 239.871 2.23805
507.335 240.679 2.25311
506.721 241.494 2.26141
506.086 242.276 2.26484
505.446 243.043 2.264
504.809 243.815 2.26286
504.144 244.622 2.27704
503.472 245.402 2.26602
502.853 246.158 2.26577
502.174 246.941 2.26814
501.542 247.72 2.26647
500.883 248.471 2.24575
500.29 249.243 2.25456
499.689 250.017 2.26488
499.049 250.776 2.26223
498.385 251.54 2.2391
497.761 252.322 2.24248
497.146 253.108 2.24446
496.529 253.898 2.27172
495.798 253.246 -2.44718
495.024 252.622 -2.43307
494.26 251.982 -2.45218
493.448 251.406 -2.45024
492.69 250.802 -2.44819
492.019 251.573 2.27162
491.385 252.346 2.2543
490.763 253.126 2.26123
490.15 253.913 2.2674
489.517 254.656 2.28794
490.28 255.316 0.745678
491.018 256.003 0.73598
491.748 256.663 0.722384
492.505 257.305 0.724466
493.245 257.947 0.713436
493.976 258.615 0.719664
494.706 259.268 0.732646
495.415 259.956 0.728583
496.185 260.611 0.724487
496.93 261.275 0.710346
497.665 261.942 0.702414
498.482 262.586 0.681262
499.284 263.221 0.669645
500.105 263.848 0.691684
500.847 264.462 0.678507
501.646 265.086 0.663164
502.454 265.728 0.672387
503.262 266.355 0.669261
504.036 266.993 0.674604
504.807 267.602 0.689196
505.604 268.247 0.685113
506.399 268.883 0.682865
507.184 269.531 0.699365
507.952 270.17 0.704062
508.665 270.822 0.699402
509.462 271.442 0.705044
510.188 272.083 0.709704
510.939 272.751 0.703631
511.694 273.381 0.694702
512.439 273.974 0.683032
513.246 274.589 0.684162
514.024 275.202 0.661372
514.787 275.787 0.664381
515.591 276.398 0.639385
516.388 277.017 0.639034
517.173 277.633 0.634946
517.975 278.255 0.644467
518.731 278.822 0.635755
519.556 279.448 0.626038
520.395 280.031 0.598472
521.235 280.563 0.589502
522.111 281.141 0.611771
522.947 281.716 0.607561
523.762 282.287 0.603292
524.606 282.861 0.607107
525.4 283.449 0.616248
526.213 284.048 0.625466
527.007 284.604 0.632652
527.822 285.216 0.634526
528.6 285.812 0.647463
529.428 286.437 0.658662
530.239 287.032 0.665062
531.05 287.643 0.693025
531.833 288.273 0.698486
532.579 288.938 0.678024
533.369 289.564 0.679861
534.126 290.208 0.69047
534.885 290.84 0.711102
535.64 291.503 0.726973
536.352 292.228 0.7442
537.096 292.928 0.749326
537.822 293.623 0.749511
538.553 294.306 0.750861
539.288 294.98 0.747198
540.02 295.664 0.75748
540.705 296.339 0.761117
541.407 297.046 0.757374
542.138 297.718 0.759046
542.87 298.382 0.741734
543.628 299.076 0.715486
544.364 299.721 0.711677
545.096 300.374 0.703748
545.893 301.034 0.707572
546.61 301.683 0.697761
547.377 302.345 0.679017
548.16 302.964 0.674815
548.932 303.561 0.662654
549.718 304.208 0.665051
550.516 304.833 0.666049
551.258 305.398 0.672776
551.931 304.623 -0.904368
552.52 303.861 -0.914239
553.136 303.069 -0.908811
553.748 302.303 -0.909006
554.368 301.535 -0.911813
554.993 300.731 -0.937584
555.575 299.909 -0.936094
556.207 299.102 -0.923297
556.763 298.284 -0.915411
557.378 297.5 -0.931726
557.971 296.705 -0.931074
558.606 295.907 -0.921928
559.204 295.143 -0.917647
559.806 294.384 -0.903872
560.4 293.577 -0.909076
561.177 294.192 0.658934
561.963 294.818 0.647603
562.759 295.436 0.644675
563.543 296.052 0.660047
564.335 296.673 0.651899
565.17 297.275 0.647426
565.98 297.889 0.657001
566.763 298.481 0.664501
567.56 299.06 0.675957
568.331 299.689 0.661884
569.73 298.941 -0.0735761
570.705 298.874 -0.0658501
571.708 298.789 -0.0784841
572.734 298.72 -0.0858001
573.702 298.631 -0.0831251
572.024 305.151 -1.65221
573.51 304.458 0.622852
574.339 305.041 0.612405
575.109 305.631 0.61174
575.914 306.199 0.609109
576.725 306.767 0.613399
577.542 307.359 0.608043
578.335 307.908 0.628693
579.138 308.488 0.625367
579.962 309.102 0.624417
580.552 308.274 -0.955537
581.12 307.461 -0.953913
581.688 306.647 -0.943452
582.32 305.848 -0.95274
582.908 305.033 -0.92905
583.482 304.249 -0.932132
584.083 303.402 -0.924023
584.686 302.568 -0.937147
585.278 301.723 -0.957896
585.858 300.915 -0.95245
586.438 300.05 -0.935831
587.022 299.235 -0.941565
587.627 298.446 -0.943231
588.216 297.64 -0.941982
588.816 296.838 -0.940156
589.402 296.024 -0.954629
589.962 295.184 -0.954237
590.495 294.392 -0.963876
591.054 293.565 -0.962442
591.626 292.746 -0.964224
592.171 291.887 -0.95788
590.921 291.438 1.30514
591.161 292.398 1.31498
591.439 293.367 1.31049
591.684 294.305 1.30622
591.96 295.279 1.30266
592.238 296.254 1.30711
592.511 297.224 1.29983
592.744 298.143 1.29488
593.014 299.135 1.2898
593.277 300.121 1.28277
593.573 301.077 1.27121
593.905 302.049 1.28029
593.262 301.755 2.07182
592.805 302.663 2.07711
592.28 303.558 2.08817
591.768 304.413 2.09775
591.258 305.283 2.10306
590.749 306.139 2.11471
590.252 307.012 2.11907
589.749 307.889 2.1246
589.222 308.759 2.13207
588.669 309.578 2.12037
588.164 310.404 2.10995
587.655 311.256 2.12995
588.495 311.789 0.551666
589.335 312.314 0.544102
590.217 312.81 0.530457
591.102 313.288 0.531692
591.957 313.767 0.524644
592.817 314.247 0.519432
593.656 314.727 0.513158
594.531 315.248 0.503143
595.37 315.727 0.511403
596.188 316.216 0.513267
597.062 316.732 0.523781
597.949 317.276 0.522262
598.84 317.772 0.538812
599.689 318.256 0.527669
600.576 318.725 0.516516
601.444 319.264 0.522971
602.318 319.775 0.516532
603.178 320.278 0.525175
604.013 320.783 0.525564
604.852 321.304 0.535066
605.373 320.442 -1.02114
605.897 319.609 -0.992452
606.448 318.752 -0.971548
607.028 317.911 -0.961706
607.607 317.095 -0.959724
608.198 316.283 -0.943256
608.777 315.516 -0.926103
609.363 314.758 -0.920331
609.953 313.942 -0.935583
610.531 313.157 -0.925253
611.11 312.399 -0.921444
611.747 311.627 -0.905518
611.227 311.762 -3.1338
610.203 311.726 -3.1227
609.204 311.754 -3.12421
609.218 310.751 -1.55498
609.223 309.73 -1.56639
609.242 308.694 -1.55984
609.264 307.702 -1.57016
609.233 306.695 -1.57823
609.216 305.68 -1.58115
609.218 304.663 -1.57849
609.195 303.647 -1.57936
609.207 302.678 -1.56566
609.169 301.666 -1.56068
608.191 301.639 -3.10897
607.208 301.598 -3.10757
606.227 301.537 -3.09649
605.208 301.501 -3.09924
604.197 301.451 -3.10635
603.216 301.461 -3.10677
602.211 301.438 -3.1138
601.229 301.439 -3.12339
600.211 301.415 -3.12958
599.206 301.382 -3.14144
598.177 301.379 -3.13678
597.177 301.368 -3.13556
596.134 301.39 -3.14078
595.157 301.401 -3.14139
594.109 301.403 -3.13396
593.107 301.431 -3.12717
592.095 301.393 -3.12832
591.09 301.388 -3.12973
590.087 301.351 -3.13631
589.108 301.342 3.14144
589.113 300.327 -1.54514
589.146 299.351 -1.54827
589.144 298.362 -1.54359
589.174 297.386 -1.53912
589.189 296.389 -1.54251
590.193 296.445 0.0328089
591.19 296.472 0.0376619
592.141 296.499 0.0298069
593.16 296.516 0.0280639
594.144 296.589 0.0200749
594.142 295.6 -1.54448
594.151 294.595 -1.54779
594.194 293.592 -1.55767
594.188 292.579 -1.56953
594.203 291.583 -1.57983
594.189 290.575 -1.58548
594.208 289.583 -1.58367
594.203 288.584 -1.58548
594.18 287.554 -1.59333
594.183 286.569 -1.59331
594.158 285.573 -1.60123
594.099 284.564 -1.58032
594.059 283.556 -1.5946
594.013 282.558 -1.60946
593.998 281.571 -1.62349
593.947 280.54 -1.63738
593.88 279.528 -1.63186
593.842 278.558 -1.61884
593.791 277.565 -1.61478
593.737 276.579 -1.61913
593.721 275.603 -1.62511
593.658 274.628 -1.62038
593.587 273.645 -1.6059
593.586 272.617 -1.59772
593.576 271.639 -1.58779
593.537 270.597 -1.58557
593.493 269.601 -1.57599
593.494 268.61 -1.56713
593.519 267.608 -1.56895
593.519 266.606 -1.57289
593.5 265.608 -1.56498
593.503 264.621 -1.57975
593.503 263.638 -1.57646
593.503 262.616 -1.58342
593.481 261.598 -1.59461
593.484 260.586 -1.60575
593.473 259.605 -1.60607
593.388 258.602 -1.62048
593.31 257.604 -1.62921
593.256 256.603 -1.64813
592.242 256.689 3.05466
591.24 256.802 3.07503
590.247 256.835 3.08796
589.227 256.9 3.08769
588.195 256.953 3.09364
587.171 257.03 3.09042
586.593 255.413 2.35687
585.872 256.117 2.34196
585.152 256.854 2.33122
584.456 257.597 2.35086
583.746 258.316 2.36767
583.005 258.982 2.35993
582.297 259.656 2.36245
581.56 260.361 2.3668
580.803 261.076 2.3737
580.111 261.785 2.37225
579.375 262.47 2.38323
578.661 263.145 2.37706
577.963 263.81 2.38361
577.228 264.525 2.39592
576.458 265.196 2.40377
575.764 265.853 2.40593
575.033 266.508 2.41341
574.292 267.213 2.44716
573.542 267.825 2.45217
574.177 268.561 0.875627
574.824 269.342 0.870591
575.455 270.088 0.877126
576.073 270.837 0.879162
576.737 271.605 0.875216
577.365 272.359 0.878245
578.053 273.134 0.881259
578.671 273.873 0.878061
579.314 274.642 0.888821
579.967 275.435 0.882456
580.607 276.195 0.876267
581.237 276.979 0.877079
581.896 277.735 0.866484
582.502 278.455 0.862887
583.121 279.19 0.853434
583.869 278.515 -0.709416
584.613 277.891 -0.707649
585.395 277.261 -0.719189
586.175 276.589 -0.71365
586.946 275.975 -0.699625
587.694 275.328 -0.699723
588.456 274.688 -0.705617
589.235 274.009 -0.703527
589.979 273.375 -0.697511
592.358 272.182 -2.92158
591.389 271.984 -2.91179
590.418 271.736 -2.9022
589.456 271.503 -2.90201
588.481 271.252 -2.89165
587.472 271.015 -2.8948
586.512 270.747 -2.88515
585.531 270.535 -2.85613
584.588 270.259 -2.84418
583.645 269.953 -2.85942
582.681 269.655 -2.85485
581.717 269.372 -2.87025
580.731 269.088 -2.89126
579.769 268.827 -2.89423
578.772 268.57 -2.89002
577.826 268.31 -2.89026
576.898 268.087 -2.88526
575.945 267.836 -2.88603
574.992 267.609 -2.87022
574.023 267.337 -2.86552
573.073 267.103 -2.87173
572.079 266.853 -2.87653
571.098 266.543 -2.87117
570.114 266.279 -2.87778
569.149 266.011 -2.87808
568.13 265.774 -2.88642
567.139 265.515 -2.89208
566.192 265.249 -2.89184
565.191 265.014 -2.89398
564.196 264.768 -2.90608
563.213 264.537 -2.91419
562.262 264.312 -2.9143
561.276 264.048 -2.90588
560.317 263.826 -2.90795
559.34 263.611 -2.89826
558.344 263.358 -2.8968
557.375 263.112 -2.89739
556.39 262.874 -2.89077
555.442 262.626 -2.89333
554.485 262.387 -2.90108
553.546 262.134 -2.89835
552.622 261.871 -2.90844
551.628 261.645 -2.90054
550.668 261.418 -2.89543
549.688 261.212 -2.89971
548.745 260.933 -2.89908
547.748 260.693 -2.90144
546.761 260.459 -2.91986
545.798 260.263 -2.91699
544.839 260.055 -2.91235
543.865 259.782 -2.90837
542.909 259.585 -2.90519
541.93 259.373 -2.90901
540.949 259.125 -2.9194
539.949 258.887 -2.91078
538.987 258.644 -2.90798
538.017 258.425 -2.90339
537.037 258.193 -2.8945
536.091 257.955 -2.90594
535.134 257.747 -2.91374
534.136 257.527 -2.91044
533.173 257.285 -2.92853
532.2 257.084 -2.91884
531.2 256.83 -2.91812
530.205 256.584 -2.92281
529.242 256.377 -2.91275
528.251 256.125 -2.91435
527.284 255.913 -2.92
526.323 255.697 -2.92065
525.358 255.477 -2.9383
524.357 255.281 -2.92991
523.357 255.078 -2.93002
522.354 254.871 -2.91843
521.392 254.607 -2.89792
520.438 254.334 -2.90782
519.46 254.113 -2.88832
518.496 253.869 -2.87611
517.546 253.615 -2.86941
516.575 253.346 -2.87382
515.623 253.069 -2.87085
514.676 252.817 -2.88499
514.939 251.826 -1.31638
515.174 250.843 -1.30792
515.451 249.868 -1.31614
515.703 248.898 -1.31993
515.965 247.92 -1.31801
516.938 248.166 0.269819
517.884 248.437 0.263798
518.845 248.709 0.254381
519.795 248.961 0.245561
520.744 249.206 0.233447
521.704 249.462 0.233152
522.662 249.683 0.23924
523.645 249.923 0.241386
524.618 250.183 0.247826
525.575 250.385 0.236567
526.533 250.61 0.235897
527.507 250.842 0.215964
528.47 251.071 0.206901
529.445 251.297 0.21407
530.41 251.513 0.226685
530.193 252.467 1.79371
529.956 253.418 1.80183
529.722 254.427 1.79219
529.484 255.424 1.78913
529.25 256.391 1.80146
530.218 256.59 0.229193
531.206 256.855 0.226607
532.186 257.069 0.221085
533.187 257.315 0.215593
534.161 257.512 0.223707
535.121 257.773 0.234813
536.064 258.009 0.231387
537.023 258.211 0.236219
537.997 258.446 0.223617
538.984 258.685 0.210292
539.954 258.899 0.222713
540.93 259.124 0.226139
541.923 259.334 0.21981
542.888 259.565 0.230748
543.846 259.795 0.220866
544.818 259.989 0.221984
545.795 260.23 0.233222
546.757 260.482 0.237371
547.743 260.691 0.242641
548.714 260.92 0.251273
549.683 261.194 0.244464
550.65 261.413 0.24353
551.608 261.654 0.253371
552.563 261.894 0.262909
553.533 262.127 0.249022
554.49 262.401 0.252857
555.431 262.638 0.249054
556.406 262.885 0.234141
557.354 263.117 0.231711
558.337 263.369 0.245926
559.3 263.627 0.258838
560.268 263.837 0.245199
561.222 264.092 0.237035
562.227 264.302 0.232841
563.211 264.562 0.230658
563.011 265.527 1.80508
562.764 266.511 1.7939
562.554 267.471 1.78672
562.288 268.401 1.79167
562.066 269.374 1.77848
561.878 270.34 1.78892
561.651 271.34 1.78666
561.412 272.314 1.78776
561.154 273.293 1.79893
560.899 274.26 1.80707
560.641 275.239 1.81482
560.426 276.188 1.83309
560.144 277.144 1.83964
559.873 278.07 1.84466
559.597 279.063 1.85793
559.296 280.023 1.85003
559.053 280.974 1.849
558.794 281.926 1.85483
558.515 282.893 1.85299
558.246 283.841 1.86016
557.944 284.783 1.86057
557.65 285.737 1.84194
557.399 286.72 1.84033
557.118 287.675 1.85661
556.862 288.626 1.8581
556.581 289.565 1.86369
556.28 290.515 1.85199
556.021 291.465 1.84343
555.731 292.415 1.85324
555.491 293.399 1.863
556.479 293.67 0.282262
557.439 293.95 0.271654
558.419 294.224 0.250182
559.408 294.513 0.238062
560.38 294.797 0.235741
560.639 293.816 -1.3373
560.861 292.866 -1.34418
561.072 291.87 -1.33104
561.298 290.93 -1.32267
561.518 289.974 -1.32406
561.785 289.003 -1.31509
562.012 288.012 -1.3072
562.258 287.012 -1.2861
562.488 286.03 -1.29025
562.757 285.05 -1.28373
563.018 284.099 -1.28061
563.306 283.165 -1.28059
563.599 282.24 -1.27705
563.915 281.298 -1.29548
564.186 280.31 -1.29682
564.454 279.342 -1.28894
564.724 278.339 -1.31335
564.958 277.347 -1.31809
565.196 276.395 -1.31778
565.469 275.408 -1.3117
565.754 274.462 -1.30236
566.044 273.506 -1.30859
566.307 272.547 -1.29573
566.582 271.592 -1.31453
566.806 270.601 -1.31777
567.067 269.648 -1.29987
567.342 268.655 -1.30953
567.627 267.665 -1.3078
567.894 266.7 -1.31194
568.12 265.744 -1.32522
568.385 264.776 -1.30985
568.671 263.8 -1.31168
568.893 262.838 -1.3165
569.135 261.876 -1.31164
569.38 260.969 -1.31226
569.599 259.99 -1.30998
569.853 259.011 -1.29847
570.13 258.068 -1.28308
570.41 257.119 -1.27971
570.713 256.185 -1.2648
571.016 255.24 -1.26393
571.324 254.266 -1.27522
571.634 253.306 -1.26852
571.915 252.321 -1.26512
572.222 251.388 -1.28999
573.2 251.672 0.283278
574.121 251.944 0.290914
575.091 252.228 0.279992
576.058 252.518 0.277684
577.024 252.787 0.275069
577.984 253.076 0.26676
578.981 253.355 0.275459
579.965 253.61 0.259042
580.964 253.847 0.247353
581.937 254.113 0.245438
582.914 254.354 0.246977
583.849 254.578 0.240925
584.823 254.819 0.250204
585.789 255.056 0.256059
586.75 255.317 0.263498
586.5 256.258 1.83447
586.238 257.193 1.83198
585.982 258.153 1.84971
585.733 259.097 1.85755
585.456 260.068 1.84062
585.178 261.049 1.84357
584.884 262.002 1.85516
584.575 262.946 1.84683
584.287 263.877 1.84245
584.059 264.822 1.8469
583.758 265.795 1.84197
583.473 266.741 1.8376
583.203 267.703 1.86649
582.945 268.684 1.85638
582.637 269.648 1.845
582.386 270.652 1.83961
582.106 271.623 1.84542
581.844 272.57 1.82548
581.577 273.54 1.8226
581.338 274.492 1.82858
581.085 275.461 1.82721
580.817 276.393 1.82901
580.554 277.37 1.82377
580.315 278.35 1.83052
580.064 279.308 1.81909
579.804 280.263 1.81922
579.539 281.229 1.81276
579.316 282.181 1.81228
579.099 283.167 1.81217
578.869 284.134 1.81743
578.619 285.092 1.82062
578.384 286.081 1.82699
578.126 287.041 1.83092
577.911 288.007 1.81767
577.646 288.978 1.82424
577.369 289.974 1.80701
577.14 290.927 1.80627
576.899 291.9 1.80027
576.672 292.845 1.77886
576.445 293.84 1.7904
576.24 294.824 1.80832
576 295.785 1.799
575.798 296.74 1.80596
575.586 297.704 1.78757
575.374 298.664 1.79499
575.167 299.64 1.7943
574.93 300.598 1.78108
574.701 301.61 1.77939
574.521 302.581 1.76921
574.315 303.548 1.75162
574.095 304.536 1.74896
573.904 305.543 1.74256
573.696 306.503 1.7369
573.517 307.484 1.74042
573.34 308.468 1.73967
574.323 308.643 0.172464
575.278 308.786 0.164289
576.268 308.959 0.177852
577.247 309.113 0.174245
578.24 309.281 0.174018
578.05 310.274 1.74661
577.846 311.24 1.76597
577.63 312.197 1.78499
577.415 313.201 1.77952
577.211 314.172 1.7785
576.216 313.973 -2.91973
575.218 313.741 -2.91354
574.245 313.508 -2.89286
573.297 313.277 -2.89985
571.051 311.174 2.63416
570.182 311.644 2.61392
569.337 312.156 2.60806
568.498 312.645 2.60321
567.621 313.154 2.60997
566.74 313.676 2.61605
565.872 314.149 2.61519
565.04 314.636 2.62902
564.174 315.133 2.63799
563.299 315.635 2.62392
562.448 316.116 2.61543
561.576 316.614 2.61216
560.72 317.14 2.60597
559.868 317.635 2.5979
559.01 318.135 2.57006
558.149 318.643 2.57839
557.316 319.159 2.5636
556.505 319.671 2.54172
555.674 320.238 2.55602
554.861 320.781 2.56527
554 321.324 2.58828
553.095 321.881 2.59574
552.228 322.387 2.58197
551.363 322.92 2.59337
550.531 323.436 2.58802
549.644 323.917 2.60088
548.798 324.466 2.59844
547.921 324.993 2.60613
547.056 325.518 2.60264
546.212 326.021 2.59877
545.398 326.541 2.61194
544.551 327.039 2.61996
543.659 327.559 2.62438
542.79 328.026 2.6129
541.941 328.53 2.61239
541.058 329.04 2.60581
540.214 329.565 2.60181
539.329 330.047 2.58991
538.503 330.586 2.57739
537.667 331.122 2.57816
536.845 331.696 2.59245
535.992 332.218 2.60411
535.136 332.761 2.622
534.288 333.266 2.61337
533.457 333.771 2.62628
532.583 334.283 2.61938
531.7 334.78 2.64032
530.857 335.246 2.64585
529.967 335.733 2.65039
529.094 336.234 2.6604
528.226 336.701 2.65457
527.761 335.801 -2.06786
527.293 334.932 -2.06209
526.811 334.044 -2.05973
526.33 333.172 -2.05825
525.852 332.302 -2.03659
525.396 331.42 -2.03756
524.937 330.526 -2.04329
524.475 329.607 -2.03417
524.026 328.718 -2.03897
523.577 327.825 -2.03315
523.161 326.948 -2.02361
522.764 326.037 -2.03189
522.324 325.148 -2.0204
521.884 324.256 -2.01953
521.403 323.332 -2.01504
520.508 323.76 2.68847
519.592 324.184 2.70033
518.672 324.6 2.69969
517.755 324.99 2.69429
516.861 325.422 2.70615
515.966 325.864 2.71753
515.027 326.31 2.72213
514.107 326.701 2.72243
513.196 327.101 2.73358
512.301 327.486 2.74836
511.391 327.897 2.75748
510.46 328.283 2.76265
509.552 328.668 2.75122
508.628 329.059 2.77232
507.698 329.41 2.76955
506.773 329.783 2.76084
505.825 330.153 2.7741
504.896 330.523 2.78502
503.96 330.842 2.76881
503.019 331.246 2.76407
502.07 331.624 2.76408
501.15 332.007 2.76534
500.228 332.392 2.75318
499.306 332.769 2.75563
498.405 333.135 2.73258
497.467 333.533 2.74699
495.54 335.786 0.497787
496.425 336.25 0.503781
497.321 336.752 0.499027
465.986 245.451 1.21112
466.949 245.056 -0.372105
467.919 244.688 -0.371716
468.888 244.312 -0.361581
469.824 243.968 -0.348333
470.751 243.604 -0.330842
471.728 243.272 -0.339008
472.66 242.892 -0.349666
473.6 242.544 -0.337255
474.526 242.228 -0.334945
475.492 241.886 -0.33617
475.165 240.957 -1.90967
474.795 240.006 -1.91532
474.445 239.034 -1.91794
474.105 238.11 -1.92209
473.739 237.156 -1.92201
473.367 236.177 -1.9397
472.998 235.222 -1.94598
472.645 234.302 -1.95394
472.283 233.367 -1.93981
471.907 232.407 -1.95191
471.524 231.484 -1.94054
471.158 230.558 -1.93478
470.779 229.631 -1.93419
470.44 228.694 -1.92174
470.112 227.77 -1.91429
469.781 226.773 -1.92393
469.427 225.821 -1.92468
469.09 224.881 -1.93666
468.757 223.955 -1.94233
468.422 222.994 -1.93961
466.845 222.925 -2.64905
465.969 222.445 -2.65927
465.092 222 -2.65487
464.217 221.546 -2.67236
463.337 221.109 -2.66791
462.414 220.702 -2.67408
461.526 220.255 -2.6754
460.621 219.815 -2.66714
459.703 219.394 -2.67874
458.786 218.987 -2.69309
457.87 218.52 -2.69119
456.965 218.143 -2.70656
456.052 217.733 -2.70523
455.157 217.31 -2.72523
454.253 216.901 -2.73388
453.366 216.509 -2.73449
452.455 216.105 -2.73045
451.547 215.685 -2.7341
450.646 215.279 -2.746
449.726 214.912 -2.75959
448.819 214.532 -2.74682
447.882 214.161 -2.7507
446.973 213.807 -2.74764
446.05 213.431 -2.75631
445.087 213.072 -2.74736
444.204 212.693 -2.73688
443.247 212.301 -2.74027
442.35 211.93 -2.7442
441.447 211.554 -2.72895
440.498 211.137 -2.72649
439.595 210.714 -2.70409
438.695 210.28 -2.70171
437.791 209.833 -2.70682
436.905 209.41 -2.70509
436.016 209.014 -2.71196
435.143 208.592 -2.70918
434.276 208.175 -2.70702
433.398 207.755 -2.71925
432.481 207.356 -2.72134
431.569 206.963 -2.73118
431.963 206.053 -1.15646
432.348 205.128 -1.13371
432.775 204.204 -1.1363
433.176 203.277 -1.13767
433.588 202.364 -1.14334
432.651 201.922 -2.71541
431.732 201.485 -2.71334
404.047 206.435 -1.98106
403.654 205.51 -1.96953
403.264 204.608 -1.965
410.599 203.109 -2.05114
418.139 199.438 -1.80794
417.896 198.437 -1.80571
417.693 197.45 -1.80695
425.459 194.527 -1.92131
408.789 198.666 -1.13618
409.219 197.77 -1.13449
409.643 196.861 -1.12912
410.076 195.938 -1.12497
410.509 195 -1.12998
424.891 188.792 -0.283567
425.819 188.488 -0.287096
426.793 188.219 -0.287652
427.772 187.957 -0.293057
428.727 187.645 -0.285163
428.439 186.71 -1.85908
428.154 185.742 -1.84629
427.845 184.777 -1.86478
427.555 183.852 -1.85599
427.279 182.889 -1.85654
426.332 183.12 2.85823
425.345 183.416 2.85955
424.407 183.687 2.85593
423.463 183.987 2.85591
422.536 184.259 2.85088
421.568 184.542 2.85215
420.616 184.862 2.85118
419.633 185.175 2.85832
418.665 185.446 2.85016
417.719 185.753 2.86149
416.769 186.033 2.86925
415.797 186.333 2.89012
414.833 186.598 2.89056
413.863 186.833 2.88446
412.905 187.081 2.89447
411.909 187.319 2.9003
410.915 187.538 2.90187
409.946 187.78 2.90479
408.992 187.982 2.89706
408.011 188.224 2.90864
407.027 188.465 2.90656
406.091 188.674 2.90008
405.124 188.902 2.90519
404.151 189.135 2.90065
403.146 189.364 2.9035
402.166 189.592 2.92111
401.208 189.787 2.90998
400.224 190.007 2.89621
399.267 190.229 2.90935
398.275 190.427 2.923
397.257 190.621 2.94186
396.272 190.802 2.93431
395.284 191.009 2.9416
394.305 191.205 2.94858
393.337 191.431 2.93416
392.358 191.631 2.93134
391.384 191.856 2.92272
390.402 192.112 2.92594
530.601 216.046 -2.24936
529.979 215.328 -2.24278
529.356 214.538 -2.23767
528.743 213.788 -2.24211
528.13 213.028 -2.23417
527.49 212.225 -2.24185
526.879 211.438 -2.23707
526.221 210.666 -2.25529
525.59 209.9 -2.25068
524.971 209.109 -2.24761
524.373 208.301 -2.24673
523.771 207.538 -2.24422
524.519 206.895 -0.666702
525.29 206.295 -0.65621
526.088 205.68 -0.655589
526.893 205.063 -0.651582
527.664 204.432 -0.650453
528.458 203.806 -0.669862
529.24 203.185 -0.671335
530.014 202.605 -0.662851
530.802 202 -0.660414
531.577 201.377 -0.658504
532.359 200.762 -0.674973
533.116 200.151 -0.674635
533.916 199.575 -0.666427
534.706 198.959 -0.661109
535.478 198.338 -0.666748
536.252 197.7 -0.673532
537.021 197.062 -0.677048
537.817 196.412 -0.664191
538.606 195.837 -0.65055
539.381 195.25 -0.659668
540.162 194.63 -0.654964
540.942 194.04 -0.652747
541.733 193.439 -0.648024
542.545 192.828 -0.65947
543.334 192.258 -0.671676
544.143 191.664 -0.67229
544.936 191.038 -0.676104
545.7 190.42 -0.674663
546.47 189.798 -0.667549
547.261 189.201 -0.661762
548.062 188.59 -0.6564
548.883 187.994 -0.665563
549.646 187.369 -0.672892
550.418 186.774 -0.675558
551.195 186.154 -0.680988
551.96 185.48 -0.677305
552.728 184.831 -0.687914
553.505 184.244 -0.685796
554.288 183.609 -0.686045
555.059 182.968 -0.680332
554.42 182.168 -2.25469
553.784 181.405 -2.25831
553.117 180.609 -2.26551
552.5 179.827 -2.25325
551.83 179.049 -2.26703
551.188 178.267 -2.25758
550.563 177.486 -2.24706
549.951 176.725 -2.26317
549.301 175.94 -2.26231
548.691 175.157 -2.2427
548.083 174.4 -2.24037
547.479 173.625 -2.23078
546.843 172.844 -2.23563
546.229 172.064 -2.25197
545.584 171.288 -2.26261
544.928 170.504 -2.24244
544.313 169.691 -2.24526
543.69 168.914 -2.25988
543.058 168.164 -2.26864
542.391 167.4 -2.26472
543.148 166.751 -0.686798
543.899 166.108 -0.686486
544.69 165.491 -0.683184
545.466 164.863 -0.697284
546.219 164.232 -0.710025
546.979 163.593 -0.715924
547.716 162.931 -0.701761
548.444 162.288 -0.700227
549.234 161.642 -0.707205
549.989 161.018 -0.701084
550.78 160.318 -0.679305
551.578 159.686 -0.683776
552.375 159.056 -0.688433
553.191 158.413 -0.697219
553.979 157.76 -0.721248
554.608 158.489 0.855618
555.227 159.264 0.874197
555.849 160.025 0.882933
556.484 160.801 0.877805
557.14 161.577 0.880914
557.76 162.382 0.886686
558.408 163.169 0.891287
559.001 163.93 0.88693
559.629 164.689 0.89688
560.231 165.48 0.911146
560.857 166.262 0.918442
561.467 167.039 0.91365
562.083 167.823 0.907768
562.67 168.603 0.899529
563.275 169.414 0.904945
563.915 170.213 0.895829
564.532 170.986 0.89293
565.135 171.74 0.895092
565.731 172.524 0.87663
566.392 173.298 0.881231
567.169 172.636 -0.671721
567.96 172.001 -0.68452
568.753 171.362 -0.670598
569.527 170.728 -0.679456
570.303 170.116 -0.688235
569.675 169.366 -2.23724
569.086 168.573 -2.24475
568.457 167.815 -2.23591
567.805 167.043 -2.21841
567.192 166.251 -2.22065
566.587 165.447 -2.22205
565.944 164.685 -2.20463
565.344 163.892 -2.20961
564.753 163.133 -2.2249
564.148 162.308 -2.22767
563.554 161.508 -2.22041
562.956 160.729 -2.21436
562.341 159.955 -2.21805
561.731 159.157 -2.22088
561.121 158.358 -2.20947
561.935 157.746 -0.638529
562.729 157.159 -0.640255
563.533 156.55 -0.631327
564.33 155.952 -0.637078
565.165 155.338 -0.623283
565.739 156.131 0.955526
566.291 156.938 0.942468
566.848 157.728 0.937365
567.405 158.575 0.918467
568.067 159.365 0.930228
567.274 159.948 2.49456
566.493 160.539 2.4833
565.721 161.118 2.4728
564.957 161.74 2.4817
564.195 162.313 2.47631
563.404 162.948 2.47953
562.614 163.577 2.47117
561.845 164.202 2.44966
561.059 164.833 2.43831
560.282 165.507 2.43726
559.498 166.17 2.42718
558.737 166.839 2.42993
557.978 167.496 2.42988
557.206 168.148 2.44177
556.425 168.831 2.44591
555.664 169.451 2.45507
554.887 170.07 2.44584
554.104 170.681 2.45284
553.314 171.322 2.46159
552.52 171.967 2.45408
551.747 172.592 2.44786
550.999 173.241 2.44545
550.207 173.888 2.44895
549.43 174.544 2.45785
548.654 175.169 2.4625
549.268 175.933 0.881771
549.912 176.709 0.868526
550.594 177.469 0.887349
551.244 178.252 0.88548
551.881 179.049 0.898018
552.5 179.847 0.883596
553.132 180.625 0.881686
553.764 181.414 0.885144
554.385 182.196 0.886268
554.995 182.97 0.881253
555.661 183.727 0.864226
556.302 184.467 0.8552
556.955 185.229 0.868387
557.61 185.971 0.869832
558.257 186.732 0.87725
558.912 187.509 0.879786
559.535 188.29 0.889476
560.155 189.081 0.897452
560.747 189.874 0.899001
561.368 190.658 0.896583
560.599 191.268 2.47008
559.827 191.901 2.48143
559.033 192.525 2.48707
558.26 193.131 2.49388
557.433 193.74 2.48589
556.649 194.31 2.47759
555.854 194.952 2.47715
555.064 195.547 2.46339
554.237 196.171 2.46298
553.451 196.825 2.45658
552.656 197.521 2.44629
551.904 198.187 2.44873
551.124 198.822 2.43721
550.348 199.447 2.44259
549.593 200.075 2.45082
550.213 200.883 0.893664
550.814 201.663 0.897333
551.46 202.422 0.888814
552.076 203.185 0.873832
552.741 203.95 0.877709
553.366 204.704 0.877166
554.028 205.47 0.883472
554.632 206.238 0.886975
555.271 207.031 0.881769
555.876 207.82 0.880532
556.517 208.59 0.887457
557.15 209.366 0.890212
557.781 210.175 0.885266
558.395 210.946 0.877758
559.048 211.727 0.873173
559.816 211.078 -0.698832
560.569 210.443 -0.695588
561.365 209.787 -0.69719
562.102 209.1 -0.704504
562.874 208.462 -0.705035
563.626 207.805 -0.690368
564.387 207.168 -0.671618
565.172 206.541 -0.682809
565.973 205.888 -0.687474
566.765 205.248 -0.672362
567.556 204.657 -0.670779
568.342 204.022 -0.666129
569.166 203.396 -0.690584
569.93 202.751 -0.691266
570.695 202.094 -0.679991
571.467 201.506 -0.688564
572.249 200.846 -0.705129
573.026 200.209 -0.709209
573.793 199.561 -0.702032
574.561 198.925 -0.709622
575.338 198.295 -0.715791
576.081 197.65 -0.71254
576.865 197.004 -0.711142
577.599 196.3 -0.71316
578.349 195.664 -0.715068
577.7 194.906 -2.2822
577.01 194.155 -2.273
576.351 193.378 -2.27128
575.691 192.642 -2.26798
575.032 191.886 -2.25351
574.381 191.141 -2.26383
573.73 190.375 -2.25426
573.097 189.571 -2.24398
572.488 188.751 -2.2509
571.874 187.972 -2.25855
571.111 188.595 2.45914
570.338 189.239 2.45822
569.552 189.832 2.45883
568.762 190.479 2.45369
567.976 191.096 2.45862
567.213 191.718 2.45319
566.439 192.348 2.43932
565.646 193.004 2.45229
564.878 193.626 2.45045
564.102 194.265 2.4527
563.351 194.903 2.43189
562.596 195.542 2.43438
561.837 196.166 2.43089
561.079 196.825 2.44368
560.303 197.464 2.45648
559.545 198.073 2.44894
558.815 198.72 2.44313
558.039 199.414 2.4375
557.264 200.052 2.42475
556.5 200.705 2.40691
555.751 201.387 2.41177
555.008 202.019 2.43801
554.251 202.692 2.44804
553.494 203.329 2.44597
552.742 203.955 2.45075
551.965 204.571 2.44914
551.188 205.182 2.43111
550.436 205.828 2.44339
549.681 206.485 2.44831
548.916 207.153 2.45089
548.154 207.774 2.4606
547.366 208.403 2.48436
546.573 208.997 2.47238
545.756 209.582 2.46629
544.989 210.204 2.46479
544.218 210.817 2.46214
543.408 211.461 2.48655
542.57 212.096 2.48996
541.76 212.699 2.47734
540.951 213.298 2.46634
540.18 213.926 2.48124
539.421 214.569 2.48923
538.614 215.139 2.48595
537.801 215.721 2.49257
536.999 216.301 2.51005
536.231 216.902 2.5041
535.435 217.502 2.50428
534.621 218.079 2.50288
533.831 218.693 2.50763
533.011 219.275 2.49785
532.409 218.472 -2.20049
531.843 217.673 -2.20252
531.246 216.861 -2.22658
530.638 216.091 -2.23811
529.999 215.3 -2.24266
529.4 214.55 -2.25207
528.745 213.781 -2.24341
528.147 212.997 -2.23857
527.482 212.244 -2.24841
526.859 211.452 -2.25758
526.222 210.672 -2.2514
525.585 209.868 -2.25732
524.953 209.107 -2.24876
524.344 208.319 -2.25513
523.722 207.561 -2.24155
524.493 206.943 -0.667306
525.297 206.291 -0.669469
526.073 205.683 -0.652763
526.852 205.087 -0.653928
527.639 204.483 -0.650375
528.421 203.827 -0.644971
529.2 203.206 -0.638797
530.005 202.618 -0.639344
530.813 202.01 -0.656073
531.6 201.393 -0.662205
532.354 200.75 -0.664908
533.131 200.15 -0.672838
533.903 199.518 -0.685484
534.668 198.905 -0.679515
535.401 198.27 -0.665463
536.166 197.688 -0.659887
536.942 197.092 -0.662334
537.743 196.43 -0.658318
538.563 195.813 -0.643661
539.365 195.209 -0.64966
540.187 194.624 -0.648869
540.992 194.039 -0.642855
541.806 193.443 -0.653496
542.558 192.862 -0.651407
543.357 192.28 -0.651406
544.143 191.676 -0.663236
544.949 191.06 -0.662439
545.713 190.449 -0.667094
547.652 188.683 0.0591562
547.254 189.199 -0.651819
548.055 188.608 -0.659357
548.845 188.001 -0.659954
549.654 187.381 -0.659383
550.42 186.752 -0.67427
551.193 186.137 -0.683205
551.957 185.499 -0.692496
552.738 184.861 -0.685369
553.526 184.234 -0.689148
554.273 183.588 -0.704133
555.017 182.964 -0.706449
555.752 182.338 -0.721189
556.491 181.666 -0.718792
557.258 181.016 -0.710669
557.998 180.36 -0.714447
558.771 179.681 -0.693381
559.545 179.023 -0.699618
560.308 178.407 -0.703822
561.026 177.756 -0.696638
561.782 177.118 -0.702832
562.533 176.482 -0.694678
563.296 175.87 -0.708204
564.038 175.203 -0.699571
564.82 174.566 -0.684887
565.617 173.93 -0.691221
566.388 173.296 -0.695816
567.141 172.636 -0.683892
567.917 172.009 -0.68605
568.714 171.346 -0.673981
569.51 170.699 -0.673017
570.299 170.076 -0.651886
570.867 170.892 0.909364
571.453 171.667 0.907586
572.09 172.457 0.908261
572.671 173.215 0.905172
573.272 174.017 0.903625
573.909 174.835 0.889427
574.522 175.584 0.90099
575.126 176.353 0.900955
575.773 177.136 0.906705
576.395 177.933 0.905555
576.997 178.713 0.902665
577.593 179.471 0.903027
578.217 180.258 0.909306
578.827 181.04 0.903754
579.456 181.816 0.899005
580.054 182.595 0.886806
580.714 183.358 0.877465
581.344 184.118 0.86923
581.981 184.838 0.868857
582.618 185.598 0.881268
583.26 186.364 0.877675
583.889 187.174 0.885479
584.554 187.956 0.899395
585.147 188.788 0.890074
585.781 189.58 0.882939
586.406 190.317 0.883301
587.061 191.106 0.880513
587.675 191.917 0.886787
588.314 192.709 0.877772
588.958 193.512 0.893334
589.594 194.28 0.878803
590.274 195.072 0.866642
590.919 195.848 0.876946
591.554 196.604 0.872732
592.199 197.346 0.863518
592.873 198.133 0.863285
593.52 198.901 0.881479
594.157 199.664 0.88501
594.799 200.457 0.888912
595.415 201.241 0.878504
596.178 200.627 -0.701606
596.94 199.988 -0.703423
597.686 199.352 -0.688733
598.473 198.73 -0.693692
599.244 198.102 -0.686134
598.579 197.322 -2.2625
597.942 196.532 -2.25373
597.322 195.768 -2.27195
596.685 195.033 -2.26656
596.026 194.307 -2.26861
595.357 193.545 -2.25796
594.722 192.775 -2.26886
594.071 192.017 -2.27108
593.43 191.255 -2.26541
592.786 190.513 -2.27901
592.147 189.764 -2.27843
591.476 189.007 -2.2732
590.815 188.271 -2.25721
590.178 187.507 -2.28492
589.536 186.768 -2.28873
590.313 186.132 -0.715091
591.086 185.494 -0.716035
591.854 184.808 -0.738773
592.594 184.116 -0.745076
593.316 183.441 -0.753963
594.004 184.192 0.808127
594.7 184.9 0.803081
595.382 185.621 0.794594
596.132 186.316 0.797186
596.843 187.031 0.797202
597.554 187.748 0.803679
598.28 188.459 0.814817
598.998 189.204 0.801244
599.667 189.944 0.821221
600.321 190.644 0.837145
601.038 189.962 -0.736315
601.776 189.272 -0.73335
602.504 188.576 -0.743773
603.221 187.898 -0.751673
603.944 187.25 -0.751015
604.61 187.993 0.815305
605.291 188.731 0.820315
605.979 189.463 0.808305
606.693 190.196 0.799905
607.385 190.916 0.779107
608.078 191.632 0.779624
608.781 192.337 0.774012
609.49 193.045 0.782423
610.185 193.772 0.776111
610.88 194.486 0.776306
610.199 195.176 2.33479
609.533 195.903 2.3403
608.848 196.641 2.35067
608.156 197.349 2.34425
607.452 198.071 2.35759
606.763 198.797 2.35597
606.07 199.482 2.34264
605.357 200.216 2.36271
604.644 200.924 2.34588
603.925 201.659 2.36032
603.229 202.407 2.36419
602.476 203.132 2.35325
601.722 203.837 2.35324
601.038 204.54 2.36416
600.348 205.294 2.37508
599.634 205.983 2.38583
598.904 206.681 2.36232
598.208 207.381 2.3682
597.511 208.081 2.37427
596.788 208.734 2.37472
596.068 209.429 2.38272
595.317 210.11 2.39408
594.602 210.778 2.41058
593.886 211.43 2.42438
593.13 212.086 2.43298
591.344 214.11 1.70446
591.226 215.073 1.68931
591.1 216.066 1.70399
590.976 217.075 1.71752
590.837 218.044 1.73803
589.849 217.86 -2.99495
588.865 217.728 -2.99614
587.897 217.575 -2.99923
586.907 217.449 -2.99301
585.916 217.319 -3.00864
586.016 216.315 -1.43083
586.183 215.291 -1.43812
586.325 214.306 -1.43039
586.457 213.293 -1.42758
586.627 212.288 -1.42582
586.774 211.333 -1.40798
586.94 210.37 -1.40891
587.107 209.368 -1.41715
587.246 208.376 -1.41935
587.369 207.395 -1.41436
587.543 206.422 -1.40071
587.706 205.471 -1.39742
587.862 204.491 -1.41009
588.024 203.482 -1.3971
588.203 202.492 -1.39884
589.199 202.657 0.144265
590.184 202.826 0.1516
591.197 202.966 0.157778
592.171 203.111 0.15839
593.169 203.273 0.158303
594.119 203.421 0.155306
595.103 203.558 0.161956
596.102 203.72 0.158083
597.109 203.872 0.169354
598.09 204.026 0.164278
599.065 204.191 0.172149
600.05 204.368 0.177295
601.057 204.541 0.176048
602.056 204.724 0.16711
603.053 204.879 0.185429
604.052 205.063 0.178451
605.019 205.281 0.185063
606.002 205.478 0.183602
606.989 205.673 0.179721
607.95 205.851 0.181066
608.948 206.037 0.178251
609.93 206.215 0.20712
610.878 206.413 0.210256
611.896 206.614 0.208927
612.884 206.827 0.198526
613.852 207.015 0.207731
614.824 207.178 0.227895
615.799 207.419 0.222202
616.784 207.653 0.214011
617.769 207.837 0.224277
617.556 208.833 1.80192
617.28 209.811 1.77025
617.047 210.81 1.75075
616.842 211.782 1.75069
616.677 212.744 1.75273
616.508 213.734 1.76721
616.292 214.699 1.75404
616.103 215.687 1.76278
615.938 216.667 1.74732
615.754 217.642 1.74201
615.593 218.613 1.71442
614.723 220.174 -2.28081
614.085 219.408 -2.28411
613.439 218.686 -2.28709
612.807 217.912 -2.30347
612.134 217.182 -2.30034
611.455 216.425 -2.2906
610.787 215.673 -2.3049
610.101 214.953 -2.29745
609.471 214.236 -2.31108
608.808 213.492 -2.32198
608.121 212.799 -2.33077
607.444 212.045 -2.32996
606.766 211.33 -2.32944
606.091 210.599 -2.34231
606.787 209.878 -0.785961
607.51 209.139 -0.776359
608.213 208.445 -0.772205
608.903 207.772 -0.770273
609.624 207.078 -0.784769
610.331 206.377 -0.787127
611.006 205.665 -0.794127
611.671 204.979 -0.797683
612.386 204.269 -0.800634
613.064 203.573 -0.802042
613.75 202.842 -0.812687
614.433 202.141 -0.808478
615.111 201.419 -0.80437
615.832 200.686 -0.808198
620.539 195.619 0.908991
619.755 196.206 2.48757
618.936 196.821 2.49421
618.13 197.383 2.50768
617.33 198.001 2.51509
616.496 198.569 2.52012
615.663 199.14 2.52675
614.892 199.723 2.54241
614.105 200.305 2.54201
611.853 199.847 -2.97906
610.84 199.689 -2.97935
609.876 199.537 -2.98514
608.861 199.411 -2.99133
607.889 199.29 -2.97679
606.853 199.169 -2.97166
605.883 198.992 -2.96054
604.91 198.798 -2.9626
603.911 198.651 -2.95371
602.945 198.474 -2.9567
601.951 198.297 -2.96109
600.968 198.107 -2.96918
600.002 197.975 -2.9691
599.029 197.779 -2.98208
598.034 197.651 -2.98964
597.207 199.005 -0.722613
597.945 198.374 -0.70958
598.717 197.714 -0.697695
599.507 197.068 -0.720286
600.262 196.404 -0.716059
601.031 195.752 -0.71805
601.741 195.093 -0.697124
602.507 194.423 -0.683041
603.291 193.784 -0.672991
604.071 193.195 -0.673717
604.875 192.572 -0.667081
605.65 191.918 -0.665554
606.298 192.699 0.889096
606.936 193.48 0.896143
608.002 195.872 0.164308
608.983 196.037 0.157124
609.975 196.193 0.166027
610.988 196.334 0.167172
611.974 196.494 0.174991
612.963 196.653 0.188451
613.969 196.852 0.171345
614.95 197.004 0.170932
614.782 197.965 1.73416
614.58 198.964 1.75622
614.379 199.955 1.78064
614.186 200.936 1.79446
613.942 201.936 1.77764
613.744 202.891 1.78011
613.512 203.889 1.77548
613.286 204.877 1.76479
613.11 205.878 1.77488
612.903 206.841 1.77228
613.881 207.014 0.201938
614.845 207.181 0.219997
615.809 207.392 0.223096
616.769 207.602 0.218804
617.77 207.838 0.221265
617.567 208.85 1.79125
617.336 209.813 1.78175
617.095 210.771 1.77762
616.899 211.732 1.77728
616.697 212.744 1.77397
616.503 213.734 1.76526
616.325 214.699 1.76137
616.136 215.686 1.75731
615.949 216.677 1.76844
615.763 217.658 1.77991
616.741 217.863 0.216925
617.719 218.094 0.216973
618.693 218.305 0.235299
619.65 218.508 0.249939
620.525 217.242 -1.99317
619.613 217.628 2.7113
618.713 218.035 2.70991
617.808 218.438 2.70942
616.89 218.889 2.70029
616.017 219.317 2.71283
615.08 219.733 2.71879
614.176 220.142 2.72594
613.259 220.57 2.71356
612.356 220.988 2.73847
611.418 221.378 2.73339
610.515 221.752 2.74527
609.601 222.133 2.73745
608.693 222.525 2.74017
607.756 222.898 2.75486
606.825 223.245 2.74262
605.943 223.64 2.71788
605.027 224.03 2.70805
604.146 224.452 2.69862
603.235 224.895 2.704
602.313 225.25 2.70587
601.388 225.696 2.69186
600.441 226.115 2.68224
599.505 226.541 2.68559
598.57 226.978 2.6925
597.666 227.407 2.68835
596.786 227.834 2.6927
595.923 228.28 2.68915
595.03 228.725 2.67932
594.162 229.175 2.68536
593.3 229.6 2.71176
593.678 230.482 1.13205
594.13 231.42 1.13313
594.539 232.347 1.13078
594.972 233.26 1.12794
595.421 234.152 1.14013
595.811 235.066 1.14967
596.214 235.977 1.14846
596.626 236.925 1.14651
598.922 238.817 -2.85483
598.029 238.551 -2.86376
597.043 238.285 -2.87493
596.065 238.01 -2.87358
595.078 237.728 -2.88428
594.108 237.488 -2.90082
593.122 237.232 -2.89924
592.149 236.989 -2.90427
591.202 236.751 -2.90055
590.261 236.508 -2.90236
589.303 236.294 -2.89974
588.313 236.064 -2.91023
588.057 237.006 1.80383
587.839 237.966 1.78437
587.633 238.915 1.77436
587.425 239.86 1.77178
586.831 239.283 -0.474587
587.722 238.83 -0.471059
588.607 238.395 -0.461368
589.518 237.936 -0.469094
590.439 237.482 -0.48756
591.331 236.993 -0.484452
591.803 237.852 1.11369
592.252 238.711 1.09775
592.724 239.585 1.08149
593.207 240.469 1.07147
593.681 241.355 1.08302
592.822 241.823 2.65212
591.986 242.301 2.65954
591.102 242.782 2.67543
590.235 243.209 2.67813
589.363 243.666 2.674
588.471 244.147 2.67449
587.574 244.594 2.66935
586.673 245.063 2.65713
585.776 245.547 2.64533
584.888 246.023 2.63874
583.989 246.477 2.65584
583.1 246.933 2.65371
582.204 247.389 2.66013
581.303 247.864 2.65186
580.439 248.338 2.66345
579.53 248.789 2.68117
578.626 249.232 2.67887
577.725 249.682 2.67779
576.808 250.108 2.68102
575.888 250.583 2.68549
575.012 251.014 2.66782
574.147 251.462 2.66407
573.253 251.909 2.66263
572.379 252.363 2.68227
571.466 252.827 2.68823
570.6 253.242 2.69624
568.881 255.58 -2.83399
567.911 255.29 -2.84113
566.916 255.004 -2.84881
565.978 254.694 -2.83411
565.683 255.618 1.86711
565.38 256.576 1.86143
565.097 257.517 1.85188
564.826 258.47 1.8577
564.534 259.412 1.85451
564.264 260.373 1.87537
563.979 261.351 1.8649
563.653 262.323 1.86882
563.385 263.266 1.88789
563.082 264.268 1.87685
562.797 265.241 1.89045
562.495 266.203 1.89628
562.177 267.127 1.89006
561.865 268.084 1.88994
561.574 269.035 1.88002
561.294 269.996 1.891
560.987 270.956 1.88328
560.636 271.916 1.87114
560.367 272.898 1.863
560.077 273.844 1.86402
560.994 274.137 0.292318
561.948 274.441 0.278084
562.921 274.715 0.286486
563.86 275.005 0.285722
564.803 275.304 0.297063
565.736 275.587 0.293828
566.655 275.857 0.292405
567.597 276.18 0.295324
568.523 276.497 0.283775
569.488 276.755 0.27761
570.534 277.027 0.281017
571.472 277.288 0.268087
572.463 277.546 0.260875
573.417 277.808 0.263608
574.407 278.025 0.282812
575.327 278.308 0.275633
576.31 278.602 0.291601
577.297 278.905 0.291512
578.271 279.181 0.292929
579.208 279.449 0.311544
578.882 280.406 1.90533
578.581 281.329 1.90627
578.246 282.264 1.89728
577.944 283.203 1.91274
577.6 284.132 1.92422
576.686 283.768 -2.79247
575.777 283.436 -2.78333
574.857 283.064 -2.78021
573.945 282.727 -2.79118
573.009 282.368 -2.77705
572.113 282.058 -2.79658
571.122 281.714 -2.79498
570.162 281.345 -2.78361
569.23 280.999 -2.78934
568.26 280.631 -2.77872
567.939 281.577 1.93006
567.608 282.527 1.92411
567.257 283.471 1.92733
566.907 284.405 1.93468
566.569 285.362 1.92178
566.254 286.253 1.90685
565.914 287.187 1.92265
565.56 288.124 1.91708
565.239 289.068 1.93036
564.896 290.004 1.93509
565.843 290.33 0.349487
566.767 290.668 0.341508
567.693 290.989 0.341295
568.644 291.307 0.341235
569.585 291.645 0.350584
570.539 292.005 0.341857
571.498 292.345 0.344372
572.445 292.676 0.346176
573.4 293.018 0.343904
574.324 293.357 0.356162
575.275 293.682 0.360078
576.195 294.009 0.359934
577.128 294.376 0.362187
579.759 294.854 -1.85638
579.502 293.876 -1.85015
579.216 292.886 -1.85805
578.944 291.99 -1.86414
578.679 291.027 -1.86051
578.384 290.049 -1.85912
578.103 289.105 -1.86674
577.803 288.146 -1.87516
577.459 287.194 -1.85881
577.201 286.268 -1.86776
576.918 285.282 -1.86386
576.65 284.308 -1.87006
576.338 283.366 -1.85653
576.033 282.404 -1.85773
575.715 281.471 -1.84884
575.441 280.52 -1.83805
575.17 279.551 -1.82463
574.937 278.577 -1.82675
574.7 277.593 -1.81622
574.438 276.635 -1.79658
574.209 275.655 -1.80905
574.012 274.673 -1.82413
573.76 273.688 -1.83751
573.495 272.727 -1.82356
573.256 271.738 -1.82294
573.016 270.765 -1.82402
572.735 269.809 -1.81585
572.437 268.843 -1.81464
572.223 267.853 -1.81348
571.986 266.894 -1.8249
571.772 265.934 -1.8242
571.501 264.939 -1.82973
571.252 263.983 -1.81961
571.003 263.002 -1.8197
570.738 262.06 -1.81533
570.526 261.053 -1.7925
570.304 260.042 -1.79213
570.055 259.06 -1.78581
569.821 258.067 -1.77959
569.606 257.095 -1.78282
569.399 256.106 -1.77475
569.144 255.14 -1.77258
568.174 255.339 2.94949
567.235 255.506 2.95153
566.243 255.738 2.94515
565.265 255.957 2.95626
564.276 256.138 2.92901
563.285 256.342 2.92548
562.294 256.586 2.93313
561.299 256.788 2.94608
560.302 256.965 2.94258
559.322 257.178 2.9286
558.317 257.398 2.92041
557.338 257.604 2.91984
556.358 257.834 2.92296
555.354 258.076 2.93621
554.362 258.274 2.9299
553.417 258.458 2.93348
552.405 258.68 2.94199
551.418 258.881 2.94354
550.442 259.059 2.94179
549.44 259.252 2.94779
548.491 259.473 2.95655
547.526 259.65 2.95416
546.514 259.838 2.96487
545.534 260.049 2.95154
544.525 260.223 2.95102
543.54 260.421 2.9496
542.575 260.646 2.93199
541.621 260.812 2.91877
540.675 261.041 2.93
539.709 261.276 2.93967
538.738 261.446 2.93119
537.731 261.67 2.95485
536.745 261.883 2.96143
535.025 261.48 2.2382
534.399 262.274 2.2335
533.741 263.026 2.23554
533.146 263.792 2.23225
532.539 264.559 2.21598
531.961 265.359 2.20483
531.381 266.15 2.20745
530.804 266.971 2.21392
530.196 267.764 2.22632
529.589 268.567 2.23464
528.952 269.349 2.22562
528.339 270.097 2.2261
527.702 270.92 2.2205
527.07 271.679 2.22782
526.444 272.466 2.21972
525.851 273.256 2.22303
525.251 274.026 2.22361
524.637 274.809 2.22662
524.047 275.568 2.23311
523.451 276.365 2.22172
522.847 277.135 2.21247
522.275 277.924 2.20707
523.084 278.532 0.645533
523.872 279.131 0.665778
524.684 279.781 0.661356
525.464 280.391 0.649099
526.234 280.985 0.64551
527.038 281.545 0.651821
527.834 282.164 0.656696
528.609 282.744 0.667693
529.401 283.336 0.669249
530.19 283.963 0.649361
531.02 284.549 0.63938
531.81 285.092 0.643524
532.587 285.69 0.640671
533.435 286.269 0.646149
534.226 286.853 0.650653
535.02 287.428 0.634207
535.823 288.021 0.631472
536.655 288.592 0.628363
537.469 289.201 0.62733
538.302 289.758 0.617251
539.112 290.318 0.623736
539.934 290.903 0.614941
540.74 291.464 0.602715
541.563 292.05 0.610376
542.371 292.65 0.601079
543.202 293.183 0.600696
544.018 293.781 0.612232
544.823 294.352 0.615376
545.617 294.968 0.638598
546.456 295.561 0.641165
547.28 296.129 0.6375
548.079 296.694 0.646884
548.838 297.305 0.650453
549.623 297.894 0.653477
550.412 298.505 0.648358
551.198 299.097 0.658575
552.005 299.728 0.667492
552.785 300.328 0.679477
553.552 300.952 0.65574
554.337 301.552 0.650804
555.148 302.144 0.659478
555.952 302.75 0.66074
556.749 303.343 0.660928
557.539 303.966 0.655023
558.302 304.582 0.65183
559.068 305.194 0.665807
559.859 305.813 0.668957
560.666 306.434 0.677091
561.416 307.08 0.678325
562.197 307.741 0.67058
562.96 308.349 0.668512
563.747 308.926 0.667986
564.522 309.539 0.664918
565.293 310.121 0.671418
566.069 310.73 0.669914
566.86 311.342 0.682871
567.655 311.967 0.698794
568.437 312.641 0.698613
569.179 313.309 0.686097
569.95 313.912 0.675523
570.71 314.558 0.681125
571.474 315.181 0.691283
572.268 315.811 0.674853
573.041 316.444 0.674921
573.818 317.101 0.67187
574.447 316.315 -0.897975
575.101 315.533 -0.89635
575.723 314.734 -0.907403
576.305 313.943 -0.894577
576.941 313.133 -0.911535
577.536 312.359 -0.921904
578.126 311.562 -0.934232
578.709 310.734 -0.949681
579.316 309.882 -0.933546
579.92 309.069 -0.945787
580.53 308.27 -0.933141
581.138 307.461 -0.931826
581.699 306.623 -0.935179
582.273 305.835 -0.923864
582.89 305.015 -0.931427
583.478 304.207 -0.91841
584.081 303.426 -0.922839
584.671 302.648 -0.930922
585.232 301.814 -0.914004
585.859 301.03 -0.921149
586.444 300.254 -0.908246
587.044 299.479 -0.895902
587.656 298.706 -0.897965
588.26 297.924 -0.901358
590.554 297.592 1.3788
590.753 298.544 1.3834
590.922 299.495 1.38724
591.116 300.482 1.39848
591.308 301.46 1.4026
591.433 302.449 1.39694
592.418 302.279 -0.164101
593.42 302.113 -0.162086
594.432 301.953 -0.163955
595.423 301.771 -0.154576
596.393 301.586 -0.158466
597.393 301.402 -0.171016
598.391 301.232 -0.184426
599.36 301.061 -0.183365
600.345 300.869 -0.187123
601.351 300.699 -0.179612
601.515 301.656 1.40009
601.695 302.64 1.39726
601.883 303.614 1.40477
602.052 304.627 1.41625
602.233 305.636 1.41589
602.393 306.599 1.42264
602.539 307.593 1.42178
602.693 308.571 1.40475
602.856 309.57 1.40657
603.063 310.561 1.42267
603.182 311.551 1.41303
603.365 312.554 1.41807
603.526 313.522 1.42184
603.668 314.524 1.41988
603.837 315.52 1.40776
603.986 316.551 1.40786
604.12 317.565 1.41396
604.292 318.575 1.40337
604.469 319.569 1.40564
604.65 320.559 1.41085
604.785 321.545 1.41738
604.957 322.557 1.42478
605.078 323.528 1.41376
605.23 324.504 1.4182
605.403 325.479 1.42223
605.534 326.454 1.41818
605.669 327.424 1.40188
605.86 328.442 1.41133
606.025 329.419 1.40556
606.2 330.416 1.40314
605.228 330.627 2.9702
604.209 330.791 2.97457
603.248 330.966 2.97339
602.246 331.143 2.97433
601.253 331.323 2.97457
600.291 331.494 2.96428
599.33 331.684 2.97048
598.337 331.862 2.95518
597.388 332.059 2.95368
596.398 332.237 2.94898
596.588 333.216 1.36428
596.774 334.197 1.37368
596.961 335.202 1.37081
597.173 336.171 1.38131
597.341 337.135 1.38027
597.535 338.107 1.3735
597.751 339.077 1.36243
597.97 340.095 1.36269
598.16 341.102 1.35424
598.372 342.112 1.35624
598.587 343.081 1.35309
598.799 344.054 1.33239
599.021 345.028 1.33451
599.258 345.988 1.32379
599.491 346.964 1.3361
600.755 346.163 -0.870922
601.415 345.368 -0.865169
602.046 344.615 -0.856754
602.703 343.847 -0.848772
603.378 343.095 -0.851392
604.05 342.323 -0.858631
604.726 341.572 -0.853687
605.358 340.799 -0.843704
605.979 340.079 -0.844099
606.639 339.329 -0.850582
607.323 337.818 1.42291
607.468 338.8 1.43316
607.606 339.824 1.43674
607.742 340.805 1.43446
607.882 341.807 1.43656
607.973 342.79 1.43762
608.104 343.765 1.44047
608.234 344.764 1.45807
608.307 345.756 1.45148
608.423 346.749 1.47985
608.521 347.731 1.49923
608.605 348.721 1.49587
608.664 349.719 1.49956
608.755 350.733 1.49192
608.887 351.724 1.50709
609.902 351.656 -0.0690219
610.873 351.623 -0.0663289
611.878 351.564 -0.0732719
612.879 351.503 -0.0705759
613.864 351.428 -0.0724319
614.874 351.354 -0.0729269
615.874 351.272 -0.0769899
616.857 351.202 -0.0830489
617.882 351.122 -0.0846109
618.847 351.017 -0.0859959
619.844 350.939 -0.0797449
620.829 350.863 -0.0640159
621.823 350.769 -0.0781939
622.795 350.662 -0.0808149
623.807 350.613 -0.0770089
624.798 350.55 -0.0870059
625.81 350.454 -0.105471
626.802 350.323 -0.0946619
627.785 350.221 -0.101745
628.837 350.141 -0.0900439
628.778 349.161 -1.67618
628.661 348.187 -1.67856
628.554 347.194 -1.68038
628.471 346.203 -1.68963
628.365 345.186 -1.70238
628.232 344.214 -1.70181
628.116 343.274 -1.706
628.017 342.319 -1.71173
627.869 341.321 -1.72653
627.748 340.34 -1.71906
627.585 339.372 -1.72049
627.438 338.362 -1.72343
627.276 337.358 -1.71789
627.153 336.397 -1.70802
626.994 335.422 -1.71482
626.878 334.431 -1.69611
626.76 333.437 -1.67446
626.657 332.429 -1.67142
626.556 331.421 -1.67337
626.474 330.434 -1.67366
626.33 329.466 -1.68285
626.197 328.475 -1.67435
626.064 327.507 -1.64597
625.995 326.49 -1.66604
625.868 325.492 -1.67599
624.886 325.54 3.03941
623.877 325.641 3.0564
622.889 325.75 3.06894
621.944 325.838 3.06402
620.964 325.918 3.05594
621.049 326.923 1.48508
621.158 327.934 1.4942
621.23 328.907 1.49465
621.298 329.869 1.49447
621.368 330.871 1.50367
621.401 331.875 1.48896
621.478 332.869 1.48531
621.55 333.882 1.49742
621.596 334.871 1.49459
621.698 335.865 1.48382
621.158 337.411 -0.740529
621.933 336.763 -0.730932
622.684 336.109 -0.737428
623.427 335.453 -0.725616
624.187 334.805 -0.734598
624.931 334.149 -0.736567
625.683 333.471 -0.742846
626.428 332.776 -0.759084
627.18 332.086 -0.745252
627.923 331.402 -0.743917
628.669 330.705 -0.760274
629.401 330.036 -0.75638
630.166 329.362 -0.780703
630.905 328.652 -0.763467
631.673 327.985 -0.761245
632.358 328.706 0.819815
633.052 329.398 0.836923
633.742 330.14 0.83122
634.396 330.881 0.82685
635.084 331.63 0.805555
635.777 332.33 0.820067
636.459 333.04 0.830195
637.102 333.792 0.834418
637.761 334.525 0.824641
638.403 335.262 0.819571
639.094 335.955 0.829062
639.755 336.679 0.831233
640.436 337.432 0.835407
641.086 338.182 0.83901
641.739 338.93 0.853368
640.989 339.625 2.43477
640.225 340.285 2.42256
639.484 340.926 2.42236
638.753 341.568 2.40583
638.016 342.194 2.41691
637.267 342.852 2.41048
636.526 343.534 2.41395
635.805 344.207 2.41736
635.079 344.882 2.41293
634.341 345.529 2.43044
633.599 346.187 2.42831
632.855 346.86 2.42041
632.104 347.495 2.39988
631.361 348.157 2.39485
630.632 348.788 2.37901
629.912 349.454 2.39612
629.179 350.104 2.39056
628.439 350.832 2.40766
627.68 351.522 2.4158
626.947 352.213 2.43867
626.196 352.866 2.44622
625.423 353.534 2.43603
624.631 354.149 2.44057
623.894 354.756 2.44207
623.111 355.416 2.45315
622.323 356.088 2.46526
621.557 356.743 2.44894
620.766 357.367 2.44973
620.018 357.996 2.44288
619.242 358.644 2.46582
618.466 359.259 2.4708
617.678 359.892 2.4646
616.885 360.576 2.47279
616.114 361.18 2.47983
615.312 361.795 2.47846
614.52 362.412 2.4919
613.748 363.007 2.48797
612.937 363.635 2.4952
612.146 364.215 2.49743
611.346 364.819 2.49082
610.539 365.446 2.48883
609.726 366.074 2.49309
608.914 366.677 2.48657
608.137 367.281 2.48896
607.317 367.883 2.48515
606.539 368.441 2.47835
605.759 369.049 2.4775
604.958 369.673 2.48904
604.134 370.306 2.49227
603.336 370.927 2.49931
602.564 371.557 2.51069
601.74 372.151 2.50069
600.915 372.788 2.50306
600.098 373.377 2.50264
599.237 373.932 2.50056
598.42 374.519 2.49819
597.619 375.146 2.49573
596.796 375.753 2.48829
595.984 376.374 2.49104
595.179 376.999 2.49886
594.365 377.567 2.48034
593.596 378.201 2.47108
592.806 378.843 2.47734
592.024 379.463 2.47048
591.252 380.103 2.46341
590.459 380.733 2.46858
589.678 381.329 2.47279
588.87 381.971 2.44695
588.077 382.591 2.45918
587.314 383.191 2.45663
586.581 383.809 2.47943
585.805 384.398 2.46882
585.047 385.014 2.48019
584.257 385.66 2.4759
583.452 386.257 2.46962
582.687 386.867 2.47321
581.89 387.496 2.48637
581.098 388.084 2.49314
580.276 388.688 2.4978
579.495 389.308 2.48356
578.683 389.908 2.48844
577.849 390.527 2.48501
577.028 391.133 2.4988
576.262 391.706 2.48812
575.477 392.315 2.48245
574.695 392.948 2.47845
573.939 393.558 2.48125
573.174 394.188 2.47146
572.413 394.832 2.485
571.622 395.438 2.48971
570.817 396.051 2.50335
570.018 396.633 2.49134
569.26 397.25 2.49616
568.499 397.849 2.49228
567.682 398.447 2.48574
566.876 399.085 2.47087
566.075 399.696 2.46158
565.306 400.314 2.47812
564.533 400.938 2.48831
563.76 401.514 2.50419
563.191 400.723 -2.21101
562.583 399.909 -2.18762
562.005 399.106 -2.19932
561.457 398.303 -2.20418
560.89 397.493 -2.20583
560.315 396.696 -2.19594
559.664 395.888 -2.19782
559.065 395.061 -2.20591
558.447 394.245 -2.20413
557.815 393.451 -2.19592
557.245 392.684 -2.1881
556.688 391.874 -2.1938
556.102 391.047 -2.19776
555.507 390.24 -2.19323
554.91 389.411 -2.18557
554.341 388.593 -2.19835
553.763 387.825 -2.19693
553.167 387.01 -2.21276
552.544 386.198 -2.21165
551.938 385.395 -2.21389
551.352 384.598 -2.22933
550.759 383.826 -2.22185
550.163 383.01 -2.21314
549.554 382.224 -2.226
548.953 381.448 -2.2225
548.351 380.655 -2.22141
547.745 379.864 -2.22543
547.133 379.059 -2.23085
546.536 378.294 -2.21642
545.944 377.5 -2.22048
545.324 376.725 -2.22261
544.705 375.925 -2.21838
544.048 375.149 -2.22725
543.441 374.364 -2.2369
542.848 373.579 -2.24223
542.212 372.809 -2.23874
541.589 371.965 -2.24135
540.955 371.19 -2.2228
540.352 370.382 -2.21939
539.738 369.578 -2.22782
540.533 368.993 -0.683601
541.302 368.402 -0.695433
542.069 367.749 -0.685078
542.809 367.14 -0.680342
543.565 366.495 -0.679572
544.353 365.864 -0.688539
545.152 365.202 -0.6954
545.916 364.631 -0.703592
546.68 363.961 -0.709867
547.41 363.322 -0.712654
548.177 362.683 -0.717591
548.912 362.04 -0.715014
549.658 361.378 -0.718117
550.393 360.72 -0.71822
551.166 360.058 -0.731293
551.85 360.805 0.841079
552.509 361.564 0.839599
553.182 362.287 0.837031
553.847 363.005 0.85626
554.498 363.776 0.855579
555.128 364.534 0.840888
555.815 365.247 0.858077
556.492 365.996 0.838241
557.17 366.696 0.848081
557.827 367.437 0.851073
558.497 368.187 0.852596
559.16 368.94 0.867026
559.784 369.721 0.88438
560.409 370.488 0.874712
561.067 371.277 0.866222
561.726 372.044 0.866586
562.36 372.801 0.862048
563.011 373.56 0.849418
563.647 374.313 0.853893
564.305 375.108 0.841786
564.968 375.862 0.844213
565.658 376.61 0.83826
566.315 377.361 0.833782
567.007 378.119 0.83525
567.658 378.882 0.825801
568.394 378.197 -0.766065
569.084 377.509 -0.760402
569.802 376.846 -0.760761
570.514 376.203 -0.757685
571.226 375.511 -0.752301
571.914 374.819 -0.738042
572.659 374.147 -0.73547
573.413 373.499 -0.741666
574.152 372.843 -0.751647
574.893 372.166 -0.741616
574.194 371.392 -2.305
573.53 370.648 -2.29821
572.873 369.888 -2.28937
572.189 369.158 -2.29148
571.52 368.37 -2.30766
572.275 367.697 -0.746821
573.005 367.021 -0.753223
573.757 366.339 -0.739601
574.487 365.668 -0.73574
575.242 364.988 -0.724075
574.598 364.208 -2.27864
573.956 363.49 -2.27012
573.327 362.737 -2.26234
572.686 361.939 -2.26985
572.035 361.183 -2.25636
571.39 360.396 -2.26319
570.764 359.62 -2.27932
570.141 358.88 -2.25085
569.499 358.087 -2.27185
568.842 357.347 -2.26407
568.183 356.579 -2.24742
567.548 355.776 -2.25766
566.881 355.005 -2.25946
566.232 354.25 -2.27961
565.567 353.463 -2.27719
564.944 352.676 -2.28489
564.277 351.884 -2.28748
563.642 351.148 -2.29566
562.975 350.402 -2.31931
562.326 349.637 -2.31251
561.62 348.9 -2.32504
560.945 348.157 -2.32081
560.236 347.447 -2.3281
559.541 346.73 -2.33904
558.844 346.005 -2.33689
558.164 346.69 2.36739
557.424 347.399 2.36712
556.731 348.084 2.36984
556.031 348.805 2.38189
555.337 349.504 2.38908
554.634 350.203 2.39399
553.9 350.926 2.39369
553.182 351.558 2.39087
552.485 352.25 2.39582
551.744 352.898 2.40946
550.986 353.57 2.4172
550.254 354.243 2.41895
549.498 354.915 2.42276
548.734 355.568 2.43582
547.996 356.246 2.43901
547.231 356.878 2.44286
546.466 357.532 2.44529
545.716 358.189 2.44285
544.94 358.839 2.44599
544.218 359.488 2.45141
543.452 360.107 2.46804
542.666 360.743 2.45313
541.904 361.346 2.44475
541.145 361.998 2.43053
540.365 362.681 2.44665
539.609 363.304 2.4455
538.852 363.925 2.45177
538.092 364.554 2.43933
537.345 365.167 2.44008
536.601 365.82 2.45736
537.24 366.598 0.88323
537.859 367.376 0.880939
538.499 368.167 0.866691
539.141 368.919 0.86161
539.794 369.671 0.845691
539.073 370.318 2.42385
538.303 370.958 2.43377
537.54 371.61 2.42648
536.753 372.261 2.41686
536.003 372.934 2.40396
535.335 372.205 -2.31236
534.679 371.465 -2.29937
534.035 370.717 -2.31314
533.331 369.972 -2.30256
532.647 369.196 -2.30373
531.971 368.451 -2.30592
531.298 367.695 -2.30325
530.602 366.958 -2.26589
529.94 366.197 -2.2524
529.298 365.447 -2.26052
528.669 364.67 -2.26886
528.057 363.893 -2.26783
525.602 362.209 -0.106179
526.62 362.093 -0.0930111
527.021 360.533 -2.29808
526.374 359.815 -2.29166
525.686 359.065 -2.2826
525.011 358.334 -2.26938
524.345 357.582 -2.27217
523.721 356.805 -2.26585
523.075 356.038 -2.25608
522.45 355.255 -2.25483
521.822 354.492 -2.27241
521.17 353.696 -2.25494
520.569 352.898 -2.25312
519.954 352.14 -2.25903
519.298 351.365 -2.25256
518.678 350.583 -2.23571
518.082 349.819 -2.2494
517.471 349.071 -2.24324
518.222 348.458 -0.66941
518.986 347.817 -0.664765
519.763 347.22 -0.679482
520.567 346.61 -0.686619
521.352 346.005 -0.676412
521.969 346.79 0.893038
522.578 347.595 0.900703
523.206 348.393 0.89635
523.854 349.183 0.904628
524.489 349.97 0.905323
525.114 350.755 0.922346
525.694 351.567 0.919511
526.307 352.353 0.932879
526.897 353.169 0.94719
527.493 353.956 0.933388
528.088 354.761 0.915233
528.69 355.583 0.914305
529.316 356.393 0.927099
529.935 357.215 0.932225
530.544 358.008 0.924392
531.145 358.771 0.933421
531.741 359.585 0.920514
532.352 360.387 0.922738
532.96 361.168 0.905269
533.525 361.955 0.893789
534.144 362.73 0.894254
534.731 363.485 0.892102
535.359 364.259 0.882957
535.981 365.039 0.890269
536.583 365.834 0.880101
537.217 366.589 0.868028
537.853 367.358 0.876007
538.491 368.117 0.883836
539.093 368.857 0.890924
539.729 369.633 0.891077
540.329 370.394 0.897522
540.956 371.207 0.906075
541.564 371.962 0.914672
542.227 372.73 0.919085
542.84 373.543 0.919368
543.424 374.315 0.915291
544.034 375.139 0.916864
544.674 375.925 0.906023
545.333 376.724 0.915773
545.937 377.531 0.922257
545.131 378.119 2.49259
544.334 378.699 2.48106
543.55 379.328 2.4828
542.725 379.974 2.47394
541.951 380.595 2.47517
541.335 379.798 -2.20649
540.711 378.975 -2.22812
540.098 378.237 -2.21937
539.499 377.449 -2.23993
538.882 376.685 -2.23309
538.246 375.885 -2.22661
537.653 375.077 -2.24725
537.063 374.285 -2.25355
536.456 373.519 -2.26639
535.822 372.751 -2.26271
536.597 372.132 -0.695743
537.375 371.52 -0.68358
538.155 370.884 -0.683004
538.96 370.259 -0.684861
539.745 369.644 -0.675893
540.358 370.394 0.897488
540.983 371.184 0.909863
541.567 371.963 0.904855
542.194 372.784 0.910886
542.807 373.576 0.904268
543.427 374.343 0.90188
544.042 375.149 0.897279
544.685 375.942 0.91644
545.327 376.698 0.917097
545.929 377.517 0.923186
546.515 378.324 0.943136
547.098 379.142 0.919913
547.696 379.936 0.912856
548.339 380.736 0.905307
548.951 381.458 0.912696
549.57 382.26 0.92435
550.179 383.065 0.905683
550.788 383.826 0.919405
551.362 384.594 0.933812
551.962 385.38 0.935259
552.579 386.18 0.944597
553.156 387.008 0.942723
553.753 387.803 0.942902
554.36 388.605 0.946233
554.953 389.459 0.953935
555.529 390.251 0.947563
556.081 391.076 0.953257
556.681 391.879 0.94606
557.268 392.7 0.941447
557.871 393.5 0.945929
558.481 394.266 0.937538
559.067 395.079 0.941962
559.662 395.865 0.940012
560.254 396.687 0.953985
560.829 397.499 0.943982
561.417 398.28 0.941175
562.008 399.104 0.913963
562.599 399.91 0.916631
563.19 400.699 0.925986
563.8 401.507 0.92032
562.984 402.104 2.49219
562.2 402.715 2.50184
561.388 403.258 2.50297
560.605 403.834 2.48622
559.813 404.447 2.49293
559.194 403.627 -2.2096
558.577 402.808 -2.20159
558.014 402.02 -2.21331
557.4 401.204 -2.22197
556.827 400.45 -2.23181
556.216 399.681 -2.23809
555.607 398.889 -2.23978
554.958 398.086 -2.23961
554.289 397.283 -2.23284
553.7 396.514 -2.22461
553.053 395.715 -2.22082
552.419 394.89 -2.23046
551.833 394.092 -2.25409
551.179 393.292 -2.24193
550.544 392.5 -2.25449
549.898 391.738 -2.25269
549.259 390.944 -2.25321
548.629 390.202 -2.25515
548.016 389.409 -2.24284
547.401 388.653 -2.22724
546.763 387.868 -2.21855
546.183 387.051 -2.21652
545.572 386.242 -2.20485
544.981 385.447 -2.21204
544.367 384.612 -2.20955
650.508 351.516 2.95296
649.521 351.692 2.97155
647.685 350.293 -1.04678
648.197 349.456 -1.05756
648.706 348.606 -1.08201
649.177 347.726 -1.06745
649.663 346.859 -1.05733
650.144 345.951 -1.06269
650.595 345.06 -1.06154
651.065 344.197 -1.07464
651.518 343.278 -1.08906
651.993 342.362 -1.05646
652.484 341.463 -1.05139
652.978 340.581 -1.03549
653.477 339.731 -1.034
653.975 338.871 -1.02035
654.507 338.017 -1.02293
655.014 337.153 -1.00751
655.541 336.303 -1.00422
656.075 335.448 -1.02753
656.589 334.592 -1.02395
657.117 333.751 -1.02481
657.645 332.881 -1.04117
658.141 332.046 -1.03913
529.339 365.416 -2.27398
530.106 364.765 -0.698393
530.914 364.125 -0.693971
531.708 363.486 -0.694352
532.466 362.806 -0.68843
533.246 362.174 -0.690435
534.015 361.555 -0.69751
534.775 360.901 -0.689657
535.509 360.262 -0.685066
536.295 359.631 -0.688443
537.093 359.014 -0.685238
537.86 358.361 -0.673161
538.626 357.748 -0.692191
539.388 357.114 -0.703322
540.146 356.437 -0.700702
540.91 355.773 -0.703714
541.68 355.134 -0.711854
542.442 354.469 -0.730912
543.18 353.802 -0.731055
543.919 353.12 -0.737046
544.714 352.445 -0.722708
545.411 353.197 0.863947
546.055 353.958 0.857269
546.668 354.703 0.847547
547.378 355.49 0.849537
548.054 356.234 0.854634
548.709 356.983 0.844247
549.32 357.75 0.86695
549.985 358.534 0.855758
550.61 359.279 0.870185
551.26 360.036 0.862866
550.493 360.685 2.42528
549.71 361.358 2.41464
548.928 362.017 2.42138
548.187 362.656 2.41964
547.432 363.35 2.43341
546.675 363.978 2.43032
545.893 364.628 2.42199
545.156 365.29 2.41663
544.416 365.99 2.4253
543.654 366.653 2.44595
544.319 367.434 0.886957
544.917 368.2 0.891537
545.533 368.992 0.890521
546.177 369.788 0.886647
546.77 370.586 0.89155
547.388 371.352 0.894603
547.998 372.111 0.895172
548.619 372.883 0.882117
549.241 373.674 0.882063
549.845 374.416 0.887588
549.065 375.073 2.46934
548.316 375.673 2.48023
547.521 376.295 2.47904
546.76 376.897 2.49479
545.939 377.515 2.49612
546.53 378.292 0.915623
547.118 379.083 0.912388
547.737 379.904 0.917229
548.317 380.671 0.917145
548.911 381.429 0.926624
549.523 382.224 0.931527
550.116 383.023 0.907501
550.729 383.809 0.904365
551.336 384.603 0.915447
551.961 385.405 0.920301
552.562 386.207 0.921475
553.178 386.975 0.93537
553.752 387.781 0.939712
554.364 388.597 0.962705
554.973 389.426 0.962108
555.528 390.265 0.962521
556.135 391.061 0.958716
556.708 391.86 0.94507
557.26 392.675 0.943653
557.857 393.462 0.940442
558.644 392.88 -0.612229
559.462 392.329 -0.614684
560.284 391.728 -0.620595
561.062 391.148 -0.633286
561.889 390.579 -0.647791
562.702 389.963 -0.653867
563.527 389.356 -0.661152
564.305 388.724 -0.663687
565.05 388.105 -0.661227
565.842 387.477 -0.660206
566.625 386.857 -0.665452
567.412 386.254 -0.680028
568.194 385.655 -0.695783
568.921 385.002 -0.699603
569.673 384.334 -0.695095
570.424 383.741 -0.703468
571.157 383.097 -0.716707
571.926 382.432 -0.71615
572.709 381.768 -0.730706
573.455 381.072 -0.736384
574.2 380.44 -0.731031
574.919 379.78 -0.731916
575.658 379.118 -0.742687
576.409 378.448 -0.739068
577.132 377.788 -0.738389
577.872 377.104 -0.738209
578.598 376.449 -0.745022
579.371 375.791 -0.730079
580.125 375.091 -0.739945
580.858 374.409 -0.748141
581.56 373.724 -0.757291
582.273 373.015 -0.761343
582.974 372.318 -0.748699
583.705 371.656 -0.748291
584.443 370.976 -0.747431
585.2 370.268 -0.735953
585.956 369.603 -0.730877
586.657 368.936 -0.732272
587.41 368.253 -0.744028
588.159 367.609 -0.741491
588.885 366.933 -0.747818
589.61 366.263 -0.756349
590.302 365.546 -0.743329
591.061 364.877 -0.74436
591.781 364.187 -0.728972
591.112 363.457 -2.2815
590.465 362.729 -2.27215
589.8 361.986 -2.25816
589.144 361.19 -2.26507
588.513 360.442 -2.26434
587.888 359.69 -2.25368
587.258 358.895 -2.25145
586.604 358.114 -2.25292
585.986 357.357 -2.25154
585.381 356.585 -2.21813
584.769 355.779 -2.21928
584.153 354.991 -2.21088
583.526 354.207 -2.20824
582.938 353.424 -2.20043
582.335 352.626 -2.21318
581.727 351.849 -2.22057
581.125 351.08 -2.20964
580.532 350.274 -2.21672
579.922 349.469 -2.21379
579.338 348.72 -2.21825
580.106 348.089 -0.660722
580.923 347.5 -0.653448
581.723 346.9 -0.651188
582.512 346.308 -0.664286
583.295 345.655 -0.68073
584.056 345.003 -0.688948
584.857 344.343 -0.691711
585.64 343.709 -0.687365
586.418 343.077 -0.68138
587.222 342.422 -0.678819
588.011 341.785 -0.680666
588.803 341.147 -0.680131
589.591 340.492 -0.681678
590.397 339.872 -0.676214
591.18 339.249 -0.678348
591.974 338.608 -0.697013
592.762 337.954 -0.68924
593.543 337.309 -0.6857
594.335 336.697 -0.679878
595.115 336.057 -0.69603
595.872 335.416 -0.706285
596.603 334.785 -0.694044
597.339 334.155 -0.69851
598.079 333.498 -0.691555
598.835 332.854 -0.685492
599.593 332.221 -0.699186
600.37 331.582 -0.693928
601.128 330.92 -0.69196
601.881 330.268 -0.690477
602.651 329.654 -0.704515
603.388 329.03 -0.711354
604.143 328.349 -0.726316
604.879 327.701 -0.733592
605.59 327.051 -0.742404
606.352 326.393 -0.736477
607.048 325.729 -0.731955
607.796 325.044 -0.715325
608.504 324.374 -0.718482
609.293 323.734 -0.726814
609.996 323.03 -0.724619
610.743 322.367 -0.714711
611.464 321.718 -0.714676
612.212 321.064 -0.716048
612.951 320.432 -0.720244
613.714 319.76 -0.735997
613.042 319.003 -2.30171
612.385 318.238 -2.32
611.711 317.51 -2.31363
611.003 316.757 -2.31632
610.311 316.033 -2.33483
609.642 315.295 -2.34739
608.946 314.562 -2.36331
608.235 313.86 -2.3623
607.52 313.146 -2.36156
606.803 312.416 -2.36266
606.039 311.697 -2.36163
605.341 310.972 -2.34902
604.644 310.24 -2.33696
603.943 309.515 -2.34088
603.285 308.819 -2.33802
602.564 308.088 -2.3384
601.874 307.365 -2.33836
601.163 306.631 -2.36567
600.426 305.907 -2.36924
599.679 305.209 -2.35836
598.982 304.476 -2.37747
598.262 303.739 -2.38027
597.536 303.05 -2.3838
596.815 302.342 -2.38544
596.116 301.662 -2.38693
595.392 300.953 -2.37371
594.663 300.261 -2.377
593.924 299.59 -2.40412
593.158 298.919 -2.39366
592.431 298.28 -2.39189
591.701 297.601 -2.39062
590.946 296.939 -2.39614
590.231 296.283 -2.42015
589.478 295.626 -2.41449
588.738 294.979 -2.42082
587.973 294.29 -2.42391
587.196 293.61 -2.42067
586.455 292.921 -2.41858
585.71 292.246 -2.4232
584.935 291.542 -2.42178
584.16 290.91 -2.41801
583.434 290.289 -2.41561
582.647 289.598 -2.41207
581.9 288.948 -2.40678
581.168 288.269 -2.40796
580.422 287.614 -2.40881
579.664 286.939 -2.40702
578.921 286.256 -2.39373
578.158 285.576 -2.4081
577.41 284.89 -2.41632
576.675 284.204 -2.41121
575.949 283.533 -2.41864
575.226 282.902 -2.41273
574.495 282.22 -2.40604
573.738 281.546 -2.40906
572.973 280.885 -2.39726
572.239 280.195 -2.39663
571.487 279.506 -2.40405
570.742 278.827 -2.40656
570.007 278.157 -2.41737
569.255 277.512 -2.41474
568.524 276.808 -2.42345
567.751 276.149 -2.40725
566.998 275.486 -2.39495
566.233 274.78 -2.38097
565.487 274.067 -2.37237
564.786 273.38 -2.37766
564.068 272.695 -2.38356
563.355 272.012 -2.37498
562.632 271.304 -2.37894
561.891 272.004 2.33574
561.216 272.746 2.33701
560.528 273.432 2.3418
560.341 275.544 -1.67912
560.248 274.561 -1.68714
560.151 273.59 -1.70318
560.032 272.571 -1.72023
559.893 271.618 -1.70453
559.804 270.628 -1.70815
559.644 269.635 -1.71543
560.627 269.475 -0.127488
561.584 269.34 -0.121779
562.595 269.23 -0.115657
563.568 269.087 -0.126227
564.544 268.973 -0.125535
564.413 267.98 -1.70406
564.262 266.983 -1.69743
564.136 266.008 -1.68722
563.995 265.057 -1.68013
563.881 264.064 -1.68207
563.787 263.027 -1.65326
563.698 262.026 -1.66642
563.611 261.025 -1.6586
563.533 260.016 -1.67065
563.422 258.981 -1.65877
563.341 258.016 -1.67002
563.245 257.017 -1.66238
563.146 255.995 -1.64397
563.034 255.012 -1.63706
562.979 254.036 -1.64362
562.893 253.037 -1.64733
562.817 252.051 -1.64374
562.776 251.062 -1.65124
562.711 250.038 -1.67225
562.615 249.034 -1.67239
562.477 248.026 -1.67508
562.356 247.038 -1.67003
562.254 246.046 -1.67603
562.119 245.077 -1.67631
561.99 244.06 -1.65443
561.898 243.053 -1.66036
561.824 242.042 -1.67111
561.712 241.028 -1.67165
561.614 240.021 -1.67515
561.55 239.038 -1.6625
561.467 238.036 -1.65469
561.376 237.04 -1.65201
561.316 236.038 -1.64979
561.215 235.004 -1.64324
561.144 233.992 -1.65009
561.079 232.981 -1.64565
560.997 232.027 -1.65365
560.922 231.022 -1.65673
560.82 230.03 -1.65194
560.748 229.013 -1.64122
560.674 228.004 -1.62833
560.602 227.01 -1.63449
560.515 225.99 -1.6103
560.468 224.983 -1.62242
560.399 223.991 -1.60246
560.384 222.983 -1.61023
560.34 221.998 -1.59242
560.294 221.024 -1.58364
560.243 220.035 -1.58783
560.245 219.024 -1.5879
560.246 218.016 -1.60522
560.233 217.002 -1.60097
560.187 215.982 -1.60294
560.149 214.962 -1.60101
560.126 213.983 -1.62511
560.062 213.015 -1.64084
559.994 212.034 -1.6345
559.941 211.041 -1.65266
559.864 210.038 -1.64444
559.773 209.049 -1.64654
559.698 208.048 -1.63629
559.623 207.076 -1.64234
559.568 206.1 -1.62143
559.492 205.088 -1.62305
559.431 204.096 -1.61998
559.361 203.116 -1.63243
559.313 202.105 -1.64779
559.274 201.11 -1.66033
559.159 200.11 -1.67575
559.099 199.088 -1.69016
558.998 198.111 -1.69801
558.852 197.109 -1.70692
558.734 196.109 -1.6896
558.611 195.093 -1.68627
558.496 194.089 -1.67962
558.384 193.097 -1.67184
558.297 192.128 -1.66812
558.186 191.127 -1.67642
558.061 190.159 -1.6594
557.995 189.15 -1.66198
556.99 189.214 3.04833
555.977 189.288 3.02705
554.97 189.392 3.02266
553.976 189.516 3.03504
552.953 189.625 3.03621
552.846 188.658 -1.67758
552.742 187.672 -1.67188
552.623 186.684 -1.65633
552.514 185.675 -1.6486
552.452 184.686 -1.64406
551.418 184.738 3.07157
550.415 184.805 3.07165
549.417 184.831 3.06098
548.396 184.938 3.07153
547.371 185.021 3.06003
546.382 185.125 3.04817
545.437 185.212 3.05162
544.458 185.309 3.04304
543.48 185.402 3.02868
542.48 185.474 3.01931
541.447 185.584 3.01997
540.437 185.704 3.0091
539.451 185.846 3.01617
538.417 185.979 3.00368
537.398 186.102 3.02267
536.442 186.182 3.01859
535.465 186.321 3.01243
534.468 186.489 3.02148
533.47 186.624 3.02037
532.462 186.78 3.01651
532.614 187.769 1.4691
532.748 188.774 1.46228
532.83 189.794 1.46919
532.912 190.81 1.4735
533.009 191.832 1.46786
533.113 192.845 1.46103
533.192 193.82 1.44678
533.306 194.828 1.43855
533.444 195.799 1.44341
533.587 196.78 1.43565
533.72 197.766 1.43202
533.897 198.762 1.44448
534.012 199.761 1.44538
534.17 200.753 1.44401
533.703 202.537 2.19513
533.141 203.362 2.21507
532.503 204.125 2.23241
531.885 204.898 2.23588
531.234 205.682 2.23271
530.641 206.476 2.24616
530.003 207.272 2.26671
529.382 208.049 2.258
528.747 208.856 2.26026
528.114 209.623 2.25844
527.475 210.395 2.26918
526.801 211.144 2.28071
526.148 211.916 2.29406
525.457 212.677 2.30253
524.798 213.405 2.30575
524.15 214.162 2.29065
523.495 214.939 2.29077
522.855 215.677 2.29267
522.214 216.432 2.29048
521.559 217.164 2.26556
520.89 217.912 2.27547
520.133 217.252 -2.43893
519.355 216.615 -2.43009
518.631 215.947 -2.43434
517.859 215.285 -2.41928
517.121 214.623 -2.41294
516.357 213.95 -2.4042
515.582 213.221 -2.40215
514.837 212.527 -2.41771
514.106 211.827 -2.42566
513.363 211.175 -2.42964
512.646 210.536 -2.435
511.841 209.894 -2.46101
511.084 209.3 -2.46204
511.12 209.824 1.62069
511.074 210.857 1.61507
510.072 210.811 -3.12071
509.067 210.789 -3.12341
508.05 210.734 -3.11128
507.05 210.714 -3.11269
506.03 210.686 -3.11522
505.027 210.659 -3.08797
504.044 210.627 -3.07335
503.033 210.566 -3.06497
501.987 210.484 -3.04911
501.01 210.397 -3.03087
500.034 210.314 -3.02609
499.03 210.204 -3.04565
497.996 210.123 -3.07247
496.975 210.101 -3.07704
495.962 210.041 -3.07409
494.99 209.989 -3.07633
493.952 209.907 -3.07316
492.954 209.822 -3.08217
491.96 209.807 -3.06801
490.988 209.728 -3.07624
491.066 208.707 -1.49677
491.154 207.73 -1.50476
491.231 206.741 -1.51757
491.294 205.733 -1.51223
491.35 204.716 -1.50981
491.387 203.724 -1.51541
491.493 202.727 -1.52046
491.528 201.747 -1.51359
491.58 200.731 -1.50517
491.668 199.73 -1.51412
490.689 199.698 -3.09299
489.674 199.644 -3.08992
488.646 199.6 -3.07159
487.646 199.537 -3.07388
486.656 199.455 -3.06606
486.592 200.441 1.65376
486.475 201.424 1.66198
486.392 202.426 1.64823
486.315 203.428 1.63313
486.231 204.443 1.61464
486.18 205.499 1.63483
486.111 206.504 1.64067
486.03 207.507 1.62389
485.966 208.482 1.62603
485.906 209.466 1.62656
485.859 210.428 1.62183
485.799 211.411 1.62502
485.751 212.409 1.61824
485.683 213.401 1.6213
485.626 214.378 1.61341
485.576 215.376 1.61558
485.541 216.408 1.62706
485.483 217.4 1.62831
485.426 218.396 1.61475
485.351 219.374 1.61123
485.28 220.385 1.60961
485.231 221.34 1.62589
485.143 222.359 1.6396
485.074 223.325 1.63981
485.019 224.323 1.65231
486.043 224.404 0.0716856
487.044 224.485 0.0765436
488.008 224.585 0.0632356
489.009 224.662 0.0424206
490.038 224.717 0.0392946
491.018 224.776 0.0233606
492.027 224.798 0.0212246
493.018 224.796 0.0124096
493.995 224.836 0.00124063
495.025 224.841 -0.0200014
495.973 224.826 -0.0158084
496.978 224.778 -0.0179194
498.017 224.742 -0.0223814
499.054 224.712 -0.0304864
500.067 224.686 -0.0385344
501.052 224.675 -0.0284714
502.024 224.668 -0.0362614
502.994 224.681 -0.0497574
504.001 224.624 -0.0591064
505.014 224.594 -0.0551764
506.015 224.526 -0.0462624
507.008 224.478 -0.0595804
508.006 224.436 -0.0677814
509.004 224.382 -0.0900264
510.014 224.263 -0.0891754
509.926 223.284 -1.67049
509.818 222.271 -1.67363
509.698 221.226 -1.64714
509.612 220.243 -1.63653
509.513 219.21 -1.6295
509.421 218.219 -1.62388
509.364 217.213 -1.62806
509.311 216.237 -1.63659
509.252 215.228 -1.63864
507.807 214.66 2.3999
507.125 213.944 -2.31705
506.456 213.217 -2.31972
505.793 212.475 -2.33522
505.121 211.773 -2.32574
504.441 211.066 -2.33621
503.725 210.38 -2.3285
502.996 209.649 -2.33436
502.304 208.902 -2.31461
501.614 208.185 -2.31223
500.962 207.472 -2.30457
500.28 206.716 -2.31135
499.591 205.989 -2.31084
498.9 205.278 -2.31788
498.191 204.566 -2.33028
497.516 203.822 -2.34703
498.24 203.122 -0.781757
498.935 202.418 -0.78658
499.663 201.691 -0.783141
500.373 200.976 -0.781794
501.063 200.25 -0.761363
501.8 199.544 -0.759458
502.485 198.867 -0.765449
503.182 198.15 -0.775053
503.89 197.451 -0.757421
504.624 196.782 -0.762256
505.346 196.072 -0.752942
506.058 195.386 -0.744176
506.787 195.401 -1.46012
506.912 194.441 -1.46661
507.019 193.405 -1.46017
506.017 193.309 -3.0403
505.021 193.187 -3.03706
504.028 193.073 -3.04625
503.071 192.973 -3.04934
502.068 192.869 -3.05613
501.06 192.764 -3.0599
500.115 192.683 -3.04767
499.143 192.562 -3.05385
498.121 192.499 -3.05266
497.131 192.439 -3.06215
496.109 192.356 -3.06809
495.115 192.255 -3.07977
494.089 192.178 -3.06784
493.087 192.084 -3.0639
492.116 192.006 -3.05788
491.099 191.903 -3.03861
490.107 191.776 -3.03803
489.12 191.708 -3.03077
488.111 191.595 -3.00506
487.106 191.452 -3.0085
486.101 191.304 -3.00492
485.123 191.182 -3.0045
484.171 191.047 -3.00781
483.206 190.911 -3.01769
482.236 190.844 -3.03156
481.238 190.766 -3.01827
480.275 190.642 -3.01605
479.301 190.522 -3.00937
478.302 190.392 -3.00566
477.311 190.255 -2.99815
476.325 190.113 -3.00111
475.343 189.989 -3.01181
474.353 189.846 -3.0127
473.36 189.724 -3.01178
472.375 189.577 -3.00451
471.424 189.421 -2.99066
470.413 189.247 -2.99279
469.424 189.133 -3.00064
468.448 189.01 -2.98488
467.452 188.889 -2.97586
466.484 188.708 -2.97477
465.484 188.518 -2.97629
464.51 188.366 -2.97517
463.533 188.204 -2.98267
462.561 188.049 -2.9573
461.559 187.863 -2.94328
460.611 187.683 -2.94758
459.619 187.49 -2.94817
458.665 187.283 -2.93873
455.914 187.147 -2.16923
455.354 186.325 -2.16185
454.791 185.506 -2.16724
454.194 184.725 -2.18065
453.615 183.879 -2.19347
453.028 183.06 -2.19134
452.205 183.643 2.50631
451.405 184.252 2.50911
450.608 184.83 2.51067
449.801 185.433 2.50422
448.993 185.998 2.51652
448.157 186.588 2.50576
447.346 187.18 2.51685
446.529 187.745 2.52358
445.675 188.349 2.51053
444.863 188.959 2.50401
444.08 189.557 2.48725
443.309 190.16 2.49209
442.518 190.798 2.49217
441.715 191.399 2.49567
440.913 191.994 2.49352
440.081 192.604 2.50603
439.274 193.174 2.5097
438.465 193.786 2.51705
437.655 194.36 2.51217
436.824 194.979 2.51125
436.016 195.593 2.5074
435.207 196.173 2.49318
434.378 196.764 2.48907
433.601 197.352 2.49928
432.779 197.948 2.48882
433.39 198.745 0.929836
434.019 199.525 0.927826
434.603 200.354 0.940262
435.18 201.159 0.945761
435.741 201.965 0.944471
436.324 202.782 0.946774
436.879 203.559 0.944437
437.483 204.385 0.951753
438.07 205.182 0.952622
438.663 205.976 0.970123
439.491 205.38 -0.596794
440.354 204.81 -0.592313
441.191 204.26 -0.588901
442.032 203.66 -0.581536
442.853 203.061 -0.59001
443.636 202.527 -0.586711
444.461 202.002 -0.604347
445.282 201.431 -0.597396
446.113 200.879 -0.610251
446.917 200.287 -0.621169
446.319 199.482 -2.19209
445.72 198.692 -2.19456
445.153 197.85 -2.18375
444.551 197.029 -2.19193
443.961 196.187 -2.19806
443.128 196.739 2.52148
442.299 197.303 2.51477
441.489 197.864 2.51174
440.678 198.453 2.49928
439.895 199.032 2.50222
439.275 198.223 -2.2008
438.689 197.397 -2.19468
438.08 196.581 -2.18543
437.503 195.797 -2.17805
436.929 194.982 -2.18753
437.752 194.383 -0.613719
438.581 193.848 -0.628053
439.39 193.248 -0.633255
440.155 192.656 -0.642209
440.942 192.036 -0.648455
441.776 191.444 -0.648997
442.566 190.827 -0.656162
443.354 190.235 -0.669705
444.139 189.576 -0.661683
444.932 188.994 -0.647075
445.719 188.376 -0.643207
446.552 187.793 -0.64186
447.356 187.182 -0.640667
448.121 186.562 -0.619824
448.929 186.002 -0.631645
449.72 185.46 -0.626021
450.519 184.856 -0.630671
451.331 184.242 -0.619711
452.178 183.674 -0.615185
452.989 183.077 -0.608704
453.814 182.514 -0.612739
454.617 181.956 -0.616258
455.444 181.367 -0.6148
456.259 180.787 -0.60483
457.098 180.239 -0.621228
457.929 179.638 -0.607052
458.728 179.071 -0.630338
459.553 178.447 -0.639515
460.34 177.83 -0.64607
461.156 177.243 -0.650357
461.96 176.65 -0.63728
462.755 176.089 -0.640402
463.591 175.489 -0.629126
464.358 174.879 -0.609589
465.165 174.299 -0.607799
465.936 173.702 -0.600031
466.748 173.151 -0.596639
467.553 172.604 -0.598013
468.393 172.038 -0.605398
469.205 171.493 -0.592479
469.762 172.37 0.974001
470.319 173.172 0.975307
470.889 174.01 0.964548
471.467 174.864 0.970735
472.032 175.684 0.971552
472.595 176.531 0.953976
473.171 177.32 0.957547
473.725 178.118 0.948054
474.31 178.913 0.946532
474.915 179.722 0.938216
475.521 180.541 0.942158
476.11 181.341 0.93384
476.676 182.161 0.926063
477.292 182.956 0.931776
477.884 183.719 0.929424
478.485 184.522 0.926736
479.088 185.29 0.918678
479.698 186.062 0.933114
480.279 186.861 0.945328
480.856 187.654 0.928506
481.452 188.464 0.927358
482.055 189.266 0.955554
482.63 190.098 0.957304
483.214 190.936 0.947908
483.8 191.733 0.95359
484.376 192.527 0.942535
484.93 193.357 0.931016
485.476 194.162 0.938071
486.076 194.97 0.940244
486.645 195.751 0.932155
487.447 195.174 -0.646365
488.225 194.558 -0.653426
489.039 193.96 -0.654573
489.845 193.355 -0.648329
490.603 192.775 -0.651183
491.359 192.164 -0.6583
492.153 191.578 -0.668455
492.952 190.899 -0.662037
493.751 190.283 -0.670411
494.527 189.632 -0.684165
495.274 188.994 -0.697032
496.005 188.382 -0.69166
496.748 187.758 -0.683384
497.51 187.141 -0.688821
498.312 186.517 -0.691601
499.112 185.86 -0.693862
499.889 185.183 -0.696549
500.582 184.525 -0.687059
501.328 183.874 -0.689977
502.1 183.246 -0.680802
502.867 182.62 -0.671748
503.666 182.036 -0.663069
504.448 181.386 -0.673868
505.23 180.777 -0.679568
506.016 180.114 -0.674364
505.392 179.353 -2.23151
504.766 178.499 -2.23175
504.152 177.693 -2.23165
503.512 176.928 -2.23753
502.929 176.089 -2.23323
502.317 175.315 -2.21479
501.715 174.517 -2.20613
501.113 173.68 -2.18912
500.539 172.871 -2.19412
499.975 172.036 -2.18775
499.423 171.254 -2.17944
498.83 170.413 -2.18037
498.229 169.579 -2.173
497.695 168.746 -2.18386
497.111 167.948 -2.18523
496.3 168.534 2.52518
495.474 169.124 2.51695
494.676 169.711 2.51794
493.832 170.284 2.5145
493.016 170.858 2.5358
492.234 171.413 2.52145
491.411 172.006 2.51352
490.6 172.569 2.48688
489.832 173.201 2.49759
489.067 173.79 2.50562
488.241 174.392 2.51685
487.443 174.999 2.51439
486.651 175.559 2.49942
485.798 176.188 2.49685
