1.9648625812566997e-10 1.1117385334704185e-09 5.792173824784855e-08
0.9908172053251558 -0.00812817429125387 0.005020597185782131
1.9897061411688275 0.007316723485142457 0.003056910371645777
2.989969030744778 0.02556967725017728 0.013900767441409525
3.9556594748536056 0.03451004875740911 0.011573198715538554
4.983029199339502 0.014991464559939886 0.006214254930086199
5.981514279462041 0.017405194006699102 0.007585974139407681
6.974281773039722 0.03568985921911925 0.007723194634113314
7.972601630883015 0.014521966027357893 0.010632579702173187
8.95605936022779 0.019588855785494075 -0.004035417048423671
9.967298053024622 0.04415020866984655 0.002250690101992939
10.959039289264187 0.0270272712122213 -0.0012035445514000254
11.964216262029918 0.03323283359285415 0.003712924592090865
12.99865565522256 0.04285990910423988 0.015817143050560877
13.993630835354848 0.06333260316826077 0.005794643800176505
14.997833769343588 0.07148257488590004 -0.0004680809115293415
15.997930564707245 0.06986981995919102 0.0030062782709292623
16.991730158630634 0.09715176194325148 0.005262348010642696
17.992697033132444 0.0822263108962561 0.003704439055912979
18.98208680117135 0.1078770081710741 0.00619177975032223
19.98359166537104 0.08752346535260713 -0.00021235985035253572
20.981044037224308 0.10994165240243363 -0.006584313271250616
21.988218188886677 0.11232772383271751 0.006457875516310491
22.990183441132192 0.08626480113302264 0.002643618768819673
23.990083645867504 0.09499226204724688 -0.006478267545464733
24.99377975837545 0.10455314132751885 0.003193988450377066
23.994930738908625 0.12224696336623667 -3.140409259113381
22.98499346279312 0.11652935335817044 -3.141344774106616
21.992183976432376 0.09465869176255248 3.134708512970777
20.979404175075782 0.09751205639353826 -3.1382949093502996
19.982467427334097 0.11507298074514503 -3.139952303382956
19.96919363113112 1.1071848427838384 1.5779963335703482
19.94002242430919 2.1014131636792333 1.577565923173199
19.897765558017362 3.0965875803102665 1.5669693123117068
19.935712124002674 4.100454598465383 1.5689324212307019
19.948172266683066 5.116427963382873 1.5676103623562858
20.96124099687992 5.095732435130308 0.0011931497954154357
21.947648216314967 5.093511807925647 -0.00030066769053752014
22.960938461611192 5.085323063738215 0.011160304665514402
23.972332971073065 5.101636283080492 0.0034692450395180556
24.951959285650712 5.125292203183301 0.012811169202130868
25.95874801565174 5.121719785172022 0.008929056601115775
26.94865941223735 5.128016433322112 0.0030733137684233326
27.964569948061698 5.113658240649943 0.008229607224638101
28.958891210975395 5.1246235780277765 0.0067059968269882215
29.96626239624233 5.114145363268561 -0.0026576662532252766
30.9376845529194 5.117316424221366 -0.005489791001447651
31.94368079141928 5.116104946808138 -0.0013843148768577563
32.928183755377205 5.149521897715228 -0.0030919711458340425
33.948288788881264 5.15058032345693 -0.00800442337461411
34.92946867043415 5.135460056927355 -0.007410941594834033
35.94753317469101 5.1267487212540575 -0.012768246955924163
36.95537109343404 5.139079159034891 -0.0030561945145580233
37.97236836160446 5.147910718602097 0.00578116354485745
38.982257188785816 5.140595797933641 0.0009897928648892529
39.98008451601667 5.1410983226672755 0.005585775630320827
40.9832946432488 5.150232579011477 0.015938828004475856
41.96092234521888 5.147559200697573 0.011817644778288991
42.955972886308224 5.163581012052307 0.004873078111894842
43.96280228788453 5.192467684778523 0.004754276544903744
44.97198555416452 5.198493829181013 -0.003453836281946085
45.95517681884108 5.200728718677223 -0.0002806858484030262
46.936850452555326 5.1979070629236235 -0.006726829638763751
47.944536950991264 5.220702877250856 0.004580114735938457
48.931660465587484 5.232940338656804 0.004089775141470512
49.93808994679612 5.213332831289774 0.006718241558121819
49.92259869137332 6.242057796747027 1.5831499098162194
49.91871167157714 7.238530571955962 1.578938149960418
49.92649284340422 8.235337745298164 1.5814125973266524
49.921931584754304 9.243709813902303 1.577939330997459
49.91162458603875 10.234197766827554 1.5728515451434293
49.89389848849851 11.231016178134308 1.5801522842035791
49.88777034269222 12.197562809933402 1.58217715720373
49.90302499112045 13.2241691748644 1.577316655356444
49.903999439523574 14.233441642023884 1.577119299421112
49.89258210592968 15.227208039729394 1.5701494424882505
49.88987727121762 16.24949009116763 1.573995676446422
49.91329445466062 17.234710711915113 1.5771265703874506
49.906949474576535 18.240010084967796 1.5743296201980477
49.889976056634424 19.246524458170317 1.5817150194812257
49.90563913860363 20.24063061946576 1.5739329168970668
49.90464438164003 21.260785013010842 1.57467474952982
49.906951433210395 22.247439446209377 1.5782534969513253
49.86787909890547 23.26846449986766 1.5862160149403846
49.83854439821561 24.269518200078103 1.5824429801545996
49.85881925251398 25.259605706206674 1.578426932730949
49.84862580959277 26.2546845441293 1.5700961106553781
49.835381760897626 27.249635040624078 1.5753244998162272
49.843587310736595 28.253367622694135 1.5777790505029898
49.85043934846049 29.249457473256275 1.5881897362185435
49.837755929206644 30.228953120153943 1.5724328242603605
48.8372756903909 30.217074749270342 -3.1370858287064753
47.83427727736573 30.24517299364514 -3.131102748607153
46.816259347480674 30.234315909358987 -3.132209617555938
45.818092301900464 30.217795828749274 -3.1399516417260345
44.82172208741663 30.224092094874706 -3.1367440902850134
44.81673978594222 31.218643372203402 1.5740834691493941
44.80781554121858 32.19747445196271 1.5830421749508166
44.7869653869692 33.21670491424085 1.570713251018669
44.7889309082033 34.231448819978056 1.5550074591610927
44.80424978672585 35.21572710443406 1.572192763741067
44.81726673872971 36.22719841827922 1.565676978566237
44.802781972807 37.23915519915433 1.5708029572378053
44.80227281582848 38.23331072602104 1.5692798179954157
44.806923019052654 39.2072659913636 1.5742744967398707
44.804907186247746 40.22813827818466 1.5681532686497086
44.79638910661219 41.243478567001155 1.5692420903983528
44.81515400370687 42.23327896220637 1.5675121877990374
44.79518419128001 43.23453088524715 1.5654316200001417
44.803993005974206 44.20400480966553 1.5690397965957292
44.80763658677755 45.21822844458355 1.5683387838516711
44.78597765388229 46.2387417393146 1.5641633418649779
44.767019271287126 47.22781742750324 1.5702603261155328
44.79324774158726 48.229275929170164 1.569554956249377
44.78283401052019 49.24930904091131 1.5728615491999507
44.78496796488294 50.24415370581102 1.5781510710055744
43.79051106149285 50.2218215952061 3.141561053263489
42.78958322100652 50.23787868554032 -3.1409269680316028
41.76366960490498 50.244170052326865 -3.1376150996138508
40.770217586110185 50.228140375304136 -3.1320637066577723
39.761681459783794 50.239606953007424 3.1414606306349557
39.77626585765876 49.22760049741328 -1.568589494015026
39.76880859363062 48.23151960812552 -1.5699795151632394
39.766082501053624 47.222970447576905 -1.568420318191052
39.77380315580917 46.2295176881588 -1.553890522381116
39.772852905204466 45.21591963524327 -1.5710599971906731
39.76569341080519 44.217127645600875 -1.5752669697416573
39.760301639024576 43.22724690642072 -1.5703741992811917
39.76585254661286 42.22806171828782 -1.567154029472566
39.768393912106404 41.22578647296304 -1.5652391050101389
39.78733804698958 40.233469213733535 -1.5633707080217483
40.784580625482214 40.2086464886246 0.004664116273974695
41.79832201189087 40.22946684519291 0.008235611332143664
42.818981524200474 40.23545535710378 0.003378181340990498
43.80999081632113 40.21856328493627 -0.001166349726710505
44.80294832805716 40.22069171701185 -0.004955215795216462
44.806081690235224 39.223564876468934 -1.5674862700543055
44.81967771169713 38.238962841773464 -1.5662512814350702
44.810404011485446 37.24069491796898 -1.5722295102694117
44.80492284201454 36.24165120758718 -1.5665729126025063
44.79051961228007 35.21975244000562 -1.5756341811599333
44.825749987853726 34.23380189698337 -1.5787142514649082
44.81816248465652 33.22295595578709 -1.5649177235707201
44.81855530649745 32.231519560305 -1.5624493710606602
44.810341429689466 31.223887254560548 -1.5644523541505828
44.80911293899512 30.211509094792813 -1.5689752907065257
44.803550134033905 29.2259613349361 -1.5657935212036709
44.830404913013254 28.230441207111177 -1.5704363431001538
44.847047569952096 27.206939687125224 -1.5739251516352566
44.845469731484236 26.22872828057856 -1.568444636597287
44.84476173120432 25.231127216730286 -1.568157036033532
43.8335332124821 25.218097514146717 -3.1290483102686397
42.83743340895743 25.231154471347544 3.140330640217837
41.86414480925269 25.20105413723457 -3.1372215269763806
40.861479021098695 25.178582688101145 -3.140129572835468
39.861118884820044 25.17436892440674 -3.139653035920714
38.8755973499482 25.176077429336367 -3.1310815217058714
37.86661086118235 25.140542219187566 -3.131406434410224
36.8663656042556 25.14693541111785 -3.140510710182881
35.85390012126307 25.135055506595165 -3.139972476437398
34.861752063264525 25.133574577511443 3.141295734124171
33.858627494611326 25.10930903851803 3.140716691272543
32.86005370921958 25.118327593656222 3.1369025873337186
31.844904549189206 25.151623596932467 3.1378671345382245
30.85041661592662 25.12504805919889 3.136132290587383
29.855801558670628 25.135230139367177 3.1316227255499482
28.83430680389447 25.144628968890974 -3.139780436605582
27.844135392760467 25.131164788808725 3.1331996102848945
26.8706804672543 25.15865048667817 -3.140886147601257
25.838060229919453 25.151567815464578 -3.1401526946487213
24.839409036239594 25.152964812883035 3.1388984494239294
24.86028900691802 26.10980038348568 1.5613746341556498
24.861911786020396 27.12581936365179 1.5654803589161865
24.870927279742546 28.136319860533447 1.5712307357652067
24.854191367413993 29.1321671647016 1.5652649770653626
24.856929584399982 30.11159225868676 1.5672271415275798
24.848410315883388 31.111015637622987 1.5696760199155353
24.858497878058987 32.119519328822285 1.5602981448684
24.868133518787477 33.07958044269784 1.5694356745336284
24.85733403989789 34.090198773644076 1.5613204140806773
24.862062374153282 35.081747203304076 1.5528908052937904
24.859050813034724 36.07959547813652 1.565434862903434
24.873385871202817 37.08129349775581 1.5721726443958568
24.872369820986773 38.082237673353006 1.571302576784186
24.85969911259415 39.09030884769422 1.5704198800154734
24.86723327884121 40.09758355727658 1.5690143270380346
24.830369837728522 41.084348003725324 1.5738303900006527
24.83671050763186 42.05866058987676 1.569552765245135
24.815493594575468 43.05495925269904 1.561354525213945
24.816849597030796 44.04735250434364 1.5648426625822862
24.81834891038954 45.06372081355077 1.5815508052696963
24.80243074582761 46.06670085685922 1.5866765238354732
24.801174760208138 47.06467743053328 1.5859781363992644
24.775671883162023 48.06343874106751 1.5855237142856382
24.771491609939044 49.048140974213354 1.5842776379979449
24.750974154188842 50.04792674163671 1.5787970948566452
23.748261911275968 50.03161657477995 -3.1272903843339477
22.75351559301514 50.03583627568235 -3.13790397259217
21.75463431538026 50.00275548933871 3.138696079049871
20.746227291221775 50.02028647579934 3.1394360384446425
19.762815900425974 50.00410703360544 3.1298017144017085
18.75673459910477 50.00991196643465 3.1412711619872797
17.75795144937762 50.01060912197068 -3.1392459705478317
16.755386586830706 50.00853225528494 3.139160506645722
15.747707347749818 50.01497425690121 -3.139437107262468
14.771950735143005 50.023450684775746 -3.1302958981003735
13.760279456930864 49.98604076260601 -3.1270854338094694
12.757956393776254 50.00812762804778 -3.1303310351354554
11.75195205351963 49.97617001135482 -3.1345365473651605
10.740047549009152 49.979432813387845 -3.1411482662015637
9.739725664436797 49.97946783135727 -3.1363300984306566
8.734463758794197 49.959012940596665 -3.132163108465607
7.751520934255279 49.94969620166254 3.138183301537208
6.747184874913315 49.95120142495083 -3.13101144514096
5.742594104678343 49.96127561240641 -3.1290054307423336
4.739578963071083 49.92989946306439 -3.13121582690759
3.757373519111864 49.9308522982005 -3.1306721318238155
2.7556717396431547 49.90771608643951 -3.1353866001455915
1.7574553918004001 49.91294743680595 -3.1368126355735364
0.7416380800779722 49.88526679051221 -3.1345848372894687
-0.254507682062343 49.8975870887609 -3.13682609692797
-1.2713942480602967 49.89402902306752 -3.1263389510744974
-2.278225367981103 49.894469112174605 -3.122941896350025
-3.283854874154667 49.8757718155327 -3.133248367302691
-4.276903175705316 49.87647050291162 -3.1362999519413517
-5.2701500861346755 49.84589818739448 -3.1382681727462636
-6.254203827972064 49.85963621660781 -3.1358934400496774
-7.271673890279043 49.85010905443648 -3.1224853136590562
-8.273346594697502 49.8625062015338 -3.116884244765699
-9.265720648847768 49.832446386831755 -3.126351817900847
-10.274658921745077 49.832029262435135 -3.1348217464577064
-11.264969183681286 49.83446480027667 -3.1384705928496275
-12.252166773415428 49.80799312637437 -3.13983181750007
-13.241072823392795 49.815198838840075 3.134107344301032
-14.250591498482297 49.81230489463823 3.13620299636538
-15.27146521750469 49.759599653597014 3.1327890219339727
-16.271878745700075 49.788702464043 3.137811215201255
-17.281118221187747 49.81092070894958 -3.1391957526979906
-18.271363856079752 49.78906529048274 -3.139718393637737
-19.27972657609479 49.819229295097415 3.1415705490331374
-20.26915544107 49.79799949496531 -3.1321372381444625
-21.27900535950901 49.799115196797125 -3.132769184487862
-22.26529355648676 49.777846431739945 3.138477946379803
-23.27200870060297 49.759668739258956 -3.139002421131759
-24.271801894172462 49.78001493752212 -3.140125515469399
-25.274695191159168 49.75635755086371 3.1405422380142607
-26.27233003653689 49.74946772944077 -3.1374959888158003
-27.277564233915143 49.73693956210027 3.140923999807599
-28.26044368434781 49.727571743912414 3.1370007690658404
-29.282019356110144 49.749658935245925 -3.1354859571659066
-30.271831877995567 49.74425505180515 -3.137688011883206
-31.28238649775654 49.7553530580616 -3.138411614833824
-32.28406590283538 49.74321597273314 -3.13423258484804
-33.277043821912976 49.742791979286075 3.141358288421262
-34.28434333879177 49.741574021711564 -3.1410331324429146
-35.291146436601714 49.71801441892544 -3.1361938716834556
-36.307283273685975 49.74235281346401 -3.136260190328312
-37.29199924502556 49.72012059711261 3.1415920740439933
-38.29153232661561 49.71088568663479 -3.139749204053208
-39.288858152300726 49.735175979797354 -3.136771332630071
-40.28098184835938 49.748014796273026 -3.1324370928681695
-41.28604541809489 49.74482114712652 -3.1376462296267538
-42.280383620722866 49.69183008004847 3.130644081645442
-43.282223154811284 49.70945136885592 -3.1407921453848044
-44.27854655277689 49.720207775599455 -3.1359023586621846
-45.25975965877321 49.716284199260386 -3.1385704834300214
-46.23579901307088 49.73797226546726 3.140568398677635
-47.27594887412633 49.74837925747186 3.130560785418557
-48.27023231241676 49.74322127571001 3.125625941893936
-49.258415815108584 49.7309275494976 3.1366889407258594
-50.274894278247935 49.744524322105526 3.1370075394899164
-50.26731156341645 48.73530090492412 -1.5685103286406323
-50.26466416586442 47.710896533815486 -1.5628850384861304
-50.23754252549996 46.700920569760875 -1.5726576031201305
-50.23379343954358 45.71071364573717 -1.5643861262946772
-50.228430478510596 44.70409596667255 -1.5683041867612744
-50.23977041124074 43.70559621441684 -1.5611132310873077
-50.231372405398595 42.714455386358594 -1.5669438642638385
-50.23352256594758 41.6959195835414 -1.5584412460611785
-50.21279246123979 40.70319584519625 -1.5612291834755394
-50.213275062830796 39.71385500525212 -1.5655333717069715
-50.21030573793363 38.71414800481703 -1.5614895992321012
-50.21008748907396 37.71640125978504 -1.5658225578887424
-50.225834809738 36.704021892331895 -1.5707759554845984
-50.20339952701925 35.70614504475211 -1.5694455377790744
-50.20231904669275 34.70441225242584 -1.571172004057767
-50.20223843340178 33.71084550859448 -1.5671151839307618
-50.21360269002349 32.714703908071975 -1.5627740834308461
-50.195254448675655 31.71176816103809 -1.568668483752949
-50.182757539336556 30.70736946405104 -1.558836649511977
-50.184568815064665 29.708808657602763 -1.559387190385532
-50.17567287641273 28.71637975706014 -1.5674904730935764
-50.18600223400569 27.698864336607166 -1.565714593643552
-50.1730096197412 26.71785949336064 -1.5659273151674755
-50.14478864511652 25.726796811012253 -1.5661969736908399
-50.13993446562639 24.706623805963943 -1.5576386114144518
-50.14728701624808 23.72383656398277 -1.5604263261236593
-50.150063033030776 22.712699868532425 -1.565969016109845
-50.12843546343368 21.71526311023286 -1.5668071332890572
-50.12598512923739 20.72381072071924 -1.5628905541842255
-50.12488210625301 19.71614019242189 -1.5628412633811415
-50.118603176822866 18.715360583369076 -1.5726042341503532
-50.12040220384091 17.728790889874784 -1.5723764975578107
-50.11947054226157 16.70947487341805 -1.5662171034801498
-50.115265628536136 15.70333307273908 -1.5587133921609289
-50.093174476514704 14.684907644048169 -1.5578139547019252
-49.09406562861164 14.715815338885283 0.011392242149077147
-48.09579848293474 14.719197192508897 0.011611229779901045
-47.096632590921104 14.692758708828206 0.009097455319316416
-46.10172190914382 14.703258706113612 0.017575995910350757
-45.117619322729816 14.730956226138732 0.005243744907272984
-44.11356682036696 14.736638023113589 0.020481660585884836
-43.10985747355871 14.732465817557625 0.005443647596295041
-42.102619667544666 14.73175436898183 8.390238136207369e-05
-41.10097313115037 14.73836911076579 -0.0009451117160468246
-40.09547701648581 14.737371731961687 -0.0018587775745421424
-39.09756751740391 14.729342881695885 -0.003943521092028574
-38.08133290581308 14.720639722805485 -0.005358571218379045
-37.069317215071294 14.728966669276318 -0.006841150591029363
-36.109590834468634 14.748141718015543 0.00023959480663021763
-35.109840188857945 14.74363095691708 0.0044227416161750814
-34.1054687036393 14.776055210261172 0.001539607889197364
-33.11083939314376 14.746517587017046 0.004750788290386407
-32.13753986376083 14.757224237915084 0.020583022194059556
-31.14092072995838 14.756503348181015 0.035680896420133904
-30.148884316226958 14.762100749087576 0.02033100075303401
-29.137102902600105 14.757876916563674 0.022804806491763908
-28.120433975785932 14.83113140262986 0.011805841744835125
-27.097351420759068 14.840919784334469 0.012578189733160819
-26.10432066599187 14.838485329580879 0.006446821907103355
-25.10911935894175 14.854311008939206 0.004349146988432657
-24.103114010909277 14.835772643376485 0.013086633960772797
-23.104476777921647 14.863904165376118 0.012341537594549028
-22.10718508926406 14.901791409978875 0.008919399528880146
-21.105304886849346 14.908276021195038 0.0073044818255326525
-20.098758776406726 14.908455533307203 0.004696285319922107
-19.10508351048524 14.877131482776743 0.015955489110379105
-18.103196757277427 14.88905020753444 0.004706938935943396
-17.088628780166818 14.891153403755975 -0.005775915790736916
-16.0807786954709 14.888268357392633 -0.008079922581745872
-15.042068054182504 14.921974766647473 -0.0007873900195773635
-14.063300554331843 14.91227786522958 0.0003898233456938764
-13.062586231966419 14.923043539658222 -0.0005723971140224512
-12.063874441864302 14.925235839524891 -0.0205932570180647
-11.065899282970198 14.885435490703754 -0.00923126481220691
-10.072807246022048 14.911759054471274 -0.0014447215023147167
-9.075735972138263 14.92898364391024 -0.002933090223141736
-8.066158561912971 14.95594579603382 0.005013453258230939
-7.090463792426137 14.960607404071366 0.005579210148652645
-6.107004511842349 14.962359046526384 0.006161397976077298
-5.097981160834435 14.941452689500398 0.010085627845143854
-5.096801512405285 15.956378501433026 1.5805539132645998
-5.096387520727941 16.951867404534852 1.5763989585768188
-5.111515803617587 17.93654156257988 1.5750258166979434
-5.099840220260619 18.92759838364385 1.5775156745315826
-5.118824099377275 19.93188168050416 1.5770381701521596
-5.109653254376634 20.935619419713262 1.5844402687796761
-5.105699955591179 21.940338424861388 1.5806765727292056
-5.133443485222906 22.927374145682748 1.573517411917585
-5.12139228594878 23.91812189680852 1.573849556726022
-5.136754747635021 24.93494874555313 1.5737052288180833
-5.127359821860384 25.931478151362093 1.582546425879432
-5.152166178521789 26.940450019137675 1.5646897594707732
-5.15439950668787 27.934839397155155 1.5702621214913788
-5.177276084047632 28.937295652155047 1.5797389379883868
-5.175790386109622 29.94537623788706 1.577724740792872
-5.176308091343923 30.95211897325758 1.5625039426146836
-5.179786459069772 31.953010493087277 1.575488906888381
-5.197696827284946 32.96749582532862 1.5750246975665239
-5.197113065173459 33.92251991752312 1.5776718526717448
-5.219696563743566 34.9125099694954 1.5883631124500701
-5.230948422782021 35.90724286795866 1.5819209391748563
-5.260039577217339 36.92814513859119 1.5856529413965665
-5.255937518829786 37.91540721361464 1.5857268070052282
-5.248485879211424 38.91027405782513 1.5888013208417555
-5.249180611343959 39.87011269635437 1.601364512421773
-5.278615076533552 40.85410939830021 1.5786033951561855
-5.24628627596701 41.87244085494634 1.584076615681492
-5.216729094548694 42.89783122531973 1.5920297159199668
-5.2406006035926715 43.90175075306335 1.5854515203107329
-5.227290974339289 44.87643273106048 1.5919047919054743
-5.2513864334171245 45.870129482209556 1.596247851469475
-5.262111345234216 46.89343551026508 1.584492175658364
-5.238300165961422 47.86483823750059 1.5869971508319036
-5.263946399882262 48.87308981378871 1.577483277671452
-5.252449829882372 49.87378237119817 1.5795105563322343
-6.264041869366448 49.84385558106527 -3.1338135240219964
-7.253469707932167 49.84035500027444 -3.140032448530927
-8.25776441030796 49.81475558594918 3.1409797447574164
-9.273287738047376 49.83706375213665 -3.1246165005074404
-10.260532765869328 49.81050469987622 -3.130805376929528
-11.258944803747049 49.81210687819582 -3.137619275299805
-12.267790362031281 49.81325064810161 -3.1395993901886885
-13.250770855833048 49.82214166823693 -3.1369548347638734
-14.251510214264533 49.79445474396306 -3.137150170612675
-15.265316746952337 49.79344211610254 -3.1387786158134108
-16.26558500761119 49.810967570536 3.138365999132727
-17.274581442938366 49.801099068635985 -3.1362554907706777
-18.268411848098285 49.78596207207623 -3.140479561550114
-19.278635316053467 49.79796258274668 -3.136579943280621
-20.269891763111072 49.790028349381835 -3.140641028394951
-21.26258802771592 49.76300773389218 -3.1334048610409293
-22.265594225351055 49.77333942450877 -3.1359338012508786
-23.28565061694855 49.76884921091872 -3.128879511841313
-24.271067759188984 49.761476874917264 -3.1390420337576503
-25.25498425451651 49.75535658550631 3.13171747457994
-26.263313728843233 49.75984510467401 3.136848423099467
-27.275248280902026 49.74896509071664 -3.139056288950674
-28.275717279611577 49.75568509486075 -3.129118468044193
-29.282953050056147 49.74981853697432 -3.1339110868558175
-30.276428819138385 49.765975677189864 -3.134220372443956
-31.309060147240032 49.7593562793762 -3.135408797035266
-32.286336580761805 49.750300346184346 3.1360566833928365
-33.283237829410304 49.7497573671251 -3.1388666448080134
-34.27844644613776 49.71338309982919 -3.140251478339504
-35.29009067333674 49.73202201538179 -3.140289777371156
-36.28166272505771 49.734453984781524 3.136742455433689
-37.28479802330223 49.725418897332055 3.1408012272928993
-38.29500130914848 49.723266554035355 3.1382199127875845
-39.28758384699078 49.72501197915775 3.13715263373086
-40.287378048841944 49.73050023688666 -3.1308185215440774
-41.29497170984601 49.71272176769299 -3.1360457003492375
-42.25832351909797 49.71872674790023 -3.1361152230656577
-43.27934824590054 49.714566050520695 -3.1367295705248472
-44.28703743821692 49.720549074185506 3.1406040656434397
-45.27099824377291 49.709553717217815 -3.133127890626704
-46.26355198471456 49.7107010090095 -3.1387419508117675
-47.242267827156475 49.707051002655874 3.1359230142591956
-48.26088570951365 49.72255887791046 -3.139575122471944
-49.254416718431806 49.747377617937886 -3.1361677409529025
-50.23475426405365 49.7284215881297 -3.139945042929444
-50.25697877385693 48.6990660168474 -1.5635552634136611
-50.25395922216175 47.7017440309119 -1.5670105720544514
-50.243825937681194 46.698944914220455 -1.5671248802115523
-50.24157398962305 45.70159667099961 -1.5631297930246282
-50.25587038790925 44.71873001961697 -1.5653356886567404
-50.24817712682658 43.71826827617073 -1.5671607574669804
-50.230738632979254 42.70939940131762 -1.5629331302272127
-50.218176819117915 41.716955202429844 -1.5618802978155846
-50.226838269577996 40.70743060418954 -1.563513445878254
-50.21270116357674 39.69862258240692 -1.5633148562380157
-50.20074055920848 38.69821314745262 -1.5584717372324803
-50.20911563753097 37.688690656832016 -1.557999475369063
-50.203580516395164 36.705555212715524 -1.5656649115193841
-50.18604305887912 35.70702664919185 -1.5676660410757761
-50.20924912481877 34.72483729794575 -1.5652693366287183
-50.200029935738584 33.71701919941585 -1.5730055327190509
-50.1917300257099 32.71582746855824 -1.5689310218337311
-50.1784288943896 31.725433428897993 -1.5673119947317389
-50.1956708592858 30.731882348121644 -1.56814444563446
-50.185977140082514 29.70358149266729 -1.5657614002804698
-50.17484349778858 28.707930981358412 -1.571208866790255
-50.18608079326794 27.721711243483323 -1.5672861810671697
-50.1583051314359 26.720506110529506 -1.5629738501476067
-50.159717680118845 25.72840214262146 -1.560675824774018
-50.14829807401009 24.71669980381575 -1.5711553499015203
-50.152065262886396 23.71498025751629 -1.5721380053505776
-50.12338763369152 22.711146854010842 -1.5615285708147801
-50.1337216676653 21.719582749895068 -1.5696371287361204
-50.127215763454224 20.71897242428707 -1.5694792656108751
-50.122178621118245 19.708205639649623 -1.5683181877892391
-50.122196588878786 18.705237189928493 -1.5662765548514228
-50.10742388856031 17.709817859737726 -1.5647832598090237
-50.12462559924015 16.72687657032071 -1.5646968460848425
-50.10066757299019 15.691154110288561 -1.5633665680416606
-50.09064737875804 14.702993712309063 -1.5660378980350356
-50.06025741704942 13.696972038061674 -1.5570217591578732
-50.04452354473251 12.709837593180366 -1.5494949542544176
-50.02414997058637 11.711961050979124 -1.5487706879397947
-50.0174668255836 10.699933437820501 -1.5583678228006337
-50.041235520634054 9.735598795307284 -1.5608940829095168
-50.02780074855491 8.726377940900397 -1.555722721384778
-50.022143408777744 7.697198162210049 -1.5628280879571639
-50.01029235697768 6.709976687315561 -1.5693756498823217
-50.02240020636554 5.708273539849229 -1.567901457787069
-50.00531169288708 4.703695641423027 -1.5758866102902742
-49.99642107908784 3.6876934291951304 -1.5692239459166482
-49.992776445722434 2.679002714519716 -1.568786643494409
-50.00496150222674 1.7205561910813545 -1.5676003319083356
-49.997652210612955 0.7203999647433046 -1.572537770421078
-49.98998347330026 -0.25543168281979284 -1.5719536107653072
-50.00074793058868 -1.2679619705900083 -1.5735280115096508
-49.99472988351659 -2.287179034216679 -1.5759022042159023
-50.033490420604096 -3.271829354370619 -1.5708904533494434
-50.03578959105214 -4.279311986754988 -1.5775264402239009
-50.078720324554546 -5.318203952358131 -1.60113751669468
-50.25778783865115 -6.519888106714472 -1.767320096163792
-49.8101709299978 -7.118086672935979 -1.4668559537699948
-49.93209210932328 -8.255094963746687 -1.5511473160329525
-49.939599463450435 -9.265699130907146 -1.5583364163740006
-49.93106434080246 -10.27601772276655 -1.5596002313133954
-49.93237491217392 -11.291357823315606 -1.5571082402525465
-49.930012418100915 -12.282902187271894 -1.5608781306537585
-49.92327259473415 -13.271110265437024 -1.5577057256890614
-49.895889784982145 -14.286412881267575 -1.5607174538672228
-49.89321377706972 -15.293463621718667 -1.5602221702009864
-49.88674342374715 -16.269422333760954 -1.5568413120404911
-49.89004422033057 -17.297608472176123 -1.5617074288212447
-49.879968641688684 -18.28081059072964 -1.5638773690719479
-49.8626933312435 -19.292303665797586 -1.564794425212864
-49.87920121610601 -20.303832867092407 -1.5628861695207754
-49.83238990806668 -21.301831749462846 -1.5770530087059136
-49.86142147239479 -22.298603183679692 -1.5594922357670022
-49.881801978033636 -23.27303339072436 -1.563589390932995
-49.86522841899515 -24.28849061633868 -1.557764049383191
-49.839943795670166 -25.28094829448542 -1.5614992241158847
-49.84320581751387 -26.283502780004206 -1.5640550594221143
-49.832521108210415 -27.293823137815455 -1.5628893997323483
-49.833510771126534 -28.287613287491567 -1.563270624674169
-49.806964349793866 -29.277060979480716 -1.5632275901401365
-49.79470262856845 -30.269362508902994 -1.5578623078146383
-49.78657516776301 -31.272747273233072 -1.5575759514213818
-49.776752505825726 -32.27676758871167 -1.5580989506376208
-49.776474516640604 -33.27031827584088 -1.5590668634379663
-49.767764891944694 -34.285012743605385 -1.5677485778940174
-49.76248199137751 -35.280643527156094 -1.5584091442310604
-49.75797479977355 -36.2849863906959 -1.565087972954899
-49.761354542906325 -37.29278398536899 -1.5585774261556207
-49.76958629666133 -38.28788520863352 -1.5611108610202782
-49.73443410405305 -39.296411722414334 -1.5628870506676678
-49.75340835079689 -40.26933813290069 -1.565208065434386
-49.72613399488519 -41.27098678493788 -1.5670884907888463
-49.71967449363685 -42.25764212271895 -1.5645169443160034
-49.718024490032384 -43.25642585090871 -1.5729401813503734
-49.70754817423235 -44.27076784973967 -1.5709465986038118
-49.700113952788 -45.25893192685029 -1.5655670982929952
-49.71702771638142 -46.28022627114694 -1.5598553183467758
-49.73277884608263 -47.29551584015429 -1.5618778193175076
-49.711512027205124 -48.301605678418305 -1.56688269116649
-49.6857510101592 -49.29486001086744 -1.561247556919295
-49.68976825044952 -50.30988592276686 -1.5661177957410966
-48.70821344962018 -50.30342828513433 0.0010277888816125492
-47.693100504610065 -50.28614805326113 0.008922884058647555
-46.690595423913564 -50.26591604032662 0.001904567666749111
-45.70111397346661 -50.27353305377549 0.005729818798400132
-44.70282592069591 -50.25146195493545 0.014945876613881593
-43.68889248334259 -50.24509033911052 0.008593810473253624
-42.704956664535885 -50.247394901347114 0.004501371529077607
-41.69830983772748 -50.256655353995654 0.0024153547787323193
-40.697320837948645 -50.220581378355035 0.022145976950787585
-39.70047906398485 -50.22416388780589 0.015524045775415949
-38.69994399157305 -50.22645216824992 0.005493724195254962
-37.70053998710658 -50.21137279979263 0.0028393797245040027
-36.68828670721229 -50.2146712460618 0.003114101224365986
-35.71331448831521 -50.19001484324152 0.011754296295408865
-34.700984576089894 -50.17378488124321 0.004761801396030463
-33.71099005531092 -50.17582134958384 0.00785016226245608
-32.71027951673163 -50.200144700001005 0.006190479251691156
-31.694364564945722 -50.15121488115555 0.0072963686816458154
-30.700942406387 -50.15469582087988 -0.0012731594290633118
-29.70821710326705 -50.151210849919934 0.003446249277259384
-29.682499020908615 -51.160985241727865 -1.565009846847579
-29.660729295186652 -52.154255924914594 -1.5702064468873762
-29.656671488517485 -53.153448073849525 -1.5697944250688183
-29.69273046003059 -54.14973316353003 -1.5760078479596213
-29.671625637848148 -55.15648022279714 -1.5705245436732715
-28.664753713088537 -55.17287829135499 0.005829601876261694
-27.67984493395369 -55.11613652756354 0.00528452801377661
-26.68485071560924 -55.1482927125448 0.013528438970027248
-25.662381823876398 -55.147384700786 0.00041327661581465217
-24.6724209046815 -55.140465684341564 0.003369636089868602
-23.671215325716137 -55.13994555710788 0.005177774449852966
-22.67924701415321 -55.14086652844277 -0.0004235795544973768
-21.65591728484972 -55.143504280546416 0.0011475785659095289
-20.670626705115282 -55.11562283987457 0.005005360138386596
-19.638553371732286 -55.132925792203565 0.0019362964348283312
-18.638749162613127 -55.1194827473016 0.005195741683651782
-17.65082856048116 -55.10262543732935 0.009314527531782977
-16.673963827768937 -55.07991075613778 0.008509777582385874
-15.673214115355059 -55.08702584263948 0.002223689502396968
-14.667166352151431 -55.077858098831086 0.0024145844839385845
-13.67196184577809 -55.084586721455665 0.009255287504388043
-12.678055690773947 -55.071621638376115 0.012622177111285552
-11.666088225186195 -55.05914249845922 0.0067331903286962265
-10.649632892540106 -55.078236371756894 0.0021817631496163807
-9.653711101957757 -55.064694149753464 0.0036061417055547797
-8.619729345681346 -55.04656056794279 0.01897591923950427
-7.639499076153875 -55.03745919289612 0.009233455223494301
-6.6452183093767525 -55.040523890383454 0.005810255664956083
-5.62623663454193 -55.033944735544104 0.0007630717613721142
-4.640657752974394 -55.01017043611122 0.013023635820978346
-3.637491224275615 -55.00011172765039 0.011119617758702578
-2.6408408721209353 -54.99481034276178 0.009499652055530808
-1.6319010779765186 -54.978412130678116 0.011075061756369397
-0.6438414603325481 -54.994438359130896 0.008749436458055608
0.3612426614815505 -54.97045709226798 0.008928363179339547
1.3692657669345223 -54.95870936355013 0.00514294732315479
2.3670197261748878 -54.94292559705238 0.0174402849280152
3.363611598608017 -54.942544377338024 0.010782713321541825
4.316084309002579 -54.9104081221114 0.005085009396297302
5.333808016351577 -54.92766931801981 0.011683248498601329
6.334940283320423 -54.94416216616837 0.004160631685355674
7.3456214938311435 -54.916764938246196 0.0002757330238230044
8.315726187601216 -54.907440441521246 0.00962236988653094
9.330869031876176 -54.90089964220423 0.010188604110347398
10.341894564352797 -54.91357530268047 0.003128420234812231
11.338396194660215 -54.88263884124761 0.012387650342351106
12.343491740829041 -54.86572239980845 -0.002696586358500612
13.341369494960944 -54.887458877896925 0.00898096483156159
14.363647591025167 -54.884485622368246 0.011452698426511953
15.34759464882502 -54.866480653570754 0.01541755635826673
16.33758468846314 -54.849442026661556 0.0064643194209907445
17.351372843816478 -54.840444693958545 0.009972147639918291
18.345717846383042 -54.82654882269235 0.001822382586107687
19.344794318611086 -54.82660090208521 0.0008514195386628393
20.33628618834923 -54.82471303013018 0.005008101083651174
21.32147285767024 -54.82846077926108 -0.010045023367275446
22.306159363413535 -54.82000589624088 -0.01492241812042115
23.323388388487206 -54.81673250717764 -0.008280367595952002
24.322663064543534 -54.84202695611536 -0.013781371422565135
25.321585033973978 -54.829163053669795 -0.012772333089205968
26.30829952447751 -54.84822398049378 -0.011189822661974696
27.30626388490783 -54.8306036698468 -0.012268540657011915
28.293223035784745 -54.84148901853034 0.00750366478022254
29.281514534213073 -54.84700221096575 0.004283309012578276
30.294803431004947 -54.81925660523125 0.010273142940140235
31.266532119531597 -54.80038897977552 0.0033387640968720825
32.266803322590576 -54.830090690297396 -0.0009329875417111286
33.25990877031408 -54.819416083633435 -0.009779816632027061
34.250074479499695 -54.80940518088115 -0.010708014159196881
35.28499623571806 -54.7728481432825 -0.007497691219041605
36.28241379809543 -54.80732337156443 -0.004780350904397885
37.27771293457036 -54.79353324155471 0.001063572749693086
38.279360047429314 -54.80110633210696 -0.005435967616534794
39.26799153486236 -54.81859165052585 -0.005856513167075024
40.2559578992162 -54.80865641382062 0.0007169904137439532
41.27311616061916 -54.80202273030653 0.007085617352606063
42.26232487704758 -54.80357216335541 0.0014685369808733401
43.25058266789408 -54.82094103451865 -0.007453933996637364
44.23988562130286 -54.842689384241694 -0.013712121577874827
45.2605335375233 -54.85309668238005 0.002003519585961252
46.24550391522534 -54.851869776221534 -0.004396363972503367
47.24841815841154 -54.841546814591375 -0.006656042766456601
48.25886363099332 -54.83015771319912 -0.015102588377180736
49.23453979860704 -54.823961488495286 -0.0015346830467074838
50.23641034908332 -54.813209150874386 0.004613105971941033
50.224718037755984 -53.80868532037644 1.5840486702891847
50.21581114760658 -52.811553101769285 1.5826792301073893
50.22165012968027 -51.81291103575356 1.5799342777519365
50.22674169945035 -50.79284921194581 1.5744115355993251
50.23804712498527 -49.78019004710928 1.5722179053092034
50.236326951832986 -48.77977185405731 1.5706208269238384
50.2323467272413 -47.76375469461214 1.5726089604231437
50.23893198113826 -46.76811749063549 1.5762621907331529
50.22991984669068 -45.76290579948716 1.5753991767325846
50.23598200487011 -44.772033347615086 1.5680389407609443
50.23282144743483 -43.76772526869517 1.5768166310916845
50.222609089246085 -42.80984513958497 1.5764559604730002
50.24771926833868 -41.7811804516461 1.5848861381164978
50.230777734614136 -40.78577923882284 1.5812794607564153
50.21942238998968 -39.7787930425339 1.5722686044998717
50.226506645483425 -38.77062837730804 1.5753331303171325
50.20131089020104 -37.768833015408106 1.571170229218632
50.21872688803267 -36.78446637239148 1.5886608837889284
50.194825550300656 -35.78678058092363 1.5803146125650365
50.18853754744954 -34.789906380129096 1.5789721145718503
50.20974481143363 -33.720025903744535 1.594994114652074
50.282641143837765 -32.4675784093203 1.7065956117318153
50.1346935870626 -32.02298003407686 1.48123480404039
50.21314476460276 -30.868593349760125 1.5526143303763469
50.21235711449203 -29.8437079926581 1.5508946427370949
50.237089119469225 -28.85536463429024 1.5572058916608917
50.23684449378401 -27.850771304637803 1.5534425557485836
50.24317235999527 -26.86190002328971 1.5511587517443066
50.261108193216664 -25.839626245334728 1.5539760486793162
50.20881096878042 -24.86547454995695 1.5413627714898444
50.07109299776256 -24.022331750006842 1.4435662577920991
50.55857605036421 -22.627051089895513 1.670062593270398
50.382961810514765 -21.71365044889277 1.6222080909387566
50.322196657286604 -20.736008098021493 1.5949335074634314
50.310293318471786 -19.74637121587803 1.5959343480823986
50.28705985534543 -18.745689900400055 1.6007185729860633
50.23321088468961 -17.730444948561026 1.58942211045448
50.22108489438416 -16.72528323479256 1.5964196542032494
50.19089063747794 -15.751499254694522 1.5908154581562142
50.162498925151226 -14.732706277745908 1.5914843867695774
50.185430678247215 -13.75394602765562 1.589280437056105
50.16501620887747 -12.735155359787798 1.5821453007166024
50.141829694265105 -11.730499709483029 1.5875043914023594
50.10875970786922 -10.725425614516741 1.5793938598105586
50.107350150190655 -9.743854572346086 1.5843240940995387
50.10112509857276 -8.734636190605 1.5827802670516002
50.077459912981865 -7.746523259330707 1.5864508748799206
50.078321992106524 -6.750522322150682 1.5869426570322829
50.064263532259396 -5.760543508475607 1.588169291469152
50.034417610954044 -4.746867095125379 1.5810189746169925
49.03935218729469 -4.757902450910025 -3.1301801932794775
48.044578145623156 -4.784529238959054 -3.124791542406695
47.043082081319376 -4.788687399017839 -3.136722594085731
46.046934392884225 -4.810339132218981 -3.122436117388563
45.027424347256535 -4.818304860848236 -3.129560964609843
45.05883782222522 -3.8198507130143504 1.5864059591956083
45.0271907605407 -2.820808071555806 1.5940624888896688
44.99445517451215 -1.8071164653438219 1.5859798382519978
44.98104903436753 -0.8216331091876401 1.572147004941747
44.97014249592849 0.18618816748073383 1.577638194303168
44.95050523312182 1.1882659012138734 1.5824082955313707
44.95859180625762 2.182741070502462 1.5811747480150449
44.96216562332573 3.2017062774933827 1.570186458508985
44.947790203247266 4.191152886486515 1.5739789302566034
44.968715158963526 5.199148607409423 1.5719850507346456
44.95658174695662 6.209212575690011 1.575031048684454
44.96079729426978 7.2060806475947246 1.571830302563863
44.95860567586888 8.202348457376718 1.5682238745931625
44.972431725744 9.201799792320395 1.5741912763849464
44.9422373880773 10.190287820138108 1.5642988844545356
44.932716366149826 11.18842856996272 1.5587129270550373
44.92634869848835 12.174575981071753 1.5628201678251095
44.91166501567825 13.185489324339622 1.5750258744687458
44.921585802442415 14.165097631988559 1.5752340051479508
44.92985101410238 15.190435893580798 1.5742177780739792
44.90776946773316 16.237570852582994 1.574270277133447
44.90116367018176 17.240198325972898 1.5781923636983124
44.918193927325696 18.199868605996826 1.5817769514058702
44.90299288962866 19.202554431591707 1.581379980960604
44.90038657412566 20.187511302594245 1.5799643258921745
44.879076290554714 21.187678792574083 1.5674472160855861
44.87319587592926 22.218648722794143 1.5666811242317564
44.87581163355173 23.24036886536378 1.5758222786906888
44.860906755544256 24.22837759354574 1.5698156255700808
44.838523278403514 25.25455368150254 1.5754868551580457
44.83476497041198 26.231007401550052 1.57843334372925
44.84915418297505 27.252486796330693 1.5734037544005446
44.844923321443666 28.237590333522206 1.571065548430699
44.8485426364148 29.22605709956275 1.580822131521884
44.84417338821934 30.214327232834115 1.5844542647869282
44.82336461196606 31.22676910129952 1.5789523750378842
44.81190547898444 32.21607335642923 1.5751890777472177
44.80702789530621 33.22422917892618 1.5755834306487282
44.81341716188373 34.21609895114902 1.5670092290483757
44.79632907461376 35.23252370076204 1.5634368695292782
44.80114662986587 36.232859139019816 1.5598059257122847
44.8185058875779 37.23543744346976 1.563637816224472
44.81251987630005 38.21643194911758 1.5661743346776478
44.814798156842535 39.241865918247065 1.5645789269222654
44.807893032586804 40.22903435670161 1.5693532791765554
44.794229061516674 41.22547336025608 1.5712116413578225
44.756859131800645 42.2539645007234 1.5630079303449298
44.787002734070626 43.257545888293805 1.5648836476599939
44.786213261236604 44.24881113949147 1.5655260180059893
44.79409915625482 45.23083414601248 1.5655537564946358
44.79693840246937 46.22611401605799 1.5873356271159142
44.797779740921165 47.244604048204415 1.5765152411203085
44.77908269040031 48.23465171917706 1.5712942643730892
44.78605853868852 49.23072085151486 1.573534550670338
44.79298524839163 50.227515364497606 1.5715153608313424
45.80532522441498 50.21997591629287 -0.0009315243203597139
46.788831666529106 50.23186375378192 0.00480290819524282
47.798899209881974 50.25007559502527 -0.0007434621205820822
48.79299308094248 50.23036699829294 -0.0015540369787223772
49.79763066332398 50.24296832688808 -0.006195083080294516
49.79122876046959 49.230763516247286 -1.5730635897568317
49.784875563257586 48.24887613073533 -1.5676097270405047
49.79793681973706 47.241468058936384 -1.5628012975477503
49.78363156295116 46.23503199592125 -1.5658623079507585
49.778266841855036 45.24450437296454 -1.5776252194888152
48.79901335273105 45.22854056583498 3.1365562334569854
47.791931300911 45.21890558521453 3.1330370602614677
46.834029125169465 45.22599829522778 -3.135785495677134
45.813118691658524 45.225864614783475 3.133796903779368
44.798177731750506 45.228749052692905 3.13690189671656
44.792748182413675 44.219115371145826 -1.5733884529666113
44.79494259131514 43.21411625382677 -1.57825790979537
44.79509995590589 42.195883348996624 -1.5771785236917018
44.801174557909356 41.235807564799714 -1.5714216915573156
44.821904353551936 40.21901806624621 -1.5735911014444364
44.835990459967206 39.220305487084616 -1.5727628956376547
44.80864590787406 38.23056499030578 -1.5769497465329614
44.81183037705973 37.2314588732958 -1.5666724359731197
44.80402485613202 36.21534580654035 -1.5721373026445238
44.80443753652646 35.21921410686063 -1.5676764190363772
44.82363895364642 34.204006694045766 -1.5666284964295767
44.818615098380725 33.21923466776313 -1.5681105299840534
44.83135943283334 32.2301448979156 -1.574305685686895
44.81781720453614 31.216498448104712 -1.5764369611957514
44.81602065832246 30.20761677487221 -1.5632065956071342
43.819376345074005 30.205524232238155 -3.136702805335731
42.83916345937356 30.217825273412494 -3.1346775394079565
41.815213301698854 30.20272769075158 -3.1263625122334315
40.83240240160143 30.176563294071762 -3.13368235976987
39.829080827641704 30.177628648424246 -3.1299137428597814
39.83303348592618 29.17486525076962 -1.565744824273934
39.82815684074334 28.162544953322193 -1.5708437339815764
39.84202243149589 27.17119395826602 -1.5670654736529348
39.87688515095799 26.17877739134036 -1.5710178071069971
39.87752275856382 25.1767875887639 -1.559313495154905
39.88102981850476 24.18829441250095 -1.5548884224692407
39.89362438536771 23.164540004429217 -1.5544040542179616
39.881515235282315 22.159059492180095 -1.5622275598273516
39.90825610855205 21.159173643183948 -1.570588997560414
39.91212978608596 20.171551777365803 -1.565761550898296
39.92334651118309 19.164527119478915 -1.5655826470643404
39.938130106650775 18.187237309955364 -1.563876261263562
39.93055836297323 17.177640082603745 -1.5658735648694329
39.93824791303108 16.18067866413073 -1.5657072242598258
39.93033515671302 15.180173417215144 -1.570539524874711
39.948103452458106 14.153072884007734 -1.56125252829942
39.94710855662455 13.154969068553756 -1.5643097462348856
39.93712665288915 12.153281378296327 -1.5702817471009316
39.961006568022036 11.162126213141688 -1.5560893169649759
39.96611626832276 10.172882296030219 -1.5615827850010597
39.94736882323565 9.151303475918418 -1.5746580898182974
39.96002469634687 8.154960912778785 -1.573617814511903
39.965459404603834 7.154550906053696 -1.5628942612627887
39.97078045284125 6.137185338379363 -1.5625674901219166
39.97392527504 5.13526010009025 -1.569219267346126
39.98466424653895 4.143244879919807 -1.5692283024570033
39.986743632213376 3.1497784190738978 -1.5716875641240908
39.970263119145734 2.1592758737039572 -1.5571008237912578
39.99039213570006 1.1867800576588219 -1.5728617091818002
39.9672756960611 0.18583379641998982 -1.5668611652227173
38.97825869790565 0.15519761750944228 3.133692388842961
37.98964278570205 0.16774108725170564 3.1351157833946908
37.00206793536222 0.17111339983535384 -3.140963458607891
35.98177932514217 0.14961223243877475 3.1392207410653077
34.96589078036177 0.1558810390781943 3.1401132092877053
34.98714988645732 -0.8547339380644701 -1.572238247196893
35.005277689039254 -1.8542733598081491 -1.561259289646876
35.03587273664244 -2.8177234416371113 -1.5593972460063055
35.04816443011169 -3.8441024696852897 -1.5726945296271884
35.06020690531499 -4.831294533315491 -1.5793541592297802
35.081165720684986 -5.832090409644549 -1.5811006677188513
35.079243300645345 -6.856100387024072 -1.5789418698288642
35.05397095421584 -7.835963708280502 -1.5751532321408546
35.03374551719834 -8.824217125093524 -1.5700159204032968
35.080512460107336 -9.830885758405435 -1.5695933729487992
35.08639252626762 -10.843573305119078 -1.5747609184138134
35.109757854939865 -11.846159970388596 -1.5693892026774279
35.098824915899165 -12.818316166445554 -1.5650877095534157
35.101207081358076 -13.817257776262458 -1.5700859080634217
35.12412000664807 -14.843155009718531 -1.5765261548999565
35.127461580858714 -15.818342290171985 -1.569403459095799
35.16369981067261 -16.812739333748826 -1.5653460698605224
35.16586435752659 -17.811989804139902 -1.5732813942202581
35.17369558343297 -18.807112001224795 -1.5791223621983201
35.17773354726406 -19.773998212052806 -1.576730951675134
35.187695029340745 -20.791108036054098 -1.5611779405634836
35.169119621091845 -21.805176207839974 -1.5688199319327918
35.185776539570064 -22.794872974227204 -1.5582825350439522
35.18300689010047 -23.796754530590366 -1.559916183722333
35.186019443049034 -24.78026213074056 -1.5640582533270904
35.20527340732663 -25.80921483169649 -1.5699235912282936
35.216158743856084 -26.78710517122324 -1.5791418078152828
35.20418927123373 -27.74882083331242 -1.565383409487188
35.182325220454786 -28.746970783432353 -1.5749041335571798
35.1922201023216 -29.76672086620634 -1.574733846859222
35.16673264655624 -30.76220949635593 -1.568266513198182
35.15140274575407 -31.78435321520666 -1.5635887715324401
35.19541775565655 -32.78313473257862 -1.5697734013241085
35.20009298238701 -33.77451195022839 -1.5711039438170251
35.2030149229983 -34.777167950259205 -1.5704644932222984
35.21844463722018 -35.772740453670565 -1.5636760296275312
35.207300099352615 -36.76868784786301 -1.5644969449364319
35.21471496244576 -37.80208613064463 -1.562435308141758
35.25052015413222 -38.8141479515439 -1.5728772698216589
35.23500981956532 -39.786484796050246 -1.5763367299917208
35.23732918281439 -40.78819186628023 -1.5651869198924735
35.227753412392325 -41.78899547518412 -1.5582359045823937
35.229487459446666 -42.80142157429147 -1.5689917486135883
35.25694886708853 -43.823570202808995 -1.5729789644788608
35.26108867180554 -44.82156804548052 -1.5666608903327968
35.24997490418887 -45.810976075665906 -1.5653180151034887
35.258805586231965 -46.80396709777131 -1.570365614658787
35.268190110144815 -47.820737003104576 -1.57349144103066
35.285527830117644 -48.82124768438296 -1.562236515097854
35.289108235569465 -49.792826092507845 -1.5703935367589978
34.29428934449979 -49.81479377891879 -3.134617991076714
33.29685727498609 -49.80776835929937 -3.138114357835613
32.27538750152989 -49.80527204220067 -3.1347493443951344
31.292105475952184 -49.8116904102817 -3.1362774912439035
30.28866513154418 -49.82465596875354 -3.139404389290746
29.306815263294332 -49.82513688866377 3.1380968391123343
28.29198838534831 -49.821636387421755 3.1367008444842375
27.274741994091674 -49.81304682045428 3.138578002276551
26.2618189484652 -49.817876021912774 3.1366977182153755
25.285044273462805 -49.83065919960203 -3.138347951041794
24.27378088107436 -49.842722662299614 -3.130777157332439
23.27790109325946 -49.87062466080883 -3.1270345699160496
22.285211536659922 -49.85051083902525 -3.140851891700264
21.282617746272326 -49.82214251244015 -3.137207696703012
20.29291003926898 -49.833042690843136 -3.131864470388233
19.273601898462942 -49.84053790606659 -3.1386545403184725
18.275614432555585 -49.82456591361876 -3.1364672719185136
17.278247837286717 -49.85207896663549 -3.136075512911099
16.281681199814372 -49.8406831376023 -3.133331288385038
15.29234530908082 -49.83763759327689 -3.132633338468056
14.304174177041418 -49.84293963883782 -3.125110736313897
13.302127393222744 -49.878042616681384 -3.1297184032536167
12.300010772250838 -49.89766906931763 -3.1378914769455806
11.311974178278573 -49.86802150660259 -3.1265346442595
10.31530606002638 -49.881284188075455 -3.1322053739098976
10.30625198544875 -48.900584430058196 1.5769768617856443
10.311930759936025 -47.90788447150602 1.5846898689015045
10.276026315995002 -46.91022980131862 1.575686274187762
10.26908613443069 -45.911218485425664 1.5754594535418538
10.260963758532263 -44.91147182347567 1.581355353859163
10.255545969566734 -43.92516709015249 1.5838267664180992
10.252504937184087 -42.926057740692755 1.56369872003131
10.255285374423394 -41.909216945893355 1.568429225845699
10.267443968696394 -40.92228655755672 1.564336315382402
10.277136483863034 -39.92569028124302 1.5635491876966294
10.290356134924696 -38.91928225462616 1.5597331283761677
10.312137917663625 -37.934998183938944 1.567573529687619
10.316752844452415 -36.934295685965 1.5691921314030384
10.272380569770082 -35.94272803631389 1.5551310587968903
10.287152444335423 -35.003285700891986 1.5228670162291118
10.381147455023713 -34.149201407551196 1.437542762610432
10.002025338293352 -32.656592144972066 1.810131982639057
10.000392749877223 -31.83818607050703 1.6512503537079175
10.08277344888982 -30.84230499790098 1.5976390395475446
10.090720692374914 -29.846754853941533 1.5661922992189041
10.115264026133628 -28.831882962336845 1.5626481848527332
10.118310303743517 -27.832315217464917 1.5586770429617052
10.154258838050866 -26.857476660616648 1.5704184177527822
10.204140257078416 -25.85003459888551 1.5636350719095142
10.172369505063962 -24.70107807918801 1.4972308982824656
10.221721221494267 -23.304541093479166 1.3083451329473443
10.177908507510034 -23.19784054178241 1.7602556090073445
10.135634653013927 -22.050204795805627 1.659892181071087
10.12704756945209 -21.007754002976437 1.6092710937105714
10.146594269346073 -20.00118972540811 1.597074162833087
10.152000344308242 -18.972714537536014 1.5888093076336751
10.122162877114102 -17.968487743125113 1.5953028822996846
10.084880348505514 -16.99357707431574 1.5972015855905517
10.099946849181823 -15.980069067222045 1.585147500131807
10.061223113693764 -14.98992733738116 1.5834477187648721
10.08420735250156 -13.976014668031805 1.5699063974144694
10.060549673854025 -12.98938899968542 1.5801382631036482
10.07859683111117 -11.985203011544414 1.5826294034292476
10.077576246629805 -10.98636450400902 1.5850267044128268
10.062376796669795 -9.975030927823425 1.582207672570333
10.05058043402586 -8.974083490906743 1.6007717330654518
10.026403558052442 -7.955606943466146 1.58714211484407
10.034711826934414 -6.976212135266236 1.5805759131670643
10.010813412387817 -5.9586459463404475 1.573692115515277
10.004882510391473 -4.9441442198351195 1.577950153101744
10.000654298366463 -3.9793288349710325 1.5830778007717248
9.989360702507042 -2.9539245552497344 1.5844990019341259
9.970635107758515 -1.9646987504990494 1.5684908342141228
9.971538589860685 -0.9687917118746171 1.5685952994859813
9.968827002095345 0.028932988253775535 1.575385809361135
9.974702581071911 1.0202263591258331 1.5769288817441314
9.971110597641713 2.033316107113464 1.5750366381663707
9.97022772798746 3.032890231607866 1.5814561572278638
9.948195540325763 4.0402190056873835 1.5788672879839025
9.949101808021728 5.0438655433073185 1.5744157792740403
8.949250204493035 5.036491558455048 -3.1410171660165327
7.936903751121552 5.032778782557363 -3.1369579328326855
6.944488262425744 5.039495152882218 -3.1397311452449737
5.946156311307651 5.028783194123942 -3.1298962760915834
4.9383970641994654 5.032870993190887 -3.1321881169509087
4.935012618982538 6.017003644003869 1.5803117897261343
4.924254534854788 7.052101428211326 1.569912731752867
4.924034404847218 8.05075619691345 1.5715262547741777
4.92642397017863 9.035109423487805 1.5790181991249705
4.91613464677851 10.022460502167252 1.5769436226164144
4.891754346787047 11.01917502623167 1.5719410887774528
4.913828009084813 12.015812291721785 1.5720953979247354
4.904210658025143 13.008898895573546 1.5753281691057086
4.897816109024207 14.00059722779416 1.5774928904520837
4.904418652185105 14.981673458222746 1.574749152431676
4.911277194014178 15.99520786033415 1.5766639070745379
4.882461846037348 16.9853195775006 1.5772792103812208
4.884933498005737 17.997143874304452 1.5735686079307714
4.8838868895305145 19.00029621380317 1.5738979313018853
4.874824795454692 19.97540023016706 1.5731313351110117
4.857473763014143 20.99498373693814 1.5679451786981176
4.872939691500635 21.992890962172662 1.5770164423143345
4.868019946804588 23.005324389676332 1.569728009292468
4.870096652326571 23.994809266714775 1.5705453620107093
4.870603263878571 24.98501191402497 1.5670214221356147
4.868133407129986 25.971793758828483 1.570185649553744
4.848123519305317 26.972809378253643 1.5772159658672884
4.8444972767118974 27.98283055249312 1.5709743931720073
4.851309238995041 28.996407745478752 1.576140848597491
4.831382770149909 30.020098383696894 1.569887436539294
5.844516229890063 30.005230608648883 0.005866385451738286
6.850745950133709 30.013035265347927 0.007954539421113838
7.852612325053537 30.01286194664145 -0.007144293038957447
8.875271923293198 29.993751971007686 -0.004397613084619962
9.900942529430123 29.97838733347227 -0.00022540612803747395
10.895132004297718 30.005859627751516 -0.0010828052463995258
11.87137395115268 29.994913012036506 0.012115202722148681
12.86457796299526 30.00355756151255 0.016691369822899253
13.845721946556079 30.03388503195686 0.009995144132129605
14.833233119011119 30.054233097705655 0.009599762041117087
15.882306418156178 30.033464250137357 0.011053163777310146
16.867840176622103 30.047607974079636 0.012200056257245127
17.863437652451065 30.05571376148487 0.01463103743305825
18.846188136585297 30.039790014936248 0.008637345985238383
19.84264768306576 30.03970330254744 0.008104433674480212
20.854447618517867 30.050715800615297 0.008152910773516769
21.87517194331001 30.080157605962388 0.016354384290197692
22.87964443602606 30.120673816143913 0.01574193404049231
23.86655632333074 30.12764455756259 -0.005559056154326249
24.86237415175009 30.131859558538434 -0.002847212823321291
25.865399331175198 30.106407470032973 -0.006291231660516997
26.852084930762715 30.093114465937862 -0.0071682988746416265
27.82894329926445 30.087437426199063 0.008559338878384126
28.807954968259352 30.116001845653834 -0.018798370408064653
29.804294340666633 30.111942045111668 -0.0024326558234180357
30.834883769116022 30.117908330980953 -0.008831109745907454
31.834536710502334 30.139636840020792 -0.009960786940558315
32.82259974469028 30.124356904088234 -0.00730271843512792
33.8046701447685 30.091062580801985 -0.00944009205172461
34.789388002668154 30.139808146136776 -0.023543499793476783
34.810073132405094 31.171929392840223 1.5541365822094053
34.82429398247479 32.182734600463846 1.5676014640254947
34.84248840657747 33.17790069930131 1.5666971068801376
34.825175514211196 34.18842805880192 1.5647184689803935
34.80344129663947 35.19159885322783 1.5715905124498089
34.79571914598092 36.18932151664885 1.5803629924177487
34.78093744625989 37.19268159671734 1.5734466606427056
34.80518054671654 38.19841219066339 1.5735939877908223
34.800714004780005 39.20150923162755 1.5657702228559078
34.792985975610534 40.211251058642965 1.5665395189059645
34.820770541572585 41.22801383217573 1.5721104726467696
34.80558647172789 42.232083056836565 1.5715428867291166
34.7870582499214 43.23231937716527 1.5627229943497973
34.79052704562648 44.22411548247598 1.5684481963041712
34.76222205100022 45.21763352037446 1.5716843683422792
34.76196063420125 46.19502327447753 1.5671778228951632
34.788083389361844 47.18802510531377 1.5830167963737605
34.776269015499345 48.1913529226578 1.5879763403372356
34.779884733525456 49.18388036145468 1.5904975010145546
34.74458138936325 50.19733078976789 1.5854172285153831
35.7721246343782 50.19807406776527 0.01892755065596242
36.762028009974586 50.18805224315316 0.012890417234464057
37.74699544243407 50.23015919163533 0.006984885523932911
38.761491580064586 50.254896138817124 0.009586318144989453
39.75576461433885 50.254491395758535 0.02694364146495974
40.76431720574726 50.25607968369401 0.008366070143390938
41.77684645471281 50.22582910276744 0.007659043522650228
42.768899529815194 50.21455621008496 -0.010832292233218133
43.769895451426756 50.21995640143526 -0.0026322967146108706
44.7839415487712 50.200798378347564 0.001336608726315324
45.787983253388 50.21877308983312 0.0028216652795021503
46.775126907581466 50.21708586407273 0.00022046899929366318
47.79658893208319 50.24403037892667 0.0038708367904582925
48.790958585889605 50.259871215973924 0.0008073406486605671
49.79595842498683 50.2391998467627 0.0005020001505995029
49.79162159647983 49.21274974872733 -1.568794275833044
49.792777029042036 48.21990169044936 -1.5708211422768545
49.79144059788671 47.23493148952513 -1.5712618603065773
49.78065541023986 46.23602099257528 -1.565030850445516
49.781327206650914 45.23683457268756 -1.564510113621577
50.7865263771706 45.232792489156246 0.006613732396377217
51.78958474871427 45.23033935629302 -0.008220944376977672
52.785810575885726 45.21366589471651 -0.0049558548040766915
53.800334898546495 45.217084973413684 -0.004556665264621994
54.79539613857034 45.215567688801855 0.007565788399336863
54.811400046244664 46.20632299310615 1.5764227449274593
54.77039357018633 47.18216277745972 1.5755045034982373
54.79529535078016 48.17684494743163 1.5655827791218424
54.79486632977455 49.20010579959924 1.5634716852127948
54.81323736213765 50.20581840959335 1.5813461235871864
53.80075572827959 50.22180484336098 3.1360555962196353
52.7780774606047 50.25913934600292 3.1343439719360653
51.778198282480595 50.2201340059579 3.1156357848027088
50.77405747230179 50.246292802543806 -3.137683993532156
49.78085721900718 50.23184502766735 -3.140920921019424
48.783364188684246 50.24139742682536 -3.1389135283122793
47.80722426849832 50.252040439602865 3.1342338967808447
46.81071714594914 50.22872993434716 3.141313483795636
45.81604463366996 50.23704153645498 -3.1327075619052307
44.785321615712654 50.234844115864476 -3.139672048220159
43.78258177895144 50.21298435639767 -3.141537162846337
42.7704549247697 50.2195298243955 -3.1395304352501907
41.768829763785334 50.22685796587658 3.1389884527198855
40.76226653871392 50.25149779125232 -3.1356771254163824
39.75816702627268 50.24183934810153 3.141515122004397
38.73327732250209 50.23578795536777 -3.127691298381278
37.74084770414519 50.24104442303531 -3.1270973225546013
36.74321504518568 50.23753110075242 -3.1301593823463643
35.74727892984099 50.21208428179323 -3.1273240203951542
34.75930767521186 50.18761522020698 -3.1235964589847955
33.7680550446279 50.15142045809289 -3.1209628647505325
32.738389720438185 50.15318111501949 -3.1321746339078707
31.750617941603437 50.14517931264505 -3.122634920556406
30.777368428433878 50.167866711620036 -3.1172653216042963
29.784146108591756 50.13980947322737 -3.1223512516956866
28.768966980035778 50.11925088222043 -3.1160956508207973
27.763119935871508 50.06945334070065 -3.121381631317638
26.75582562535301 50.06881784977809 -3.1232735294804517
25.753677439168207 50.06531062987645 -3.114846327997884
24.75551712295973 50.06387111222374 -3.1175497051851435
23.76585938872724 50.05246204983622 -3.127918115029426
22.755160402188487 50.03116634433065 -3.1387712685823934
21.747312615285974 50.04592087460746 -3.1400581888512717
20.760230689347274 50.01135032225617 3.1414596840885047
19.761836942187685 50.01839358873015 3.1405149614284906
18.738679105408227 50.00783160506708 3.1343024624310765
17.74760627868805 50.01645588377386 -3.1342904424464395
16.73864011257956 50.01339573883455 -3.134174723975005
15.750585945542888 50.0321034746843 -3.1362296939775556
14.749591019556988 50.0092340207406 -3.1294173859339955
13.752310785694316 49.99934704346927 -3.1361181196854373
12.746759448250433 49.991951296432866 -3.129872193294239
11.736942823151608 49.964149950503234 -3.1374755379587524
10.759169265989591 49.97384139828026 -3.132669696255081
9.754068437572021 49.959068186787164 -3.138695053598323
8.753814571711677 49.97764623621928 -3.128425360894995
7.751144280336683 49.97903813502983 -3.140298789662882
6.7539441640378435 49.96090047418371 -3.1341678130249293
5.746698867485964 49.94808545398088 -3.13478510059786
4.738205268026183 49.93987024991745 -3.138631702974746
3.746973533818979 49.92195414320188 -3.1298802735908167
2.7573073988669488 49.910967787015956 -3.1343319218782284
1.7533786412148356 49.90554281140858 -3.135274172916126
0.7168561134618878 49.89615343973568 -3.1303677011106674
-0.26718342935039957 49.896504309079944 3.1391675184286747
-1.2679464001677032 49.89834641573574 -3.129494928028
-2.2873564142563065 49.91425014233123 -3.1240242410778154
-3.279217212517835 49.89317150800527 -3.123472705925666
-4.284311783433422 49.86046364035074 -3.132811417258697
-5.26816069214527 49.84307685076015 -3.1377878479813535
-6.296822872291936 49.845535597486354 3.139642212154386
-7.2670287681204 49.84304509185588 -3.13926985498911
-8.262985751359826 49.83865761258398 -3.136040433293397
-9.246988732228377 49.83214646391537 3.139100453471112
-10.259447924649553 49.828338107588415 -3.1409443356430953
-10.25364469503545 48.8264204292509 -1.5677040288834174
-10.255589447180508 47.81456548838171 -1.5814851464575663
-10.249364887666651 46.83263448731294 -1.572658548511466
-10.260645590712333 45.85832582078542 -1.568106655649821
-10.262206791858711 44.846330516492465 -1.5678064685392126
-10.24929690086697 43.862541982205684 -1.560078462889057
-10.252085520324359 42.865783298585484 -1.5690276430197518
-10.24465004520428 41.85717564039242 -1.5700033165226541
-10.252599842940615 40.85301138027954 -1.5733707140932864
-10.244373599742655 39.87461920078308 -1.5711634205035907
-10.262133288012725 38.87188904251608 -1.5605774940539607
-10.259225732602808 37.866774601370246 -1.572548994863781
-10.23987421310138 36.870213464646696 -1.5703913016647932
-10.252391224406418 35.869267276188175 -1.5800149067441864
-10.268710644735302 34.87337398451568 -1.568546287630617
-10.227227963568579 33.88268869433528 -1.5577987048374518
-10.191905084713717 32.86694400900877 -1.5525232481762348
-10.1688542989655 31.8631721253143 -1.5529843198116724
-10.164967847291965 30.88804502860964 -1.5449948359433807
-10.156684083424379 29.91227686235384 -1.5602690823493075
-10.161140675932192 28.892379252142835 -1.5617602657076073
-10.178684867007298 27.905564269274226 -1.5612019266429844
-10.175767751632327 26.922699092845978 -1.5564032481729595
-10.140591744640284 25.93012322231812 -1.5528024546254449
-10.131700102257104 24.907556462617297 -1.5519340411897338
-10.11742070514895 23.89709601602577 -1.5612524644693726
-10.109596545117206 22.90369300088735 -1.5522622342970886
-10.113442753373091 21.927615393734232 -1.5582099858762626
-10.090286215162175 20.908074058451472 -1.5611568092120296
-10.100373698145493 19.9379188894436 -1.5610403979645542
-10.082518065192563 18.941975272438366 -1.5649222171320987
-10.06188278090514 17.93620759584507 -1.567667735791824
-10.071651213853954 16.919301085523315 -1.5700224693534413
-10.083148002387958 15.935086925318036 -1.55944385237733
-10.077858199546723 14.938532285934341 -1.5612159051229832
-10.070118754270837 13.932078335950811 -1.5721711017804256
-10.065061705107981 12.93699501786093 -1.5655577644786722
-10.050473361195 11.92612177721146 -1.5686644635535374
-10.059077209843329 10.926574288666217 -1.5628321077909293
-10.086849335477808 9.937864715516067 -1.5567566298828421
-10.068217286651311 8.958526445850962 -1.5546118184129023
-10.048904549502364 7.931276687626449 -1.5705450034293402
-10.059603866211067 6.937197331815511 -1.5620730673052712
-10.060507125078255 5.93741537121233 -1.5637802038778634
-10.057833148297016 4.926769896272671 -1.5698507263397288
-9.062914071576119 4.938610563855864 0.0023427939566927074
-8.043528158227522 4.9378807881358995 0.006905093958158641
-7.060132941410105 4.9380669913588635 0.0019472929146112376
-6.043581381222104 4.951359146917417 0.008647810318034762
-5.035802359468708 4.961231039827797 0.00989284740134085
-5.047349706729007 5.945540816128586 1.5703162912203383
-5.088615779698363 6.943836328882548 1.5709337084026302
-5.087219592667357 7.94115758217936 1.5770733736138687
-5.086074029689718 8.95544003929096 1.5845994778904853
-5.094985072514653 9.946025892390121 1.5637956761804854
-5.0873410781778485 10.958946671947423 1.5703975419363811
-5.099271794324139 11.950775188008517 1.5731630209345737
-5.09309490119276 12.964318023783903 1.5779640969747357
-5.095601581803501 13.959321641678264 1.5667919551707674
-5.099534738311136 14.951206418811871 1.5812992920698743
-5.13037657646066 15.967468696247998 1.5724155988721986
-5.123859925796382 16.94111418405168 1.5823658271097123
-5.116809076553535 17.942603755342237 1.5739221030837904
-5.115909038569976 18.93480939301928 1.5800662426355783
-5.099803026718026 19.924655139675266 1.583954385454177
-5.121355539817978 20.936451316050654 1.5719069913306896
-5.115709392188826 21.942201301528282 1.5718784912601995
-5.124507453998066 22.946222644694757 1.5748374722815408
-5.123247264608735 23.93788544045443 1.5663432370698374
-5.149524624735605 24.930476754703363 1.5821235303717411
-4.117984667501262 24.94051488286414 0.009590160944624337
-3.1268507818139777 24.928768504161706 -3.589563945723863e-05
-2.118985025538279 24.94421675563364 -0.0003628819180965314
-1.1111403884573814 24.947488377808902 0.008568987909411284
-0.1089467816893479 24.961520562042825 0.00034079983602144183
0.9012003279561763 24.98454375705046 -4.698617855820113e-05
1.896642806194421 24.976109488591028 0.010209000977933827
2.8738428534152294 24.99683131712011 0.00310002563217094
3.87282051742699 24.985334706436415 -0.005080333589611257
4.870172193671068 25.00101084160514 -0.00512057476898086
5.874213922152293 24.98786015250196 -0.005434137736981866
6.890311759020429 25.01761896730759 0.00022999781956886374
7.882751102620969 25.020190902139372 -0.007047601333512647
8.872738866358013 25.026092196097093 0.0019228141012814692
9.873333576421611 25.028334766349214 -0.0026353057786122776
10.877372254041349 25.009367339805518 -0.0038622039092337207
11.885872834763783 25.025281831178265 -0.005589826212790174
12.91059221202195 25.006099486921087 -0.0028297608112198124
13.914870950926048 25.014394935299702 -0.005338532402005198
14.913719318864546 25.022798370077385 0.012966964155694953
15.891135208698454 25.016952967280176 0.00221806495167831
16.89602700307707 25.02171051331937 -0.00035505160809873337
17.89838831051047 25.029843438363383 0.015850783457047383
18.8902241804921 25.069314290815285 0.004222955717539678
19.872789195077335 25.065847878132054 0.01801456209860334
20.89465910609791 25.07188851399081 0.019403611763637058
21.85324408613966 25.071277722699904 0.020500181430060844
22.863396628016456 25.088842758608617 0.018703891179429676
23.855645452994885 25.12013543510484 0.003962459051677101
24.85401043744713 25.115308577498876 0.003023324548443073
25.83793494709531 25.12447771318919 -0.003377719369575907
26.827718817840996 25.132123013047323 -0.0011220935796870503
27.8296350021977 25.136295541477804 0.0075842787084968175
28.86814776973489 25.137674224327814 -0.011176024720938706
29.8670324823975 25.11488260525446 -0.0047440688213685476
30.849873223887254 25.116177569713813 -0.0020440217138862245
31.858012905880706 25.119451904333896 -0.0023057643214661728
32.86486633933085 25.12259918886651 -0.0034441282843301344
33.86501112609395 25.121559648219502 0.0006645434676932452
34.87035815285723 25.140683093598142 -0.002409110380179304
35.85474908612057 25.139621993965218 -0.010496441520376256
36.85903235377041 25.11740391673893 0.013651338721746308
37.87234101425647 25.170045911086767 0.011441071655273373
38.877407857260245 25.183574444766332 0.009097909374810371
39.87949937208971 25.16617514897803 0.01095866895824727
40.86400740070058 25.17703982257936 0.006887782199568855
41.86116110067773 25.197996374577578 0.011717720191649426
42.860515592902125 25.204258598058722 0.008234917182474303
43.84787109508869 25.226683384488766 -0.001556140265514042
44.88029880890861 25.214134545840352 -0.001248419119024069
45.86243308465398 25.19120301465838 -0.0016448946743492301
46.86191349747562 25.202083477924166 0.004839119628504625
47.842712097360085 25.213083123247113 0.01940495895236946
48.86745737530982 25.26317441196202 0.016248745658986003
49.845444134924165 25.2639344191817 0.013075886890442782
49.86082368452933 26.248057866231942 1.5815215911936669
49.85692375559818 27.256548767646585 1.5807165412649047
49.84691632945202 28.25279783782222 1.5826438786526327
49.837214577524925 29.255614845210346 1.5900258906354792
49.850117901634775 30.227373296744553 1.5870400843977168
49.826345470695635 31.23757483835368 1.5811254229350884
49.816831016312435 32.21606048104776 1.5744869205542023
49.81245858237644 33.21944848219312 1.5728120387227185
49.8121665454811 34.22425862904634 1.571536664079847
49.80900874249989 35.240186749282266 1.5784747845069302
49.80800938169013 36.23208306135856 1.5783228263416036
49.78972266818948 37.23600141512449 1.5652054358913077
49.78481150454779 38.21242823818519 1.5698777938934523
49.81015334721549 39.227121801206515 1.5517708443360616
49.80990752384967 40.22548175147314 1.559266737227821
49.76969129918933 41.23305522374679 1.5725226785257485
49.7889364562256 42.232274401061126 1.5771415925548995
49.78077962867023 43.21792915260625 1.5667235888171673
49.791171479783756 44.23308021712636 1.5749884141977726
49.787457276177385 45.24282872577181 1.5730901499824474
49.7608308202609 46.21665231286196 1.5672917062557288
49.78214597645931 47.221805644465725 1.568908202641502
49.78627109067055 48.231063815267746 1.5725539530298152
49.79699802611161 49.23469424076334 1.5806226704792214
49.7821955109574 50.25259609848957 1.5657874309823794
48.77914987608052 50.2276086451624 3.1411101146642726
47.79183005878943 50.22371806322254 -3.136192021868372
46.78630881240033 50.216125371958725 -3.13353328741555
45.79156253099301 50.22648354270002 3.1413462898452797
44.798499664290624 50.228600580464054 3.1371025535231936
43.78684907192198 50.22388870624389 3.1398449632194727
42.79150693284927 50.23389722096593 -3.1398977269719093
41.788393936997764 50.221282644348804 -3.1363879790852534
40.79199821793463 50.20747614216488 -3.132512214076945
39.767649739446355 50.22338296428171 -3.1323247941859518
39.761463069700135 49.24664670898563 -1.5592562969280255
39.77663152089379 48.2329744584678 -1.563648553111836
39.782095329254524 47.224313613159204 -1.563176669633295
39.789755599179784 46.205388560443986 -1.5751664682164865
39.77352500613701 45.22919478423589 -1.5762151328882417
39.761520772544195 44.209304988310734 -1.5737561148249917
39.78074710002461 43.1987062688188 -1.5569883559850086
39.77041888768123 42.19953050305713 -1.5621301438409059
39.774785317864094 41.21154317454633 -1.5683866101795136
39.77089038350948 40.21759838225832 -1.5708128134947448
39.78332297171714 39.201080558828096 -1.5804020469232967
39.7824905460671 38.1877622635591 -1.5773854799454037
39.788668904620216 37.19161756615959 -1.572559285704701
39.8138510299824 36.20375094584994 -1.5681186334058916
39.79699820077828 35.18559995744381 -1.5716848347210768
39.81774874786058 34.18743496754613 -1.563525797737663
39.819665136923774 33.1704282175674 -1.5624690937712384
39.80545210884082 32.1806681896423 -1.5669120607575835
39.807114352469576 31.18929391279075 -1.560341825334187
39.825795858705035 30.17491705536213 -1.5614559907988126
39.82382141595379 29.169211777068544 -1.5703577752244107
39.82379595802765 28.17568384460954 -1.5765953719077224
39.84058028390244 27.1855132853003 -1.5611083318004808
39.85589819992742 26.186814338147883 -1.5618249396820532
39.86310349693605 25.178564762071165 -1.561450881183147
39.875157071737824 24.164742824866117 -1.5565119588232192
39.876976051052786 23.173807422883197 -1.564148742727094
39.89390148615802 22.16672161535914 -1.5590244244367182
39.90714480294576 21.166751384872434 -1.560096911584506
39.90772971028688 20.183406798034245 -1.5568871023830995
39.91608628764788 19.18064997164389 -1.5620412038281453
39.90197781571635 18.182808656688703 -1.5603401112647572
39.9233246537583 17.139686101730092 -1.549431288978288
39.92816937843795 16.156894477438023 -1.5496811777403918
39.93687106820429 15.171068639886219 -1.5552735202809176
39.94457894571336 14.16804928838877 -1.5594480427863942
39.946863911060674 13.15959275632951 -1.5639875140339787
39.95126161250394 12.15774466161456 -1.565689986018226
39.96275303047742 11.171267574290086 -1.563806335785282
39.96936181546376 10.189659779671022 -1.5616463938812881
39.98307812165166 9.158512955879278 -1.560647234749616
39.9784803063362 8.147794418628123 -1.5635654910433432
39.98600934427487 7.15382909217628 -1.5706714913056816
39.985875066836 6.144280177516832 -1.5684244574395019
39.970582642851674 5.13597358004207 -1.5703806491900996
39.980331804286195 4.150781080217222 -1.5647333110429007
39.98310325022064 3.1561836734974706 -1.5676063416103894
39.982826571912035 2.1522091172369664 -1.5753119647891
40.012249139128166 1.1338620084876476 -1.564216483343861
40.01405821095267 0.1629637420133956 -1.5551942067188753
39.99861507969629 -0.8463432711817733 -1.5717491417616405
40.00462124959594 -1.8447910956205424 -1.5741664307099847
40.02512555538553 -2.8050092457349085 -1.5710414039540166
40.01358219188522 -3.8051135864304184 -1.5797167136032735
40.02328062704532 -4.822682248840796 -1.5650215234154357
39.06348893602366 -4.8136369658328295 -3.1407860338542792
38.04890866178548 -4.764447195187545 3.1403576456567213
37.0382457665644 -4.80592312383814 3.1406730597107986
36.04973968488742 -4.811973895388527 -3.1361915823667075
35.049598357462266 -4.80631614133486 -3.133381766783505
34.05577377701719 -4.831170765249879 3.136357414350954
33.04832214020549 -4.8209205624174585 3.134481117860501
32.067960086120934 -4.79441522139375 3.1355909189555384
31.05142653549267 -4.777049975119491 3.139311404574218
30.03579120815243 -4.8034581886892544 -3.1268648018746723
29.021137479095135 -4.8227397119919555 -3.126432641021628
27.980677593401552 -4.825886254901336 -3.130183774940979
26.999989940837867 -4.866342174377974 -3.129111918525686
26.021901798767338 -4.890408230042348 -3.1325464279576876
25.02446037959202 -4.889313456843853 -3.1373492033310235
24.015644122963433 -4.90406850125711 -3.1372356164182533
23.00951409591464 -4.895327843508436 -3.135464382373227
22.025657154132112 -4.894521823487522 -3.1336375102976315
21.029030711481546 -4.887384249561844 -3.1337715522390166
20.025368561234004 -4.89118878261888 -3.137592224890276
19.021089213743146 -4.904966973383318 -3.1299861456832785
18.029226445859262 -4.9059152643421795 -3.132981309550103
17.03394977824626 -4.916526343864927 -3.127843560450517
16.030031041625822 -4.915074732412004 -3.1180258291641145
15.02391581081187 -4.91463608409429 -3.1206543327468452
14.02014333646708 -4.9429222643144115 -3.1256230216232748
13.020467306595599 -4.928679257138243 -3.140894912900895
12.010677316904014 -4.954103535524741 -3.1341634194691204
11.005116431370881 -4.949047443245894 -3.138560640847304
9.991417530640476 -4.954415066504872 -3.137188583344218
8.977962423197656 -4.950582705947732 -3.1390636713133016
7.995327656808691 -4.9575263562835 -3.1371117548892387
6.982431072556151 -4.941587453454142 -3.127895763176259
5.994445814890807 -4.979195881194062 -3.136481963565117
5.002925227067217 -4.986372633216655 3.135813369785705
4.004801552225986 -4.986192957140968 3.1371530975839814
3.0159383549600007 -4.965801760491398 -3.1292086225399123
2.032103838976292 -4.982539867477345 -3.134383394364514
1.018310223672347 -4.993497875535389 -3.138135994010686
0.019830002405749482 -4.996411975036257 3.135900014948249
-0.9812219267578529 -4.983929987163288 -3.1320737997515846
-1.9856899519202673 -4.996094221815537 -3.136110166890333
-2.9835429600720436 -4.9893909467999356 -3.127924293822689
-3.999972457039001 -4.9996722329310295 -3.134985051329629
-4.989696612680024 -5.021236281527833 -3.139321936221462
-5.996870619970223 -5.012658675990323 -3.138535160615377
-7.004004404443563 -5.02576296554583 -3.1320557809281473
-8.003887343284427 -5.023754786393737 -3.1384659288018915
-8.989218790701983 -5.041589282173187 3.1384633992351647
-9.961190685617435 -5.041492738448522 -3.1314292348459003
-10.956037388397782 -5.051323901534597 -3.127700185755128
-11.93392856455838 -5.052926534320509 -3.122570552583584
-12.951354468241886 -5.059962348745018 -3.129174507786299
-13.95525785795228 -5.069682753623193 -3.132744572182109
-14.96003192719492 -5.057648488457184 -3.1271107233964655
-15.955243065809478 -5.092626777353189 -3.1218210024863886
-16.977923959751873 -5.13129118146105 -3.124161586105468
-17.98389461149191 -5.128264924278582 3.1332559378350653
-18.97539636013118 -5.116500859783627 -3.1320393848092447
-19.964043236881743 -5.110884711508529 -3.1298393308568007
-20.97747606009088 -5.125322459806181 -3.1265430106245966
-21.95768334723857 -5.106277966740963 -3.134866285218635
-22.948673844307194 -5.123546680365158 -3.134899311800603
-23.94844839535922 -5.1549147541159055 3.141071780096555
-24.952404702019944 -5.153993789483596 -3.135764493371819
-25.95153395054834 -5.142497719133127 -3.1380594600779363
-26.957852680739624 -5.159578196312051 -3.136783223999927
-27.95714668596691 -5.1560388377796125 -3.1271554644643906
-28.9594943817813 -5.150221110081656 -3.1315197669212615
-29.975319905096217 -5.1682013732877765 -3.1315961896995637
-30.966888123020368 -5.169902043741727 -3.133321315507721
-31.970557543918705 -5.19813611290347 -3.1297612749936405
-32.97693331646398 -5.194377639982028 -3.1340278367300134
-33.967104397521275 -5.1888535050480336 -3.1294804176787956
-34.98149833059487 -5.205245072852175 -3.1382962128694634
-35.98547116461023 -5.223141454437115 -3.1412163165437494
-36.977118269830314 -5.220549749508025 3.135003360421608
-38.00102750208312 -5.212779190136526 3.1412986689647555
-38.987358963110786 -5.208439129992225 -3.1379584466447206
-39.99916043403161 -5.204794401047029 -3.126923600694196
-40.998937326895934 -5.216695974412645 -3.134096964640352
-42.00958207977247 -5.250625500669082 -3.131165412908962
-43.02069126929915 -5.269608266330833 3.138881135889735
-44.01104985761646 -5.277439694097802 3.137054637932761
-45.01580310448283 -5.303746540540319 3.1405642651853296
-44.99014391951511 -6.2772387453646585 -1.5706367973078796
-44.99393306961463 -7.267354719125209 -1.5626411698981284
-44.95758677170842 -8.264838603558667 -1.5598310072667667
-44.95113365216415 -9.245977517837535 -1.5765191789283217
-44.944178772448616 -10.260293353266421 -1.5601650867063692
-44.93455451233203 -11.254077403069829 -1.5604131760266688
-44.937737544694635 -12.282748028854451 -1.565648562816829
-44.926152805904806 -13.262964439005511 -1.565551652419009
-44.919397964049026 -14.276731128654145 -1.5640633977690712
-44.91640828444977 -15.27188076760768 -1.562477841526941
-44.91799404354698 -16.274460771522595 -1.5679361493140758
-44.91983510116822 -17.261061625104833 -1.5652456293318278
-44.92685856011146 -18.26227376992607 -1.5542948379274724
-44.89753992979698 -19.256249834275202 -1.5718739967852338
-44.901733699187155 -20.25264986457101 -1.5609715527428047
-45.902097602912015 -20.271637280910475 -3.1370988024309447
-46.88270783774865 -20.28859685228684 -3.1394277477330195
-47.88327825046786 -20.282241491143697 -3.139527642255777
-48.87827688601613 -20.296697421490705 -3.135137241584409
-49.88453658011477 -20.295348806320437 3.1371281912617763
-49.89130621699035 -19.31368047458731 1.572512855018221
-49.86836872212049 -18.29335764279217 1.5896188271710139
-49.85779213892477 -17.308546927546324 1.5871452791277878
-49.864709015334846 -16.29161534294051 1.5874532561033592
-49.89430349071512 -15.292245164707158 1.5873586550469276
-49.916449978722945 -14.280472875344966 1.5765714058107074
-49.9202202375706 -13.279278422907687 1.58022796684038
-49.92913896743149 -12.271925266878025 1.5821881889240021
-49.956758490194076 -11.287125332787332 1.577973902449347
-49.948338604437645 -10.277640912098857 1.5821331833161245
-49.95292881871358 -9.268417023570217 1.580710778679734
-49.93316204798412 -8.261511710378196 1.5907807325615775
-49.97857497165193 -7.29740087722374 1.5653687724566403
-50.03374051745115 -6.333456363503163 1.5483483392959256
-50.01719513903215 -5.265763633905982 1.5832806218285154
-49.029543604191694 -5.2848524274282145 -0.0062037056502903766
-48.00925263206316 -5.300063400724606 -0.0014060944896084747
-47.01784098248756 -5.310594021645766 0.008118242011960748
-46.01339897927815 -5.2685326128609695 0.010527610390497596
-45.03168719549808 -5.279357198869059 -0.0022190064280065433
-45.002960090475526 -6.281830599211106 -1.5659727344121475
-44.98721796923474 -7.253422043282177 -1.5557197171354107
-44.97636467217118 -8.24864286692926 -1.561395309581902
-44.94486360767957 -9.260952720507055 -1.567033697326943
-44.945013530359105 -10.256894585592075 -1.567625072422809
-44.94706541058453 -11.257587212556908 -1.567376966248666
-44.93763174133265 -12.259225721022169 -1.568060704591686
-44.929206482952104 -13.265667513784718 -1.5622846294328494
-44.91341464818732 -14.262421120254995 -1.5680428661548724
-44.93763991504137 -15.270407559793176 -1.5707207038352435
-44.90008362375479 -16.26488741872067 -1.561444317673123
-44.91465138826284 -17.25320481909472 -1.560848044179256
-44.90382560994698 -18.2482047592276 -1.5618681078605272
-44.90618713209433 -19.254681104725236 -1.5675805191294487
-44.903786889988396 -20.2466366326624 -1.5629468670531386
-44.89087189534112 -21.244150620443104 -1.5666771444044114
-44.882148464534055 -22.245943997473088 -1.5699816221654885
-44.8813095168484 -23.261763446152248 -1.5590712602915193
-44.90435999008805 -24.236597459770415 -1.5541420295624089
-44.86834360799516 -25.24666655941078 -1.5540165033599116
-44.84565091927087 -26.236189021093114 -1.540476318605696
-44.8363843734415 -27.24602323083038 -1.5487255711778019
-44.83714211480054 -28.253008132970688 -1.5581027687961002
-44.807060051506376 -29.222764816278993 -1.5646778227353735
-44.77918443987579 -30.233183252241997 -1.5630063651061963
-44.77959220563009 -31.24951772630282 -1.5608661884173425
-44.761234962283034 -32.23085524941168 -1.561922668676219
-44.75868899844345 -33.248470466487575 -1.5639944662555205
-44.76706534525953 -34.247225934442895 -1.5653033282578177
-44.76778403750494 -35.25155904374175 -1.563764587885724
-44.745570852777384 -36.25137087360279 -1.560832648104301
-44.75275059620795 -37.2388591653387 -1.5654267121063443
-44.73030365280249 -38.25385667988776 -1.5666824770470968
-44.71347825023868 -39.25815670392239 -1.5744622203652192
-44.72806714027758 -40.24616206753201 -1.5735622624974936
-43.74705438110333 -40.22701033518157 0.009277620051885647
-42.757502793698485 -40.224151686009186 0.012279224894199
-41.7801152062807 -40.21532846641528 0.0017999389843683235
-40.749891474723334 -40.231399271997255 0.009251750305842197
-39.75915048985124 -40.211000976589546 0.001209228872283132
-38.73304879688844 -40.22720586511986 0.00031120791994608673
-37.76428454047281 -40.234894061076645 -0.0010519272243985607
-36.76213531334443 -40.210923356331406 -0.00036772176513144794
-35.76411063155501 -40.21476072942344 0.007489498318561424
-34.758816426954496 -40.21480543585757 0.017044461712613753
-33.75917661720562 -40.204184357209904 0.01667099622610244
-32.77761440007933 -40.20413732973506 0.005140075362307242
-31.767551647819655 -40.18878257109026 -0.0005471264408930865
-30.74781637677378 -40.19033408328945 -0.011243989461146572
-29.76104162141513 -40.19475417560635 -0.012995754950893364
-28.740210597520964 -40.2223838482558 -0.019660533801511414
-27.72317146886487 -40.21867621455738 -0.009712604611192697
-26.713212637586537 -40.19413700086417 -0.009800675747725938
-25.71652908534272 -40.199760926499145 -0.0004720506667676944
-24.70806336053277 -40.18490658921188 0.0003724133140981238
-23.735918451838213 -40.19677757852184 -0.000778922918393531
-22.72711859008863 -40.17073558886054 -0.0037774076949367917
-21.73164681474543 -40.175581500553676 -0.0019796741085621283
-20.749072367676156 -40.150295234742416 0.0025524206986584762
-19.747634924658453 -40.11493194804175 0.0028935022009568333
-19.72116011314704 -39.11605895445021 1.5805331074472009
-19.72651702031507 -38.14928012839424 1.5793676140209176
-19.716446265554232 -37.16228418223183 1.5795139285310327
-19.726880128795724 -36.14914128537801 1.582099281367499
-19.72274444435804 -35.14016080219454 1.5759176682175624
-19.735251206492286 -34.14469775689803 1.5707256456198047
-19.71182982189515 -33.12085387971736 1.5739812651549518
-19.694445132046194 -32.12675351157253 1.5825382576901623
-19.717960242693245 -31.144830805848834 1.579409937060477
-19.7194596060899 -30.140305891568698 1.5806019350186273
-19.74002330088723 -29.15708872189082 1.5747707601781833
-19.752685443172876 -28.16422354794082 1.5836874202853604
-19.78102569215809 -27.150738674700943 1.5870629541378942
-19.793215605938872 -26.140575661742982 1.5896480288311146
-19.801743248048663 -25.132482120037213 1.5868004470764459
-19.821602900411623 -24.12070697448912 1.5813376115218816
-19.812769547295964 -23.118058527476933 1.5826769242289116
-19.81535314394201 -22.110263823308323 1.5885186526967816
-19.83788946698981 -21.108519317863855 1.5831445578209828
-19.86908282953923 -20.105285802913457 1.573845766093741
-20.872647606789577 -20.106289933513764 -3.1382382124258776
-21.884755205657996 -20.118904506710596 -3.1296062120571557
-22.864580529249626 -20.111179259903103 -3.1312088712757875
-23.872302251737985 -20.12061849243067 -3.1407793582863444
-24.870741868692516 -20.140848779793465 -3.1248470584061994
-25.878092672605554 -20.14628272684725 -3.1282532888080397
-26.888215365260315 -20.135995638255263 -3.134021453808762
-27.892719723411815 -20.178968038308735 -3.133214004962257
-28.88580752539787 -20.18020787124127 -3.133531611564157
-29.8845514406964 -20.20748351974654 -3.1312144700875213
-30.855657609040584 -20.21559071713483 -3.1291670110673966
-31.87778385903674 -20.23394367851354 -3.1325323006021093
-32.88619065362232 -20.205927279491927 -3.140159961493873
-33.877350862399716 -20.227447787347057 -3.134425907582758
-34.887779940821225 -20.209788249227596 -3.1335149000976923
-34.856766082446285 -21.232317492406597 -1.5662294387644105
-34.8580303200679 -22.220218161392463 -1.5678694132424282
-34.873940693337204 -23.245379255979408 -1.548913958862872
-34.839253073009544 -24.24087058974453 -1.560567713193851
-34.80926800171338 -25.219787093767042 -1.5620842201660652
-34.808584739950064 -26.212193633299965 -1.5645612949704866
-34.807155981365426 -27.197610805289667 -1.5801700271581762
-34.783668142428056 -28.20334787579639 -1.5774166574695645
-34.783369595579146 -29.20099291708679 -1.570390601270168
-34.79126939489749 -30.2046050050478 -1.5620999168251966
-34.790788746379135 -31.179228900353774 -1.5802453434612838
-34.78426795863397 -32.21079014994064 -1.5731258176875462
-34.774952968048446 -33.21450492052641 -1.5719566885272551
-34.762568554628935 -34.22021488279306 -1.5600995734238032
-34.76019195500377 -35.211793597497405 -1.5694637988245657
-34.78005567548546 -36.20178731523728 -1.5707254039793497
-34.775575364351184 -37.20097222800815 -1.5702843498654078
-34.78427653297179 -38.18977211081126 -1.5786743085629473
-34.78047908987627 -39.17214662012208 -1.5678450215231967
-34.76438765930826 -40.19350624372992 -1.555442930621867
-34.752615149485024 -41.18428290483658 -1.5607339781016212
-34.743059675296365 -42.174452779155615 -1.5659472942597235
-34.72574556329328 -43.174806814409386 -1.5639505213261982
-34.70316752575666 -44.18250740526581 -1.5655639780456978
-34.72099181498032 -45.1733062196473 -1.5594018736365454
-34.70750544339638 -46.17454774701973 -1.5618179956540708
-34.718308457213396 -47.18960531623154 -1.5567233834851253
-34.7215199592471 -48.200533779109655 -1.5618586526896572
-34.72369762617205 -49.21060127021888 -1.555224145811704
-34.70158155320794 -50.20028045022078 -1.569199767367172
-35.71448277133122 -50.20551820020733 3.140167871939512
-36.709686643953845 -50.19936107898775 -3.126572050772846
-37.706829178419746 -50.20258629702634 -3.129501467719605
-38.702560778961164 -50.21627223943213 -3.1314684530395525
-39.70512773372509 -50.203335078223624 -3.1316178493741575
-39.71710946735262 -49.20954285314016 1.592045235321014
-39.71913959566552 -48.21319884105134 1.5718883271705657
-39.728425577475214 -47.2279345150921 1.575381614643571
-39.71033718692056 -46.21377920695528 1.5771632788090717
-39.72220403338168 -45.22396382729818 1.5832481851167215
-38.73048935347085 -45.21419261882869 0.00021294494321388253
-37.746926533863096 -45.20661005026608 0.007161584315161011
-36.72019947655802 -45.20198678966452 0.007001474115951792
-35.726148298701304 -45.17756077408297 0.015412783126171403
-34.724839296776665 -45.17204699177353 0.004982154555117155
-33.7339191761859 -45.15691104658305 0.00440956129842991
-32.739030918679546 -45.155606134798305 0.00046276904542139394
-31.730595185628946 -45.1498143214051 -0.010579712394569658
-30.718106895431774 -45.16458143041972 -0.0052601968025438196
-29.711237904110725 -45.18094131057179 -0.0019469742562932865
-28.718465777197334 -45.163868781424824 -0.0044593958269852655
-27.729768191796644 -45.15880291970947 0.002769164667546332
-26.72818157585888 -45.17932179019567 0.016506507317431945
-25.720113864244535 -45.15277783677388 -0.0012344553294078512
-24.721119672582383 -45.14467000688486 -0.013600812654809181
-23.73001725084694 -45.136752978302134 -0.006233036265177355
-22.72302699726355 -45.161963294033846 -0.004098131961466559
-21.692196051725876 -45.17258218561192 -0.009353320788448631
-20.70182061266205 -45.1705083357164 -0.0041509040396984385
-19.713993647526223 -45.149379037436994 -0.004426608475825663
-18.696785563755583 -45.155274764291924 -0.01138953096050025
-17.725400460591842 -45.14229389806254 -0.004918297785762594
-16.736695246966658 -45.147096025298566 -8.697514500049294e-05
-15.731178033804165 -45.12730180700983 -0.0011148244666345068
-14.73138425158135 -45.11698578919444 0.00869440380456593
-13.716861772169487 -45.097614379317186 0.011120717555927263
-12.717197613754681 -45.08051080269459 0.010492568678877188
-11.717549114598235 -45.07796587775634 0.012125978463166478
-10.699975958141835 -45.054086125267176 0.0056412832364073455
-9.702552942458935 -45.039659784169146 0.0010674331098241118
-9.710862373728652 -44.05181526008241 1.5761925088530464
-9.730668796475424 -43.05892487940283 1.5766972269594393
-9.714048223354244 -42.059190119228624 1.5745022540992804
-9.733988756380146 -41.04853719430473 1.576216625621867
-9.740242965886708 -40.060738469924146 1.582839291214974
-9.720964784927823 -39.05439341600164 1.5836426799254877
-9.744877499833724 -38.06530565067484 1.570829750666971
-9.747557513054687 -37.05987658011477 1.574322027750663
-9.743494339701801 -36.07241850376698 1.5787303865341187
-9.742397632780213 -35.07745434051706 1.5852675454681089
-9.769899678967606 -34.06512413703273 1.5717415962221923
-9.768076751151714 -33.07538397535606 1.5763459144087095
-9.77516650144305 -32.05290396655098 1.5817045480229104
-9.76717538981569 -31.04530727729165 1.5819273019839084
-9.790331904943011 -30.063942508479155 1.5871379823930276
-9.812721470622616 -29.06410351119236 1.5754525291057446
-9.846241211680177 -28.056635803432187 1.5813049793233436
-9.83974789797109 -27.048127114634486 1.5648664151939986
-9.808289866523134 -26.07353218070319 1.569498161723325
-9.798682967558678 -25.051423954096283 1.5645645865848121
-9.820436707250778 -24.058686157508372 1.5766451700104416
-9.833578317762656 -23.07688972995738 1.5715249278331842
-9.79553130321063 -22.06030508767029 1.566827841727032
-9.835035159416138 -21.05242503380413 1.575083263787007
-9.852540133728453 -20.06378704243585 1.5763355421871927
-9.856539057256409 -19.073891086499238 1.5829332110919385
-9.86938724813737 -18.053101145122234 1.5790285990732056
-9.87087504525146 -17.059343860539872 1.575588942631339
-9.88594934958502 -16.054708813887654 1.579581833022584
-9.88793527594635 -15.05426619413088 1.5824044152435515
-9.906754464677473 -14.063138713244461 1.5827962458816809
-9.896471863268713 -13.059592302093048 1.5655298623611822
-9.887454041810706 -12.056685152317087 1.566687154515891
-9.88900474972047 -11.0286656212726 1.5691216133191541
-9.873810007615264 -10.020835706466432 1.570712772038447
-9.88254214850404 -9.048739214358614 1.5620133253531994
-9.892142769856187 -8.040258086770608 1.5729077963670546
-9.917633863289339 -7.042414623776432 1.580557456886605
-9.95452366823106 -6.045019906484731 1.5731623247422237
-9.984827084031185 -5.022311582459793 1.5799170186030569
-9.98886931855281 -4.02851952555887 1.5696942920032206
-9.992279541145262 -3.021602798992556 1.5809996574729575
-10.002386904215586 -2.0368004634192323 1.582087534782185
-10.011051091794762 -1.0503969264801185 1.5837296392047295
-10.007451699604257 -0.04688480132586052 1.5789575165096574
-10.034475990418185 0.947428828093518 1.5844883516498327
-10.036527793265996 1.9344463147736464 1.5871271846207038
-10.032526280213276 2.9242753393456176 1.5819728642877835
-10.049514787647254 3.9344032839872622 1.564320736414882
-10.054311699085414 4.933283850271195 1.5685855009683243
-10.057454484748433 5.923100225056974 1.5629376824956127
-10.043764489927995 6.91017112814399 1.5703761556083582
-10.052425768424497 7.908076392179079 1.5774220685029563
-10.042451005557286 8.92249773781614 1.5812092019126542
-10.055420601683512 9.937996938623469 1.5859232439444295
-10.094088794622492 10.944773043204636 1.5766878236155009
-10.064707498156777 11.925690251808536 1.5824979100811105
-10.057824147182162 12.926060065252987 1.576002282562428
-10.082596922511048 13.936935037051157 1.574250401159473
-10.05107589117365 14.9366633521669 1.569563304384483
-10.065961531125955 15.94777687233063 1.5818571562402133
-10.090568457797936 16.94280269717374 1.568488166000133
-10.09046054716755 17.92453827432321 1.5711849625947452
-10.085153672016883 18.911694725153747 1.5738472321942638
-10.090679053142622 19.93392088082487 1.5681484864586877
-9.075916143734759 19.943082998745044 -0.0014549512259274477
-8.086850231486048 19.90752387520951 0.0011129910960133763
-7.108637776154545 19.915203194085354 0.004413310887183463
-6.100434642617399 19.914830568385 0.006035609164993904
-5.102368354480789 19.94074510397729 0.009723874194694074
-4.106886643492326 19.957948542712334 0.004202839863565121
-3.0846788863652055 19.942277423797545 0.014797392352118879
-2.111189217297643 19.961878731481573 0.011059244396623567
-1.1282702066177135 19.987438427595706 0.006667615577708777
-0.11176447442867053 20.011023859033624 0.01414486186791809
0.8818349120397069 20.02128557444937 0.010885701737186641
1.8478729462826144 20.01475404027266 -0.000799756398163521
2.8687655317100305 20.002830650476877 0.00616988594160277
3.8834455312312395 20.00534600595477 -0.005869536609231896
4.884518993525166 19.995206186159443 -0.008601336777564368
4.8766493769213435 18.980195914402582 -1.5671422597490605
4.901687407248798 18.004466101228484 -1.5678825947434007
4.890426838125951 16.996854421461787 -1.5724720549482174
4.903925184206037 16.005370552700406 -1.567467684195434
4.902556167284157 15.012074288121559 -1.5652689936232542
4.902351963465458 14.019076367420992 -1.5587285256974397
4.879558850599409 13.01787299636096 -1.5671859458896713
4.889496519361938 12.028286826287138 -1.5632490249099078
4.9107292515511745 11.026598206999344 -1.5714033321596779
4.90679539078292 10.037197817211318 -1.577414023888867
3.913165649819212 10.033744380348397 -3.139077210616107
2.9083272032529774 10.009446288607693 -3.137068416374382
1.8980354181269394 9.994098751750059 -3.119887587014626
0.9089025811374053 9.978694207131971 -3.13624702569751
-0.04505961023249807 9.946737595642674 3.1392968594130544
-1.0688149063439762 9.936428891677917 3.138188045025035
-2.086827774452927 9.936637032961551 -3.1384213793078026
-3.096672596260588 9.93441200473874 3.125406464945017
-4.088966243668341 9.95696765723797 -3.136083179218299
-5.08849849934441 9.948256546017523 -3.1334895127224125
-6.076272734714754 9.942609712453525 -3.13593208798308
-7.072777973688263 9.930962917249099 -3.1375734738738412
-8.07439480560542 9.914067468883072 3.1392529830332316
-9.0719182616474 9.937624607079034 -3.1355872312702378
-10.047286036240607 9.929704987677244 -3.1230591457214287
-11.057981449520051 9.93667539086175 -3.1379852544412588
-12.037732910450803 9.891591959415074 -3.131476022459007
-13.048362747406289 9.888939572412314 3.1334688124419876
-14.043412622743572 9.913867857511537 -3.14070254034239
-15.063940438138564 9.932160469749812 -3.1258832236743794
-16.042277558769616 9.921598750666284 -3.132945158470847
-17.03469190578803 9.945878144787448 -3.117837337949212
-18.024776996625782 9.919707665422157 -3.1225689615941605
-19.03285542783875 9.909823563947876 -3.140097162232887
-20.035973956520593 9.874829959184353 -3.132506899286313
-21.032299792568708 9.892270571831848 -3.1290641643177493
-22.04613796304416 9.860554780768917 3.137534384039037
-23.064437367397225 9.846820494289496 3.1386319037619566
-24.079128186707578 9.819625054485668 -3.128340106872151
-25.08288592811484 9.816402859913929 3.1372559660131154
-26.0770730850489 9.83280152387268 -3.1395296975732863
-27.078309431635365 9.849072856713201 3.1385467326069048
-28.05643171138588 9.826565838898212 -3.129324047219623
-29.080485468144442 9.81887430489544 -3.1011576922742243
-30.11474568296667 9.79507095685173 -3.1036673897723874
-31.093832610743924 9.7262156549777 -3.1002349624375967
-32.09466158713229 9.713769257435006 -3.1306128988907265
-33.090540209981 9.745371573765217 -3.138191031125354
-34.08374182012748 9.733680154848814 -3.1404453277259097
-35.06845429462495 9.726639697509123 3.137456008784222
-35.07857561226403 10.707336544369634 1.5678579843766565
-35.07597072392803 11.720655287791807 1.5743802197489922
-35.117150977853704 12.767118821470815 1.5687825943023839
-35.11948755809541 13.759617772922418 1.5669028696004854
-35.11038672849182 14.738985491991425 1.5753026360825433
-35.1177543219019 15.74790830403216 1.5650828351412043
-35.12619415444171 16.741429389654265 1.5661762903398044
-35.11946991646755 17.732276329124073 1.5757568021774266
-35.10642118939042 18.73593054754483 1.5804490639700914
-35.120890977777385 19.736551609889524 1.5715377942398068
-35.12999001171438 20.748884499387675 1.575694088085107
-35.155120838283715 21.7515232297344 1.581708773061897
-35.15141273534397 22.74953897447967 1.5808458206481495
-35.15014833789633 23.792042036277508 1.578956579360809
-35.16863579367419 24.779357345379655 1.5668541461782197
-35.16570532646244 25.742635066389678 1.5726917948026762
-35.17332214881666 26.76784904867885 1.5756822909572852
-35.172854004321465 27.765411558546695 1.5720763255328039
-35.170131753975376 28.78962404307846 1.5803213986022333
-35.177429030142896 29.779761443672353 1.5782772162451841
-35.189796098857144 30.76887902934117 1.5660672828587598
-35.208030574774604 31.771646938946382 1.5751374366485902
-35.22509612349371 32.78920145643611 1.5831590036963532
-35.248634595587795 33.783628723645556 1.5719258126148885
-35.239778530471646 34.78827180134889 1.5838140626016224
-35.23752408251887 35.793428014209475 1.5970227483936053
-35.22109669336344 36.74892620740673 1.5914821608964644
-35.25158439409591 37.74105152293083 1.5739453575937288
-35.26376042276484 38.74303718159981 1.571962474761705
-35.27309255985716 39.73296042200161 1.5633670733464287
-35.27111762550755 40.738535055055536 1.5645230368304717
-35.27044242951394 41.74564841182476 1.5722962999746022
-35.25273617140065 42.73851843558276 1.5640568275762998
-35.24906735247043 43.7530128143334 1.5648495584554982
-35.231155194864996 44.76226456774339 1.5668500015205336
-36.2352129354885 44.75055770842308 -3.1415318653518614
-37.23736978672573 44.74878183178136 -3.130556162294595
-38.25991007317835 44.75465036305051 -3.133550982255463
-39.26072175815375 44.74293146277481 -3.1324708476052288
-40.26262641960162 44.72064436209612 -3.132372166339827
-41.257580875587614 44.70608629623746 -3.1371312053539553
-42.24033383220239 44.71476861494976 -3.1411096583338396
-43.251619337281724 44.730576638820565 3.131826652560859
-44.25220363041439 44.7307159875825 3.138280429843997
-45.25308708823885 44.72297511519122 3.139935728392773
-46.24917304314574 44.7220111897646 -3.1377414852485455
-47.252585436729206 44.70947116624394 -3.141356830431129
-48.22594332870225 44.72098728004492 -3.140359056663859
-49.23304681593965 44.71225899002693 3.139738878466109
-50.25294396405365 44.725473403133186 -3.140815444099979
-50.249539295852166 43.7208676741252 -1.5707907997203807
-50.23903330435736 42.70496141739025 -1.5647574556956818
-50.23821076990464 41.69722712221618 -1.5577297388572617
-50.219124110726064 40.70421063903651 -1.5662932766056308
-50.21580549910852 39.713256350618394 -1.566284371197864
-50.211890733481646 38.71443750462045 -1.5709758982252517
-50.217818542148564 37.69497436496085 -1.56681634200726
-50.2204902890176 36.68757495237364 -1.5679306987100503
-50.21268142366998 35.695440656516226 -1.5628953934609089
-50.195935701039595 34.69379727091809 -1.5667462094568592
-50.17766827425452 33.712640709881896 -1.5730293038854124
-50.21189430872121 32.70417590026179 -1.5639036242972018
-50.172247791979366 31.709715308333397 -1.564599407209134
-50.179577218284614 30.70353524095983 -1.5635913146588503
-50.20343280427406 29.7235546099298 -1.5734683050191687
-50.18502602524117 28.713011070344162 -1.5582658006792198
-50.17583824498944 27.72038315413458 -1.5696794021232892
-50.1575133262838 26.712571366783166 -1.5620213144985362
-50.14665632655478 25.715492704482966 -1.5740889009162182
-50.14229609901989 24.725503293739337 -1.567782802851674
-50.14071904778037 23.729851230610237 -1.5735180588833804
-50.122130917942734 22.724593088352606 -1.5737906771263697
-50.13868273572845 21.730385615655315 -1.5712149304953766
-50.13310220919996 20.7111276483817 -1.5740950068854078
-50.11394293414064 19.70401886678664 -1.571981403812303
-50.133484000178406 18.701255213640103 -1.574002343811818
-50.130080145460056 17.7045313216311 -1.5732460298279274
-50.11125039545043 16.68780767445701 -1.5600503685123759
-50.099621312817526 15.687102762330552 -1.5598833674952266
-50.08282799390071 14.686175080234895 -1.5516082802696025
-50.08495678943947 13.697150524698918 -1.5556551327905475
-50.05035123224194 12.700821848651145 -1.560594044063552
-50.05292270122838 11.70777715315564 -1.5678412391488772
-50.029814321067526 10.699123378455427 -1.5582555013812271
-50.028542635925525 9.698047847944462 -1.5663767079801405
-50.018546670032876 8.700134390013714 -1.5726753860242348
-50.026300833725074 7.700384147634255 -1.566152004356448
-50.006027620166876 6.723932711595347 -1.5676744318547056
-49.99371538671756 5.6984160406867606 -1.5697691016152073
-49.987284677472715 4.701612597325711 -1.5693509260093086
-50.00918441667382 3.6945262449679266 -1.5621621817887674
-49.98747831685158 2.703154172139224 -1.5704920456111127
-50.0010224244637 1.6978725167176696 -1.5695677317870513
-49.98345586647179 0.7125576049310242 -1.5677360615461566
-49.98717152668849 -0.27449643177659877 -1.5772367108628307
-49.996943320062606 -1.2793358854346175 -1.5707963297665142
-49.99665631663 -2.2889740045267 -1.5777946020964366
-49.99348211650191 -3.288707306586715 -1.575105773053416
-49.98661002828435 -4.296370731934125 -1.582431119984652
-49.97341142135654 -5.280011411926453 -1.565833399100697
-49.98392070645695 -6.2673491747122805 -1.545242618788025
-49.99038877213041 -7.283783182937191 -1.5608071134214159
-49.96922743161444 -8.306933215241097 -1.5748687338690541
-49.94839091620804 -9.278425202969247 -1.5666574879997766
-49.939740955269 -10.27659117132324 -1.5615608340611329
-48.93545406853593 -10.261312593316251 0.003606368015724357
-47.942375724936014 -10.258860808050555 0.012489564101416396
-46.955366815695285 -10.271329968539858 0.006885037151948235
-45.94971042379008 -10.251244904906297 0.0036618738254042887
-44.97707017591358 -10.244492542799918 0.002747304091617794
-43.977938019963204 -10.236178046562715 -0.0032641644400819006
-42.953963038966066 -10.26615940001634 -0.012630277861866374
-41.9567181762704 -10.221614782926652 -0.0064784649342583414
-40.95537549180521 -10.215022432790994 -0.0008883620520229221
-39.9485929989245 -10.202063787156227 0.00805862115735883
-39.967496146179585 -9.21958037263468 1.5821967033253101
-39.96863009697699 -8.242322353164457 1.5822622004401798
-39.97246521751607 -7.218178790868511 1.5869403414890142
-39.97775919890608 -6.204475301016666 1.5759182025315026
-40.00544896453297 -5.222889690639865 1.5770934773373513
-39.99525432699274 -4.236005475123403 1.5822243164994787
-40.00826579047379 -3.238827670901942 1.5793287867368513
-39.9985451379871 -2.2219832264274637 1.5803349988916404
-40.008202970865824 -1.2293178348899994 1.5732439480554032
-40.024201648890866 -0.25162001989525823 1.5766850884279666
-40.048019249214036 0.7685972823772159 1.5704100702288846
-40.044168178053916 1.784187812463191 1.579174851169667
-40.05230840736621 2.7671072145550495 1.5782396043636844
-40.05178655395848 3.7569208720295166 1.5688528871582872
-40.046219228190076 4.7592154336919315 1.5811913076914177
-40.06634891908618 5.775461304967778 1.5845093566957245
-40.072048957711544 6.771278554288772 1.5752925795491852
-40.07532744844253 7.76242427099029 1.5703988275505345
-40.08091540781926 8.745963355285806 1.5786754551973958
-40.119598070725026 9.742115263656551 1.5843472718850102
-40.127493038379455 10.74263942241225 1.583013119095919
-40.12608067963623 11.744329508673173 1.5729853969825407
-40.10251384539193 12.757182147316833 1.577596065285154
-40.11996855875557 13.737115315265282 1.578993765295243
-40.11848108803555 14.735711618270601 1.5722485613632742
-40.10091082527798 15.750532038583534 1.5762434136030425
-40.07789582825311 16.737839054421716 1.5616241966456903
-40.06837150994948 17.731611116622176 1.5571600444443816
-40.095184281674854 18.731737324684506 1.5659901059877335
-40.130122065487456 19.7391491919197 1.5749968188290935
-40.12161115866615 20.72088400597232 1.5844652262991599
-40.12657646884199 21.710829338518884 1.5737745004298653
-40.10739300889757 22.717192905475347 1.5828773395162146
-40.12608104066885 23.718510581505146 1.5915915844536264
-40.150005144453104 24.74385696503377 1.5847694062259166
-40.16771287549761 25.743690777159188 1.573227111658312
-40.191395580140195 26.758696179435347 1.5666404389215094
-40.178971649225865 27.754171430626997 1.5768944673336756
-40.19923550927842 28.755592680131866 1.5744646291272926
-40.16453825206542 29.74774961732849 1.5834522359279226
-40.21049825691561 30.741397515740484 1.5788889449878971
-40.2491691816652 31.75032831229208 1.5758105699970355
-40.224395280792166 32.742331479485586 1.575165685158616
-40.23077848477664 33.74357936354455 1.5743887077623338
-40.21139373797039 34.74439706487591 1.5710047129458775
-39.21681050928941 34.736727627699445 0.005905177693712143
-38.22633244947441 34.764295858834835 0.009651353971031795
-37.24274641255676 34.77682784064967 0.01601355869101401
-36.25271115310226 34.78629261739518 0.017281838728960736
-35.24828345573015 34.78137300848053 0.009191584551792205
-35.228958091812906 33.78109196783658 -1.5582661684901342
-35.21040570006457 32.77077558946948 -1.5551196367998306
-35.205403910754804 31.78279793245306 -1.5643671250605908
-35.18751052335891 30.790366188287624 -1.5659280721388187
-35.19009823175563 29.769424685806687 -1.5596885227275645
-35.18194140676558 28.771166304739733 -1.5574281589717485
-35.160504987252075 27.77436846422696 -1.5637551629528061
-35.15556550559681 26.78286469781243 -1.5703778618139492
-35.16441995046286 25.76198042689218 -1.5695681781156012
-35.17747184983367 24.77915723108413 -1.5552181536349359
-35.179758926722165 23.76045697964613 -1.5564284861759172
-35.1674210728336 22.76468087212896 -1.545397242312188
-35.14850941978063 21.735373555104704 -1.5558147595099645
-35.140305520954534 20.746510206827814 -1.562562414428361
-35.11219198500446 19.777716527589398 -1.573086167523655
-35.1232370693879 18.76231152268481 -1.582899911477465
-35.133133422463814 17.78428018116263 -1.5737063296174203
-35.1109006371313 16.752303146212828 -1.5780042324215644
-35.132092930712425 15.74580932992818 -1.5647919911233483
-35.133241263640535 14.747612675750963 -1.5717914268624833
-35.136723438041685 13.727294546003863 -1.5639377955596103
-35.11956989707611 12.721697454780982 -1.552976618018842
-35.07063127764033 11.727994199953798 -1.564028569155419
-35.06235341285824 10.712044591879048 -1.572495867297052
-35.06924173414791 9.712384670630282 -1.5715558663518439
-35.089605760407544 8.702552541560777 -1.5817946910746363
-35.098169329115656 7.746354979277479 -1.572998181918648
-35.07708035646179 6.775123823957613 -1.5677466612114022
-35.05742833569599 5.781377947198276 -1.5663624276411392
-35.04681199327279 4.7875214024824535 -1.5731727204701247
-35.04299059040897 3.791684785225874 -1.5650634742886684
-35.057343011808676 2.7827976295293886 -1.562149748551753
-35.04327387128595 1.7590623024297412 -1.5765142337232494
-35.049679529484926 0.7854576376896618 -1.5632999935909944
-34.995863842807225 -0.2342880417241726 -1.5693158631312634
-35.02305867002239 -1.2210117581554492 -1.56132375371953
-34.996149126195654 -2.215496990107291 -1.5629797374471197
-34.98911406565315 -3.1960128092103215 -1.5598344382794953
-34.962781671025816 -4.212615740385684 -1.5708153455725256
-34.95948570862596 -5.190523145510186 -1.5684746229344118
-34.99213189507234 -6.200198358818561 -1.56566700057136
-34.97601612430486 -7.215386323093319 -1.5604340434497135
-34.959531183342584 -8.212717574719743 -1.5694761931205385
-34.9393076581483 -9.192894195327147 -1.5663884930710064
-34.930163160509835 -10.208774803310957 -1.5668135904389922
-35.91775729442996 -10.196471213475375 3.1409941837704185
-36.948671333365574 -10.191545673233916 -3.1287231037487233
-37.96097439325155 -10.208571573196144 -3.138203176032746
-38.94981607992434 -10.217112176149445 -3.133618775666028
-39.945022528253205 -10.212649264376244 -3.12959809692619
-40.9642866693386 -10.221199740855223 3.1410984030152664
-41.9493359915952 -10.18824146968063 -3.132621600134205
-42.960764013705564 -10.21840310264936 -3.130157939348999
-43.97911942133304 -10.23029144015083 -3.1248515783777195
-44.94599550677306 -10.235991756546877 -3.1319950343398557
-45.960186814728296 -10.261749123777971 -3.134315602037319
-46.932625105884185 -10.254186535901166 -3.127583898583171
-47.942078109329756 -10.270549937226512 -3.1316380419321903
-48.95303615697726 -10.263596935038636 -3.1358665285969427
-49.94550391320348 -10.285042222554516 -3.135475507002866
-49.929582577153674 -11.291496693799994 -1.563995950845656
-49.918592839745195 -12.289493849284469 -1.5633619752214685
-49.92671736288558 -13.281314548863168 -1.5717913263559793
-49.909252140556696 -14.295499001488437 -1.5652673684791407
-49.899721339358074 -15.287091969322535 -1.5580068792071164
-49.8762231756445 -16.291135878581123 -1.5594291734523862
-49.89090859932308 -17.31078079382447 -1.5674843262081701
-49.8796718080095 -18.30442541679386 -1.565585483868536
-49.88671723490123 -19.280140568794433 -1.5771389412202008
-49.86891444938696 -20.277896637595866 -1.5643805384699394
-49.862061926064776 -21.29861993690274 -1.555725610932616
-49.85663774616223 -22.319372030574485 -1.5647865523188234
-49.85726116734146 -23.28019916392089 -1.5627322852544607
-49.83587605415556 -24.282204663632985 -1.5615270709531315
-49.84084274345836 -25.284838015970355 -1.559751742666485
-49.84029794154162 -26.256048696528484 -1.5671152680258251
-49.821480876384655 -27.271123430146606 -1.5637609808867747
-49.815947307432836 -28.264399126209298 -1.5642954139525092
-49.80069365444494 -29.274749011658574 -1.5622107172466828
-49.80152442463537 -30.285473095056723 -1.5615428384293033
-49.78960488612001 -31.28615469588099 -1.560558959239891
-49.78838833881933 -32.28285023338937 -1.559833961412052
-49.78743374795621 -33.27449390435891 -1.5668175398165445
-49.77447524468233 -34.279230417842 -1.5710132184722254
-49.76549179566444 -35.273215880712364 -1.5584396359960753
-49.76695749336137 -36.2731927097312 -1.5622508155211619
-49.755634224507574 -37.28816137719844 -1.5622138320147785
-49.736716675654314 -38.27924804291522 -1.5669484705474344
-49.73887152724519 -39.286497774688016 -1.5604240529325346
-49.72670065622823 -40.267053702913195 -1.565524610893517
-49.722120600315804 -41.27973548474179 -1.565755582752053
-49.72104591373612 -42.27974035669567 -1.566719000754477
-49.71379229546248 -43.25549647867484 -1.5646782551297183
-49.71326814941256 -44.25384013863611 -1.5648763925778753
-49.70847870457863 -45.26464747553552 -1.5657252098872838
-49.71828509017619 -46.271089004541004 -1.5714654894147284
-49.70378138331789 -47.26229832063982 -1.5523198176458621
-49.70315940018876 -48.28460471563558 -1.5569619769518181
-49.70690867332097 -49.28944471734743 -1.5634944637786492
-49.71189773012589 -50.28832265600571 -1.565159553939906
-48.690877405346185 -50.29760608083299 0.011280746716578263
-47.70096761258554 -50.286323363101275 0.002981221617290067
-46.707884214318256 -50.272805343350534 0.0015877806398103208
-45.69023322528372 -50.25352187582583 -0.016198752567212652
-44.67707976275354 -50.25259584412838 0.0009848263922799243
-43.696288734391764 -50.23240806795907 0.005240821308754301
-42.6868745511811 -50.25591106049112 -0.0017661573326056312
-41.68885162231774 -50.239778924185124 -0.005228514138793385
-40.696463205603216 -50.23001611696755 0.0036219840512543722
-39.70429127171479 -50.233995571111244 0.010718018314967838
-38.7093320051539 -50.216048308080396 0.006858098587258912
-37.70178372138956 -50.194937395916526 0.010535099127863714
-36.68671630920206 -50.18745818082696 0.019038258645745917
-35.69327482526224 -50.198292691061 0.005165202228127632
-34.670623754954484 -50.15910118353209 -0.0004979219791239284
-33.70781684177343 -50.179706038518745 0.001249951454007776
-32.674738235823185 -50.18418154135357 0.009961650608867901
-31.6965992850093 -50.15478555505795 0.007197705303461021
-30.684193600120953 -50.15677685501781 0.003676239967736425
-29.698542338267046 -50.152710396134225 0.0005253964198004448
-28.69756804332907 -50.14377304697513 -0.0023596250437897047
-27.715561988644566 -50.15648868534246 0.007623875306898264
-26.721536036545242 -50.13547462346804 0.006727774978648246
-25.717277862456083 -50.12638604430209 0.0032734735650754593
-24.718310544045526 -50.14018217644208 0.001859075668594262
-23.713477923772903 -50.15863602988203 0.00029303928546757355
-22.71697509620572 -50.15110436196319 0.004450514820753235
-21.713501072396085 -50.152585834116714 0.00680063278132566
-20.70657300334764 -50.136533960808706 0.006711347397675818
-19.718403093418768 -50.12807563005255 0.010719915061194654
-18.726544745005473 -50.1170227409468 0.013156975525788296
-17.72523466085589 -50.109396857924715 0.02058554208797615
-16.721279936190108 -50.099783904266175 0.015951602613639766
-15.712541720502236 -50.11408607174753 0.008128985541750913
-14.705917359984596 -50.11962400107581 0.005346494353910407
-13.708507502670338 -50.0858561296854 0.008340760314985037
-12.71942675889008 -50.05844437558715 0.01416389242176745
-11.693286450578455 -50.067117965181126 0.0037240291040979913
-10.701892622531858 -50.050509395885896 0.006566736576928757
-9.66770747310795 -50.030170356861944 0.009284205513222411
-8.688821461734488 -50.02932388947665 0.004969000155884794
-7.688031320299274 -50.012349307313045 0.004098260734449018
-6.680222743540737 -50.01718471911883 0.013300725529652944
-5.702342048607812 -50.013956808203424 0.008711188336784635
-4.690336647318142 -50.00908510015969 0.00376048276856654
-3.6617738437810075 -50.001706607865195 0.0019310260677656962
-2.670556979717516 -49.97688189032192 0.011233082638736893
-1.679029735821789 -49.96764536751804 0.008657165555108091
-0.6716726070093607 -49.94543822001003 0.006127280049773319
0.31103705449724967 -49.97867200023297 -0.004548404450271833
0.33036712383884115 -50.97326118420834 -1.5692903617177703
0.3363147977791768 -51.97766181715309 -1.5634332646002123
0.36385107814850615 -52.98419887479002 -1.5667230633394407
0.3616079182931278 -53.992767977488285 -1.5661735572807252
0.3488246472542589 -54.972210197562035 -1.5641693561495245
1.349590601537586 -54.96649339467154 0.007089372116505383
2.3531774035903976 -54.959088262781954 0.007519603774256594
3.349968489817226 -54.94622161365635 0.010970485616084592
4.361300842731127 -54.93988565557246 -0.0005692577610898442
5.3397976079900165 -54.93971789288827 0.00557294065047776
6.35553232350793 -54.93260749371035 0.003201060020159316
7.341640181079604 -54.91275675426769 0.005492580255633191
8.342018432167261 -54.909112007410315 0.0013173235880951887
9.354503707009346 -54.91418905313332 0.007285621816392125
10.334739728931552 -54.89913840224008 0.00624728127306289
11.329442413208065 -54.907149555416964 0.010388862461102485
12.329307576023606 -54.87195381988714 0.0028123441377010112
13.328611577521162 -54.88095843508986 0.013676324882868228
14.323536819637257 -54.87596514332613 -0.0018829539261562803
15.334301778701237 -54.86590495256074 0.005064289073234004
16.331058498772894 -54.86601628228438 0.012332724264197983
17.34351317966677 -54.83217545331836 0.009667442496388484
18.356878204427044 -54.812527161974685 0.010057085597185902
19.345093136109607 -54.81042009502222 -0.002184785294557269
20.323497848795554 -54.80189221126464 0.0038087876538063924
21.34200970348546 -54.82000383613495 -0.013034579661909554
22.322968176135326 -54.81784007662434 -0.0009706527234447987
23.323641054060076 -54.833767545515606 -0.010001331552998812
24.347035526988865 -54.85665588428842 0.00841629126686359
25.31751254656899 -54.843036528266865 0.02184836229354282
26.316320696514452 -54.8190103067635 0.01698288036185739
27.303587890492448 -54.832809933209234 0.002728166367457564
28.29366759536757 -54.84984647060246 0.009219755554326428
29.289341760744932 -54.837928078979616 0.011021943960094283
30.277975634159596 -54.835827789979305 0.0030929821097000513
30.257107710951104 -53.82954814031228 1.5693499544950897
30.261415654477513 -52.82327570282841 1.5701307686396633
30.263048906928866 -51.836056523163734 1.5742818367889755
30.297725215427636 -50.83396132377123 1.573882543640562
30.275059288138166 -49.83227401428726 1.5663353774225919
30.270650162561186 -48.833164876677465 1.583955412558607
30.27103141548402 -47.82030704193702 1.5870821083481437
30.286385203533904 -46.807715814527704 1.5819371007825778
30.26018840166032 -45.84752079123047 1.5703582009626107
30.25385256065226 -44.827221829975606 1.5713807345410251
30.23962368509582 -43.848812345224786 1.568789398411143
30.23160042532604 -42.85019190186556 1.571624794933116
30.24061619918537 -41.840118303730975 1.5708324158011695
30.262876531223572 -40.84095071755347 1.571149816385582
30.246862784260355 -39.864712592478995 1.5733120989162668
30.246185125240853 -38.84968420846511 1.5678621766310312
30.236202211646848 -37.8329308419822 1.5659618746946733
30.21560741637278 -36.839635818690525 1.5587218712435684
30.2123759310516 -35.820417157415534 1.5656457387875917
30.185098034857514 -34.794779816703155 1.5609212029661108
29.188646119349997 -34.82544155439735 3.1407838048462713
28.199096173179942 -34.82582012549323 3.136966216642796
27.19388680158487 -34.80979155219746 -3.1340949000262017
26.17935949374342 -34.80078958721852 -3.137006305077055
25.190078773723855 -34.84556100924289 -3.14118825567609
24.196701958649097 -34.87124577371554 -3.1333418448087906
23.20816510158089 -34.85828124114077 -3.1305957008736454
22.204435877239398 -34.845386991691335 -3.1336866566492607
21.204465867582922 -34.85636641458398 3.1409984970131544
20.197582720625963 -34.837972215180784 -3.135573127996055
20.173990988924114 -33.854171226637256 1.5628140483002622
20.1968452642516 -32.8820697072636 1.573279541580248
20.169853850852274 -31.852962367138453 1.5808297840784955
20.17428646566503 -30.852016577738283 1.5777234821263117
20.167392760416607 -29.850402598124177 1.5660582807035612
20.164345732933576 -28.871796895830215 1.5807717482283903
20.188536804381148 -27.863015873366876 1.5724020726365453
20.158216584037124 -26.863245239726442 1.575286618873869
20.1626503376105 -25.865001151064536 1.5772628680264216
20.165189638461918 -24.858509640635766 1.577375755322747
20.149470701485964 -23.869862584874703 1.5839823189091813
20.135256651430932 -22.887913398077195 1.5783919111826226
20.172624074932447 -21.891506516815358 1.5653936396667587
20.14523211106084 -20.881076169108127 1.563765036497769
20.16527722865493 -19.874161833192886 1.5745321020373415
20.157858479139406 -18.85907410438802 1.5684309519173665
20.130489740311052 -17.862998674619508 1.5762678633013134
20.137942414873198 -16.867162224246314 1.5839993099959142
20.095336419842447 -15.870875196735943 1.5738945469151264
20.08106500612444 -14.850086254903186 1.5686383543379414
20.11055428726047 -13.856931596502443 1.5819368850300537
20.07101366008418 -12.869299207296324 1.5786172860599574
20.06832878934792 -11.854643734980279 1.5771952570661396
20.065072502291628 -10.879042536281242 1.5734424138234033
20.0726357221832 -9.871631064025436 1.571987278522824
20.05903357486466 -8.88087484925979 1.5724070054770847
20.061559314787225 -7.8980743594296605 1.5671986775771793
20.049910403076233 -6.889920588843671 1.5683025564903925
20.049064272241534 -5.868686457077771 1.5754313706351397
20.048165762717275 -4.8807922474396435 1.588548993368705
20.035419569446745 -3.894917202174826 1.5767995417611438
20.047369869082434 -2.894950261838822 1.5628315907058088
20.030463218296774 -1.9141657037061954 1.5764073074472686
20.000294775917883 -0.903751711336852 1.5713265374671954
20.001865317704542 0.09673030578406716 1.5731432917248414
19.968975561425722 1.0852054060686611 1.5751264088288734
19.93365308488392 2.093746226484274 1.5708833176046795
19.94522251739204 3.1124870341374846 1.5703609865723016
19.948610904975613 4.12495157124349 1.566913153683518
19.932529663607173 5.1187942000465005 1.5542404806764507
19.990998664049545 6.119391442752507 1.571477103383913
19.983519857651263 7.100605828224116 1.5618608096636761
19.976322866969266 8.082091452564542 1.5668053054696367
19.956633409198016 9.059905025220859 1.5659307756961551
19.942525362247107 10.067026969772147 1.5808063298985526
19.92784587884387 11.09493710422203 1.5668856869316805
19.950697601238332 12.092629610666222 1.5648447833657295
19.970837645701785 13.083503707745864 1.5703205231401705
19.98991942163521 14.044050316921021 1.563508573771289
19.980678054959757 15.035300532475173 1.5770271035431502
19.971915611182197 16.059572428205943 1.5825444446416606
19.933007234136358 17.039345866519813 1.586371859416032
19.928946814724267 18.062823401561623 1.5785496759120328
19.93007387109468 19.063753044357494 1.5762826101553677
19.917199856970473 20.051346316345303 1.5814197388023965
19.894090253831944 21.034342681510747 1.5847742900410304
19.887106590227564 22.04240721532112 1.5791212730238346
19.900848431223313 23.052287549272567 1.5779590374864487
19.887453191535304 24.04707618240757 1.5810529958150845
19.88409971172584 25.03163909940374 1.5804530642798529
19.889268206064177 26.057731850623846 1.5743952261856076
19.87618924109086 27.036837161377466 1.5735889377301882
19.886121071137175 28.070718230389392 1.5811506148091026
19.869843707982092 29.060944153334358 1.5748108146740885
19.8374280524399 30.03171019396191 1.5770678000205924
19.84553614794065 31.027311829436456 1.5757993341942844
19.84005567562103 32.04275530171311 1.574203651306355
19.84470366109229 33.06732992660282 1.5792597569841267
19.854483216911657 34.06541102310954 1.579287427119305
19.82156600899334 35.074011905514695 1.5708547538608195
19.83974916235825 36.10161382422101 1.556584527384636
19.84420475072181 37.08505011465705 1.5745346731389227
19.839144638831584 38.08713844877219 1.5750459943771444
19.835051542174636 39.07955278075119 1.5803132620332057
19.801429594272978 40.07450717296915 1.573474458301146
19.80495194492016 41.063394093061234 1.5800084783230344
19.800445674518322 42.071922006152064 1.582084135207476
19.801651099165547 43.08548738730759 1.58618579501153
19.801616601982506 44.04542054693248 1.5846376380335419
19.79786070620936 45.04657496448811 1.5791775934942014
19.771801016721213 46.00583807040132 1.575219913795953
19.766416724249723 46.99444279625585 1.581239199405994
19.755636937366376 48.008114883376805 1.5702223505750716
19.728578035080574 49.007842805040426 1.572820516007332
19.750787409549975 50.02534030650849 1.5738519899024062
18.7465684138207 50.016130002638 -3.141017086156789
17.73494311414117 50.01673451604282 -3.1415051161872176
16.750950377076737 50.00744639779913 -3.1381466162245166
15.746904364867516 50.02341496383064 -3.1336187701997837
14.733753865296977 50.0159003866788 -3.1294571568903744
13.734916793011767 49.97942512058421 -3.1233928130426176
12.75484611295643 50.004580024010714 -3.127370124782179
11.767618346006747 49.99030206785695 -3.126977240569557
10.754501003389368 49.977478865959924 -3.1308784432975383
9.73564520409929 49.95100194750065 -3.129954302781398
8.741956085123647 49.940533126019716 -3.1361907290641335
7.739036021835191 49.94706780690155 3.140690578836473
6.753026973377004 49.939209418472885 3.1409086755927933
5.7382326416309795 49.95210322844081 -3.134623887912829
4.7393347102206 49.93196826741838 -3.1404775844185875
4.74757428440043 48.947569525919974 -1.5647488434313235
4.759140315988836 47.931587432467445 -1.5672326646108352
4.759384174957807 46.92389499490088 -1.5639959397265983
4.766449042166097 45.89948198522133 -1.5657712945396314
4.768158777466118 44.9255749647603 -1.5698041019423008
4.759399252722261 43.94566646602194 -1.572443205941855
4.778547491878809 42.955518716989914 -1.578859947423291
4.8053130819881895 41.98775198338915 -1.5717431516919051
4.808387232107818 40.980075037861084 -1.5697201114715973
4.808060652661776 39.971026523084745 -1.567361097316528
4.8199908555709925 38.96765854237357 -1.5715711787290287
4.827156328656362 37.9853190427866 -1.5710029733901898
4.821564137649922 36.97358224278039 -1.5617411311496832
4.815042215804647 35.984174479648146 -1.5655475619722996
4.832217628143889 34.97747031592607 -1.5750685820470998
4.83851300784647 33.96390905604233 -1.573415286144008
4.850314382060768 32.97982341189389 -1.5700828751965887
4.861508276424931 31.986257609868886 -1.5628953502433838
4.842199581285139 31.001295468264246 -1.5634349997884749
4.856839590190244 29.982448636400147 -1.5779204298922063
4.862175509778957 28.954352683028254 -1.5668219988297818
4.8504968896187 27.993069411535036 -1.5722441113330157
4.882571777352682 26.989222919660577 -1.5749113349613502
4.86607218004935 25.994294075096377 -1.5688908426447898
4.870253495456508 24.987392203971144 -1.5596039952090004
4.869055135692166 24.005917854170708 -1.5660187378168025
4.881088637293301 22.991732096773667 -1.5689509588396882
4.873921835244909 21.987746661970533 -1.5718472425792231
4.869495894140666 21.008808839907424 -1.5676120075592166
4.889259990985982 20.004815079988138 -1.5687944476883138
4.869533058937964 18.98994250667264 -1.5619668946965222
4.889718293914543 18.00132188380703 -1.5670667027943102
4.892803047353009 16.998061143695697 -1.5606212497086769
4.881236245395515 16.002110527950634 -1.566458542810314
4.912229340601146 15.018231240242383 -1.5715859166131676
4.893337642199781 14.011134759979502 -1.5647740355059316
4.880124482086477 13.013893916337063 -1.5713271284331733
4.886893787704585 12.047706378616661 -1.5719019384267352
4.893378620376833 11.029826510454868 -1.5578934114726806
4.911843000369224 10.041143578820419 -1.565474979916529
4.914733263438754 9.014144483187915 -1.5716700843783533
4.923782558043737 8.024075260827544 -1.569347260715884
4.916022085482407 7.042491084860171 -1.5816619680235802
4.935654026779105 6.056280757962627 -1.5611248731340448
4.92677878094907 5.050839263614828 -1.5536362203991865
5.940879909164557 5.052121793687038 0.007131496922333603
6.944134060532381 5.075970217304566 -0.0006333556523939799
7.936592042155766 5.043161746329923 3.36136522573022e-05
8.926286617184592 5.0342536895201215 0.0041653112463540054
9.945287883987428 5.03617941540169 0.01612216301881005
10.920396194209031 5.04238306151896 0.0032701106406565917
11.944473819327193 5.054541869988591 0.0014409383908471957
12.9674511292977 5.0523465606092905 0.0011245973076427303
13.946886457229182 5.0627428327731945 0.0004173652548840954
14.948690637536941 5.0694041552007265 0.010627589553064047
15.960180850345587 5.0869094329453715 0.013747856039260153
16.963302451261836 5.097861119051389 0.00812670327917985
17.95869480144812 5.102294724008085 0.0005115004203424513
18.93970519948165 5.103940894496538 -0.004665338636722923
19.944244222017307 5.0915556629787595 0.006815919551945688
20.948644781585717 5.10205885424412 -0.005510913363026589
21.96060392215184 5.095412108108548 -0.011889568344242183
22.95092201803785 5.111450665043805 -0.0004586777988304293
23.93833730377836 5.0967883221148345 0.000725505363115069
24.935054034605102 5.101441604683946 0.002564277164156693
25.93378832305243 5.09519764103635 0.015324834923601796
26.947990846921307 5.111801921183985 0.005409195118660209
27.96425679518699 5.101688224207091 0.005022784345958803
28.95904143066003 5.110659009550529 0.00014868869602088653
29.927564833253054 5.116429048118884 -0.0005838380804198499
30.9400565079691 5.133815160621403 -0.008188084427119593
31.939486896876417 5.138656366331602 -0.0032239777051918054
32.93978612295871 5.133236512302496 -0.00510353283823452
33.94142295687247 5.161285425388318 -0.017555728861244874
34.9348418143532 5.176747277590359 -0.004161452799719688
35.93714305695676 5.1788109318428255 -0.004126158562025551
36.95740778701478 5.136779182548149 0.0020594994640511515
37.97721191749231 5.130308741603087 0.004188965253906381
38.97531372598183 5.119112227175541 0.002438821553259087
39.9595158861637 5.136080477214278 0.00679264351812991
40.964702546648525 5.138083237040521 0.010884377890095673
41.95686449810046 5.163712560360596 0.005319345512707202
42.928448182116746 5.1661710686931706 0.012425728493905438
43.900192432253704 5.184009059158362 0.0117776608369484
44.91198367958038 5.172923276181281 0.01074184885847149
45.947035987443144 5.195674613250366 0.008484503146860122
46.94476159604243 5.214383742472552 0.017953154522139886
47.928178162077685 5.22295745423224 0.006859244077163124
48.93269783460435 5.235347700108668 -0.0003303208746440378
49.93916196987098 5.2259808123360765 0.007455063859515107
49.936704502324005 4.232448489512838 -1.5668921348011313
49.958303670923144 3.222161286673132 -1.5625780494592327
49.97687566003668 2.2456074369958023 -1.567380208780371
49.9730137441337 1.2632085871692027 -1.5502389813695556
49.984152472843455 0.25125226671743633 -1.550646236489178
49.99152377644966 -0.7364761252999091 -1.549854395908874
50.00904216574569 -1.7597973373319207 -1.5651832344191883
50.013132701693294 -2.743225524736614 -1.5546573361910125
50.0316633373213 -3.728148826026864 -1.5604067837563889
50.02668356112775 -4.756046419779833 -1.5624587280693802
50.05727754714729 -5.746660441713524 -1.558571087209264
50.07091970605549 -6.751706025040018 -1.5541004667701153
50.09197205739703 -7.735689792447178 -1.5637305059637745
50.107550464584875 -8.72785414054841 -1.56101681891724
50.111168958627495 -9.750237290281264 -1.5668186656751724
50.12235682391587 -10.733150291461039 -1.5572591271503569
50.14216088516295 -11.744881447355574 -1.5537175425512872
50.14380182934182 -12.727850782423356 -1.5543935844179058
50.16106507362908 -13.735007739076455 -1.5351441637115513
50.192769026056396 -14.72803846079895 -1.5388236649381375
50.19429399003909 -15.742509420136857 -1.5484415557173783
50.23088972127548 -16.741038858973887 -1.542772396136244
50.23122405404692 -17.734979388326277 -1.545345873640577
50.27903012778561 -18.738429052341363 -1.5469009563893448
50.303181098004984 -19.74332774339176 -1.5481218743851515
50.32448532463945 -20.747094359953664 -1.5364417364789527
50.3583114185045 -21.75790443916475 -1.554614471404768
50.3750686719144 -22.732781013423505 -1.537081685897563
50.30116959796872 -23.80877767875121 -1.5848544589420626
50.27938563271251 -24.83373471494391 -1.5867259908234033
50.1678526615971 -25.892135716657993 -1.6136947761830982
50.22810601408132 -26.877073871427694 -1.5897748295437795
50.21306935004517 -27.859157407684652 -1.593695991481043
50.190938952731315 -28.832294054423453 -1.5798357043302034
50.22582966676178 -29.846287189982768 -1.5752452712813523
49.193632629776396 -29.828032250041026 3.1294614803232257
48.18432803405738 -29.822881018141103 3.1290885622162494
47.201508288918134 -29.824802906615503 3.1341854512939786
46.21949846046498 -29.804067847185316 -3.138387956593059
45.20026643513558 -29.801039615996523 3.135030488555353
44.18655723004766 -29.80190487126929 3.1298314841947703
43.18516455847435 -29.78249524730924 3.135129921870985
42.17429951177922 -29.78597626439908 3.1352913673071106
41.20019520162275 -29.77877567616138 3.1359704816615337
40.172297072427796 -29.80354210540912 3.1327275258685603
40.18619149716565 -30.794455900856423 -1.575146449879908
40.18312246296112 -31.78469726974719 -1.5734129554050302
40.20449454423157 -32.78036554482153 -1.5712021376436613
40.192342259405855 -33.78146023930291 -1.5721115369622636
40.175469519580645 -34.78766775769017 -1.5719988178768647
39.223338775347614 -34.787791438849275 3.1389397654639635
38.230852134131716 -34.79765105193899 3.1226091939462037
37.22352321546327 -34.78283122329126 -3.137094815061643
36.221010690653934 -34.77616408297887 -3.1331535897242975
35.21714761712061 -34.77490844923868 -3.1364857940954955
34.225504154723254 -34.764245760891995 -3.1340790010085477
33.207539910779985 -34.76462673815827 -3.1302530570459384
32.22022565341412 -34.813582779884946 -3.1310579455180703
31.223230664467167 -34.80095850488121 -3.129031099008116
30.19311043066144 -34.80688696622667 -3.140397516299674
29.214306927973194 -34.827377200894155 3.1349877901962993
28.193653785616988 -34.81328344499634 3.139345783863374
27.18765778939659 -34.82392886829502 3.140112207195663
26.18480126541952 -34.834402789617606 3.140916554638707
25.18539654458555 -34.86055983786983 3.1351429846889904
24.178786733024328 -34.85354040792231 -3.1394911089801023
23.199917335123054 -34.83896362604131 -3.1353201011115037
22.1889429483133 -34.841078684992155 -3.1337453792029337
21.20930244553061 -34.87073663379362 -3.140177677918568
20.223517340453196 -34.85009211283168 3.140112245895432
20.22370110645478 -35.84405237526645 -1.5694546241744887
20.21669469200592 -36.8536742488842 -1.5714897610882659
20.222119322382206 -37.882994561439254 -1.5836593815492157
20.232391745368833 -38.87114687837258 -1.5879241421629966
20.202796966766364 -39.84838422413488 -1.5791988266781434
20.210313031640666 -40.84311508986872 -1.5793812401347986
20.15878954775686 -41.84300843352494 -1.5727318988213994
20.19491215609935 -42.85376936389879 -1.5636319430655785
20.217069578800565 -43.83467451379638 -1.5586920439358203
20.218250607352214 -44.84493556908051 -1.5589384087568223
19.212368180272076 -44.868023436284304 3.138763285650763
18.239499474619507 -44.85507623715956 3.1390501508548083
17.237792849077206 -44.84564096393043 -3.1384736723511524
16.244916199029234 -44.84558895999419 -3.1401065570948345
15.246895823071661 -44.84887877346975 -3.1395542529196154
14.241629394942409 -44.8708458852009 -3.1340928658775096
13.25209081193315 -44.87684739606227 -3.1348736137149538
12.269085131769721 -44.89717430592462 -3.1288042109919156
11.259134935690255 -44.89956091283169 -3.131464871307787
10.260604075040563 -44.90487925801209 -3.1368951681382806
10.255284175026745 -43.91725837829859 1.5817168053355701
10.268207344462915 -42.93371710308405 1.5642580913418014
10.26591477081006 -41.93892946121774 1.5582398656891059
10.276528863846329 -40.92047607692874 1.5642409353943012
10.25847356622255 -39.921195650852184 1.5673495369094164
11.271223634832925 -39.937538212261344 -0.007562846065070619
12.254371104706058 -39.91851713273657 0.008406751443310077
13.247653902363078 -39.92745517257597 0.015162452220334424
14.235428179658781 -39.88807649049795 0.005401100118569764
15.222643958913123 -39.87360404156802 0.006406586986247028
16.217422824198287 -39.86249411091106 0.004368757006856079
17.214555715826997 -39.85199865679873 -0.0007073547416168807
18.221962745179933 -39.83663176654506 -0.0006669671071175586
19.210729434246584 -39.84240521468355 -0.008102612948214809
20.24281928402279 -39.83569078750808 -0.004967920261957016
21.2293867204298 -39.845092155717865 -0.012283727184140508
22.223054829245118 -39.84627083396216 -0.0015991412770616222
23.217131682947226 -39.821421282672524 -0.012713880415572172
24.243145799235393 -39.79691990941318 -0.0018061851992223173
25.26852082642354 -39.854521985769516 0.004594888234677784
25.24712001098753 -38.8370417620575 1.574064238586365
25.230046897174347 -37.83780602395262 1.5787487117763257
25.207912098377257 -36.85752611098777 1.5812273283328333
25.18988573810717 -35.84046744179945 1.5677578971359016
25.195546129890328 -34.828862503145025 1.5706916561587125
25.174007092083116 -33.824113222163675 1.5657026604795228
25.18338901590424 -32.812227872000925 1.5644743551944424
25.169909064496178 -31.82884640568959 1.5679540378708408
25.18982061888867 -30.817539747254013 1.5623577414774121
25.188181832630903 -29.82806184409163 1.5711031026355327
25.195040052227462 -28.83629842054687 1.5653782574351336
25.191701502623353 -27.811901561348872 1.566260503588496
25.189109880901945 -26.829082667048265 1.5722201219261067
25.177068352619564 -25.811325944421462 1.5751917921666996
25.19125697279317 -24.81833795561689 1.5652898162589863
26.169577157609407 -24.83017695423875 -0.01650617158194801
27.166432499946307 -24.834361089418856 0.0032341180047869484
28.155166953959284 -24.829518832081632 0.017043471695093463
29.165396229223102 -24.8118381801175 0.011468224065051304
30.172953650138428 -24.786899892560886 0.011499785589684675
31.204435820893956 -24.806266512344553 0.005979347722215923
32.22143182488562 -24.841089933845957 0.013635249068632347
33.21763178083843 -24.80971778481115 0.0025542188399942157
34.214535215863584 -24.80955878084629 0.005463938599621432
35.224512623349426 -24.79936803302716 -0.005849408400870721
36.23207517421552 -24.82984558158451 -0.013372710074806192
37.2088546453401 -24.835484773997017 -0.011846280080547986
38.21159661236291 -24.83261913357774 -0.001875466793270041
39.17535352434043 -24.84835711712511 0.0041689335216689005
40.19708519170601 -24.84496650846786 0.0006083122781187081
41.19528866493761 -24.873511555315336 -0.004811137402585369
42.207384970800796 -24.87102554091861 0.01216311096612715
43.26796414375227 -24.84347962793054 0.019188147116509166
44.31183204205178 -24.83124386112549 0.02720357286775507
45.27722259005726 -24.817107878822313 0.019732099592652545
45.25044782374524 -23.814388274626065 1.57386198021467
45.253593630424014 -22.801745967260903 1.582375196899277
45.25024182510634 -21.79872122337087 1.5811829262969983
45.26250946547604 -20.815057069631568 1.5751490793246101
45.24276880067689 -19.830716135779312 1.5795197853181553
45.208178618811935 -18.83724361561391 1.577857879074379
45.21414278359371 -17.8171583614363 1.5639863261220757
45.1955379502508 -16.841759671538167 1.5852818927604084
45.16527569668943 -15.862423964074509 1.5828635140325396
45.14622270750917 -14.854055921706914 1.5793882438608298
45.10400801755112 -13.838527890386981 1.5905377272897268
45.120962723133374 -12.83496735227082 1.5770160308145187
45.10423638726051 -11.861565504304368 1.5894976911183512
45.081887875194674 -10.831510163851934 1.5925340781775041
45.064932501076534 -9.834376449334693 1.5911230819626667
45.05654698085929 -8.827980205960545 1.5902233415892604
45.0225584753988 -7.843977233305931 1.5951438088627086
45.01224068562578 -6.83027440632253 1.5895055213201066
45.00653243794373 -5.817064683069094 1.589319790776166
45.01842694387029 -4.818469016248832 1.5957230837681207
45.0475453549958 -3.8217321574052847 1.5870166736814517
45.03503147226312 -2.785885108677102 1.5866584555651786
44.979175075729316 -1.7943513873938028 1.5827690066961508
44.985222237796876 -0.8072542546079778 1.5781350971976604
44.94688256562498 0.18050466181373792 1.58293020407144
45.974217076023564 0.21738841170806625 0.011642796370665447
46.99198589301748 0.2117751896968503 0.003151557372228896
47.970736752450385 0.21350503431817094 0.011856702626709617
48.966928393398895 0.23710558560071573 0.012296187940697726
49.960935644994194 0.2598064436537233 0.00577169913085407
49.97575701926137 -0.7470885371079637 -1.5587126030223908
49.97195812956881 -1.7494515786048792 -1.5633077352087805
49.99394308199007 -2.7358371458916304 -1.5663454119372513
50.02780552209691 -3.7401980544931845 -1.5707714488634117
50.03843821089104 -4.741440451621781 -1.5604729435787728
50.06965229383867 -5.750009699599148 -1.557296093680158
50.0588645467466 -6.759676176075033 -1.5618507442641039
50.074452289081194 -7.750634226594869 -1.5574497427942962
50.08070204730796 -8.751013592112898 -1.557509265666233
50.11413948665741 -9.742030770028602 -1.5579873833010438
50.10290171134102 -10.732059296025604 -1.553981924055694
50.135920706737586 -11.73515142258606 -1.5590476628543326
50.11999213030199 -12.73825126648538 -1.559187471246482
50.14667130198685 -13.7085168913038 -1.5494218622451545
50.184401404418765 -14.722272820383434 -1.5511542370157085
50.2017626810626 -15.715651677732327 -1.5489862965795347
50.21140973292495 -16.746610670415524 -1.5448688897001728
50.24980671934344 -17.730789210470622 -1.5499748496677186
50.27663868371625 -18.738306682308494 -1.543229285904654
50.310108105222525 -19.721785503576704 -1.5434446851446808
50.34115560978756 -20.725265677628585 -1.5227174864562505
50.37278408916597 -21.737381690273654 -1.5378858119755519
50.344854072450055 -22.785152347887905 -1.5766234606804768
50.28533065629345 -23.8785710860603 -1.5959521480166599
50.3158999532079 -24.841944224347753 -1.5723760851741568
50.25061097465184 -25.862689178898172 -1.5857682738011005
50.22730553507774 -26.85305355800437 -1.5867517840242102
50.21492143370071 -27.847778851890226 -1.58756936941695
50.208634727698715 -28.842805762404062 -1.5810239700674158
50.18417831370194 -29.827967188384058 -1.5784105682643021
50.1743990610512 -30.783848362358988 -1.5606263386193668
50.198728755128876 -31.80345405462977 -1.572255584723812
50.20598322793659 -32.73087089943813 -1.5464494773570487
50.15387864423584 -33.817504344230784 -1.5779881509255904
50.17945884164696 -34.78434935976727 -1.5721251274254162
51.192750025932334 -34.787299856216926 0.004375843273271268
52.18757966900093 -34.78727077022854 -0.00038137177118459603
53.19356385368279 -34.790370438516355 0.011379249277682975
54.187099902509246 -34.771989781044496 -0.008877756389391646
55.2012868064198 -34.765176445146224 -0.003726586015967895
55.19846792759096 -35.766635401587926 -1.5671807256377206
55.20736934496271 -36.75448563967589 -1.5740774337829821
55.21266917638517 -37.75884867386598 -1.5751534238115636
55.21491797264532 -38.76577309993419 -1.569519761698231
55.22725704950896 -39.75616195938675 -1.5702718978313774
55.23013364693099 -40.76563575910421 -1.574618952258011
55.22493095803378 -41.76311868753864 -1.5745658714572655
55.22173596630997 -42.78544173944789 -1.572403320298713
55.21117753178057 -43.79931867064727 -1.5747807008599453
55.21907859962687 -44.778673234794724 -1.5637285686025537
55.22905925882069 -45.7842090615243 -1.5578241575961964
55.229191731568164 -46.792294131838915 -1.565706245783552
55.22988075057116 -47.774657544902965 -1.565191498033868
55.221722359165575 -48.762352506528366 -1.5699104938807282
55.229759122469694 -49.76551286221751 -1.5677463642035097
54.23258455284272 -49.765692012055965 -3.139747073969917
53.23389525002078 -49.786752037877896 -3.137344623045465
52.23519165427972 -49.78135344099124 3.135881990575571
51.233971811347956 -49.77496300804506 3.1370002240789367
50.26128369481392 -49.78632212225218 -3.1333731726624205
49.249685102279685 -49.77301742934643 3.1376454159456215
48.25101385187362 -49.79459617096214 -3.13770930660566
47.266099807723265 -49.793780382411896 -3.137441230220458
46.2939425776791 -49.80508757002286 -3.139802199319549
45.27778786337455 -49.78422151527511 -3.1349394714037047
44.291282220257024 -49.80849795717816 -3.135910498856193
43.281947107400526 -49.777345947173 -3.1325258541916665
42.32478204273059 -49.77642844091759 -3.12540425416866
41.30053765161762 -49.760578951977784 -3.1305829074143277
40.29012009004657 -49.79318050221559 -3.1262438015081018
39.293793710614985 -49.816250870712665 -3.133711889491469
38.290839499494716 -49.803933080257785 3.1407629250797777
37.27701386181791 -49.80775104386344 -3.1403089796709973
36.28306930079687 -49.79440838046362 -3.1330862168886213
35.31721275511578 -49.811322534939876 -3.1233653743852834
35.28051430096219 -48.812573604006495 1.5852045811992386
35.28282885305677 -47.813615056163 1.5869813147612313
35.26474416946985 -46.81662777000406 1.579889338396427
35.26312789772433 -45.812483541495496 1.5703031357381003
35.256159994627595 -44.81133258028143 1.5753124155504583
34.256299756390675 -44.820362785137235 -3.1366530419179792
33.26745495283444 -44.82229934330922 -3.136573910465422
32.27326409452801 -44.83208110633927 -3.1233056658278495
31.25851898326955 -44.84411459462485 -3.131215301559598
30.248548504905433 -44.84078368511131 3.141260845976862
29.271509616139657 -44.84578422161079 -3.139280904895539
28.276162242855975 -44.82865353632682 3.1370625942889063
27.265477814513886 -44.82239717880549 3.1398573863580026
26.25680510674522 -44.83215648596405 -3.1359616808665813
25.256989878797086 -44.83099863301775 -3.141182929695998
24.229687549940905 -44.82954088779731 3.1365466546083827
23.244305174880136 -44.828484120462434 3.1397850685599797
22.244816821116995 -44.82943377697137 -3.141041873682262
21.23288560955534 -44.83312370290601 -3.135536634546681
20.216183463966658 -44.85049866559484 -3.1313164155492217
20.213331484881838 -45.84773624375043 -1.5711585478735086
20.225456979312007 -46.83908955255372 -1.564339736544818
20.255636618610076 -47.834616000757165 -1.5603565550473226
20.28304648001372 -48.81532945880499 -1.5672837717352368
20.26957409797136 -49.81024466914632 -1.5642839968486788
19.278990091642655 -49.80874613850402 -3.1298271327821654
18.284872480885134 -49.82743329052025 -3.1404188928372885
17.28561365778734 -49.83859837171304 -3.1398517816918985
16.2786989995745 -49.84947929946792 -3.138462366789684
15.293018072309662 -49.846171314683744 -3.135417865194456
14.278379977283048 -49.843697940552474 -3.127774645272947
13.286939529918714 -49.866266404329544 -3.137010768523716
12.273813452414077 -49.87892428961077 -3.134921962482205
11.320824663221698 -49.879638639712546 -3.130459204636854
10.315317087632456 -49.89536574266691 -3.126623127030852
9.32880098010173 -49.90471899365277 -3.127485338074062
8.336983018122625 -49.923965839343026 -3.1358221830418596
7.3173665857412695 -49.93548812504711 -3.134524791941492
6.310323002313051 -49.925876255277224 -3.1320975917583485
5.292096149370643 -49.921874965098425 -3.128973669574661
4.300420112596119 -49.92698443715954 -3.1353675660753475
3.3097590549778864 -49.92897567405093 -3.1323648228751475
2.313219414411501 -49.939336175181346 -3.132392297675379
1.3231476912935385 -49.96371669741231 -3.1399564566073606
0.3299003920238453 -49.975421180493946 -3.1374932988166897
-0.6957776893975927 -49.977193024942984 3.13981374211632
-1.665543927477699 -49.96335053092618 -3.1317857102655173
-2.688689474747625 -49.99220625384075 -3.1355904493194426
-3.6826556661301573 -49.986510904572725 -3.1380141317289385
-4.68195837652106 -49.99457833724836 -3.137213444563433
-5.688029898862335 -50.003736997681735 -3.1345558668173887
-6.683266731725149 -50.01871419296353 -3.1297658538694435
-7.700374285406241 -50.02038219770979 -3.1295635111397866
-8.693009218511097 -50.02633281050333 -3.127567211472235
-9.702152611174458 -50.03760299508327 -3.1354570418555503
-10.68753418747036 -50.03763479301595 -3.1364212017478614
-11.69701309714696 -50.06330333330257 -3.1374513840514067
-12.711283356826188 -50.080224648824895 -3.126620769384928
-13.706775953135075 -50.087065240906696 -3.137179343450607
-14.717126966669733 -50.09906671400339 -3.131180759176762
-14.726786310682492 -49.095163756652994 1.581546447727518
-14.729641745599709 -48.10803243517138 1.586402497400583
-14.744570064959454 -47.11947392652583 1.5917406638681832
-14.721136339965382 -46.11903870197518 1.5834692448764085
-14.716632542035507 -45.12359419813428 1.5736697714099324
-14.707212187935381 -44.09771014965218 1.5822829297064793
-14.720967126100676 -43.100793620096795 1.5686319176807875
-14.73390215761494 -42.130934447615495 1.580835966854043
-14.738619350857736 -41.1323224480162 1.558137888052358
-14.747899974667554 -40.161593556174985 1.5559469246895583
-14.752704159293346 -39.11543124405959 1.554875899383791
-14.72129777364702 -38.1304449566807 1.5610432572311088
-14.715773858732543 -37.09892619829859 1.5691211332366763
-14.7413688554859 -36.09325169732185 1.5703158211687875
-14.740290851492952 -35.10125605834738 1.5745544287228712
-14.740178633475054 -34.104079615809255 1.5670963007232273
-14.745124224533088 -33.1035951389646 1.5771969562420756
-14.742006536648125 -32.11383875743542 1.5701847063312984
-14.74139819227511 -31.100842802533823 1.5723726361600183
-14.751031415281217 -30.096629397033233 1.5833996662158016
-14.811461738497679 -29.10188521245909 1.5771833334663377
-14.792489205159354 -28.1008401453302 1.5834091960252252
-14.775651370356277 -27.098739772008702 1.585813859771175
-14.806313574803317 -26.111666700570225 1.583986178611003
-14.822368665450849 -25.108349582284987 1.5816478441134338
-14.836106519747958 -24.11390176932426 1.5705689237892908
-14.834544431632105 -23.122602431724342 1.574615541411071
-14.8573478248697 -22.10809735981619 1.572565358050165
-14.868518106927025 -21.07387655252226 1.5718162528567412
-14.859581396250352 -20.08523920960491 1.5769845347881515
-14.89566556962907 -19.077089396527864 1.5580900373419193
-14.881239747107363 -18.09501781855085 1.5768216257285848
-14.90246348637657 -17.088517637766333 1.567204285246769
-14.886689097929429 -16.07918985319615 1.5753796820760586
-14.891349798797439 -15.079132444034157 1.5659991476115176
-14.875807687420231 -14.08962854284464 1.5721238090607752
-14.881569088140235 -13.06430974575224 1.5688125456769904
-14.898039436944982 -12.075847271019638 1.5703911925466054
-14.90629707478715 -11.047980115611532 1.5781387831301403
-14.912606382363204 -10.06481934324135 1.5827375147805651
-14.93625745969043 -9.067992142719753 1.5819080091916313
-14.92586667110683 -8.080670489355333 1.580980251214815
-14.930563528590062 -7.057842977307351 1.5779227887353218
-14.946546423632771 -6.072473875614647 1.5823281136578642
-14.963286663108818 -5.068738098625579 1.582759749017082
-13.973599480397317 -5.036641616622196 0.00600948228598714
-12.982709196036108 -5.05083904505909 0.013699685118673496
-11.962913745682773 -5.04549009699332 0.01115670943277384
-10.961368371204678 -5.033034890441633 0.008561860755149397
-9.985369772113728 -5.039478848649472 0.0060699005317714156
-8.964419792718884 -5.035449437891137 -0.0028053035033549
-7.984436102531528 -5.049579382488316 0.007550802906634769
-6.984838624543627 -5.0529478070515585 0.0027731269435308857
-5.97674234090772 -5.005704803264563 -0.005015934579163977
-4.9748374518881855 -5.023378815081759 0.003186543501402675
-3.9841530896574273 -5.0169599892618635 0.007365875964593069
-2.969089528627853 -5.018569965124024 -0.0004255407425201354
-1.982994422202388 -5.015575424623602 0.004212437345906665
-0.9892234897022436 -4.997332473772644 0.005570322934625119
0.021670787716042014 -4.982499624197928 0.008154020031825217
0.019318558776528747 -4.014729820906225 1.5716119764290688
0.02052350346591607 -3.007689161071202 1.5660175921944253
0.01685127822869147 -2.006290428089689 1.5782300061454049
-0.0073892435726104315 -1.0044726722522077 1.5804450901578757
-0.009357268732250259 0.0225891667145736 1.5753479081462614
-1.004877077339891 -0.014397099446774126 3.1400333294703535
-1.9939610234037997 -0.00530552189239795 3.1380843176085955
-2.9982603042683067 -0.008083564429526117 3.1393903595614274
-3.968157000560872 -0.03293571950096477 -3.1395484567088827
-4.996086634790967 -0.013010776646631507 -3.139185180738309
-6.007018977240482 -0.014710174875440164 -3.140544487232859
-7.025059367374274 -0.02415354890165574 -3.1353114051932596
-8.02808368832653 -0.03400762812721776 3.13840825955073
-9.009670259123066 -0.02019154789502638 -3.138055174959518
-10.010368558634369 -0.03378719960267569 -3.134308235243667
-11.02494446506473 -0.04385992585823581 -3.1335207252523682
-12.01151004128316 -0.07216057345983441 -3.1318567302615894
-13.002418704844166 -0.09180404240551665 3.140354662371801
-14.005009083304738 -0.11854324727937046 3.133643543040869
-15.005373364896842 -0.10253487891527761 -3.1403555331565216
-15.987104919313934 -0.08592377825549315 3.140763389655126
-16.993309676554595 -0.10257584874918665 -3.1413013037103146
-17.9901149335061 -0.08945797799900956 -3.1367472959446667
-18.984293427662514 -0.11051779842456458 -3.1334999001972115
-19.978344850381326 -0.11192228313654189 -3.135456481277604
-20.979775157033764 -0.09272174996828261 3.135704654798783
-21.967134654125275 -0.052899741508416115 -3.1250080385350696
-22.956208606026976 -0.07777727560215744 -3.1291124140637283
-23.937585426635103 -0.11484523019895915 -3.1346437124085544
-24.964005888933297 -0.14765863929839215 -3.1378667319572755
-25.955614779443415 -0.1376215379493236 -3.1371531582185734
-26.974402315817017 -0.1682934971630869 -3.1329124439342033
-27.9924345586916 -0.16419955407031292 -3.129018278905374
-29.01105472240136 -0.16530050112090927 -3.129883508527975
-30.001141490441228 -0.19581207897238553 -3.1173538095652997
-31.01633626457019 -0.23589633168994872 -3.132959008192339
-31.992994380658466 -0.204452228483998 3.1406624077650513
-33.00122630895025 -0.217778718407711 -3.1230961944374296
-34.03348953522685 -0.2289506438052027 -3.1330057055386265
-35.044396043526085 -0.22490161730400365 -3.1304858430413507
-36.047808632285026 -0.22406767098164895 -3.125411637358211
-37.05332723148226 -0.22234950800627765 -3.1305606444079275
-38.05667207508499 -0.21705194927071592 -3.1370867641036804
-39.019078994646186 -0.2227467787523876 -3.1386439336624044
-40.03813859500521 -0.2245386489541298 -3.1344805704496648
-40.02026096555957 -1.2313348900864896 -1.5693723828176698
-40.01413529048574 -2.2344881515102086 -1.5626832167050335
-40.00944222065778 -3.2331762394233032 -1.5653959590244904
-40.00291124799737 -4.236889073746352 -1.5634738252814786
-39.986700177613145 -5.230412848039213 -1.5618844101672518
-41.00175267783928 -5.240280090805627 -3.1330665795642116
-42.006543083135455 -5.2463316411845575 -3.1344195682552654
-42.99883248118388 -5.272147333817679 -3.136685445145272
-44.004273770909776 -5.282601890478888 -3.1351413450923125
-45.01509788814399 -5.2907985683736305 -3.1290158556270313
-46.03316381414858 -5.286351924549804 -3.1385530136190707
-47.025374574860436 -5.316217869862972 3.140335126365407
-48.00821963113009 -5.343806966215038 3.140890674374622
-49.01073126882543 -5.443058081698927 3.082616435195215
-50.00276288623226 -5.311084002248599 -3.140138901158595
-50.027597014008165 -6.291741714088573 -1.581453287460402
-49.93621579893828 -7.247107745453683 -1.5399119168028683
-49.95126698770701 -8.266238212841085 -1.5572008319086745
-49.93484152807107 -9.277508630420398 -1.5630359721538476
-49.944249929298344 -10.286342466166632 -1.563409440032706
-48.960462811565684 -10.253848196886265 0.00303292425791941
-47.948150323307246 -10.258665530977062 0.008119056723370365
-46.974020651214765 -10.271958567454599 0.0009215134362068165
-45.95577028034648 -10.278010831380396 -0.0016759331369092995
-44.948558278517 -10.264377810976002 0.007753623280448147
-44.93527403885431 -11.262855128951616 -1.5658938116270686
-44.93405965485131 -12.263826806494189 -1.5566847042913046
-44.92768203491724 -13.256342015736806 -1.5701331473460807
-44.94705167598584 -14.265101107293134 -1.5682160571989987
-44.93891025989274 -15.264558220565533 -1.5718230215740778
-44.92194723584217 -16.25833575997278 -1.5680895181118408
-44.920767678339814 -17.29711046957418 -1.5502064990538909
-44.901974851003544 -18.276137571312518 -1.5637549410857055
-44.9283072563555 -19.26685731635982 -1.554236532821701
-44.89832755949762 -20.26764056012444 -1.5538166764847512
-44.88496953426252 -21.256044746108437 -1.5521243148642316
-44.87879198237175 -22.25637623570201 -1.5610110845169813
-44.88102566606378 -23.25483773449771 -1.5690296229439105
-44.878398322030115 -24.23672674602954 -1.5665029000406727
-44.88830167664858 -25.235259071198364 -1.5521523808267965
-44.85664987002725 -26.225334206210636 -1.5493647244777042
-44.84829166988938 -27.21420810798713 -1.5477474169367815
-44.825350587376796 -28.234850286375472 -1.560384228820612
-44.80087382257704 -29.238860910359648 -1.557393834690117
-44.77009486362821 -30.230948668718717 -1.551701483666503
-44.78055075538353 -31.249000270519435 -1.5624340713554752
-44.76834166651263 -32.23958777619806 -1.5679280028086084
-44.774831630204694 -33.2459551091407 -1.5675904327826935
-44.775604648423034 -34.23317587345302 -1.5618211757835105
-44.74080302150624 -35.24216394196446 -1.565933381279361
-44.73424579524575 -36.25445235693521 -1.5645946342819315
-44.735526852266716 -37.23355678479809 -1.5628916051570234
-44.718793993253215 -38.25453764361708 -1.5708486830522728
-44.72528668565989 -39.24960180095961 -1.5644099928373054
-44.73131321715869 -40.25403000777708 -1.5639420758546247
-44.73402641349116 -41.247139540244035 -1.565757215812842
-44.72271250732239 -42.24628188056785 -1.5776054586433534
-44.729682892490736 -43.25057299220068 -1.573180867348649
-44.73767103255715 -44.25347031660679 -1.5702288799550068
-44.72469296606543 -45.27089138539694 -1.5702934005452043
-43.7284844548361 -45.25615120293678 0.007215324646167528
-42.72128385688721 -45.246668376040304 7.399422595980833e-05
-41.736511182142706 -45.21498051453572 -0.011481982541629047
-40.742937156516554 -45.220120660407645 -0.0019505725343508583
-39.72481206607266 -45.22951024241905 0.01057470638266208
-38.72746134970909 -45.20115127959421 0.0073912058257489
-37.72694045785779 -45.22140182287695 0.01588900755529028
-36.72905393470688 -45.21521055461178 -0.002454203954866209
-35.71058106492693 -45.184981939513044 0.0023611398017468134
-34.71420163607684 -45.18787236850503 0.002237355283265366
-34.726544944945125 -44.17457702703741 1.5831735123749031
-34.75672581198792 -43.166929625802865 1.579674583589924
-34.76315131651862 -42.17751310479915 1.576865135892598
-34.747978457446706 -41.19479217036421 1.585541330562069
-34.75277995588494 -40.18888207118198 1.5824205333792443
-34.773846272199044 -39.20068173239801 1.5776435314212665
-34.785704346118436 -38.197230171111855 1.5730805121421878
-34.781365604161365 -37.200957150080086 1.5780110002865
-34.76379948803305 -36.199544686515694 1.5690931096999359
-34.76388027967622 -35.193320391490396 1.5688083081441766
-34.79246233842948 -34.21230201882152 1.5661345435518428
-34.78904515056785 -33.22834493165622 1.5735466058105532
-34.771867186474495 -32.215654561293256 1.566042031346615
-34.79552403060251 -31.21175331593778 1.5732590814953307
-34.78527311637913 -30.18820699575002 1.5755401559699391
-34.77477570842103 -29.20160470576793 1.5820765176840563
-34.78144118159598 -28.207405754421835 1.5877626265125846
-34.78985124563057 -27.19333321640873 1.5725184799677934
-34.79724520055425 -26.209154680872516 1.589333049682545
-34.809437494585595 -25.21567107080434 1.5872022153676664
-34.82719278318105 -24.236934597630373 1.5780475899896853
-34.84409123304364 -23.239086253223622 1.571567790832246
-34.86257226976814 -22.2375855599823 1.5673308381648217
-34.89417579731246 -21.226663004855812 1.5663751081024366
-34.8961611784979 -20.205654947340236 1.5712806769602516
-34.89531799278825 -19.20099067414486 1.574625387925395
-34.92133301158277 -18.183823891482668 1.5753551220122053
-34.95782635220235 -17.18838767482251 1.5859942169171124
-34.95993752166945 -16.174434007691463 1.584582951696681
-34.95607886660528 -15.196527218329093 1.5799497310439747
-35.944848607432064 -15.208945672383056 -3.1379942870813298
-36.95503393553228 -15.224038029907158 -3.137062042219291
-37.924818596223744 -15.204927654718878 -3.1357112338559348
-38.92496408292698 -15.20308223588662 -3.1318083125618763
-39.926514002953 -15.235377977917688 -3.1365302730462155
-40.92274543264063 -15.221632018215882 -3.139734972858194
-41.902177199919564 -15.259560097079959 3.132854919989194
-42.88911383019424 -15.224463667285624 3.1297078410296355
-43.9105256995944 -15.250456298720776 -3.136778930304407
-44.908695270263784 -15.246972874615148 -3.1297270656362777
-45.90854968013999 -15.266907420710794 -3.1336305860594154
-46.89978955193797 -15.277376479198784 -3.136359636621256
-47.91158285301574 -15.271930944235631 -3.132224995136307
-48.88297326623419 -15.263219721221727 -3.127202040323133
-49.88490705628166 -15.284850519487284 -3.1339264144555172
-49.887549485037134 -14.299830508371603 1.5764588030970847
-49.91676877197741 -13.280096911351647 1.5762601880319171
-49.91469696740516 -12.294203057902974 1.576307196723721
-49.9390069530713 -11.28219785999328 1.5774928044405185
-49.95023228637552 -10.288255832878576 1.5736922793607975
-49.961477818185614 -9.242963571798608 1.5764633014259761
-49.95341488121027 -8.273609415943769 1.5766871727587919
-49.98706896303324 -7.281360537069639 1.5755422863367479
-50.04344693657324 -6.282995486266035 1.5728655558830746
-50.01381642709473 -5.2604857290071765 1.5884467636821908
-50.029106670112945 -4.273311314093101 1.5660690609718706
-50.03654792484106 -3.3107717453071515 1.5557869579632886
-50.0179149389455 -2.2986260064429493 1.5686787611489403
-50.00927566524107 -1.3027721897763624 1.5622801918134808
-49.997258691628204 -0.290450567263761 1.5650306013384365
-50.000429205584176 0.728420702651253 1.5730094913021466
-50.000879913476325 1.7036626963184742 1.5721183642823573
-49.992634860640095 2.7155429076513147 1.582946159414181
-50.00198883020691 3.7088824034162937 1.5775218723847757
-50.00497784261661 4.711472443918866 1.5686190939709146
-49.98649257562321 5.72751260805212 1.5642184716409286
-50.00083330861965 6.715108100936049 1.5651340851065163
-50.009225599000644 7.739887424434182 1.5677785342306387
-50.0049466140319 8.722227306194215 1.5759772152359934
-50.014309025564735 9.71844819785141 1.5844003465535603
-50.01685982496216 10.727071129212286 1.5885256434643162
-50.03808525192417 11.739343452191457 1.5783753771726392
-50.04188057404085 12.691763000896174 1.5928872242925618
-50.06869611601277 13.68916453654461 1.5767119741265683
-50.095382301648094 14.688728925632208 1.575327571407416
-50.10082909711646 15.698832911092984 1.580209381310791
-50.10841595360983 16.699723077620092 1.5821787839324155
-50.13233142651058 17.70542403250121 1.5649053926642986
-50.12803716900276 18.696559390863293 1.5719345038620927
-50.1407253733911 19.710818482919827 1.5739733683687955
-50.13125563035968 20.715062663816536 1.5709829530350696
-50.11344470157089 21.716359203745505 1.5850460086314753
-50.1423607290515 22.720993311511723 1.5778887068225018
-50.12024850393317 23.7137752554398 1.5697275494900789
-50.13783399812075 24.71010973641463 1.5676456935781375
-50.1435099898359 25.70429386119498 1.571724111593971
-50.15815209811395 26.716792477510502 1.5736207207079795
-50.164013274270516 27.710552119875455 1.5754468086836881
-50.16165445043948 28.705196499454786 1.5660011550908948
-50.19394969888776 29.72411459607025 1.5724873953607155
-50.194827612185435 30.731227602339228 1.5715704088300477
-50.20369785666295 31.70361448554411 1.5773455709799482
-50.19308290523467 32.7041748853994 1.571199420343282
-50.20583323638114 33.707785821045746 1.5759182475679094
-50.19986483488608 34.700630126990056 1.572703004057872
-49.20842937307277 34.70867013170676 0.0047249277171771435
-48.210617474710894 34.70354130372317 0.011070124728624545
-47.17945767392772 34.69454483050902 0.0060414171942926925
-46.19678932080953 34.701468818324415 0.011212210546092685
-45.1931980936031 34.71594793945748 0.013495275226762462
-44.216545383094086 34.72959053090218 0.013344993034033612
-43.2208171897228 34.71852459320917 0.02167471853913223
-42.23417864302525 34.731440588920854 0.01606508110744659
-41.23451014600344 34.74598846104297 0.0043013495574360785
-40.23569740211917 34.76711114873985 0.001181532733856309
-39.22429804555077 34.74588950115695 0.005268888035468787
-38.22750939418028 34.74063899187562 0.006859384949963877
-37.232416820867385 34.76418285245103 0.00945738569251626
-36.21301827991552 34.7654115667939 0.009100221900092685
-35.2178629138678 34.78519425547753 0.009056683329261862
-34.22022012734589 34.80651068404133 0.010239176915663529
-33.24352732518212 34.80050852399558 0.016346372202256834
-32.23665493647217 34.764730474875236 0.0012393946544699513
-31.242903018508738 34.771353703302225 0.008588677135641863
-30.239001757903104 34.752337978960114 0.011037715519893748
-29.23802118986116 34.76580971263778 0.004764761896729466
-28.248460291732865 34.77748141457214 -0.006091743723239637
-27.23604056481016 34.78479937580401 0.0034088038165305686
-26.2268031250417 34.80171371459427 -0.0034055380756032845
-25.21786080297345 34.79814128598839 -0.0024656979211751117
-24.197654205212807 34.78692042052876 -0.005836909115472923
-23.189066084713925 34.75323413456708 -0.01097227835341148
-22.193774607055417 34.759358394604966 -0.00535570620153758
-21.19331074743725 34.75190714645084 -0.004354287146113951
-20.192834596981303 34.76826385093255 0.0024170920283805857
-20.211073507810706 35.781621230131556 1.5594652413854753
-20.1872772476498 36.76643561139392 1.5671083153301524
-20.207482522519506 37.75173006960429 1.5700112150481977
-20.188195409596283 38.74795730842944 1.5622959635729572
-20.20923324431243 39.757254092358096 1.561766231695612
-20.218892983479684 40.787422353074504 1.576805501197652
-20.23349663439312 41.78450706951335 1.5786024692393037
-20.226128249007804 42.761606714005154 1.5772692329864404
-20.232104529098958 43.773814256591 1.5717475894606419
-20.242466409881466 44.75663991275769 1.578855783551667
-20.257584116383978 45.76769673373295 1.5774021287477664
-20.26565705248878 46.753619261754686 1.5682530501904972
-20.264972969263464 47.78478309703354 1.571153008626503
-20.27898888558007 48.80737366708671 1.5714306144503924
-20.26882821606952 49.768347482770785 1.5768110451200184
-21.2556647697996 49.788200329553185 -3.130582687247998
-22.272592743183043 49.76342768441697 -3.131561886215633
-23.27019153149692 49.76702170089758 -3.1364826928108474
-24.269305545092145 49.74812628751 -3.1397870774636645
-25.281344111769382 49.74308405864802 -3.133574371798931
-25.27038721958817 48.755067277641174 -1.571803041023363
-25.285147222819386 47.75593130784604 -1.569891216391261
-25.31673202899512 46.756444509228935 -1.5632140997401136
-25.28699115669717 45.74734156296822 -1.5620183798621883
-25.290197937930515 44.76880818218635 -1.5632802029449113
-25.270037786097244 43.74982552538071 -1.572625621424924
-25.282631134131545 42.74892195666026 -1.5688510270711054
-25.250850250688742 41.764894819359604 -1.5611496528356117
-25.259960427461174 40.785102511393355 -1.5647935853228816
-25.26112401182589 39.785582044387326 -1.5533282546032372
-25.247305585133198 38.77196730126159 -1.560062087737342
-25.252925094343865 37.76138153370353 -1.5661596179173187
-25.26331153187599 36.769469462217295 -1.5547467297570174
-25.224714353272283 35.795840439772235 -1.563540550412073
-25.2022427021359 34.81401075067404 -1.5639465877601
-25.190566915864082 33.80641393580744 -1.5654610290852684
-25.203630110358976 32.80109987928124 -1.564978008763145
-25.23202679280493 31.787769462379302 -1.5764538742411351
-25.205556039631947 30.783001176595036 -1.5754899635306387
-25.22376956721125 29.784577994962753 -1.5710001472775106
-25.21370906363863 28.808279507229713 -1.5703222973717648
-25.215934019221642 27.821529461471105 -1.5679500751474778
-25.209108681622734 26.817543962583432 -1.5733466317999385
-25.195469684747664 25.803460394445448 -1.5604851482237714
-25.17923472883895 24.809833962655688 -1.5743560775987653
-25.19863937608203 23.816888276709676 -1.57294854352853
-25.192982026408426 22.803071689987863 -1.5559129063410089
-25.15375378034155 21.804883219535757 -1.5647596747591954
-25.17931352886373 20.817737786293694 -1.5577834943272084
-25.145118257336534 19.82733235258532 -1.5639497674661091
-25.156053096098756 18.8204377688585 -1.5499790781038434
-25.130220792923016 17.818063269184986 -1.5483752975465934
-25.107745876105326 16.83903177335739 -1.5466664398440266
-25.090678203516337 15.875402918741392 -1.563301061342199
-25.093400972846517 14.83525264632577 -1.5687432505089915
-25.08745288199191 13.836242421533804 -1.5597571152160512
-25.078301409520122 12.852268766182183 -1.5522756238605813
-25.090847693766417 11.804304690698226 -1.5598538438259184
-25.071904775041542 10.83213314241959 -1.575949463275324
-25.072913628746267 9.838739772039297 -1.5782278669807102
-25.066980753826552 8.866658030508095 -1.5687209475665755
-25.05341655119476 7.895471799740378 -1.557510961387519
-25.05212617202992 6.9170613900511775 -1.5440974693935205
-25.0410018245735 5.909674623980814 -1.5516624339764968
-25.031503880635015 4.903301389152129 -1.5464043364223468
-24.99666865527275 3.8799215307476453 -1.5620607971068563
-24.962592420539753 2.935693442448181 -1.5616374214726487
-24.954781490431344 1.9147896791079009 -1.5508967415242239
-24.92140878994541 0.9012813840188073 -1.5585615459242126
-24.909761946949544 -0.12045825283222218 -1.5709892982367033
-24.9368034038764 -1.1131822847527157 -1.5707905410590528
-24.946502129963203 -2.109897034766018 -1.566789829424929
-24.96726024496349 -3.104180808959243 -1.5526260247513866
-24.95448941373221 -4.133800449952739 -1.5674154624599392
-24.93975842473801 -5.143136495057375 -1.5629834886838958
-24.964977095410042 -6.134515739776712 -1.5658010154480853
-24.969799225486856 -7.1310878602343655 -1.5604662651068908
-24.941483799110415 -8.131541387142905 -1.5634365478552166
-24.947291455316442 -9.118276040002915 -1.5625994898937092
-24.93879931293841 -10.115881233863293 -1.566745031351328
-24.94846291703523 -11.142198511921823 -1.562788911577192
-24.932330391843102 -12.144152905125319 -1.5703660405706417
-24.94484792044135 -13.149835421573627 -1.562003120913787
-24.945131662463442 -14.142697170463848 -1.5387359674708734
-24.924931075104514 -15.142238741507168 -1.5462258175787673
-25.90383531842033 -15.139316537011718 -3.138328980152563
-26.885659940597574 -15.143846662631807 3.12809201525373
-27.925572955773198 -15.152887782808651 -3.1356422562491755
-28.988841203848736 -15.13586892279917 -3.1317330961597487
-29.988819349237684 -15.180084501609933 -3.1218571799115704
-30.989904861138406 -15.204066722957263 -3.127001358112963
-31.999023315040017 -15.206789150297979 -3.141253589659715
-32.964173467739975 -15.198682407772054 -3.1414709100408467
-33.93707629926784 -15.197604419266822 3.1380331302068822
-34.93875419416149 -15.171290299631229 -3.13647649306466
-34.93755889945896 -16.189654910508374 -1.5598561959492931
-34.89614018971397 -17.193914634405985 -1.563979747954097
-34.92045176905803 -18.204177744696054 -1.5532606355917922
-34.9056295671834 -19.194032329263795 -1.562117534155105
-34.86787264688707 -20.20430291749786 -1.5690626328461241
-34.83795101017254 -21.212208558976155 -1.5666792762990776
-34.86203850151219 -22.21586215504155 -1.5575637022749074
-34.85186778742 -23.221523431151397 -1.5565879509390874
-34.831604311956525 -24.214009670305657 -1.5656012041030283
-34.82723127646128 -25.22656125885147 -1.5676476804967825
-34.79756961133357 -26.20328276398068 -1.5622519760589317
-34.78387694082596 -27.1978172493182 -1.5660277191197731
-34.779417747127624 -28.192108856199866 -1.5691843607888596
-34.77660174388489 -29.18255546065463 -1.572219297607155
-34.758726515517 -30.20794595167929 -1.5770455661813128
-34.7888910639977 -31.21902936740944 -1.5706871182728124
-34.7790396019337 -32.22218023372366 -1.5678701679651312
-34.760793193432136 -33.22022135548481 -1.570729653849357
-34.7532533301955 -34.21001249480028 -1.5766348835123671
-34.7974852350806 -35.20494519947132 -1.5727557528856422
-34.80807126515591 -36.21701963907858 -1.5606495094700366
-34.76660801016485 -37.19744699095186 -1.5667672460366389
-34.76687516717762 -38.21521841378198 -1.5643219687892151
-34.77087995029126 -39.20704648500303 -1.5667446019260853
-34.76475627659681 -40.188900232961664 -1.5668702935938883
-34.764328156592185 -41.18898109624892 -1.564151356981232
-34.733580457912126 -42.156617043535945 -1.5556641337918142
-34.73754699525312 -43.17204527069695 -1.5704432923670475
-34.747251790750624 -44.17915254353559 -1.5652310889309038
-34.72394749634076 -45.18913446953454 -1.556245128171941
-34.716108639365814 -46.18689729570247 -1.56027010741316
-34.700896936546265 -47.201205845474796 -1.5697912645647323
-34.73301685022131 -48.2124373015017 -1.564337185739388
-34.72833465160441 -49.18472800833827 -1.5670496468622965
-34.695419699173826 -50.17796269205241 -1.5644296129113355
-35.70213350355689 -50.182338759655316 -3.1296303557225715
-36.696463003562904 -50.19318737742908 -3.1221617384389826
-37.707018702632595 -50.20730430407098 -3.1286922691352594
-38.686279148377245 -50.234651279866554 -3.1381439451386464
-39.68835926336045 -50.22684528949237 -3.13190374328938
-40.69154019085582 -50.23891121647834 -3.130157442713844
-41.69985458679663 -50.258730900102464 -3.134078866470747
-42.69489170727018 -50.25188557905221 -3.1395046877042754
-43.71129031601629 -50.241118736919006 -3.1303291873423102
-44.70123907483682 -50.237314964863394 -3.1324361984773486
-45.678453797084146 -50.24768611097511 -3.1335959618678206
-46.695018447131496 -50.28063894693587 3.1344696773374126
-47.70472159358819 -50.280658194941296 -3.132186512173958
-48.688129953003504 -50.29078071124184 -3.1394675907451965
-49.685329575236416 -50.283935506289964 -3.1405176691523935
-49.6927557861103 -51.30010752832703 -1.5631748937274608
-49.68302189617227 -52.290501484041506 -1.5612421189795025
-49.65693977963529 -53.2988596170134 -1.568868790617686
-49.66523369391337 -54.300823285439726 -1.5645303311719179
-49.662598769883665 -55.30063470854469 -1.559471728971647
-48.66271348528486 -55.30531323019175 0.007079753112817534
-47.66006666752587 -55.30343226665257 0.007638763536228671
-46.66997728320996 -55.28353410173896 -0.002349150682403635
-45.66068954022191 -55.282827247626365 0.019084750701212436
-44.67031952320066 -55.27102942982624 0.0037615608384574326
-44.66589469510682 -54.24457365309455 1.5831796607071722
-44.706920909743395 -53.26760217515994 1.5844427369030358
-44.68168746007704 -52.2772557655592 1.584965282780644
-44.6966693482667 -51.24956436501789 1.5780662664022622
-44.68362767890592 -50.25799451713978 1.5765319216848934
-44.68806860486909 -49.26831354692078 1.565826300242846
-44.6920867323019 -48.25465609678963 1.5761523727816171
-44.719733223071984 -47.25730750289938 1.5803972033890537
-44.72014729725469 -46.24778218778868 1.5697292865184558
-44.73643264184745 -45.268552075318055 1.5680343233603273
-43.74537874666788 -45.27028979482493 0.004909514994346419
-42.769652355784835 -45.233077635750014 0.008941107329705641
-41.73541434022635 -45.199621641168505 -0.0027337924697128984
-40.75703385399058 -45.219828375191994 0.003305496025232157
-39.7407355792891 -45.227686129730564 0.0038719057054579635
-38.75732802478963 -45.21114314067254 0.0015620945652310165
-37.743771541605824 -45.21336556234417 0.0016513868952793976
-36.743100355686245 -45.210435893064215 0.006870843588017902
-35.70531984487581 -45.20499613137709 0.02287855986817926
-34.70759293216973 -45.19105615016751 0.011695331010658306
-33.709294219101785 -45.1617497848661 0.007400838482185058
-32.72818140118613 -45.14263982526439 -0.008046540291220096
-31.749192908985616 -45.20198002812548 -0.0038282489896990534
-30.749382636671385 -45.17192346615551 0.014957764728538306
-29.754032884327625 -45.18734693742482 -0.00011533073342668521
-28.75032151997446 -45.184529763565706 -0.0020496429760907273
-27.710634832253056 -45.180769542262816 0.0013888121160118047
-26.716849726780357 -45.16498428408238 -0.00023569204464381118
-25.73319143562273 -45.15334765949088 -0.0056570832588276766
-24.749017222786144 -45.160431251325704 -0.014133084620502162
-23.73398370046344 -45.152374744313036 -0.010605493836244522
-22.727767521537412 -45.14950188626904 -0.004585909384679167
-21.70179755872279 -45.155435042429545 0.0015384437948435846
-20.697474443775175 -45.16355708674738 0.01635887834599023
-19.70439039849793 -45.14134588949378 0.005433358655190537
-18.701786988248397 -45.14074817462434 0.002657716955582473
-17.714437325859997 -45.11705790171479 0.011602069600180388
-16.712295934309708 -45.11997941325598 0.010648029399298703
-15.71500969160175 -45.13126462157317 0.009581359798639765
-14.721325760275226 -45.11611058298731 0.009232481553484509
-13.713206557885526 -45.08866222944655 0.01102364168598971
-12.703549119987995 -45.07627079084967 0.01559802747085301
-11.709439962241241 -45.06830838616451 0.007980109796479708
-10.6997573248717 -45.07091673412655 0.015388706612879699
-9.701841100982655 -45.04105701733351 0.011551256828615412
-8.705677118971135 -45.03839451287858 0.009953844790447518
-7.690735296457349 -45.031757564708066 0.008797875740278035
-6.698441990367682 -45.035329755091205 0.0025875854675810684
-5.717672984868757 -45.03544029724054 0.007175154372264316
-4.700885187509677 -45.03399670255111 0.01833620191493004
-3.735352302666151 -45.02274228711019 0.0068588985015092105
-2.7538388178169666 -45.01093794747226 -0.0011396968145182891
-1.7470912367100113 -45.00278556380813 0.0047543904103929165
-0.7133575984155411 -44.98041969849594 0.007593390606022007
0.3037436775115334 -44.99475353792156 0.015690187467158338
1.3291821311106355 -44.986557732135665 0.019226192452224043
2.2968327590693605 -44.96489265791782 0.014359979765801079
3.2831298632109562 -44.94717381902889 -0.007149220316385013
4.2867873056590104 -44.96270530531553 0.00512897302340982
5.323981868164453 -44.95146141632438 0.009803701857943456
6.304981682722661 -44.940912638308156 -0.00852744021305347
7.307027807390301 -44.92221257437854 0.0014809175091737802
8.285596950901132 -44.93151937681171 8.983972462519006e-06
9.274592756150222 -44.89717410630319 -0.003587728786294869
10.250716575691738 -44.91605293673774 -0.004792821582167149
11.245020051849384 -44.910727133471006 0.009223619043571316
12.25534985515567 -44.883893204053166 0.006537730154962824
13.239021582114313 -44.89467107340388 0.014203246842537086
14.262551153170667 -44.87660023350697 0.012147678917875375
15.248349483978005 -44.873079410427984 0.0028284457751410657
16.211603573311137 -44.84783260199005 0.002958428535986028
17.208082105036596 -44.83332632574164 0.0031996559247508684
18.226297396346393 -44.85070603296273 0.00482804970868766
19.22900836376504 -44.85602484655065 0.0023349049632607867
20.220870264961817 -44.84015440648315 0.006853948785800482
21.23766279789392 -44.821215465554374 0.013076010802896701
22.241810549120174 -44.81332286876521 0.009602532477190283
23.231171939367183 -44.836706956941946 -0.0009596551992777146
24.22588929773651 -44.831550503881644 0.005983670173168768
25.24211781179819 -44.82536358124594 0.007231808733523395
25.242070867593757 -45.831410079141726 -1.566023067483616
25.25841609596298 -46.798105960805444 -1.5655413786536208
25.27157914456481 -47.82858053297865 -1.5622398662936547
25.281956664975453 -48.80760711368397 -1.5722456511331646
25.265443635788568 -49.80419991911202 -1.5697173487892793
26.25206238157763 -49.805349350884136 0.010873053623190469
27.250616871378543 -49.80442850031201 0.0027636284725750322
28.254592879713055 -49.824619184554365 0.0046230370420434885
29.289300799928593 -49.81387443790794 -0.004500892078969059
30.29541742682758 -49.8241288079588 -0.0063633249805704435
31.291936723300296 -49.832469512422236 -0.005417553612745084
32.29836062323799 -49.83494181780515 0.007224568763657891
33.27850606486745 -49.83777366622341 0.011573174383357478
34.28244047113907 -49.826275616699874 0.007809221103518371
35.292730119714314 -49.80390323877676 0.013819220425565779
36.279723522567295 -49.7955484492607 0.005078057514853793
37.30511205263103 -49.79488872044098 -0.0005972271325160235
38.31299091244969 -49.787991473355156 0.001072945909481494
39.29629880366043 -49.780635921513515 0.008634935348746223
40.298931321924954 -49.79367599351859 0.002478763493667083
41.33047615905586 -49.78273026079356 0.016723918010549323
42.333766624278255 -49.794817356126174 0.01598721510684448
43.286124406494324 -49.786963581021006 0.005693185682916717
44.28268440039119 -49.790978547675714 -0.003803698337884589
45.26065850662013 -49.783579039392585 0.00594620041766546
46.27361557452033 -49.79246411037182 0.0011850165954652072
47.266609059230014 -49.7866307970049 0.0012135089875492302
48.25214480444266 -49.780032876090964 1.014320260319077e-05
49.2371232234879 -49.789870785050105 0.002197678409698897
50.238736180404004 -49.77586931919408 0.0030641693982796326
50.262053911370494 -48.79605160875863 1.5685511428647338
50.238263172725084 -47.78210759985014 1.5728741870106475
50.25543092524173 -46.79211552237876 1.5793347553945158
50.246609000087155 -45.79975159473396 1.5727230053735224
50.23590833710446 -44.76966981578013 1.580086613559112
50.220336884853694 -43.78369589987353 1.5749007608753578
50.220476030361425 -42.78436435185685 1.5786208750102309
50.22677519875257 -41.79152763181154 1.5789564701822494
50.23183347049108 -40.79005260516576 1.5780973546055852
50.2040245572688 -39.79381163012946 1.5772880668064742
50.23180458727117 -38.78404446129998 1.5807935117020502
50.218121821158796 -37.77460636669503 1.580213736437683
50.18113856572909 -36.786852339343255 1.5750094703030906
50.15842724571868 -35.78744572443857 1.5673333536572316
50.18658681408097 -34.77738515303969 1.574594648145075
50.2059802077121 -33.80336699498689 1.5821248261209417
50.187554093765165 -32.80453173690208 1.5750830123968407
50.211769973486774 -31.835425970071384 1.5668244859460285
50.19090880764106 -30.87056528349438 1.5505891364422995
50.18480602728338 -29.834894352593412 1.5619239503984017
50.195645137822204 -28.84784920501972 1.5586873941664878
50.20488028959494 -27.84858973422727 1.5516413561759839
50.22895274596078 -26.824277672647824 1.5583612595870369
50.23777457464132 -25.83322040025125 1.5519200607602641
50.27482074301082 -24.83420875632619 1.5495583233055183
50.28939285703297 -23.840629435449394 1.5479315244825236
50.29030217480692 -22.861392326645557 1.5487332852381994
50.37915190845435 -21.753438894945507 1.590251449826123
50.34832368891017 -20.738881223331298 1.6001054975200766
50.29766364398886 -19.74003930496656 1.6026266990820697
50.25997723649694 -18.729697433764578 1.621520982729259
50.247141100993105 -17.731849241098537 1.5994264586777078
50.22850162591737 -16.735807178357586 1.5980226460577993
50.20861338046444 -15.728461477369015 1.5970864646705685
50.17958680103977 -14.741504556275608 1.593869234725948
50.159070551935876 -13.726613064903026 1.5914168943348854
50.125802203124735 -12.74724459771917 1.5883374022602523
50.107172052813596 -11.751880393177338 1.5857416676018183
50.11104209638279 -10.741300277860066 1.5837373955214689
50.10077166057795 -9.735530976470306 1.5835639935096808
50.08814235791784 -8.72929637111739 1.587068753638891
50.0809969989874 -7.742913204963917 1.5910822634873616
50.06945137800393 -6.740477328771348 1.5789619469130984
50.036560627350205 -5.7587295993907945 1.5866256841269681
50.047322050694994 -4.763957193963763 1.5913858808224333
50.03186185777645 -3.7503540458448166 1.5839798086609957
50.00963486721018 -2.730121454686865 1.5864794949794796
50.01153887583205 -1.7289403083310195 1.5835712266254407
49.99858862510443 -0.7299060299052982 1.586599735913933
49.99289370373039 0.2529804420887003 1.5963409863753393
48.9640355879474 0.23791551310443693 -3.1264127458565922
47.96791706421112 0.24647628603377522 -3.1288645217513715
46.98408656957326 0.2259186576723282 -3.1305150917002256
45.98138159580747 0.21601788803461575 -3.1398311378504475
44.995666146796545 0.19724891100654016 -3.1380719825839374
43.97928729025109 0.20276628701043573 -3.1397605238355464
42.970412957331256 0.18916950962463747 -3.1409260450605347
41.98763553128586 0.16880405365275183 3.133012156727351
41.00106693267791 0.1641670214554604 -3.135279013137916
39.9906405495965 0.16155452052100164 -3.135826645115299
38.96141445630144 0.14608574180029799 3.1313656683446363
37.97812992612707 0.15101776714467657 -3.1384715810108106
36.99388239549546 0.16534369359551587 3.1345660085108
35.980092347970185 0.16256615220150356 3.1335902084644585
34.969738351116256 0.15855084891741147 3.1385849160636354
33.96498802176282 0.16309378580188003 -3.134680815711942
32.92162522097957 0.1417665314298896 -3.1357631265113777
31.943534452708253 0.10320398220272806 -3.1303318047288817
30.94450937952 0.09325851225260905 -3.1341793476048934
29.939614516527094 0.07862303397806693 3.138787240244222
28.95989202720404 0.058177758032357293 3.132495982465902
27.949898905209928 0.08410666690571302 3.1274237770296014
26.958051448184243 0.11844524843709112 3.133341449893532
25.978925385344507 0.12811223455812168 3.134942773194826
24.983795606239322 0.12668865536406954 -3.1383169191882545
24.01417313461718 0.09980140515316603 3.1404726027587992
23.001960715113032 0.12466778996030933 -3.1267487059147845
21.99977156981588 0.11577864734379152 -3.1355347282980737
20.988625000200297 0.10817392723782525 3.1396283742597126
19.994530838528426 0.10796245015775895 3.1411941602300106
18.974101653142803 0.08990503158083159 -3.1379233085060574
17.985241609468748 0.08834206158712885 -3.1282411579774796
16.989579386413578 0.07833470328886354 -3.126652071038515
16.008229098756654 0.08194089203157617 -3.1340083378069035
14.985577615335405 0.080940315998582 3.140236938311128
14.994804885685939 1.064432665209298 1.5653085863016325
14.997465806104772 2.0896746835876967 1.5786646451115522
14.978684501060048 3.079594666637867 1.5802040043552938
14.992470383031964 4.089931399118414 1.5875253959805844
14.95548293744286 5.081653072432453 1.5918166535037903
14.950473295692808 6.072795047209254 1.587723200660013
14.91028614869207 7.05334419641998 1.5809887883438516
14.892547657483576 8.039459818410768 1.5747850511040675
14.91715163153527 9.078293428991481 1.577702147771925
14.898224744311362 10.079462661274592 1.5767430602305441
14.882839644994794 11.048044294161215 1.5880771327966425
14.882142584083317 12.048746607902482 1.5815325996391925
14.896245031616555 13.021901014400912 1.567115257052014
14.899768408306686 14.022285451629429 1.583903221489237
14.892749542456574 15.022379358657377 1.5764123230964737
14.892725070541779 16.01688565206609 1.5695706538095413
14.87543140391681 17.034708122263762 1.5755774143739283
14.887705849774374 18.019097122184995 1.575132249140671
14.88818952773975 19.00552684166047 1.571700965136843
14.884697909766821 20.008910545196677 1.5680888495559675
14.887488651283995 20.99011707056862 1.5693401250322325
14.90789085341749 22.01487638963919 1.5682082163550919
14.887935978833953 22.995484941918065 1.5711162567821804
14.869811749479794 24.01070265886704 1.5703616336399675
14.892211781958451 25.0171426363522 1.5766671187576453
15.893230599491858 25.018030242865255 0.0009224625792499273
16.892267210900542 25.027993344440468 0.008320321150493032
17.87547660476187 25.03513661414788 0.015839342033261174
18.878319457833975 25.047916636844526 0.015158535129122769
19.8917803378495 25.06710615578903 0.015639010131348156
20.905739373954507 25.11446578021525 0.012154477993318718
21.872504468654345 25.109861567355864 0.0014650208048892746
22.837829454336347 25.09994637384142 0.012718841151926752
23.843882398619726 25.130180823262517 0.01843841885394642
24.81744600105546 25.148705211495244 0.006485536286775958
25.83256748997306 25.12551136287246 0.00884511963507306
26.83574059625067 25.141872896803456 0.00740748843935252
27.850988083277247 25.12113342519278 0.006060507086085096
28.808868008417186 25.12150661770081 -0.005325969388003719
29.842466011417912 25.101412563867264 -0.0022207246568505907
30.849900159077805 25.122184949364915 0.00048169608893198525
31.8668956653356 25.11774366633308 0.002041209335025666
32.86940446257001 25.134931300185446 0.0005251768571931007
33.87599261555652 25.123694376152777 -0.002808174528544236
34.872976219285306 25.12529355876313 -0.0033333681925881214
35.87133651136083 25.15160795195681 0.005146838343830636
36.84583187350734 25.167136772094818 0.0023021783103122115
37.84790896903381 25.16435880743176 0.0016357914704957458
38.84919248741607 25.155568983963292 0.007245022829435773
39.84108915736381 25.1635151348339 0.009723335650680733
40.85099926366624 25.196563369696914 0.01501168943383069
41.86327539676639 25.219884293033097 0.002300974717549799
42.85139016867007 25.210884016201035 0.00701608709162153
43.83855306737548 25.218870198788082 0.0027776629760161817
44.85357475550257 25.206225240983148 0.012106855949001004
45.85855524701088 25.21997928978428 0.010158225739102989
46.87577537815242 25.243378429748425 0.009065875304592907
47.85711248729538 25.228117449080642 0.009556435384269066
48.8585409539076 25.253894033883846 0.013245402682273937
49.84066174732058 25.263007055955363 0.006101090681852907
49.83750081994403 26.262695084705243 1.5724492457948362
49.82830784106649 27.241331320682693 1.5719008126288145
49.851570101121624 28.24797076660775 1.5707186268285098
49.83795778844711 29.243812366948916 1.5727426586716051
49.82045810776282 30.228302297439356 1.5765087226473062
49.81326746620143 31.227407648894047 1.5709061575023116
49.80566670249711 32.21682967144508 1.5743518914701007
49.807262634497945 33.216686685400596 1.57101439567321
49.81688217656376 34.20896220572198 1.5708813534619042
49.812230417301045 35.231767047200165 1.5754726445736518
49.80274142307849 36.21414877395525 1.5627663489783972
49.80868071128029 37.21488178121893 1.567561471749072
49.802818062982105 38.22240323413333 1.5655193941226593
49.771789839814346 39.23367148794206 1.5721709209031578
49.79695410961368 40.23256879007388 1.5719756170865982
49.8250796500782 41.22700288261386 1.559485888860301
49.83609470971249 42.22261521775969 1.5675284586923475
49.806000198786734 43.20763347388713 1.5665651668641507
49.795542951591344 44.23140579112329 1.5762537911778034
49.78312438310071 45.24610962847315 1.5693052053669225
49.78484323574938 46.23638580457949 1.5727307005058875
49.79411899008614 47.22066520085662 1.5775201272039554
49.78897861230493 48.21128941664682 1.5706922904621163
49.78169115285259 49.23045114960603 1.5746764573507377
49.781396411649936 50.25359929100493 1.571156924176863
48.78548571303376 50.21878073326404 -3.1318324832853914
47.78976315369103 50.21074314687372 -3.138357427053258
46.786547415264145 50.21846311176968 3.1348558457364573
45.794865552394754 50.211291874902365 3.139800032582107
44.79093323311196 50.22192578799798 -3.1415884572577086
43.79335593588052 50.211420483349144 3.1376568051979676
42.78669230913129 50.219553032933206 -3.1412268666736725
41.78986853932594 50.23741512399536 3.1353394415361002
40.76062512667018 50.223224796802114 -3.14102354310675
39.7734277990771 50.226306958987514 -3.1397566918546818
38.77583416227161 50.220316736141356 -3.1342162893550847
37.76032708156626 50.20310686673628 -3.1385042906805194
36.74200331444046 50.23587658986855 -3.1248968000849966
35.74182442432402 50.21922066292131 -3.1347533223681823
34.73896192798034 50.18303468263916 -3.123075981670116
33.76211215729274 50.15055521928749 -3.1167484431736305
32.75816224003009 50.126026365096855 -3.1164788054509165
31.751677991732826 50.11654554819249 -3.128986012355412
30.760703467611453 50.12327220180942 -3.115812673945851
29.76430335673244 50.13327478814857 -3.1248283590200723
28.749848880171143 50.08836763032255 -3.1229451265270765
27.760745823155816 50.07668727241851 -3.11937071988138
26.78321879348037 50.07437819039278 -3.1157778449613467
25.783435606733814 50.063915081186934 -3.1295736745101457
24.77564022336563 50.06944656847715 -3.132511951683665
23.763020432747748 50.0243882108114 -3.136338579131535
22.759000064040897 50.015158812373414 -3.134019650956438
21.760389693676807 50.00094686324832 3.13915020806385
20.74469713388072 50.01340678047535 3.1372397935638325
19.751329653404404 50.02107395557819 3.1328350497163324
18.74780457081829 50.02889834075138 -3.1334887646965788
17.75725267859365 50.00929104160188 -3.13721850839285
16.75443883086863 50.03251061319994 -3.1343674088212667
15.732023967988917 50.03260498025264 -3.1388371667302715
14.739225058064841 50.013076671697135 -3.1336653533753713
13.767006615440597 49.99236283095609 -3.136701709066287
12.770322642435321 49.99082638408035 -3.125489192568742
11.760954021977431 49.98625370422578 -3.124671389069061
10.732845191618178 49.973490348329314 -3.138975264247802
9.750239118119412 49.9896058442992 -3.141319006193309
8.744959138730575 49.97518679920264 -3.13536147496104
7.747265459855038 49.961242239674775 -3.1348712961354295
6.749765771816148 49.982431401801186 -3.13371750850966
5.757104399781245 49.96572086641964 -3.1361065415950407
4.743416338907541 49.94426774868714 3.1402725012269372
3.73778531843228 49.95336031129435 -3.1312298228219086
2.7352448393319873 49.91515187899175 -3.1335529047095583
1.722121606939769 49.927217819101266 -3.1285265205539603
0.7445955984994413 49.91584456953867 -3.131050930390148
-0.2596364937433135 49.91005918356785 -3.1387325650895748
-1.2549229985569752 49.89332279998341 -3.1250355684546647
-2.2585969512076782 49.89025279801678 -3.1331565974209314
-3.2799717758596896 49.88270261827693 -3.122931247646949
-4.2678987571243 49.87891870465837 -3.123911796316048
-5.255011847228075 49.854076216955754 -3.1162017106913917
-6.267553337292261 49.866217576781196 -3.122860337422572
-7.290624355039915 49.838582676049136 -3.127784368685321
-8.295661949542131 49.80897193111983 -3.135409753252169
-9.273034753845335 49.8137502113646 -3.137919195223083
-10.258547506715077 49.82431703174956 -3.1389311669656075
-11.265275464809093 49.79412028124461 -3.1367411042103193
-12.263673426386207 49.81898635329908 -3.1404433191094125
-13.239803493675153 49.83076255466518 -3.1331514645129843
-14.236332045260195 49.808528218373326 -3.1392465027118264
-15.267865345272742 49.78169626639278 -3.137214341675482
-16.271656551234948 49.80511598188742 -3.136253923986306
-17.269013235162582 49.78019880642126 3.135742154393179
-18.27155483858738 49.79233195724724 -3.134857913925056
-19.272289490690916 49.77747442911779 -3.1394375911829124
-20.263716632073095 49.76716693901918 -3.13888764306209
-20.2610807716113 48.7759924111701 -1.5686626370270713
-20.25417482553568 47.78100951087372 -1.5660387339953334
-20.2575468808677 46.773685193415346 -1.565622728140214
-20.266488312255923 45.74686804748507 -1.5634870290292069
-20.25246947209368 44.785742818283815 -1.5634908059359949
-19.249043698589304 44.79867915896956 0.0027147487054112983
-18.245170912489428 44.81516719345054 0.003626482323477431
-17.250900541332243 44.814786078650215 -0.006974368017780705
-16.264066623030853 44.83014509229175 0.004751684259421481
-15.249866247507377 44.839649384565234 0.0032743906135015875
-14.265026987020597 44.832014506669836 0.008571599910555262
-13.277619588128186 44.84842759851211 0.010681458561007913
-12.272696454310143 44.86202663009354 -0.0038706822734007515
-11.261486969162558 44.84664067813032 0.006224683197279712
-10.25604614232926 44.85664791318876 0.010409874915883082
-10.255673366327768 43.8575381680683 -1.564519331584174
-10.248259771675336 42.85116783286349 -1.5647183330711596
-10.22028131280282 41.8543259259749 -1.5727782184098054
-10.25190057837502 40.84511897127752 -1.5704983720524859
-10.253997034069315 39.852096220653635 -1.5689383114812632
-10.261893800503609 38.85485955925944 -1.5668172052708
-10.28152423919998 37.86665694128564 -1.561767053728632
-10.28226252333413 36.88693622385374 -1.56045881738764
-10.260119253454707 35.883044863910555 -1.5608287972475248
-10.231112837690697 34.872145285107244 -1.5398644252645985
-10.211398453539713 33.84308727326923 -1.538848865698524
-10.190141378684313 32.85825636964005 -1.557980889529744
-10.188300299525356 31.863238081086894 -1.550995871673537
-10.174442027070006 30.877621134920386 -1.5592403253298266
-10.17104700917307 29.89568142263546 -1.5522364422637576
-10.16630129731176 28.906157612268913 -1.5541994098044025
-10.171474352111527 27.912082151261348 -1.5599209180658444
-10.128878152546958 26.898633614243018 -1.5536424173074497
-10.14733115804173 25.898449068182 -1.5493309339856596
-10.115165269175089 24.895316680945765 -1.5399105522017358
-11.129447641212959 24.89287666686867 -3.122122384536151
-12.144496208204705 24.87365021936982 -3.115897010480749
-13.1088010801669 24.871432797036114 -3.129414286538988
-14.13449560516191 24.87719203538692 -3.130155485397829
-15.159322569892627 24.88295378221455 -3.1332895497554407
-15.152502488196093 23.848814203299543 -1.5627065661097526
-15.127335083234348 22.85800618145088 -1.5605097824234997
-15.123248593601646 21.85439828362772 -1.5479671943512403
-15.106835333676656 20.874495920011462 -1.5453739671549227
-15.095169175273533 19.845699852644795 -1.553644732843553
-15.090228232439836 18.84902622116953 -1.5679958581010853
-15.11984328797724 17.83806792934356 -1.5452394721941538
-15.082041723716134 16.878756611817522 -1.5465485814751014
-15.077666818459752 15.911607364984736 -1.5582703255002366
-15.049342740895629 14.913132223609539 -1.5679646746635496
-14.065467468545126 14.912642675576135 -0.0035083500181501107
-13.043311879927893 14.930793301112944 0.0003838755936000431
-12.077759976647892 14.924546048581302 -0.0014073666321423
-11.088186473323985 14.9226837092842 0.003233924975429004
-10.068730719622955 14.936580409370551 0.007481697708554472
-9.07237475148348 14.946109586219874 0.0044292627918797066
-8.083659095302563 14.969598500833834 0.0018907859662813068
-7.095446180513602 14.960088618292433 0.0007406191739806683
-6.09608696125685 14.971752633316939 0.003787393973745787
-5.099691970330719 14.966846687536393 0.0068862633381543865
-4.102938896636778 14.989826081215389 0.0013372232350101368
-3.1085459294534803 14.980476063930608 0.00458536314019254
-2.112899680126804 14.96667028004296 0.004342444831634384
-1.1187352785082159 14.977889725628598 0.01161787896540907
-0.14188531889089864 15.012165901513955 0.005025780542384476
-0.11291807525230688 16.02380734183813 1.5822002378499245
-0.11557922728310353 17.000221281157362 1.5780524893407342
-0.09131598613248894 17.98437326144288 1.5808270551277617
-0.11511880728796958 18.975376268209697 1.5783726435291539
-0.11845777554294412 19.986712640971145 1.5679362700796033
0.8961218676322781 20.00189834121626 0.0012020283312515064
1.8666667507942147 20.0032779248497 0.004090405241165569
2.871606381017234 20.02660900951519 0.0006202295420453383
3.8662990217467983 20.02035380858875 -0.0012873155460883913
4.880434420683966 20.01102402123459 -0.003961959665001728
5.88847905489589 20.00324801237087 0.0011248791610220822
6.893318655063857 20.014403780835025 0.006732732231978205
7.892973728269098 20.025508292017964 -0.005589533878347135
8.892684765600213 20.00396551840565 -0.00420182281978622
9.895562680307401 20.005049105578728 -0.007030641304148361
10.897248263604602 20.004738510049236 -0.007399135887864299
11.89381034821633 20.004065401193753 -0.005300009926338014
12.882809516726835 19.998012385957093 0.004414554088869342
13.878739603657536 20.01851818133426 0.00011062887175445408
14.890913037874535 20.021742555891482 -0.00502568296480712
14.897867154417089 21.00923575059765 1.576021697310041
14.899081821687954 22.009387874386324 1.5652805768662381
14.893707145469604 23.017269849508743 1.5760615518744825
14.88143374504761 24.03380390918765 1.5724286214709307
14.934518106388758 25.031162110606363 1.5796067667424598
14.896141978751116 26.022225464925178 1.584898261983211
14.892787171113866 26.99945526976163 1.5724127230994676
14.90256557917783 27.98908436635205 1.5688046112012983
14.892436730743787 29.00836231434649 1.5742616943077201
14.918162048291437 30.01707746756175 1.5800535232424995
14.905540475513199 31.033237821430212 1.5886126235887985
14.86611031420414 32.037719468668435 1.5804669086620615
14.855602554025598 33.02352063763133 1.5788039769450524
14.852070324653623 34.04293966268505 1.580640867607292
14.853436263729371 35.05898292367614 1.5828349019631256
14.81112748431783 36.04006328041942 1.5745906126399483
14.827394721650819 37.01630350375354 1.5797209316841263
14.816627860124697 38.035176015839454 1.5778063243857157
14.809753837455599 39.06681804294938 1.5774085144562797
14.792845594637434 40.057247387598636 1.58503252796767
14.788608002709642 41.02882962227017 1.5833468329062579
14.805669708460014 42.016242017835694 1.579479960556727
14.784033619467802 43.010713876124136 1.5662472067757773
14.791119054846698 44.02537386078866 1.5702913076473506
14.77842270309162 45.01523298385346 1.5813317816246848
14.761203136316784 46.004441973837324 1.576605799215808
14.76723854324603 47.01936008232303 1.575511293520043
14.7580104161956 47.994010025889494 1.5765434219423349
14.758499123753522 48.988410931280676 1.5725099998419538
14.748084100758598 50.002701655048 1.574282711873882
15.73891205188491 50.01001385956031 -0.002921810095783657
16.74746196338625 50.01561822333283 0.0013795955390874114
17.75354767920358 50.03447872741003 0.0029933246274700762
18.74718874730152 50.03792767273326 -0.010918921648732349
19.764095912049246 50.01458603200714 -0.0004984791431103002
20.74589179743056 50.000643304578 0.004568618766360049
21.733066212932805 50.023486826967 0.011754068349131517
22.758240122848306 50.02458831304148 0.01972780089754344
23.778035134082238 50.034082321324206 0.01700141537909042
24.7487847251651 50.043104207343234 0.022690663173860235
25.76025983349279 50.0538774769791 0.024167701003951738
26.78787750421274 50.087527281243695 0.01908563287449204
27.781144090717348 50.08228042721902 0.022246418976605172
28.75076760255211 50.086407024051404 0.02941912975852321
29.786645933461394 50.11241044169468 0.026420326535506494
30.767315005402647 50.13523738821401 0.012340706549512552
31.755081137918193 50.136153755748836 0.019374698521809997
32.76501602112697 50.136223337566726 0.02805545699820289
33.76623559840034 50.17029738932757 0.011359509146254521
34.766006945112686 50.182263834931405 0.002351237246935551
34.764649114594064 49.182801454168825 -1.5730680769315166
34.751883659143694 48.17808835790878 -1.5684112410984692
34.75806081643256 47.19667753766426 -1.5695874704089503
34.770505973666815 46.21830999099722 -1.5673560456217261
34.80466904873546 45.24810321292932 -1.5672602530002064
34.80408206092945 44.23721082370969 -1.5708720388222868
34.79787150180933 43.22387024152559 -1.5772305266403894
34.79913958342382 42.226109515544174 -1.5829192865222412
34.807559952371115 41.22202716810229 -1.5836107886651327
34.813053654013665 40.219452469902336 -1.579764601498162
34.798963833325736 39.18212886869361 -1.571966472315383
34.78753881879047 38.18645425279902 -1.5622611588491446
34.79729233781943 37.2041367350617 -1.5558713373981308
34.79169272784126 36.17245734684301 -1.5624197250480172
34.786134868919305 35.16624915863649 -1.5580278491449768
33.80662136499239 35.13425469652257 -3.1262001514745323
32.823620688649626 35.09627035080525 -3.1271971508445904
31.822545343336305 35.048578585121895 -3.1348411909700418
30.835820953969847 35.084226554481496 -3.133856960454192
29.835308528823074 35.05034245971108 -3.138384530128345
28.84939514392487 35.028121624531096 3.1413719909515914
27.84709298559227 35.01885786051022 3.1201412258813477
26.859871636332596 35.058638039967946 3.1248924797383952
25.866334827934907 35.0996244790038 3.1221148550827533
24.898706198170387 35.126724656171874 -3.137932592013675
23.87019952394806 35.11133362556719 3.1394025520426303
22.858074630792814 35.102110757450696 -3.1260101009716212
21.86213042788228 35.1040818526705 -3.1341144585395058
20.85450816540941 35.093932477078035 -3.139412514424091
19.827096713255738 35.05605464166381 -3.1371857389579314
18.816219013412738 35.06945157687863 -3.132422734607063
17.808624724306945 35.05671216998139 -3.1363696765001308
16.83318962318132 35.06659524168204 -3.1333269745940067
15.837464657543508 35.0578229886001 -3.134346337318308
14.857919536161393 35.05038713529766 -3.129815397354076
13.840992768747778 35.028802225522526 -3.1219745186133228
12.835741900442796 35.00872237547239 -3.1280591632353856
11.845823819191835 34.99960716843683 -3.139070768062025
10.857664616824675 35.00870957694661 -3.1402243343147744
9.855400148192286 35.018872522558695 -3.138300572819875
8.860440935831274 35.01446407009738 -3.140637927138566
7.890086301359699 35.01303192930229 3.1369802603810535
6.862063684199249 34.963839960196474 3.1338300519731845
5.849390506484947 34.98316072361855 3.1403380135294787
4.827242102114571 34.988742563176764 -3.140998235921754
3.853883371226567 34.969770407775236 -3.138556903252166
2.8319207568379325 34.977562427612014 -3.1409804052166956
1.811682367962955 34.966028082117646 -3.1319832270428454
0.7977004656679544 34.96241077049281 3.139936189203332
-0.19437099975961444 34.99158049330442 3.139037861777888
-0.17589787741220206 33.97781261408655 -1.572152053030333
-0.15098445109696654 32.94267309295854 -1.5829575074254334
-0.13179671621314187 31.939322960462928 -1.5700497185278384
-0.1552570392602758 30.944769860358413 -1.5779624530418215
-0.15339383001691048 29.935133566603202 -1.5670551323093467
-1.1429301852793994 29.93844025249526 3.1407111329422257
-2.141832730782888 29.942916426857895 -3.140340741146378
-3.1517220139305615 29.94681972988139 -3.131559467221699
-4.190286669726147 29.957431344670187 -3.1327370986094847
-5.187241094642884 29.94120085066441 -3.138806582045444
-6.174461317822157 29.943092615823108 -3.1364164307951348
-7.194576567904503 29.912804729003078 -3.1277260139144265
-8.194681134676777 29.896534613199275 -3.1354122677079315
-9.1805960949545 29.907976923164313 -3.1234982053298657
-10.189362018008772 29.888600649511755 3.1403121299044194
-11.181009319871718 29.895120786213823 -3.1241788526352012
-12.152795615526346 29.88452581776113 -3.120957861814256
-13.146070267224585 29.856772775853248 -3.1254760220280975
-14.160334825506707 29.83705306305291 -3.118989211064097
-15.149564878376857 29.841252050244847 -3.124601551109228
-16.17712705744013 29.82674552269996 -3.1384616540130637
-17.16532102510071 29.80942044395302 -3.122113749608166
-18.19496684913907 29.789789405063985 -3.130275719535041
-19.20888427112525 29.788167882628336 -3.1386354278718414
-20.215331825018705 29.79903893998457 3.1412162274343047
-21.205114265834396 29.79894050568886 3.140819764886367
-22.193049912263845 29.767386555747386 3.131025618113938
-23.201174166160587 29.789940379880683 3.1294138066305894
-24.204356902334396 29.761314966107744 3.130748434585105
-25.216732623228296 29.787817455833846 3.1391964525427762
-26.22269197321792 29.814309697000855 -3.1356542599498196
-27.243328253756733 29.759591614592058 -3.1338713827278557
-28.225833174645217 29.753460873842172 -3.123157663536557
-29.23234646726779 29.774065047624262 -3.134823522812518
-30.222171144525895 29.776805489319294 -3.130041963519759
-31.224702545239474 29.777527571717105 3.1376868853551816
-32.22018769001381 29.779863170697805 -3.1382005375464646
-33.20402917549361 29.77763752561895 3.1337059829939977
-34.18446777922891 29.773594981819834 -3.132414663242312
-35.17431980976539 29.77217181277618 3.1410026300654574
-36.17389628535091 29.75287191818055 -3.1329865446322187
-37.168101435733796 29.757999883134993 -3.1273000319393787
-38.15590850746235 29.750281937524555 3.1393846784778052
-39.1736821438231 29.74949355460848 -3.13126575785068
-40.18472581272308 29.74630378453779 -3.134425956696963
-41.16810862745935 29.741920047525653 -3.1229359883596675
-42.15125999662269 29.697905281300358 -3.1315991311718174
-43.125959117517844 29.700325172027036 -3.1262046156513623
-44.16128124353749 29.70008538897472 -3.126063826462473
-45.17143211206773 29.692709952598857 -3.133125118103338
-46.1762575010016 29.707730150680273 -3.1239210752133673
-47.18343298618242 29.68436442456525 -3.1397853550937525
-48.20610075021968 29.711090643066317 3.14004163922876
-49.2033497786637 29.720820622501055 3.1414994149049553
-50.188385781332784 29.72920913349759 -3.1414457342175623
-50.19169578939021 30.716414250854896 1.5739077480832744
-50.19732986742555 31.70660452553708 1.5805545936971426
-50.20092650717141 32.686667326401476 1.5763491174391013
-50.20011819901667 33.70903379403154 1.5688304654370941
-50.2122250877995 34.70367577272694 1.571274431970755
-50.18526424152542 35.69229243065403 1.576453266097827
-50.20755991024159 36.70015150271158 1.574046300663641
-50.203537242106385 37.69416410613975 1.5725519998787176
-50.21149857996512 38.71519150803347 1.5721315648191232
-50.197046750477845 39.68683689368546 1.5840665064783703
-50.206005118805855 40.71521323112523 1.572997286771188
-50.233380707903606 41.70732814737635 1.5686468323894842
-50.2278107952996 42.71060259740111 1.5721183722944583
-50.24984694854605 43.701083816799894 1.5702877250083327
-50.25090550999054 44.697857739214285 1.5729199233573694
-49.25984221040727 44.70696446944219 0.0020154493998964526
-48.2558258430053 44.71822628582894 -0.00039876561933518663
-47.265905865606285 44.726735537435246 -0.0022820478387834456
-46.262110095586046 44.731745048611636 -0.0014075523278572423
-45.26322917807294 44.720125039942246 0.0024907857371426582
-44.26784418456876 44.73889248134995 0.0003400200907966989
-43.24288997258954 44.72358600504915 0.003713178355070652
-42.23928528923031 44.70429393544369 -0.00025077290160963864
-41.26486840450412 44.7206965516231 0.009287785784007524
-40.27428808725231 44.72497038357565 0.022772627285827313
-39.25719190188076 44.73777738279314 0.013558601845689503
-38.25359176413029 44.76309611091382 0.017626550623314394
-37.24172741553037 44.75199825327195 0.011226074918758532
-36.254921912336066 44.74492930313817 -0.0006897233203703632
-35.2438191301158 44.74111550572949 -0.005461651043456755
-34.24885032554904 44.73276920560221 0.0009036735507026019
-33.26518182142633 44.7305344278153 0.0009011490698518952
-32.284211367193805 44.71774496351649 -0.018900295697262967
-31.2697414184363 44.71762536366984 -0.013164585508638181
-30.24697878029779 44.71472488654898 -0.0006981071415018915
-29.249370196414255 44.71408147552443 0.0031220407001504805
-28.288942529921947 44.73256821161372 0.008055958470545107
-27.294224893621752 44.7488099047298 0.0066588411532920245
-26.28935173204033 44.715936746480054 0.0007953493045429635
-25.28961231357082 44.737079984829315 -0.004038348948901955
-24.285401384953293 44.751425707616555 0.005594088341179811
-23.28280319085908 44.754036261276944 0.002433521440506131
-22.245824396228016 44.77078245655055 0.008748870560353054
-21.230471881634358 44.777787166820374 0.015845421640334645
-20.228601943318157 44.78550839350035 0.009571454346890867
-19.22970180269423 44.767229407700725 0.003888549106762175
-18.249666746683292 44.79447724239445 0.01322267020008184
-17.25429214129883 44.81228284076513 0.012420156462725741
-16.229043152598106 44.834360788741996 0.00815689782790261
-15.251969295648493 44.850953402138266 0.005294312705639426
-14.261193887269403 44.81921976089305 0.009127013496866346
-13.2781372694458 44.81520077442756 0.007159864148220026
-12.258998431657183 44.833513921142 0.00882604007823021
-11.253887542766352 44.849886844319116 0.012010572979352976
-10.24643015193651 44.862571034006336 0.0023192431732981106
-9.277786030988063 44.85193648612552 -0.009306285182014819
-8.300179444997276 44.864750818408176 -0.005854261752695699
-7.275721976930084 44.867205039794406 -0.006751740160035656
-6.259973043879014 44.86659489215676 0.009597245591793237
-5.248747313535777 44.889869590068436 0.020106838782913812
-4.225279686851891 44.91402355275825 0.017054046616878846
-3.244929275964901 44.93622865475467 -0.013902872115365825
-2.210663651775553 44.92837474637819 -0.008349906426383004
-1.2304789272718153 44.93786308967443 -0.017415595569907384
-0.20212698221325612 44.94313441416383 -0.020032326623270435
0.8002795565767613 44.954008562810856 -0.014541678780400927
1.7953438930038943 44.93808723365765 -0.012127725663470758
2.762757113706462 44.92006135452978 -0.0027905812225590574
3.7723171718313813 44.939989283902015 0.0008300908568416751
4.766060116930154 44.94290316442464 0.0004127818400335344
5.770511593269177 44.949607572185215 -0.002283946229696903
6.778622881860492 44.97965708858343 -0.001832773464960626
7.7822997676986425 44.98686989020643 0.0016379087969247798
8.785813836701289 44.986397651062354 0.005250657562253925
9.771215902372075 44.997367771218165 0.0010251765607562037
10.762644495543562 45.01459293352596 -0.0037620270766500047
11.767925401117822 45.013798974752746 -0.01944478383306751
12.79206504788743 44.99457450835578 -0.01166450525526172
13.793726275083895 45.00506189015133 0.002925759642189623
14.80110445368794 45.00985539698308 0.0016550797093598702
14.806627471378578 43.987736300837575 -1.5777283948630392
14.810070623952447 43.02179272610629 -1.5642484777688261
14.811959815439476 42.0303873802307 -1.5686910937612575
14.827657654547478 41.035894073226025 -1.5705808432219222
14.80602872379891 40.0468332755004 -1.5646781884303917
14.797996267578618 39.05750349242401 -1.5760158608236026
14.807592740320963 38.04648235643513 -1.5703071947216998
14.834606910002151 37.03567194509545 -1.5643789352540953
14.817308264710476 36.046022501870496 -1.5641692849716178
14.849109230495317 35.03503807096541 -1.564021956509547
14.849676121833456 34.0520363161833 -1.5570860037263476
14.858362217173905 33.02878330128339 -1.556076588148137
14.848018962181149 32.055771248646614 -1.5545273766417587
14.865798161069934 31.042181963573576 -1.558142544317096
14.90521104359016 30.02463111943515 -1.5567545404390224
14.91014510935125 29.01596783894556 -1.5643884811793167
14.902776761939919 28.015651394369286 -1.578641132909533
14.888692382498375 27.012133986122173 -1.5752927292345413
14.888267911983277 26.01901045320127 -1.5635224565024743
14.915451909286777 25.03345822304219 -1.572896321093726
14.898302566325922 24.030675256621528 -1.5748577507655441
14.90319748988168 23.020589575841843 -1.5708182180966104
14.88012523109843 22.0138930442093 -1.5680725980707766
14.887887304262017 21.005609705495015 -1.576353822633204
14.877237935511777 20.0001264609193 -1.5626381058392267
14.8989588906655 19.000871620076392 -1.5713085881351965
14.906702348038634 17.9978180779058 -1.5721970459347845
14.879985804465559 17.014786267606596 -1.5686791693891584
14.888600383344391 16.030724858970572 -1.5658122973254216
14.90309562101175 15.013573344429783 -1.571167975844478
13.880521290533412 14.998648828313314 -3.1311383476960457
12.886640342380609 15.0304756063765 3.13853486138118
11.898856574529407 15.044463472563208 -3.137370580206593
10.891322945234645 15.014477620554882 -3.134921203026298
9.892903900032804 15.011408187106957 -3.1409084888125127
8.890645248343482 15.01668002053043 3.139788534231321
7.902542553713247 15.030578369554147 -3.1269659458778545
6.910242827276578 15.008906781233499 -3.1211503229146214
5.887163104241708 15.000480093437186 -3.134765573424142
4.902246124627926 15.002138272341998 3.1412296752516253
4.87217848796908 15.992433031387373 1.577413371955936
4.877111258923985 16.993289291439982 1.5729579844341548
4.891587649699175 17.988768478872846 1.5708159169287228
4.8883062936504285 18.99623005659047 1.5767667718593232
4.877687526109238 20.01047925317628 1.572137530077477
4.882707134364947 21.004605805599958 1.578382124613837
4.894937837369677 22.01188406427719 1.573190744369287
4.866128878394913 23.002445800390372 1.5713158966301983
4.866104299422387 24.00339148739542 1.5745749924789865
4.864784760686629 24.993957735349113 1.5746169336419948
4.897175758445914 25.99966587959828 1.5790272383743922
4.888261813402664 26.995006045054154 1.57251397834559
4.865891288074681 27.99078053598058 1.5751348425692606
4.857050955953495 28.992349115514212 1.5759929959138412
4.857766537268037 29.984803208418615 1.5831972731696027
4.856025412488697 30.97967781688465 1.575635173465729
4.867560615166748 31.975719443435686 1.5765854192780349
4.834631794280672 32.97071685637585 1.567516475726518
4.8206430549239805 33.98247203540404 1.5584072845615446
4.816128574697979 34.99497474984126 1.5635216964331629
4.834852492855158 36.0145334386233 1.5718292246357342
4.837735830206356 36.97850533737296 1.564965579433907
4.805385780285057 37.97242336130102 1.567962215454614
4.808369783663782 38.977506917016605 1.565455894116707
4.814301301156383 39.976586206440444 1.566175670737745
4.825809102529146 40.969899992680645 1.5638353201697242
4.814311077277767 41.947727255629886 1.558686168773332
4.804350602472579 42.94581911795699 1.5619662483656787
4.782039233824851 43.94258050914068 1.5680518547213216
4.765700726161976 44.94518795948031 1.5689261962189975
4.759756131899122 45.96353288007006 1.5657283198886662
4.788042576265405 46.921465091989845 1.5673792379511897
4.748461635855712 47.936239273596534 1.5678647070971454
4.743076893116564 48.93981923973725 1.5776593445311808
4.74460803089595 49.9403465570824 1.577186671278809
5.7628627067112035 49.93200613294814 -0.001492435379983938
6.740421047664848 49.96264693347292 0.009471580561258689
7.743162973693665 49.952368951683106 7.57840388865902e-05
8.738800963438033 49.947066382406554 0.007242782297354533
9.736669677143217 49.96644316381646 0.005720458167431574
9.746735067770173 48.965152982202135 -1.5674752015488185
9.764620724533886 47.96039291624374 -1.5675219581879045
9.77745507271944 46.946561205844745 -1.5791493751728658
9.776881326228027 45.98930241147913 -1.567710879554469
9.763336167933405 44.988416277689865 -1.561301980387356
9.757731013488737 43.98859764874166 -1.5510501063995261
9.776749406784825 43.00586069289708 -1.5643261833376392
9.793373997650697 42.01613740515998 -1.567016307910768
9.829570570755953 41.00735937154975 -1.5650532430237452
9.827524738947206 40.01529507716167 -1.5626845110778274
9.831879543470393 39.006625347138204 -1.5637152815463788
9.830100548059999 38.020845760615536 -1.5570968795563789
9.84356844471718 36.98348650244677 -1.5592806193348674
9.849972847726626 36.00794205367541 -1.5781414436462795
9.85747518365512 35.01180056185443 -1.5755990216701665
9.866343776721589 34.02489017514334 -1.573141991446349
9.855505312392632 33.02388372014527 -1.5685783743149302
9.866911684105947 32.03931246607013 -1.5781312046745881
9.85875574007891 31.027210938781224 -1.5736051150673438
9.885124726571977 30.023341915135536 -1.5645790013837062
9.884598122262897 29.0286539072026 -1.5650684645627935
9.8822132006403 28.025829057456345 -1.5774674842563763
9.85677992939509 27.025026254052726 -1.5698251362617173
9.86894379141307 26.029568964649656 -1.580065648903287
9.894733952870302 25.024092349967503 -1.5719139192279072
9.878750202172643 24.026636944444597 -1.572769570393779
9.875466367221298 22.997991863623174 -1.576903553199649
9.879001459500618 22.01167457849444 -1.5773440175657532
9.898105299557642 21.001590221562708 -1.5816530864985237
9.872020524000547 19.986491829651325 -1.5672772227360148
9.894846252488577 18.98235767970142 -1.569376862389948
9.873351880561334 17.998364346270638 -1.564278311350476
9.883421574810203 17.007888383759813 -1.5719988577719162
9.882722250357258 16.02132275259787 -1.5674348486294145
9.88575820654946 15.007274483561789 -1.5692124642464302
9.863336849474807 13.98287806189807 -1.5768735929306297
9.868832547849829 13.007611741787517 -1.5719701753245023
9.896110057492024 11.98825905226921 -1.5659245872737693
9.903129867194572 11.004753344224401 -1.5709239870882565
9.90320326799428 10.013096624633933 -1.576341437578805
9.911826329398716 9.036091748601518 -1.576569139146547
9.890145407732374 8.021915226421472 -1.5805126262206528
9.902575716253722 7.033504937364483 -1.573374077768521
9.917604835646147 6.014086238735637 -1.565228030496297
9.928846506883621 5.020402220173564 -1.555328105013612
9.950994560757476 4.0323619392139936 -1.5578179140168564
9.951689200841004 3.0387059147542796 -1.5542750769217517
9.969040786090174 2.0245572727089303 -1.5617995946105407
9.966345069081852 1.0066620122052676 -1.5619008270068624
9.97889918633432 0.033924965116722695 -1.5695964808688323
9.965405482134504 -0.9695847944557539 -1.5601863713409898
9.953200400176707 -1.9460131447999276 -1.5612179448743662
9.983763121685838 -2.9623561225062023 -1.5608138048527838
10.000503300148054 -3.948599259874698 -1.560424344114464
10.012980128326795 -4.960386626002339 -1.562008830447921
10.002545854782607 -5.974481570105117 -1.5662420384039766
10.032381063309561 -6.984523306829153 -1.5618279738734477
10.031452345523551 -7.972194111918356 -1.5673878885111232
10.05738076233797 -8.967644476035991 -1.559570545569991
10.050064886196877 -9.969879768139938 -1.5590728175085726
11.062363723095343 -9.93962515286999 0.01348126723848431
12.069371156159033 -9.948081254928313 0.0075097248808982265
13.058563703466488 -9.936980205057273 0.013049544267554683
14.058399675762653 -9.936777430949984 0.010812912462310226
15.034139280559375 -9.931655369201584 0.007404773315769087
16.039333183261085 -9.935645617452273 0.003832713656075543
17.052665950928155 -9.92125375369785 0.004901433101784391
18.08800925684066 -9.90898535153728 0.0010217550247093447
19.098544171153886 -9.900171449741913 0.007753530901203593
20.042863723091916 -9.896995230551505 0.0003898166365432445
21.06605579358019 -9.877867487647757 -0.0023163072674101354
22.07751844112264 -9.859841009025827 0.0021815458056251872
23.05967435367758 -9.830474025425794 -0.00580512333900187
24.07498270713641 -9.846952248452915 -0.0036209822361554524
25.0781233642113 -9.820590404058185 0.007383706292736762
26.07264988323014 -9.80662779545459 0.001424384627103201
27.10060061163007 -9.794902439129036 -0.0023491489014418132
28.08495413784826 -9.806008073272654 -0.0017612971093953138
29.08253045341027 -9.825969072404936 -0.0015606481164088706
30.101033248931977 -9.82773562679576 0.012123700018622025
31.093653717428463 -9.828405141827526 0.0006515104357116007
32.09938902049851 -9.817548704021275 0.003065213587239062
33.08231394761522 -9.812663256126887 -0.003993557618875009
34.07475233774195 -9.82324081269116 -0.004130248204495409
35.074411204182674 -9.828259185085543 0.006088061769983859
36.07521429089813 -9.815180241034293 -0.010360602604542756
37.093504079389994 -9.853856205711624 0.0010464980196211477
38.076495332476355 -9.837139763662861 -0.003011632427043381
39.09520903817742 -9.854296539874186 -0.0114438308239986
40.09379061825702 -9.8415893598025 -0.011853904870117223
41.08929040963501 -9.836219062674612 -0.0005799010168698685
42.08253323414031 -9.858412758202865 0.007011573758537141
43.08495223309325 -9.873989407664764 0.01595728909737611
44.08738296668098 -9.870371907970098 0.011580038423696962
45.06241431994153 -9.848132060325275 0.018444988669277185
46.07543788767522 -9.818654257215366 0.028974408847344438
47.09468620420892 -9.792240073108976 0.023473723974939992
48.089439854034026 -9.794673566953717 0.01262523753322728
49.10980983745191 -9.766713115843942 0.020765091936570158
50.10103431782203 -9.7413251415165 0.014769876597832738
50.12183348515935 -10.730399206312526 -1.5557670808574335
50.126345174605255 -11.725654665886179 -1.5497887741509822
50.143191517287 -12.71235207167774 -1.557531028350162
50.15907802354525 -13.721583760653708 -1.5490179021084751
50.16310729099029 -14.724214680722442 -1.5532003504000937
50.19850225082847 -15.723727331324396 -1.5526679976489
50.22441920449988 -16.73291134030094 -1.5471964363675352
50.24316350397483 -17.73217298963122 -1.5398495469046662
50.25999785353062 -18.725880807706037 -1.5375520935438993
50.30842901111244 -19.731655452109813 -1.5432443458760152
50.350878417077425 -20.742150787060886 -1.528716820153981
50.3667537500394 -21.81193388679307 -1.5678950813818726
50.363843689136246 -22.78139514353354 -1.555110962869126
50.30241732850623 -23.828570210357373 -1.5899422472424767
50.24094059267496 -24.836162411181448 -1.5986001256365319
50.25714734728888 -25.844623819715213 -1.6068642439927667
50.22959636633596 -26.8375368148411 -1.58646862055204
50.2275296001727 -27.85335261525241 -1.583620926983054
50.21586035242782 -28.858387947916082 -1.5843421850335941
50.21899218806157 -29.837031896491172 -1.5794946272362667
50.19177427880092 -30.818341670519 -1.5646146436320674
50.19996910869598 -31.816208277947982 -1.5657114491934552
50.174899511433935 -32.80703197310938 -1.5656427055709206
50.18593907522666 -33.80436999318323 -1.5633900786346242
50.17098706017266 -34.785731978400264 -1.5708419697945275
50.194210758293536 -35.77188055710008 -1.561976982537395
50.22678636145065 -36.782795333647215 -1.567252396706128
50.21364100428038 -37.77533000592011 -1.5617720215882653
50.211991085771636 -38.774091309369915 -1.561506536125508
50.229973979636036 -39.783835009391396 -1.5700958231842115
50.231861122659005 -40.77622230991024 -1.5699908388065575
50.20179639824202 -41.78340699068915 -1.5639008111533066
50.21885339989741 -42.77431229123174 -1.566841855072015
50.236126829649734 -43.76861582108168 -1.5653855851884404
50.23298589947076 -44.776891652404196 -1.5642465503148408
50.24323454375917 -45.76968916027403 -1.5641245006064985
50.26616745271464 -46.76164197145404 -1.573413645168209
50.243352581963386 -47.78384128102197 -1.574159265570477
50.25399914281672 -48.780791921094306 -1.5640325789273695
50.22827468142225 -49.785245588649 -1.5622546711277088
49.22892737477247 -49.79786757717135 3.140765378706756
48.246173309315395 -49.78446578321603 -3.1388264715074166
47.25166338585277 -49.79077534803889 -3.137713665619431
46.24623192772141 -49.782554604583076 3.131624813022952
45.25375643751004 -49.78854713247856 3.1369230464339384
45.27960098656751 -50.77986338036252 -1.571177482209846
45.27637686266922 -51.800521780285216 -1.5716178381658181
45.26702047776308 -52.82166172618667 -1.5778524875804965
45.23826254244569 -53.81577845839893 -1.5742113088495775
45.23906586631249 -54.835859207225106 -1.5756532673167367
46.255716497418994 -54.84541528993036 0.005760741606526874
47.24132070635536 -54.82691025602829 0.0046775313926213456
48.24083580511353 -54.820141564874305 0.0021497545675583873
49.2246470578057 -54.80609063862588 0.006927815642552144
50.23378627456652 -54.819711037635436 0.012702217350076003
50.23929501532098 -53.80892198464672 1.5803121865847358
50.237616633192516 -52.786915964952534 1.5802001113597781
50.21372945345198 -51.799238390293624 1.576114207890901
50.2358734737054 -50.78903168996956 1.5790239786517544
50.23328455481526 -49.79406651282208 1.5783329952079488
50.238170233687484 -48.79608461298816 1.5726770472084233
50.21963655316157 -47.78082550379936 1.5723104876618619
50.23343024814551 -46.78697609102318 1.5701312200235202
50.23797893298437 -45.78134390730299 1.569606355283861
50.23088721010057 -44.77667143679654 1.56831411728047
50.21070982634593 -43.80780235209899 1.5641393131789239
50.233265645250896 -42.78195639241245 1.565709960151982
50.23421594139862 -41.77664633691563 1.5752475886342043
50.22700380492267 -40.783926329124654 1.5816460995725614
50.21555242884357 -39.79294742603631 1.5806278652627186
50.183528192170336 -38.79694126969611 1.5707236089164147
50.21021657114116 -37.76331126517333 1.5765587101012417
50.20892632997928 -36.78224692320173 1.5772165993312346
50.1954481991937 -35.78308166370726 1.5776428166986047
50.19889141089263 -34.79480197532219 1.586625341977511
50.17394418083594 -33.78853632838125 1.5781974207652356
50.173862936749956 -32.77488068102672 1.5844984944163565
50.14676452162656 -31.78388148728126 1.5815989026638835
50.19020837144392 -30.8685154445366 1.5510414952115468
50.20950161972801 -29.854074886953697 1.563447486413077
50.22844702412351 -28.858459099303744 1.5661325533212835
50.219144839586825 -27.838756481462962 1.559812207421686
50.2321416124249 -26.83406800180135 1.558280719180918
50.22949199292363 -25.856229053713406 1.5463341272253837
50.272746407789896 -24.844333201169082 1.5535416587813256
50.27024145564703 -23.838290563965007 1.5454432912465144
50.27950550935648 -22.8550333388368 1.5374603652602925
50.33950439051518 -21.79989441436892 1.5693902333959182
50.34207226748392 -20.743892891570205 1.5924018686094223
50.31779284575153 -19.740952666411804 1.6001768332034128
50.264020995093226 -18.747445008814676 1.599097031702088
50.23863231590745 -17.74376901117077 1.6013790846158775
50.22870133990694 -16.735284815240274 1.6033129790772365
50.18922550130895 -15.74152761269655 1.5970309208860707
50.16460459510057 -14.721695371412553 1.5871941977599868
50.145520339187065 -13.735895956335497 1.5813444222095019
50.13595103656654 -12.743302201218027 1.5861194899460032
50.139020094750364 -11.740081649219775 1.586490159351418
50.1250568478586 -10.739362877865387 1.5916201983829
50.10829705457875 -9.755695356724281 1.5943122131361078
50.09018871458083 -8.756997226251805 1.5863272465135843
50.068541590907756 -7.748831631978511 1.5866466428662955
50.085145825426245 -6.740007502720521 1.588011585651076
50.06701672088853 -5.759288450755043 1.5857063608502382
50.03838221718971 -4.748748352541917 1.5840786935952909
50.05626026385796 -3.751152805717511 1.5907351901698814
50.02914359431183 -2.750010277484941 1.5834472326532603
50.0099142540915 -1.748256796860488 1.5901849352712416
49.987718835905376 -0.7522599228594484 1.589253019117666
49.96862903225523 0.2437644448154224 1.5877409953139703
48.984802860572955 0.24446985003897378 -3.1284877520489296
47.99994022424065 0.252396376701048 -3.1262263314777186
46.98768902472439 0.22417849830739592 -3.1219825675966293
45.992542616942764 0.21076513842047717 -3.127621979331613
44.9927781537376 0.19078518320940488 -3.133358391446858
43.96215802934024 0.17292153772176366 3.1392909067063095
42.96673771261486 0.17745064777457623 -3.1414628851969146
41.99610455064728 0.15289017414373543 3.1412900963299695
40.99164622986683 0.16505652679165106 3.127757903182212
39.99708207312862 0.17881344347584596 3.1361342323690145
39.01930249387958 0.16567896670593074 3.1376619926066494
38.01215580253112 0.17169617776024004 3.1368964104841455
36.982820013609405 0.1785058183723662 3.1384925676851076
35.999432422661236 0.15418453710865654 -3.140380159039346
34.976685803983116 0.14684015523082125 3.1397715698256383
33.950447078822286 0.1486128865396704 3.138935609341312
32.96534204587109 0.1656017403664543 3.139396221169029
32.0121339338202 0.14439728207927607 -3.113242792241938
30.98328610082323 0.11615329590361312 -3.116654646366937
29.970210954256988 0.07816289115582033 -3.130833997439744
28.958517987850644 0.0741676177596599 3.1288677457120997
27.989288637092308 0.06126330761704221 3.126485069966442
26.967742655206962 0.09485468180515548 3.1303516030077025
25.98226321610206 0.10016540920096922 3.132572255821035
24.99184137988872 0.1130415104675973 3.123006900345946
24.002331778192687 0.10653848816172394 3.1331459155863417
22.971874395642033 0.09669760514162319 -3.1351328168026176
21.982529393257913 0.11582877590586764 3.141013224634988
20.974228385709285 0.10450222881760002 -3.1321867615428416
19.97633531439474 0.08823838182977228 -3.1347697418086375
18.98575108242339 0.09513085677580982 -3.1373497001492
18.0022391265174 0.08159157762490808 -3.136729025294483
16.987415509478357 0.07026022655642965 3.140897596272303
16.00427188359638 0.097974367303748 -3.135615227699742
15.005690137728903 0.08131117726246344 3.1411920667934448
13.995220441077098 0.05839093725895398 -3.133049515187196
12.996093347031934 0.058146915235554056 -3.134311938627609
12.005024960841004 0.05082568981129336 -3.137423588588905
10.968627009744308 0.027470557290829603 -3.1383446432505555
9.964790750112098 0.018234540613278047 3.140459232137552
8.969643507622147 0.023964962465049013 3.140034763257309
7.965861680158624 0.03642534266767926 -3.1358676429133725
6.957603869884816 0.03298659040716969 -3.1410415589859175
5.988840607134104 0.03920224846747094 -3.13348521941582
4.9807456176249225 0.05130238204063323 -3.13796826171578
3.9817423450101277 0.00878080450741623 -3.132343082166932
2.9907058233652397 0.005139072134315429 -3.1405408977558538
1.98699659855282 -0.008474302023490437 3.1394291266757537
0.9982129082142759 0.02195906419103928 -3.132463205604469
0.004860477452650449 -0.008271501266623628 -3.1403220844869524
-0.9976578927323406 -0.007920281389791027 -3.136588229684971
-2.0127096026691254 -0.009404679073234265 -3.1347141378671712
-3.006173861488198 -0.014447783688074659 -3.1371116269316626
-3.996062608897645 -0.0153728546721584 -3.1382665120222057
-5.019887589046002 -0.013702736744414483 -3.125910019955481
-5.99716683313015 -0.02053727096843997 3.1409159601232424
-6.983009226030574 -0.0002053759147304826 -3.1372929055642382
-7.99587195810698 -0.007651722268182988 -3.140695981105674
-9.007036416041108 -0.026367011494102224 -3.1294319094412906
-10.02310130149239 -0.046452813440458395 3.1388626859389945
-11.008014652604132 -0.06025164750617779 -3.1339985648220536
-12.020378393660753 -0.06099403186777131 -3.1302597213808583
-13.027045364904485 -0.057518281455295917 -3.1307588489315776
-14.002923966968565 -0.0913694105801456 -3.1361697056584377
-15.001910537403102 -0.09456096276094395 3.1382502027981865
-16.00295912273376 -0.12046501366509475 3.1398140855150136
-17.016062488085847 -0.12045399270391721 3.135703738463833
-18.008908381819623 -0.1324545882273246 3.1275374512979397
-18.99815578833187 -0.12428400503485433 3.133464070350903
-19.99407175282676 -0.11405751796231794 -3.139722538259157
-20.00153328090873 -1.1210241623320882 -1.574853351862186
-20.02073588495691 -2.1228728912048274 -1.5811163356786193
-19.98454900626835 -3.112595392691019 -1.5718607905314583
-19.99030948849582 -4.121090457812017 -1.565652060333856
-19.964150821825054 -5.123732422319962 -1.5516887369220875
-18.976878416080098 -5.112146604242132 0.00754414210783657
-17.96055642968304 -5.1149909979184995 0.003135230607940861
-16.97503841200443 -5.1092102016565875 -0.001100137935072661
-15.951290412106482 -5.092850329544913 0.008542895282553083
-14.95411099372755 -5.058338947657359 0.012535663121625048
-14.975202082520818 -4.064293059832858 1.587024159494264
-14.97075814238081 -3.075427335265052 1.584612553904506
-15.001966577743055 -2.0896005229969163 1.5816594909459285
-15.001942450234859 -1.0951026803845763 1.5719373021734282
-15.00996950575693 -0.1012127635486454 1.58106703390406
-14.985848057859569 0.8893614908349173 1.5899728192963651
-14.996806459617066 1.898582237928786 1.5720731687484308
-14.992837547724658 2.9241778603771946 1.564456422250171
-15.013240533012842 3.9132991461217794 1.5624009115206057
-15.020170746113102 4.918806325954198 1.5806419560992697
-15.002939384022733 5.927774357141753 1.5765224130567153
-15.030541213796706 6.917988600788522 1.5652832196857345
-15.01339799913394 7.925661519056756 1.5615639800489534
-15.028699095999825 8.943237237772083 1.5618745289089888
-15.038602579750469 9.915899888543215 1.573313922472729
-15.045885932845097 10.916651533111416 1.5843242063043885
-15.053288601051644 11.937805815679726 1.57922881341675
-15.051977453427352 12.929775912782407 1.5782482123652448
-15.063095791779622 13.909297403181979 1.574064854846936
-15.057155025569248 14.89651156907572 1.5718002852642181
-14.052423610448265 14.903191574670725 -0.005040592306527651
-13.058110040190488 14.919489303555068 0.0015767612597410348
-12.081954095720931 14.929952096154578 0.0012153950853755879
-11.082736260210659 14.951679801459543 -0.00927360795619412
-10.075729051668667 14.93095434659857 0.005779854172906808
-9.074090624377664 14.928926723123183 -0.0017047311152059012
-8.068544134674983 14.9188127608712 -0.007440416803298981
-7.068679109431595 14.95738264963346 -0.002330809187384525
-6.09289207405475 14.959143910935275 0.0018447273450330076
-5.107721241382892 14.948165315832151 0.0024915908224640545
-4.100651232738482 14.964755627041436 0.004835174016194924
-3.1250282441205153 14.980056617113531 0.004270531075761697
-2.1189580701961557 14.980540576047341 0.00647179327808592
-1.1139147276218118 14.981479834284977 0.0028314011748065554
-0.1202498592468363 15.001333691687162 0.007501972881621407
0.8727153079012215 15.039556591609129 -0.007556139903039541
1.903935384983574 15.012417399122725 -0.0005909852715832418
2.8983304023074816 15.004390277271503 0.0014120411643768493
3.9044143176853674 15.023759821055933 -0.008822313213767042
4.891276534883517 15.025334377047592 -0.004873778825665966
5.871381669807145 15.000639869274988 0.003126752002191449
6.883663685329025 15.041375254682173 0.00012533459929871626
7.891120646242334 15.01769391292236 -0.00345279627710058
8.88061448752623 15.025071491745992 -0.005229708958267682
9.872412479991926 15.01382073168759 0.002734206476712519
10.904623636993295 15.021065833579108 0.0005982692358056505
11.889993436549721 15.012054178661218 0.004579351078572306
12.876865386822065 15.002562915455968 0.005698358289819503
13.88521432160297 15.009177756712015 0.01230059043624595
14.916449404288592 15.008387923379567 0.00887096294319136
15.872501251440086 15.024598059663107 0.002960667516805788
16.910636996178223 15.04030969113978 -0.003440047133180671
17.93834470074709 15.021912085813536 -0.0030145535654638577
18.96695751627804 15.021624212423943 0.0010792785534513717
19.930777457877532 15.042299933740471 0.006314562979848337
20.97384805816484 15.059490546352368 0.0020933143214157952
21.998629072230806 15.04296792427637 -0.01022160539714772
23.009571789524134 15.041111102918089 -0.011285559207474332
24.00072264486745 15.017060328832292 0.0013649059822618968
25.00635822013032 15.039233028102425 0.004999154873888991
25.98375268940615 15.050367916996723 0.0026492107079135086
26.969640894724886 15.062161472949153 0.013371313323058768
27.99196666019106 15.037823087342051 0.012745430788317854
29.00999581402364 15.051493188463908 0.019556297699507393
30.003654630030184 15.091397179802767 0.027340887740858976
31.01356337819431 15.090838501033776 0.0281232677568335
31.96374541619942 15.081001918723045 0.011669794539011152
32.92090714160838 15.106810091333253 0.005449903247654079
33.927001850903274 15.09312008694299 0.014128458939344554
34.932966485171924 15.100805074375225 0.01807308715586755
35.92525472571876 15.159665247529334 0.002179922753087355
36.928780807498505 15.146958632127099 0.006898811461219771
37.93083280563593 15.144060925784983 0.006844844154877206
38.96303981643984 15.141213218129373 0.00571233918218592
39.924030003842994 15.145596515479049 0.014586063622424728
40.92945621986105 15.186872996414891 0.012875476357525109
41.945212073807404 15.199031191371287 0.00792904914179997
42.93898482313111 15.194437357614003 0.006797526085702424
43.91415632577834 15.159859640637395 0.004460269968534
44.90263318610969 15.17102261493702 0.007249262681040373
45.907549332207005 15.17801224993602 0.018380591121491437
46.899784922239334 15.20571809224351 0.006499154905174677
47.88005155990276 15.216325512588389 0.005463160183741207
48.88639282839312 15.236672687520654 0.002966316358217001
49.89787552277357 15.219635863772035 -0.0022971385022378314
49.88805055572011 14.234201870658318 -1.5688250238038484
49.899418712699436 13.223482398106132 -1.5615690337374184
49.90339503699641 12.218792771082366 -1.5588468330473744
49.91408953806986 11.231702401787322 -1.5700041230410708
49.90804826799009 10.247654693578184 -1.564321079055041
48.90636212719652 10.235908662442837 -3.1396413107752834
47.89687526873595 10.237154504209 -3.1363868028293385
46.9002326665835 10.198237632227354 -3.1348885819086125
45.89225592772962 10.16915318424336 -3.1367729554065056
44.88151750980085 10.170047867087503 -3.136516661645301
43.911307543642195 10.142274739519339 3.1382436179784206
42.91104067817355 10.157446998343557 -3.1408775273888705
41.92489157842146 10.165446411365396 -3.1369301316871963
40.93289657385423 10.142511289937165 3.139362749550622
39.94919823511901 10.154884067764408 3.139184012796223
38.97358892310112 10.155222440794411 -3.136499780115767
37.98559951458845 10.165128878793592 -3.125408603551322
36.97770396537482 10.149099321535905 -3.1275949924600184
36.0092526213707 10.11758035524908 -3.1262354543028446
34.98511060454145 10.12007754591009 -3.1150120093463647
33.976456706067076 10.100081503850856 -3.1381821850744807
33.00172777548164 10.08665170506997 -3.140418214430189
31.99813016809019 10.08432629074033 3.139407483272826
31.004946892501344 10.098350769320254 -3.1368830989209955
30.02785502729044 10.091056139857233 -3.140783713384951
30.02675431149665 9.11546782055133 -1.5690099555678914
29.98209517195657 8.12320005941206 -1.5737631498753162
29.963062908213892 7.1315295120486075 -1.5821745595922518
29.92836472813089 6.1400917428374475 -1.5641950702333842
29.94337821343483 5.129056939849105 -1.5639679609941093
30.93774438544991 5.120265266003756 -0.004912643301934205
31.93539380139291 5.136736640663318 -0.003337110652107036
32.94378392794529 5.146431173515118 -0.0070510238451705586
33.964153491110324 5.144691957542599 -0.004694030212751103
34.96047680648928 5.142657918742712 -0.010367510439678448
35.96081927340268 5.12473114342247 -0.0009416673362163725
36.96917123280589 5.131737700370698 -0.0013111635293723506
37.98656897792184 5.136425542058674 0.004528731533626755
38.966086428845 5.129455241662427 0.0007197207130151964
39.96530791662028 5.12938097012326 0.0009607903165482577
39.98453617083844 6.137106964317671 1.5650337205257399
39.99229532748436 7.150515708423805 1.576059969837614
39.995583019004506 8.142217693959914 1.5653664514389138
39.981183050976256 9.142335462259734 1.5779734034403758
39.969919833721704 10.140816349619222 1.5759355631299479
39.95835441919423 11.150365848169258 1.570373977521235
39.94334840531808 12.153609058987954 1.571302771953084
39.96777954898054 13.170158741081403 1.5779815880078236
39.93201005011933 14.155940135412939 1.5797785454288362
39.929777936041035 15.16786180583717 1.5825692937799793
39.911407449308356 16.170190293477404 1.5806354411531056
39.92497836644179 17.163367448484543 1.5835514986829473
39.93030669516498 18.179952220672636 1.5831349520084879
39.92572743199732 19.18290650718222 1.5756143811959198
39.92608918106027 20.202469645532556 1.576461535108761
39.89999388980696 21.189100751193436 1.5824949428795496
39.885333199651555 22.173505315616964 1.587548279086329
39.87167344387453 23.176489943403045 1.585013958372991
39.846262590869685 24.164424173849127 1.5792115305072245
39.85615412650116 25.171326305362488 1.5814008747930288
39.83992698037114 26.18537857362378 1.578594196677006
39.839421451473726 27.178621548953256 1.583832064856125
39.835932548788904 28.1816690074434 1.5805897521553838
39.831416956203235 29.148805043902755 1.5812736099524631
39.83351473623595 30.16534176230296 1.5753553447578228
39.80544052056096 31.18088208753542 1.5771458287999491
39.80423892069434 32.18913861565178 1.5794155682997804
39.81573701760713 33.20249502403373 1.5932843208864493
39.80724286143396 34.18952579916045 1.5755196728942458
39.794319673327344 35.19042949580439 1.5727510659597244
39.807335838697874 36.19614269975304 1.566323908786078
39.7942462629075 37.198227821043034 1.577916031366209
39.809486967226086 38.21441502424418 1.5767961274666003
39.78504093081048 39.20894990633054 1.5748784955937836
39.7790078151392 40.20979154939278 1.5715404061165994
39.764154444840926 41.211183516614646 1.5723361462346197
39.77175013538922 42.215031211659095 1.584561298334309
39.77051686773853 43.21967901826524 1.5827365872505021
39.76349585003269 44.21816899169263 1.578608130887606
39.76130112865422 45.2018525187332 1.5708743662069453
39.75415341929323 46.23109375028268 1.5673351648815144
39.78047362570623 47.234834465228644 1.5785141352324314
39.75875393328765 48.231816168142124 1.5740336631448995
39.765606068792685 49.216655141827474 1.5770141701855815
39.76351044907116 50.2320692596215 1.5593452186715953
40.776452707498876 50.19852721899059 -0.0005316891840663739
41.7721173555207 50.22162608601875 -0.0011850424402614676
42.76768076770181 50.2329205138385 0.0008272009814557738
43.77069685288719 50.24461497257891 0.002503743923755649
44.775687704330956 50.22348806436909 -0.0010351974242116507
45.7720739845206 50.22305592321463 -0.004378966650205628
46.80703020124333 50.2185989209459 0.0024725317511019138
47.7988001192067 50.214661436778535 0.004388765844557226
48.780485990042195 50.21791704214438 -0.00039672592524282925
49.7780403632361 50.222783749563945 -0.0018128990275482744
49.790411847540696 49.221964824275126 -1.5700120647114313
49.77616714673033 48.24489308733978 -1.562845041299015
49.80863580487805 47.23041336742737 -1.5803389603222764
49.81173582227724 46.24748484386399 -1.5708566533121364
49.794842812652355 45.23111428804966 -1.5720627405283831
48.791204347139484 45.216922539271906 -3.1379539363335964
47.784213134790164 45.21949776140818 -3.140708634532503
46.78099078062558 45.24909238485831 3.1363377540088977
45.81389048482665 45.231923486554926 -3.1369212658616146
44.82259494551995 45.2153542486806 3.1363821080754226
44.813545567794165 44.2260790305275 -1.5692590383589347
44.80489250447379 43.2315726678272 -1.5718341212330984
44.78830147919565 42.2286412697935 -1.572705941957033
44.798695107802175 41.23083952998494 -1.5799414082763727
44.80006087355538 40.222894019595365 -1.5691573956836462
44.80163236481252 39.24201621671761 -1.5619450486506647
44.81359997904603 38.24108022448857 -1.5609147158820325
44.81152920979156 37.22618891987928 -1.5694960969067804
44.808657213309154 36.237700304381214 -1.5668566029703457
44.825675038958266 35.22869974913022 -1.5757781324194906
45.793573427862796 35.17835254800071 -0.01026636760608563
46.798228127488656 35.180331936667805 0.003931871463185081
47.820855509878285 35.19972373483704 0.011805419216470556
48.81028789531851 35.22830326582631 0.0038061460428296862
49.80422351245968 35.23126961709232 0.010902853036701295
49.820843328734945 34.221243895921326 -1.56804701727793
49.830163661973685 33.21460848699643 -1.5637871104835286
49.84584756119615 32.21767966824844 -1.5635425184450682
49.84936185971671 31.216248022230605 -1.5734528220947506
49.83362842117964 30.249929367515293 -1.5653186880364458
49.844879336447455 29.243024755071882 -1.564501536522936
49.85592545180586 28.250930353102934 -1.5650844663595191
49.86447482380054 27.269588377389734 -1.5692405792237378
49.84070698255756 26.25932076361687 -1.560053980189603
49.850617186960285 25.250473051450477 -1.5567494588264248
49.87717690651316 24.24958928090786 -1.553900195375889
49.86775683241417 23.273586655987483 -1.5550634625296524
49.88138976507495 22.247883155384855 -1.5552336944358645
49.902120387916256 21.257224033617813 -1.559696170622687
49.89061716301148 20.24880560829257 -1.5601857244919581
49.89036850891124 19.250105367165396 -1.5641940922020434
49.90676590713995 18.2388279240415 -1.5623969529850434
49.90457456609735 17.247554121366193 -1.5700962293470129
49.90622383905628 16.241657241322162 -1.569304477902328
49.90198269930768 15.232921528729014 -1.5804482361489618
49.89413132787458 14.219990084152625 -1.571541180064024
49.89491651693612 13.229827683799009 -1.5648234413903723
49.91667816451087 12.247773786448482 -1.5690939094375294
49.895514401940495 11.252274119780799 -1.5667212891092308
49.893299778330636 10.238666841289987 -1.5560610509807047
50.91409800139358 10.24484366377802 0.005380727344075192
51.90879535892218 10.251673269872674 0.007794824602772818
52.93187008573905 10.228452549754708 0.005189426155247984
53.952263993296775 10.23495015017869 0.0013926795945809916
54.94879814381648 10.257709437266042 -0.0018215120914648357
54.952165838425074 9.247087753638061 -1.570131736502327
54.952461180346766 8.245431342816756 -1.5755779305511295
54.95551619852779 7.257771207249052 -1.5766527804412895
54.934788714584876 6.261148729405156 -1.5779254284293114
54.93170373556911 5.2813590421290115 -1.5571224976700542
54.96174782228771 4.264686049892512 -1.558846525312293
54.95660753403959 3.2568281767806693 -1.5569336071969877
54.97490763711383 2.2726152201139977 -1.5575726601282973
55.000249902187804 1.2553794970377794 -1.5567749745336261
55.01101240408027 0.2569934350896817 -1.55594347214754
55.036476411190215 -0.7219016784657203 -1.5545726356892298
55.056633371116554 -1.719312043204408 -1.5576107973265914
55.06557959872599 -2.7387332758450462 -1.5498069811813
55.05942861934199 -3.7719852833046863 -1.5492319214657033
55.08018543222417 -4.760742104915227 -1.5564688701517737
55.099842635082844 -5.764525119150939 -1.5581366320465946
55.125987527605766 -6.757744751073699 -1.5549671058923846
55.144788668551854 -7.768207097677664 -1.5504489878707401
55.16331294406382 -8.766842335659646 -1.5789925182612985
55.12953273699143 -9.761796899135152 -1.5756267167773887
55.10908396880253 -10.75273979897195 -1.5671704417650836
55.11123469315772 -11.755826037234074 -1.5777971283109895
55.122464676508415 -12.7766855687351 -1.5740266351690408
55.13211292130071 -13.780953538158712 -1.578382648691353
55.101390738762454 -14.812258686299066 -1.5682906947304587
55.12261211178752 -15.780277786262698 -1.580562621947752
55.110455629133 -16.782436593794454 -1.5785795509507536
55.12159549669575 -17.76850201103347 -1.5641381382290496
55.092720763465984 -18.77584864051005 -1.5637957757458458
55.112063723763235 -19.784207293281515 -1.5636878859695038
55.12344174234275 -20.75191710232189 -1.56792575723294
55.147524270820426 -21.774056621438184 -1.562624427702174
55.149696416321866 -22.768025450328103 -1.561192810436935
55.15662173848558 -23.776543320026043 -1.5654415542263198
55.15802424634944 -24.780956437397588 -1.5619860035623176
55.15927627057086 -25.777041065833362 -1.5590836819798404
55.14159697951747 -26.804721460416523 -1.5580875179417981
55.15489995212974 -27.78807237476362 -1.5635562255882798
55.159774406616776 -28.787605631414042 -1.5671888679000079
55.186963573427434 -29.80172330892761 -1.5706721699404562
55.18699144427635 -30.80383858715419 -1.5777302294436175
55.19012565740337 -31.793881937517835 -1.5642886315359381
55.18371002459438 -32.77554444616756 -1.5681027807644705
55.19184295669691 -33.787885784557936 -1.5765635966915843
55.19402787171519 -34.80007455840705 -1.5650413000494916
55.210710756340234 -35.77769030107705 -1.5718258187324319
55.214497522413296 -36.76230937049483 -1.5710292043919136
55.214752706930085 -37.76002253073705 -1.5704045653671102
55.19580704340436 -38.759624846960804 -1.5723588574540304
55.20602929365335 -39.78560282785171 -1.5775197304440278
55.224808296302925 -40.77923706319072 -1.578935121251907
55.20424880415771 -41.78481164147144 -1.5779302008969485
55.21390899347179 -42.78166180631529 -1.5693433194612565
55.219294151878415 -43.788388581391615 -1.570419702379623
55.24673503139174 -44.80768152562973 -1.5671315015682743
55.231148618445005 -45.78970474968928 -1.5709915622849415
55.22415590323781 -46.7656159924947 -1.5640955759056352
55.22361361886241 -47.78081453993789 -1.5649397757411352
55.23044395730094 -48.76874483791535 -1.562426411347162
55.23517786405622 -49.76076250689873 -1.561701564771564
54.2283246629638 -49.75220825708977 -3.1374059000621117
53.24503006862488 -49.79000814211693 3.14054446930593
52.24705869681393 -49.77678607942147 -3.1352387926708705
51.246108731404256 -49.77300979255145 -3.139610572468553
50.25269072439618 -49.7747831417458 -3.139492192930397
49.2470150656389 -49.771658282314554 -3.1381392835531985
48.25226187211254 -49.79586914674531 3.1404483896662567
47.26103519881691 -49.80395304126537 3.137382828064411
46.25764805474594 -49.78872211144443 3.132928934389823
45.25831468184949 -49.78316485845354 3.131266034688089
45.271749526309435 -48.78094482727769 1.5595262926534985
45.24181489750328 -47.78061820964934 1.5658092972673618
45.253033336923025 -46.78638038024178 1.5654840932289784
45.2865075610609 -45.80852366054235 1.5800406113771268
45.267931908320165 -44.808857205272595 1.5732003954656189
45.2495145603702 -43.816348352618284 1.5749361350699769
45.24425954145649 -42.8095425775005 1.5806707670823013
45.2535442816229 -41.808863073586934 1.5723994031849235
45.247594029150434 -40.790749542466365 1.5768234465639765
45.21160827023112 -39.825434966060676 1.5756760204180957
45.21263910129282 -38.797613623466965 1.572168615732919
45.18839602723014 -37.805778109226175 1.579047151567444
45.20264255676534 -36.829681941472394 1.5714370381430187
45.17780380957584 -35.796944509304666 1.5614660205079387
45.20215695348951 -34.80104080617524 1.5587428854702423
45.21462459957613 -33.78896980544557 1.5787946633533596
45.226600835198774 -32.78392989044331 1.5875629306727899
45.19983492632361 -31.77583531543039 1.570837983873949
45.232051979073724 -30.810164970559736 1.576051725217084
45.19440796910996 -29.814236914698657 1.563786557526203
45.22087463426143 -28.804800323369484 1.5701831498636043
45.20579254266227 -27.803969320467107 1.5621466466759653
45.22358904199357 -26.809455390482928 1.56849860503261
45.22728145197109 -25.79016682627151 1.5705388639375626
45.27628476920946 -24.799435335883977 1.5945843933468358
45.26072753098838 -23.80076930736147 1.5911544598228988
45.24141446947815 -22.802601612190774 1.5946510415529302
45.22566061090448 -21.833928756129527 1.5859702539676432
45.233209653199445 -20.80683330914035 1.583178021960115
45.22093806599978 -19.821558004086643 1.577129729559775
44.23232416728717 -19.825216071045958 -3.1279698545977372
43.23512507197757 -19.84899608923225 -3.1273067204078617
42.2070361760326 -19.833371472620463 -3.1350623571138865
41.23082084795961 -19.835249594056243 3.1400167287842917
40.221589514208056 -19.836106449811407 3.130890202843448
39.21506196683393 -19.843530178332376 3.132756642491064
38.216615611003384 -19.831095826103837 3.1272069436843535
37.19522395046115 -19.82231147399063 3.1340250604247313
36.18331545194043 -19.784796176665377 3.1335924713257985
35.1565928854629 -19.79582058157876 3.1396513088789044
34.15641610209988 -19.815267003980395 -3.1415846633132327
33.16841111113123 -19.803080822540743 -3.1412384789235834
32.16696099781699 -19.80022362720559 -3.1354381979933708
31.154038390244573 -19.78231930192166 -3.136851875158258
30.166916684947882 -19.789642638828067 -3.129987947838221
29.15894260219041 -19.806990657506475 -3.136200125042299
28.154982283568163 -19.814885568449984 -3.1343111493292857
27.143848717036086 -19.811616342232863 -3.1282355540434064
26.157119587404914 -19.78549854220758 -3.120786250361314
25.164891636522118 -19.78593493747375 -3.1125199174688363
24.15089964935937 -19.8224037653181 -3.124293940230268
23.145443311665726 -19.854224577873897 -3.1223695718020315
22.126697843462765 -19.86292684453894 -3.1352919352342363
21.13245396138432 -19.86430944307565 3.1383043668778496
20.15006239376325 -19.86734356695558 3.1394180173578836
19.15203704718156 -19.847966055556917 -3.1401867249790185
18.1544762467652 -19.850130552830052 3.1411071611640486
17.167067615397304 -19.865857291611636 -3.126379760031048
16.163025488504957 -19.890378057382744 -3.1341755342379845
15.137459141732716 -19.904447314713387 3.1354877147529194
14.15209762678131 -19.907224064702856 -3.126611169508411
13.131761651707535 -19.915787737898977 -3.130537374583839
12.143552602767157 -19.939395429529593 -3.1202368401392784
11.158428599808532 -19.954884979045545 -3.113426367432468
10.155604669615522 -19.99269174929352 -3.124865282928633
9.171945495547243 -19.992866617227193 -3.115917537782034
8.165982538030306 -19.99335863374111 -3.1154601501477184
7.177411853688346 -19.998799712977473 -3.112151346176596
6.173806504805701 -20.011348022426667 -3.125956028726604
5.1600680884756915 -20.010409102872522 -3.129646442001305
4.148282001656835 -20.000589625760053 -3.1374377613271283
3.139407008809698 -19.996550902064463 -3.1302350096569715
2.1215087494312606 -20.00474351349878 -3.136555695225658
1.1499818735523226 -20.0085320545319 -3.1346153050437784
0.17124636254633854 -20.02745610076728 -3.139617722365944
-0.8505545734447592 -20.033312878751424 -3.132867887475349
-1.8515509481901535 -20.03625979339227 -3.130724718674365
-2.851252614069707 -20.046028108624153 -3.1386009710401863
-3.8257931354471078 -20.04013190886393 -3.1321458544543543
-4.83869476305324 -20.045984755623664 3.1376020897883388
-5.853350630320115 -20.058278766020745 -3.129877977264848
-6.825752029577733 -20.07651714075069 3.1348635782945466
-7.84336306293325 -20.05982788799948 -3.1322351765516507
-8.83409705023863 -20.06114604660778 -3.127908495670406
-9.84511754414354 -20.064675290359315 -3.1337567543079197
-9.853513874321248 -21.069374124625412 -1.5644944976885935
-9.840885509883547 -22.089313214495817 -1.5697955211757304
-9.803611030819795 -23.107628774918425 -1.5710894683075012
-9.805310027057763 -24.056453996373055 -1.5702837386943722
-9.798527862355154 -25.037768766916702 -1.5723276051066994
-9.794608850156322 -26.06669608765231 -1.5655803419070702
-9.779587871574716 -27.073257855461687 -1.5820408266920374
-9.816613369849911 -28.046311601855678 -1.5719661172678006
-9.790319355628647 -29.044716166276665 -1.5675101579318054
-9.812413454319229 -30.046607142258043 -1.5653503838145444
-9.777143030094066 -31.053127515922807 -1.5601963254017435
-9.781365067651295 -32.065887784934354 -1.576774265265601
-9.770872663809202 -33.068407454618836 -1.564282077581543
-9.756236095224072 -34.0650086034643 -1.5607715370760125
-9.75261599290155 -35.07271025219859 -1.5677975087219767
-8.76012025828784 -35.0393582777935 0.003664012541220031
-7.7717217950980055 -35.0439797783582 0.010286342589475979
-6.76463737791295 -35.03086532317743 0.004209049175082662
-5.747542023869102 -35.04859171139385 0.0013300077362413247
-4.754397439920972 -35.035946924487035 0.004557798713789481
-3.7334273084565135 -35.032902446431336 0.014655465829359634
-2.7291100080803865 -35.02517258485614 -0.0006646780253996802
-1.752488132632825 -35.015666032756435 0.0022664644233509755
-0.7459349832487026 -34.99933917757891 0.007490375335280656
0.24276703144730483 -34.989568006644376 0.012166571332907935
1.221996812142195 -34.970744563432234 0.008518422145291644
2.2259292664619723 -34.95281382121675 0.003352046126379714
3.2349192436157304 -34.93057062723289 0.001524048214069079
4.264592976623469 -34.94256649467561 0.003401713953693987
5.273232711284106 -34.96440705737957 -0.0013352788131802895
6.293958755524071 -34.93109881884011 -0.008430897284459867
7.306386578952424 -34.90572791661844 -0.012745060736399392
8.304559049481732 -34.85381529779478 -0.02768405211859443
9.365452127012873 -34.876302940725274 0.06461504850147282
10.329291046432047 -34.880293895267975 0.024429379944904968
11.271384215331903 -34.89119167160932 0.006623366400129982
12.259400474519502 -34.88723986396457 0.013499431106504613
13.224776462196811 -34.90418662387253 0.01704300520411513
14.218624915221676 -34.88755524150302 0.012745528893384702
15.21045571242176 -34.88391693294672 0.004945323761907955
16.206651900521496 -34.877714218027144 0.005822052911712701
17.20115087779204 -34.87735349572924 0.0003818721417160364
18.201418217508433 -34.8492392297796 -0.0022629643104690946
19.198471539512656 -34.862201064155435 0.0022602173460037614
20.184340226243954 -34.84896181836917 8.410209445879116e-05
21.19140525122058 -34.84713892636048 0.0015240882709823334
22.183819990555413 -34.856624656372084 0.008520735696646319
23.19148433442736 -34.848156023858714 0.003507901006801509
24.193782403946262 -34.828666210425745 0.015835220870527827
25.18666147628465 -34.80309127014522 0.009096854347077762
26.196590537721324 -34.81757463247297 -0.00915379823744978
27.19108481737262 -34.801875542805334 -0.0035944696092062244
28.18522331669288 -34.812384823958396 0.0005762119156804759
29.208004416953607 -34.81638461218206 0.003717206558938431
30.21658587351954 -34.8165831069277 0.015873717111921887
31.217865619120523 -34.80887487049174 -0.0007132345517760457
32.231295135031026 -34.79319605372011 -0.001751242192067987
33.231907390808594 -34.80785656058818 -0.001246385385386112
34.21388054673411 -34.80493121236311 0.012069770493070333
35.215237641079796 -34.771622349241255 0.012331651494811288
35.21985211107413 -35.78444502917334 -1.5619367847153802
35.232677691813706 -36.78118799543601 -1.5609652370635936
35.255282959233384 -37.77346511864559 -1.5650380634662515
35.254474993931716 -38.78332515465993 -1.5633373352734476
35.24165754547236 -39.79750750585962 -1.5582964068010587
36.22440267821414 -39.80483880666924 0.010774452922413975
37.22295418468352 -39.80089722698482 -0.0022904284086203326
38.22184389910568 -39.77559360528436 0.0002632174781009724
39.23864694882215 -39.80369987661585 -0.008371701190016198
40.236894200462025 -39.817409684332695 -0.0021336354635167537
41.22360813651234 -39.81871576620131 0.006903372637476289
42.226189907686944 -39.8159377098165 0.00892602902223891
43.2033903687473 -39.834299458527866 0.005499954017620616
44.217882380627444 -39.81545716363848 -0.004791187968746762
45.225429915621554 -39.8304339893802 0.0016642701880658585
46.220838317172266 -39.775795815488564 -0.0038301570086584297
47.23219405075852 -39.78858308828717 0.009019983547013997
48.22626421357349 -39.796246822287756 -0.0023917343058746797
49.24727484759519 -39.79258575611038 0.008582662587015646
50.24442895990225 -39.769395973076605 0.002740991421254588
50.218357676794184 -38.77562769749987 1.5782557264036983
50.20000931574968 -37.7578340076965 1.5794068580624014
50.18770472601378 -36.77773550303401 1.5750441366886547
50.18269524282914 -35.77066960155935 1.5706676335205403
50.18461047177268 -34.78740841567664 1.569993056713458
50.171428408227406 -33.77567939518667 1.5720687116918022
50.17658431880274 -32.808967653344354 1.5702682577183456
50.188140274525615 -31.796902296389558 1.5758008143017268
50.195556312633066 -30.843503729047022 1.5591879244861044
50.18683042091992 -29.826444920578606 1.5593224898098634
49.201063842339885 -29.82338733399409 -3.140818329943437
48.20125301115142 -29.818950076417135 3.1337650755853383
47.20199681368105 -29.807581047835086 3.137390393527374
46.205974567268356 -29.821208848297676 3.1375386081588235
45.203172694307845 -29.817820309489477 3.138339149261059
44.19622800023541 -29.80314058867783 3.1404875777879955
43.18383008622252 -29.811868359223638 3.1282184025807434
42.188491275794306 -29.81743713848996 3.133151811998132
41.17808050300694 -29.790806618837912 3.1285614878587147
40.19161526817845 -29.768066974314696 3.123504482674824
39.17677084361862 -29.779133612983017 3.1307982201199525
38.15951201523723 -29.75078249132616 3.138535918560142
37.19145640305177 -29.779975440818404 3.140615558220025
36.18928177251145 -29.781931797252675 3.139407972754683
35.19548902739949 -29.78813856431278 3.138480480075864
35.19728633857077 -30.782194259017675 -1.5666948854845268
35.18262992731455 -31.783845228741136 -1.5627908670400317
35.18431866091045 -32.8077208083603 -1.5733927206350533
35.2018876615051 -33.79482504500787 -1.5694939627169393
35.21989462055276 -34.77825366954219 -1.558459370899216
35.21853480254649 -35.77440478393215 -1.5550071365663791
35.21967244365691 -36.77793557328416 -1.5657693001297466
35.22840310491851 -37.79267654091735 -1.567704784854825
35.21901111462943 -38.80908328061572 -1.561748743327115
35.220978221309764 -39.800072319593795 -1.5628672209069097
35.228965933092674 -40.800157355903295 -1.5718947541421115
35.227631615496875 -41.7872133647934 -1.5719300543214807
35.256037338677224 -42.79230581894709 -1.579128144594494
35.25941164624126 -43.80277037963617 -1.5671962249710247
35.26351301315451 -44.819694955728885 -1.5675493340363391
35.25840658152704 -45.83941530107477 -1.5626458582677936
35.27543110067931 -46.82862032857334 -1.5608648022186664
35.26248377974027 -47.82183028859984 -1.5583301985997517
35.32053044062704 -48.80798561621235 -1.5656556532909105
35.28905686672649 -49.82067797897199 -1.5648919450025343
34.27020870616228 -49.807556267338214 3.140759582703846
33.276400338778885 -49.81340461306652 -3.1396930054481507
32.28009779480781 -49.82371011263347 -3.139126989329796
31.290105226152324 -49.82618099579846 3.137352557638033
30.281250496827433 -49.8142923045354 -3.134878300600709
29.293738422671318 -49.82402439119799 -3.136607789205424
28.280508296737324 -49.82923306558894 -3.133041410738666
27.278661827798786 -49.81569606858868 -3.130956480761872
26.28318940508309 -49.828444461380506 -3.1242325757368916
25.263698350673696 -49.81366774543435 -3.1256903442318142
24.281259907691208 -49.81382696411734 -3.136659593639094
23.26584079580143 -49.854713841395096 3.1391374102156213
22.272402715486024 -49.84792673348819 3.139737620312054
21.273065513356062 -49.82531610878379 3.133314404171968
20.27776845186097 -49.82866017788012 -3.1367015760724044
19.281232199309184 -49.81476557065885 -3.1388126553235844
18.281659465548543 -49.84973527219106 -3.1358125876006326
17.25576668370953 -49.84126803591496 3.1402923461854293
16.28002280380758 -49.848405796326745 -3.1364837877306546
15.275388458694158 -49.83209133900098 -3.132239797983211
15.275350773096077 -50.838348714419425 -1.5591932018389136
15.30818408515516 -51.873673685978815 -1.56820296723986
15.335194713502146 -52.882710145170364 -1.5693826469822691
15.329138218504626 -53.85827171670027 -1.561369005781631
15.33004303705515 -54.86734634933961 -1.555224275442231
14.341949121205104 -54.85466478747859 -3.13289849450167
13.349623910418098 -54.8774103008566 -3.133516396697019
12.346732580711498 -54.89707909015644 -3.1379794132364816
11.332563572256982 -54.89931246959248 -3.1337397461126764
10.318926619366477 -54.88132505845348 -3.12878590637864
9.35043557334179 -54.90006407632852 -3.1410344073609253
8.333210255807499 -54.919314791027396 3.139746988049139
7.354974124661968 -54.9282489269903 -3.136388781633985
6.342161413983016 -54.915149547200755 -3.137001719225156
5.3420020975095985 -54.934077756729906 -3.1376953401450334
4.358132965492133 -54.951965354080855 -3.1314598210088227
3.345680989495868 -54.95490635951128 -3.134091269560693
2.3615774244647927 -54.948204738406005 -3.1287136550068197
1.3617390900042827 -54.962477569660315 -3.1324946759812136
0.3767532861684389 -54.97621448303512 -3.1314744988575978
-0.6221188839181793 -54.9726185039411 -3.1333448195619065
-1.638898979917722 -55.00386045507049 -3.1347632901244973
-2.644100384159326 -54.99980664350674 -3.135422112314464
-3.6280337161394414 -54.98684846155582 -3.1277412509646867
-4.637838130139508 -54.99688049780796 -3.134482410474312
-5.623794974872706 -55.0130997621238 -3.136255714439354
-6.646766165641096 -55.02451026921166 -3.12991954200321
-7.6485927004397345 -55.04588544274269 -3.1407774450845656
-8.647821750920249 -55.03616131858137 -3.13862904760466
-9.63776508060512 -55.05178043697986 -3.1395623925680014
-10.657029223057597 -55.078948743669486 3.1365138257028935
-11.655961972044434 -55.05272089243749 -3.1357953988084484
-12.646082501696087 -55.05953115824299 3.141434034329786
-13.65238986616091 -55.069999278512086 -3.1340265481699103
-14.656532267822195 -55.07729984386079 -3.132528146186877
-15.659059951371633 -55.10025099326473 -3.1379612086302124
-16.671624445439694 -55.106965282822905 -3.1328529624913606
-17.663938994529794 -55.12038781894123 3.140964565834481
-18.665071189337187 -55.10891319350379 -3.1356476208332538
-19.6449143141017 -55.1136038003919 -3.1332395542862015
-20.652405569358628 -55.11634271604942 -3.1413728162289303
-21.653205779087976 -55.13322287108721 3.139653018280624
-22.685351809283443 -55.12543315261331 -3.138337825214068
-23.681611295111242 -55.12412182634784 -3.1347343440542548
-24.66276168083936 -55.141305471524134 -3.1343936007447972
-24.652959170963232 -54.14195286175026 1.5815846156566558
-24.668834536449534 -53.15209511241949 1.5869275030186436
-24.699110511501697 -52.14723627723323 1.579525343446848
-24.72053626137926 -51.14560678651977 1.57232727035908
-24.70644932672477 -50.13821047421056 1.5714057290026626
-25.718775924250334 -50.14399333221503 3.14083089260548
-26.695150348098956 -50.11957737969571 -3.132787813499051
-27.68556783214858 -50.15512409557065 -3.134709704930446
-28.699267867738268 -50.164936590482306 -3.1349252609152503
-29.706808684016067 -50.177080271478644 -3.1412689506372544
-30.696873605407095 -50.14377775831512 -3.1355782362610016
-31.699156586596086 -50.165936063562896 -3.135584479299011
-32.70745038131105 -50.16389059273843 -3.127524824816571
-33.70342704338591 -50.189546938970445 -3.1349641545304316
-34.69941322893176 -50.21051360615847 -3.136490176629603
-34.686793286105086 -51.18677191302665 -1.5641604207522397
-34.67435882016834 -52.15421412461323 -1.5664140436647702
-34.66166852064438 -53.17739274258689 -1.561486682256362
-34.659278159571365 -54.16688130002149 -1.5652040172071078
-34.66781485277425 -55.13056438343035 -1.5571975216266765
-35.64074758431647 -55.13425349745322 -3.1237170923048034
-36.65959536072582 -55.18217954461715 -3.1122275742976506
-37.67511285810085 -55.20771917071737 -3.1279991641268694
-38.65688212702318 -55.218934711265064 -3.134235709450331
-39.65804315013367 -55.24114421181968 -3.1301933110636146
-40.64820321867759 -55.24400873022323 -3.1260702475640163
-41.65103680545106 -55.263274234705065 -3.1355683816985986
-42.67949854958497 -55.256882147041324 -3.124383568607099
-43.69073187964065 -55.271148130295515 -3.1406869773903603
-44.68405755771098 -55.25875976435638 -3.133895673625118
-45.66725470044973 -55.28235541314153 -3.1324710586519444
-46.67591946425959 -55.295071939268006 -3.135160350067784
-47.675533890058226 -55.279678570005224 -3.1317817484972337
-48.6602173249908 -55.28726077454427 -3.1343064833912577
-49.66983290252889 -55.313117477409506 -3.1350367131941175
-49.675625559138915 -54.304214341041195 1.5767335447355582
-49.6754953837044 -53.29659652194257 1.5831410136212303
-49.676280802640306 -52.318969301641104 1.5834861129826474
-49.69826284016221 -51.30784241709639 1.5860286290606322
-49.68576060601744 -50.29124969675625 1.579560764146358
-49.69088519403821 -49.29762429225486 1.5698774373391489
-49.71167068519026 -48.310038717184376 1.5836161666440245
-49.73254718897239 -47.29174558299167 1.5897621819339836
-49.74867220768606 -46.2929051780444 1.590347499914093
-49.74677265255786 -45.28634496828745 1.576771199091978
-49.72147710616526 -44.26516788345719 1.5716766808655056
-49.720256945305536 -43.25740448622893 1.5767131735080206
-49.76391281299267 -42.25616436148165 1.5625312637993325
-49.75449360458565 -41.27811408689066 1.5770372214702604
-49.738042664916115 -40.26430386337325 1.5755548766078293
-49.73922130829283 -39.28477771820995 1.5734033850850453
-49.75149422641886 -38.29205997380717 1.5746024606281193
-49.733366962712154 -37.29544006286329 1.5768159545835776
-49.750478874002496 -36.29655725612469 1.582387136081081
-49.76542520647032 -35.283948656956994 1.5730725862696369
-48.76627947446374 -35.27258062534361 0.006179076782340794
-47.75976342111561 -35.24699961450303 0.009860999548389357
-46.76917740417382 -35.23209429773515 0.008811071553310536
-45.75347336265072 -35.24187034805896 0.0008918336683941761
-44.77059744027809 -35.239019925039294 0.009286776863904687
-44.76130831040884 -34.251891470891195 1.580837234798811
-44.77271351679955 -33.24841395235342 1.5832210707075536
-44.78636822749876 -32.24603912123682 1.5794824790859616
-44.796118749955916 -31.24771625486765 1.5877056460910208
-44.80401467697034 -30.24581254307383 1.5803491081951817
-44.79955002262135 -29.255590924925453 1.588370539752828
-44.79786044199554 -28.25223236597278 1.5931975113886787
-44.832489722751184 -27.21856705870182 1.5956488199359928
-44.845551979714536 -26.247387078376264 1.5951948666699414
-44.8855652368363 -25.237092979885198 1.5873462163577088
-44.888558101107606 -24.22140633731427 1.5904555018474205
-44.88138325101341 -23.2367209188432 1.5906285669460383
-44.88102612091548 -22.249903995238537 1.570737709490856
-44.88449653718252 -21.253032848907242 1.5824104915406643
-44.89612665806545 -20.247996634037023 1.5780065015318763
-44.90235080891849 -19.250229642718445 1.5776318231311321
-44.90676292689358 -18.261087562266795 1.5845570341347532
-44.926359236822165 -17.251161232641117 1.5777753192514048
-44.935918109504485 -16.26221284464278 1.5742838964415768
-44.91426446349201 -15.252352842545715 1.5828337635117031
-44.93557792682922 -14.255922896995985 1.5769875031057203
-44.93483305161842 -13.276337335770155 1.582228899993602
-44.939133136917505 -12.27725624332936 1.5804675312967504
-44.93852637959927 -11.277860191058455 1.5752417278939197
-44.93028417631386 -10.261191442495798 1.5751531843622992
-44.955683893496 -9.259320430242639 1.576547817947102
-44.94385232637514 -8.220932900732274 1.5694840547819997
-44.940931515511245 -7.246391876901738 1.5721377634673388
-44.99280189214613 -6.268161081370633 1.5721732891877371
-44.990137531453506 -5.282285835357294 1.577139761517571
-45.004387622838976 -4.294274274730732 1.5775021594513547
-45.010466089049324 -3.2955759985578705 1.5747977877546664
-45.0068100428126 -2.294025629462395 1.571675981084747
-44.99037665287657 -1.2871030208047067 1.5650619138879673
-44.97413801137319 -0.2960741636088124 1.5659714029107175
-44.93865115019537 0.7080344382025159 1.5724561444987277
-44.93948172039953 1.7084149131961899 1.5568628168311986
-44.92906773050181 2.7250332672450304 1.564382314754256
-44.950448711356856 3.717340106450429 1.5731817571346054
-44.95680855900001 4.723729804628753 1.5744457800602605
-44.968071131136384 5.7251873659509815 1.5794879985104324
-45.01772242056438 6.714976861184016 1.5862488897984168
-45.060097525888004 7.742436490552006 1.5753344341084792
-45.057252579670774 8.745906825104623 1.5842425080912903
-45.05789176672543 9.739156499717408 1.583860524281806
-45.05627473829992 10.73727918992669 1.5849659410340504
-45.05535715298752 11.746790382587346 1.5731348098598417
-45.0944126204754 12.741481952811116 1.5788598561752691
-45.11003987231277 13.726100888261103 1.5812157391513397
-45.10870294770794 14.710662280724103 1.590620482415576
-45.11588953488321 15.728097275172427 1.5878429533163363
-45.0925020196728 16.72198125812396 1.5855883433254903
-45.135177953768206 17.718680020002367 1.5863575133531285
-45.151919395911484 18.708475224035492 1.5807996553943664
-45.14507257455387 19.716754814463307 1.5687341191935629
-44.14357076869729 19.713005182956636 0.0013054211723461076
-43.13770886783302 19.70056514911313 0.008737937294540818
-42.143609195215056 19.696078073459482 -0.0010263763487637022
-41.10463564330841 19.69664220143688 0.011812225234673963
-40.11510491774223 19.71888774867479 0.00900489942191562
-39.099405519860845 19.712083883285032 0.00105770401868067
-38.091711659012944 19.738827057168788 0.007458257366315196
-37.11916054052841 19.740345553885888 0.005196132848978094
-36.12214258645858 19.764210171429927 9.453633399648272e-05
-35.104251238606125 19.77549846668331 0.0008776826276857054
-34.12797228025958 19.792228674510262 0.0034716269104998277
-33.11338193246518 19.803862848096845 0.006696811043220569
-32.114461382476264 19.80858330515335 0.009393778738573829
-31.09250528619063 19.788276125475427 0.012052290187848006
-30.08945325175066 19.75436418313822 0.0046449289261945356
-29.103827292077586 19.721104402289765 0.008518958643126254
-28.102256315593856 19.747609520886098 0.009196438027814391
-27.107382724986373 19.768665629776567 0.018074887869380343
-26.1493231897017 19.810821721687475 0.019673696037455793
-25.155556606217242 19.818731520337604 0.0031778520718087344
-24.17601361819326 19.821219081070545 0.0054382789713929855
-23.13832597805603 19.822499966860537 0.01906670103537046
-22.13567357052616 19.809252591807876 0.016173486342923395
-21.122768686153904 19.826070458224507 0.004540381883480668
-20.10420620121416 19.8373947828158 0.016163624300225582
-19.1086037085455 19.835338858472035 0.005071533279124267
-18.09952069854553 19.838419032066337 0.005471385051429571
-17.082722415862225 19.80536766986528 0.014728231723100513
-16.102376419360326 19.849701046547594 0.00231306610079233
-15.109028145814463 19.854197804405388 -0.001042252481336474
-15.12158934802161 20.858572120965473 1.577257225149455
-15.124092201765892 21.840587748236455 1.5904903081941546
-15.136309726225218 22.852826139118292 1.5900247155220315
-15.162116663903692 23.882931931218643 1.577086514364861
-15.158333100030042 24.884369142543974 1.5692203830427505
-15.156583345485036 25.86073361884894 1.5837725476553441
-15.18144541283103 26.859678994318692 1.5866992132290714
-15.180452352064735 27.85940512756354 1.581725698849452
-15.14984611687962 28.85353276005772 1.5808165242121626
-15.165100785051756 29.86832834627072 1.5825320339234321
-15.189389613065531 30.849982790340587 1.5843267039791507
-15.204991285954414 31.842257549238205 1.5956570509905799
-15.239047413450347 32.83328525995547 1.5915949186709515
-15.23751714017219 33.83298737863232 1.5894933273799141
-15.249102764234824 34.824645822584365 1.58385373318323
-15.262085632511338 35.799060051225354 1.5752172111324072
-15.248978129856619 36.80363344717294 1.5777262941867944
-15.253926237892447 37.82056836738303 1.5654778936044929
-15.236959359189774 38.8138753382031 1.5705367653891984
-15.251464294681375 39.79634494109955 1.571322212363158
-16.241048118186164 39.810057680209134 3.1355163181646635
-17.226788366870167 39.810915565869536 -3.1244090105935407
-18.231683233946015 39.79576896385876 -3.1262452128581515
-19.214564589192285 39.79787418404062 -3.1283389833190025
-20.208772811428602 39.76227019180585 3.1326110497048973
-21.20582099553426 39.780447377865286 3.127868799705161
-22.2274531902481 39.797958917592084 3.1335338005515534
-23.245380597177196 39.80440466104733 -3.1319925021262165
-24.248633052923708 39.77308174954745 -3.1354163796581247
-25.242024505239506 39.78277632422761 -3.1405515782336724
-26.244173332042017 39.77827186134844 -3.140836410157588
-27.22651090042526 39.78390257865035 -3.1396325132957865
-28.23187526867261 39.78057827290888 3.1338646207985437
-29.292989655451006 39.76567892683978 3.1342151353917878
-30.29421029667046 39.75282401304262 3.1355095834182967
-31.282035756160212 39.73861366947249 3.1374928520371195
-32.265805376298985 39.726151647284816 -3.138236719119402
-33.281891032711584 39.7209955642059 3.139984987281062
-34.277584018267376 39.73898005325796 3.1364118265710412
-35.26432925227437 39.73200433198362 3.1414991903510048
-36.289304235845414 39.74724146939782 3.1336641443811746
-37.26794199534297 39.74910202225496 -3.1399081022189987
-38.25601319474072 39.7334803532178 3.1204244496084534
-39.24294481640832 39.727029504258844 3.1253617209439697
-40.23532352788903 39.71381900166725 3.12287001111278
-41.23445027228876 39.725437567375074 3.124697583213745
-42.23949299917145 39.71536871726141 3.1265340068041554
-43.25208054817587 39.719788783622924 3.13351123492424
-44.222267565384264 39.73795332756415 3.138311959404802
-45.20085102085153 39.738086916222166 -3.130408043441316
-46.222491575371485 39.73978765761237 -3.137994441133183
-47.23039350974364 39.73095497717177 -3.134293260042477
-48.22225241286043 39.72431922293647 -3.1317219210855574
-49.226070622514165 39.71483953265713 -3.1346023690511386
-50.21587643387584 39.69306235677428 -3.140909464259742
-50.20837527942204 38.70747820181987 -1.5599340948573406
-50.208502893959874 37.714255331874256 -1.5603029507533919
-50.21039591794849 36.710586325651235 -1.5687870649173965
-50.21315545163291 35.70404588579846 -1.571633298309076
-50.2114209875802 34.70094041196145 -1.5636111860351736
-49.20378869047764 34.695163586757346 0.003925920863457863
-48.20640250849231 34.69753022558152 0.0075570829698900785
-47.194292643540734 34.7062553754731 -0.002209800986310129
-46.21224651886832 34.7091580039926 0.013803164135934062
-45.19833844543167 34.716530614106325 0.017830841946388627
-44.20810563670117 34.73459046016078 0.012367905372348217
-43.21308004934482 34.739615199897436 0.009439234916247322
-42.23721143435859 34.76116016936424 -0.0012550519652734643
-41.236410240737456 34.725019757132046 0.007883246029922384
-40.2454631809689 34.736383257705846 0.009008335927460726
-39.23293124368749 34.73652189055953 0.008655971869702033
-38.22188911692227 34.74028654463051 0.005509548075548847
-37.259527493204835 34.76698591130004 0.012746114193222136
-36.24909096586097 34.762391922108726 0.02154689758482213
-35.230792096309806 34.76607029801916 0.016597422456416194
-34.233994091609766 34.78729345889549 0.0059229987632444
-33.22437245254522 34.782408522117876 0.00796687725464216
-32.20522721457145 34.80280618460999 0.00518882983702972
-31.23258931911167 34.76553763995509 0.004634179623156549
-30.210831995085893 34.746238708443315 0.011334149092937557
-29.243978589980145 34.755584192285085 -0.0015893318682494815
-28.2350584260584 34.764501214479345 -0.004643642280590149
-27.22941971887995 34.78604359002414 -0.0024276311983518245
-26.191946198623413 34.787426122082096 -0.0013077383002315522
-25.216751904606987 34.786832795225784 -0.0020811300847054836
-25.204694663105574 35.79481214145008 1.5847171918022975
-25.19985171454755 36.82783593107937 1.5794411256123382
-25.226514432129882 37.79467917990655 1.5751489752481977
-25.25508084012285 38.77825239668584 1.5822326105531406
-25.243373592931686 39.75946033273345 1.583666040970999
-25.265413767968226 40.78100140986951 1.5753095182640686
-25.259900640236747 41.74352942794392 1.5848612342553952
-25.252975834823435 42.75057230986227 1.5801113040029473
-25.277887801213495 43.746029027174465 1.5705145321722336
-25.26483880748643 44.75399031407035 1.5745706080153665
-25.292751666865655 45.756138468564444 1.5697172097875165
-25.275421471352033 46.733213172462236 1.5696501866226356
-25.264637019648827 47.75835504566563 1.5710735114113812
-25.240829169214415 48.77456596532642 1.567715808549652
-25.270498257716945 49.74847044419752 1.5674965844776931
-26.256359409621734 49.750050902471685 3.1408124169162246
-27.256853043479616 49.75903675934542 3.1389040880338466
-28.275845212685166 49.778956928270404 -3.1388135652823093
-29.283110012528358 49.74857220369659 -3.1321732453523143
-30.284147254770353 49.758877049534554 -3.135266182452197
-31.28524898706542 49.74296443884337 -3.1402977117700877
-32.28807989715612 49.75301834903806 -3.1344929498540384
-33.308563525310284 49.75202542834695 -3.133290606630767
-34.30475483526229 49.72990885924797 -3.1341056730385346
-35.290075077533935 49.71081808778849 -3.1412261432963273
-36.28715929411331 49.72020592457337 3.1403387350879566
-37.282201817232966 49.7330799505457 -3.1381320887371467
-38.28391386577216 49.73915929974327 -3.13754312365719
-39.27410854370021 49.73618970429217 -3.138313011690417
-40.29012069090913 49.72651093033442 -3.1346047748780372
-40.27961084171036 48.72874504266578 -1.5717881387135146
-40.26078565448646 47.745021363490615 -1.572485858910581
-40.292800533947464 46.774919545758316 -1.5782636715711347
-40.295098762902384 45.74188574754061 -1.561375569564074
-40.26038843899258 44.73964399657082 -1.5556492160419404
-40.24441866530849 43.736540701385465 -1.5584960035500959
-40.24557302955776 42.728645773821 -1.5613098292481742
-40.20533083480575 41.71187854899404 -1.5671291053613348
-40.23015448324328 40.73352902799594 -1.5853020622179246
-40.26024798719922 39.72007389541961 -1.5807269470917675
-40.279538232196444 38.72635360231286 -1.5739439453007849
-40.281814099781315 37.72410378669197 -1.5674696514432507
-40.24887830226476 36.71446035441438 -1.5658843065297108
-40.229024501913536 35.73445341569132 -1.5699408401763355
-40.21949980970257 34.721712874707066 -1.5628746499007136
-40.222954526293854 33.732445019189846 -1.5566920896810446
-40.19532218612756 32.752343909806925 -1.56332662157155
-40.19087394048372 31.74835949235587 -1.5634918289287283
-40.177038711812145 30.736141018379886 -1.5636363932956294
-40.185296644715336 29.742567157993225 -1.5680577692075424
-40.18757752868179 28.738355720123725 -1.564320045646728
-40.15966225599766 27.73339062098912 -1.5633902808254472
-40.16309474452243 26.716939472847255 -1.5666722789591285
-40.16137427884056 25.720008500845868 -1.5700384366550262
-40.117297222966556 24.71959398754607 -1.5770192580395768
-40.121434248288004 23.710437170767943 -1.5592113700884327
-40.115478717345894 22.702493157894896 -1.5546398350899167
-40.145182866918596 21.718361115986227 -1.5620382107726223
-40.11346792326566 20.74043355302705 -1.5722895426463468
-40.12163357628313 19.75568625106103 -1.5609211554130602
-40.09425899590234 18.74471058080198 -1.5605463387324836
-40.098277317989 17.750296802073112 -1.556040969863257
-40.112437755876115 16.746540642006913 -1.5699512920561334
-40.10463279661439 15.740210877473372 -1.5768003717842942
-40.09926461992842 14.732853889117965 -1.576998380828503
-40.112172203248235 13.72450058224869 -1.575003830768727
-40.13311146147838 12.737022142239793 -1.5668225386331505
-40.12128468703668 11.737253288459318 -1.570920043387503
-40.12099983944721 10.763837151704442 -1.562770469239489
-40.108045862606915 9.766056289264576 -1.559949778717152
-40.092299180303804 8.775032334965786 -1.5692655738474166
-40.06849444937056 7.747835110761308 -1.5627292921958025
-40.078066665836324 6.756071609540758 -1.5575135313993178
-40.056393979542555 5.7863702021098 -1.5581242484029536
-40.046525922327156 4.751657354000193 -1.5604949576859137
-40.04644386996788 3.767302302181084 -1.5709620890289517
-40.0619532545697 2.773839508819182 -1.5687131388019582
-40.04553544069875 1.7758174912401694 -1.5619191017502456
-40.060758236898714 0.789807801575251 -1.5624585893654452
-40.02362015113265 -0.2272253815790977 -1.55788702340606
-40.015627922462684 -1.2282254911958392 -1.5615309395175763
-40.009050867344996 -2.2349821869167754 -1.5600299125453585
-39.99600456351539 -3.234666942550454 -1.5593318983024762
-39.98456678559222 -4.2230668151673 -1.5774547258866856
-39.993790920091115 -5.198733395261034 -1.5725348223778701
-39.98807393360074 -6.2191271071442875 -1.5667236025783888
-39.98595866708847 -7.223093192908271 -1.5674841426018462
-39.964642459070035 -8.212181485569504 -1.5668239933327812
-39.96619512154539 -9.221513261038215 -1.5661460218800114
-39.96046112937896 -10.211588880854874 -1.5600240128910237
-39.93234529100379 -11.213580476428984 -1.5624556925725008
-39.94203306735735 -12.209069572362084 -1.5682518958333502
-39.945137645371624 -13.208096519554855 -1.5667459365063627
-39.950441913698505 -14.242210491881343 -1.5704570502357171
-39.9360623870088 -15.240613481726388 -1.5649958748473842
-39.9049322517979 -16.213291085403046 -1.5706677825720081
-39.91774037567015 -17.230074258924045 -1.5717255631593003
-39.907012015631814 -18.22476157583523 -1.5727643622698435
-39.92454599892369 -19.22554771730024 -1.5644154125370602
-39.890232459549 -20.225217283028545 -1.563926272081748
-40.8927581834118 -20.237202433802683 -3.139285759822081
-41.88999521647249 -20.207561951422065 -3.130841144009266
-42.88293212067413 -20.239971201350375 -3.1317567064421707
-43.896202124985244 -20.24484903933747 -3.1312894118524603
-44.900530062511045 -20.250506811891533 -3.1398897538550212
-44.88423703739299 -21.23008837477077 -1.566227442536489
-44.904352313266195 -22.2491461597944 -1.5537950877308822
-44.89871309061002 -23.251259435849676 -1.5492915606416244
-44.886775640405745 -24.227542080095027 -1.5540334830640605
-44.8814123359658 -25.24114022259676 -1.547235502682696
-44.85023451515805 -26.233718230972478 -1.5563056450990314
-44.84588668095371 -27.238714135779517 -1.5513023635810663
-44.8096047572848 -28.24970245040242 -1.554065677960343
-44.795288515645815 -29.233667453213997 -1.552120127095704
-44.78666043015482 -30.24304254553718 -1.5624534632875355
-44.758786776001905 -31.22761183632165 -1.572314014540823
-44.77635032837134 -32.245225841457405 -1.5637168539380344
-44.769888347256234 -33.248743206325855 -1.5589409837812211
-44.763608521114236 -34.23556599428572 -1.5574023453680839
-44.76124338793972 -35.22591327148871 -1.5611207871464226
-45.75199275841397 -35.25471876738703 -3.1272127762026862
-46.767823708979925 -35.247731590146046 -3.1181542547531054
-47.762441090740964 -35.258411623397954 -3.127686757566296
-48.76103884746009 -35.262611721407666 -3.1238489306528434
-49.76511989529191 -35.285548601256195 -3.132646737623456
-49.771895608178816 -34.291560613938344 1.5751774495528759
-49.77698676910673 -33.29213543176661 1.5712175437300293
-49.78270420687857 -32.28487071560497 1.5796688059032231
-49.791973446290996 -31.273275592964804 1.5825912637622759
-49.79490901229286 -30.274793874613984 1.5851331356267344
-49.81843620280992 -29.259217508189522 1.5839389442142633
-49.84128721066825 -28.279823822620056 1.5834945302643844
-49.83706575349793 -27.29275528109943 1.5796595236831366
-49.84178729022924 -26.298559929671356 1.5774365931822267
-49.846350413320394 -25.296724927765545 1.5745197609698858
-49.8367924993689 -24.289101939159316 1.5713987481344744
-49.841270293586504 -23.298460904702292 1.5797791320739771
-49.86629045373266 -22.30279148085694 1.5776793440834376
-49.8607931366205 -21.30222106332958 1.5791227966424224
-49.871579187246645 -20.298403154097418 1.5734136125731741
-49.869568170993325 -19.28181105577629 1.579725689815199
-49.87932407022988 -18.2839068940027 1.5781667819617948
-49.88385362245951 -17.28489267824489 1.5722803004644046
-49.89623827288672 -16.298243721079047 1.5689150960616216
-49.8956012935955 -15.284395388688125 1.5752402528325065
-48.90856164614137 -15.283760106621756 0.010192463500312056
-47.91682954894853 -15.288761971864236 0.003921512295759595
-46.91046138227592 -15.275151736275536 0.007755100043724115
-45.920899409771444 -15.246536065059509 0.0028810119751615823
-44.93050082577584 -15.261138900400988 0.007185552250465152
-43.93210192478985 -15.275137893405251 0.011748909185868064
-42.9497086872769 -15.25388564397052 0.0025092290848037083
-41.9591373806067 -15.230925625181658 0.0005036548937422992
-40.933400397944 -15.221175004993695 -0.00022696960409308007
-39.94203047054787 -15.206223184730563 0.0043814092725266846
-38.92844337584914 -15.184929463891942 0.006555765291981435
-37.95582758046238 -15.187152906296323 0.010248120688005447
-36.967120709801826 -15.197418234371183 0.0156609170517984
-35.95134739220677 -15.193869931980425 0.019079186550620172
-34.97108891203335 -15.167855016318933 0.009857099756421739
-34.955302446761905 -14.188549373717285 1.5737513470159428
-34.94391760727279 -13.1643005664526 1.5706039249928307
-34.93786459707095 -12.19881332886586 1.5724588125721288
-34.93713539998657 -11.20039688307135 1.5685563361519945
-34.94452495669496 -10.201895609291977 1.5706248920470107
-34.95385993590013 -9.173834515901923 1.5818122508519283
-34.965602803725005 -8.173986029251154 1.5918586595342326
-34.95919927045345 -7.22110457820418 1.5766678296622993
-34.98090259925101 -6.212611945689807 1.5796408298299434
-34.98072027688633 -5.183957438562619 1.5696744364900272
-34.96293472174573 -4.190285422871993 1.577794088846973
-34.973958215801 -3.1883537511901223 1.583390700543324
-35.009962877373596 -2.2106058361319736 1.5771847616497323
-35.0350610248248 -1.2127894736632123 1.5780803845776599
-35.01382171197481 -0.2277066909758712 1.5790951362342862
-35.02139683292215 0.7628198370512882 1.5705419797568119
-35.037849607451676 1.7659730570569503 1.5821734406322963
-35.04229383617595 2.778216747707703 1.5849286209255335
-35.04205196834464 3.7814860380320874 1.5743864731732522
-35.03581419398598 4.809710558557987 1.579872068070378
-34.052226565389255 4.800859287553466 0.00396584241794034
-33.03024932172823 4.811996830390677 0.005659296261705041
-32.06184706744415 4.81910900377399 0.0082137782917234
-31.044586886366098 4.805932233618429 0.006049700652615668
-30.043698207042382 4.825292206058606 0.0112546685617916
-29.033118518485672 4.840060140355752 0.012534877324756746
-28.035607355191033 4.848988667913298 0.004587003542703945
-27.039287533325616 4.8780860111444415 0.01148268305326253
-26.030024944689636 4.888917856298396 0.017973479294513754
-25.01677263975544 4.895455488412312 0.03280097994755072
-24.004791253199443 4.918268970465565 0.021305431241523037
-23.00240683170093 4.929221450030825 0.007929514636641261
-21.994404326494184 4.898872735054261 0.006341668000666999
-20.99865152249768 4.910675308076166 0.007632604718613367
-20.02206788821484 4.912527467276352 0.001094790550810165
-19.01421027709264 4.89928124273119 -0.0008853375964275557
-18.01781081762592 4.890836483634913 -0.003214462900897043
-17.021625442417836 4.896856209739969 -0.00523815055812525
-16.02806885232304 4.886747753229126 -0.0018833389031780855
-14.99490653056918 4.920260867417116 0.0020791649368991274
-14.021268579619647 4.932043682581807 -0.0007219746871624502
-13.024104513755065 4.93213381553182 0.008132940765106475
-12.036388750208568 4.925275066926249 0.0030234384838951256
-11.043616503134697 4.9406232364417955 0.0017753681483083093
-10.050242514519123 4.915687323813497 0.007629898496481565
-9.04889049682781 4.9285738985022975 0.0045677239020449545
-8.035323759635233 4.946052538231558 0.013300426287669477
-7.040739979284974 4.938502349215153 0.009683244981088936
-6.042433761491567 4.9539114162377516 0.014609313937632158
-5.031309789494201 4.94885035737365 0.009966596509394242
-5.046165939163279 3.946800203357732 -1.563858222298204
-5.036518573779255 2.947259473163211 -1.5599660142639353
-5.0215855365278745 1.967334914738864 -1.5738929698692543
-5.004921793159208 0.9709318784012558 -1.5776260297146087
-5.011431417832294 -0.0193253603578379 -1.5676811582722836
-4.985045855467681 -1.0182198622550382 -1.5660788229082283
-4.987425734658073 -2.011791549338307 -1.5764584243931241
-5.008012985298483 -3.0263309704178565 -1.5574849792644267
-4.99653237399877 -4.016106459933213 -1.5572625074146689
-4.980182245038406 -5.038382744458153 -1.5654652187143236
-4.968140547316022 -6.025945983999228 -1.56125567068887
-4.976024244911277 -7.032222527107321 -1.5595979052862146
-4.970888602400761 -8.020403894689604 -1.5482666275454753
-4.967656587885565 -9.053236776874284 -1.5572040217924057
-4.942513970598796 -10.056177649836028 -1.5765339299741212
-4.95210875715125 -11.071519102014035 -1.563359975694089
-4.909372470552225 -12.087200992693793 -1.5593342721964205
-4.917165456117718 -13.069398109534667 -1.5614913699715363
-4.892450272265959 -14.07181238051868 -1.566218523711366
-4.88119977353822 -15.062460659677443 -1.5654366501651107
-4.879262423778435 -16.07102070764924 -1.5632147953111535
-4.877873040728323 -17.04373401995866 -1.5593907420814572
-4.877854147539043 -18.039636895402772 -1.5530682992109925
-4.861658823485068 -19.057134982097967 -1.5527303617436818
-4.844593819439251 -20.063990697759877 -1.5644275094628834
-4.833617394911881 -21.039085273911752 -1.567786029193926
-4.835976499164445 -22.04495847206568 -1.5635858369463724
-4.818505397548536 -23.06471367525035 -1.5668582614373707
-4.824166685895383 -24.068276259490844 -1.5605412068552957
-4.7981978210510565 -25.04787655538543 -1.5636169105549518
-4.804868728713849 -26.032700755599375 -1.568151008747088
-4.797204589258591 -27.044241078504232 -1.5586948386049628
-4.783283586730795 -28.03914840963852 -1.5700672435960505
-4.787822822909272 -29.042853169941328 -1.567620248690593
-4.778538212987742 -30.022806807542892 -1.5622881624419298
-3.770337630285896 -30.003068736521655 0.0109669853091409
-2.772777649627895 -29.993050750470772 0.012899679176959522
-1.7771330544926656 -29.99218734754205 0.008514899630006454
-0.7788999606773679 -29.99477230713086 0.010000480809071054
0.2043002407951588 -29.99479879605932 0.014995144145536913
1.2135948607963565 -29.97437806416688 0.007337581447689101
2.20233778297127 -29.97377792774811 0.002689417201192616
3.2054957532976784 -29.960194205593194 -0.0016644852318186435
4.195238377009807 -29.95348944753349 0.003735139627671211
5.181021590181417 -29.935290535298936 0.0038885489901283967
6.170582445911712 -29.920710608160896 0.007384590967468302
7.132372090049142 -29.890217658162413 0.0028828345409488082
8.099453103707882 -29.85380248799333 -2.4766536039913208e-05
9.09665011558856 -29.84372364449524 -0.003415420208859768
10.091725443277246 -29.835763838834456 0.012763112395055573
11.096126750036566 -29.823742078444813 -0.009547947682419847
12.111973420387612 -29.838570910688315 -0.019337326064341926
13.125740092938084 -29.856042132620615 -0.01221275823060284
14.148790197991252 -29.855659825011397 -0.0035940050715703013
15.152726652840483 -29.86130150883187 -0.0012294191220849871
15.141398211042727 -28.868851014805713 1.5783653480595723
15.14300441501415 -27.878398056981645 1.5770156383832545
15.135561048329729 -26.873960600840153 1.5677093142292626
15.138012515400465 -25.885447302551057 1.5572268799360072
15.149516076278811 -24.8966598151417 1.561430239882577
16.140420591813903 -24.901643963318143 -0.013078848827118713
17.15704514967124 -24.90774558320776 -0.01234044978105008
18.14122163793983 -24.89112592157698 -0.0031466342710297847
19.16487209094063 -24.858508889331674 0.008402948884502284
20.180878453590232 -24.853357769711586 0.0027860794309692172
20.15148753511049 -25.851838039087966 -1.5622713797458319
20.17716925616034 -26.86911505183241 -1.5680618123133852
20.162823016269282 -27.864862546680286 -1.5644589721017728
20.156797529718368 -28.877668462619265 -1.5699587261389987
20.177552283082026 -29.883688410326045 -1.5727076633692574
20.177663886786334 -30.876640936279813 -1.573595303486534
20.19467832624835 -31.858359331473114 -1.5747755054376664
20.203672290922405 -32.86171423502695 -1.5718332010534408
20.206899180993403 -33.84827340936354 -1.564709767694881
20.21092950066099 -34.85176577576316 -1.5701725169207932
19.202576447570095 -34.83571789799348 -3.1344093632302457
18.199821544882298 -34.8515256252807 3.141417136091036
17.196821003306727 -34.85630826475895 -3.1351582487566043
16.190755983534245 -34.88278844174432 3.140521636977718
15.183600396362648 -34.909172633612016 3.1375534290992144
14.208226698177723 -34.907324653645546 -3.136430712409146
13.225545770813746 -34.91578533657157 -3.1382560238587236
12.217746830108622 -34.94635283489614 3.1313990568902383
11.224946611952188 -34.944569172182455 3.1404506740151343
10.263993870974385 -34.98043598572824 3.1149878128620925
9.285622681014496 -34.93192041662336 -3.1414303689161827
8.3297638784951 -34.921853075368546 -3.1141340628548466
7.3280574140698596 -34.957018399706655 -3.109859971183085
6.285719557553217 -34.93909656614469 -3.126223186807452
5.2871180415424215 -34.94814926024076 -3.1311654661494046
4.280425424625939 -34.94794907155623 -3.131944509541636
3.275903745971165 -34.95346171372105 -3.137134173686035
2.2570694584029565 -34.965683668099054 -3.131164123089047
1.2399956027196364 -34.97082548567765 -3.1296312771560206
0.24316387322891617 -34.98670849393111 -3.1301931440107036
-0.7430846634483328 -35.007264175230596 -3.1282800300450724
-1.748788044953797 -34.99422216907662 -3.132792050843988
-2.7480886540271783 -35.01698125789431 3.140321444757812
-3.746305023400242 -35.01816730910409 -3.138129601987159
-4.7477225222828485 -35.0271540393275 3.14122572741422
-5.749506893240836 -35.02439586071611 3.1399390161059695
-6.751934490946604 -35.047974976605644 -3.128548450754509
-7.742190364456853 -35.04685042003244 -3.128181180388985
-8.72847476299075 -35.074607598487255 -3.1330135487549353
-9.753876427793541 -35.05676877058154 -3.1314771309463687
-10.752110408543771 -35.0796394638694 -3.134120499157296
-11.73993487704803 -35.07928349043114 -3.135856399821004
-12.736645419911374 -35.10143804455352 3.1404359085588145
-13.754571330284916 -35.10452823198176 -3.140420962312226
-14.731354257992 -35.12438048827026 -3.1400729229477173
-15.751641187713082 -35.087173792628995 -3.122417013163371
-16.749394184084945 -35.12100518104841 -3.133867428871601
-17.7331831967092 -35.14095000445602 -3.1374114446530967
-18.724907870303188 -35.12108789898554 -3.1367882295699006
-19.733904929671173 -35.145003721136014 -3.138186983911971
-19.757871157920114 -34.16409925983618 1.566639581160669
-19.741634045137534 -33.1707144542396 1.5762804129850696
-19.747121220362637 -32.153454662853804 1.5760616315854425
-19.74895904744472 -31.150479492786737 1.5759972050798676
-19.737844149252645 -30.150832174221083 1.5774102416987914
-19.740828401044986 -29.15705809570685 1.5787607283883223
-19.77507642165542 -28.15612377489192 1.5751578699673647
-19.771100265321753 -27.161035232826308 1.5777875859951729
-19.800430489788003 -26.13762545041711 1.5821174332997134
-19.82150646975992 -25.114840162280533 1.5843724616036905
-19.83064127886091 -24.119256981296505 1.586973934422909
-19.84246806305295 -23.117287806290026 1.5764700952775692
-19.816706080505636 -22.104089102726288 1.5792303037440347
-19.86207108803662 -21.095888212303183 1.582912581635788
-19.876056539538745 -20.081282978367604 1.5811112598739554
-19.885194121039504 -19.108836961092766 1.582727054385966
-19.906195093908888 -18.082224497402144 1.5736336790616006
-19.88539688080837 -17.103393343976265 1.575085257649378
-19.893681241730416 -16.11921302858445 1.5853922042868918
-19.897288891683687 -15.09461773238585 1.5798955488912005
-18.893882859192942 -15.07832235765961 0.005975872939593439
-17.904785826001937 -15.082847221738962 0.00515944833160108
-16.916404875808535 -15.089659918665534 -0.0013871395686692518
-15.910360106100422 -15.062612393772397 -0.005325865722162313
-14.892688279379435 -15.051121623948351 0.00030305514475235414
-13.87076401790939 -15.065467999671409 0.0004150530933798562
-12.880889261129338 -15.084560673182928 0.0034049617539426073
-11.896586130790936 -15.087196570771304 -0.005651665366066657
-10.903063855423007 -15.078460682847549 0.0010147393823183356
-9.922067927012657 -15.065937469222435 -0.0017128778685750177
-8.90105280725688 -15.046930362202536 0.0024928123630978388
-7.893943997943145 -15.067131765309185 0.0016395714464352608
-6.882183370621921 -15.082943650268742 0.014083806442500589
-5.867889920163908 -15.066531386794473 0.00393104849000259
-4.877108017257579 -15.069642223291329 0.00932695342786099
-4.862370181967717 -16.05489439031868 -1.5618161409869302
-4.85004419811136 -17.04130520639578 -1.5644973527257329
-4.870185321103151 -18.058800212634107 -1.5554035050425619
-4.8557017707893815 -19.059943334576793 -1.5710872227927268
-4.8362805523457535 -20.044217025363977 -1.5592273334929903
-5.833568623732198 -20.024856319637554 -3.1275403816575147
-6.851003463331174 -20.02917319147417 -3.1263238166152036
-7.867015800332282 -20.05410249169822 -3.130650540671303
-8.852932694076758 -20.060247286233526 -3.134184307517181
-9.84234637543405 -20.060134420905584 -3.1389424898414453
-10.860406106031784 -20.067389932744604 -3.139137197412768
-11.854957155607508 -20.068842492395696 -3.1392085364191598
-12.86800640959221 -20.085150662959343 3.139235273614518
-13.881159334754306 -20.06069777854903 -3.1380254922222353
-14.862514772524131 -20.080951282318665 -3.139737764999602
-15.854746285927025 -20.069099383576237 -3.1289082315843566
-16.874506395513237 -20.083736163368155 -3.1347213503425087
-17.88604881884431 -20.09160712222596 -3.1396709661699376
-18.86003479301528 -20.07714401331547 -3.137473208142295
-19.87666016953694 -20.112708977704184 -3.1401418895086044
-20.869917756721083 -20.104354837656548 -3.1383803542110895
-21.86422899578401 -20.131004335580684 -3.141559501056103
-22.831776370632966 -20.134798120023135 -3.1238643995173048
-23.856775696383146 -20.136247138448283 -3.1293505485680715
-24.861023315626912 -20.148648310306353 -3.1294706384642703
-25.874674549302334 -20.15998644152606 -3.1266658876784423
-26.87598032396678 -20.20097255681667 -3.1283773114001274
-27.87251956276706 -20.18159328795185 -3.1287140815328276
-28.871007882266454 -20.188510681876565 -3.127077659783742
-29.89113766341021 -20.21126685134492 -3.1274412531954807
-30.892943181018673 -20.213142754576136 -3.1325317297260056
-31.87093718561333 -20.218314041761687 -3.1398892032275465
-32.866303695372096 -20.210248077572995 -3.137023683434145
-33.87411256723979 -20.209937244949963 3.137849404816765
-34.90871907192116 -20.194476976799592 3.129475183010565
-35.91436051565147 -20.204275639976668 -3.1372061940864837
-36.900916556100555 -20.2146876256151 3.1334402851461167
-37.89801599443765 -20.221775114224503 -3.1373683531054803
-38.913074118235514 -20.216655943407908 -3.1395260522460213
-39.897724881497474 -20.217810289049222 -3.1368189362536962
-40.8954972103193 -20.226919922674828 -3.1358380294208215
-41.90188045644683 -20.240025729126707 3.140527486722859
-42.91119867751454 -20.228078783685525 -3.1360663408755536
-43.8998164922179 -20.23901074431025 -3.1351514427804243
-44.9020608643293 -20.251154577480836 3.1399741234969865
-44.912175968185025 -21.24712038333394 -1.5647137743560855
-44.878288145040706 -22.23159463364236 -1.5602226625388986
-44.8532932661521 -23.243076030969995 -1.5639185345498356
-44.87499416263194 -24.252203117280494 -1.5602273918479868
-44.87511180061153 -25.25386638737891 -1.5652297622483797
-44.85801594134982 -26.24963356675496 -1.5500587014151745
-44.83171251295128 -27.23579449417738 -1.5619422222841954
-44.79875064724203 -28.237475405089626 -1.5642520068195644
-44.8027614533419 -29.24024472990744 -1.5563116152286784
-44.780277519664935 -30.227383978039494 -1.561210346198213
-44.78989518257636 -31.23654536114935 -1.5578358465020252
-44.77056210633806 -32.25430562568059 -1.5649713560367855
-44.76360729688343 -33.26412847398925 -1.5693263606302619
-44.765710708832906 -34.246703426802135 -1.558264432576391
-44.732392089009686 -35.252564337740296 -1.5577051190073594
-44.75599351943325 -36.2407344173379 -1.5669796921657484
-44.743108725376736 -37.241264377882935 -1.560354278905355
-44.730526064535994 -38.232401386961484 -1.56389790813879
-44.70806683764001 -39.25071865105088 -1.5661773659707738
-44.7280746639898 -40.244498711049495 -1.5715690671702658
-44.718471233631334 -41.2285471108531 -1.5618226741243588
-44.723495443494826 -42.241450022065116 -1.5694175622326834
-44.72905993281748 -43.239397178330385 -1.5656557941487108
-44.71942703881609 -44.267439636731304 -1.5667926814334103
-44.7380793631058 -45.263200037416894 -1.5741365829276426
-45.73152626409859 -45.26412838638549 3.133202606221705
-46.73101554006095 -45.23672251851792 -3.1382757266931414
-47.71685154396525 -45.26576498447755 3.1399423932493815
-48.721820126963884 -45.279173242315835 -3.1362339915802027
-49.719965704121584 -45.28145263000055 -3.132066082953737
-49.72084074062261 -44.29509291411643 1.566713935368383
-49.7208150010763 -43.287008984415884 1.5739958876868516
-49.7080658936885 -42.268633197885286 1.5782028997627033
-49.71606700487175 -41.284993362971534 1.5787288746632155
-49.720956759759865 -40.28404326791946 1.5716442685235126
-48.74494679376185 -40.28164634712789 -0.005499623350073146
-47.73822479468096 -40.2687117292161 0.002754687407744501
-46.738272362478355 -40.257471434704144 0.004961104442806282
-45.73518579751219 -40.23761279451756 0.0018359763922387636
-44.73270461999615 -40.229506546723435 -0.0018207827673583563
-43.73048875942587 -40.22496672536007 -0.002335100828619124
-42.72766048751979 -40.24960126543541 0.007696936981304279
-41.75276079047909 -40.22321643553673 0.012682719982072887
-40.7603409286407 -40.22807389006531 -0.001971095108469207
-39.758347892948706 -40.207898405942956 0.004774563763250178
-39.74744232117914 -39.2253964491777 1.571475061102076
-39.735514330897004 -38.22011623360785 1.5651569597939412
-39.7457590013961 -37.20033075385487 1.5627013196730948
-39.73750550745357 -36.21624754159241 1.5729489435288981
-39.73329596485037 -35.21067755732981 1.5694556796585852
-38.768485837378265 -35.234445546310035 0.0029453306367586583
-37.77004106248856 -35.21856573087233 0.00642461206726357
-36.767798410861204 -35.198401510515346 0.0036413506144678267
-35.75694425431014 -35.20170090946151 -0.008473328381171243
-34.77987458905636 -35.22691482815447 6.719172018303097e-05
-33.779677223847436 -35.21282431968211 0.0056101650143941285
-32.754907223197606 -35.20632536544896 0.006530431291194926
-31.723297388918237 -35.195886550921465 0.007394705771655064
-30.712298466147363 -35.20410960643014 0.0025449890972823134
-29.737604506757556 -35.20379569698375 0.0070018404811133805
-28.725218042339783 -35.1821310252068 0.007928543882796459
-27.726968095446313 -35.17008342916745 0.004052486261469289
-26.721367738897 -35.185666619438905 0.01376678798103525
-25.749019566140245 -35.1813971765893 0.014798253156902781
-24.750373244164486 -35.17631611245692 0.007413272041005015
-23.727590302755086 -35.18500650358302 0.007665860977021965
-22.738057739884358 -35.16983324043661 0.005040401601622034
-21.709917605321213 -35.13834105226158 0.0050043825415778675
-20.72525753094821 -35.1381219829262 0.006281768918867263
-19.738337847481862 -35.127760674659676 0.00267140584481171
-18.725369559247653 -35.12658660381567 0.0056177582866437275
-17.741696678757712 -35.1250774267204 -0.0023331272763547103
-16.732429186628504 -35.09939163789331 0.0016065196767757889
-15.744157931276535 -35.086265318264374 -0.0029221631396598004
-14.737236299947638 -35.101230812334535 0.0016295509476443603
-13.742650944976866 -35.09572600915567 0.009016541899313377
-12.722575683125571 -35.10148922683426 0.004747227460504347
-11.743189588245949 -35.09465405357883 0.006775186971475293
-10.747779712007668 -35.08677652879539 0.002109176725873702
-9.739506577780084 -35.06756956516615 0.0004659582459421512
-8.769985409805402 -35.070751316671995 0.0042464039344048314
-7.760158387691173 -35.058120327974166 0.011718511411115802
-6.758724688942973 -35.04282854357953 -0.0019750515283836114
-5.757857516530498 -35.035287265368986 0.004624126268190411
-4.754111641537006 -35.0398739665228 -0.0033503110501275045
-3.7610500329284164 -35.02218317514164 -0.0009516193837283693
-2.7381583156080826 -35.02354185686304 -0.0025037152061131635
-1.736653277075765 -35.00687619937452 0.00714967607370263
-0.7376656380971842 -34.98996298153084 0.01601971414771551
0.2526695548017535 -34.977733294229935 0.008589380584486155
0.23236455022223185 -33.994412352317205 1.5782384999983816
0.1999163043898971 -32.989357423615324 1.573895446929464
0.20451277991121516 -32.00273770488354 1.5732360625912452
0.23011456388195395 -31.00419824131398 1.580676654280104
0.2344607628773241 -29.97685622729209 1.5878217151464518
0.2095939385940542 -28.994643880206457 1.5858567544554072
0.20725668629533509 -27.987297257888443 1.581134232975595
0.2086584751021477 -27.000102207254766 1.5767951919548857
0.1954216026379078 -25.999136119532718 1.5766545894090516
0.18364385745980635 -25.01421777215299 1.5728227703662176
0.1892088418585353 -24.020371296944553 1.5764249397316321
0.14515930165312774 -23.009868755350272 1.5775600449122371
0.15737839031433065 -22.00361567378262 1.5739197017252209
0.1455004467924779 -21.013722341447917 1.581073850072789
0.1262942915428942 -20.01370314753333 1.573698487083764
-0.8680890653818277 -20.058718412123227 -3.1350990806463974
-1.8460736779349811 -20.042124836873818 -3.1411829570905905
-2.842248267459204 -20.044577578766866 -3.139336198238525
-3.8430804526226354 -20.05723870339829 -3.140917556958783
-4.847273921987676 -20.045678503796374 3.1375224977976157
-4.840015898589415 -19.051528898113265 1.5690936200945114
-4.826676235884705 -18.04803889749205 1.588158753023822
-4.843967572630933 -17.0653999470097 1.579852174961284
-4.863564277549474 -16.07881463820353 1.5885768814193384
-4.867757691403622 -15.078211800569973 1.5761387271703482
-3.8792052706223883 -15.066740806128582 0.01240789901860389
-2.876011489690486 -15.054858614308772 0.015141342446810563
-1.901728372624255 -15.033641486371089 0.006127842378451707
-0.88950940586262 -15.042366211924204 0.015572394520527257
0.0947833741045774 -15.039924453656146 0.007163433656307099
1.0876033221132733 -15.047160291118953 0.00401396153282331
2.076984027442813 -15.029399031129124 0.010140908831413505
3.0845789830162262 -15.031960793520083 0.011632370133560757
4.109346564482718 -15.003374447137901 0.00042755956174779546
5.090526932650961 -14.988213014676182 0.0006930679713592311
6.05674562232861 -14.991959491474981 -0.0024356242571334456
7.036055309813282 -15.011032185031814 0.0027051391933811324
8.033580521816226 -15.013308028078953 0.008659527600533186
9.050453542918618 -14.977727762813746 0.008520133256646151
10.06433940210206 -14.963069491372073 0.005123787019675543
11.071136295280127 -14.956562921624096 0.016637167078915733
12.073281899409471 -14.935082083481527 0.017720830175181813
13.085598907861263 -14.944857912469399 0.014606649138943807
14.101257393802333 -14.918522566287537 0.022183873293648522
15.110637318319313 -14.896897103478226 0.019232348005521774
16.09623162229128 -14.896781693173093 0.011549342723567427
17.08811550519224 -14.880290255532566 0.009229877544056117
18.101265524461038 -14.873250209562123 0.013430062144637022
19.092606637194404 -14.84485750109664 0.0007191208747549705
20.11075508349195 -14.862246234629097 -0.0004493743753722827
21.09200511314795 -14.861364911320294 0.006334156622160577
22.09259910001207 -14.85838161209034 0.002461259165332102
23.094442697086436 -14.85729383157103 0.010926084235466843
24.104684648616125 -14.8340019664831 0.006656739391647713
25.11218964625612 -14.838689521594244 0.012469235008038189
26.111387398316708 -14.855939835788156 0.007666569285315692
27.105210162094444 -14.849144171612796 -7.939565518385305e-05
28.09406313563318 -14.81991809887933 0.005624055045116861
29.07482688040363 -14.808249449158977 0.009236813107663852
30.094794344825406 -14.810348896241905 0.0005315507447057437
31.101226684653305 -14.805513370122785 0.005238500465095657
32.1136479209487 -14.814757998535054 0.009287924476970646
33.117051841732135 -14.81777857310251 -0.001731331027257467
34.1087301463298 -14.839058700428382 0.0023469620539483846
35.13437472681008 -14.810458457381445 -0.006753360910373638
35.10998965308336 -13.807100134913167 1.5726843487280762
35.12590676348279 -12.818332671739714 1.5670440667566814
35.114840928856246 -11.82749501510981 1.5666526248943509
35.09044495315639 -10.80735417380101 1.5722818442024082
35.08875399295004 -9.832449836862521 1.5773696473615915
34.06811359495372 -9.828094766330198 3.1350961382952223
33.070276915462046 -9.82222512252862 -3.139432608123903
32.09133701264801 -9.815283069775742 3.140338198787102
31.09460342205943 -9.812399431847888 -3.139760057005647
30.060367720284045 -9.84483141863645 3.13909251484184
29.094235465550014 -9.823824419046876 -3.1323097019869808
28.06741415037376 -9.82371047514947 3.140338032226072
27.07294742749969 -9.824133236025673 3.1399297215522872
26.070290093099462 -9.854022058514937 3.139609552949608
25.068050971822583 -9.834318009867706 -3.139199775927547
24.074817262214726 -9.844338321744715 -3.1265870512002496
23.083589786726126 -9.843384883567024 -3.1206628455495236
22.09398558055186 -9.843106187858725 -3.1248339170613306
21.071198709135754 -9.875957964709114 -3.1288690506933015
20.077021829395722 -9.883818842372408 -3.1374415135559355
19.09063918356216 -9.905775166852559 3.139302554663755
18.09045981848353 -9.893669528843345 -3.140223995465633
17.057029662147997 -9.881356433399468 -3.1359146611229183
16.04725010846728 -9.925843679004421 -3.132120295880053
15.05626996819879 -9.941842306284073 -3.129927610013405
14.054530581548173 -9.934019919188763 -3.1309828561916313
13.065103952101499 -9.955768638835675 -3.13733954888126
12.043888893300986 -9.95842076878712 -3.1298680103655805
11.045105450212162 -9.9455809990905 -3.1365498327542376
10.040560542538561 -9.959932658788203 -3.130846030863959
9.050690956011877 -9.979550259263478 -3.131514929022356
8.046722460730912 -9.981472448702917 -3.1274227245064496
7.071909352166386 -10.016068392348323 -3.1369340830260244
6.059238251437732 -9.977309116471087 -3.1287696921870003
5.050226261940852 -9.974913400817895 -3.12354202579961
4.072571481732035 -10.006626200430627 -3.1305918964715542
3.0491341863596584 -10.013687442875126 -3.130433643633678
2.0266965565033916 -10.076999301663324 -3.132688095859927
1.0339771950327012 -10.057252993106689 -3.1367513944592726
0.03686308197489213 -10.06569328230241 3.125212100987746
-0.9492781284429848 -10.06025320545517 3.138798725468462
-1.9422627762061526 -10.059640796493822 3.1394301684866814
-2.9305868505558528 -10.063348265293351 -3.1345157868736577
-3.958948750145223 -10.088370699319647 3.1403781853963717
-4.970102990562097 -10.074253796568698 -3.1392432560295473
-5.969186531302339 -10.084121773334147 -3.141308449688653
-6.972919614496484 -10.059264517692183 -3.139309806762571
-7.9460577253622064 -10.04112561009894 3.1377921120819674
-8.895376829601055 -10.031652377305981 3.1398893931514684
-9.89048405717885 -10.063194008614904 -3.138138768466591
-10.897160824377723 -10.05685683867252 3.141065476282506
-11.893764314038407 -10.023055432225064 -3.136287344195727
-12.893925894278032 -10.029631788953534 -3.12583754129382
-13.884858683046728 -10.06724430446509 -3.1363403053616654
-14.886372495166906 -10.071389157748301 -3.1315553122303372
-15.906426547914613 -10.060072522636688 -3.1282201663646827
-16.935591383602784 -10.087609627363593 -3.1384395769875777
-17.944672005086197 -10.07943561063435 -3.13373916160578
-18.949739024807496 -10.091998652170469 3.140216612721429
-19.941031119156236 -10.104733244776883 -3.1388556604500684
-20.951241168405602 -10.094124042678457 -3.1384416569336104
-21.955490669667185 -10.1035619792563 -3.1184457789627555
-22.9488290606099 -10.123547025822168 -3.125970576738188
-23.94164798579004 -10.131084114190642 -3.1297733065282833
-24.927839790381103 -10.135480307036884 -3.1344613489260533
-25.955948851698814 -10.145546402310337 -3.1345023256639797
-26.93034415459444 -10.146079649544076 -3.137631522219246
-27.93280405681961 -10.158426330123298 3.1402743639840507
-28.91085810628913 -10.152140393877842 -3.135204408587707
-29.924329985835527 -10.179344693104818 -3.1336120236207523
-30.920980550668947 -10.178984503010147 -3.136655801247454
-31.936167266595024 -10.142805083940729 -3.133383146231108
-32.91881511053714 -10.156397772113506 -3.1396790449357455
-33.93620224634491 -10.164103076766585 -3.1385403379910493
-34.91967590973901 -10.19943508306634 -3.1388444513230587
-35.923036532989165 -10.208907787984689 3.140426695794918
-36.931211026789626 -10.213485835587543 3.139107490990087
-37.94043400618271 -10.212545088841015 -3.131393253203238
-38.956033057664044 -10.223034027051124 -3.1301191238824386
-39.96311981814298 -10.234533692639937 -3.138228276974391
-40.96112425125504 -10.226912075098948 -3.1328211183708246
-41.964243784195794 -10.24051059535666 -3.137061161851347
-42.96516401043462 -10.246807251165786 -3.1356716831221503
-43.951926436573494 -10.242353867810001 -3.133942682095449
-44.94375330474457 -10.259846786418345 -3.126320017874426
-44.979756529582815 -9.271975327932273 1.578827655097298
-44.97195755507121 -8.256122623199959 1.5801414244247782
-44.997367110556134 -7.249836950133027 1.5739060256425002
-45.007360753932105 -6.268327656092939 1.5750630626908515
-44.99414314381329 -5.265156615954652 1.5766256069742817
-43.996573066538154 -5.260591899951917 0.003177324792128669
-42.98861052148969 -5.225556140465618 0.0009547607435502444
-42.002844667454134 -5.214286359174864 0.0017799763061878654
-41.0026189329521 -5.216559674914337 0.006185467464964496
-39.98647695831215 -5.216508153492833 0.006043670600603327
-38.99524338137388 -5.218375480201768 -0.00041970386207126887
-37.9925081267655 -5.222523521342959 -0.0010001334769716953
-36.97262075854904 -5.2182979978404385 0.004113321277630565
-35.98240234393241 -5.207144994164396 0.014873524470197646
-34.9871210482753 -5.203155036015455 0.001934839392860693
-33.975019495933225 -5.2051311558155575 -0.006348975442087484
-32.985360442501005 -5.176295669452718 -1.0471323618041388e-05
-31.97199119779156 -5.172217416060959 0.0014120301780043637
-30.98421570917425 -5.176337268660772 0.0032012207137201414
-29.965322950466913 -5.169371583061835 0.010960996127316458
-28.964907818907584 -5.161881596460171 0.006363470480750987
-27.950023482990265 -5.155699454522431 0.0004597141918554733
-26.939095633689362 -5.14125305609724 0.005897036037517604
-25.9261642623346 -5.163462432401626 0.007522069571250561
-24.940473605122502 -5.147255344291524 4.7540489045272596e-05
-24.961896156107215 -6.165342565440989 -1.564764428606185
-24.97879682622504 -7.147834224290984 -1.56607075632683
-24.955719791548823 -8.144869515969875 -1.564984288353566
-24.929218390392382 -9.131508733214563 -1.5610357013129998
-24.945179442062816 -10.129305088193622 -1.5653388645434632
-23.927005398335506 -10.115635398215563 0.009740271856901416
-22.94484604556523 -10.104076720670005 -0.002026767443830667
-21.950385357583595 -10.111070028054439 -0.0024533007655504553
-20.94110777342676 -10.099233592002749 0.0016406763260718737
-19.94045184058939 -10.070964815914506 0.008171732300992999
-18.936743193952687 -10.064975403075753 -0.0010509781476055655
-17.920422495219835 -10.08774220508855 0.006203910645989247
-16.916298726524996 -10.07385895094746 0.00501137631142156
-15.932665500703614 -10.089860649199307 0.011498169375517297
-14.927481033010535 -10.097739539054823 0.013996183956843048
-13.911883981951927 -10.071911182749819 0.02117724225449157
-12.882900077164978 -10.027480783216 0.014065356389764482
-11.89519542563052 -10.024702776662767 8.641484578610915e-06
-10.888944560900653 -10.010037190225054 -0.0029936688039927297
-9.893847125543164 -10.01144901806 -0.0030630512582336625
-9.882171932734916 -11.010025120641638 -1.5772979080248182
-9.899672213678402 -12.03366811988538 -1.5763921447589946
-9.901467687826457 -13.054534552962762 -1.5645175472925492
-9.898980461557128 -14.046464052968712 -1.566912691170107
-9.895595784636637 -15.057839848039245 -1.5611832812532231
-9.89289626586531 -16.07395484542302 -1.5683478525762193
-9.896824715579998 -17.067004792139848 -1.5670839617842793
-9.873790097065656 -18.059757202438156 -1.5697915661126578
-9.860284074558551 -19.063893555954145 -1.5671027465601801
-9.853072340905209 -20.058125842299326 -1.5623259297523704
-9.839445354927491 -21.07451240516624 -1.5678980460980396
-9.859150867700222 -22.06870010016727 -1.5728083607331647
-9.828790490811835 -23.091487010466743 -1.5601167038986195
-9.812052654371607 -24.06930648015272 -1.5716872870076273
-9.807963356875291 -25.070756204775748 -1.5760260691600285
-8.803920074007618 -25.097322457987296 -0.0040673583534717
-7.808675199635577 -25.081963871493425 0.006490084607287198
-6.784035809870813 -25.058936046617738 0.005598417078174703
-5.79868830037729 -25.054079751465316 0.0004343204197671465
-4.809510326922465 -25.047432935385526 0.0046696619302327705
-3.805038261114383 -25.03438845090964 0.005335014606362
-2.818071290238122 -25.030278211059745 0.01222309535299635
-1.8031208492097106 -25.01829158832503 0.009524793159395887
-0.7913076428174423 -25.02741655918914 0.0048794568373281295
0.19570682947437007 -25.01418560413022 0.00318735153834307
1.181028650340017 -24.98325832445177 0.012860397626183486
2.1941390305022526 -24.970232268799133 0.014553770609952298
3.1909693710135256 -24.98242192684423 0.01414421449582789
4.174104004121424 -24.979249111596843 -0.0009967149428969939
5.1854770041080664 -24.96784648066534 -0.008647753380317619
6.2052544811341335 -24.983159719963563 -0.001660403369956007
7.23361676224622 -24.977547527447783 0.015284128579561757
8.28471387229947 -25.094314412890196 0.05138647847592084
9.239425306007647 -24.865367292074758 0.0021440443178667172
10.207804737930438 -24.809336429188075 -0.032802994238748454
11.195139862941796 -24.829882956334128 -0.022974785847201418
12.162567298650472 -24.84689733918627 -0.028396910570481177
13.158072182644116 -24.8971454981629 -0.0196845963011589
14.154638855241966 -24.887907786358774 -0.013216937982612233
15.156595554424138 -24.889110000754336 -0.004708160034837751
15.15410582634018 -23.904351175322322 1.5665239687270842
15.181618774110037 -22.881452264450406 1.5645311231318442
15.184575973474326 -21.896044822932936 1.5666138996633536
15.162507743957622 -20.926061832241796 1.569368516531799
15.172902358026041 -19.905076310884827 1.581656906661521
15.162731587644638 -18.91060833142023 1.581371305090388
15.170578873573051 -17.90745532978846 1.5924234347394846
15.143966191378675 -16.900273030239457 1.5911370400348561
15.110846127662072 -15.910349270844758 1.5859767129133142
15.088140322435285 -14.926978662935156 1.5837895114606062
14.077413300151221 -14.931024823006759 -3.1301685908150936
13.085177422772599 -14.94074991854776 -3.1327496960799586
12.083730433674077 -14.955283264189974 -3.126932652592086
11.074577055168712 -14.984467851230207 -3.1293363238785656
10.085446247464727 -14.994549638498704 -3.136450085178371
9.067283285135579 -14.98636774061393 -3.136701849550855
8.071479495188548 -15.020424196719496 -3.135035544737834
7.070087015148304 -15.02254671015379 -3.138677725767697
6.078160392519062 -14.998031913550367 -3.136081137183009
5.096998801971402 -15.003926845153616 -3.1386077888767727
4.0978827243794544 -14.999085940805331 -3.1407473754127113
3.0867561188749297 -15.003894548186606 -3.13183827581151
2.092513580473655 -15.004790112309355 -3.1290743383861295
1.0838543588000662 -15.021046655803344 -3.1291487844414614
0.08116793085027187 -15.02554131468782 -3.1269691628528102
0.09776564817575402 -16.04139945378768 -1.5660176081714319
0.12866020142158308 -17.029793299417992 -1.5582356727943116
0.12370295214451607 -18.03267161514918 -1.566876505316836
0.12682274227167348 -19.02516284447541 -1.5599113737515293
0.13862439300328722 -20.009470624022992 -1.5645404140796506
0.15557285465212767 -21.014336000618368 -1.5644169818945335
0.16825715088632828 -22.013249350597125 -1.5583639340458424
0.17371518204204547 -23.02987317465163 -1.5616517858519545
0.19184914103714248 -24.00680817214581 -1.5706982195955255
0.1869280570383052 -25.00177374328564 -1.5678836859848544
0.1862387197492434 -26.00782537009724 -1.556852229076967
0.17847919820407057 -27.006793135938334 -1.559542553063451
0.19336721814511448 -27.989500646345714 -1.5606613700833531
0.2102631039380318 -28.989973253306946 -1.5591612061836133
0.22168225221172708 -29.993407843144727 -1.5668684582375423
1.222718479245286 -29.9794797220761 0.011857212592673335
2.2166919582732736 -29.996231786105696 0.0042109391310213625
3.2049015494604887 -29.973822609489353 0.003740612299865526
4.184921714254108 -29.95355525601567 0.0007335636615120303
5.207998083510609 -29.952075423413792 -0.010267411979729803
5.199303838721051 -28.928369366239856 1.573344691264488
5.19823795622786 -27.930442855808256 1.5732029943258898
5.200482077487937 -26.964558236160336 1.579768304012505
5.202093219390255 -25.966710665541562 1.5854348491392634
5.190987429276952 -24.974474537485158 1.584589196051131
5.171251356925064 -23.970972474144123 1.5823656048258534
5.175036661627565 -22.97716190402967 1.587229414452275
5.160967497011338 -22.004208321266393 1.5836660825829214
5.147614366105004 -21.001861067097558 1.5730514872800723
5.147258801935697 -20.00091566439639 1.5753208195670376
5.124714700834088 -19.01873447921027 1.5875052545707984
5.147760492552214 -18.006706623797736 1.5871104155968685
5.123453660181101 -17.001983150482527 1.5795128185199392
5.1317664933548715 -15.980645221120119 1.5836242870226036
5.09281588717864 -15.000468688201781 1.5784218062145674
5.091010845518164 -13.986314276688388 1.572746635788346
5.099944148880154 -12.993237903920233 1.5718884377189861
5.068843127445648 -11.98773450823311 1.5789902083979361
5.072627211792712 -10.97629395291507 1.583856139629257
5.065709271466486 -9.998336280906274 1.576304570161598
6.057429577597445 -9.999033745211293 -0.0015423178164077392
7.051767481908007 -10.023556913033627 0.010033811992852871
8.035463356864492 -10.009080040216894 0.01232934296676454
9.060801909716414 -9.98623923104218 0.00955880955560361
10.059454375187785 -9.96202896101572 0.010869036099590007
11.056203515783528 -9.95177593365545 0.01265969694290435
12.059106344370365 -9.956208618447915 0.01623419543630771
13.05004130990662 -9.95754537099665 0.010293123117308978
14.06115255834745 -9.940697439194718 0.019016853350175493
15.043945805334845 -9.929200064658463 0.012321917466851453
16.058182528813745 -9.935844571223436 0.01396308837157444
17.073794299305074 -9.9122996687584 0.009162526769620028
18.075120400884494 -9.892673211240632 0.014225199222418819
19.07612832815385 -9.887419897459047 0.009280665753638496
20.061588475762818 -9.867585454414044 0.0011415537986302403
20.059309351286842 -10.886227145726297 -1.5685333876090062
20.083216535731385 -11.883344028150873 -1.570563387845049
20.094796360122597 -12.873397944950383 -1.5610267983159907
20.089219261122377 -13.87684416755054 -1.5644467639472281
20.097589383325197 -14.879821709809258 -1.5647563407603404
20.100438287659614 -15.868489465037117 -1.5652096052253262
20.144250332545575 -16.84664392610158 -1.562995221200561
20.131612353934088 -17.85327920018552 -1.5702892251575309
20.146798696677138 -18.87330092778996 -1.5646951529870556
20.149349888351765 -19.857484258867277 -1.5603041339862538
20.129903211158116 -20.86961293321547 -1.5643997180674225
20.129096793214202 -21.858333044260444 -1.5671587968875602
20.14995179939811 -22.859428332315158 -1.5626480510319132
20.1362377811009 -23.86669673474949 -1.5722334847727732
20.144683675852917 -24.85780596658715 -1.5652528843919349
20.162021184282196 -25.880176139429153 -1.5717032124304213
20.163270476441305 -26.869058848522975 -1.566537653242844
20.172980142781253 -27.851732870904844 -1.5584068423686672
20.156086220104836 -28.856085575452262 -1.5657716306090386
20.16223182441399 -29.84943212465315 -1.5618237454096033
20.18228624098369 -30.86671728786967 -1.5670284927402223
20.20297405093922 -31.86457529472595 -1.5730058571976633
20.188845300049035 -32.848502366850084 -1.5682805903424206
20.206935019888952 -33.859250289054884 -1.5756088852199375
20.215668516322932 -34.864798265405135 -1.5732007825984657
19.207534356353868 -34.86377419610525 -3.140032049186807
18.1868974839412 -34.871835682837286 3.1324562195563046
17.186108597602434 -34.88302318766943 3.135316435858941
16.187322721462863 -34.87082245060472 3.140174251287907
15.20136725508588 -34.89392358745655 -3.136069394046978
15.226862412479122 -35.880973168937935 -1.5616507310924308
15.219558137221345 -36.88630831593674 -1.5615475714116478
15.248029326078731 -37.89673647437377 -1.565282796172937
15.244367069342994 -38.88525764018996 -1.5761175857088991
15.224783181966597 -39.872347588597286 -1.567945528780911
15.224707770399922 -40.851433566422536 -1.574459198558109
15.223279184744209 -41.85852439606644 -1.5689801707347053
15.240293469128977 -42.84554815298759 -1.5636248291837005
15.238848983038631 -43.856951860172984 -1.5757320875256462
15.250942669439453 -44.86227941042783 -1.5663037025674316
15.236840996013303 -45.86345530155358 -1.5625568194911228
15.28185848425996 -46.85376525994827 -1.5633688978816616
15.259318456057752 -47.85217313302104 -1.5623022747506108
15.276385131580591 -48.83403570264003 -1.5659323173969086
15.289036585608127 -49.85197151848039 -1.5737799970849267
14.279921601989333 -49.83674022633235 -3.133374221791426
13.291277006596204 -49.856856593546425 -3.129986271452319
12.29764219751903 -49.88466476166545 -3.1319324907615225
11.29891154391024 -49.87504331864728 -3.128978819564713
10.327555122132143 -49.8916798766735 -3.1311439083154866
10.308562058898957 -48.899001090368344 1.5806064650665461
10.290617480721984 -47.9004094145669 1.5755460552457097
10.282380984323941 -46.908661242788384 1.5759536394870584
10.27829204943393 -45.911356895795564 1.5848296703632772
10.274885192799035 -44.92452391170968 1.5810637114829407
11.26816741117313 -44.906213458237765 0.008942801132335745
12.25404628626697 -44.885625018950584 0.005116741983709944
13.271126043472194 -44.88698204454747 0.008112188787476863
14.24682251986007 -44.88041267731223 0.012047546270746909
15.254586622494166 -44.85841464835688 0.00616903826569245
16.23241175939831 -44.84324470128853 -0.0041063539895058124
17.2167581977828 -44.86343629336157 -0.005274682400299964
18.22832463582187 -44.86923028849005 0.0023399791862238803
19.229405823418936 -44.85405443092093 -0.0056260015733435274
20.21859643224238 -44.83639289699353 0.012341393147481363
21.227541442835868 -44.819971267258374 0.006729785332922525
22.236403491376944 -44.824444076011524 0.0010090943418855998
23.2190856700143 -44.826883753603774 0.005529697762040967
24.244292169392427 -44.8478104023134 0.010323448189772407
25.235417240953428 -44.825020310452764 0.001796991918647461
26.231629804760345 -44.830437132269005 0.006373218109955498
27.245646885751675 -44.82634144311625 0.0034636299889834127
28.260684091943304 -44.81763666830096 0.004997704883649906
29.2531309867822 -44.82527040864924 0.006782904098892505
30.25098789035443 -44.85200219367781 -9.985970052275103e-05
31.229864141519794 -44.81760501272865 0.010500102708070624
32.24123331358384 -44.80841182715365 0.006298174610070953
33.24036731256388 -44.825827621365576 0.0017368775450905256
34.26813546456887 -44.81615666830362 0.005146130303654138
35.25694572478085 -44.80339004408939 0.0028565019653449134
36.274760222052684 -44.79620973836744 0.0007727704707809099
37.26308449036148 -44.80771900751757 0.0026972242508520976
38.28845539697645 -44.8082122231716 0.0028453061952877588
39.27766336151975 -44.8082326629065 0.004162692371292401
40.28870258005605 -44.80621841638366 -0.004053870477766322
41.27269081436007 -44.8453890201377 -0.004878423727180732
42.25341407203168 -44.834826300021376 0.006346014486915306
43.2889730784039 -44.840142095423595 0.010832658706060976
44.27977845526182 -44.81441992446623 0.008691665475730581
45.26068766744803 -44.81290282565639 -0.0018505598333132542
46.23622006982455 -44.80931839065023 -0.01134320532993793
47.241193463661126 -44.8297052432604 0.0010657853739667353
48.240495073656156 -44.82080424282808 0.0070088519039121795
49.23062497585891 -44.77974985608835 0.007456276408054392
50.2402950665674 -44.781875498964794 0.002590101006371287
50.24837057984074 -45.792187678070796 -1.5616127620372702
50.26872813956948 -46.784845153315 -1.567581494660879
50.25073360229125 -47.77303882427659 -1.5758683418474255
50.23215064885228 -48.779110986604344 -1.5785492086216681
50.21498169725099 -49.76680964263307 -1.5704784267983694
51.23409949580128 -49.780165888291506 0.006423052182631195
52.21915890763125 -49.7715694186557 0.004324383403616658
53.252010843141996 -49.772719851015 0.007552821550349459
54.232356768474894 -49.77659769393228 0.014570854852049288
55.23276542598771 -49.756776706276256 0.005045356421938071
55.239793402557325 -48.767805953215756 1.5768703488053883
55.22675065006424 -47.76954121418099 1.5743083451834807
55.21757612025256 -46.77177133595928 1.5778436459829384
55.205840193367216 -45.77081349598491 1.5855441725403743
55.20725460407576 -44.78325056332246 1.5747145315980398
55.196866401753994 -43.78128968147104 1.5575941057652356
55.204338259457245 -42.79795159882966 1.5722109295835383
55.219612127196996 -41.78658654641497 1.573787994058506
55.21454508348436 -40.77505699371022 1.5642984034565652
55.197612276658106 -39.74532538120766 1.5622547128596918
55.21083348410026 -38.77194084507319 1.5688774435029258
55.21342922285325 -37.77760246477031 1.567309915314789
55.20885309782028 -36.75271728630754 1.5719216564879692
55.21443228557877 -35.74669333343288 1.5734220726509118
55.22453484064989 -34.77485320973181 1.5760639056981658
55.19056737704234 -33.76851341470707 1.5755756193487496
55.162524119999944 -32.78055842920161 1.5794666378443474
55.18169299285486 -31.792446835394838 1.5771161366791704
55.17892459116461 -30.788660352516395 1.5751996098824563
55.17496213123862 -29.8006843691146 1.5809411966796008
55.17366295155302 -28.814402132924887 1.5703101009647416
55.172708474919105 -27.787060075424247 1.5724499539203731
55.17372958606139 -26.783881160983906 1.5767148242549585
55.16853985720722 -25.7876393540004 1.5881602640270112
55.13517161030191 -24.78335339599673 1.5756633215879117
55.14688046706278 -23.772567602152215 1.5838627350678482
55.1289708623188 -22.768899841449592 1.5838394889854626
55.12412544734929 -21.76982946298969 1.5775854184057092
55.12290033299723 -20.763038683885828 1.5775467749521888
55.100982784082845 -19.76828670668125 1.5730391168168838
55.11501809161506 -18.774757944187467 1.5785114330639671
55.10306814749379 -17.776528636443334 1.5667592088775932
55.11805454140365 -16.76689716515877 1.5804445819859978
55.09992932532909 -15.771715365337162 1.5750838790897972
55.099754461160266 -14.784144817337697 1.5778339755420592
55.09108145139874 -13.803254051196724 1.571813980437742
55.09167541726475 -12.810448172722923 1.5756724025853732
55.092965978974085 -11.793623405938558 1.5677205319441363
55.10667653558659 -10.777174708401422 1.568301866970137
55.11950227770708 -9.758143203759717 1.5662631106168874
55.127567109674615 -8.765281355662704 1.5798817702937016
55.11395218794753 -7.762543488469823 1.5801092281893738
55.11300581926953 -6.752314572986167 1.5813473297631226
55.09000464188412 -5.756816612613537 1.5847757967087646
55.096253718490814 -4.755107775230251 1.586390766081044
55.08681231274975 -3.7808697649133673 1.5765376581696944
55.05518355922984 -2.7323421509580803 1.5891434051927218
55.04771696510543 -1.7344774736358015 1.5944945471438046
55.021851339019406 -0.7390961559188195 1.5922917120314686
55.00600794238554 0.2659834923721351 1.5890044874445537
54.967582471388106 1.2686208734201396 1.5813674426394657
54.979317842156156 2.2537113239363116 1.5835442631201775
54.97015862706039 3.2465305427939186 1.5954744785977841
54.93501170323557 4.268020896188604 1.5854900929779625
54.93988257097771 5.263787229198985 1.5881994028415196
54.92773832903005 6.245885293473823 1.5748449627510313
54.92153579829908 7.252386249916998 1.5705799582490594
54.943612058015226 8.248193719209395 1.567554069838704
54.9658593147688 9.240336001936118 1.5756661125798475
54.95924854052941 10.243591012125863 1.5685922820208358
54.96320000140694 11.256502948312516 1.5773073173747238
54.968411724360955 12.235566014606219 1.5830974234909314
54.93365453882238 13.236405387066497 1.5832076805979438
54.92683034105534 14.209584749725282 1.587490381863196
54.9243767611412 15.205449902426981 1.5844503671470869
54.90853901217644 16.196212270158266 1.5849498583530661
54.88769357334082 17.232955078692918 1.577120460841207
54.891303409806405 18.23473200763998 1.5752997367378552
54.88411855282997 19.215473161573495 1.5686316782553489
54.89658844512425 20.222676369528713 1.5678431129262844
54.86680385430006 21.20522733104155 1.5759996768451523
54.86989974051772 22.200847616148586 1.574873829216096
54.863023152761144 23.186860835552526 1.5837044112848853
54.86336908874023 24.202458363699726 1.5811315838579445
54.8643379478709 25.19932663437757 1.581398543198303
54.83765484842901 26.203657677075828 1.5814353693965748
54.83603829478897 27.190431373376715 1.5675511362193746
54.81321727477033 28.217295254209073 1.5798130613366577
54.819681414921206 29.181545786291906 1.572316707968408
54.81307091956703 30.213606690268023 1.5752385660923003
54.79879358385945 31.208824000769056 1.5760671905897976
54.81249728692021 32.20467685689831 1.571186169817587
54.80830479520219 33.19084061018641 1.5710508683183078
54.82847948702077 34.20572820959378 1.5818681832025474
54.778382021906026 35.20994675308376 1.566644478409901
54.77355552829608 36.20378196295344 1.5757797735931807
54.76806038239969 37.22278021549276 1.5712839712769349
54.75311597930371 38.21922248808091 1.554409963322077
54.75323806528032 39.223449041986555 1.5658149508854755
54.763981675272426 40.284330323080376 1.5644737036728098
54.78071670702051 41.25143192204125 1.573180272128096
54.79363607497398 42.2493468165411 1.5632808657438244
54.78360334771248 43.237105206108005 1.568854785489412
54.80424986382893 44.21259422463426 1.5677053210948864
54.7719218348099 45.20670492185119 1.5646752769966081
54.769755976946485 46.22234390546101 1.5591028508362264
54.77870289298696 47.20301083172797 1.5673803798577934
54.781901889008395 48.20636065472703 1.5798811214379618
54.796216754100065 49.19901302789588 1.5700201141027645
54.79777456455384 50.21723407148278 1.5763107404372738
53.80789925012146 50.228852669159636 3.1354323159894872
52.79294336963518 50.22365537004961 -3.1377290774111737
51.80153472449953 50.24093784668932 3.141018300299248
50.77532904288762 50.24698122489726 -3.1384404017601026
49.77970501980677 50.23313256416842 -3.138930469793828
48.775034727632814 50.22827099379154 -3.1370038713790267
47.76923610259322 50.20902674418734 3.127438372026245
46.780994920397745 50.21979467269636 -3.1404649593162746
45.76546557701397 50.22154043208063 -3.134866357974249
44.78661003312449 50.23667416999047 -3.139398858868875
43.78938259849087 50.246912388539194 -3.139561802466878
42.79067020544091 50.24107093093739 3.137638188702672
41.76786630354061 50.229222275148864 -3.1338726402329877
40.75589250101692 50.24462210411199 3.1379921138158444
39.756873038183194 50.24209289955301 3.137714979827645
38.770578151131566 50.21045758132154 -3.1389196478370875
37.76787486131617 50.1993048460197 3.1403482811019705
36.752130149382246 50.21776242069875 -3.1327794535971143
35.74498593230589 50.207956976419496 -3.1301934066408945
34.75308441333274 50.18914855845213 -3.1262118472475957
33.75667347443929 50.194713472730676 -3.1311494704386815
32.76373281965075 50.17770212285694 -3.126287551589689
31.762259147084695 50.14101189267513 -3.1256623292041223
30.760911939104812 50.14167115458436 -3.125274951021733
29.75664058135515 50.12520659127596 -3.123425600539945
28.761452367677666 50.1234307758219 -3.1226449753447287
27.773263718869345 50.10814525042765 -3.131107034551594
26.746481375769253 50.079651806436466 -3.1197329338794098
25.736451314311065 50.05722744120318 -3.1293667727176238
24.752663416949588 50.060762378233896 -3.1313483489210765
24.773029060600688 49.05898371483351 -1.5578765779597132
24.793182793088324 48.057391062171384 -1.563677360814035
24.769161627750886 47.06146931832888 -1.5598128131975912
24.80448629729589 46.071558453311134 -1.5594322153206495
24.82505198587539 45.068344024193685 -1.555869458380661
24.845632065510955 44.09484428589807 -1.5709893178470826
24.84112873056016 43.05309486366667 -1.5774637470847341
24.824112870518018 42.07325194925498 -1.570080027470269
24.847129132159818 41.083789870745285 -1.5701689950074154
24.874358431642715 40.0831030274021 -1.5825733368229205
24.854641733306373 39.095750177609766 -1.575410884001512
24.854477007809752 38.09859154215664 -1.570839521424622
24.8731165619367 37.100965899137115 -1.5749916628212788
24.872726625010483 36.085847098267735 -1.581910646830061
24.84488049153192 35.10725820279846 -1.5741650379223138
23.86280726713364 35.09729407582746 -3.139401791735338
22.86576433709075 35.10850146972095 3.134233778210625
21.862014559475046 35.10264479778595 3.1400090557308435
20.858702728572588 35.06646099790424 -3.134583956088567
19.854043815937573 35.077975208992804 -3.134012344648169
18.839961882234334 35.08575218472103 -3.134579467820549
17.825138442628244 35.072823600987974 -3.134986753431098
16.819074105915206 35.066297077256834 -3.1190466674284174
15.819606195817629 35.059914976945095 -3.1344932645278116
14.825842522016215 35.04806313508379 -3.1389565142745006
14.816302402404549 36.062260732916116 1.5798890983494749
14.808746862645032 37.06041405146969 1.5800151275820862
14.815338166475232 38.05093577127318 1.5723690645895119
14.826670535066203 39.05903775547792 1.5811294470980763
14.824870364670073 40.05501291262266 1.567355411835196
15.815276374850658 40.058493607567335 0.01231835089810246
16.79618168666424 40.043181409413506 0.02086046538663713
17.798675227549897 40.07855478749585 0.006051534457465192
18.794411976659887 40.076362520994785 0.001419971847218435
19.81517513424839 40.102852329588416 0.01314447363992403
19.83287978398026 39.08084139840605 -1.5685335892797898
19.831584883043792 38.09447522577233 -1.561106719357141
19.81711817387405 37.08571888126359 -1.5627660597226332
19.84886364275422 36.077291284882975 -1.5633475265597248
19.85075745659615 35.079577681492665 -1.5652485453579894
19.845994917774018 34.05187985907074 -1.568500603221162
19.840792197266257 33.05364359716044 -1.5642642768825343
19.84380538826305 32.065140121476205 -1.5585871869403434
19.85355223195113 31.043259246295264 -1.5687332378923322
19.842147475874512 30.044198482246202 -1.5696935586850855
19.825665371053205 29.066530072843005 -1.556857064763889
19.858925914952447 28.06008603927566 -1.5550783237411796
19.850108603876986 27.053804334494128 -1.560212228706546
19.859314153153857 26.056038743697748 -1.5566343440032726
19.874829451154305 25.060600069861845 -1.5397850520445564
18.869645034542593 25.042657589850858 -3.1247678059407793
17.876749589150585 25.02441078000755 -3.1331972002953794
16.88284476021757 24.98090034505729 -3.138902769789997
15.893099552255954 24.996096823407566 -3.1346956230045455
14.89056005456063 25.01826343523882 -3.1400756772425162
13.871045700062675 25.026100956206427 -3.1314805229335074
12.888283965396328 25.02335337305964 3.1404778122727475
11.910471326689487 25.02697858085824 3.1400781511983356
10.894627597256253 25.04848215931347 3.139117509004527
9.869311693615085 25.028970817125497 3.1391055297464887
8.870601554461654 25.026169463813797 3.137981222387888
7.883158245230735 25.04173824343277 3.1365954937152405
6.864595186838997 25.022611710168487 -3.1360221717496253
5.873068983056157 25.007489482827044 -3.1412782760392433
4.868575570246479 25.006431199420575 -3.133601382869162
4.880354905064445 23.993933924109367 -1.5711486168591733
4.8733966562987545 23.021362427935646 -1.5720984412537813
4.888005422560595 21.999317046002744 -1.567328083934083
4.879036254182021 21.002004339126596 -1.5712221643321893
4.876050968533966 20.002652807897192 -1.5714222896740648
4.8910916860079725 18.989468790922327 -1.5683930456812918
4.900115016572023 18.000518796813665 -1.5606396251130947
4.907439031234779 17.00530524547272 -1.5685305540187022
4.896742173048117 16.01005750456627 -1.565534537664767
4.886228194495688 15.014430793594142 -1.5753041157040701
4.899983724182491 14.02431133451047 -1.5647718081556081
4.910027182380009 13.032384290906956 -1.560618695781549
4.917570101774281 12.014097421002983 -1.5659183106905326
4.904077947379374 11.032875583023122 -1.5658052309513566
4.918138672865292 10.030085598695155 -1.5662183944795574
4.910326055164337 9.034187149753498 -1.5660138845263207
4.897986189795206 8.013435859109377 -1.5637526683551055
4.936074192812279 7.039424630291846 -1.5629703085826898
4.9332382603917875 6.045635156024214 -1.562969541505548
4.9441214845049295 5.024577438297753 -1.5595424349461995
4.941285415104685 4.03728894373959 -1.5617038350852999
4.9516417054691635 3.0484919659201912 -1.555105125582477
4.97628594872573 2.036973037517496 -1.552469613100958
4.9645419873645515 1.0139613253201714 -1.5565501122957657
4.9738083765655325 0.025793735831150362 -1.5537185390211246
5.01427952242517 -0.9727540504727886 -1.5634826534740913
5.0016791574116315 -1.9703912081637858 -1.5562611147401804
4.983217705045311 -2.9504135900949624 -1.545672504948815
4.989932955963184 -3.966015325364483 -1.5543195941414858
4.990646048203911 -4.986685110396557 -1.5621231452835074
5.99867381361082 -4.983402382146506 -0.00360445558162259
7.001492830070419 -4.986758904577678 0.003971382797245388
8.014492532732794 -4.953456530416317 0.00756185486904792
9.015606220146589 -4.973258445619982 0.015974697381869983
10.008253047424464 -4.970997692500418 0.005961824317752726
11.013479511379021 -4.961168873469327 0.0008236471280888605
12.019607391712002 -4.963065895354759 0.009958010069687953
13.012331686037037 -4.942087753953724 0.011881883180271063
13.994289975878464 -4.924399306496036 0.014496204655504179
15.011624505042045 -4.913418444324194 0.006321175914647944
16.014924827187436 -4.92725246369255 0.0024055161105437186
17.011607376319944 -4.922790840897268 0.0019991157145810264
18.024587633065558 -4.902787181624141 0.005047048903331048
19.029333776034644 -4.910914299412755 0.004290029382302053
20.041493170072872 -4.907132445890393 -6.307099951245006e-05
20.049834448088575 -5.899366869055694 -1.5720273660189301
20.051407775854624 -6.890447120766956 -1.5663820119818892
20.058819646526914 -7.900335680230484 -1.5603734646822118
20.064223602511575 -8.868363537476785 -1.565507029484379
20.097239732293513 -9.86907191777397 -1.5644861451880656
21.07653768887501 -9.888472362055884 0.01316290646039568
22.071064702346533 -9.849617825025978 0.008637322589534775
23.081114562120085 -9.842716204696723 0.007025733583580052
24.076479153063097 -9.848898702694246 0.004458200081049896
25.073441273380947 -9.824644877325358 -0.0037285202592685527
26.087399364051326 -9.837093715150381 0.00640794778554635
27.08024127067564 -9.83494750751076 -0.0005515484420163251
28.075569824366955 -9.837638984249567 0.001087948248553543
29.096872571579283 -9.833187162430573 0.0011491860054145076
30.0821206695799 -9.816575308812038 -0.0021274650980046403
30.08426078415437 -10.83452829501438 -1.5726287071232703
30.082333284080377 -11.81815338359601 -1.5687934474337744
30.083534260835812 -12.833881836734648 -1.5605306946250357
30.066175051819403 -13.811725387781852 -1.557769923580294
30.092230333184258 -14.789219068705123 -1.570085027109927
30.098199731220166 -15.813815801722043 -1.560912967910199
30.114111943767583 -16.814792749249072 -1.5515767151275088
30.12909992159198 -17.802550659867855 -1.5606930572151974
30.1678445406075 -18.81997738780102 -1.5718122856484404
30.17264907746536 -19.80559931180054 -1.5681598826342813
31.160112558626825 -19.813670332469883 -0.0013218825109463496
32.163563429794266 -19.813247157405144 -0.0044216638091347585
33.158166059662165 -19.796830892577077 0.0026689418053773045
34.16607098926109 -19.80230291113439 -0.011477157269202119
35.15989022355467 -19.819955126367045 -0.00964670290577535
36.175865634878875 -19.85922670956504 0.008584978824414844
37.1870904252835 -19.807524563098998 0.004820602700237058
38.19645750358817 -19.80967308564432 0.004165554252170889
39.19675295607988 -19.861804610387274 0.015453067079895246
40.213379183085785 -19.84654889131485 0.013769994599604077
41.20683293792466 -19.85852328675941 -0.0013194521228941905
42.21369820709247 -19.84983743680549 0.017501570887946537
43.21532779829645 -19.835917983536195 0.015149008910894426
44.22948061693293 -19.83383090704205 0.014929649060341353
45.25058753280284 -19.808756606451777 0.013771216243683045
46.25082667645249 -19.81719575986734 0.012899435623259323
47.287617869653786 -19.807856667942193 0.023860152283051377
48.31103644353657 -19.788939579373523 0.023140645191353264
49.32294821574516 -19.775824805074475 0.02523932898965172
50.300954936764406 -19.758015259379267 0.019735952085439722
50.354274419015965 -20.793429164244593 -1.5669992557544705
50.34804324410354 -21.82599880800872 -1.5829180140224803
50.32261790660859 -22.82272380329201 -1.5745750249819197
50.385043813896786 -23.783579983990126 -1.5643979295303994
50.27510186454213 -24.829175350736705 -1.5781191580643947
50.24849770293324 -25.837689560845917 -1.5822294382553956
50.22874234443331 -26.84853250137941 -1.5773970531021828
50.202009399858646 -27.84398524941378 -1.5865812994585606
50.20308770788471 -28.84473507267789 -1.5860912687125954
50.182285496925054 -29.828112955013367 -1.5737201281968491
50.18201736304653 -30.803499945612266 -1.5712555646836268
50.158387911132 -31.808574297726935 -1.5678696645057721
50.17925389555061 -32.77539598741964 -1.5680232453168803
50.16924683082666 -33.781147263283565 -1.5635904540901084
50.17929322897224 -34.79020348958338 -1.5558707862788794
50.221728820855965 -35.79718409837501 -1.564019393200776
50.21606942772179 -36.78544027563347 -1.5507961488511812
50.22663289806072 -37.79741206215472 -1.5493012130832107
50.24341006268382 -38.79607193562741 -1.55297845903791
50.22396681910764 -39.783371563116305 -1.5665077796685594
50.21493602816708 -40.79486257702716 -1.5728980371065693
50.22162370818514 -41.793107835235126 -1.5744593149070907
50.23153079479391 -42.79405760336983 -1.5789943174305305
50.23097301540295 -43.77486927141324 -1.572194749476237
50.244340042850816 -44.76917082783345 -1.5671478476782639
50.23755093600788 -45.76311640052366 -1.5730358363672596
50.24821409493661 -46.790055650410416 -1.5696160280356548
50.23535400925868 -47.8033334060252 -1.5715333510175744
50.24737105128289 -48.77942997499672 -1.5728986832178724
50.22800408305174 -49.799681478684356 -1.5661585043101984
51.2314155022688 -49.78003038539057 0.0003199168960070943
52.2469470683739 -49.80222419142779 0.005068355339549844
53.22849535187143 -49.782688888865 0.0014175760544619719
54.2256711869301 -49.77527816383685 0.005287098545111964
55.23324350550763 -49.7761221131495 0.004846301690279402
55.244293184559105 -50.77904468103468 -1.5690412712452348
55.22870939489627 -51.786957871137524 -1.5653458214177576
55.23760604669865 -52.80376202076786 -1.5646363029511208
55.22657047506698 -53.80118012994495 -1.5720553788352545
55.262053704321374 -54.7783832177653 -1.5596975998072116
54.25647563635068 -54.80706799911651 -3.1316985323950086
53.23897570767262 -54.82177560541525 -3.1361231641765417
52.24070914935273 -54.80527263244946 -3.130111298599536
51.269289627266915 -54.796222346388205 -3.132398323035067
50.23220499027338 -54.812807510355945 -3.1352896013151317
49.234688830030166 -54.817817630235915 -3.128686937414999
48.2417443051961 -54.84149363419673 -3.135139782240406
47.264516898572296 -54.823974376238596 -3.1326983455634125
46.272659005531004 -54.81566481560007 -3.131009779994639
45.24799359538512 -54.83612272045892 -3.1399818030356066
44.256922962678054 -54.81418223744569 3.133004500218771
43.26396927477351 -54.81470311435461 3.1402671292541484
42.27704153359803 -54.81632125282631 -3.139580266385926
41.27299646038443 -54.81488322095202 -3.136480823002731
40.26208854249069 -54.82638821531557 3.1369859344528677
39.27821803433804 -54.836660090124084 3.1269469104275656
38.27556524196631 -54.81207956401422 3.127070343121544
37.2488066109098 -54.79597644884331 3.1408067178502845
36.278899831411366 -54.798138418727774 3.1391549858882977
35.29407791698683 -54.78980026341615 3.1394036695024248
35.287860230938115 -53.80529140012279 1.5655986149240728
35.267601724386424 -52.79658224088428 1.5639798055190732
35.26710972706928 -51.79511147853829 1.5642897212392026
35.2896515307193 -50.803074919698865 1.5741656467499414
35.29886075156222 -49.81519816637816 1.5727796012747788
35.29751197881257 -48.80364620866325 1.5739641310844148
35.27520219625095 -47.78283854909135 1.569755825563101
35.28828882460219 -46.79733763818081 1.5743227354386375
35.255448912809086 -45.82760314759248 1.5732171095680163
35.25518181007593 -44.84047792593618 1.5741000481453156
35.25785970364827 -43.81188621875208 1.5773469095336834
35.25636942665209 -42.83076153666802 1.5731841251764018
35.256825979679355 -41.82070692400259 1.570684543725234
35.242489868773205 -40.81167772696728 1.5819517099186737
35.234889172002354 -39.80552652042497 1.5805144027207298
35.234920412277795 -38.79167283914619 1.5765343940376435
35.23767145591067 -37.80172574580698 1.5797150383205396
35.21989317494866 -36.78729277035356 1.5686157281418731
35.21222000378401 -35.791136275778406 1.5742398687837358
35.20479130231199 -34.79211563404349 1.5763723665674196
35.200704932303246 -33.78999269101335 1.5698781775011144
35.183752337083114 -32.796577414832875 1.581821661123723
35.1839035961096 -31.789696099779565 1.5731538616332936
35.16004690072381 -30.784424846282327 1.572648038253869
35.18237860505506 -29.792573892839002 1.5692981689455743
36.194586471615196 -29.777449717305846 -1.86874907573657e-05
37.1688308675516 -29.756320878540652 -0.0023935025785573635
38.16950324629155 -29.78037609506805 -0.011164955531136162
39.18260250931826 -29.780026583944206 -0.010216754025822134
40.18996920157104 -29.794616985902913 -0.009362973162868974
41.20286437178531 -29.782692036801972 -0.017819175078383664
42.21001684036767 -29.773159229089693 -0.010824364598849246
43.18131628338021 -29.806449724831523 -0.004929110679177537
44.193516223811166 -29.817265853885463 -0.009657015757268647
45.2081510618139 -29.817454644433358 -0.007106013552285479
46.222738247475526 -29.80831348612713 -0.016665307906227503
47.20792548675926 -29.829317494011168 -0.019340058169953666
48.20129211949411 -29.83560732044082 -0.012072355341398697
49.204099655358725 -29.832078466713433 0.001772322359460372
50.194147428068916 -29.825891306395004 -0.004690044583937018
50.18030963214197 -30.786335003915273 -1.5775969380956207
50.173963171048214 -31.75399405204862 -1.5673372821307794
50.18392136307595 -32.7689245790545 -1.5579222745723387
50.17722923509405 -33.79396623002227 -1.567379368193444
50.18032913835428 -34.794355450486755 -1.5703176354958361
50.19489531515706 -35.78666621942556 -1.5618182333347121
50.207344940801626 -36.77202624953588 -1.561726830884301
50.21476671662143 -37.78735266795865 -1.5568088584069362
50.222868293865865 -38.7933912735313 -1.5637336781448536
50.21384110646232 -39.7676014638443 -1.5631400255957122
50.220025953066965 -40.78886029844624 -1.5621652934948358
50.2101221867357 -41.78268159373651 -1.5616535817350283
50.23606449951591 -42.77333695592469 -1.5748716726465437
50.23029251953122 -43.773874988441364 -1.568173865465169
50.216716252908235 -44.76400363256281 -1.5602007204726616
50.22472507789725 -45.77098478618825 -1.5641523071152927
50.23643452366538 -46.775422370318736 -1.5738768993518282
50.243658565038395 -47.773781665053605 -1.5651473327267695
50.24909787640108 -48.785750134274565 -1.5754757980760754
50.236988794952374 -49.781597732872 -1.5624701418898241
51.234632767040765 -49.752607514620415 0.002418644519458718
52.231996667955535 -49.76546344033132 0.008469582374433382
53.2392681093078 -49.76098035245917 -0.0047088313723143635
54.24695876576831 -49.781027297396335 -0.0011316925790415832
55.23550600325079 -49.763038211752566 -0.000957874937495073
55.24938591003816 -50.77341803975018 -1.5673536367683163
55.222528464705015 -51.78301675613085 -1.5788283752970578
55.23663997346657 -52.78615393184342 -1.5709148749574493
55.23092680467935 -53.793273927463765 -1.5699287088074714
55.25830906593625 -54.77299262625252 -1.5593035137967288
54.25840966600176 -54.790769281597605 -3.1210859776183146
53.24428439007176 -54.806792707443435 -3.133547105960606
52.25655691378922 -54.80902543057182 -3.1375289741536805
51.244039741505475 -54.803469698532254 -3.13228681093537
50.23767348150591 -54.81016951360009 -3.130224659609384
49.246031178072705 -54.82613864905187 -3.130265611959193
48.24943063333075 -54.83449630636065 -3.1337972232504705
47.25171910099632 -54.84850081135202 3.141272099863164
46.231639849505164 -54.83601804067059 3.1382233022499295
45.23603330721946 -54.82443084685186 -3.140533620512879
44.25694967281183 -54.84191038539968 -3.1330540353663077
43.25049555830126 -54.80991982887256 3.140382848274218
42.25339475788957 -54.82035094393094 3.131056652787478
41.24036292319939 -54.80634723975444 -3.1364041795039097
40.27627149992399 -54.81817272552519 3.1389498228001482
39.28589346642616 -54.80097107315973 3.1307019689564015
38.26370541123256 -54.805640464132175 3.139837668332631
37.261053349876 -54.81052733932683 3.1309453262169806
36.25559132460768 -54.82241882908845 3.121476886104022
35.28529904434169 -54.82180271793008 3.1339512175843494
34.268829701133264 -54.818826296664746 3.136866339027114
33.26647870795674 -54.81594750572124 3.130209903105222
32.258110356767624 -54.81232445227053 3.1372291767957763
31.24340970406985 -54.800676125230794 3.1392832115983
30.271146394318354 -54.84332048504911 3.1389458814777678
29.279130761741232 -54.83119862319341 -3.1375928447149666
28.296801227463718 -54.84767589635131 -3.137356273922509
27.301653851968695 -54.88102120581333 -3.139059041107041
26.304566550508323 -54.8611541159713 -3.135953786814147
25.339313080156572 -54.85432241671941 -3.1356467177222065
24.324698083957312 -54.828576311662026 -3.134204069796721
23.318216517254054 -54.822611334034235 3.1315369570890517
22.34135952216411 -54.80986108036488 3.1397365334974974
21.332853095638207 -54.80922440386924 3.1299445002710096
20.33767275774491 -54.82745303938626 3.13718714454286
19.347561820073654 -54.83446973920955 -3.1404318891497742
18.332635517112365 -54.83716179780316 -3.13045019417908
17.377646470092515 -54.83836964767246 -3.127752856302435
16.358128381423967 -54.85276188935772 -3.1266316447378832
15.342757486724613 -54.8699855891849 -3.138796924507251
14.344525193234443 -54.86215919157374 -3.141058454225083
13.333226361748482 -54.879234855671 -3.1294945660983693
12.337482332944385 -54.880319981364735 -3.1314549901491477
11.341139057779763 -54.89306350011929 -3.139028635407921
10.335050381018046 -54.89401996272328 -3.127788323862478
9.340642448441681 -54.915519037174064 -3.126362778438818
8.34690890135095 -54.93345815802332 -3.1322608708121407
7.3616378230154815 -54.925121407131826 -3.131908502224572
6.338265920982989 -54.92935025419692 -3.138273591550786
5.357551057254363 -54.92796680790336 -3.1320932300298594
4.344021696622625 -54.937129545670956 -3.1329634705208558
3.34031584272324 -54.94155898990711 -3.1369629166930366
2.34007303100701 -54.94651546865141 -3.123974185467438
1.357643621266248 -54.95965281713881 -3.126168615954938
0.3577886280308117 -54.988718859111515 -3.1366231438650125
-0.6297605460247089 -54.97321986356202 -3.1312156446753474
-1.6303458158767818 -54.986944508291195 -3.135002187125478
-2.6202968929063233 -54.98370609796036 -3.129571027417919
-3.632203028959341 -54.984616057492836 -3.1261066000548725
-4.636488993246213 -55.02759110628158 -3.115484821480812
-5.646068300389955 -55.0272092440147 -3.1224631452426337
-6.645656453558579 -55.03346002777703 -3.1303559854902057
-7.643989511931183 -55.04415375810762 -3.1333365274666796
-8.648507566575123 -55.04488977648974 -3.1320130453155057
-9.660246197819475 -55.05116257684146 -3.131958061414631
-10.63386645035773 -55.07155084021476 -3.134262982592109
-11.64822056834313 -55.08403709472279 -3.137007669398325
-12.655542030242223 -55.062184485899365 -3.1349977064453918
-13.650352369638444 -55.06096241871276 -3.129342211961252
-14.674146313361389 -55.07257626339224 3.1407491036802986
-15.661583025263903 -55.07310803072876 -3.1306359403662842
-16.647764128355426 -55.098620823160864 -3.1319309354042146
-17.651627221907813 -55.09162316212275 -3.1309709717961627
-18.63498066065002 -55.12074894225391 -3.1331377315367326
-19.64512450609477 -55.12590095748755 -3.1309537380542225
-20.661131589686093 -55.130881103697675 -3.1378924920561073
-21.656649564050696 -55.12656043963524 3.1318949853568747
-22.68237868818753 -55.149182683730764 3.1410270123273825
-23.698325225223563 -55.1500636242584 3.1396939280336142
-24.64570287090801 -55.134985455645854 -3.1348322633847547
-24.67374861952964 -54.12461854393872 1.5714982166832185
-24.673409087942 -53.15728954559767 1.5634592430038559
-24.67856950591076 -52.1504544356521 1.5711602290269933
-24.696006752167055 -51.15716072209295 1.5747511625484891
-24.728394183953842 -50.160508703401696 1.5711355314087734
-24.730541271594234 -49.136759770337875 1.5644203496714215
-24.715396885843084 -48.137153781871156 1.5662607834461582
-24.74953656829281 -47.11367603434683 1.5772831988634
-24.73059572648761 -46.11815795644609 1.5817490452661722
-24.738068949265696 -45.1316868739417 1.5693853768767683
-24.714016519948903 -44.148157818629365 1.5676847190176018
-24.73003807603115 -43.13905933579264 1.5660170092932406
-24.72700570770442 -42.14138129396695 1.562651467162846
-24.74433065835456 -41.16845481006604 1.5679115209569274
-24.715470271837713 -40.173990453290465 1.5689147467859066
-25.712628860935887 -40.185418756602544 -3.1402991312150537
-26.714178254456886 -40.20071909951336 3.1340195436664904
-27.729193724964997 -40.21383648364166 3.131273031799179
-28.733608532634975 -40.218873725544384 3.140454157572708
-29.73649320464906 -40.21463414433572 3.131778486622252
-30.757265642900833 -40.16630375552102 3.133370890946168
-31.764540176331828 -40.16162198301565 3.13990698551998
-32.75909985675243 -40.169542144046815 -3.1363721488932335
-33.75531293084809 -40.158176506550554 -3.126269769933892
-34.75712352308325 -40.18729474765284 -3.136205105282161
-35.76785902930712 -40.19607759893109 -3.13550853402897
-36.738039631550976 -40.2107503242756 -3.130841867903376
-37.734393291400664 -40.21241426804238 -3.1394367646402235
-38.755568213519375 -40.22327927547392 -3.1388381610221456
-39.74289012160686 -40.229245505160115 3.141481388028221
-40.73722116075625 -40.24186628958363 3.1394306814884234
-41.745619965945714 -40.21457209197488 -3.140013864456373
-42.77037282394984 -40.22931420028363 3.1371593673947364
-43.748670120004 -40.26515735332784 -3.1387119541144917
-44.732030906001256 -40.250250457395936 3.140596016303804
-45.738902688263934 -40.25769077685048 -3.1414693109543705
-46.74841067403558 -40.26237501996368 3.140462814751723
-47.72733697623466 -40.26458068518444 -3.129126142950383
-48.73362290745891 -40.2756136246934 -3.1406427015975593
-49.745920662057316 -40.27440584225729 -3.1378380643092743
-49.757547354450814 -39.28004405493826 1.5651786428179117
-49.74996940648045 -38.29453189093632 1.566147568126296
-49.73454121991152 -37.302190959974936 1.5775809676949304
-49.764954853660804 -36.28067162271133 1.569624390492166
-49.768665983697254 -35.28313221003388 1.5823189235529644
-49.78326307654017 -34.300152283339614 1.5818906506596646
-49.79748868733099 -33.277193876669486 1.5875438215763034
-49.7858667554971 -32.27212481882832 1.5833796278521812
-49.78776142118268 -31.263795838759368 1.574669747334179
-49.80560763639086 -30.28367530903255 1.579537019247171
-49.81050194186612 -29.265160246635144 1.5877958452752023
-49.82220856709133 -28.2607152233145 1.580356996748178
-49.83317577038346 -27.283905455637875 1.5673894367921255
-49.83803403693787 -26.293555644012592 1.5717495720944203
-49.8519009459882 -25.304755107633543 1.581086737326073
-49.86963802545218 -24.290783504579878 1.5743846869692335
-49.862058452035576 -23.282699932663036 1.5796538722282167
-49.85326599515322 -22.303703493185296 1.5810879974322998
-49.859053555898406 -21.2993338327822 1.5799572671943958
-49.875722674204326 -20.296460080802422 1.5771633620713263
-49.86394504493606 -19.29616238817322 1.5759927921295789
-49.887218683564456 -18.296722376041366 1.5887243475879844
-49.893992737428 -17.287046338167972 1.589432032942219
-49.90356247740367 -16.27319041205034 1.580909093078033
-49.910234457247675 -15.292679498438956 1.580097021787986
-49.917522432963665 -14.288981685483282 1.578388686535414
-49.903998308016455 -13.286723821987845 1.5837317284182664
-49.91403934252958 -12.283524903986775 1.5853346388669824
-49.93888093899723 -11.31035184467923 1.5816567733715416
-49.94068824583712 -10.296014197064611 1.5810863688796957
-49.95712085489648 -9.28448338619424 1.5837504810179246
-49.95187539615145 -8.277706267780983 1.5795547880617926
-49.953466646325445 -7.25961058567533 1.5885213679179488
-49.99666401378147 -6.276682098644558 1.596866361242402
-50.01363729449009 -5.277553013359754 1.5739253798056945
-50.02770710298033 -4.285350728613479 1.5727983553455651
-50.04212167726351 -3.2982407946132986 1.5788624600852226
-50.01771814057942 -2.28456106516834 1.5655724826086626
-50.019981085493654 -1.290052703713704 1.5714740164615817
-50.001806853531875 -0.2825341944909094 1.570150483349422
-49.98991583566798 0.7213909877119952 1.5745015547060048
-49.97902086879521 1.7269241720204949 1.5855854747576936
-50.01441147149396 2.7043568198913928 1.5789351919524488
-50.01287769975496 3.6848994070583108 1.5650735448990796
-50.009082068992846 4.672106618996914 1.5733654960117502
-48.9965913518358 4.690639658996927 0.00841256025169063
-48.001356202180105 4.720724995594011 0.009556032149249683
-46.985272132400254 4.713743720485573 0.0040022272334359925
-45.97529924990799 4.697062457988809 0.012714151236761364
-44.99122793330469 4.704340751888717 0.01254866579082097
-44.001836660280475 4.715854835009363 0.013622290231054185
-43.03959364261487 4.727732524242554 0.009832620865057371
-42.02562442592835 4.759618908009941 0.0023887297602596313
-41.04560832605969 4.757399549397092 0.008810015648256737
-40.06850376954522 4.764935865371678 0.00887568819156354
-39.063414385000215 4.785331536053342 0.008482290730985572
-38.054700661504775 4.795551879351448 0.010586719412705546
-37.04365229778234 4.788378029246653 0.023186269118408685
-36.07151434544393 4.792483357656893 0.006653225425439872
-35.07021190456582 4.756493323475839 -0.0002028853368154648
-34.06428484698439 4.790083218902431 0.002847084707150386
-33.048421851619 4.809362902567952 0.0006195571477627664
-32.04531243638891 4.810316374300719 0.007256400175510467
-31.048160024493395 4.837549229551788 0.010498327626358227
-30.06407905119587 4.862141977801564 0.0075541887480924386
-30.050352762726785 3.8384174652220224 -1.5609699272586626
-30.035587750171754 2.831028975749193 -1.5522249141582245
-30.034878916431413 1.8213640632862673 -1.5444523655180287
-30.01679688600995 0.8020047642582652 -1.5532792063457705
-30.00515125054083 -0.1974406228417446 -1.5694153683535828
-29.99965925816322 -1.1998352987186542 -1.5705127431929744
-29.99493872428838 -2.1728385391078513 -1.5673394726800998
-29.968421617712078 -3.1731896894969114 -1.561749718414841
-29.981590221642517 -4.177636299888178 -1.5690979604142192
-29.981840995527403 -5.173245246770959 -1.5615152123544105
-29.96630689470993 -6.167678032684015 -1.5709062983999982
-29.941762881357874 -7.17494661266529 -1.5650856090940255
-29.93851997980224 -8.16565002261902 -1.5706912245991496
-29.93020800991682 -9.180432749956488 -1.562718441119785
-29.955913811412096 -10.177871824030957 -1.5623529553877131
-28.94227124068626 -10.172114551580455 0.006074897738051557
-27.93551079811081 -10.161014141327191 0.003753264148355739
-26.91858244126562 -10.14140496615667 0.0077897450662746184
-25.922193356485042 -10.130859798352311 0.004736824026624306
-24.921149916720566 -10.127044273494652 0.004216053075222908
-23.933561817255303 -10.120084861003157 0.008767095304409668
-22.93257303700305 -10.096663201851781 0.011354649532957978
-21.91851143327832 -10.107829634259128 0.0012248229271115145
-20.951404603226827 -10.094645647414906 0.005958540317623654
-19.944470111608204 -10.117623795771486 0.006963911709314281
-19.953561498817198 -11.108376252811057 -1.5554478848822981
-19.938063274425062 -12.082842006948947 -1.5605186526144348
-19.921104911470714 -13.07120099194398 -1.5583908633876382
-19.927201056507077 -14.098074855228283 -1.5607033335665017
-19.890404234172838 -15.1084615130078 -1.5561104608716134
-19.88581631818403 -16.083598072825065 -1.5565438570517645
-19.87618767259133 -17.104491569428426 -1.5575880588650226
-19.88160106337157 -18.095893079999435 -1.5644339703008594
-19.873943298703296 -19.11745689564376 -1.565275980473806
-19.86666306923748 -20.09823579693217 -1.5678702334128407
-19.865458138912366 -21.115822163261793 -1.5595463992141767
-19.83940388157467 -22.105073667135883 -1.5531993666236021
-19.83226871559387 -23.126016961245213 -1.5608966895109349
-19.835363894462557 -24.11685387037149 -1.5637543311967432
-19.81761350821162 -25.14141816452862 -1.5595737732538817
-19.813584555093076 -26.15299423528968 -1.5574405400899027
-19.779309182837444 -27.15407725767961 -1.5623142391843987
-19.765982084610528 -28.16113058995615 -1.5649964009275381
-19.730495488086927 -29.163296807278357 -1.5696937022709019
-19.7339261475483 -30.15503132138462 -1.574566282531269
-18.738111554246842 -30.140826782385865 0.005815944139005652
-17.760843975351648 -30.1151620241293 0.0015865826844408224
-16.7713464579558 -30.125849182895642 0.004674983789761453
-15.789068604306237 -30.099939051886533 0.008583901038451329
-14.785303917298675 -30.08882363981126 0.0038796762359678597
-14.80363234689592 -29.074688344517813 1.579925619567758
-14.793644568770654 -28.06917294955685 1.5860307906996043
-14.796081340409776 -27.107363832851647 1.5791133990544273
-14.793095537595606 -26.098278518168016 1.5786634648966524
-14.83748169147977 -25.099337591146064 1.5716499965127373
-13.840803380486154 -25.106529690540963 0.007532615871658305
-12.829451981279375 -25.10961178112136 0.010011909591983812
-11.819837813691072 -25.072530247576463 0.005647157299420747
-10.808876077148655 -25.094355066155543 0.002103522712837403
-9.80740623433809 -25.070463618171754 -0.002108443439706395
-8.799745018030082 -25.093512425122118 0.002137179245510682
-7.793331678515857 -25.084307401360473 0.010996978810238664
-6.800565573190828 -25.071088115595575 0.008491923738341803
-5.790324811749991 -25.077097016491805 0.0064290004589022
-4.798065611215772 -25.059456246914902 0.01454075158718469
-3.8021689702616617 -25.026847053581736 0.0013049680316853224
-2.791656372438046 -25.03221824358599 0.016059185433468376
-1.7989814047213832 -25.027010151170717 0.009868982087346264
-0.8103476655774621 -25.018764018804937 0.0079557038777366
0.18296311579936164 -24.99932275015105 0.010293155999684675
1.1931772109834624 -24.9912029169193 0.005523697822602236
2.2190068799304874 -24.998400053895274 0.0036355434103529124
3.200807204573966 -24.98638708593352 0.009772299161500348
4.203951968812878 -24.9853537611616 0.014817187580512214
5.193747557202076 -24.97589917495777 0.01369020057522575
6.18150252302287 -24.945287612392203 0.008212290714430703
7.188198248933342 -24.948508153424328 0.005258201606149108
8.205552900095357 -24.92429459200632 0.00581536604359579
9.20295817084257 -24.78272697595062 -0.024066604066623306
10.167091105000132 -24.765836500445726 -0.03210699172081997
11.19346496000617 -24.796294904626016 -0.048847845627848045
12.161507926835808 -24.851897130218703 -0.03907059029378308
13.136554503944392 -24.877032172175134 -0.017516137474832192
14.14933579159459 -24.882395118623837 -0.011152900218764354
15.15321714940738 -24.899056490276184 -0.01860489090112605
16.16262913979384 -24.906947425870953 -0.004426452306004029
17.15796450570481 -24.892954449497307 -0.005883378089799291
18.158312000044354 -24.87943853927572 0.010958173547006865
19.163785947726605 -24.85778966356166 0.013407727641166283
20.169577735176023 -24.84983107887752 0.006892916473990322
21.191426967520318 -24.81797041091001 0.003783249970065584
22.180381245935248 -24.779523866513852 0.010450677742875475
23.192897200495626 -24.80797514591678 0.0025782896999604027
24.202023181101747 -24.822778106870636 -5.6350902775626865e-05
25.212115600003916 -24.80818071519536 -0.013303837001863763
25.197735746636045 -25.814458016656967 -1.5883338964462168
25.174122133796637 -26.823916786659886 -1.5761522022231236
25.185474099553034 -27.81948617542574 -1.5706449151164972
25.17884528234867 -28.807583826646717 -1.572097925065831
25.194404162442073 -29.823054551278823 -1.5746466820896405
25.18022986867947 -30.817771679596508 -1.5765995452162742
25.160296082625546 -31.81647520604351 -1.5647762382374986
25.177634662273324 -32.832816147527275 -1.5702843236039006
25.19216446411327 -33.839144096334664 -1.5799089689882928
25.19209655113448 -34.85099035885734 -1.5718975532423318
25.192597815832226 -35.85003357647253 -1.5639969079686165
25.214719815309245 -36.844519408399655 -1.5712469309128132
25.23437166176807 -37.81458957538902 -1.5737152188294652
25.231844173432634 -38.81365108717369 -1.5738450438491007
25.242677090068987 -39.821717899915576 -1.56974310093465
25.211183665239076 -40.81168347533194 -1.5789353925538703
25.22313543479192 -41.82893548773228 -1.5675761298372048
25.228712395474517 -42.82853343840815 -1.5669248966983813
25.25014148694436 -43.7898357253377 -1.5668107041870691
25.23691478175734 -44.80222532300001 -1.5620479485217964
25.27066397534847 -45.82027016748061 -1.560177307834395
25.270867799751763 -46.804502743791105 -1.569582246523165
25.286158578742715 -47.81469948257631 -1.57402854883348
25.25817157466882 -48.82371902468513 -1.55756271496897
25.266051267712044 -49.81799495173578 -1.5615138017926802
24.272815568417993 -49.82360855328055 -3.1392218523220143
23.26482836589221 -49.84542874039689 3.137365211144551
22.287564528669034 -49.83568962876108 3.13791633597223
21.29920196982196 -49.83823445027579 -3.1406397335128524
20.276105418330804 -49.8222971707546 3.138609940760475
19.28497026899485 -49.84112343774811 -3.1413160359877477
18.27674298383486 -49.81930716913252 -3.13540321124027
17.295279594783448 -49.821228667779955 -3.1364864286310064
16.285775313203764 -49.830138181563996 -3.13224420537009
15.271625936857028 -49.829554191639104 -3.1346629389343885
14.292271458945713 -49.83844092138908 -3.1375134262463256
13.28902237923885 -49.858220613165436 -3.131177427014047
12.296833037867746 -49.86936724135895 -3.1328997038413036
11.305323458300787 -49.89228269419504 -3.1349517079378466
10.301316095456952 -49.88981221311789 3.1399327747075847
10.307362316046078 -48.8798952313875 1.5771332995633731
10.310162465778962 -47.90427661306609 1.5765814255844395
10.291499286973679 -46.92416835338129 1.5763240302189323
10.283890069032568 -45.916727570665145 1.579798323834454
10.255260738544896 -44.91104644613589 1.585730156416826
10.24950085339456 -43.91281184774542 1.5829327194316265
10.248497816169774 -42.93199319504594 1.5835721958565618
10.25137903602108 -41.91771962575118 1.5765994916997537
10.255739185440326 -40.93117229598248 1.5716068141059374
10.260066467022801 -39.92448346496518 1.560018789010406
10.27366588397818 -38.93337681176839 1.5544511858258694
10.253024733744255 -37.92864306215846 1.5480405812754294
10.255820868724873 -36.934971455985824 1.5497420514230982
10.271457791394825 -35.92026362758544 1.5555569087438177
10.300842676326326 -34.9191206591539 1.5606916648737652
10.274445944311596 -33.91786695752679 1.558408639408696
10.304991381496507 -32.918893744711816 1.5722392788088846
10.245160492924542 -31.905501730649522 1.581905592173396
10.156760011866263 -30.868607774115887 1.5815516164874188
10.127682957060582 -29.858334774058207 1.581859531635159
10.127598998262847 -28.84952474446201 1.5635878751530734
10.12290333062138 -27.803301358504637 1.5510738679385123
10.1002352324833 -26.77011541042457 1.5282524880180426
10.078707811078193 -25.657340918873633 1.4834009123297558
10.03069357888247 -24.53446856450529 1.424762555457184
10.186080237336416 -23.713279934229003 1.4969098345266345
10.208437987890461 -22.774478149318316 1.5206458572485857
10.2303345895693 -21.84180892754807 1.5594030803622436
10.142607921942258 -20.959563755136347 1.604952874087814
10.133386307465063 -19.9852850283657 1.5991166381193624
10.127832140458027 -18.98451506760411 1.5944390490686664
10.093438455714088 -17.972770688860912 1.6020202799714485
10.09043870313858 -16.975703469270574 1.5936093425330096
10.06462954598876 -15.992282097004024 1.5899190145870319
10.067176440873551 -14.981987208984352 1.5821700075536502
10.061970239681937 -13.969275863181021 1.5796074470333772
10.056878004441272 -12.99323116378933 1.582058937774966
10.06775162647508 -11.983363628619758 1.5854335083731987
10.054323761778866 -10.978058038746973 1.5830156519151453
10.037966788525623 -9.966246711152484 1.5783179280570592
10.045576997060206 -8.971689164088474 1.5818314294994997
10.023512123836014 -7.963359997959894 1.58514090780382
10.007016723601827 -6.9790673643198105 1.579692984202901
10.018839196390113 -5.97834862667069 1.5843264146543357
9.999869519679194 -4.966406339814146 1.5778962884846481
9.996013471852041 -3.9677906018331446 1.5775375607294049
9.993321650379906 -2.9427166950217862 1.5814002221187076
9.97969838446155 -1.965042185122883 1.5801515697069013
9.966843544281474 -0.9683592142717212 1.5694667364627846
9.96882820928295 0.033144636355928264 1.571062665709081
9.953345329427588 1.0220461082714623 1.5664990952021098
9.960578936205001 2.037078071511153 1.5683436362045011
9.946212078602693 3.0332846774447955 1.5764959945189758
9.969010150784152 4.034819709674485 1.570164121759877
9.941074416281912 5.030005312762216 1.5761583647434458
9.933076761268078 6.038877666592705 1.5805580102508598
9.924839462215326 7.0508271290458575 1.5705292717042911
9.940238841948275 8.02713596103339 1.568384944220107
9.944527040404914 9.002108873901818 1.5701358756852566
9.8961498875913 10.010190331338318 1.578162530697001
9.901105620859052 10.987715570864282 1.579531434494751
9.904979884542914 11.978161295250342 1.5828362363158275
9.886293634031423 12.992139352852218 1.574521847458555
9.88429171406606 14.018789799559324 1.576036477629354
9.873887704826585 15.000183386665512 1.5674464310285923
9.881265771606056 16.01312871909381 1.5661088209108727
9.883272619831052 17.008391843302785 1.5732944137574918
9.87536073658101 18.00011208829247 1.568529656201004
9.879818235352111 18.9907529089696 1.5610551806243664
9.888952312863116 20.00328880085584 1.5728684679744007
9.879548081435017 21.002836968177377 1.556809613643938
9.91021626606283 22.00345847156787 1.5683564400911574
9.89026602967064 23.016042770635423 1.5689377780229172
9.890116205718348 24.02841553851502 1.5677141902864824
9.888677918021685 25.01732648795317 1.577619447139951
9.862814323567386 26.041931958818754 1.5775593195266617
9.87119382023374 27.034041966865992 1.5672723701447484
9.876994336764362 28.022426070808187 1.5687025077681787
9.858296803080984 29.002493071325034 1.5555284229743547
9.870469437516249 30.00654129609908 1.5660835002255167
9.883883552356124 31.007735528871912 1.5728527312609644
9.873471335834642 32.019907249720845 1.5729194824433943
9.840759738222504 33.020840086441574 1.5766267149378896
9.834917631005771 34.01265442224809 1.5703137809033478
9.864773451956337 35.011163433527976 1.5859242170519088
9.852634758048609 36.00499693483408 1.583154608280433
9.841243291457694 36.98916482846542 1.5838093577247119
9.831494014320931 38.01787573976798 1.5764582184347564
9.825559690126038 39.019736246863225 1.5798380843884738
9.836063329298565 40.01166838416267 1.5758512858681357
8.812927803961614 40.013919989108565 -3.1326971719882066
7.8219246419536494 40.01382617014604 -3.130466217497222
6.816227634796809 39.98856371627723 -3.141229433139696
5.8310517560933794 39.96575142550444 3.135320026882692
4.810937860462377 39.974945098345756 3.138822142188711
4.809988865317714 38.986606759344085 -1.5640908654583356
4.817388892989787 37.994657098281344 -1.568453695128464
4.837350126871594 36.98812628887212 -1.5656125175841338
4.839914293904245 35.98931804476585 -1.5709565183000858
4.8432778849128795 34.994189446336826 -1.5797541666542763
4.8510236434586265 33.97206432678773 -1.569725515342499
4.846343743789571 32.98039613988072 -1.5646447615757795
4.842454877014724 31.98667737885684 -1.5640780778110195
4.854266261536224 30.988495735771938 -1.5605102670545838
4.852376494978555 29.99815389263605 -1.5674034997924644
4.857042575599965 29.00828727709088 -1.564471353032848
4.855092303879034 28.002267420436375 -1.5655832689273714
4.862339514498717 26.993374571382564 -1.5657717605702395
4.8718803161732165 26.0001793675216 -1.5589147683055888
4.886748814797466 25.009898489165025 -1.5629782284141254
5.877737592436137 25.001551959667687 -0.004092405402675503
6.854741006056521 25.01210228329043 -0.001702767668267479
7.8777107440691365 25.00179438536001 -0.004304845025574395
8.900210693446734 25.004094344780093 -0.00799956142983392
9.893416927685712 25.009147989977446 0.004011731142617052
9.875018230286454 24.016187899283356 -1.5740036083725313
9.898466077758368 23.019050398117965 -1.5759241627407619
9.883679122702747 22.02490154986104 -1.577068149407787
9.896120626221027 21.000053667050924 -1.5815848867188431
9.870626890260764 20.012157363609067 -1.5771148804323836
9.88460401070638 19.006537287760928 -1.5677113830221605
9.897758991956643 18.00212957038968 -1.5728615937850507
9.889146965047312 17.023758497102147 -1.573931324387503
9.881307368966697 16.021187800944812 -1.5740719235896543
9.893328447234214 15.004141730047781 -1.5660751390905745
9.886584148213062 14.005415049419888 -1.5617993275822128
9.901228643421005 13.008357673826172 -1.564359562299026
9.894803892171803 11.998476714951929 -1.5767978217628458
9.912542695629158 11.012052432754196 -1.569625498277689
9.925832330425118 10.036236888795852 -1.5777238651148693
9.903650997583714 9.035350606705544 -1.5756800518503216
9.918102050079472 8.034341697580093 -1.5679458326563727
9.951438344416681 7.03922313204469 -1.5720422174525885
9.929472307030577 6.0408483454501996 -1.5687074306531206
9.913957012009348 5.040436263389418 -1.5560230336648506
9.96047284491797 4.042458463525032 -1.5682167886009226
9.949574090363106 3.044092925882862 -1.5710993276269793
9.965188993920247 2.0429350234887953 -1.5753918477393067
9.960178152285069 1.0474139542091987 -1.5682974636269336
9.954035955047672 0.032962082734818245 -1.5741165515718523
9.983603791590523 -0.9742396878071387 -1.5661126586514542
9.988360140400442 -1.9529755358868304 -1.5718645241250075
9.988677030555591 -2.9698911244014106 -1.5752889234577694
10.006558843172837 -3.9547809620623102 -1.5655466675948166
10.016699081251415 -4.962342103122674 -1.5589641627584179
10.039329162374695 -5.96845417435561 -1.5543021494330098
10.020364239070295 -6.965631479608714 -1.5577043202760366
10.033980556855088 -7.958545258559796 -1.5565771333269969
10.029790145932038 -8.972752711353793 -1.5616326781775054
10.057496543377125 -9.985260425450495 -1.5603910412776383
11.043974610187071 -9.996037172572807 0.014652097868757995
12.068622158772618 -9.963026398927102 0.010533461225424508
13.052122012663471 -9.958143607712698 0.005793742962311458
14.052564601115192 -9.934233242014372 0.007263825682955286
15.057218594696057 -9.929176092613098 -0.0069554812800266584
16.060920243115753 -9.928455848234687 0.002724216665748358
17.081861265535537 -9.91702601396665 0.005625834533919183
18.07109188740349 -9.90249682060253 0.0017367988997262769
19.06848070806783 -9.882582847871374 0.0033992247579274276
20.07106550595055 -9.866785869180708 0.002270001622882548
21.091563895897178 -9.848937847117327 0.0047252181037916
22.072847625544544 -9.872106326504964 0.006289029339531434
23.07206780672971 -9.8442597949173 0.0040579758558623846
24.059294046212322 -9.82041157702752 0.004064045687074601
25.089463977043927 -9.821328494110695 0.01653499226161214
26.07408167335326 -9.787477912411509 0.0041556648430616586
27.06904240122255 -9.821685277222675 0.001255803597107117
28.069067657228207 -9.835385606902417 0.008787301089218756
29.081583693735688 -9.841898637245265 0.00831048869360096
30.0792163014709 -9.845281534623092 0.01084802908971113
31.08955641044576 -9.820023913668956 0.010639895380435417
32.081437959610575 -9.806262919748615 -0.00464064104464408
33.09383256714714 -9.82891047101138 -0.009663938736224224
34.09507560059716 -9.830603957035496 0.0022397250312987797
35.09103555385979 -9.842359519407006 0.0027585500625410377
36.074988019150005 -9.825699365402077 -0.0009350879594578749
37.09319347358423 -9.823369370000036 -0.008769091584288798
38.08442525441947 -9.84123041518455 -0.010858703805804117
39.086961850096756 -9.829278591916275 0.003328045823428023
40.096543553674344 -9.850543086496346 0.013841257123967462
40.08388441195504 -10.8550432992924 -1.566368001934877
40.087302996753166 -11.836130039952968 -1.5766615184521493
40.071472816940116 -12.839439518162996 -1.5866095848390267
40.07844762993022 -13.853966522471822 -1.5870405428829326
40.09761041528479 -14.85104967521301 -1.5775237097772734
39.071945396595446 -14.86993487055537 3.137789096294194
38.08493430376826 -14.864734419474468 3.136046533645089
37.06143696196377 -14.842886770876584 -3.140390540506851
36.088992019100374 -14.843418147281753 -3.138418760442265
35.10227787721798 -14.827274749452972 3.1369678596038693
34.094161484058404 -14.845244957218785 -3.1392093877405576
33.09788217717348 -14.822101062440233 -3.1374006460541013
32.08550581396173 -14.818847562766315 -3.121496883806277
31.094401790461752 -14.800207088497524 -3.1313724370907994
30.096077441965782 -14.813134074090678 -3.131145625277862
29.10568708349405 -14.81897222067545 -3.1275051099486846
28.11135989919567 -14.836649438982308 -3.1275138107584444
27.10461259118551 -14.8402259613014 -3.129706605157149
26.107628702094992 -14.855531260632741 3.136566239080464
25.08918630723452 -14.852070450457122 -3.1375411565580267
24.09790149446619 -14.864144301673825 -3.1234165890904593
23.084753648108858 -14.869080954273532 -3.1359942392030327
22.08499283161919 -14.853126380906566 -3.1355417738253335
21.10593407945777 -14.858972691761949 3.1412122500634836
20.090717860593315 -14.857151792234792 3.141227932905492
19.09803154992324 -14.88787088136427 -3.134048877747412
18.09827772845666 -14.898162976097474 -3.1323790925474664
17.097415654360454 -14.897985013474207 -3.1181836047853273
16.10419727744299 -14.90874559346321 -3.128762711466121
15.08402657195607 -14.898498675423548 -3.1301697729096896
14.099531098227983 -14.916647556064097 -3.113004557876158
13.073771827969063 -14.941906276513174 -3.118355062486349
12.065873522854268 -14.965364758609176 -3.127300751688682
11.05797783207903 -14.98836206671779 -3.1324299531522524
10.0560945751653 -14.96540172647054 -3.1337092935072564
9.051764351470084 -14.98166126237578 -3.122647576619855
8.035267778814388 -15.012240523421651 -3.128668798297881
7.059053454226669 -15.003788930321518 -3.132508879938178
6.047309701372366 -15.018872776985841 -3.1373085670315395
5.086165655283745 -15.02913221095863 3.137721806462065
4.095341886147524 -14.999736090051053 3.134744255622842
3.0957400150471583 -14.99975456598838 3.140402645471733
2.0989985880094086 -15.016357033419592 -3.1351543669004838
1.101110072427623 -15.011397810693897 -3.136206849635719
0.09754866791449104 -15.022124471708082 -3.122479500038636
-0.8966849000831926 -15.031416506210789 -3.1213250099648633
-1.9025938174089159 -15.044849531799507 -3.13683342572828
-2.8954034217463236 -15.060146642165044 -3.1341658901370972
-3.899322538660256 -15.051159994337715 -3.133476181507378
-4.8739539398492 -15.070800087640155 3.139765372134342
-4.861753916599049 -16.069685718768405 -1.571601613675956
-4.858177123447956 -17.027841966580056 -1.5640207382889038
-4.851360529636078 -18.04005527068643 -1.5706733875274044
-4.83156305497042 -19.046288478723167 -1.5671497649021755
-4.847338325734839 -20.04321601239424 -1.5706697761145318
-4.858164862339723 -21.0434262889337 -1.5638989534272194
-4.843496541037391 -22.0485679760567 -1.5524527422658856
-4.83679303855634 -23.046927746308214 -1.565268469274789
-4.835016488087074 -24.056589419020195 -1.565733187059251
-4.7989987809746175 -25.04797910202451 -1.5661495537743886
-4.8018499579240235 -26.051434419847965 -1.560703019677054
-4.789580381577252 -27.031104725252188 -1.5678799872780735
-4.782594616616482 -28.03608595787555 -1.5644990213382362
-4.777037632299482 -29.02912367880754 -1.5619049938532599
-4.7495816725706295 -30.022030637627825 -1.5582865965302357
-3.766535388653056 -30.01190389904684 0.008836272934329502
-2.7655656244015017 -29.98924451599928 0.008860883048574276
-1.7702077348337857 -29.998915823142536 0.019102810586671876
-0.7850242026653397 -30.009084147878763 0.02519773808457815
0.20800367402586822 -29.984455886109714 0.00868940805441561
1.2233464031858967 -29.977001605197945 0.0017602381842087235
2.2265742403589086 -29.972352150793455 0.006917819668317254
3.1997347427595293 -29.941711274274045 -0.0011533665855565285
4.189004461570478 -29.922337973511617 0.00514484360709824
5.169830967448379 -29.935374553471917 0.008338331170062786
6.17906090125071 -29.886261451729407 0.002720016964721215
7.15223178535105 -29.876019947087975 0.002585533491407336
8.11774157391222 -29.859297132687992 0.025730581825257833
9.110938632031097 -29.85159855971519 0.009033562949846623
10.11353898396358 -29.822998236711253 -0.0031842496058281443
11.14035524641597 -29.861164330677365 -0.00920825603645475
12.141925828635465 -29.862417327239847 -0.0038555307722830732
13.150395962661262 -29.875246120851397 -0.006533117625461101
14.155211738972932 -29.86356282448449 -0.0038202800646083665
15.153833317668493 -29.86929543402257 0.004171005422047823
16.170315439755548 -29.86447831770221 -0.0011258546764688249
17.165011105534763 -29.862219288505578 0.0014581149930821598
18.18596461897754 -29.858172627227564 -0.0018150086845563273
19.185227117861665 -29.862097705105278 0.0036245525741051185
20.188045648164895 -29.865161736896965 0.005437622628470669
21.164841064788355 -29.844937436441956 0.0019943832889391003
22.170104898558264 -29.807464908454946 -0.0037998023635896676
23.18779151259286 -29.80870155634039 -0.008735086098953446
24.189342938840845 -29.81109509080195 -0.005745543757699138
25.189744177030313 -29.82719353529711 -0.005377190956266389
26.201458546539243 -29.834252081735578 -5.888189647307169e-05
27.21785198735652 -29.8464282480055 0.008023478319006036
28.211952263055764 -29.825881326921106 0.013440855959315412
29.201002454530204 -29.84794338668138 0.0014543482989381636
30.183229498125247 -29.84247464296982 0.008598893218859864
31.201633847791673 -29.806801943475307 0.0062510621592634
32.19271929570578 -29.79128965269663 0.010629858267966705
33.19422957115836 -29.78528652995831 0.012710668217178553
34.17309365535382 -29.785110003805297 -0.00487314733248372
35.179652388822035 -29.771465668499864 -0.0010825191580899765
36.18530718473589 -29.778184376719857 0.010560245843906737
37.191073473360575 -29.74451598929992 -0.011163506864267786
38.19559766460844 -29.769925170285923 0.0006662417303704179
39.179540286531726 -29.78671526599428 -0.012217591716830654
40.17316343781772 -29.781119288763254 -0.00867231632750399
41.19110302225145 -29.78363184045771 -0.00787483642169654
42.186941138421574 -29.789788350797924 -0.006476163655037566
43.233009844393344 -29.79209112770882 -0.006390917595552372
44.218615159219 -29.82258256402696 -0.00930805646748891
45.217472951253576 -29.82793661881176 -0.007626412927731807
46.21239774784456 -29.79633737750535 -0.005292452377473378
47.20782418375868 -29.818277226324344 -0.01187903514232018
48.20103554279973 -29.820449510217557 -0.018413759957782366
49.20305806574413 -29.83884368348857 -0.020015474518535765
50.19263998761935 -29.835751893333143 -0.010718349085766464
50.160806266938785 -30.74898786768695 -1.5406517726880884
50.17660213322215 -31.78116669402651 -1.56047442991994
50.191707127660614 -32.7975949882265 -1.5564641795234546
50.187262612252 -33.793445353103735 -1.5684438811576074
50.18312936449032 -34.80651595572803 -1.5701369428160936
51.196565179387356 -34.78810181630592 -0.003338553247851163
52.188003972240864 -34.77951384664419 0.004835448847171166
53.17745200237677 -34.75535792069137 0.011128886843079298
54.18711385013871 -34.765681834418274 0.005143100650520993
55.19152130470593 -34.759611669629656 -0.001282544237476276
55.19938106930636 -33.77083547148222 1.574235121895815
55.18344864318618 -32.76900291434881 1.5726659767947462
55.193263855636964 -31.771624402288808 1.5847147042242646
55.18240399630342 -30.774285068728563 1.5784353849679573
55.172489382909326 -29.78676667737154 1.5849839083874697
55.16185929605558 -28.7961807026181 1.5713179780208257
55.16273517777215 -27.79073971779747 1.5757831585363344
55.15646167014681 -26.791432394126453 1.5728925137761183
55.1583619711379 -25.77879197339226 1.5740676224861827
55.15388851256092 -24.770097265811344 1.575467678132724
55.13861918077579 -23.764887824519985 1.5725663631608835
55.14196649246976 -22.764498006896233 1.5780447627450003
55.12386961735153 -21.75301977904984 1.5836513145740925
55.124518178418455 -20.754803395618467 1.578936022317479
55.10867654929169 -19.771562314717187 1.5827431090410318
55.09549086778937 -18.774762326718573 1.583805229534168
55.12269649175713 -17.77163375738982 1.5761115648596888
55.123200561064195 -16.767955248085382 1.5786189000941953
55.121404342300785 -15.764143075280005 1.5637143200641117
55.09774577659902 -14.768444470105472 1.569547784725821
55.10473841609795 -13.772441427462436 1.5664922124495642
55.111135667577635 -12.789601325381367 1.5635012460449829
55.13200718058245 -11.780485192858528 1.5654117523382869
55.12927467849215 -10.79527115803607 1.561828902056072
55.12689630510533 -9.785970107568247 1.571344449269099
55.12708203061538 -8.75510827375778 1.5785868153743816
55.122669338589596 -7.774157679908429 1.5691549852390636
55.109333849278805 -6.7520979698829535 1.576127568108078
55.10664204568684 -5.767145506823756 1.5727128262069978
55.057114437738996 -4.75639710286924 1.5828888519336004
55.06804570101088 -3.7569075879583527 1.5872519217383874
55.05050966634338 -2.7287481254144788 1.59272611815397
55.026757919770155 -1.7321480219044907 1.5943337308892762
55.01559316321501 -0.7377652155912106 1.5886160043445414
55.01353274949834 0.23463790706718157 1.5885098819649583
54.996323318219865 1.2397112342119208 1.58355893220949
54.98568021427864 2.275674838926776 1.585382504954318
54.94668350313357 3.2739876557337393 1.5811245376761032
54.94799146233619 4.263036846375678 1.587527494465092
54.93272495225428 5.266209667517078 1.5866374509865795
54.95119418411819 6.2625961560742835 1.5786686382508703
54.922914348944296 7.260125302513349 1.5652450977682304
54.938662523158364 8.255788103232874 1.5614844442004925
54.93987627521664 9.257601772003733 1.5640942330838992
54.97344586062239 10.259516511656354 1.5792953181525222
54.94412669978002 11.253227030290269 1.585241521258371
54.96060671318312 12.259066584953205 1.5889700666284536
54.942931809115834 13.249024309454505 1.5826941288899623
54.92201474974683 14.230465808853696 1.5917990624384981
54.91400876411578 15.226948266488513 1.5788163423080206
54.90916142771345 16.22691399395106 1.5875905573466942
54.903534183698554 17.208204810801288 1.5840279772548183
54.887018066827764 18.225655894411773 1.583566937843503
54.896064436777905 19.236138108215467 1.5882455437817562
54.882398345033884 20.22460725932619 1.576776987526248
53.878868552572754 20.22257004603491 3.1404022603381403
52.88039655629241 20.216889658648324 -3.1407960930210423
51.87623004448725 20.21801455659837 3.14012344200097
50.884979052869404 20.23102343119143 3.13516586254672
49.89764811744924 20.24951262133696 -3.132897736739274
48.90447569139805 20.245943138665712 -3.135968062185175
47.88432217319768 20.231887055403657 -3.132603814148142
46.86338040838153 20.21590260755131 -3.1322174282557818
45.87781724929218 20.224196580051398 -3.1363463534805986
44.879598333031474 20.234468670062334 -3.1262630924971133
43.903942798857095 20.20445118456761 -3.123708196438624
42.90497206920498 20.172042427811743 -3.134737862185522
41.91663583615508 20.164597914853406 -3.1295686533309732
40.925422703901425 20.161477703117473 -3.1349940560032477
39.89896793950559 20.177516865102227 -3.12727870836019
39.881572631201195 21.1694892769353 1.5745197726283602
39.882428953721856 22.182985533884377 1.5747413630132998
39.875424924411334 23.177130836266436 1.5828310926549638
39.83739967794431 24.17338597849643 1.5789094788676734
39.85258926247227 25.16020836991827 1.5843420763891647
39.862484142545604 26.162001915312533 1.5855288754327022
39.87190252963442 27.17748610510791 1.5777654625223356
39.8422623186492 28.18481444506506 1.5731070751562555
39.828137351054835 29.18380574009647 1.578721136651871
39.803148721034724 30.169461226433967 1.5785737754744245
39.82163500472724 31.170700700886368 1.5779316055166597
39.80518682328592 32.178331707655325 1.5779376293685705
39.82035389164635 33.17027864659063 1.569084861821356
39.81700977817261 34.179319550969076 1.577681529226266
39.79792678009126 35.17729342179803 1.5677680068965076
39.811173754683146 36.17409034491659 1.559884416266382
39.802905490373135 37.194658844328266 1.57801212843482
39.81611808270371 38.21962395603404 1.5825148989566025
39.79066619021172 39.205293953319945 1.5790131465173434
39.789879646381394 40.21038551476487 1.5828201280828662
39.77133594998654 41.210449322164564 1.5747615554663945
39.77763265089239 42.214534912967075 1.582591785211687
39.7787831079362 43.22030663974487 1.576739905453318
39.76670019730031 44.22385140273888 1.5852633053366427
39.75553037743456 45.207690424412654 1.5622893446873183
39.74497540507306 46.22234795682085 1.5732338130714785
39.74639046730277 47.22981579884438 1.5781109943447313
39.760954715955556 48.234688889176965 1.5717984247238759
39.76433216365126 49.24269992620156 1.5703826623059465
39.769938949116934 50.23119194075106 1.5784823928179343
40.785080735988366 50.216010630047855 -0.003365218212166132
41.77113068975512 50.22776103415873 -0.003611793465334869
42.78319593185276 50.232445178485186 -0.0027250862456177933
43.77944555366543 50.24113713966593 0.0005115030470875595
44.77169574775454 50.221712520272334 0.004624345011325057
45.771853307178816 50.23907223457731 0.001036390686698206
46.770377650224574 50.222470873746644 0.008392002614929473
47.772439199637745 50.23384914184682 0.010095203825709439
48.75818747475569 50.235759170479355 0.004915190254426428
49.788311102272964 50.24018519871587 0.005703238929540256
49.790873841727276 49.24230835581216 -1.564703401467603
49.77772981492105 48.24039797754789 -1.5626190710147012
49.78220574199378 47.21387871075623 -1.5702308311854705
49.79491216209047 46.24084608576094 -1.563294985118965
49.799290837757894 45.23893106253788 -1.5647166520064182
49.79991880745485 44.21307743966732 -1.5745468507545715
49.789076052500825 43.200284487461005 -1.5780838563402155
49.805451218617186 42.21073374986937 -1.5900065509492691
49.811650358025396 41.23490016088366 -1.5767175568927683
49.808892233052994 40.21396420808758 -1.5828758352672436
49.80453767179464 39.217053687992596 -1.5739501528742734
49.790878369969256 38.23239121527087 -1.5718570212459597
49.770542449518956 37.233413863900225 -1.5833117216441337
49.786467594620134 36.236693335050646 -1.5717475031393104
49.79326480440482 35.25178046231285 -1.5617663258729713
49.81631936289749 34.22313835417071 -1.566837311893702
49.82735532649795 33.224486168642606 -1.561008936621003
49.8216899527991 32.229341540773895 -1.567781546140702
49.82756303527209 31.242544873692328 -1.5652501011429292
49.84290747549092 30.242220870179143 -1.5586310943022792
49.82201253818506 29.25950736165624 -1.5534081010844936
49.82907114723869 28.260482350095444 -1.5567349936170676
49.82600552163721 27.249774919885358 -1.548988702407673
49.848803673931236 26.25450482191182 -1.562550223054047
49.86688837657354 25.25513963181534 -1.5612514469385796
49.85200252903776 24.242101844183576 -1.5669888646655288
49.87808881660625 23.252007935722332 -1.5629127852193048
49.90100169194095 22.250237133193146 -1.5489023517667506
49.90336689931414 21.258617491443005 -1.557933219480857
49.89117518969025 20.267462623535287 -1.567244038655744
49.91169169843658 19.251357542124385 -1.5659552808381916
49.888492098942876 18.250165840283127 -1.576854276658714
49.88788162815945 17.234542476813974 -1.5691045604593707
49.90105559275251 16.23911751705915 -1.5760377667447147
49.904147845243635 15.234240789732109 -1.5717970190238324
49.89071111896334 14.250666159266132 -1.5754730486538824
49.888172766525145 13.23318974880248 -1.570807043539858
49.90660994267349 12.224515111217778 -1.566947169052224
49.91181808969742 11.23122941368512 -1.5724388406929186
49.90273459590354 10.231526307570636 -1.5730712762956824
49.91283076729023 9.240861408101276 -1.561068201124043
49.92130697260577 8.238028340306903 -1.5648518063139047
49.912109028427736 7.248276703981547 -1.5610712254332804
49.92645164316106 6.246245593143311 -1.5624087351782583
49.927531585645816 5.217524126498481 -1.5674272407724008
49.93828835720594 4.248596174553373 -1.5545284108542554
49.95095023028712 3.2307595968864273 -1.5573166253649058
49.94254314160549 2.2548337750564764 -1.5621778226759497
49.952206275285015 1.2612998610509367 -1.5562127516363444
49.96865581960254 0.2487636537039054 -1.5566908068938643
49.986588949577325 -0.7512089208512192 -1.5532841646954805
50.0007976043142 -1.7523072108808786 -1.5567874344194348
50.02852686210411 -2.769337236237058 -1.561557059173838
50.05021680496266 -3.760451952689966 -1.556642508434559
50.04219346236933 -4.755994801883918 -1.5577742536131505
50.05952177277248 -5.750620929746579 -1.5549693803177138
50.08051667657171 -6.73432415835836 -1.5465908482268147
50.10854287322353 -7.730723188645928 -1.5566853479705571
50.113451529941926 -8.732449440499227 -1.559228882598339
50.121960027198426 -9.733874890816901 -1.5632842157654687
51.09937694949011 -9.733613545549279 0.0075867896193497425
52.09600230964239 -9.757846775752443 0.004519787597025821
53.10643412723608 -9.763194306978786 0.002748489750667073
54.11183020726638 -9.762584305521612 0.0036781871759781573
55.10945190794889 -9.743623006267834 -0.0006828241295872153
55.11208694758521 -10.771264385872279 -1.5715466314890885
55.127689337791395 -11.787299365952359 -1.5774140700094752
55.106783745118136 -12.783601846201126 -1.5800746402243444
55.108733256473904 -13.783364103091566 -1.5729723578472514
55.103152075681244 -14.772210995531747 -1.5695534137637825
55.09401360504924 -15.772575619385186 -1.5689848788065284
55.10331843599981 -16.757382605795442 -1.5672033431932546
55.10406106143707 -17.76827482181605 -1.5678216312088966
55.125388573612106 -18.78112681401178 -1.5632727064444658
55.10370985089226 -19.767242265077634 -1.5611661898741436
55.11549876367645 -20.772898495494758 -1.5609461082056393
55.13156028173167 -21.765200960080087 -1.5625390614027046
55.13862195766526 -22.761068254146604 -1.5668107227753174
55.147660310565456 -23.77416628843315 -1.5637037467077075
55.14666691704159 -24.803473453913742 -1.563493199559125
55.15299762891691 -25.803450757190852 -1.5660238330681195
55.13889555866772 -26.78331100099961 -1.5676437384081383
55.15483966845617 -27.79058634971947 -1.5661294689643668
55.184572776909235 -28.79402748277125 -1.5701667544980409
55.176373789499706 -29.795904001503196 -1.564664688362202
54.187088384243054 -29.800843535182924 -3.134495043700827
53.176570198746326 -29.814563689642537 -3.1245713768534222
52.16373071240367 -29.805175376859008 3.1368349381106913
51.18946998211355 -29.842612345731467 3.1321481765504036
50.197234347613 -29.83725386581579 3.137593616378794
50.15817742444094 -28.81935859845127 1.5737757805827635
50.1993558877726 -27.824431489546473 1.5646239180677008
50.23012163556754 -26.85237465041669 1.5586241218947687
50.26016688745778 -25.846094965258636 1.558602253976848
50.2749932139886 -24.861927492502243 1.5546662564225109
50.288731525088345 -23.83078359044858 1.5607102721509085
50.34003053981137 -22.803481700309383 1.5728721781700128
50.339319679961044 -21.78989101241358 1.581308080867501
50.324292159020864 -20.7244262508913 1.6142005947200653
50.30413559720706 -19.745429244904383 1.6006309321134824
50.27772111196892 -18.76410169371017 1.6001561469297587
50.25728627551387 -17.7530730380505 1.5982495628581
50.232777888591244 -16.73604525280242 1.605160527568898
50.19131432910563 -15.736416944653863 1.5916763902705926
50.18466869260693 -14.741372725275735 1.5923669914828618
50.14123955343686 -13.728097231954196 1.5898514246588147
50.128792703062686 -12.73242128749573 1.5815611155297606
50.134647477250795 -11.726450737830927 1.584825872256491
50.09646393253013 -10.747937002613288 1.5833642183706607
50.097407993583985 -9.755692831570299 1.5902046068523663
50.09625171049011 -8.742763584085807 1.5866474032807867
50.08487245256352 -7.750078271997024 1.5781780710822844
50.06553863218349 -6.73893197581082 1.582582076962726
50.068182056825044 -5.743455000474214 1.5836619541523258
50.03580618131867 -4.735479841562313 1.5847023707858388
50.0210188332904 -3.7353075613874034 1.5929530128380174
50.00816022071896 -2.7642582269625557 1.5829382401205663
50.01152363350548 -1.744880196774596 1.5756428536954912
50.00144204098194 -0.7573325789830152 1.5791009692146563
49.964761580227645 0.24913574708189964 1.5823717569002482
49.9434059821047 1.2596054307097342 1.5926699891339404
49.929309926948754 2.2442397473028897 1.5862551026014031
49.89873443220671 3.2605991790943567 1.5874062487005092
49.8929467056922 4.246839428271575 1.5948992888614761
49.91821825005188 5.230330750979672 1.5815277124568778
49.921168096451986 6.2238580837174 1.5809362626798409
49.9057478779509 7.220595429224925 1.5710215902901767
49.93643806437629 8.240315252222738 1.5767832338281227
49.93046650849557 9.240723711205451 1.5779211153397605
49.93852581959742 10.23394791755777 1.5756815658693482
49.91038929543929 11.244337558687539 1.577152222153228
49.907109666376364 12.232345426442256 1.5752930460961037
49.9065588203198 13.230743390772854 1.5865158699308568
49.89217514919525 14.240670455430072 1.5758413647218035
49.86854623023547 15.233185056587784 1.5776641318853846
49.89416445380753 16.231910398215845 1.5619696049394296
49.89545941208104 17.237470504160616 1.5627919191751198
49.90136832868578 18.236199335113316 1.5669220670404762
49.88353778388562 19.241862318895468 1.571117180631959
49.873538187176436 20.23601214445382 1.5762624931233744
48.88101163647475 20.246181082730033 -3.1348028217157675
47.89405502509746 20.229612613720438 -3.1319989653301494
46.87995562572016 20.21730030317778 -3.1353264614841874
45.8720816208707 20.19386980426427 -3.1322689778886
44.885943477738444 20.197980182823482 -3.133921937252014
43.884722812546435 20.193276806564544 3.132261068487209
42.88488777889681 20.189648865823948 3.1387169991884964
41.90380587029281 20.166888370671504 -3.1330394851723202
40.90908964338093 20.16595115699918 -3.1338473289846327
39.91592124370675 20.173528584838945 -3.1290823754359036
38.914551006716124 20.1637551066794 -3.1400851946290165
37.910751593698436 20.17582640525583 -3.1402828762175443
36.90470040236492 20.14730434312031 -3.1332629099405787
35.89873816257767 20.139062997072017 -3.1294687572698576
34.904157963202394 20.14666954527588 -3.136409176556292
33.89745674273839 20.168702756282684 3.138911355715521
32.89481229364741 20.194229179278558 3.1345353234747866
31.86285404252004 20.212868400386025 -3.136426315535891
30.883618595393468 20.178544133034393 -3.123191899667105
29.907694133738456 20.162135218869008 -3.1324955851995075
28.90682923594905 20.16805638364313 -3.1290617750731653
27.925237115874342 20.151601652134463 -3.1272568342588865
26.927681420337965 20.137844535213482 -3.122073125697218
25.90808540490324 20.118392397222163 -3.132166252281998
24.930352554518816 20.07923646862285 3.1394604627479246
23.923253310369184 20.046542856519068 3.1392871087483334
22.907408572647277 20.047775719145836 3.135696180246143
21.917304774394243 20.053393934187703 3.135226354798114
20.919283445849345 20.06027352090356 3.1402367809773617
19.92108711573678 20.036439152285716 -3.1394460878173045
18.907475697141933 20.028947585915855 -3.130814121535168
17.890055460826684 20.012589583896577 -3.1325018109894973
16.888164683739223 20.03237378213726 -3.134768047548549
15.898996478970082 20.01743686554274 -3.1325093723414024
14.901867284580222 20.00505461645988 3.139413053891764
13.8851111756988 20.014340949697857 -3.1370215793567344
12.893570187550248 20.02615229987074 -3.1405877952955534
11.907816408986937 19.996899149009913 -3.1408426387021318
10.894170013802157 19.992790531910405 -3.139576908629781
9.897658351062068 19.999414830452537 -3.1379925065184167
9.888444834563176 21.00451305188712 1.5694709973457321
9.892623343025381 21.999880847753833 1.5683474835628024
9.88032972466347 23.037228082628044 1.563647285702144
9.86423770241593 24.00810180115644 1.567651130509112
9.876624493167547 25.02078966484341 1.5591550558878482
9.884621509705598 26.01251558867523 1.5704822729676085
9.867579584491848 27.03375018998383 1.5740848568654666
9.876074771037501 28.01597292939637 1.5658891325956112
9.881890171398272 29.015527401019785 1.5563737626936942
9.85986415876058 30.013699614964352 1.5675589197274418
9.863998137970986 31.009322056503333 1.5688979426664555
9.837173561380565 32.017785663795486 1.576921763800157
9.850956354518898 33.01338870191619 1.5782067552253833
9.831562569874006 34.0106654074065 1.5677483866600395
9.83824062522475 35.01273201399952 1.5616751055383713
9.844272289844666 36.02631582177477 1.5790018332177054
9.825773946277623 37.02464332189299 1.5817179611831902
9.831826151708182 38.009304071004536 1.5766009845780236
9.828681727582715 38.997394057265275 1.5738633552452983
9.822340397266938 40.01673272026909 1.5699668550673918
8.807798660495916 40.01507738645516 -3.135528994062741
7.817144367238595 40.018446930804174 -3.134275444543777
6.812072764576681 39.99300411148767 -3.126157199290759
5.807433798545295 39.981203801694086 -3.1394792934393316
4.814318648890777 39.994825444274326 3.1362319871778954
3.806807247768817 39.973217714611856 3.131279352248932
2.8024539586616033 39.983524725907365 -3.138815593755271
1.8229149162901912 39.98178121845116 -3.132889552799047
0.8011625761769399 39.951279376410994 -3.1399736162863965
-0.17082699727354972 39.930007743981534 3.1400102360537034
-1.2192443635234773 39.95186663399921 -3.130910945280281
-2.2226489699312175 39.94839728600697 -3.136179476335963
-3.230941348475577 39.93683805186499 -3.1294730462690254
-4.2621541883215555 39.9129991573678 -3.1265047554863523
-5.270924607583236 39.909267406293935 -3.140140939088827
-5.278120516126335 38.9330621189261 -1.573057404985545
-5.255651411735841 37.92830054071622 -1.5635195253466765
-5.237475000467377 36.9336516955624 -1.5604027769877964
-5.219698581520624 35.9333505717294 -1.5683763337034582
-5.232753717499254 34.933385853089185 -1.5684968868249813
-5.202878502516885 33.934562183750835 -1.5656386408549061
-5.191695543751827 32.91428085643399 -1.5563990522402817
-5.190711391186331 31.935401568251 -1.5632050334425458
-5.1830690668360635 30.932415751732176 -1.5589399133828992
-5.162070375996211 29.929676918372703 -1.5609178164921635
-5.159569630581016 28.917983056494542 -1.5610721432686618
-5.152272399096942 27.923365645907335 -1.5711930435493524
-5.1477953764346704 26.930793488657045 -1.5727776984358912
-5.1599649096765265 25.949329008997328 -1.5675815895004435
-5.150953920223593 24.944856146339113 -1.5559743848068084
-5.144233819860135 23.911413279407494 -1.5698863283243627
-5.1222674091981535 22.90331272851608 -1.565878432223091
-5.107297569048395 21.939889381046747 -1.5579623707679071
-5.086828343079865 20.94362027908661 -1.5732653294693257
-5.095626492145048 19.9214846404188 -1.5707222395723452
-6.113857006031618 19.913228233264327 -3.134358701304899
-7.104361043512148 19.903554823909978 3.1312798526699686
-8.111249391470363 19.908525572508427 -3.1399346542353888
-9.108211926282799 19.914424117244796 3.137773275618176
-10.093760055472908 19.91754062899346 3.141010240864855
-10.083434062015028 20.902611769602565 1.5881653642837257
-10.11082222370054 21.900192098960225 1.57621121473516
-10.114239261470159 22.894916905637697 1.583485340414298
-10.109745660169658 23.919953428340275 1.600178967862396
-10.147659753749327 24.91341565714189 1.5873395756080473
-10.17098174395476 25.906022648213018 1.5819169842885579
-10.14408595681435 26.900270361818578 1.5876990078938913
-10.17389796610954 27.911901215774932 1.5910803409204017
-10.17034752100626 28.88503624894172 1.5830438744219277
-10.190386705011528 29.89307751363354 1.5833159237544472
-10.20056475897853 30.893497094010012 1.5836343372070416
-10.220195654484668 31.884784327472616 1.584579481328644
-10.187493421446035 32.86454861737086 1.5804017742643914
-10.198040482027652 33.86455760653762 1.5751526474473392
-10.218757859969235 34.866646990226585 1.5848377868147383
-11.242094638335978 34.84898797977645 -3.1285433133811065
-12.234342666836666 34.825710633817216 -3.1317178765914733
-13.234908725219453 34.82043108165011 -3.1274506592157008
-14.22227795294512 34.8151654317286 -3.1379361106001746
-15.250896654225901 34.804811856348465 -3.1289575186133116
-15.248555120584808 33.81272100631638 -1.5452760186468228
-15.21518031144557 32.82214966218974 -1.5533804381143
-15.187320744406355 31.843648721297008 -1.5535266893358737
-15.110028070597977 30.842793337290278 -1.56602549557226
-15.144448484283153 29.82363288240918 -1.5483682071984868
-14.15261371127729 29.86306563062545 0.021392651103074322
-13.15872064623496 29.87649986973388 0.015248114360076396
-12.19086231382741 29.89480016368777 0.005146455997253759
-11.18008927932936 29.872735261747252 0.00660813518230217
-10.221871765378296 29.899101889899836 0.007867997961582236
-9.201508503676797 29.9013390504267 0.01751074365469275
-8.203453748297264 29.902886178916386 0.017125644746501655
-7.198418484601809 29.920187698807247 0.0034384565381614792
-6.192448274564101 29.93441847183147 -0.0007573626507414275
-5.164347388255806 29.93298411879082 0.007376128817814311
-4.169866984413094 29.93553776024567 0.0009854215322373842
-3.1649546400594595 29.93381631984352 0.0032468435175821903
-2.163093046310658 29.931243443902286 0.004281635281914189
-1.1544981011314794 29.939396833542066 0.011008120069128026
-0.1249064626119826 29.937325173736095 0.00264144102784761
0.8524715902334572 29.959901846444712 0.00465481242358686
1.855817543349597 29.9715035700381 -0.0052420657470030165
2.8647628130956 29.979302858064145 0.0025045164918210726
3.8687143872702676 29.99821007440034 0.013138912882387966
4.868489085194652 30.003435371264395 0.0036786358071633856
5.858460763973261 30.026632650627004 -0.007400646147846923
6.869165610437661 30.01025379272687 -0.008246853216311783
7.8930205329627015 30.019702717501985 -0.009121796122605622
8.914376179130878 30.01541730353175 -0.009122599641269664
9.900251948260799 30.01127677458475 0.0003264835328383962
9.887923587664567 29.019591895225542 -1.5728156968648561
9.891341921421507 28.019137307159465 -1.584464199480917
9.868941830179887 27.011335882617658 -1.572289501097557
9.864964163017836 26.008407581992838 -1.5775844362194416
9.875622801682017 25.00988411335391 -1.5654652874976054
9.89888290820526 24.01018367421703 -1.577098533086414
9.900654836854093 23.02112486995683 -1.575698748525507
9.908448913026168 22.00965338088727 -1.5745676795671846
9.89570621346722 21.001664911877548 -1.5733891936941884
9.907955222165844 20.000497234441088 -1.5703224847900552
9.87833690443996 18.999043028056374 -1.5780415281759121
9.867663332513406 18.01780196229177 -1.5744315658416934
9.878402078480217 17.002082045436975 -1.5686855923506497
9.871225184275405 16.016534830095235 -1.5715384668599135
9.866087568306977 15.02200687712315 -1.5722582269779255
9.872328910627697 14.020332566146356 -1.5744948950591777
9.880511919508402 13.019633034658073 -1.5737797763582422
9.897245686617698 12.022151028034525 -1.5722197648751766
9.925368640673891 11.030234704441053 -1.576157430802918
9.922787567916936 10.023660526821114 -1.5760410840331707
10.923249713211069 10.019351753864996 0.004617872072563298
11.908052498106988 10.022788512894643 0.008455161082917858
12.904106156601177 10.039127829545617 0.006028092244371906
13.868538128788183 10.027828852163273 0.006324484824672142
14.89297089849403 10.042134656501156 0.004684036276576
15.859758676840356 10.067741390296739 0.002943020301954166
16.878380824028937 10.05564304697242 0.0077948412401419925
17.863447040416425 10.083246267799433 -0.0007085536312975712
18.895328238222085 10.116650158468957 0.004107924852125599
19.91456452502751 10.105896113717678 0.002915669611427977
20.967994458056868 10.073810952447685 -0.002198279782992659
21.960305038396854 10.043600523258744 0.0003481852555595236
22.954439252176893 10.05478235893341 -0.011104362169784988
23.939513140706797 10.071032828208233 -0.005692501342669812
24.909305726612345 10.071238279371478 0.002538185821978448
24.937893518729535 9.054726261560779 -1.5540823028246094
24.962939602399473 8.071304478154547 -1.54936932683392
24.941274866231396 7.076473417021871 -1.5563256077420418
24.94260035106083 6.0969166875717455 -1.5722471214740124
24.93633983092029 5.0871812291457905 -1.5629375719612275
24.951039101404138 4.099106229685129 -1.565024488012004
24.94337095087766 3.085664455316838 -1.5638368949812218
24.95483350500412 2.1212937422062628 -1.5611605221936542
24.964777108151146 1.1176284137303478 -1.5706954283483512
24.973147933414758 0.1252915723561523 -1.5755365691257226
24.96961893468151 -0.8875769972027745 -1.5660335080181012
24.984881939306792 -1.8964416954837968 -1.5636167351749068
25.014477267100073 -2.9287484964578097 -1.5606316034751277
25.027869203339915 -3.900329556131038 -1.5614760312709388
25.024364545864273 -4.904006255520534 -1.5590472480959543
24.025831503147057 -4.90977397618241 -3.134644012936733
23.047745320643262 -4.911614105338795 -3.134367062668248
22.0232845779199 -4.921599260576389 -3.1382842423281714
21.022582336504335 -4.874592667637738 -3.138773780979917
20.029801681782903 -4.895688781504616 -3.1409090182670805
19.032393248502505 -4.886940527447729 -3.132813517378558
18.052793623707107 -4.875489828301878 -3.122213120135624
17.044615745128116 -4.889666010981145 -3.1333720052229017
16.02883286365386 -4.902818790764423 -3.1335875479450186
15.035006037197087 -4.9103649110233665 -3.1270038148222863
14.050821348060493 -4.9365323039414575 -3.1315035257983737
13.032529416501491 -4.939697164775573 -3.1143522954272287
12.009209798569971 -4.9673047703531585 -3.126220954445088
11.018162054515008 -4.966737169093645 -3.1335633318433027
10.010150292644536 -4.963363455279212 -3.1239770599662124
9.026380135562603 -4.989196595290643 -3.1231903661649003
8.011644870376626 -4.965934755343825 -3.132143830417198
7.00695583874095 -4.967488243843907 -3.1393220751581907
5.994059617911706 -4.954055277108632 -3.1305732799135524
4.98200638435763 -4.969885174869079 3.140864684908996
3.9819072779315188 -4.991153846915911 3.1379361001321566
3.0207349825270033 -4.979695767739063 -3.1359244725655326
2.013752753134516 -5.001426920106289 -3.1288206857845045
1.0124978679088847 -4.980750311683622 -3.1349614020083205
0.024959748288445528 -5.001974878994131 -3.138228528707143
-0.0012325908128828175 -4.017784522732169 1.574599444116231
0.010185958146347212 -3.0039295894855575 1.572896243552381
-0.005698073087837004 -1.9996738262825842 1.572659945460594
0.009633746528383594 -1.0120451522588956 1.576211777860716
0.003633914377295653 -0.005133948542347021 1.582794964079426
0.0016699187615522321 0.9834355875784682 1.568409167237438
-0.005724480564383141 1.9935127769450987 1.5737951255828824
-0.02124024834550309 2.993676564548978 1.5799557417237406
-0.05214306071392268 3.999020231437031 1.5783679486359152
-0.06201611046285113 4.986919124337106 1.57166844218975
0.9338066551010262 4.987305179193037 0.007295402217475263
1.9501108386068946 4.9782817765828735 0.00769217951718931
2.9438754719007045 5.018495026931145 0.009804063402154598
3.9499583813888304 5.010022468007764 0.0038570184035094496
4.941636677968039 5.027964109638548 0.0031876525285890523
5.9480492783010614 5.03811965623072 0.004385371979227333
6.957135549417118 5.0357409966612625 -0.0032361947730953217
7.967542715405882 5.038509890347835 0.008550753519822093
8.942612941512879 5.0520111763826705 0.006781882838263193
9.959361271504408 5.067133922649697 0.017158778216622976
10.957010959634434 5.066163908482577 0.0015729362015268593
11.954796217909552 5.064010171670545 0.0060397619823975126
12.956344905895822 5.062621133473409 0.0010181906656903088
13.970069611776161 5.045595632059609 0.010317089675353434
14.975891386939926 5.07133793894128 0.010971253628347395
15.96735698424442 5.103145105482298 0.004751982208291351
16.94235857753977 5.110244146341833 0.0005428694856053372
17.95728774605715 5.1070300457791635 0.0026743017907565683
18.951344006458505 5.124386224568184 -0.0036251473843865426
19.955329823382062 5.1172020285756625 -0.013436785129568769
20.959822551491893 5.107368262205417 -0.01280162519860449
21.949907462009627 5.106453268158898 0.0018345822037454777
22.97040575805644 5.079117188033416 0.0058813296566565705
23.964623624197184 5.073476562132325 0.00372014253602874
24.944920920172876 5.078066312072474 0.007595507688537057
25.9420457571203 5.105289113520543 0.00711481804107457
26.948645165341013 5.132756658406887 -0.004413834975156869
27.942027960649426 5.13937911068886 -5.8821685059814e-05
28.93647393074204 5.140277983045899 0.0021715002811873514
29.92389220387817 5.130947145463714 -0.002840964954291951
30.909384821488334 5.137040514375952 -0.007277946980035303
31.920323334247446 5.139759550960278 0.002248157480900011
32.925032247098905 5.153747657956722 -0.008450519145438531
33.93784515526798 5.18614504438509 -0.005128817160650156
34.93510267765547 5.153539134182153 -0.0033019067682541294
35.92847393861865 5.148165298600101 -0.014564000669846878
36.97045020903745 5.134496061960958 0.0015321285012997491
37.986012987079285 5.142548197509449 0.0017290432721155191
38.98652274717379 5.144721074904757 -0.002814254078321856
39.98157823214432 5.16623393194839 -0.0017918943029138394
40.97566927839919 5.173203507066417 0.00866395355258646
41.97045937422126 5.156051248749914 0.011562527661901474
42.95343923798325 5.176370047445845 0.0027778311886827094
43.95910551882387 5.193901049525957 -0.0011291182981096066
44.94555150509114 5.212816796839141 0.008001125692966588
45.934503970772994 5.208556162535194 0.0073300522144762355
46.933440498630716 5.208022447771549 0.00943519833901524
47.9279349116301 5.215499664857779 0.011767822118549476
48.9275405348251 5.205417233044693 0.01196253716150476
49.94236526833431 5.217405240499213 0.007040952112639818
49.9427074283039 6.228074476045937 1.5825216378795495
49.92132854541085 7.21695740784468 1.5889577551758354
49.910337831258936 8.232413913334632 1.5763268444870733
49.909814874556076 9.21796862039217 1.5688911973442599
49.90598527513816 10.236656863856316 1.5660052397205733
49.89648782720433 11.204067986907878 1.5613538481935574
49.91408441870187 12.220693691145128 1.5740506526245253
49.865028089890494 13.218503676254265 1.5784860894764907
49.89235808682687 14.236344018939878 1.5754522276922869
49.884000141113965 15.230242160560275 1.566985581570866
49.89977646986969 16.227375064508983 1.5707427474292854
49.89064475157723 17.243704305394466 1.5609594448578332
49.907388223363974 18.238729420341354 1.5706382016465066
49.89260947581446 19.244863190284853 1.5729441000369044
49.904058668538866 20.231407532612927 1.5721450157535917
48.91087091274546 20.231176909616522 -3.141345952609595
47.87434298342415 20.22866017952563 3.1388392247454986
46.893317295048455 20.226592934479584 -3.1261829219446384
45.90007343971021 20.213505886647656 -3.1310929676198778
44.908007896049476 20.19331829606622 -3.131761791061178
43.8891107836357 20.222102369123995 -3.1309919046721117
42.88880492253711 20.22022296796013 -3.13085269613954
41.90407441030387 20.190853241996113 -3.1249763731288263
40.90458881896303 20.16829629987408 -3.135915845380122
39.91156711420823 20.16640120095354 -3.1343469076089687
38.90495040131697 20.17888881469852 -3.1332499051312226
37.919043470299215 20.17639104082395 -3.131802315406117
36.927513973054566 20.17843636411551 3.1394377674521587
35.93023787161307 20.178216086719335 3.1405223939949902
34.95427333771185 20.22114204614467 -3.130736938051488
33.98575333932538 20.20515592125518 -3.1270111931929314
32.99990959530075 20.195480953125013 -3.131028979450506
31.953710899284335 20.222658506670143 -3.1282993731096234
30.920485480490736 20.20421751523184 -3.114632849353756
29.909589030865348 20.188688881661612 -3.121333661462882
28.894440145611004 20.14502209157178 -3.1209455794902246
27.893202284023765 20.11368718318925 -3.11504376679673
26.87780522621284 20.085571367782094 -3.1255171838454365
25.919454652167683 20.08417745199461 -3.1236076422493335
24.925952067435357 20.054213184325484 -3.122571147493066
23.927945656366326 20.049083074350584 -3.1326503259303284
22.910191538910954 20.04587747659295 -3.127424635255396
21.927588172171365 20.061257952745418 -3.1269720361078774
20.919063684468096 20.032974163490525 -3.1309740078573274
19.923568819320472 20.03865946834536 -3.130363687765313
18.927002789127172 20.013853068784123 -3.1365091255909796
17.924403578731333 20.005703294326604 -3.1355215572479773
16.896884941905164 19.993474911431004 -3.1336726002011352
15.885667685700843 20.01314021096765 3.1364699701031897
14.892259481891465 19.996617774622184 3.1366490923200687
13.890320601469247 20.016551604858552 3.1250830550605286
12.88423705574678 20.016047328709597 3.1393348387703366
11.876216349966219 19.990226358963405 3.1411732383961017
10.87549156624834 19.989409362516245 3.138296980366812
9.882952915150524 19.990093111222226 3.137500085521781
8.900392632814835 19.996071464072134 3.1319169313304633
7.897629029236507 20.021069051625016 3.1367397986827856
6.891622329931806 20.013856184700757 -3.1403707295284584
5.887788431154723 20.012422336702905 3.141154347249614
4.865270938227477 20.000934074948777 -3.1277746830545885
3.8724819948402596 19.98890909710182 -3.140926393106153
2.8736276465960695 19.975916935291647 3.13768495187865
1.8849160253270953 20.00877818733721 -3.1386919423758552
0.8746419554511116 20.006823755802902 3.137757465680255
-0.12814245975472893 20.018741202765142 -3.12900253613636
-1.124369378161451 19.99413317970197 3.1382193060029886
-2.1024083643515974 20.000378841820186 -3.138948856429345
-3.101677293943392 19.968954040063455 -3.12630293400499
-4.112032871827491 19.92754925481484 -3.1352791343467126
-5.11328494769944 19.914372729782485 -3.137061961428588
-6.121788810582351 19.928748101905033 -3.130824937773775
-7.096045320907425 19.908879782499422 -3.137310134219771
-8.094894890051627 19.929188492551045 -3.1369447521168445
-9.089209211879647 19.938943765353528 3.1387268661856904
-10.110353201086234 19.93164765884317 -3.134955561580611
-10.08386548278668 18.91747954903585 -1.5666460651512908
-10.072247043488263 17.95003094660928 -1.5675161400129933
-10.071789540574198 16.929037600548245 -1.5649456473513095
-10.069130143214446 15.961834649529207 -1.5675215908873341
-10.066295354373135 14.959570975342078 -1.5642742758137382
-10.065408621119149 13.932200089667951 -1.567289769452886
-10.066936728059407 12.939015866349457 -1.559553250090441
-10.052976942901127 11.948692363886268 -1.5606628145955141
-10.064857095583307 10.94935152296335 -1.561934774449194
-10.050931575891635 9.930679740509278 -1.5680046047433192
-10.045680949238207 8.926536910771333 -1.5701617746962486
-10.055312833461285 7.945861164003416 -1.566343671148328
-10.073112524583008 6.92919799166252 -1.5667573644423545
-10.069849264596359 5.943711144441748 -1.5669930312297242
-10.056870262881024 4.937854390188384 -1.564714856498832
-10.038041919705822 3.9455148939113167 -1.5646923545793012
-10.047411128647305 2.9237162010083275 -1.5665516293832396
-10.01651789147078 1.9406448641149263 -1.5713358425263533
-10.017557358101213 0.958882175684908 -1.568077269748014
-10.01425318998846 -0.03794300447780928 -1.5569374577259922
-10.005818898774576 -1.0359919979625822 -1.567493353334644
-9.980336628563334 -2.0476011069898554 -1.5681664764078522
-9.991422831348961 -3.06179976062593 -1.5564308951922428
-9.955332687332806 -4.0517117145312564 -1.5640306289113977
-9.954687836722727 -5.052869470863118 -1.566028463948302
-9.965961558568422 -6.02433519797432 -1.5696669783889807
-9.949322250048109 -7.043216619590683 -1.573022850399768
-9.911132015891088 -8.066770746948352 -1.569774431985528
-9.905452197777079 -9.055368741045104 -1.5824972579226353
-9.90149964983739 -10.05649934076733 -1.5706183788906543
-9.90100456982655 -11.045376812413663 -1.574195114035452
-9.897037098814566 -12.072569088753248 -1.5751280910558054
-9.887570027925353 -13.077801755329855 -1.5625254060358815
-9.88875894028662 -14.064989449979397 -1.5658206382822881
-9.89232228851114 -15.05188384022262 -1.5728058749310059
-9.890438057984172 -16.0709741209859 -1.5765345075437458
-9.886733421263097 -17.067287768580147 -1.5624843308722545
-9.881993781381485 -18.053367362542925 -1.5631897562897512
-9.87539783266304 -19.06577579524202 -1.5603847383131773
-9.863526003340164 -20.06173787079024 -1.5712492196237413
-10.866829878606472 -20.066315072832804 3.1405061747526175
-11.86624775991454 -20.07259218394372 -3.139934055353422
-12.866189124871685 -20.065062038584294 -3.129300448843618
-13.880232880546428 -20.08614279249226 -3.137235298427556
-14.880277938990469 -20.110600812441728 -3.131983909877941
-14.875030812105663 -19.095000081747983 1.5719977066035191
-14.895674645783364 -18.087024095057732 1.5747712846383797
-14.908419116682886 -17.096899461090025 1.5696912265653924
-14.909542758142994 -16.090233884834532 1.5734419229644656
-14.889923151346684 -15.100593900007706 1.5735086750239193
-14.888069575545275 -14.068129026077612 1.5832167205011478
-14.889733170636758 -13.064954469652319 1.5732690655221993
-14.892068113383093 -12.053262612835036 1.5723865539572173
-14.906632052224879 -11.050472251737082 1.5832512398364216
-14.911289163733592 -10.060370591242602 1.5743670378455217
-14.926510264246216 -9.068792492986256 1.575350532898328
-14.915213977156759 -8.043786894202213 1.5904494907652607
-14.906608592353313 -7.048750034882063 1.6113382147730382
-14.937948490537714 -6.049030073392755 1.5885361571958272
-14.96131483199811 -5.0538699744482525 1.5840797115962453
-15.95636430969641 -5.098140248378366 -3.124882663454126
-16.941424144171673 -5.116530627692358 -3.1281842300293623
-17.957409115118327 -5.113311556487454 -3.136497122978247
-18.959130161850794 -5.1133181420086595 3.1403592297723315
-19.960252210754746 -5.104178362835056 -3.1352984242500326
-19.95503395618576 -6.11536706152006 -1.5648669637032024
-19.947037779430076 -7.089303463138576 -1.5747151890680784
-19.929745740033216 -8.081246364821995 -1.577470017882601
-19.952705763073233 -9.089481041297804 -1.5676035553183978
-19.96632401141003 -10.102108048034166 -1.570624765984132
-19.963545600099568 -11.101914655188695 -1.5649623666486856
-19.96810256346254 -12.099403210550644 -1.5548871380732736
-19.948841303931843 -13.112880025902806 -1.5645765862802
-19.916175438934754 -14.115921664299314 -1.5588683356121724
-19.90162793048367 -15.087976758878636 -1.557666677646356
-20.907814351312133 -15.090643498334238 -3.133158799851776
-21.923469733204325 -15.089230304997256 -3.1263299699765144
-22.93658192236631 -15.080637946499866 -3.133113556806155
-23.9285976137409 -15.081247503818492 -3.1375919159011425
-24.904988703817267 -15.110600082218477 -3.133720337140607
-24.886360122698495 -16.107891197245525 -1.5612084014223193
-24.875439199885204 -17.112567372679127 -1.5496209927802544
-24.86760578076393 -18.116766480307927 -1.554668328754967
-24.871252262701688 -19.14005284095319 -1.5557132168071628
-24.861742014335913 -20.133360210013958 -1.5627903350458838
-24.853264197057488 -21.145715510928117 -1.5608631784077052
-24.8595118856878 -22.14389690493728 -1.5596959529854024
-24.84878204179596 -23.141785877836288 -1.5524395126122703
-24.815120891487464 -24.14365141751655 -1.5594812675942065
-24.786199588183933 -25.137146978730655 -1.5597977246819958
-23.82172142625809 -25.12181248731333 -0.0019075565389736877
-22.825663681474925 -25.14739304019305 0.0013808279700197738
-21.8276025805195 -25.16684440380526 0.014429005264622357
-20.821635920821333 -25.142127133977027 0.007196165125576925
-19.81704662620363 -25.117995728778215 0.013532283130448332
-18.828001564881482 -25.121512560166142 0.008706586202493797
-17.865670869662694 -25.111705166429967 -0.003852915251874719
-16.855380677548883 -25.12107255792469 0.017170237503673594
-15.844899464657402 -25.102665550994928 0.00760968773215649
-14.827657319954444 -25.092505371708643 0.016639925031094994
-13.81791065519672 -25.11208608763259 0.014962226789213925
-12.799009383302566 -25.094391121852972 0.005798577998120248
-11.7767642526045 -25.054404069665996 -0.0009565754110342737
-10.807063020201683 -25.05673611426816 -0.0022468838792812943
-9.797817099124734 -25.078387694409678 0.003726487529949239
-8.81058517685752 -25.068034018142598 0.011486916156494088
-7.805004837339734 -25.06142314067012 -0.0029884037892467315
-6.804288568822084 -25.067736749293754 0.007021510847585787
-5.794350625008471 -25.083974443578718 0.007218768538076692
-4.812133753309219 -25.04250971568051 0.005304618134338773
-3.7978166449592154 -25.03568742948904 0.0029667137633141334
-2.7765210176477755 -25.030207326266645 0.007056855311197639
-1.789590726103194 -25.020466618744997 0.01600048152003958
-0.8136887620276418 -25.00743344878819 0.017588264659449255
0.18988048010017444 -25.02239470732974 0.02326172029814751
1.2004135512806668 -25.008141782540697 0.01313882622407065
2.1774180570900015 -25.006639009135014 0.004033753424248569
3.197610025603244 -24.99765795893061 0.008731512320251057
4.219584062189071 -25.00171469501301 0.016198454028902683
5.2118993031690675 -24.98905857930957 0.035007835760552684
5.173687537163557 -23.98416903586176 1.5840504554110373
5.162668556562789 -22.971008915974444 1.5834911187561764
5.141904220939572 -21.97694163558507 1.579729009234591
5.148027830264762 -21.012053571713526 1.5835453344412165
5.164505239029923 -20.01492432155462 1.5695835085861942
4.166550031808552 -19.9806282349573 -3.1341727525871117
3.135706228505326 -20.007354881636182 -3.1376170630063016
2.1528470391913084 -20.007033626479775 -3.1360009968508096
1.1384871411993926 -19.994476372539726 -3.1407489379181217
0.13750780480794164 -20.01919848205446 -3.1396101173947724
-0.8490274945996972 -20.018659234977655 -3.131187408904227
-1.8409830807638181 -20.048790463060353 -3.1298948429728197
-2.84401905285558 -20.0633220386583 -3.1339145018333814
-3.838300644688737 -20.044894179306965 3.138791689366468
-4.853060672654448 -20.027303405144345 3.137285979100063
-5.860029187996886 -20.038437447195754 -3.133928087404201
-6.845806984667934 -20.05969261510578 -3.134522231238215
-7.831426968642901 -20.058008934942123 3.1349222348758508
-8.84654023788026 -20.056573322573367 -3.136616177412432
-9.852437176120647 -20.050891955460738 -3.138401430843062
-9.850145018803241 -21.076296715794136 -1.572977419659612
-9.816794511762444 -22.0699002827242 -1.5676205952189204
-9.80578068260166 -23.09023771834265 -1.568288110760673
-9.809396103149773 -24.073984951258236 -1.5671559920584501
-9.80922539149374 -25.074471142566463 -1.5680986305152425
-9.811053110150722 -26.061268209936113 -1.568574131376578
-9.826082649445842 -27.058095465201543 -1.5692854534906708
-9.816079990534508 -28.064654444955256 -1.5703870866174185
-9.805104292338365 -29.088210812430134 -1.5614574900932652
-9.784779836454696 -30.079457878837008 -1.5646533214457437
-9.76744099281542 -31.06006928632752 -1.5595200083576197
-9.759314927494415 -32.05952416205056 -1.5562478958673993
-9.761065374780173 -33.080537322635756 -1.5589952715567035
-9.751202902625572 -34.06482773576574 -1.5725114017750772
-9.747792271187981 -35.0606397907929 -1.5605311761332998
-9.744466432150931 -36.06335651128003 -1.5674857789985965
-9.727264694061157 -37.058137496218684 -1.5588144861657938
-9.720827770165403 -38.06441147130287 -1.5612495371633759
-9.718230689161873 -39.07385276289262 -1.5653592127846945
-9.707362133694312 -40.05258224341677 -1.5658235770229085
-9.70617054116472 -41.06491674812764 -1.5815566323384431
-9.723509403882888 -42.059647321286576 -1.5652915351701258
-9.718492319434132 -43.03104205794812 -1.561056446652697
-9.722552169472488 -44.053110719163904 -1.5600203102291024
-9.709407993369798 -45.046841489254994 -1.562533462709929
-9.690566422385357 -46.03807333953352 -1.561561111019972
-9.725263724487409 -47.02227278884545 -1.5574036167565988
-9.702107139908863 -48.02025491545398 -1.5678229064912372
-9.670694771037077 -49.029854456962994 -1.5771583340758308
-9.699583163548974 -50.02488037560322 -1.5702654302568715
-8.691578460538343 -50.038154631324296 0.008194341549773122
-7.70124380570654 -50.034050161702154 0.000629050164737373
-6.68966073883445 -50.019426500515195 -0.0022124952273453223
-5.683050232432073 -50.00890229898875 -0.007182022700344747
-4.681519617744788 -50.000104545895304 -0.0039660879396276605
-3.6674231250906395 -50.00129375244919 0.00755714029733848
-2.6766505093653943 -49.969151271044154 0.0006919540123966529
-1.667299936214909 -49.96569192921057 0.015544498386216108
-0.6873690402850121 -49.970708508790565 0.008657051805655227
0.3191335986917572 -49.95124939391305 0.007961474717356974
1.3305880962476186 -49.952363209481156 0.0005678143452654858
2.323688684427198 -49.96319698283333 0.008509457951308828
3.3199098949620516 -49.94801472629007 0.006833940230037085
4.3023774975185205 -49.955724127569674 0.013178310363145731
5.31925351087061 -49.900821063182185 0.001283950405204973
6.301823654143116 -49.92538393977929 0.006479198410004484
7.318151527318102 -49.910986400431646 0.01842500155831995
8.310184611447546 -49.89588235574586 0.012179961799612908
9.319358314685594 -49.899608323177176 0.014983099590473215
10.305823974167279 -49.88620686932631 0.006650798937139246
11.298250136271559 -49.878332444863105 0.001983258386739097
12.278321739546222 -49.879243816942655 0.0047973614986784
13.293576738006971 -49.848402276966986 0.008918899298805663
14.277910132376466 -49.85574711913563 0.015668438084819304
15.275278121971288 -49.84252433675883 0.011799585469556879
15.279921000406 -48.85148537689834 1.5667596949356968
15.273024677188403 -47.8359844762973 1.571679008846794
15.26471741292547 -46.84184379387348 1.575437742933011
15.245892455221124 -45.85545535846076 1.5814737820819988
15.23925399810303 -44.843499662676436 1.5770290150816593
15.22623765860083 -43.85040445705377 1.5756752332406876
15.234097542327202 -42.8456125031585 1.573085752557974
15.22050535375846 -41.870736468258514 1.5706892381835487
15.223577895133365 -40.85488403936865 1.572109367227273
15.223120159838965 -39.876815757326824 1.5718903656107075
15.227292463462424 -38.86310488567167 1.5645281899834442
15.208265201525965 -37.87350166590484 1.5671566368082366
15.20360643103619 -36.87001348468594 1.5705846037768838
15.209146897217073 -35.86813170538251 1.5730723775089874
15.19982806641892 -34.884282469048806 1.5675077308043934
14.21565562540742 -34.8772321802268 -3.1334961851163077
13.218719164753317 -34.88570971586677 -3.1328865735390066
12.244133854556365 -34.93077994004455 -3.1380956875570267
11.256195183575564 -34.902875188183124 -3.1410293858305787
10.265911540247194 -34.915196470215946 3.1343899286151466
9.25983053303137 -34.92775938235176 -3.1327081712317604
8.285711851345408 -34.89760554655586 3.1177813460350565
7.3086598616916465 -34.865790451917555 3.141401855955588
6.310242460535919 -34.91526647370957 -3.1307172028582584
5.27656165366811 -34.93533194648552 -3.12735905777402
4.293273182182867 -34.961619827805485 -3.130174885172586
3.2617060001411624 -34.96163247289602 -3.138493586175761
2.2492610090024914 -34.962851539414615 -3.139181888599104
1.2232902392409923 -34.949358013524424 -3.1367457034667323
0.2374747032195355 -34.97540491389788 -3.1272405487021864
-0.7568018744466096 -34.99015435571444 -3.130409339858444
-1.7620009977442466 -35.005786443490734 -3.1300922401898905
-2.7464508478390037 -35.026992529545076 -3.1349618651112734
-3.7570768903415757 -35.016463050887374 -3.137721514914557
-4.760628121428012 -35.02191766836816 3.1393436291544767
-5.749729798234223 -35.012597860392155 -3.137798562014058
-6.759679592577548 -35.04150951617033 -3.1408326362554173
-7.748704190881348 -35.02446428010288 3.1367833261887355
-8.753417839755492 -35.04615828485725 3.136804068270345
-9.743156144524693 -35.07300220366566 -3.1380053135374606
-10.752724266403902 -35.071270908324536 -3.1296458652794987
-11.751908516774947 -35.0833037107593 3.139418136433999
-12.749540387932534 -35.09468798337359 3.133814196115981
-13.757635946565873 -35.11502299390073 3.132988315689855
-14.742880506221729 -35.1083520195616 -3.1366463845773276
-15.744934328266416 -35.11325172259636 -3.1305402988966557
-16.75623315569848 -35.103713326103595 -3.1334755773395564
-17.733110199137727 -35.11870806609787 -3.1387849359239355
-18.72256684770823 -35.138649827941464 -3.1356068645792217
-19.72482400483866 -35.13486730306875 -3.1334937292514073
-19.736001697365737 -36.129151485217314 -1.570212095432233
-19.74780599607507 -37.15074034701291 -1.5701932127811864
-19.73943761819696 -38.13894027955167 -1.5557617933711736
-19.730115750802195 -39.117753471793655 -1.564726002393592
-19.71852145610369 -40.11415475139741 -1.5602528172994778
-19.729167721190286 -41.12847491917866 -1.5638056515478278
-19.733677354676196 -42.1337416659521 -1.5619887529655465
-19.721601806659198 -43.129542716452995 -1.554779512460425
-19.70374908970015 -44.147545513839866 -1.5768383855164299
-19.711189042814926 -45.1593991376855 -1.5758383229452402
-18.742735943231303 -45.16897211779246 -0.01785228874438977
-17.73106645665048 -45.15692604569363 -0.0007618421703186407
-16.73759145394899 -45.14166396993262 0.011966877825859916
-15.730514362171935 -45.132480974468265 0.017016667169764643
-14.69593056736609 -45.11986568155245 0.007607172198781043
-13.726613434156894 -45.11511660326103 0.014856826214148713
-12.710108678519651 -45.08600021188787 0.010920381120154497
-11.703947940337594 -45.05985238254466 0.0011519996911620843
-10.690426630302365 -45.08510294563607 0.0080748197524005
-9.705182174491595 -45.06403673382642 0.006494452923100177
-9.725423698654627 -46.053576659431734 -1.5678679889674556
-9.734079360991709 -47.03228796323273 -1.5535569971257583
-9.700170747267595 -48.02033501564363 -1.5628335231962533
-9.696808374997685 -49.02778561748019 -1.5714274254081042
-9.694440389414371 -50.03441160099528 -1.5687200768737009
-8.678042565887424 -50.05214352888449 0.009480692464214506
-7.690473886704974 -50.03414582947063 0.009326812704901401
-6.6904496668067175 -50.010169544101245 0.005514782353727602
-5.705605940708994 -50.00865134953248 0.011066409679693702
-4.682257191954125 -50.002668660585464 0.0139222624675429
-3.667711102490538 -49.99104954615679 0.00615837096597865
-2.6846594147305987 -49.996035336627266 0.007626436207712056
-1.6772899991651429 -49.9906205115816 0.003980721337465583
-0.6752736206386043 -49.97672252733828 0.003826783068793401
0.32654739271216526 -49.96406433525354 0.009343691600674506
0.3261218570479655 -50.96457910118483 -1.55635992692063
0.3281270802695614 -51.96649255218078 -1.5574342329036337
0.34323036966091336 -52.96399203255454 -1.5543064096651942
0.35576120035467407 -53.95710221073758 -1.5621827542432172
0.36134091588481987 -54.970548038097434 -1.5548855718520704
-0.6443814905684204 -54.99097647436602 -3.1378375698440744
-1.6290537434915466 -55.00134005423165 -3.1367116787255203
-2.6298731596667193 -55.00104059438176 -3.1368391843226795
-3.6451945018105643 -55.000246319337535 -3.1384042027771373
-4.630058093748131 -55.00221926906993 -3.126371064326519
-5.646165800593764 -55.017034676323256 -3.129156472031934
-6.643737557292859 -55.02271839855825 -3.12357632600563
-7.656954123097853 -55.02141798392537 -3.1367566447451223
-8.643734906826289 -55.03990784958524 -3.134446527105005
-9.654883551553636 -55.06732845425718 3.1379341046016305
-10.642454225732056 -55.06294576943935 -3.138007292148229
-11.656174908340109 -55.06903876660187 -3.138861132746257
-12.66912943192485 -55.069812729400965 -3.1292360664980152
-13.666941278649883 -55.083240007915414 -3.1277464750538586
-14.672120498527095 -55.10459420005691 -3.13554231580559
-15.66657231293985 -55.08440501669531 3.1411410637913697
-16.673990399440758 -55.10225182472695 3.140497456693089
-17.663026540398807 -55.0959612909611 -3.1391871833245686
-18.670865393329244 -55.0758776055584 -3.1354439584841454
-19.641157582497375 -55.130888616300766 -3.1289723729736827
-20.63962191156551 -55.133567963126204 -3.1394404941700205
-21.652224808383817 -55.15166361992957 -3.139006493678777
-22.666434811477757 -55.15566799484047 -3.141044083631434
-23.67265844771863 -55.15268207484476 -3.136409173188906
-24.6924121257232 -55.14101001279968 -3.140229422043639
-25.67187527020697 -55.14136445659544 -3.1316901822065066
-26.661935062309322 -55.142307345079644 -3.1293629659995807
-27.67794047100441 -55.14962442542547 -3.1409771579760144
-28.670579322078844 -55.16035763074707 -3.1347814703623906
-29.658519070604196 -55.166255717753124 -3.118911763848673
-29.68922714959126 -54.20500042704728 1.5822689140069102
-29.676816147900293 -53.161790761253485 1.5816369819848595
-29.69253079528917 -52.168602791439085 1.577208727871028
-29.710349060370124 -51.15202877957628 1.569226234517878
-29.69034741308862 -50.148911429729694 1.5712954736102462
-29.691396013584747 -49.18000156857098 1.5743847049299415
-29.68296006066391 -48.18999229828059 1.5778324923233489
-29.717563355385174 -47.17064915573032 1.5705296901970998
-29.718848458320736 -46.14682414287273 1.5719582506869867
-29.737645267055694 -45.209786077285884 1.5735954817660225
-29.72886904934987 -44.19123896952533 1.5685138975215183
-29.732933544605952 -43.20346796667556 1.5719451947695582
-29.748038488901447 -42.20736893927046 1.5671854931316402
-29.73092902533659 -41.20595372981636 1.5557054796192094
-29.730414078166188 -40.1886621789257 1.5574570027493086
-29.738446722476368 -39.200205822363 1.5511490754624557
-29.73631999563483 -38.209347867881675 1.5641947527793714
-29.730094895592796 -37.21863096361675 1.567905996866713
-29.72819745822803 -36.23593417652361 1.5764968213237165
-29.731021576356635 -35.22221966257363 1.5703928071644158
-28.740483741257172 -35.203570967740816 0.008800782857454332
-27.7349330741406 -35.19666362533116 0.009249985043755904
-26.74059409505096 -35.19356386449345 0.004846389855505262
-25.75574111421313 -35.17359853458321 0.003287577431222378
-24.73430382422318 -35.16769735337421 0.0014975523708682264
-23.73061583446137 -35.1743784274543 0.008352469135709709
-22.747972635238558 -35.16703793451255 0.020824453501379587
-21.739122735981823 -35.14276722648571 0.010383013841639161
-20.730966423070168 -35.13775617808254 -0.0027820567742255034
-19.73290958910924 -35.14096814972138 -0.0006821641057383278
-19.735892908476842 -34.15101068668976 1.5858221452513985
-19.73034275236152 -33.14730445923773 1.5816487114326183
-19.735620613956378 -32.142348508842375 1.5674027075325403
-19.7445363736099 -31.154364393892784 1.5623417137434743
-19.7410339167613 -30.16379210686061 1.5784931207336699
-20.73896267973735 -30.164555712198208 -3.1405189149037995
-21.71734448536204 -30.15195306324669 -3.1403753981453844
-22.730148473551193 -30.126890276453036 -3.124459718170972
-23.712120529356405 -30.166075653234127 -3.1238644506130004
-24.714892799631397 -30.16990780239576 -3.1264231569488135
-25.727078168220192 -30.1615143533377 -3.1259884484894402
-26.72639661645929 -30.18560154363797 -3.1313239085645073
-27.74013909232214 -30.191858483216745 3.139298129610614
-28.75809842875444 -30.18229614780581 3.1270206881556426
-29.763242420718093 -30.17557394598359 3.119807652755833
-30.76870426370631 -30.19226480099885 3.136137160314195
-31.765616541611895 -30.201871718614484 3.1330989613588462
-32.76882215027862 -30.214176472600762 3.1384659629059075
-33.78559999158303 -30.210884702605178 3.1290124710199603
-34.76884127972079 -30.18996447310653 3.1392745633982497
-35.78326982194862 -30.191330657127818 -3.127821280504301
-36.78888640006574 -30.196310522336706 -3.131189294581101
-37.79328443376348 -30.202734781740993 -3.140927619233656
-38.80104715466213 -30.222549538649083 -3.139676257042352
-39.82251302924828 -30.204044321242517 -3.136368407429467
-40.81339714740212 -30.215202807405543 -3.140423429002307
-41.79297695319447 -30.21787189285449 3.1357695940437904
-42.798638015921604 -30.230981093831446 3.1308612059039285
-43.78984323084994 -30.22690354689699 -3.1363744229441344
-44.81444450320387 -30.219610409082698 -3.1334878787143188
-45.800581488936764 -30.241610866127456 -3.1293515579442834
-46.779184542921385 -30.256296103981683 -3.1311635993132056
-47.79220687841006 -30.253874380936 -3.133821508807736
-48.81040699151771 -30.256787771440603 -3.134201997055636
-49.79401070405478 -30.276138082925616 -3.1290906012764905
-49.802900972473054 -29.280996034682477 1.5805239909197382
-49.83556537801363 -28.278448018428403 1.5802175898578843
-49.831235286434065 -27.281750638789376 1.57344825850867
-49.830780998858394 -26.285582130208997 1.5799765655381321
-49.849928152150035 -25.294624397450427 1.573684501932969
-49.84770345581758 -24.28649798400861 1.5852029243595973
-49.83864598427308 -23.28864564155099 1.5820717656751926
-49.881821521905444 -22.292433831827086 1.5802377089298758
-49.87210213412934 -21.313764013474707 1.5886216332874599
-49.88167914855201 -20.303320829449838 1.5825175045684066
-49.88542695869848 -19.28109155794178 1.5864244065437778
-49.880672976266496 -18.299484723027504 1.5812964524802244
-49.90136061715375 -17.30417644966593 1.575645981023309
-49.910455041265536 -16.3002007601526 1.5763425350828322
-49.89864650228618 -15.305417996907277 1.5774048448482243
-49.905381131182125 -14.302546691824226 1.5903162561908002
-49.92360920095446 -13.303689448068832 1.5833505232069816
-49.960968081593755 -12.30260244487721 1.5825134631644644
-49.954806575998745 -11.291477381590852 1.5779517336672064
-49.963852234185936 -10.301710864179913 1.580542735612923
-48.97339270348667 -10.2928722969775 0.01563174781745148
-47.95709952870888 -10.269731959907165 0.003009625599091463
-46.94440487492139 -10.28066301079887 0.008369252638645585
-45.957517386301134 -10.263995903837463 0.010997896369300665
-44.93099443793656 -10.25642478338933 0.013776725933841437
-43.950711063146954 -10.244050109787835 0.01150529312430971
-42.96927427369773 -10.246808440503969 0.004143062948944302
-41.9584118884624 -10.242350208974695 0.01658387171797218
-40.97114024681262 -10.21708508751764 0.016542520815050716
-39.968407922945985 -10.20408248929157 0.018698486957676626
-38.92877265721572 -10.203458654483562 0.010393020755292725
-37.95731357935801 -10.219685789258321 0.005462520652018903
-36.93745879541799 -10.228223792864048 0.0033650179667469747
-35.94084322741218 -10.211709570059078 0.0054044270809996044
-34.92016844399658 -10.241004414589604 0.011468978151167368
-33.94961217020915 -10.197956492978339 0.0032370862030058714
-32.93687755015092 -10.189500904175329 0.00014296686217385682
-31.91969740260043 -10.180656707462507 0.001499517494884116
-30.934090998891858 -10.185351587428446 0.005917391735858525
-29.954579877676142 -10.181585880116408 0.00823822877459009
-29.959751312700096 -9.1746253297375 1.5795844263998142
-29.9345619723567 -8.174677609712615 1.5829319051065642
-29.967064093974223 -7.164425675916275 1.5731073190127374
-29.95116846250355 -6.168084216307457 1.5807757324502407
-29.984919552338805 -5.158584479187438 1.5796804990035855
-30.975471053493102 -5.174396163021473 -3.1347147746183808
-31.95655934714497 -5.16802958016613 -3.1309142446025207
-32.9802335406008 -5.195278461422796 -3.133121436773181
-33.97359459221443 -5.201426326372187 3.1414922858656853
-34.99101665122164 -5.221575135543179 -3.137537030630298
-35.959182818687616 -5.194051274969232 3.138199376151107
-36.98532771943477 -5.183904152050057 -3.139017754435705
-38.009014930848274 -5.203700156776006 -3.1334361929161823
-38.99369458128772 -5.2135822775963785 3.1412707496747023
-40.01566667981442 -5.21370231823155 -3.138035491908325
-40.00461979228734 -4.218005295383564 1.5680399366459035
-39.99387694657717 -3.2230739378150455 1.56978093560456
-40.006516777644244 -2.2251496401002964 1.5747045099654486
-40.019385824844626 -1.228488798276015 1.5830114997152487
-40.009541890704384 -0.20726703522196627 1.5809308161066375
-40.01448486756168 0.7582886308850353 1.569929321867065
-40.03309308722446 1.7565265048489298 1.5855010343527822
-40.04081895458132 2.764566815383167 1.578831382526935
-40.043955880171325 3.7685875273052933 1.5873387113253783
-40.061411123080404 4.76540238428043 1.5853619776826202
-39.044937698333655 4.749382885047637 0.009796032462253652
-38.05181556269631 4.771232125886619 0.007993382104069973
-37.063802141785594 4.761075738273583 0.011745730289555431
-36.04903793591608 4.766284444230046 0.0035477736753957733
-35.053598962613975 4.776793847075933 0.011022165976614838
-34.062652012616795 4.811792402271611 -0.004190576718101612
-33.04812602315949 4.814211010504177 -0.00026263509779838495
-32.04832194812504 4.8132503449450414 0.0026526814064599855
-31.048486133704998 4.823212335135564 -0.001408575333733167
-30.057105932450806 4.838176794211798 0.00743530665405707
-29.04471407277966 4.838813360450512 0.009098804302420323
-28.05312103529215 4.829029146756621 0.007602112607027794
-27.03468779475023 4.851679085139613 0.008540996073779589
-26.037619406652993 4.852217620356527 0.011239923167476976
-25.02440436090095 4.886940644081062 0.009492683070588622
-23.990474101732364 4.888670868269068 -0.006141587126135271
-23.042572425771034 4.870908892746044 -0.010129845502415956
-22.03360642433848 4.881273022513015 -0.0042042491056730105
-20.999455401869646 4.887934705893724 0.0049209721726738665
-20.002869899434362 4.906046863917797 0.004479544585235692
-19.00353265347554 4.902355581422741 -0.002599710511864414
-17.998615062337258 4.856663915696296 0.015117783205899758
-17.04269384946477 4.887076779727139 0.007533444886297846
-16.032986041038107 4.893244496907047 0.004113087858755915
-15.02459915510633 4.917111981088525 -0.0013475440253996754
-14.04536821605807 4.922186556841334 0.006539592734955734
-13.039265193832083 4.9415186527300605 -0.001960805439802385
-12.04254380645036 4.928166633797219 -0.007424098323026373
-11.058961974209332 4.946731538975912 -0.001860443279109491
-10.05605997270114 4.934564593268041 0.00499509706241656
-9.0407473720501 4.939144127678741 0.003250204481355177
-8.046109450297953 4.949960035888783 0.003446470792317645
-7.059791720185658 4.919328170603853 0.026027887421704882
-6.060207989213699 4.928616799797378 0.01700170735158677
-5.052092762662155 4.97013872814573 0.008564591743897057
-4.039992187480733 4.981061288899087 0.0016136300051494625
-3.056342827500576 4.9828746782088755 0.013969260561915874
-2.0447907716232807 5.005196015180042 0.012651645411950836
-1.0492225952988246 5.020564051104722 0.009940044413731757
-0.06176018815481552 5.010048933070914 0.011623051175737847
0.9428913288445204 4.975910833832171 0.01368530385052843
1.9423708907921395 4.993936439021023 0.011147398028030104
2.9459353531835295 4.996336464521956 0.008253570180010382
3.9268118606271387 5.02799775704959 0.015621285570444595
4.951595805761593 5.033226455283761 0.008778278197609424
5.9307243615848915 5.038622098632356 0.009191870014032337
6.94039741421979 5.0397916191295895 0.002056664655362882
7.920263290930535 5.019225813446005 -0.0004893512013201875
8.93040133468939 5.04207384655285 0.010869183186803232
9.944296465213915 5.061662810124741 0.010284434335043485
10.933131898814356 5.058517813580121 0.011206458476693774
11.968320275622995 5.051192596166787 0.013742316516763558
12.968207859602018 5.0685812905013705 0.01090905166543529
13.990585395356693 5.0751346881575605 0.01860660642020541
14.994844947434268 5.065795503669244 0.012542914392286702
14.99653396010797 4.063845716000235 -1.5517863297520853
15.020393830014273 3.0978804381116007 -1.5525586076475504
15.000884536551819 2.0834833505491184 -1.5627016448595599
14.994970919824688 1.0842881010436975 -1.5589613162225293
14.995896419405229 0.06970160482690665 -1.5777354455461248
15.00562707536468 -0.9156185068026028 -1.5763047560799894
14.97781172048614 -1.9038843735063702 -1.5720847217671265
14.984265692678534 -2.9010544431043486 -1.5599632790130888
15.008797146353242 -3.909881931430535 -1.56049908252923
15.00358024046639 -4.905291643494125 -1.5675085648904485
15.003851328104092 -5.9267832337902675 -1.5687142996297836
15.028834927801375 -6.919179166409168 -1.5657940161488233
15.044970555278717 -7.916940873166292 -1.5616594982896184
15.035746088303965 -8.934608841281802 -1.5561343888961712
15.053655163319451 -9.944497137214674 -1.5585123184460223
15.056678646684214 -10.925652374825987 -1.5628383095633938
15.05317634331744 -11.945555069927638 -1.5589540933330774
15.060836391328838 -12.936324252172115 -1.5619087691096591
15.095185355330264 -13.922681583720713 -1.5623454634398475
15.113891388037477 -14.923739500408898 -1.5598790808638443
15.09738033696149 -15.9095815480035 -1.5590104428860962
15.1147676188582 -16.875326364015216 -1.5643127870865097
15.127437521757797 -17.889031450839944 -1.5566168734606776
15.133501451648375 -18.896305313153686 -1.5763921624217525
15.157000623323226 -19.910461511558516 -1.5735834336352135
15.145570602456427 -20.90593284640136 -1.5589057402073772
15.147676408617446 -21.897987595469683 -1.5710276211069338
15.187895328372162 -22.888491481901717 -1.5825011910043272
15.176627562455725 -23.8791339173196 -1.5787015219346363
15.16017008483905 -24.90501961648385 -1.5773741903243896
15.163290674239665 -25.878758323804 -1.5812665276543711
15.154177635865063 -26.89060700342528 -1.5609565355440715
15.144011631179 -27.89351408367449 -1.5654546220081431
15.160565530550222 -28.90472546278028 -1.573557255632966
15.141085336298914 -29.886789583581958 -1.57380769736883
15.17894116445981 -30.88592968813129 -1.5677984393058952
15.184953001163292 -31.877258615488866 -1.5628858520446443
15.21062151062778 -32.87423421521116 -1.561005700883571
15.212123484981976 -33.88651363212521 -1.5674818791319214
15.20750277709785 -34.88694411687656 -1.5707274660222965
15.187417002452534 -35.8755250844323 -1.5677594107105846
15.214691271514765 -36.860869955380785 -1.5663762769781515
15.200621152019322 -37.86373806638331 -1.5620120984985244
15.209724829729172 -38.86688754785755 -1.5714651849790608
15.20719275241037 -39.85996668193784 -1.5658848147682138
15.216492513762454 -40.87895814925665 -1.5682045010588388
15.24257537588055 -41.85889241845223 -1.568743310334998
15.23969326083005 -42.86482550263698 -1.5679419378690163
15.233478994989369 -43.8678605192413 -1.5648525367698127
15.24607630867875 -44.868977866602904 -1.5698832995716934
15.246018784707386 -45.86640765239891 -1.5668718093756315
15.261641327825842 -46.84166513242723 -1.561226110017446
15.2705243946112 -47.85300253997221 -1.5671647325404465
15.30244748318113 -48.83312022472457 -1.567523912608556
15.294742366784638 -49.82285443186613 -1.5759107855715815
14.280879295736852 -49.83899900206791 3.1413024282821613
13.292868686817119 -49.84324050314513 -3.135695876073217
12.283160153503166 -49.87691143552946 -3.140944873367566
11.286653129259497 -49.89069483551185 3.1400710072035505
10.283787003440759 -49.89170186939523 -3.131821806294015
9.288205931455437 -49.88397581868265 -3.1309911430995276
8.285903410377768 -49.89959658611422 -3.1308399954071806
7.308138392388726 -49.9011397089026 -3.125119950609419
6.307256546703901 -49.912199771290574 -3.123624336640226
5.303092384878786 -49.941390873355196 -3.1381981781066597
4.2979311800072955 -49.935905159774045 -3.1379124190501213
3.3045468096388415 -49.93060588451547 -3.1330780744263
2.3148016503067064 -49.96356085929379 -3.130064852123485
1.3030278661069745 -49.95840246453656 -3.133214906165585
0.30498307224036386 -49.981714923602766 -3.1299574298515047
-0.6722053455034755 -49.97579126413469 3.137824391203061
-1.6934839286766867 -49.975764456521716 3.1382632070184244
-2.6869732476082073 -49.96339509803566 -3.1325404331953495
-3.681338090667113 -50.004640327380706 -3.1347224431493115
-4.684221157113297 -49.99957397465033 -3.135431252861896
-5.677369331655186 -50.000874364364755 -3.1263399506958645
-6.694748557702647 -50.01396345926139 -3.133029631344958
-7.6893432914018085 -50.018878654983496 -3.138453314026364
-8.684754747635418 -50.02751877136627 -3.1349064396347135
-9.692642223200423 -50.0485799685564 -3.140568508840354
-10.680117198907034 -50.03884167643846 -3.130800926433547
-11.695806448667675 -50.06299833274114 -3.1301891754659037
-12.67777213550219 -50.05678207049995 -3.1315237746693536
-13.69084663245366 -50.097501625532836 -3.1209138834351116
-14.71274305032119 -50.092617818683266 -3.121793288106807
-15.716305079396466 -50.08861634509438 -3.133540715488981
-16.716278826294083 -50.09924350298934 -3.1335413477260663
-17.69965200686725 -50.1162142441719 -3.1290902144968413
-18.71253708920077 -50.108259346114785 -3.125580880277216
-19.72525989422725 -50.132657508395106 -3.1238338907083447
-20.708643844060585 -50.13598911969219 -3.1257592996788297
-21.728972788695934 -50.15320125915123 -3.1277058849565678
-22.719691348941364 -50.14711477258928 -3.1210236522960573
-23.711141537502886 -50.145051292599405 -3.1287349765837402
-24.69241144147378 -50.16408763800709 -3.1409044540362374
-25.696969284412624 -50.15913765444883 3.141042054774403
-26.709428326238804 -50.15948093085239 3.1395045445429006
-27.709132899368417 -50.14175822934156 3.1325796916529396
-28.709812588715696 -50.14270121854924 3.136272541579606
-29.701772740109842 -50.151028548430794 3.13892117053859
-30.687222380987766 -50.16554666900674 -3.13105106820454
-31.686734156649244 -50.16546676565718 -3.1410790521883496
-32.70439529602614 -50.1488945092308 -3.1348600421140205
-33.6929955395682 -50.16960089858468 -3.130028340272694
-34.72453926940243 -50.20179424455922 -3.130970249860896
-35.702542700988374 -50.20577573515074 -3.131251453012129
-36.699207264724755 -50.186494819471385 -3.129677824255248
-37.70959992972793 -50.21261238703949 -3.1255943413686342
-38.69172696754576 -50.225103755372224 -3.123895430398549
-39.701062135213924 -50.23052223370845 -3.1319917122104455
-40.71458685594048 -50.2262800434527 -3.1321653982373863
-41.711702955847706 -50.21797114482539 -3.1194109843007554
-42.71172672366936 -50.23216443628181 -3.123196976303127
-43.70021163429863 -50.26665800524598 -3.130045654043507
-44.6952879407343 -50.25155901074668 3.1330506988918145
-45.69833666600731 -50.27083426055182 3.135584198396185
-46.68152345800263 -50.266905083192185 -3.1250957198150457
-47.68883779588907 -50.2633809360624 -3.1341375435743135
-48.69041604831538 -50.290056433133266 -3.13259643318032
-49.70081851717032 -50.30879962524522 -3.139599205145293
-49.697255570554255 -49.304330258841 1.569527699647189
-49.72977028294406 -48.28615484861529 1.5751737315633618
-49.73589264538001 -47.28680093313267 1.5678200284510355
-49.724794947225725 -46.29144442525574 1.5795800686258807
-49.72517864705286 -45.27430984492553 1.5694128354597237
-49.72849508129157 -44.27249366212703 1.576204670285589
-49.712928261023364 -43.271963205814835 1.5761011148341748
-49.700355759909364 -42.27379631905281 1.567359250752862
-49.720446642916265 -41.25488261458838 1.5927428696055064
-49.7357037944492 -40.27076357621273 1.5755624950545943
-49.751776071976906 -39.27559533850791 1.5779260295491389
-49.76124005487527 -38.2725563393091 1.575655392895138
-49.74099551750427 -37.281077152197426 1.5735566395477407
-49.741299525052625 -36.30913016132085 1.5831510449602082
-49.75236612440045 -35.302338146839624 1.5727652442395565
-49.77258769653938 -34.29680174141717 1.5747814359717591
-49.77764324821294 -33.28641245197858 1.5725767118797491
-49.79946548595294 -32.293594291050006 1.571111332067066
-49.754978966113896 -31.290541729374922 1.5847633516523312
-49.79105269674249 -30.27622690128309 1.5805316032848697
-49.8073892979356 -29.273500020225914 1.5793356997630443
-49.82027444259714 -28.279789573244297 1.5765709827155452
-49.82980752815286 -27.28572504096337 1.5737192108135334
-49.8415640478558 -26.28978274967667 1.5693781906531652
-49.866962237634105 -25.27466252426516 1.5637196855988724
-49.86170904307047 -24.284096047584086 1.5683044632855732
-49.87002453926577 -23.314032561883256 1.5712524914138977
-49.86636794473503 -22.308095347372277 1.5791266309782102
-49.86521909076437 -21.29737726096536 1.5791517554779433
-49.89500977227203 -20.29934524699223 1.5794435671647455
-48.89233325886491 -20.30453697702231 0.009823003153832052
-47.89854544945757 -20.28938156498957 0.004115844698333732
-46.88803371957261 -20.26057531450892 0.003950772262835546
-45.884340102525776 -20.272021459253363 0.009607123713149252
-44.89770715433952 -20.253374941015636 0.008515256438629399
-43.89256937598869 -20.250435228518885 0.0044799185692015785
-42.88127393420481 -20.24579330668819 -0.0007941662829864833
-41.8985093676264 -20.238856859441455 0.008468263117490701
-40.89628969258648 -20.236299169932774 0.00897958431297411
-39.87899778493698 -20.21846275548038 0.004605743273153808
-39.90832200537771 -19.241588820388788 1.5766628557498379
-39.92160415674395 -18.22408352384689 1.5667424218050625
-39.907377287987615 -17.220818062901017 1.5791038420757761
-39.924933092366345 -16.216679632592182 1.5826934059179034
-39.9264173584434 -15.22493069962745 1.5764562495156877
-39.92048823301666 -14.243362587139611 1.5829099231419477
-39.927964607012775 -13.211133990516528 1.587248936401296
-39.93687079380784 -12.221625108342527 1.5669955896727241
-39.95358257945304 -11.224648983879352 1.5625088923766672
-39.928989791663724 -10.221726123947374 1.581653970292379
-39.9740838848938 -9.223692909494403 1.5689594851418682
-39.969847140441615 -8.19035246599757 1.5737040212109914
-39.98114073121768 -7.214784554484595 1.57823434601274
-39.990825354436666 -6.211001378937359 1.5775889147534754
-39.998902513479024 -5.212000566343239 1.5709401392560522
-40.0057673229927 -4.206020052193839 1.5647285555944308
-40.01798563102434 -3.205827357156703 1.5778346636827303
-40.02695809088696 -2.207277199763075 1.5661526035830173
-40.027427603497934 -1.2133522574120632 1.5689817426356636
-40.02303570164778 -0.22221500894223523 1.574200225404784
-40.03880696072227 0.7669274406832178 1.5757374665541564
-40.03804477124317 1.7725978116937033 1.5794586093188008
-40.07292230068282 2.7674164185047103 1.5707601859330058
-40.07147341234993 3.768535781787805 1.5774581079883863
-40.05219307948156 4.7684662682062 1.5828677417538448
-40.072334598917756 5.7544587638337585 1.582927730145367
-40.07909522405209 6.740951272040595 1.5720333266176947
-40.07435917116315 7.771607922084881 1.5842282580945306
-40.09046601431256 8.757536708588582 1.5807738488114365
-40.10393601709249 9.73814413474462 1.5768394935352634
-41.08296188433181 9.748005234202001 3.139107076045316
-42.11139317500424 9.761083930240808 3.1393746585565006
-43.073343152162316 9.761726185835306 3.1403790373547764
-44.076831062339025 9.756015281216172 -3.1402172424994044
-45.07179757882558 9.754123291117732 -3.138880772327932
-46.05152251035717 9.746597389327475 -3.1339625955524038
-47.03207068140329 9.746989867530868 -3.123277872210142
-48.040750069474846 9.726297158323526 -3.134469101517845
-49.00982052862908 9.727548582140388 -3.132225669575732
-50.017533050144564 9.69391719212571 -3.1335693686075685
-50.02110437789084 10.699788992934161 1.5747691504466745
-50.04648969278206 11.70948402082786 1.5842323771684534
-50.0669952367605 12.712833748902922 1.580390542958543
-50.066089376087994 13.69841602035417 1.5849006121671008
-50.08501394135175 14.695902040608363 1.5828690512127397
-50.104927682693386 15.694084218602583 1.5873847887116876
-50.10706212537856 16.69726668883904 1.5823034867459171
-50.12273079442532 17.72207495848717 1.584666650092587
-50.14735872813414 18.712136684448957 1.577074076020663
-50.147952885759125 19.72408147679459 1.5751063532201035
-50.12991220129485 20.706488270797525 1.5805624246872847
-50.131869998815375 21.70642918793466 1.5631790374481447
-50.13780569456888 22.71678745320982 1.5709736735955901
-50.14402594902697 23.721433435300856 1.5639780066289088
-50.162793829311916 24.72309442498877 1.5632635604188327
-50.15582057097687 25.71566295753588 1.5711684275090994
-50.170863692851235 26.73355130666786 1.5727400834414134
-50.17111835110046 27.711441720915893 1.578766891126984
-50.15718738565617 28.709356775952607 1.5814154750604221
-50.16689338641171 29.711470814105926 1.579706519502891
-50.17650135528915 30.714800368129218 1.5739735022659065
-50.20797153687874 31.72057283908767 1.575401019282615
-50.19128431613106 32.73385287633247 1.5832913908927337
-50.19882881670607 33.69832288341768 1.582247634757971
-50.206812358753204 34.70190414203198 1.5633096222357628
-50.17517371550803 35.70113527026424 1.5689514689846094
-50.19867923250419 36.70190763337696 1.574535074229195
-50.200190982700036 37.71053625005699 1.5770784061306826
-50.204715574653434 38.69232932897617 1.5772706801586898
-50.207796262136675 39.706914597631474 1.570699996322982
-50.22830886530581 40.70839296877959 1.5714735561518585
-50.219388438830634 41.709798366805394 1.5709028748442342
-50.20824374087516 42.721840002309605 1.5837541649455043
-50.24490424264268 43.7392342382009 1.570857409438103
-50.25261614685619 44.71917250716572 1.5788209646365239
-50.24874244444134 45.714181976553114 1.5713171743332597
-50.245682728134504 46.70025215288344 1.5713112504072582
-50.26107395385246 47.708373107730594 1.5733291250439725
-50.26691087772808 48.738060498479555 1.5692017922488875
-50.239534641369694 49.71463162928604 1.5774183771501418
-49.22894483465331 49.7064821362346 -0.0010786637902830258
-48.253960823159524 49.718755634860024 0.0006801734773780871
-47.24304880965347 49.70749889594014 -0.0063926056697162755
-46.261485465284 49.709690217125384 -0.008107234523042819
-45.28381012399057 49.72263533783547 -0.004587336471054908
-44.267716644547086 49.729254838495415 0.0002837231382863337
-43.275527975599815 49.72378194185061 0.0028011407849630483
-42.28314861080198 49.722887239199004 0.006141028636271156
-41.268727664144414 49.74215866171472 0.012291229196407322
-40.2809650588754 49.724004467508045 0.003084549777927705
-39.267107282280385 49.734928229233645 0.006413141685811246
-38.273302685230355 49.74931481881678 0.005683998679685788
-37.26586532449034 49.73872399624554 -0.002010535292618581
-36.28015664618682 49.7199068648751 0.001291446138607616
-35.28327832026193 49.72884421791984 0.0056308207470358316
-34.282319063289016 49.74646295273869 0.0090380770948963
-33.27018270380975 49.74847102065832 0.0029653429719341106
-32.27066536625361 49.730189988716 0.005314307251871392
-31.296447534020576 49.740356032604794 -0.0036706878581594113
-30.27736108948802 49.751314439794655 0.0033427366921809074
-30.26127092188577 48.73269662867927 -1.573429598965741
-30.28469617201804 47.73852657273297 -1.564647797546894
-30.278594061045066 46.73856143053903 -1.5654323402225492
-30.248317149226466 45.74219797947414 -1.5735992265567775
-30.23447681419147 44.72098825361205 -1.5797032684711818
-30.248738232404346 43.73154991089331 -1.5771926678635049
-30.249527408130295 42.7759259872642 -1.579368930982567
-30.228871477906786 41.806959068616216 -1.583006562084777
-30.24906638412265 40.78710264181653 -1.5936007424053484
-30.23997255406875 39.78745791786898 -1.5818591871572443
-30.26994318635963 38.79423913994274 -1.5789861024061
-30.255561754661276 37.79151955369656 -1.5812573375102859
-30.254994400075812 36.77445396708001 -1.5773935705182034
-30.240272511735903 35.788146980698244 -1.566455720469023
-30.264495593057237 34.795223087367155 -1.57804324568249
-30.261267986442505 33.789289824257516 -1.5728247503111028
-30.26003507072888 32.78850590323402 -1.5608038204126238
-30.251621752520588 31.77216182634669 -1.558100731786842
-30.24115212883126 30.756576381665198 -1.5602248799527048
-30.21551509290533 29.764478925355295 -1.5605411836109637
-30.22570926371601 28.786577519463304 -1.570198403372097
-30.22220879020575 27.78814050127983 -1.563109752313393
-30.249870154879655 26.813096669139693 -1.5378619697258777
-30.211320658459087 25.796005493791952 -1.5609567292786688
-30.235266437980357 24.79206301414946 -1.5738318210161037
-31.21976004047374 24.741762556723607 3.1387308600163673
-32.23690951715695 24.744424444138964 -3.130235747140867
-33.232963033934986 24.759183860123663 -3.1203975324774254
-34.18498253144433 24.759869304233852 -3.1279395621416914
-35.16857210387474 24.75367832962643 -3.138269319263935
-35.17349156615132 25.76548444497042 1.5717917730089912
-35.152590237719174 26.785351815184434 1.5786266453069302
-35.16847905171896 27.784094496037845 1.5737374183078185
-35.17944440713718 28.76167120265919 1.5717218573729752
-35.17730368283879 29.766817451815175 1.5858929419260774
-35.18938355664153 30.771894593020086 1.5725229439314676
-35.19081731077182 31.775463338538508 1.5691809280949178
-35.202556363107746 32.78001402790668 1.580709210923699
-35.24692539700598 33.7756339547123 1.5852367478916258
-35.23984567786413 34.77694464902824 1.5837287689836728
-35.25792979799749 35.765039746827725 1.575927557944587
-35.28093560640255 36.77230043354534 1.5807282071833268
-35.27233454098046 37.75329237964542 1.569259859975592
-35.260139835082356 38.73521904014937 1.5771481821516542
-35.27711969245009 39.73619729946135 1.5724221630602748
-35.28128916254964 40.71828732391489 1.5749575833185965
-35.27911437925951 41.71897617098435 1.5735631871536322
-35.24588232734801 42.728740329185264 1.5679378129130648
-35.249440827513176 43.75159801900174 1.5742933988821943
-35.237572776972335 44.74417692260549 1.5774515214772926
-35.23381226428739 45.75944063951282 1.5732069433590443
-35.244223335899115 46.728797052736375 1.5791387748602153
-35.268362419343795 47.73947145305723 1.5723865023895862
-35.275400166903516 48.73687996607179 1.576948159297019
-35.30074839156246 49.74337681951975 1.5734345529294058
-36.28395384343098 49.70909092179597 3.138994241641408
-37.27759953267047 49.72775886193488 -3.1370509358378595
-38.282127363063445 49.734489750490106 -3.140417021343032
-39.27612192793151 49.72711029620119 -3.132199630860975
-40.290616975776146 49.71691840015234 3.1406088796232807
-41.268813215537456 49.73020873289243 3.141125535893829
-42.26468844757418 49.72724288510715 -3.1366962512799557
-43.27464984518786 49.71406016686014 -3.1389635951034145
-44.27275059732948 49.71688875463175 3.1408370214420893
-45.28102119687826 49.70736418669652 3.1404906391540157
-46.2670365349626 49.72429144212795 -3.1395698368136937
-47.25796662634745 49.69968249212452 3.1379875498720855
-48.27701555517734 49.71747839116427 3.1380156275037603
-49.27301283633609 49.716741274051834 3.1383661229832587
-50.26526831296309 49.71320333654691 -3.1331020673261354
-50.26704224542207 48.70160800689003 -1.5622159056898957
-50.25492964672398 47.690917377659645 -1.5713054271828921
-50.2504030451835 46.711292183377566 -1.5665285072063746
-50.25014418842847 45.70943907481484 -1.5669826159523592
-50.22873761318092 44.721767779122935 -1.5612008315987926
-50.22259547876987 43.72306545781194 -1.5638266829017753
-50.24645372768813 42.70186428732469 -1.5600568672699107
-50.25193974739455 41.70952334928801 -1.5601187335558135
-50.243515420882716 40.71115717263292 -1.5698437881227738
-50.227338812292004 39.71651539327056 -1.5581883317367053
-50.21263689441137 38.70323617904863 -1.5535767454538552
-50.21073570240609 37.709659300791884 -1.5623512284810983
-50.20070441633695 36.69749812437894 -1.5662474414502714
-50.203106289397404 35.69464164228317 -1.568327786578604
-50.19678279384192 34.718908793375476 -1.5759781179317718
-50.20034328799598 33.716405140533425 -1.5646826963987033
-50.197233098932216 32.730580944162135 -1.5685145058097583
-50.18842471896754 31.72330318157405 -1.5667118697766234
-50.17519277670487 30.718276836900383 -1.570161350645812
-50.18765205596965 29.725578554699243 -1.564621714848604
-50.195194321067405 28.73628033850533 -1.5690722686519767
-50.19090335589513 27.729921100786797 -1.5774858588521958
-50.15799738460297 26.71252141861578 -1.566305916755356
-50.14042965840218 25.741290313204626 -1.5667284417833536
-50.138230669527346 24.74155215506342 -1.5670681828586206
-50.12641346098494 23.711315193739328 -1.5620302391493368
-50.13765325856918 22.717249567334537 -1.5718124940233151
-50.108936247684404 21.724114266448424 -1.5722697055131851
-50.134947410190236 20.732824237989313 -1.5676315540886865
-50.125336053438716 19.725484621167208 -1.5592222047360234
-50.12382144563991 18.709884636353642 -1.563287819889898
-50.11967120989476 17.702445199547455 -1.5684494868382932
-50.12839649345306 16.67150084027081 -1.5627541426579523
-50.11385459959221 15.695068697883864 -1.5558495938106982
-50.09543999344419 14.687833057501747 -1.56025664575185
-50.072525581872085 13.698506245762612 -1.555132771497702
-50.0405796762058 12.726960548268517 -1.5599817522593518
-50.031208464425404 11.721339715916008 -1.560699662177188
-50.009494418090995 10.735165984999501 -1.5604051159663441
-50.00305164861754 9.736993070561386 -1.5647239259481103
-50.01884529516222 8.708751084893917 -1.5626628703509797
-50.01987060126955 7.6985254225571875 -1.5593807293779933
-50.01268840361382 6.6939114792825505 -1.5689139155024334
-50.0258345532159 5.720623811576748 -1.562991764490741
-50.02141878838478 4.694729209495256 -1.5603545774150511
-49.99219398623007 3.7199911580584146 -1.5661435094198919
-49.97510974043575 2.729477951784985 -1.5702704347433745
-49.98701591659679 1.7303031697157485 -1.5672140418915035
-49.981540531321556 0.7158149688666465 -1.5755754819289538
-49.96270529592663 -0.30041571111600707 -1.577968050965968
-50.00164274629812 -1.2894072161945163 -1.5736517140557276
-49.994651428141715 -2.277415846435614 -1.573930691735681
-50.02780146386471 -3.280760768735849 -1.5711447510728433
-50.0206667962118 -4.251362344566125 -1.5551935552309009
-49.97415286482271 -5.2225363773727995 -1.5394828037177763
-49.9541956495764 -6.270809215905837 -1.559769504517961
-49.96202686531282 -7.297111400244034 -1.5659962212797691
-49.95480555339654 -8.302339773327335 -1.5668286231949957
-49.95816522127475 -9.303828875906058 -1.5653606462171863
-49.94732865171187 -10.297750667079923 -1.561435105290429
-49.92229065431556 -11.283104609351897 -1.564811219410446
-49.939274304955894 -12.278444475829932 -1.5606383660135472
-49.93041991599917 -13.27861596327657 -1.556426180792532
-49.92219225020911 -14.284569922257372 -1.5517420869123524
-49.92155708799256 -15.28085749648442 -1.5603246554574923
-49.90700007671236 -16.292521421724814 -1.5578423652874998
-49.88100540937433 -17.278316645313893 -1.5612879940884503
-49.878206136252906 -18.298005017165046 -1.5791104049475775
-49.87038976678935 -19.318138384925636 -1.5677152983410003
-49.869807888080715 -20.31697150056866 -1.5689766130832217
-49.87743785025544 -21.297302788879577 -1.5564879104351028
-49.84585500759394 -22.28153574951772 -1.561985850677977
-49.84775406734134 -23.270393334207544 -1.5536772149104627
-49.84610241073696 -24.27863920685497 -1.5636494494110658
-49.83411075157578 -25.280147383317473 -1.568476226289749
-49.84737273738819 -26.25469456611955 -1.569173847538473
-49.84813041906153 -27.283415438035544 -1.5612564638497688
-49.81105620586497 -28.278226207154336 -1.5598294782941113
-49.785841473716005 -29.280625685917915 -1.5547453879573967
-49.78571403712426 -30.27710065640433 -1.5682753176360047
-49.78241851220121 -31.272648001285084 -1.567981287342846
-49.792496024718886 -32.286845752729604 -1.5682591350927362
-49.77302584297691 -33.306856982488945 -1.5528764330571392
-49.76263278093141 -34.27825121445911 -1.5554635800315606
-49.73882982775302 -35.28933586916195 -1.5562580995100914
-49.73637112912655 -36.302315878293626 -1.5653916068801248
-49.752294049441886 -37.2739908451618 -1.5603111049818121
-49.746985104809845 -38.26624789293625 -1.5690312836478908
-49.75816970159037 -39.266319143757066 -1.5667114980723638
-49.73111905733888 -40.27572841144578 -1.5713523297925593
-49.73176553281822 -41.289339135927044 -1.5576233587420936
-49.710721201615605 -42.28467091468771 -1.5604198306049688
-49.725696963577924 -43.26770627558141 -1.5585987011345448
-49.71915673626606 -44.26445625851894 -1.5653638167356252
-49.71249080756717 -45.27440165231335 -1.5679023054651826
-49.71998546356289 -46.29365894287239 -1.5705734414739878
-49.70806642808605 -47.29781015035293 -1.5718350003786883
-49.720956340612716 -48.302240515655896 -1.5629704239147892
-49.723144550301775 -49.31300353273641 -1.565108854438255
-49.69426727036772 -50.30376377924523 -1.5633859333928064
-48.71423660933163 -50.28057428685738 0.00282019186838814
-47.69476784285669 -50.28248663548332 0.01836918003873545
-46.69924590950465 -50.2742331539066 0.007294041567701947
-45.70389949642678 -50.24998288116446 0.002693887166617541
-44.684207396248055 -50.26089161675648 0.0006229635997042331
-43.71056838491999 -50.24506521913536 0.011385118631932412
-42.69266656962076 -50.259002875391836 0.0029991089226555964
-41.691900809219995 -50.235400156991595 0.001437242555213725
-40.69059744855529 -50.2335747217312 0.006637704105846542
-39.69525931135605 -50.23114121972638 0.0058459822587985
-38.70512129678449 -50.20533002104049 0.013514972563949184
-37.71422969394178 -50.20452531462278 0.007146023907685719
-36.690493409085526 -50.19419468724661 0.0027271549323753886
-35.70793125848778 -50.20170023499146 0.009328404967351274
-34.69609388302765 -50.17916890143939 0.014415928103228436
-33.69331575030797 -50.16048075709284 0.007490731989616365
-32.70508052665841 -50.17263248514993 0.014648213781054393
-31.699502628833546 -50.16297867408424 -0.0008218963125933655
-30.693502043730444 -50.16133321324202 0.0022488193283095215
-29.685391615308298 -50.15647497582619 0.003159796614687371
-28.700141805874516 -50.14989415895697 -0.006675811003836936
-27.709632676372017 -50.14293082087524 -0.0001486558414734845
-26.704716649266697 -50.13353647266092 0.006811973309627377
-25.70269657676488 -50.151279249385325 0.00408701660579352
-24.70562264505432 -50.147386690433095 0.006081373069018185
-23.69669187724722 -50.1390398238528 0.006431078391060655
-22.69886512727898 -50.12773346060713 0.0030343037025863896
-21.686602533335538 -50.113029451420914 -0.0017345066932225317
-20.705318159070462 -50.11395122317147 0.008414756670748312
-19.717965225609376 -50.10798156888421 0.012122549128697147
-18.73085163416946 -50.11583771992511 0.009095612394095445
-17.707417984940086 -50.10773158278203 0.016679968129642765
-16.698480108003096 -50.138959044631534 0.007200737254325328
-15.710724119497748 -50.1166115143795 0.010181292922752385
-14.717491994249828 -50.08606952477599 0.008781275599921258
-13.729198866086465 -50.08818451475586 0.009117507010267817
-12.699949700734479 -50.06617271962371 0.0028679312270458467
-11.704946517270196 -50.06900983421964 0.011671258904719841
-10.699154127701169 -50.057695704946305 0.014274837787723104
-9.692128491284077 -50.04658211411328 0.0068626742405964
-9.69470638405129 -49.031279685020316 1.5688740849558693
-9.711532417952236 -48.026639599551295 1.562071253662188
-9.700581971930932 -47.01724079354859 1.5725513879032322
-9.684428717413633 -46.046315731948695 1.5823258525649908
-9.678621427971912 -45.06158120020056 1.5882761475653564
-9.694734393020061 -44.057162380827656 1.5815545591353508
-9.693431706620762 -43.032418949938894 1.5851301395556772
-9.728697170538926 -42.0579545600322 1.5813576858207876
-9.723711682075173 -41.043512362145734 1.5819053357601702
-9.727493009067807 -40.07113716187885 1.5802210975994457
-9.740149333469597 -39.06468282171684 1.5792168908138906
-9.750320975358079 -38.077532955462594 1.5817716432220637
-9.755492158100477 -37.06088217858655 1.5850117259005445
-9.748422876965936 -36.06508600524975 1.5869816818921862
-9.753953805635618 -35.05120824987002 1.577876119745034
-10.756456443694672 -35.0734345518451 -3.138697568741229
-11.76246876899722 -35.08749712616528 -3.1372426718177135
-12.759583944079196 -35.085072128184436 3.140912042838619
-13.740689895661124 -35.09603630118678 -3.135655542690019
-14.741592428431833 -35.121351107757185 -3.135379664556117
-15.750533564292697 -35.13491100625398 3.141246562013921
-16.737310623125502 -35.114459877169566 -3.1267989434458983
-17.739492779540114 -35.13389005404742 -3.139055829464839
-18.730401989232373 -35.125655109597595 -3.1331444160908632
-19.727563628789607 -35.12742807586969 -3.1344024755775113
-20.733046423174407 -35.117068108761146 -3.1351972612688583
-21.739277925252257 -35.132409705772886 -3.130981593211237
-22.739883306186766 -35.15488327007099 -3.1187263058383716
-23.72311738175201 -35.17081759909452 -3.1258867655793443
-24.73020987826682 -35.18023184811008 -3.1394594709054697
-25.747360691261292 -35.18540109790596 -3.1372546222643427
-26.737533202016127 -35.18644901946483 -3.130209969169575
-27.732325291167292 -35.19945747428926 3.1373740982303864
-28.71730919913528 -35.19702789535523 -3.133539261604452
-29.731191358415103 -35.204823036000526 3.140558758832978
-30.722192395084818 -35.20786919690474 -3.1284867763372404
-31.74817576627323 -35.20335381542573 -3.132357964557769
-32.749116941771995 -35.219368869309804 -3.139572839608872
-33.77871584136133 -35.21129868254562 -3.140603246106838
-34.771302766115944 -35.2198100565078 3.1404758056136886
-34.774128007529455 -34.211287112782905 1.5572083474806515
-34.7529222251134 -33.20811289521238 1.563369638508157
-34.76375738368219 -32.2019218788793 1.559368496421574
-34.77310150635828 -31.21494658616621 1.5630394396913552
-34.76988940077211 -30.20055696558462 1.5678865156576398
-34.7519119240327 -29.21083745810469 1.5759667237564272
-34.77130125919351 -28.18984487516284 1.5772481414977833
-34.79116590138104 -27.189668525568784 1.5719254103066946
-34.8079532294615 -26.199001408275237 1.5711071217207384
-34.82839137805139 -25.200343808876156 1.5792837701539466
-33.7991518304091 -25.191231369434178 0.0076733168009762405
-32.810474050958476 -25.190554162456976 0.013728200764077913
-31.81415200588286 -25.172964959625634 0.022342756721857527
-30.82215409503563 -25.197049017590015 0.02053225877979466
-29.79641951849802 -25.17032867941879 0.005184331502305643
-29.818861228549995 -24.171187486798004 1.5666709568764436
-29.82248866128389 -23.18784828577298 1.5607532638682065
-29.837425411838996 -22.18495864738637 1.5746837752894716
-29.845507118405465 -21.205040972041242 1.57868650821399
-29.84954424956414 -20.190798781899723 1.5815635056022224
-28.836434177393873 -20.154543748743308 0.017810868193577693
-27.87136599018429 -20.16834133587144 0.017546426783773366
-26.888539438601004 -20.15753858626422 0.016974384509784706
-25.86398303463254 -20.144633017245546 0.008281647629902859
-24.865493166992472 -20.127775200521445 0.014232214702876134
-23.86393726226383 -20.12794674865002 0.003932014863295853
-22.877302294574832 -20.119883709387956 -0.007408425818162483
-21.88804429656153 -20.127344493750932 0.017106215602447048
-20.87728816447273 -20.098072409721542 -0.0023444081773521305
-19.875256411854743 -20.10487227713842 0.0033876479111260784
-18.854086049403765 -20.108217929751063 0.008999708643893718
-17.850275519303693 -20.090524052662477 0.006698460514918054
-16.849912114387447 -20.109461587097954 0.01287559166482764
-15.87067288250532 -20.102717680965448 -0.0003521743743245199
-14.862277304741585 -20.093692512958366 0.008346262333056867
-13.866718760422518 -20.087234125536014 0.006476390465116833
-12.841731456311543 -20.078243726890573 0.00388038738465483
-11.854803554107132 -20.062747347932476 0.01000282146589745
-10.858927282967766 -20.064094073630816 -8.701416803716489e-05
-9.842995189902657 -20.051077156722236 0.023185324197472525
-8.830765308515616 -20.065693459014334 0.010986811824185596
-7.839428562882903 -20.059803276961357 0.022689213735643737
-6.83960183799742 -20.07263265451763 0.0105094616785457
-5.853181403072517 -20.066267605301164 0.0075447831699664404
-4.8537549356674115 -20.05202614787675 0.01624815943620425
-4.851986321704802 -21.027664804689447 -1.5634344732622496
-4.829743136094202 -22.062378305425508 -1.560605837152021
-4.815025013599136 -23.04589789837333 -1.5621482547646206
-4.80547432262184 -24.06088323225722 -1.562501217393471
-4.787997917649576 -25.04382526569553 -1.5639099728745656
-4.7943682551642315 -26.02801164622594 -1.5613296717016647
-4.796046459999697 -27.029022814367345 -1.5615736685140018
-4.769610352162636 -28.012220153475113 -1.5693701895414875
-4.803480527544487 -29.011163557675232 -1.5715309239189192
-4.772745620636716 -30.010667456199 -1.561427743321227
-4.756981777866516 -31.02597529624275 -1.56484528929248
-4.760193825690805 -32.01564482267218 -1.568176599953667
-4.758538725631211 -33.01345234937647 -1.5685979762516213
-4.7324963527486466 -34.02112261671316 -1.5614347824765757
-4.742079122416672 -35.03129189794741 -1.5641508490671256
-4.72920998604936 -36.02311563761231 -1.5618924790640982
-4.731839615808352 -37.03057029473754 -1.5600575409413149
-4.745877921856272 -38.02919297341078 -1.5630614633149305
-4.739332437218169 -39.04221705999558 -1.5604667564067483
-4.766506232453647 -40.014398404118275 -1.5555562925752842
-4.743419594555962 -41.000316103957644 -1.539411454574372
-4.720885028613559 -42.01190703718687 -1.5547696090268295
-4.6888301812935635 -42.9845665393516 -1.5635744935549616
-4.697253505101239 -43.98695729059814 -1.5781848549242998
-4.714977427651923 -45.0243694307098 -1.5624255123896205
-4.697323990686481 -46.0126130701279 -1.5644492074112504
-4.689191519898887 -47.006632819298446 -1.5568663441011892
-4.70279451743694 -47.99351530536035 -1.5719589496983888
-4.692786980981484 -48.99419859300904 -1.568928847958454
-4.689526629009607 -49.99131478256612 -1.5625363095939084
-5.692137040485618 -49.97869894145078 -3.1391266562178286
-6.691568326840354 -49.98757049226666 -3.134081934717334
-7.695672274912491 -50.01662761140588 -3.1350519785425344
-8.681774115148873 -50.02890396458247 -3.1333180727107264
-9.680774902650434 -50.05101052782196 -3.137797178611849
-9.691865058917353 -51.039262613249115 -1.5697331416934202
-9.666651438153652 -52.048673565479504 -1.5543460588325235
-9.671536591235212 -53.06138249007486 -1.55773994413953
-9.652460150751796 -54.06222481162219 -1.5582219126217327
-9.632315615651876 -55.066797903740586 -1.5622765514177168
-8.642483821766888 -55.059113027613854 0.01093656243846328
-7.655578928164771 -55.04411623315976 0.019963810556678147
-6.648913938892066 -55.030683442133274 0.0047193339160374525
-5.646994642756061 -55.02345365568911 0.010038086471496961
-4.617767430768516 -55.00835727252864 0.007517366382859058
-3.618686541085369 -55.00184709398928 0.0016568369162623293
-2.6322576018195596 -55.00081463140996 -0.012825274778149178
-1.6373173397900205 -55.00193152835039 0.007491625184099975
-0.6473064471747024 -54.98434912406457 0.01637783363880515
0.3515456609001096 -54.99465170317705 0.01375083734043614
1.3481380398538836 -54.965964637614235 0.01207459562620859
2.3565327910480947 -54.943440224310905 0.015080030486030448
3.3467224229434507 -54.93620950001764 -0.0018781351755945553
4.351547186344004 -54.935179633196654 0.0025880108873466705
5.353415074965453 -54.93174832580228 0.0008336712407876794
6.333702386954268 -54.91141826110002 -0.0009453739748345245
7.328038315734831 -54.9083728109328 -0.0004816486702004693
8.305377635203149 -54.91682663038488 0.005273226992590262
9.334012626995861 -54.92777005808287 0.005788220093299045
10.331423201113644 -54.890818587372124 0.0041654650542689775
11.340571395782943 -54.89287224430131 0.020082880118095104
12.336539024059297 -54.87977100467686 0.011058440137971852
13.332112049725932 -54.867240517288025 -0.004133040932018588
14.346320640225002 -54.860600924730846 0.00810183542266013
15.349655126300378 -54.84270239094347 0.011867707880259593
16.349067167201742 -54.84396619499592 0.008732355132526362
17.3622194381634 -54.85428489412464 0.00879872203092364
18.362101636641558 -54.8318724107061 0.01568821153385646
19.325688961983868 -54.81353670577953 -0.001239980189893447
20.315260908615503 -54.81231541506193 0.001796714634483204
20.334516368253635 -53.827004627341935 1.5702648615419552
20.358431773141255 -52.8272942066768 1.5781227454251032
20.33723983085977 -51.82129763915225 1.573646540002485
20.29182067896003 -50.81217377273996 1.5722464159793665
20.266058855651785 -49.80110448786797 1.5821605123367994
19.266472448276264 -49.830863673834045 -3.1381260753493185
18.269398416396633 -49.84801803401506 -3.1344313181654417
17.28818594899979 -49.8510441467 -3.1400597296840007
16.289750260144597 -49.84929917384951 -3.1335044805174714
15.28602885301897 -49.84579881850805 3.1411768598000678
14.29869791920219 -49.83357012635965 -3.128239069808438
13.284695298517402 -49.858018799022716 -3.135865619796754
12.294626393362135 -49.8569375419506 -3.132119955572703
11.302413074586987 -49.88140379892773 -3.128043401873214
10.302038447625465 -49.87148584664199 -3.1362397519281298
9.311134122520405 -49.881694134837446 3.139559381454861
8.318474761427169 -49.90346742756065 -3.1387919344655963
7.316124699545909 -49.91484707782698 -3.13055196658566
6.302146747097076 -49.92987091452383 -3.125383579952123
5.293733392967142 -49.94209384531179 -3.1310221273356413
4.307372772600138 -49.95140651767003 -3.1267599806171407
3.3006437041525567 -49.96303499348914 -3.134857171937072
2.2938607178334043 -49.95985429915745 -3.127468559011856
1.3065615916695168 -49.95186998902639 -3.139424607748781
0.31141772960319375 -49.98266982257316 3.1388482102614894
-0.6946412086357916 -49.97330725303881 3.1394424074973237
-1.6818623906454224 -49.984363655005076 -3.1399419630054948
-2.6768090403873104 -49.97827542221727 -3.1392383229282586
-3.683306694512938 -49.98686549452673 -3.1261958902424816
-4.677713182744726 -50.00486456436654 -3.13449180041363
-5.685500490775652 -50.00247401195557 3.135365320705744
-6.692292771014949 -49.99993724686227 3.1364366415860063
-7.699012004795899 -50.0067204229299 3.1410908160805913
-8.691213476607125 -50.02314396892863 -3.139297010719197
-9.701860524650119 -50.03327029310767 -3.141544342309326
-10.679107323795487 -50.03999072069835 -3.1398251351064568
-11.698350860496339 -50.066094778110276 -3.132786681447067
-12.682688117728297 -50.08193311331836 -3.1312900343662418
-13.693557799620937 -50.06637290653262 -3.1331085189078745
-14.729159644879015 -50.09571279738627 -3.1294199576804593
-15.709747405718343 -50.10013124774232 -3.13318769590911
-16.723299254266312 -50.10770479342796 -3.1191466146317537
-17.72026575299623 -50.11665286175034 -3.1310613813559938
-18.735528891258205 -50.106202744857946 -3.130963470387846
-19.737226325943716 -50.128482606854 -3.1282112208113153
-19.702057853088398 -51.125385119714736 -1.5632768266848054
-19.661898602502248 -52.09889188804985 -1.5715409030718055
-19.65762039882385 -53.09358964811752 -1.5681988161919043
-19.6602451761448 -54.12314787200278 -1.568217807657753
-19.668221285469894 -55.1262249662159 -1.5731232384738802
-18.663564970882433 -55.11637894134467 0.017392407624042656
-17.63991027055835 -55.09031983742514 0.00242669097561111
-16.660754127771224 -55.0893875232333 0.01056833834428855
-15.655360679322762 -55.09417858373933 -0.005791971105093506
-14.653415887185307 -55.09405510105307 0.005151519338730654
-13.634948739287491 -55.094091525175216 0.012787551071842743
-12.646460454172226 -55.064112431686205 0.007933362611134958
-11.643915553338825 -55.05520583684287 0.010627295825761421
-10.644477677466808 -55.05440368437782 0.004593438050757993
-9.63250102623716 -55.05835643265264 0.004307012539092173
-9.64030784773027 -54.05908328419747 1.5754665371297465
-9.665964789184443 -53.06430608520375 1.5778769138088944
-9.679960233609348 -52.06487689019665 1.5778903535545805
-9.691226758407366 -51.03752558737689 1.5764803447567108
-9.71602450221218 -50.04109966528392 1.5786900229911283
-10.697981302068712 -50.01986773915087 -3.134791566098114
-11.706424327350438 -50.03708763919135 -3.128609329288634
-12.68169211531881 -50.06405002881897 -3.1359349735711697
-13.709890470830137 -50.08431206675587 -3.127209110037145
-14.705211619715595 -50.09810875540424 -3.1321056666360247
-15.691998476383212 -50.10665173641381 -3.1297089620326397
-16.697905787053795 -50.127426507854395 -3.1350718369647534
-17.717137540234543 -50.12943337265485 -3.1216834195254846
-18.70663363052924 -50.10900276623182 -3.134286547729234
-19.715687715771942 -50.13346540170071 -3.134433730725304
-20.717169834680845 -50.14096444906474 -3.1196153756189453
-21.719485556162194 -50.150870213176596 -3.1333834358967905
-22.71947299268969 -50.18393499981644 -3.132963129937305
-23.73916911730208 -50.17889270844954 -3.137923316381735
-24.694844558909793 -50.1611294096191 -3.1403741466881003
-25.723803469894204 -50.15159201835813 -3.1301828048307536
-26.735261496368267 -50.14658322343627 3.1306766627639866
-27.728319328590402 -50.148460637410615 -3.136475334769996
-28.699734888229102 -50.14926407370347 -3.1324331784320685
-29.69448225484607 -50.15071546881596 3.1405526507938686
-30.6958769485434 -50.15791030986678 -3.1393750706598396
-31.689109180027565 -50.18283240185656 3.1397155216212003
-32.68713795641582 -50.17996309032539 -3.1410277701699787
-33.69743557239673 -50.18714896576818 -3.137925042585099
-34.73000820415323 -50.19893391304003 -3.1357975251880883
-35.70465608480235 -50.18610700588669 -3.137829351216684
-36.69589959493797 -50.20975227166775 -3.1356718423339935
-37.697427287382 -50.211783215551954 -3.1324741565387404
-38.69376273657732 -50.21476606783657 -3.131649059318018
-39.70071490052127 -50.21804067565298 -3.1286352281054475
-40.693593902730335 -50.22264249783801 -3.1379865528541817
-41.69452277786142 -50.250894713267115 -3.1362486758412786
-42.68834581598947 -50.24351902213012 -3.1351440388972582
-43.70306569764259 -50.24977327311679 -3.121681544476129
-44.698336559262025 -50.26264958895248 -3.131970948856034
-45.67885555019053 -50.26431294042556 -3.1323561949386347
-46.69285563659739 -50.2706713957559 3.1297259511887408
-47.70318811480818 -50.27704925721911 3.1309724563869397
-48.70028561237105 -50.279097280014504 -3.137142436576697
-49.70923432453923 -50.28139991529146 -3.1364000651758586
-49.682548721209905 -51.287962894568544 -1.5657644540539049
-49.69092542712766 -52.295205078124084 -1.560264175876487
-49.66742278027936 -53.301169878941955 -1.557392818075981
-49.670114772697104 -54.28817160631577 -1.5668934447569127
-49.68872581893775 -55.28951029996128 -1.565799877340024
-48.66815786118187 -55.28642123497468 0.007646185099961834
-47.64726525417243 -55.29152188429027 0.01699292019531161
-46.674753417614696 -55.271286365426874 0.013013040843557176
-45.65560072952893 -55.268744868190666 0.009931905305205734
-44.68456521032097 -55.2730811418206 0.01219704305547685
-43.68874697023268 -55.27977809814439 0.006025989873585207
-42.69061577914186 -55.26177884399076 0.006128491323513656
-41.653602835674995 -55.2647965782926 0.009129371173775548
-40.63477656195004 -55.264500173234296 0.01184293414782995
-39.6907021272547 -55.22753415190535 0.022598504241626034
-38.68691437946724 -55.21492955259887 0.028206465800438
-37.653178215793226 -55.198805377603534 0.020355862231490898
-36.670288296720415 -55.173381480301714 0.0002117973605292213
-35.650385897941774 -55.17883965935449 0.014196972191812244
-34.64821200601749 -55.17351021083785 0.0036074150815990896
-33.65199732730169 -55.18387463633267 0.0030718129341683396
-32.636035032613115 -55.172846074311245 3.7742536693911954e-05
-31.665748197958013 -55.18794461445813 -0.004606014732833192
-30.66641589599657 -55.16230329687052 0.00480310487445274
-29.683153251404754 -55.14712602378368 0.00716340693048269
-28.66349370579527 -55.16010333301712 0.00268387895431177
-27.67786707450558 -55.13738416541641 0.0014412780721743514
-26.678950211935096 -55.146730749907654 0.01024051721915126
-25.684698726708408 -55.15931241077488 0.006621387424345789
-24.651785876897122 -55.14664440626561 0.006369351198457701
-23.671526134410374 -55.149043504341655 0.0017310429034337069
-22.65918059866158 -55.160790844661186 0.0037490763542585084
-21.647116430658834 -55.14657411386473 0.015215512191350897
-20.65522575921897 -55.14307482152704 0.015411424301770055
-19.66392203163745 -55.125057018723375 0.0004013537209545565
-18.654565114403564 -55.11746194356159 0.009244127907206683
-17.65975056346112 -55.095133718346965 0.010167169435126449
-16.650388042476465 -55.09721407029644 0.0024393515847813177
-15.649351435446903 -55.09383098086115 0.004840348740178007
-14.659160825244818 -55.08058911472421 0.002398898675378136
-13.663874618001739 -55.08837957277838 -0.00637312142257329
-12.659631695321671 -55.079452738863964 0.019111026452165596
-11.646648766795844 -55.06697078187174 0.015135675497719877
-10.639852691784043 -55.06308724856354 0.018370941648980794
-9.64579664087905 -55.05729966890816 0.013261409892789795
-8.634200524597622 -55.045857832883165 0.013742155746864465
-7.6378330286471225 -55.02417695621167 0.003031456707170892
-6.631866101420363 -55.02318747764234 0.017145629533009764
-5.628087172344102 -55.00843472194211 0.01839146532120364
-4.647867758972795 -54.99790111334336 0.009833242015650197
-3.6401172531449553 -54.99512696892063 0.013740275594125358
-2.652161858340298 -54.98629233084716 0.006186023693241958
-1.6355458264992575 -54.98329680575352 0.0013980215402561802
-0.6458586990262932 -54.98198012552758 0.010547345798352852
0.35896452678252094 -54.98339588864518 -0.000967901715881432
0.35789605244753414 -53.9749798880421 1.5787490185423458
0.3166733331398561 -52.97438006310427 1.5799406978656938
0.3025535332302588 -51.97140350598674 1.575160470656597
0.3325598451667151 -50.97325976264438 1.5798271266636699
0.3127188699562593 -49.966763912859705 1.5771912640914307
0.3057481068977731 -48.96330584717094 1.5671253468780282
0.3209283015638952 -47.95421492275288 1.576522250316316
0.3223940284871881 -46.98491923214426 1.579589874334726
0.3119462737015074 -45.98828128289086 1.5746065857537765
0.2860133134339691 -44.991827186589944 1.5766340733062256
0.30772340793182407 -43.99588921784546 1.587980213337299
0.28553180484378765 -43.00150156812773 1.5848292065738743
0.2669118874522066 -41.99721502650847 1.5896823644813662
0.2669279052927783 -40.99835003661069 1.5892178946613122
0.25680259264111605 -40.003749314258506 1.582974363621552
0.23187215319096 -38.994093414924144 1.5798622941409264
0.2257254160256577 -37.97294733797842 1.5658761790279334
0.2349056504660903 -36.97583857409891 1.5744648558680268
0.25261143038295425 -35.98932661190045 1.5735342692454737
0.237711204823519 -34.975434045998654 1.5794189351371342
-0.7774719866602774 -34.987304590472505 -3.1272905512759324
-1.7589127367543735 -35.01040798161368 -3.1308654427454776
-2.717295830270594 -35.04467470417865 3.140989701006027
-3.7572428641156552 -35.038648885252336 3.1406475995351824
-4.73868100415472 -35.02631079864337 3.134210035319819
-5.752998130848254 -35.01122699802479 3.1277959688268204
-6.742386546320548 -35.02074675099199 -3.1332892662225067
-7.767722484029171 -35.03212949825254 -3.1376360621979464
-8.739939171347556 -35.05486606491232 -3.127131586531477
-9.750318821725191 -35.05687678530771 -3.1392091691799076
-9.752433525680594 -36.056285525935024 -1.5654335519061076
-9.753487051259198 -37.05741272951855 -1.5683839621094309
-9.738477360230489 -38.062736703312105 -1.5640391171558443
-9.720249998313848 -39.04856748307366 -1.5686201092883054
-9.74416774718797 -40.06399726107603 -1.5555768520340194
-9.729860159050958 -41.04400709026471 -1.559903014294352
-9.725467796437327 -42.04902992419726 -1.5635671737186243
-9.720480338308393 -43.03888244228281 -1.5770622158089371
-9.724610193951587 -44.03531966525681 -1.5713367567914611
-9.71535361142296 -45.037100749091536 -1.5667805290025607
-10.72741918686046 -45.04238536217666 -3.131592036893943
-11.697641526214971 -45.06852209036151 -3.129741345032109
-12.70380131269683 -45.07929851635577 -3.13241982616766
-13.724926273261126 -45.08756257229546 -3.140561552647414
-14.722406941658088 -45.129658059328875 3.134069479788
-15.714018314321425 -45.118858550720354 3.139669331331914
-16.701507356839713 -45.11713631059065 -3.1351706907995367
-17.70476061251335 -45.11871380166605 3.138949515926418
-18.716208913462296 -45.1410328287963 3.1403833637056136
-19.690643435337062 -45.15520858409953 -3.140896001627163
-19.711604243195325 -46.159687027907246 -1.5701126938755021
-19.72471711765248 -47.11719418464657 -1.5693199997092184
-19.731541086550276 -48.127223301263896 -1.5693189932594966
-19.733967083314216 -49.088546333706205 -1.5585761631799717
-19.727066768104233 -50.11487349346287 -1.5597032056921842
-20.719004197130708 -50.130540001940076 -3.139415705896768
-21.70609086134058 -50.135499156248024 -3.1364218856071138
-22.747859605014543 -50.153455755901994 -3.1396733038744897
-23.723579466731035 -50.160725496850155 3.135357898084645
-24.70487976622796 -50.14164451297257 -3.140986582045381
-25.705484957302193 -50.141776474007706 -3.1346815222399234
-26.69277865488939 -50.14584275684454 3.135688597667709
-27.69726919513598 -50.157413724796896 -3.1415088555688535
-28.693495648526753 -50.156106511261086 3.1389304642143756
-29.706651875235977 -50.14847182936819 -3.13754484457604
-30.71123622575793 -50.15693348233758 -3.136131287191437
-31.698564485305617 -50.13705434352442 -3.1305532543458163
-32.683213822223486 -50.1527448200687 -3.1411152713236037
-33.689723158112926 -50.15887841049426 -3.134912899960031
-34.72026520509517 -50.16951753863657 -3.135980025025853
-35.719007439781905 -50.20368434704834 -3.1270629022799934
-36.71593374801226 -50.203363217304435 -3.1311213347059828
-37.70234989691043 -50.19691494080315 -3.138148503341444
-38.68417227286819 -50.22646413162097 -3.1340338613620116
-39.69729711911086 -50.21080640833815 -3.1368945516281297
-39.69160721289093 -49.22575604472471 1.5865147763640042
-39.71926018219203 -48.24617660263686 1.5840819235347936
-39.72806299957269 -47.21603664176074 1.5797423379597237
-39.734166129482404 -46.22424059205465 1.5770211861311498
-39.76056530799045 -45.239901556360984 1.5717612718020315
-39.74940326658624 -44.238224135311 1.5753804421793176
-39.751525457940936 -43.22100976060772 1.5769488320981342
-39.748826365211244 -42.204761131859065 1.5841325290447892
-39.73302581878859 -41.21672004003809 1.5836066843518302
-39.7503253338057 -40.20363617928734 1.582937336170545
-39.74834245163279 -39.218455972325124 1.5768443325369517
-39.74756459886184 -38.20798377027718 1.5763636638176028
-39.76665691093563 -37.20796399597755 1.5701038385989543
-39.74619038395989 -36.22251937331252 1.5736386733680137
-39.74882083636224 -35.20574752986877 1.5830897711438963
-39.78312979009002 -34.23435441091251 1.5821394206930892
-39.774259372897504 -33.24265198333523 1.5764232760727912
-39.788616133706356 -32.22454804160278 1.5827939962921747
-39.820664322370156 -31.212195816010258 1.5742195935125347
-39.79932332948552 -30.19920518089668 1.5665487308169983
-39.82578371248067 -29.206756135788066 1.5755473902395447
-39.804035657525475 -28.21490962464257 1.5809291012752165
-39.812463200590436 -27.23019778722786 1.5830319412794633
-39.842248937701626 -26.22671875225081 1.5863590041791353
-39.862353288051175 -25.235491508175482 1.5859718585183848
-39.8837192424245 -24.217364856105235 1.5902178843346335
-39.896631312780116 -23.24398036112145 1.5799164424817191
-39.93130763127472 -22.23444120529811 1.5941691794568182
-39.92344076815963 -21.210227860990333 1.5841802876566895
-39.922207424181344 -20.202704648412247 1.5760992288070794
-39.92854713864399 -19.219910754049703 1.5719750029694088
-39.929905702323175 -18.213510088990954 1.5719101275896552
-39.91650046832479 -17.209830179778674 1.5740837557966771
-39.89621173960393 -16.21759458091479 1.5713234992195242
-39.92218231549058 -15.222468238079124 1.5712024151719222
-39.92976236100511 -14.204075610152234 1.5736343619560549
-39.93955894416477 -13.197780973333138 1.5724020776290517
-39.92965151921604 -12.223454245936683 1.5742731935111556
-39.92454360328164 -11.207438914508629 1.5666568801004763
-39.95360554505253 -10.208437360355846 1.5809334179170973
-39.96523544289776 -9.20475952693775 1.5749929303982344
-39.97961756188209 -8.216642375967094 1.5720303755687943
-39.95697632718134 -7.217043314968636 1.5776217902106962
-39.99630960203933 -6.217426368665919 1.571137703722038
-39.9894862992958 -5.202790031886388 1.575168469467593
-38.9867844039522 -5.208130452285548 0.009640370873257543
-37.99666848370823 -5.197708466337682 0.00653168425973784
-37.000542452602225 -5.208119946116197 0.011472730441114503
-35.97622549886488 -5.21737046784583 0.008816328272273903
-34.981467947907355 -5.2136713977128375 0.00870381608485645
-33.99452204703474 -5.20604491806744 0.008495945951584991
-32.979821108505284 -5.189327561982193 0.006082376089119469
-31.95969060905331 -5.1912041905046005 0.0022023062819979348
-30.97535321644456 -5.186784584429094 0.0033387472028206214
-29.99003127028829 -5.166541159162537 0.021681295829612642
-28.978773238403427 -5.1556331182909565 0.009414758653081138
-27.97691512190041 -5.1504528614344185 0.010970699353665658
-26.97078487802474 -5.163230798816022 0.006336512623088347
-25.972486808563882 -5.1444022641100275 0.005348848578986203
-24.9573497320716 -5.135537771680122 -8.00373315320698e-05
-23.948759574633044 -5.131852294714941 -0.0030352647913164774
-22.962873320692108 -5.152353248435707 0.011062716429131458
-21.968870236298617 -5.127796847718664 0.0006802956914636806
-20.95605310931714 -5.1128191181299165 0.002913196782645872
-19.987528095086166 -5.132685733529325 0.003549615972453772
-19.949900521066613 -4.130502045451196 1.5765262202248667
-19.987831145055473 -3.134868825876856 1.5904926292134853
-19.996737181818606 -2.1305167765349124 1.5947740318242918
-20.00113684107122 -1.1221153077247772 1.5821581262215012
-19.989419608494558 -0.10532910871302203 1.5724365698399962
-19.971859071060877 0.8932546363409029 1.5706113252715161
-19.977042787233554 1.9046923973346992 1.5631815230113846
-19.992410810016143 2.8989634036326706 1.5714058676127554
-20.001386862606722 3.8815114841641356 1.5734277149108795
-20.00623104204397 4.89905281971873 1.5718626723520968
-20.00129274566678 5.908502764346767 1.5713725379829857
-20.014043399863937 6.918928311044556 1.5743040062922837
-20.002199605758218 7.896775197535085 1.5786670699610654
-20.03188640494712 8.88451591004165 1.5908051184774603
-20.046201952317194 9.867402052565522 1.590446746623242
-20.055306883734104 10.870252383866816 1.573935605807962
-20.062006510111374 11.883308175199401 1.5854225274414477
-20.071841427904182 12.89569643085776 1.5860186380393368
-20.11199500491396 13.895852273291084 1.589039453748275
-20.109349892287845 14.890770303250935 1.5801188067028806
-20.12313778593555 15.879976718182121 1.5654143690830107
-20.119235154618174 16.858258812749618 1.5735408900387793
-20.112781903706384 17.843499035879095 1.5666031268093592
-20.092411992259176 18.83150202468689 1.5674643056692805
-20.105926490099 19.818512838026347 1.576354475078821
-20.114142673227207 20.812261022096507 1.565726087064928
-20.13268104436084 21.82325857073285 1.5735481706893049
-20.140971744466878 22.824177063362786 1.5787047462856982
-20.131960335498846 23.82313922048971 1.5837695889126058
-20.16636978669408 24.809736211105466 1.5731319736742662
-20.175343574574768 25.777493880009402 1.5695129523607152
-20.165815537980908 26.788613142988098 1.5705640129465348
-20.18158321935284 27.79343499901799 1.5715401836297156
-20.186306857911294 28.780448870314995 1.570530039880555
-20.21746954452295 29.790735861040222 1.5672617610345858
-20.204039965485805 30.763498020875446 1.5611760659253728
-20.198367680859423 31.788161383716275 1.5666250131223558
-20.169572340852813 32.771369157863255 1.563950925177536
-20.22095772038172 33.78644837706785 1.5578200842602383
-20.170991836244138 34.778498851075476 1.5613778154352411
-20.18179955137704 35.77680054230811 1.5718039601732108
-20.183297254868126 36.75096657119919 1.5736383056017702
-20.189310391104364 37.75296499099443 1.5727395954867973
-20.19047729363112 38.73458833815195 1.575896102138364
-20.203854735930484 39.76087252416885 1.5697770357060103
-19.202565140779853 39.77858111394296 0.013330860510100994
-18.208005093448357 39.80932384042138 -0.000835045687933292
-17.22997246437574 39.80686407594034 0.00983609442137549
-16.213506276457682 39.81410572347322 0.014688028495960136
-15.228786048563496 39.82216437430975 0.003331222832911613
-14.239079245857106 39.850467908109174 -0.0016693150620225431
-13.235947954085994 39.86313586627186 -0.00966792481209966
-12.244336727786873 39.85127785507843 -0.0006062931189267672
-11.256857823507227 39.855320665381605 0.0015436360835419005
-10.267559777226808 39.86607129328022 -0.0036947280364667536
-9.24728789164038 39.82857616877323 0.003640540323404328
-8.247644436574872 39.85567640126822 0.013367753773404647
-7.243096811643702 39.8863392895747 0.02257156514739868
-6.240853290034046 39.905956573518296 0.01583066392886397
-5.279871975281959 39.91480791253101 0.02192145082183855
-4.275927165876773 39.91059562744944 0.01224859460892528
-3.2715172814994746 39.924937111883885 0.018589544139557965
-2.2547982643112623 39.945449371301926 0.00389795645922302
-1.218906891839219 39.96094358057454 0.0007647484050402453
-0.1942196414650506 39.95033604622524 0.011681435460082676
0.8032961392079362 39.97718398716511 -0.005239611974758268
1.8179908743556767 39.987068551831015 -0.0038995217900935335
2.8169050397071347 39.975056441731276 -0.006488742591950836
3.826805217117453 39.978907070690404 0.0012657622090368086
4.806322177378269 39.981138086137975 -0.007356932134866346
5.814242932930983 39.97897879377675 0.008887074253762402
6.817603903254195 39.999315830904514 0.01151276109405667
7.81526294526681 40.00064643774498 0.0037014054216975953
8.83030441536945 39.99568708177852 0.00982244099702656
9.814932182497431 39.992619531488735 0.008970399757094063
10.82623689836911 40.01543331020622 0.009839427859984639
11.824988956707523 40.033117625586215 0.009416340283037367
12.801577600572605 40.02829089686448 -0.004000979217765131
13.810936060409716 40.03257550913243 0.004741281178693011
14.794820685041245 40.035505366425966 0.004152048603087635
15.804699004921869 40.051748950420034 0.012770080724182712
16.822771261768374 40.04402235404099 0.009504810671073095
17.81282259705304 40.066230836463035 0.008233489120915162
18.817575140702356 40.06850806488103 0.00831895269907754
19.843327212165626 40.08973877031068 0.00012985965241289985
20.838981901380652 40.09220497056175 0.002873664474312256
21.810738322112442 40.0923720960208 0.008668875556035502
22.840502318724152 40.09200123470698 0.006179234254038154
23.84723300847371 40.08494355234505 0.004036515471370168
24.851066421287516 40.090744299821765 0.003035369294422712
25.833048138381198 40.076519753032706 0.0029612085637807386
26.839887395267017 40.083313954227954 0.006191692553698979
27.840539226123735 40.10718416037209 0.020565748789815375
28.853817851160954 40.11648089293377 0.006912878843001425
29.86030453855889 40.14076432517258 -0.0009436212477924784
30.856265177101452 40.174950163777716 0.004162587867078478
31.83704754931277 40.2035139160838 -0.0036292409730324026
32.812527551700306 40.20057602307023 -0.0026323688621158296
33.800863166161044 40.223490497344 -0.005392546507107393
34.79160211213163 40.20737134338893 -0.0015793972744846635
35.7945001525299 40.19965399767843 0.005995692000306575
36.78475733727829 40.227864340685294 0.0006967766222453135
37.788494345243784 40.21367864530326 0.0038338502407024365
38.78757807096892 40.203959983007174 0.011754066375039668
39.80500177172766 40.212397284655836 0.0009049535398931679
40.79261127902204 40.21200092669893 0.0017895752760762485
41.78924016409119 40.24908011660999 -0.006567345517807169
42.80032369022286 40.242292982432595 -0.0010693709101167238
43.78612565995862 40.2210759853384 0.0015536360516407396
44.80798017385845 40.22634087355071 0.0031128375627456992
45.82790708413599 40.22859607259877 0.007659154656867076
46.809451173133915 40.24227749873136 -0.001944834047713029
47.81285302625273 40.24096077152259 -0.008833217071191203
48.805778576422455 40.23225977316846 -0.0041228038166601635
49.811952363459085 40.23617758636151 -0.015519642923362172
49.81196860047311 39.23564002700632 -1.579038740444806
49.77095458217631 38.227063635325045 -1.5735468835097757
49.78829997923516 37.2545123116179 -1.5661746689280749
49.79804439030303 36.23474474008597 -1.5628464756262084
49.82206057682326 35.21897786149588 -1.5649946949153466
49.8296073303647 34.23805899272093 -1.5688474097320526
49.8265100540697 33.21322981778869 -1.5689731163417837
49.811623683163 32.239810442207336 -1.5569490606720517
49.86073889699944 31.220271979124472 -1.5645685151383673
49.851069860941095 30.223453752134418 -1.5667083602158995
50.841764027546894 30.200461431098606 0.00657432392414321
51.80552407265065 30.1904964357653 0.00899049708020417
52.81914328082621 30.21025313947734 0.011942601296871993
53.818054660011086 30.183626403905038 0.008394274258753087
54.80793390360804 30.196978990455726 0.007002786704248888
54.82835487181636 29.19127990065114 -1.5744734231637814
54.82752505948958 28.178981900993925 -1.5715687449617362
54.8440955087743 27.190963938791096 -1.565863300205791
54.848489245415315 26.21428955083599 -1.562073799880432
54.85100227927966 25.22186944509824 -1.5663762595823412
54.85568665936691 24.185247756311576 -1.55672144344764
54.85940782626991 23.19747767789207 -1.569587998898162
54.86069014576821 22.2111639076307 -1.5616744316959024
54.867125528424616 21.203805970166133 -1.5704212878900299
54.865061936667026 20.20048072752786 -1.5615726752343817
54.877834935232904 19.22874087284184 -1.5662608375199245
54.87976556137795 18.2171301047225 -1.557090791957136
54.90433037934909 17.192234234327685 -1.5488754404547533
54.90037820940726 16.203940784665065 -1.5527566596796176
54.934315004363356 15.214405227404937 -1.5594420221817866
54.929044199051965 14.22329290729937 -1.5639896930505655
54.92584553721772 13.256364384765515 -1.5573503036979093
54.95268365523768 12.271906669922108 -1.5629141847859076
54.975015767288824 11.251155476722808 -1.576862301959782
54.98161417948771 10.253021226129453 -1.5740147017780994
54.950064871419414 9.247990949516872 -1.5775513397747263
54.94094902753799 8.260186439272028 -1.5616751925446435
54.94640803348428 7.262649028412749 -1.5619419197386541
54.92937148579543 6.2715016568373585 -1.5656733695257197
54.94167927329154 5.2615514017003955 -1.5538861032761435
54.94005187584868 4.27429527375418 -1.557732837538075
54.97810989180853 3.274691053661309 -1.554885483198123
54.98108968558301 2.256343839545891 -1.5566524332969824
54.97305925942712 1.2535403576524013 -1.5562159363311656
55.01014491205106 0.2774530759687864 -1.5550676815506956
55.02983478396138 -0.721603000955924 -1.5567092465435746
55.042832035384336 -1.7275298306926066 -1.5524634820533318
55.082500864402625 -2.7311996168429284 -1.5519862091996313
55.06473592503986 -3.7567741495363234 -1.551487529940322
55.08813107933115 -4.755956072056228 -1.5633624640854131
55.111361191767806 -5.763956992203569 -1.5600994618847126
55.11396947033609 -6.734200438524613 -1.5583260391017952
55.128146262311084 -7.758163765730409 -1.5669351617982483
55.11805147625289 -8.757902966514687 -1.5731742287796713
55.11788968915691 -9.752623310151137 -1.5808444237453823
55.11294855445857 -10.77937231246689 -1.5684063879892098
55.115478756940654 -11.781625660581383 -1.5748450368174602
55.109849457933 -12.797190834448093 -1.5692232240097832
55.109766003998935 -13.780216063686375 -1.5783198786017882
55.098019182105986 -14.778632754369784 -1.563799784440213
55.11375320694745 -15.7977225458373 -1.5742813953753723
55.116467441268384 -16.779433231628147 -1.5632751409243084
55.10669652808337 -17.777057897384328 -1.5590160627289662
55.08350161204463 -18.76947102435908 -1.5648675115673034
55.11174599018379 -19.76210981391926 -1.5640659984794953
55.12518544262252 -20.75591964358525 -1.5703580214414699
55.15082601345839 -21.76252486677183 -1.5604820447986827
55.146399130766994 -22.776186784684512 -1.557393647118002
55.14430001136204 -23.804611835632116 -1.5474617156066848
55.159278675381564 -24.791059901081837 -1.562912257960373
55.167998540959736 -25.782019050661138 -1.5693163822238563
55.15507262302592 -26.78858501949329 -1.5616363499514798
55.1700111822851 -27.795240908149445 -1.5778935861871362
55.18995225444854 -28.80812955546959 -1.5711081967583194
55.17900279361531 -29.791414774629747 -1.5670888095459332
55.19183717714717 -30.80402969720098 -1.563322669363219
55.194693117878806 -31.788387090862106 -1.5761535292542819
55.19411394259063 -32.77500060854853 -1.5703845922741475
55.19744110618878 -33.78143072146275 -1.5712189095089315
55.19116792682199 -34.77298761369879 -1.5721340767781176
55.179473256889814 -35.75728834196547 -1.5720406842459194
55.204932519100055 -36.77107437860549 -1.575334958575607
55.22048024867335 -37.76240209412832 -1.5735852808353272
55.18923237581926 -38.76710232812487 -1.575987261832782
55.20614149299168 -39.78775633276054 -1.580794311807448
55.2206515979675 -40.77291806038455 -1.580482057278631
55.21390037358232 -41.777594500099845 -1.5836344394416577
55.209981208313124 -42.778463734900434 -1.5682974679970756
55.197777434558816 -43.780095342557864 -1.5696074452879218
55.205834103210705 -44.77369965989339 -1.5616809751246756
55.21584192520087 -45.77385860240099 -1.561266707273595
55.23016990867657 -46.757414085888975 -1.559203415015194
55.23320212080885 -47.761170675168856 -1.5704240955660989
55.213945970889476 -48.76510654799093 -1.5628695424756085
55.23186284714129 -49.765859783135184 -1.565893754805416
54.23066590394152 -49.769245297299165 -3.140729323013034
53.22526274954575 -49.78093574986545 3.139047036805161
52.21953190215859 -49.77500106911386 3.140280851401855
51.23568118395727 -49.785741742995036 -3.1343044151213397
50.219492792895494 -49.81819420048366 -3.1349228539629075
50.22183345956337 -50.81178555472264 -1.5741241147464022
50.236932164521455 -51.819712250334256 -1.569312799251153
50.233438728561 -52.81933784179554 -1.561223645954499
50.21485579077167 -53.815965415073215 -1.5622829900739899
50.24499927049546 -54.803761350515956 -1.564641431354385
49.223796100167355 -54.812247878586405 -3.1327783951258468
48.230773971297715 -54.809172024296835 -3.1279923963759235
47.24550444956318 -54.84180620214262 -3.132128622547294
46.239498373257625 -54.833578765353955 -3.1260635604157447
45.23072407429818 -54.84423224338248 3.140884477003861
44.21463565177722 -54.815919893656314 3.1388778849621155
43.2472515225367 -54.809299164412025 -3.140409867093249
42.25270100221087 -54.80656386339026 3.1376988168885225
41.27704543653649 -54.80047612384185 -3.1415375456655315
40.26755268065481 -54.807472253457206 -3.1411175198371657
39.25117765361704 -54.82283445156654 -3.1376818487783793
38.26742711298582 -54.8308127047199 3.129378682524674
37.28455861497857 -54.80833540466517 3.129773819385656
36.27125465898073 -54.80281928559589 3.1246830026475427
35.26116984259707 -54.783915398101485 3.136814632979897
34.286541863804196 -54.818564440338506 3.132208800953101
33.28989268046408 -54.801126710378924 3.128523728372953
32.26094761409007 -54.80415785578518 3.133900102207855
31.258850138503067 -54.81880110831265 3.1359632824354624
30.252817294832365 -54.806017350498934 3.130718904437055
30.279639278173295 -53.82378784673576 1.5719830198611842
30.289646896330897 -52.82239636159628 1.5656461102829096
30.27904489234912 -51.81874248457907 1.5708128259884857
30.27885622046979 -50.833931480448825 1.5708792030055845
30.27651235774086 -49.81288763396027 1.5742826836920165
30.282778555877535 -48.80232345013555 1.5662374666491223
30.264622868816502 -47.816849309325065 1.5755973315649432
30.2650983609748 -46.825714557421016 1.5793044546158947
30.259008541341156 -45.852587051823825 1.5798535726323197
30.258743794826962 -44.84343730307354 1.575116281066576
30.225209327678076 -43.85151582873639 1.5686599374079433
30.236940315562624 -42.843907319453585 1.5771609267687512
30.210530602615414 -41.84305375770974 1.5749842900271989
30.24158105492595 -40.838849123269554 1.57231579694874
30.22246295293574 -39.831181998717575 1.5567822977555443
30.26411833111066 -38.83602906383678 1.5675684589746095
30.22732474463442 -37.84194394027797 1.5785042471626554
30.21862003397438 -36.85233036524844 1.5760240859800716
30.19625630742113 -35.833409991693195 1.5673697375703384
30.226065422442765 -34.824566531834535 1.5832290759888783
30.21213336484905 -33.8141273934482 1.5942116327412204
30.210006676088113 -32.829037121449794 1.575914600145803
30.20790809414124 -31.817212079494755 1.5752916248220072
30.20879343674954 -30.82478716532704 1.5758834230550882
30.20657730743799 -29.831440574882247 1.5874438885691107
30.169288236798682 -28.828852385758445 1.5856315709308435
30.17655042933751 -27.821005897437068 1.5862075155464341
30.168186614154514 -26.805095446112336 1.5839910145013605
30.157583528361144 -25.80694383459786 1.5852383985381007
30.165083882306433 -24.797009546954783 1.5756119472858026
30.180181524851648 -23.775145802452926 1.5779334203727327
30.178182594117366 -22.793246474521546 1.582018628504386
30.17721217315298 -21.78046825923692 1.576897014089385
30.15683632011295 -20.800864810275456 1.5568264805201772
30.13274256936852 -19.79992145954821 1.5714429630488724
29.13778553885799 -19.810420003770172 3.1371041278598577
28.142182280730285 -19.787770616671338 -3.1402621169149514
27.16725377539338 -19.819377127086685 3.13572482399916
26.159398231419726 -19.812661437632958 -3.135260902199345
25.177655378551876 -19.826110283575893 -3.1316982909318365
24.168920136881102 -19.827787202176392 -3.1256488359215595
23.145046049582998 -19.86402219435346 -3.12299706895905
22.146993368595542 -19.874217997321967 -3.131305685042458
21.14759762900611 -19.88451259929557 -3.1348199421114638
20.133280670738767 -19.882359855744472 -3.1382833392681095
19.156626438017504 -19.880294043229178 -3.1331211621164177
18.136958639576914 -19.88035230427529 3.133690354250183
17.171189468575353 -19.867819274760063 -3.137153270144488
16.150229434266993 -19.908123874127313 -3.1309640063633286
15.14240052297569 -19.909682806809816 -3.129783874131453
15.166402344590747 -20.914691322812182 -1.5807292591033069
15.169895686966923 -21.91631626522909 -1.5811695403376913
15.17753239933012 -22.927787965704717 -1.576716401296078
15.165104980009016 -23.90136151492997 -1.582441857145819
15.154981095599688 -24.885192427492598 -1.5823016167581267
15.14938852757389 -25.89623413609858 -1.5673886946493072
15.12893941551253 -26.87469429945094 -1.56403731533077
15.145666143492054 -27.862957603545045 -1.5676986018992576
15.159229359266128 -28.892507673811664 -1.5640471681596178
15.171779222259834 -29.881381477050283 -1.5623158914310165
15.173783017096168 -30.87654380341783 -1.5536121266294396
15.201748165397852 -31.882756126092225 -1.569143009460116
15.19372354641773 -32.88607653046336 -1.5788527154606296
15.177159348722615 -33.88987602898086 -1.576003856105631
15.184199598857692 -34.88782161919356 -1.56681000844077
15.184028664851192 -35.8632891049146 -1.569612297476437
15.195365700873028 -36.887405940596615 -1.5568432339521776
15.220718065540604 -37.884893247454364 -1.5636228652011182
15.202432721264 -38.89353768108478 -1.5603588347622692
15.216902937286758 -39.85759668547098 -1.5692403777766526
16.24790555273623 -39.85985072775257 0.005663172367278105
17.229885992642632 -39.842842437507876 -0.001543013364975307
18.22304320654557 -39.836099021486824 -0.013437701800211917
19.236055794939457 -39.838026072665045 -0.005286916984433993
20.245473963332202 -39.83951006268744 0.0027559686072078245
21.23338349036868 -39.852205161585985 0.003917252946487651
22.239885128936436 -39.796222934029 -0.0011139669769491777
23.232480111520523 -39.828514412424944 0.0006206800822522921
24.23515165466941 -39.83791735878988 0.00907177582123065
25.234412474056313 -39.83364118447064 8.708983741524878e-05
25.22888930867544 -40.81557883548989 -1.58122470856266
25.243100725689736 -41.82333188172431 -1.5808839876118213
25.242927426761458 -42.82529283170048 -1.566747527218569
25.235198404780913 -43.83836465238393 -1.5681648303478521
25.240171686053653 -44.83868118768998 -1.5632650122002765
24.226854422744825 -44.842002433059086 -3.139160268075871
23.245101988405548 -44.85160231423251 -3.1272549109002394
22.24017569809016 -44.84136872565664 -3.1273503954318187
21.252454679150645 -44.82712169701615 -3.137301059784413
20.23722964928341 -44.84438614618794 3.13374754698985
19.21398256310796 -44.84327803007287 -3.1370723200493864
18.212316310349355 -44.8424343642845 -3.1307030318030393
17.220144824661745 -44.85773988585769 3.1367523163733795
16.233158204713956 -44.86063239297961 -3.132822230413705
15.227229317973004 -44.85446085020226 -3.1373515015497757
14.245925143622621 -44.854282674200995 -3.1361166013792925
13.233738785137147 -44.87503824016977 -3.131958642717456
12.238808977632138 -44.88354593394287 -3.1332296430188102
11.245088610294642 -44.902825984066574 -3.1325671390911993
10.2684505803937 -44.908120054241856 -3.1393653802325674
9.280017089460431 -44.928077574606675 -3.1302551836789565
8.26724418826966 -44.92974715409656 -3.1303013440490575
7.272334561413008 -44.931798816074966 -3.1300526113812164
6.274007402597114 -44.93117978136783 3.1390203813638107
5.292606868876453 -44.949287663104634 3.1353839051491295
4.282714088914858 -44.94269396177158 3.132278826284618
3.310740735347432 -44.94454703346241 3.1405824048299977
2.2722113184395485 -44.97520407847799 -3.1368006898772482
1.3082075300626352 -44.987271070135904 -3.132848752544277
0.3167528337683104 -45.0060827226065 -3.117852523021969
0.31557539914797644 -43.98531788290441 1.585226501893685
0.2950260264423023 -42.96552878918634 1.5888318447134264
0.26497081522369664 -41.9835421373684 1.5854342718146381
0.2618027340486283 -40.98928641439156 1.5746451605068792
0.248485476552586 -39.97599511262937 1.5785343500124995
0.2263702931765406 -38.99249839206783 1.5741202185434393
0.22826715491220714 -37.97404438829314 1.580197863291382
0.25715482398269 -36.96984363149515 1.581811160129922
0.2331363326809837 -35.9802986339035 1.5816695234887252
0.24144393998222113 -34.96178045390443 1.5729288745210275
0.2234829367954399 -33.99608529565928 1.575310419293098
0.22609298996572524 -32.99783029775708 1.5752806582466017
0.21976680322310227 -31.984157297983998 1.580047838648951
0.20072209165630875 -30.967101351489173 1.5804979071537508
0.21261504827770222 -29.974207259616996 1.5758102498337054
0.19419400320837812 -28.981577370505352 1.5808228215062647
0.1847596027732162 -27.98049021872953 1.5770027476584267
0.1579708464737235 -27.005707849317886 1.5747190651529168
0.18381233534599703 -25.998090946470754 1.5704393693021
0.18166114161972166 -24.991053643920825 1.5768035145270194
0.18533410708852324 -23.995233078895772 1.5838365461656065
0.17136061466064456 -23.01507445855583 1.5783725377577569
0.16170913167148604 -22.009817984124282 1.5809422591306403
0.13869858538659038 -21.01540138843475 1.5685917384155934
0.14738131274534197 -20.01330643658666 1.5754958004833286
1.1230723162637501 -20.005117050381312 -0.00046369629301066395
2.1301836995219077 -20.000544706164828 -0.00621803149849844
3.1650458953952754 -20.013038275440643 0.010767649406481722
4.127348456896409 -19.99512750673526 0.011783262115615926
5.167863416242975 -20.011299583481932 0.018008946092125232
6.160321322023148 -20.046121998813124 0.027665435069369994
7.1662275587912685 -20.04115769627601 0.028315626662631196
8.137144078779569 -20.038897520803864 0.02669333981189861
9.139830685533 -20.00544451333422 0.021822547340557396
10.131711245650804 -19.96232123808662 0.029982997952306283
10.13076871366541 -18.978495688879526 1.5910301769099562
10.107277405925096 -17.984089640152927 1.5959112961717048
10.080183547137066 -16.980161913069455 1.591394365485438
10.082191991587331 -16.00336618480906 1.5951135403348855
10.073007687453066 -14.999074424317484 1.5870184051460678
10.06838696589678 -13.995220069196904 1.5871349966674069
10.051253673227633 -12.97972637259427 1.5836468103425287
10.030240228511111 -11.974422033222671 1.5907995517496303
10.040955518387268 -10.966609565245893 1.583819807663826
10.039047492718785 -10.00080544990253 1.5843973587285196
10.030036856487992 -8.993064111131227 1.5782056410374141
10.017321166796227 -7.98623647030661 1.583416192847105
10.001133568655963 -6.970903765123679 1.5844272897194303
10.026691239410125 -5.970238927824549 1.5848731390932862
9.999088676716982 -4.966619128548692 1.5786252668485545
8.997503073822042 -4.975743582912366 -3.1314312388734686
8.016201786003009 -4.973157517021167 -3.1335018077828423
6.9931297075153065 -4.980805206646299 -3.1315762474569007
5.987647063117736 -4.979235000576144 -3.1312793010014612
5.002774205427587 -4.9714446248858595 -3.12500428113294
3.9936262408755767 -4.990636824223886 -3.1324524471020916
3.004030716509818 -4.984740930158297 3.1404564357115112
2.0075902722366012 -4.984217323429937 3.1330181503346135
1.0128669316422088 -4.993571802239459 -3.1346526982731433
0.013872711818129192 -4.999949270949566 3.1354431535381
-0.9998220698614597 -4.991786647096436 -3.138402834390038
-1.9847770420448696 -4.981912231770689 -3.1314672019161867
-2.9682516490548103 -4.998366472980584 -3.12657390566456
-3.960881453797983 -5.026232204866944 -3.131862409729946
-4.9889566673188135 -5.019383764177976 -3.1332768482736
-4.9836911836805164 -4.019390177675168 1.5687073383115957
-4.998311213459108 -3.0233678798489216 1.573856728367394
-4.997846760959777 -2.0192015095730604 1.5730175348686115
-4.984808943812373 -1.0375492957780723 1.5710542598309383
-4.985873761389721 -0.023045734123191546 1.5653514652796001
-5.000900536516704 0.9878669336019641 1.5635336023425916
-4.999762015532703 1.9554092635107276 1.579168139288968
-5.028431608251752 2.94438365745653 1.5822686423864996
-5.019987871591919 3.952133068101639 1.5796564078763953
-5.014801367798336 4.955998598743265 1.5748870609542096
-5.033687829714496 5.9714739490924185 1.5744043511538877
-5.076454746101123 6.949727019077767 1.5639621023062082
-5.066232791480146 7.96020497237939 1.573641283330442
-5.078976264674082 8.966501456878811 1.566284331958492
-5.072643644919745 9.934029879563795 1.5653880257782915
-5.0811816193317485 10.948173155608266 1.5779075839306869
-5.102758071820323 11.957613326414855 1.5684778339780832
-5.081927848119017 12.947015781787472 1.5731030987405403
-5.090461404211261 13.954460853172604 1.5837902724892392
-5.083235007740402 14.95181633686738 1.5724850424926586
-5.1073313011982195 15.961511513326366 1.581447881443622
-5.09967456559872 16.953331428811186 1.579028592530162
-5.119406788117576 17.949268331813858 1.578062573265844
-5.122259805687089 18.940395581314394 1.5786324969888168
-5.100619173451671 19.92539893596775 1.574843695866518
-5.090768042450802 20.94313496594255 1.5778344693013102
-5.131123650545015 21.924676733897428 1.5740255755362607
-5.125338894491288 22.912378292090136 1.5733108307693122
-5.127218492888451 23.92465245909758 1.57501163203935
-5.137235890520426 24.92641015637317 1.5733935996284836
-5.140393834196676 25.920024315446398 1.5708293073557877
-5.151470436144692 26.907655629960544 1.570214598010115
-5.155597500560011 27.912316817063346 1.5672633052469034
-5.151280369280863 28.930003700095718 1.5651709899733872
-5.152653331105617 29.95116066841614 1.5649690820296627
-5.167059491393124 30.93485559676695 1.5772916231945626
-5.189314999312737 31.951025864152882 1.57652687319159
-5.188671012787981 32.953313495344986 1.5715947055908375
-5.194609400519802 33.925000786750275 1.5782544109428234
-5.189345099960847 34.93120561043532 1.5894070872837607
-5.222551384337658 35.90248811071379 1.5824443975577365
-5.23423130695447 36.92139273403421 1.5776145195131877
-5.233119766873574 37.907876457105544 1.5846220766598724
-5.257491931648107 38.90824884887508 1.5791964030409447
-5.266076270297782 39.895719598477655 1.5834426805568202
-5.268295535949435 40.91160575495232 1.5865843551397105
-5.263389670010946 41.88357675417615 1.577588215290513
-5.257990657771958 42.90170200201625 1.5727134032817929
-5.269928553666061 43.88595347923724 1.5782597152601021
-5.253678933391505 44.8906993895685 1.5845461070269886
-5.256146718426998 45.890826648400214 1.595172131997631
-5.2579977773694395 46.888832887677374 1.5935024746377073
-5.2393162486034575 47.87098227511163 1.588726793448503
-5.263602972290688 48.876762647315964 1.5857617847338716
-5.289861040413297 49.871138828153484 1.581144976446789
-4.2788488042196855 49.874613251178516 0.004914501980868021
-3.2777037011200174 49.871444674025746 0.009711193941878922
-2.2955481741648214 49.87884959054907 0.01265356238015335
-1.2738983950768925 49.86359172995599 0.003205679637048202
-0.2816112823330722 49.88695250713192 0.011785672891892838
0.7285689719755307 49.90679381445413 0.006067263761449235
1.7392758358506921 49.906616093960764 0.016977711481907846
2.7278426956542026 49.93402019270843 0.021070006269819214
3.7492622153174753 49.94965550720164 0.012985772945863314
4.752381788195169 49.958390366044036 0.011497144243193804
5.752264520452663 49.958275595380336 0.007570873282649985
6.738872799951339 49.973593265065205 0.0063288286199427645
7.740702625202286 49.95644622518952 0.005476354999650351
8.728539254090512 49.955763346291626 -0.003232635156973139
9.725918175367257 49.952102499791046 -0.0011736727661045229
10.74196870991515 49.958134911411186 0.014086644055261425
11.749839391597598 49.9846950072815 0.01171711775617957
12.749821642938656 49.977235500513046 0.01434542675774112
13.725550840361558 49.99628880138188 0.0025770311869886407
14.739993707317575 49.99929677539278 0.003673246110460171
15.75262116887175 49.995705590543096 -0.009131208273452538
16.75480788704003 49.99573654048318 -0.013800718244751407
17.772690791507408 50.01000853723337 -0.010489041448926982
18.747456830713947 49.99645281016661 -0.0014623371650608768
19.748264339995792 50.005355007087786 -0.012005995321906921
19.754738741687312 49.00946558524768 -1.571654698333272
19.741018207881684 48.01717362954069 -1.5699801762858134
19.76624728940203 47.01240440348068 -1.5623359896791675
19.77684932382935 46.03118021192119 -1.5613487515340514
19.792984029312496 45.04236340708894 -1.5610948428629237
19.79878803864475 44.03176571347387 -1.5567573966342145
19.80473929616592 43.06951575199158 -1.556592026033466
19.813170341209325 42.05660052572535 -1.5580751043585916
19.820665371589822 41.06904521901732 -1.5627968925036715
19.820230803058006 40.07865329151106 -1.5535021843047432
18.83372530452502 40.08562234463594 -3.1300572303869587
17.813227505809518 40.06615824143205 -3.1241396950472358
16.825437892237787 40.04660570143403 -3.1342739506113344
15.80783683635567 40.05078613490225 -3.1285499720870935
14.798621631561483 40.06484417098651 -3.1286549671172836
13.817812308598631 40.060864825206394 -3.119747165041571
12.818972266549334 40.0387933486758 -3.129726975118812
11.814443765899762 40.025768290847736 -3.130448029022491
10.817206911879765 40.01511095949804 3.141532459545321
9.806815644450902 40.01437627182301 3.1402953523416772
9.799710437636657 41.00181828525089 1.568545450805499
9.825105801254614 41.97625317742195 1.5697084752399617
9.791229401004149 42.97473172953273 1.583896855666758
9.798940356993114 43.99543746704531 1.5760395991936063
9.770672324898332 44.98575793059775 1.561720412344441
10.776898504967637 44.99755776774992 -0.001425814476210291
11.786699933633601 44.99836619912513 -0.006486922961849983
12.794578648397366 45.009555729201146 -0.0037452776876931745
13.796062536251982 45.0105759218238 -0.005464158871232023
14.76858703515398 45.00477662907633 -0.003176672641189966
14.785628496090244 46.01877659555843 1.5762237277022657
14.766578823435676 47.02231430218491 1.5747161696774075
14.768130660962232 48.034722273827555 1.5797514165907933
14.773807223076174 49.015214594365005 1.5883134334770148
14.757486315458815 50.01967162729447 1.5797524265855243
13.748267309839417 50.009763869931 -3.1319074558689324
12.756175711234706 49.964160035858434 -3.1335815767491595
11.744582633660462 49.957476547963005 -3.1337426649670057
10.758372476726011 49.972812050313074 -3.1395989465800436
9.753403731390721 49.97720227077566 -3.1395053115662988
8.742604179002589 49.95879760648222 -3.1340008368592063
7.746591041105042 49.9669008792912 -3.1341112263156856
6.741004516331221 49.95539956182175 -3.1340282332013674
5.71490726793028 49.96531133544176 3.1404078076184008
4.737728244479722 49.93987462011175 -3.1366797354731046
3.749984490390475 49.94262828068949 -3.1359260371293223
2.7448466356982952 49.923547689104396 -3.131989594605167
1.743432185690523 49.92265109204255 -3.1309156952683663
0.7409415596160803 49.939603819092746 -3.1186722057601655
-0.26074052493908223 49.91017333695213 -3.130718679230213
-1.2524112891499992 49.88203526100945 -3.130678042515264
-2.2732874608554687 49.8964280198895 -3.1287560808832966
-3.27529450873227 49.9026396009598 -3.1254274855875765
-4.288167697231175 49.875025222207654 -3.1243564201290237
-5.27607423143891 49.86219956713321 -3.120324551489736
-6.2748721147792885 49.849080384356206 -3.124536332685017
-7.272965086051573 49.82158066395661 -3.1357429022740697
-8.294423263389854 49.82426522838797 -3.1284914398406793
-9.281063530427414 49.81858273681853 -3.1201757789558338
-10.261640107223613 49.79601566102435 3.1408871651590413
-11.268376965700334 49.79847033380786 -3.122290130498814
-12.247910328337513 49.788093289931595 -3.1374689640432782
-13.274089340926711 49.79364200114665 3.140515054461735
-14.264943081029577 49.81165379502033 3.1376217651913287
-15.279555482949046 49.79057157921333 3.132325792350634
-16.287853893902845 49.78266103685109 -3.1388820413899743
-17.26341906071119 49.76787291008128 3.137892086350729
-18.279775475743147 49.75212080829241 3.141349517457932
-19.26646691556505 49.77661974028954 -3.1390799233872464
-20.26413235271808 49.767519160831874 -3.1403062868132925
-21.25878259861584 49.80368318431063 -3.1365103453781535
-22.260778846125685 49.7820461705052 -3.1375713603187076
-23.26178570957871 49.75944922501544 3.1408719536223337
-24.267928010623464 49.761634420997375 3.1354059859653627
-25.261437463348674 49.751059524711756 -3.137320400596422
-25.26698328267835 48.726931617417755 -1.56878250726485
-25.280006333550197 47.74178313198279 -1.5704755762837423
-25.279122244885343 46.745349402948214 -1.573348631868708
-25.276709831775154 45.73169944304462 -1.5642491945572672
-25.28485279409309 44.73910818019954 -1.5622660627022646
-25.270208107650884 43.712800493872294 -1.574817677833677
-25.29366009369519 42.72646264652053 -1.565981019001491
-25.28181688463904 41.75267855448959 -1.5708217275312206
-25.268890309449155 40.76375950875758 -1.5671559324466613
-25.26544295034914 39.764090035833696 -1.5651216815954847
-25.241695052234785 38.768581349008294 -1.5593109295957797
-25.225970539068072 37.77916692822017 -1.5683157165674282
-25.206759867360503 36.79616789545712 -1.5775678347037918
-25.195921854571314 35.78780971742416 -1.5718486169092565
-25.215969808970222 34.81211347705438 -1.5736334053604568
-25.219049195996323 33.798812889496546 -1.5757894531708596
-25.223162254887274 32.81593017655394 -1.5832399315633126
-25.234021039353408 31.80976603431612 -1.5670322135159698
-25.225523779252935 30.80912717245759 -1.5567927131405486
-25.21976322489886 29.816124062215998 -1.5754168108296838
-25.21818769789505 28.81406254334624 -1.5805079602615042
-25.2059328691474 27.817883629680022 -1.5640626439725505
-25.197625137303163 26.812560134376135 -1.5629144095345955
-25.2004085872665 25.79255226043514 -1.5729256139658898
-25.210264785891695 24.82030695372799 -1.5691974068412966
-25.23289136587384 23.821462276430687 -1.5734984036393855
-25.21086383174417 22.805650090006232 -1.5776622805492593
-25.180980200091465 21.808309066374093 -1.5699088100443863
-25.168800280621547 20.80776711257892 -1.5555001534310797
-25.166672600964848 19.830463789617458 -1.5620638031369
-26.164471035257904 19.80651130791974 -3.13349478862745
-27.145099317644185 19.807825482369648 -3.1317791740329533
-28.146804218799538 19.769109936179543 -3.1284827366960837
-29.143949861543266 19.742302584335757 -3.129004972353256
-30.11375470976763 19.727077024977678 -3.129877365869184
-31.09593578653689 19.745113064110335 -3.137991848421136
-32.070648518080546 19.71852076411139 3.1394614364317976
-33.10748330480985 19.75864471136264 -3.13287124164002
-34.10514356514101 19.743938082145853 -3.1368234620833557
-35.12644957822356 19.7541582447945 3.141105208093019
-36.12401536495256 19.767565655930674 -3.1356515306232478
-37.108707566445204 19.743361863497267 -3.1274545658557535
-38.09801756589263 19.745667214863985 -3.123917797485564
-39.09825116761387 19.734827351907498 -3.1337296218299757
-40.11816004325894 19.718740095015573 -3.138363126491843
-41.14051211730863 19.70457667798334 -3.1346173217981113
-42.15914335615595 19.69592247590818 -3.1354695015825556
-43.144502013985914 19.722194153802352 -3.1349136612935404
-44.14271398742399 19.72691131663419 -3.133836775994851
-45.1484129678795 19.70792028237028 -3.131915502472064
-46.12725968989992 19.708878637215367 -3.12957405267493
-47.11130133922311 19.672522741105645 -3.1228848457181435
-48.12514796933168 19.698975381469076 -3.135056501520361
-49.111663156531485 19.695801874541928 -3.1415329292218295
-50.135646614248586 19.72244387000978 3.137040733889015
-50.11867244943784 20.703642679743393 1.5751386067520745
-50.14576158833301 21.723628780506306 1.5694880461432725
-50.15191040766418 22.719175661559845 1.5710623023831232
-50.11279527382584 23.691449047551348 1.570330372965274
-50.159145091227934 24.7043219020811 1.569726640385344
-50.15240035412082 25.70738970455233 1.5754124383931776
-50.15309821560294 26.714483772619612 1.578493452386613
-50.17893470056448 27.716292158922425 1.5851696148537753
-50.18516167994269 28.71479946919629 1.5672743360960975
-50.209502558785836 29.70825960330586 1.5735670579129064
-50.20316091338879 30.691416983514955 1.5827236877055848
-50.204002130755974 31.710046623135735 1.5727540042536166
-50.19693030479504 32.72402943421043 1.5793180981553914
-50.22443983954354 33.70852445010218 1.5729714829976018
-50.207225712753576 34.7035421521237 1.5720986388648646
-49.18612742715505 34.70400340160684 0.004741830138408191
-48.181219111136116 34.69494142182289 0.002089204149668285
-47.193658501162105 34.68915347840226 0.007822303483598303
-46.18194705658301 34.72000366080722 0.0006990903334088924
-45.19144659575789 34.730384304047135 0.01850145304287466
-44.233310130353395 34.72475344830096 0.01401369192661057
-43.21940389626649 34.7232604804097 0.01641389761227098
-42.23427809045576 34.748946959711034 0.0005579458358274914
-41.22582915344493 34.730177384588934 0.00406549172353066
-40.25088848449774 34.7210826174779 0.01189295283907235
-39.23161213922309 34.74164126476907 0.017621248436750163
-38.23480309314586 34.74298933416043 0.015544282437808423
-37.264239384140424 34.76819294819503 0.009197274201639422
-36.237412228367916 34.78020510507754 0.005354217217755213
-35.25066264765802 34.77624497195911 0.004100122325384976
-35.25072393561988 35.76830197720689 1.5782538404221484
-35.26211796696085 36.7811956953234 1.5827215639402352
-35.27825788456029 37.76773732906642 1.5798640187102508
-35.27158531131333 38.75538800803626 1.565252462349735
-35.25760118693404 39.743839250424315 1.5708681603241648
-35.25018661808667 40.72475118220993 1.577921599507767
-35.253931020142765 41.72099712825696 1.5642250242657
-35.243560594267485 42.75331914655184 1.5716505538919088
-35.253147971338244 43.74479844615904 1.5640333596829052
-35.25568452195383 44.7261587087982 1.566954811614809
-35.2434094622281 45.732746516188044 1.569823578483753
-35.24537767667523 46.74084816217289 1.5729042741964323
-35.2727142238526 47.74608011989971 1.5689955116729168
-35.257508814342884 48.73235868245663 1.5735160553029899
-35.26747282433395 49.75199432066102 1.5725060791678394
-36.27731671813031 49.713630811969885 -3.1369700112520342
-37.27087012170097 49.73585579023847 -3.139080167551464
-38.276785718664314 49.714723548477 -3.1298800123445276
-39.27365536658244 49.71914973674526 -3.128708454275395
-40.288286155431436 49.71661499467522 -3.1342235705062866
-41.27049955317625 49.73517651416808 -3.12949966782058
-42.281371636096 49.73181140308155 -3.1345393162715673
-43.28831586581894 49.72732867934358 -3.1347504172504292
-44.268501653898916 49.70674456623212 -3.1402975310433114
-45.26153798550146 49.71762384458444 -3.1403219020111885
-45.2545841697485 48.70309837400147 -1.5652212570719348
-45.257889942766035 47.71533134447955 -1.5669909477235526
-45.24838869687905 46.72174389142189 -1.5652410256626388
-45.233259290136814 45.70541750893523 -1.5665578131457578
-45.25422340450238 44.70812340479883 -1.5606724346971825
-45.246557287031436 43.71690039142835 -1.5711514025872786
-45.25045467578785 42.719115451138556 -1.5720004946290242
-45.22325529557647 41.725301725637706 -1.5755233041645673
-45.22988632249952 40.74527659379277 -1.5782399267379663
-45.23312883916272 39.754117117450356 -1.5952618909980265
-45.23801748335963 38.73793718579562 -1.5823565860444868
-45.22814780021477 37.71579291828484 -1.5730865251700745
-45.243362505600366 36.683954082525524 -1.5616426355659925
-45.207752358419825 35.71078724830343 -1.557004203322639
-45.196938290774064 34.71218876016576 -1.5561864382531319
-45.187428389835006 33.7026240427366 -1.5487639454570064
-45.18504299097159 32.72658180787946 -1.566763884877134
-45.19370165298604 31.760917471417304 -1.5537488920398004
-45.17800636520645 30.72439680043197 -1.5664727561381828
-45.16222199850476 29.68465791804183 -1.564558973390121
-45.158034534815265 28.685326103682346 -1.557737305723509
-45.16431362513608 27.69363159699266 -1.5594818173740375
-45.15484470537073 26.6947375457087 -1.5586615475106977
-45.13314991150035 25.67903518758869 -1.5620281474584323
-45.14359853036246 24.689228023733573 -1.5694448512435366
-45.159544684835396 23.68419730443077 -1.5651835204177236
-45.14591608189573 22.708442497658986 -1.5665142690175573
-45.1296598897268 21.682539031295747 -1.5843334706100634
-45.13918628975334 20.700734457363637 -1.572347896531366
-45.13739971277231 19.725698234257745 -1.5708248862491132
-45.15199319441927 18.710093165668017 -1.5644917366253528
-45.14001677287235 17.714875255729986 -1.553450027003313
-45.13094807172634 16.707641778541383 -1.565883905794341
-45.119863634242186 15.733643120229777 -1.5577726746258074
-45.10958550067961 14.725710695596176 -1.554949293282585
-46.08706455492736 14.711121574332752 -3.126651063113464
-47.086390428614145 14.708913228099984 -3.1163857300881115
-48.093763069703066 14.71372959924034 -3.117056937676973
-49.08157473168218 14.710883195786458 -3.1351080528838233
-50.085971528959334 14.693932077402161 -3.140374975062923
-50.10493131949993 15.681807484131273 1.5804187265334557
-50.11348453359601 16.68972108096802 1.5828878339408081
-50.126652455691335 17.685366471096085 1.5768162700379598
-50.107393281261274 18.6945270169627 1.5736543283080748
-50.116645554870225 19.70433394116631 1.5701684252949626
-50.12334771178207 20.700862265627375 1.5758701809461924
-50.128543210893206 21.718166485354725 1.581229290823101
-50.12849265062835 22.71194867558267 1.5711195320352445
-50.1389624979918 23.712632183326903 1.5664299738888157
-50.135292173948905 24.727700404011593 1.566534532843669
-50.15027392364881 25.728069704596663 1.5635271525620653
-50.14427927712758 26.723198845829735 1.572838618165013
-50.14817826730341 27.72059840792107 1.577423362386045
-50.173733487361126 28.70989013440039 1.5798293360578455
-50.19383367410517 29.700950615003705 1.582309279491547
-50.16767856227084 30.68492776859153 1.5727404359707815
-50.19074126741166 31.691784946474368 1.5704680829072633
-50.19060862609716 32.73822732879819 1.5664932545467682
-50.187795103879026 33.71915574340601 1.57157684090867
-50.207591381584315 34.69315584417968 1.5641906513321246
-50.203997707094366 35.68672093759598 1.5668657631711596
-50.20161699398258 36.673688937222174 1.5684604917232823
-50.21009765415807 37.69310037451638 1.5812186113363629
-50.20459846194236 38.700381016665474 1.583637763423368
-50.19701870872124 39.6906659286512 1.5822960846700382
-50.21922372136334 40.689681813506404 1.5821641659291403
-50.2227559632275 41.682502555981905 1.5774744540468015
-50.24265094130428 42.69967313671827 1.5750691308562592
-50.25706191932823 43.70963690994363 1.5814947097082814
-50.25723917826924 44.70097349409837 1.572199032999593
-50.26058420175384 45.69999302776651 1.5741341933220498
-50.25328816064256 46.708389754490774 1.571809414054715
-50.25208146863615 47.74155487193684 1.5805863628478771
-50.26275761033425 48.706962173474594 1.5737610448052906
-50.240611276718006 49.71473798217086 1.572471176916813
-49.270305542341916 49.706935720775824 -0.01028393485961785
-48.26492343815421 49.72074478606136 -0.0033825286025395995
-47.246588468556695 49.71499693815329 0.006740413106963317
-46.25655721628614 49.70041447622241 0.0016538142813330543
-45.27188615405394 49.71940885850702 0.0006835522299329922
-44.264798278524715 49.737408946984324 0.0016861196881992448
-43.2785288212551 49.73532323631214 0.0023996088340726878
-42.27885277593508 49.74456063703798 0.0055238162692526896
-41.28504003833428 49.734413645799954 0.007696642357564326
-40.290061290076515 49.72522926594188 0.0002158881039586522
-39.282681052427854 49.71240103923409 0.007621682701509826
-38.290774125846 49.71767295030553 0.005024305527427863
-37.289151117729396 49.7299915052991 -0.001786648553118927
-36.29841927827173 49.73845090838435 0.008386476609487848
-35.29626457772576 49.733405592689415 0.0021942564770442265
-34.30470913963997 49.744450426467495 0.0030254683431165555
-33.29667492051449 49.73474631058796 0.003037082316004442
-32.272496592273164 49.73427033072527 -0.0057306466510410265
-31.26958663975748 49.71394897904319 0.008185792476338532
-30.284402692697874 49.73401028774703 0.00024424687057342324
-29.28277143759358 49.73296271446197 -0.00035409417550309345
-28.28549850749124 49.73773139202554 -0.005382781057684469
-27.283698590351392 49.734857405330885 0.0065763609406410345
-26.26115663660165 49.754281868709505 -0.008240921414650843
-25.28035154067968 49.75465302734247 -0.0035206038852303835
-24.27940805582488 49.77254894137667 0.0023542116630756167
-23.2599000168879 49.77753241398221 -0.0013716225712717717
-22.25562832345981 49.759991660355794 0.0028834277061357168
-21.27542277331844 49.79309362738708 0.0016170003842985808
-20.28081751212431 49.768308859959724 0.01474848468128983
-20.277958836435953 48.76018854055058 -1.5641629606676077
-20.27024734003925 47.79190493779547 -1.5597334756850023
-20.263810807240695 46.77927436915364 -1.5693216833362345
-20.2576604399921 45.77695572519133 -1.5627649646994917
-20.23810905662854 44.753440006147166 -1.562792715909187
-20.25743715280622 43.777164839097146 -1.5520136784873426
-20.2114322451892 42.78309212726426 -1.555198865644696
-20.202667839321 41.76299782429987 -1.569947585820797
-20.21730942255369 40.764899761083825 -1.567694193728134
-20.186234642078716 39.75661860909327 -1.577495579785507
-20.21680420503298 38.75640067176215 -1.5736754807139188
-20.225283260545734 37.75309576026314 -1.569450977064946
-20.204408760923588 36.72750691382152 -1.577258649654039
-20.177753928438047 35.73289514029399 -1.567885285658793
-20.175803368363127 34.76113812039289 -1.5813139619733967
-20.198346208119773 33.78782371429355 -1.5657470577241854
-20.186197557155506 32.780466987062596 -1.5733346891633084
-20.198739543378743 31.775247335802586 -1.5718954186868912
-20.19299031632769 30.76753880890565 -1.5765526755821213
-20.198918203990427 29.785316304450554 -1.5670786007386688
-20.160142558880686 28.782349312566495 -1.5723537139526849
-20.17651814546133 27.81309465360163 -1.5704866056090636
-20.161658882366105 26.795433818657465 -1.5694559500519614
-20.149680625138128 25.793401499026654 -1.5837555032323571
-20.198016171965698 24.797431395561397 -1.5797123558779127
-20.157429431765365 23.782449232015747 -1.561071633512844
-20.132845962912732 22.817418078055038 -1.5666145228875341
-20.116963362072145 21.827266666620307 -1.5638896810828622
-20.112844340378654 20.83438883755042 -1.5733702530221794
-20.11097905056285 19.846282042125388 -1.5658301179002505
-20.10971007505159 18.857279188842043 -1.566872100146832
-20.1221296375702 17.83937373816837 -1.5692636766600245
-20.10580567217946 16.851296416070088 -1.570938597778261
-20.100023564829865 15.894457540052452 -1.5597212161586995
-20.102674035254218 14.906517150654974 -1.5618249400379498
-20.091305336403924 13.89566088379023 -1.5684329812165425
-20.075654082932598 12.890722290021142 -1.565981774985273
-20.080308897757234 11.8800128694751 -1.5642522511507995
-20.039038976228078 10.886160216475158 -1.5501624585634677
-20.031925786187475 9.893775069632863 -1.5543922319545593
-20.03189269467477 8.911620323153583 -1.5587895399532945
-19.996693732832394 7.901688158293058 -1.5724986798332803
-20.00315439834453 6.904683954307847 -1.578653591477078
-20.011639841413164 5.902185199961634 -1.5747217070210702
-19.993433207056114 4.910681813485182 -1.577608307694068
-20.01194213110526 3.90456763033951 -1.5692653026101353
-19.99929626962904 2.8891319532536457 -1.5771845859711744
-19.98589878568341 1.8906868679601552 -1.571766324884037
-19.984295878475578 0.8846030760772822 -1.57138823043839
-20.007334108946594 -0.12069935082292994 -1.5582838913449866
-19.991048079347042 -1.1295472913674096 -1.5709647417175534
-19.979665754164937 -2.1133207785666217 -1.566967320747597
-19.978810110055147 -3.112298777199416 -1.5735939922558138
-19.975602788660762 -4.124122290786384 -1.5737357329185917
-19.96422726074613 -5.11927140604927 -1.5777788604553322
-19.964952796212312 -6.118447576047948 -1.574403347084963
-19.965179890889363 -7.090784578862009 -1.5726229847145354
-19.944335335175136 -8.097709422641275 -1.5660086101962234
-19.95397004130061 -9.1050246171768 -1.5717161980613974
-19.95754096896257 -10.117592798198002 -1.5539490339744724
-20.952424694140436 -10.113330731839374 3.1409510613862235
-21.94313857208567 -10.103356972680768 3.1342777123308445
-22.959325946498076 -10.08858763255623 -3.1338534804010347
-23.954971550811532 -10.113984080021362 -3.127345951401313
-24.946338702046287 -10.131012907073952 -3.1360903820537143
-25.93441016282974 -10.140440017065714 -3.136752196579478
-26.949398036185556 -10.152510316796837 -3.137683287426297
-27.951947320427045 -10.15613068893286 3.1397715119793834
-28.921828182763218 -10.158107208067323 -3.135756516113665
-29.948329805131785 -10.164722560103648 3.1387660852929584
-30.94846734382169 -10.171834163423682 -3.1335515303047994
-31.93324192622315 -10.17456583975999 -3.1366157581043406
-32.921409475161774 -10.188003526534724 -3.141304926073418
-33.93333951564264 -10.18847091245073 -3.1412174813932174
-34.91688270074053 -10.220023120784083 3.1406165770909062
-34.92842862771085 -9.192940240139016 1.5761169805676485
-34.96292522885769 -8.16627018429138 1.5667393409663923
-34.979763719336 -7.193001706635144 1.5718995462163459
-34.98635070025444 -6.191284471731762 1.5732151159656431
-34.97344123373828 -5.196418445728517 1.5794934841036892
-35.97606614893611 -5.185780421627433 3.140207679602868
-37.00094725400182 -5.177762706208676 -3.1410732238123513
-38.00607558615287 -5.184607890725785 -3.1325091082451277
-39.0148847454948 -5.187054119664631 -3.133964453533576
-40.00250666817499 -5.199001618816295 -3.136073668694022
-39.97546525024441 -6.209510753541779 -1.5695946716738254
-39.95705931422749 -7.22470407275921 -1.5719804672786433
-39.967095774080256 -8.2361376192042 -1.556306771012686
-39.946585940855165 -9.227005095517674 -1.5618410092500703
-39.94400954167807 -10.215659879071916 -1.575557026765723
-39.94485677336069 -11.220069540790082 -1.5651566512859734
-39.94509632231245 -12.233228959584395 -1.569339025657144
-39.91693518474546 -13.218480880963792 -1.57260259020538
-39.89931701656477 -14.220586975423934 -1.5688955613520448
-39.925771208993154 -15.202832304642547 -1.5636711510595944
-39.9068020010905 -16.213047223871484 -1.5704388664966276
-39.89610178845911 -17.23178433126952 -1.5625440734541638
-39.92494156846686 -18.233359238966788 -1.5650150872303241
-39.91745744966548 -19.20612594333506 -1.5593301282933807
-39.91385625829839 -20.230629702372212 -1.5528735046370703
-39.89718211207739 -21.248954757415014 -1.551483795773806
-39.89448101104346 -22.235864126703362 -1.5560566825341748
-39.887238102491594 -23.244253031961616 -1.5602917671025582
-39.862962140802026 -24.241710234394915 -1.567656005781856
-39.83769677421023 -25.202495982902533 -1.5684431805673675
-39.84415264550398 -26.207394351942128 -1.5568464740704895
-39.832542357218344 -27.20093017622783 -1.5531288719022431
-39.80103063498352 -28.18894346716845 -1.5692755980951705
-39.81558944322074 -29.20465968753851 -1.5678319185068887
-39.776419995014635 -30.21268226163275 -1.5665752773815427
-39.80333691971818 -31.214589836812223 -1.5672105495225799
-39.781665594111914 -32.24177096332019 -1.5705429554604962
-39.75887603176343 -33.2251731274004 -1.5627171144150738
-39.7460050616553 -34.24048490883006 -1.5733616256862961
-39.75339066422383 -35.23020275018691 -1.5802899820913947
-39.76186530607804 -36.23811338712297 -1.5707355709342339
-39.762928921845166 -37.228720206987184 -1.5730948797794102
-39.75059622471425 -38.2071123822099 -1.5772210039419279
-39.75584112714569 -39.23653294558304 -1.5808281015332346
-39.767002675747726 -40.216220302898066 -1.5603478216343452
-39.752836818705596 -41.22480064079454 -1.5653693866523406
-39.76313430039825 -42.21893703735044 -1.5664457575389743
-39.75266921517369 -43.22734417873159 -1.5681100701312818
-39.75546319602264 -44.23745003980472 -1.5657651920437345
-39.73861528027618 -45.225558582904746 -1.5612148447007288
-39.710804061351176 -46.240718643971 -1.568118560388131
-39.72751752410149 -47.250008385344856 -1.5583656810521813
-39.700406089958946 -48.234261337526085 -1.562892907390036
-39.72765918047504 -49.21288833473691 -1.5549560348657827
-39.70162792970359 -50.20520190511381 -1.5592699200137288
-40.677272003143756 -50.24289983126969 -3.1325718186189406
-41.7079710030952 -50.243899286568336 -3.1350570801092768
-42.704520925626824 -50.25340200111494 -3.14006218842438
-43.70162297091324 -50.23214260339091 -3.137509450263722
-44.68449612480501 -50.23468341626853 -3.134859017101753
-44.69618142513754 -49.26361770595692 1.573305627185533
-44.712264165365404 -48.258132781217725 1.5860864018044376
-44.71342306083151 -47.26185887683376 1.5780992302833887
-44.722201657833835 -46.268199476311025 1.5767429743855101
-44.70964637033216 -45.26057398139455 1.5802554824174244
-44.73835087923734 -44.29870381553739 1.5608313860468026
-44.74284674501433 -43.26226085373652 1.5616368618144087
-44.7395135929238 -42.251602814776824 1.5746328615641245
-44.73257850377009 -41.225887071230424 1.577503618193589
-44.76851587366393 -40.258297083662356 1.570614483902286
-44.75134937344575 -39.25402491716665 1.5647959880885858
-44.75460617249095 -38.27237842452564 1.5735845214779403
-44.771051410386505 -37.24325026693378 1.5689434335546097
-44.72980784840506 -36.24824986829648 1.577501523672022
-44.74001059429253 -35.263516316054705 1.5778914641893709
-43.76444609999117 -35.231202278128315 0.009036125975629139
-42.750246538819 -35.22959974109905 0.019261709319512595
-41.76302705888045 -35.216832928776945 0.011642437706851224
-40.758464622196996 -35.24129061497988 -0.004522805786132446
-39.76035133553238 -35.236208134989255 0.010138325922736502
-38.76110213460743 -35.2498961068048 0.0004999673210103566
-37.77203931039146 -35.22333394620693 0.0029753557084833794
-36.78056908352706 -35.21699002867739 -0.0022162568075671657
-35.77963389469183 -35.215133409705324 -0.0029242471608422185
-34.794799662431345 -35.23787290231037 0.0014457967465089188
-33.79367043996062 -35.22078297116729 0.007503295253846182
-32.79513117878321 -35.20653151980765 0.010930470088665753
-31.76678299600997 -35.20395877316609 0.00991236955381476
-30.74877851318164 -35.19420846750451 0.01384934395714198
-29.741505172989214 -35.19850662591456 0.004146074874431633
-28.731748292163605 -35.210822354923415 0.02113631001292582
-27.726537008707016 -35.18975374621787 0.006716188364424515
-26.73315714328693 -35.18757032914948 0.007590277682736115
-25.728956574106764 -35.19198471410004 -0.0028370109511091815
-24.727416514276264 -35.176936419796014 0.005185775072317232
-24.72617949695141 -34.18733320621617 1.5798032208975528
-24.743554066092404 -33.18602156889742 1.5825836890479632
-24.76306233475649 -32.19324267163361 1.5861678300751685
-24.753453085662183 -31.186159919343385 1.5781868647053205
-24.75204841570541 -30.184328259634793 1.5781490474230977
-24.749537622796115 -29.174608979662676 1.58299485032305
-24.766604494840657 -28.174329507819266 1.5828816333880644
-24.780815350511435 -27.14982961109942 1.586435108244184
-24.818591862537147 -26.150267294776608 1.5673850891365995
-24.832550514048467 -25.126929778489536 1.581463373172984
-24.826788799049215 -24.133434098798272 1.5762408924129465
-24.843372579086914 -23.136603317471135 1.5770798896244496
-24.845811404302765 -22.12575357760542 1.5739483551598266
-24.86591467497744 -21.117608849236653 1.580330753595923
-24.885807281436495 -20.138402803221865 1.5824630292415593
-23.8845565666984 -20.126091605274038 0.015710549672171604
-22.872286014093103 -20.11820847177623 0.013182514281591246
-21.86405365100576 -20.11787492394546 -0.001910364433484404
-20.88574628892708 -20.104877004925946 -0.008383301573174825
-19.876837769307503 -20.08372260769773 0.0016791738363758446
-19.85429563503424 -19.108318496989416 1.57240488581583
-19.86463181393175 -18.10978767895275 1.5717403592384043
-19.879426606340513 -17.080170939428083 1.57366773198124
-19.89589765926932 -16.088372276937083 1.5693946175574962
-19.884767601629047 -15.09344451241232 1.5704375915022057
-18.8830105717324 -15.086174953895982 0.00048421124103970113
-17.86308892502912 -15.097086947756923 0.005132815403089922
-16.878729867537174 -15.080830301997576 0.007327708685579622
-15.88819195785281 -15.088118145737013 -0.0023452268330644475
-14.887283367852742 -15.087075701160101 0.003441422859464077
-13.882669211441113 -15.090553304728827 0.004471091615061097
-12.867315636303111 -15.082775186409421 0.002583830926186436
-11.875480871675247 -15.096853642513118 0.0005369954322328254
-10.891901684723884 -15.072554663262025 0.010305636732405478
-9.894167909988523 -15.077202155689012 0.010732936654958595
-8.896216254893599 -15.080505266140516 -0.002141432086765755
-7.898447275235228 -15.086855616200797 -0.009724613487315835
-6.86580708307565 -15.087128222919832 0.0036125387790122273
-5.853311565334878 -15.096285958012823 0.0014465224792248412
-4.888314547222887 -15.095092404075563 0.005731585763098846
-3.9014741043158283 -15.080584379149693 0.0168969586070755
-2.8942146114174307 -15.075230656135663 0.017685150733267374
-1.885593863765126 -15.051560745227352 0.018012951869205138
-0.8996065105363197 -15.04257551931455 0.010318308891754772
0.08758409941987357 -15.023639695510978 0.010762374408979376
1.0865097720356522 -15.049296332144044 0.01114347280579639
2.084815431630126 -15.01746618079758 0.0014797632591088336
3.0745156321639824 -15.002778738592967 -0.005167725905833655
4.095851660691607 -15.036555890010767 0.01579068009933648
5.07153266525195 -15.014569052606198 0.00830102942278692
6.058271515588405 -15.023953613578016 0.015371450122679882
7.096052813953844 -14.994305665064019 -0.003050796160981575
8.078065440838582 -15.010735999361177 0.009776271506632309
9.050364917545405 -15.022921233213932 0.01988093332583477
10.030584566539316 -15.005463314288246 0.013319551801141374
11.050249714064162 -14.966020387029934 0.013628647617047424
12.080531255102027 -14.971591530500195 0.013039058908618272
13.084328483342372 -14.951493742129427 0.017198473358586902
14.073964300291603 -14.92144806708091 0.011978879080034992
15.078158088237428 -14.90363085133392 0.018289730046195753
16.101889631430332 -14.899783995547672 0.0023188208515208223
17.089256698668233 -14.906236376892284 -0.00022418363491478715
18.086216890393533 -14.864053756058214 0.004222349771568741
19.081927344860965 -14.866301212195424 0.0014741924022087527
20.0807840837713 -14.870888715570103 -0.006323211276540746
21.08279363488356 -14.860140546765273 -0.009275181570292333
22.093092549824895 -14.84348798544309 0.0019201591117715244
23.096675821120883 -14.855781184815397 -0.0010140255215414528
24.104521489487055 -14.867612089575255 0.0004527596123394442
25.10123906302204 -14.887823644383573 0.008498077758753103
26.091985761638195 -14.849962796740996 -0.013948314580638081
27.09885632685258 -14.846817719174354 0.0056035256834975075
28.09332090159403 -14.818502616465297 0.007201832289804544
29.101665799740317 -14.799533154136878 0.007616732800880133
30.103057338764547 -14.797464039427155 0.008567402434145293
31.122426801703803 -14.80529044749999 0.0037503972574761553
32.123335846437634 -14.8008831643266 -0.0029645679114012674
33.11137639762517 -14.805983940435551 0.00522433372492612
34.110248105089795 -14.802054821977203 0.008166699178725926
35.1356438979902 -14.798665758743951 -0.0026677659355081196
36.10147075141641 -14.829808805410824 -0.005928805424772575
37.078739587091114 -14.830472879542397 -0.004177722790563917
38.08236913871186 -14.84458261494676 -0.004878832533886473
39.075537514027936 -14.87716591015458 -0.005821762663313233
40.084610191464236 -14.896494593874422 -0.002698356526874848
41.13459031384618 -14.895252489769208 0.004742887532036044
42.13116069543665 -14.881629161640243 0.013159392455048597
43.13245654485851 -14.881901494239363 0.01144281808989805
44.155469379684504 -14.889798235953803 0.01759468027953084
45.136287540619875 -14.880883208108523 0.011686358488745855
46.15513236037144 -14.843783364742547 0.01104840672228314
47.144743668094684 -14.786050815046666 0.009150873252322111
48.18729141015426 -14.777369135262042 0.004572501775539465
49.197681859135365 -14.763265585548822 0.0030189763109940574
50.18472891921608 -14.802081760500885 -0.0035796857584826313
50.14671081975294 -13.787005789862896 1.570982749062849
50.12827502536876 -12.783430717300648 1.5675199526671144
50.15792141062916 -11.762473653286925 1.5827288428832882
50.147773481713706 -10.772214529681515 1.5898377768406966
50.10000825677118 -9.749321069294389 1.6051569118079558
50.076149399319235 -8.742727767486452 1.6017878557414065
50.084207957462226 -7.73606116802376 1.5941123180054357
50.05680345992323 -6.727245979575785 1.5875934075350695
50.04909741925232 -5.739184902659954 1.5840342990998801
50.02501373076525 -4.741605248438349 1.5816854762837893
50.03510135281119 -3.745186191729416 1.5905969031279725
50.01710801813164 -2.750187017435592 1.5902368639107087
50.008470448926175 -1.731666241950962 1.587249450164696
49.9909719590496 -0.718770098157438 1.5868562662798888
