0.0002639293670654297
0.00031304359436035156
0.00033092498779296875
0.000347137451171875
0.0003619194030761719
0.00037598609924316406
0.0003898143768310547
0.0004029273986816406
0.0004169940948486328
0.0004298686981201172
0.0004429817199707031
0.0004558563232421875
0.00046896934509277344
0.0004818439483642578
0.0004961490631103516
0.0005078315734863281
0.0005209445953369141
0.0005328655242919922
0.0005450248718261719
0.0005578994750976562
0.0005710124969482422
0.0005838871002197266
0.0005958080291748047
0.0006079673767089844
0.0006208419799804688
0.0006339550018310547
0.0006458759307861328
0.0006587505340576172
0.0007107257843017578
0.0007238388061523438
0.0009088516235351562
0.0009398460388183594
0.0009677410125732422
0.0009799003601074219
0.0009918212890625
0.001004934310913086
0.0010170936584472656
0.0010290145874023438
0.0010418891906738281
0.0010538101196289062
0.001065969467163086
0.001077890396118164
0.0010900497436523438
0.0011019706726074219
0.0011141300201416016
0.0011260509490966797
0.0011377334594726562
0.001149892807006836
0.001161813735961914
0.001172780990600586
0.0011849403381347656
0.0011959075927734375
0.0012080669403076172
0.0012209415435791016
0.0012328624725341797
0.0012447834014892578
0.0012569427490234375
0.0012688636779785156
0.0012810230255126953
0.0012929439544677734
0.0013051033020019531
0.0013170242309570312
0.0013287067413330078
0.0013408660888671875
0.0013790130615234375
0.001444101333618164
0.0014607906341552734
0.0014760494232177734
0.0014886856079101562
0.0015017986297607422
0.0015521049499511719
0.0015740394592285156
0.0016579627990722656
0.001708984375
0.0017347335815429688
0.0017499923706054688
0.001764059066772461
0.001809835433959961
0.0018279552459716797
0.0018401145935058594
0.0018527507781982422
0.0018658638000488281
0.0018780231475830078
0.001889944076538086
0.0019030570983886719
0.001918792724609375
0.001931905746459961
0.0019440650939941406
0.001956939697265625
0.0019698143005371094
0.002003908157348633
0.0020210742950439453
0.002033710479736328
0.0027289390563964844
0.0027577877044677734
0.002772808074951172
0.0028209686279296875
0.0028557777404785156
0.0028820037841796875
0.0028967857360839844
0.002908945083618164
0.0029230117797851562
0.002938985824584961
0.0029528141021728516
0.0029659271240234375
0.002980947494506836
0.0029938220977783203
0.0030078887939453125
0.003020048141479492
0.0030698776245117188
0.003195047378540039
0.003239870071411133
0.0032570362091064453
0.003451108932495117
0.0034689903259277344
0.0034830570220947266
0.003495931625366211
0.0035088062286376953
0.0035219192504882812
0.003535032272338867
0.003548860549926758
0.0036630630493164062
0.00374603271484375
0.0037910938262939453
0.0038378238677978516
0.0038781166076660156
0.003940105438232422
0.003982067108154297
0.00403285026550293
0.004053831100463867
0.004067897796630859
0.004080772399902344
0.00409388542175293
0.005142927169799805
0.005158901214599609
0.0052337646484375
0.005246877670288086
0.005572080612182617
0.0056018829345703125
0.005909919738769531
0.00592494010925293
0.005937814712524414
0.005950927734375
0.00714111328125
0.0071868896484375
0.007380962371826172
0.007393836975097656
0.007421970367431641
0.007434844970703125
0.007465839385986328
0.007477998733520508
0.007490873336791992
0.007503986358642578
0.007693052291870117
0.007714986801147461
0.0077288150787353516
0.0077419281005859375
0.007753849029541016
0.0077669620513916016
0.007781982421875
0.007794857025146484
0.00780797004699707
0.007819890975952148
0.007832050323486328
0.007844924926757812
0.00785684585571289
0.007868766784667969
0.007880926132202148
0.007892847061157227
0.007905006408691406
0.007916927337646484
0.007929086685180664
0.007941722869873047
0.007954835891723633
0.007966995239257812
0.00797891616821289
0.007990837097167969
0.008002996444702148
0.008014917373657227
0.008027076721191406
0.008052825927734375
0.008064985275268555
0.00810694694519043
0.008126974105834961
0.008139848709106445
0.008152961730957031
0.008166074752807617
0.008178949356079102
0.00819087028503418
0.008203983306884766
0.008215904235839844
0.008228063583374023
0.008239984512329102
0.008252859115600586
0.008265972137451172
0.008278846740722656
0.008291006088256836
0.008304119110107422
0.008315801620483398
0.008327722549438477
0.008339881896972656
0.008351802825927734
0.008363962173461914
0.008375883102416992
0.008388996124267578
0.008400917053222656
0.008412837982177734
0.00842595100402832
0.008437871932983398
0.008450031280517578
0.008461952209472656
0.008475065231323242
0.008486747741699219
0.008498907089233398
0.008510828018188477
0.008522987365722656
0.00853586196899414
0.00854802131652832
0.008559942245483398
0.008571863174438477
0.008583784103393555
0.008595943450927734
0.008608818054199219
0.008620977401733398
0.008632898330688477
0.008645057678222656
0.008656740188598633
0.008668899536132812
0.008681774139404297
0.008693933486938477
0.008705854415893555
0.008718013763427734
0.008728981018066406
0.008742809295654297
0.008753776550292969
0.008766889572143555
0.008778810501098633
0.008790969848632812
0.00880289077758789
0.00881505012512207
0.008826971054077148
0.008838891983032227
0.008850812911987305
0.008862972259521484
0.008874893188476562
0.008887052536010742
0.008899927139282227
0.008912086486816406
0.008923768997192383
0.008935928344726562
0.00894784927368164
0.008960962295532227
0.008972883224487305
0.008985042572021484
0.008996963500976562
0.00900888442993164
0.009021759033203125
0.009034872055053711
0.009047985076904297
0.009059906005859375
0.009072065353393555
0.009084939956665039
0.009096860885620117
0.009108781814575195
0.009123086929321289
0.009135007858276367
0.009146928787231445
0.009158849716186523
0.009170770645141602
0.009182929992675781
0.009196043014526367
0.009207010269165039
0.009218931198120117
0.009232044219970703
0.00924372673034668
0.00925588607788086
0.009267807006835938
0.009279966354370117
0.009291887283325195
0.009304046630859375
0.009359121322631836
0.00943899154663086
0.00946187973022461
0.009537935256958008
0.009554862976074219
0.009568929672241211
0.009582996368408203
0.009595870971679688
0.009651899337768555
0.009680032730102539
0.009698867797851562
0.009724855422973633
0.009739875793457031
0.009752988815307617
0.009764909744262695
0.009794950485229492
0.009808778762817383
0.009821891784667969
0.009833812713623047
0.009846925735473633
0.009859085083007812
0.00987100601196289
0.009882926940917969
0.009894847869873047
0.009906768798828125
0.009918928146362305
0.00993204116821289
0.009943962097167969
0.009955883026123047
0.009968042373657227
0.009980916976928711
0.009991884231567383
0.010003805160522461
0.01003575325012207
0.010690927505493164
0.010704755783081055
0.010716915130615234
0.010729789733886719
0.010741949081420898
0.012539148330688477
0.012564897537231445
0.012578010559082031
0.01258993148803711
0.012603044509887695
0.01261591911315918
0.012627840042114258
0.01263880729675293
0.012651920318603516
0.012664079666137695
0.012676000595092773
0.012687921524047852
0.01269984245300293
0.012711763381958008
0.01275491714477539
0.012769937515258789
0.012782096862792969
0.012794971466064453
0.012806892395019531
0.01281881332397461
0.012830972671508789
0.012843847274780273
0.012856006622314453
0.012867927551269531
0.012880802154541016
0.012892723083496094
0.012904882431030273
0.012916803359985352
0.012928009033203125
0.012939929962158203
0.012951850891113281
0.012964010238647461
0.012975931167602539
0.012987136840820312
0.013000965118408203
0.013012886047363281
0.013025045394897461
0.013036966323852539
0.013047933578491211
0.013071060180664062
0.013084888458251953
0.013096809387207031
0.013109922409057617
0.013121843338012695
0.013134002685546875
0.013147115707397461
0.013158798217773438
0.013170957565307617
0.013182878494262695
0.013194799423217773
0.013206958770751953
0.013218879699707031
0.013231039047241211
0.013242959976196289
0.013254880905151367
0.013266801834106445
0.013278961181640625
0.01329183578491211
0.013334989547729492
0.013353824615478516
0.013367891311645508
0.013415813446044922
0.013428926467895508
0.013440847396850586
0.013453960418701172
0.01601409912109375
0.01602792739868164
0.016098976135253906
0.016734838485717773
0.016746997833251953
0.016800880432128906
0.016813993453979492
0.02056598663330078
0.02060389518737793
0.020633935928344727
0.02064681053161621
0.02065873146057129
0.02274489402770996
0.022768735885620117
0.02298593521118164
0.023006916046142578
0.023059844970703125
0.023077011108398438
0.02410292625427246
0.024118900299072266
0.024150848388671875
0.02416396141052246
0.025209903717041016
0.025226831436157227
0.02527308464050293
0.02530503273010254
0.026304006576538086
0.026343822479248047
0.026373863220214844
0.026385784149169922
0.026398897171020508
0.026412010192871094
0.026423931121826172
0.027395963668823242
0.02742910385131836
0.03099679946899414
0.031013011932373047
0.03104877471923828
0.031080961227416992
0.03209686279296875
0.03211212158203125
0.03215503692626953
0.032186031341552734
0.03219890594482422
0.0322117805480957
0.03299283981323242
0.03300595283508301
0.03301811218261719
0.033029794692993164
0.033075809478759766
0.03438401222229004
0.03443789482116699
0.034474849700927734
0.03537774085998535
0.03540802001953125
0.036360979080200195
0.03640890121459961
0.036421775817871094
0.03645205497741699
0.03930377960205078
0.03934001922607422
0.03992581367492676
0.03995800018310547
0.03998684883117676
0.04058098793029785
0.04061102867126465
0.040624141693115234
0.04063677787780762
0.0406498908996582
0.041326045989990234
0.041371822357177734
0.04138493537902832
0.04209303855895996
0.04210996627807617
0.04215288162231445
0.04289507865905762
0.04292798042297363
0.04620790481567383
0.04629397392272949
0.04739713668823242
0.047415971755981445
0.04749298095703125
0.04813098907470703
0.048161983489990234
0.04817509651184082
0.0481870174407959
0.04819989204406738
0.04821181297302246
0.04822397232055664
0.04823589324951172
0.0482480525970459
0.04825997352600098
0.04827094078063965
0.04828310012817383
0.048294782638549805
0.048306941986083984
0.04831886291503906
0.048329830169677734
0.048341989517211914
0.04835391044616699
0.04836606979370117
0.048377037048339844
0.05048799514770508
0.050540924072265625
0.05055570602416992
0.05056881904602051
0.050581932067871094
0.05059385299682617
0.05060696601867676
0.05061912536621094
0.05063176155090332
0.0506439208984375
0.05065584182739258
0.05066800117492676
0.050679922103881836
0.050692081451416016
0.050704002380371094
0.05071592330932617
0.050728797912597656
0.050740957260131836
0.050752878189086914
0.050765037536621094
0.05077695846557617
0.050836801528930664
0.050852060317993164
0.05086469650268555
0.05087685585021973
0.050908803939819336
0.050920963287353516
0.050933837890625
0.05094599723815918
0.05095791816711426
0.05097007751464844
0.05098271369934082
0.050994873046875
0.05100679397583008
0.05101895332336426
0.051032066345214844
0.05104398727416992
0.0510561466217041
0.051068782806396484
0.051079750061035156
0.05109095573425293
0.0511019229888916
0.05111384391784668
0.05112481117248535
0.051136016845703125
0.0511469841003418
0.051158905029296875
0.05116987228393555
0.05118584632873535
0.05119776725769043
0.0512089729309082
0.051219940185546875
0.05123090744018555
0.051242828369140625
0.0512540340423584
0.05126500129699707
0.05127692222595215
0.05128788948059082
0.051300048828125
0.05131101608276367
0.051321983337402344
0.051332950592041016
0.051344871520996094
0.051355838775634766
0.051367759704589844
0.05137896537780762
0.05138993263244629
0.05140089988708496
0.05141186714172363
0.05142378807067871
0.051434993743896484
0.051445960998535156
0.05145692825317383
0.051468849182128906
0.05148005485534668
0.05149102210998535
0.05150198936462402
0.051512956619262695
0.051525115966796875
0.05153608322143555
0.05154705047607422
0.05155801773071289
0.05156993865966797
0.05158090591430664
0.05159187316894531
0.051602840423583984
0.05161476135253906
0.051625967025756836
0.05163693428039551
0.05164790153503418
0.05167794227600098
0.05168890953063965
0.05170083045959473
0.0517117977142334
0.05172300338745117
0.051733970642089844
0.05174589157104492
0.051756858825683594
0.05176901817321777
0.051779985427856445
0.05179095268249512
0.05180191993713379
0.05181312561035156
0.05182480812072754
0.05183577537536621
0.05184674263000488
0.05185890197753906
0.051869869232177734
0.051880836486816406
0.05189180374145508
0.05190396308898926
0.05191493034362793
0.0519258975982666
0.05193686485290527
0.05194902420043945
0.051959991455078125
0.0519719123840332
0.05198311805725098
0.05199408531188965
0.05200505256652832
0.0520167350769043
0.05202770233154297
0.05203986167907715
0.05205082893371582
0.05206298828125
0.05209183692932129
0.05210375785827637
0.05211591720581055
0.05212903022766113
0.05214095115661621
0.05215311050415039
0.05216503143310547
0.052176713943481445
0.05218791961669922
0.05219888687133789
0.05220985412597656
0.05222177505493164
0.052232980728149414
0.05224490165710449
0.052255868911743164
0.052266836166381836
0.052278995513916016
0.05228996276855469
0.05230093002319336
0.05231308937072754
0.05232501029968262
0.05233597755432129
0.05234789848327637
0.052359819412231445
0.05237078666687012
0.0523829460144043
0.05239391326904297
0.05240583419799805
0.05241703987121582
0.05242800712585449
0.05243992805480957
0.05245208740234375
0.05246305465698242
0.052474021911621094
0.052484989166259766
0.052496910095214844
0.05250883102416992
0.052519798278808594
0.05253195762634277
0.052542924880981445
0.05255389213562012
0.052565813064575195
0.052577972412109375
0.05258989334106445
0.05260109901428223
0.052613019943237305
0.05263400077819824
0.05264782905578613
0.05265998840332031
0.0526728630065918
0.05268502235412598
0.052696943283081055
0.052709102630615234
0.05272078514099121
0.05273294448852539
0.05765390396118164
0.05771207809448242
0.05772900581359863
0.057743072509765625
0.05775570869445801
0.057768821716308594
0.05778193473815918
0.057795047760009766
0.05780792236328125
0.05781984329223633
0.057832956314086914
0.05784487724304199
0.05785703659057617
0.05786895751953125
0.05788087844848633
0.05789303779602051
0.05790591239929199
0.05791783332824707
0.057930946350097656
0.057942867279052734
0.057955026626586914
0.05796694755554199
0.05797910690307617
0.05799078941345215
0.058003902435302734
0.05801582336425781
0.05806589126586914
0.05807995796203613
0.05809187889099121
0.05810403823852539
0.05811595916748047
0.05812811851501465
0.06206393241882324
0.06207990646362305
0.06215381622314453
0.06703686714172363
0.06707096099853516
0.06708383560180664
0.06803607940673828
0.06805801391601562
0.06807279586791992
0.06808590888977051
0.06811213493347168
0.06812787055969238
0.06814098358154297
0.06815505027770996
0.06816792488098145
0.06817984580993652
0.06819295883178711
0.06820487976074219
0.06821799278259277
0.06823086738586426
0.06824278831481934
0.06825590133666992
0.068267822265625
0.06830000877380371
0.06831192970275879
0.0700228214263916
0.07003998756408691
0.07011294364929199
0.07099199295043945
0.07109189033508301
0.07193112373352051
0.07194375991821289
0.07293105125427246
0.07300710678100586
0.07812881469726562
0.07816076278686523
0.07889199256896973
0.0796668529510498
0.07973694801330566
0.07989287376403809
0.08049678802490234
0.0805509090423584
0.08056497573852539
0.08060479164123535
0.08062195777893066
0.08141374588012695
0.08146786689758301
0.08257675170898438
0.08263278007507324
0.08264589309692383
0.08268594741821289
0.08270406723022461
0.0827178955078125
0.08273100852966309
0.08274292945861816
0.08275604248046875
0.08276796340942383
0.08278083801269531
0.0827939510345459
0.08280587196350098
0.08281803131103516
0.0875709056854248
0.08758687973022461
0.08765697479248047
0.08812212944030762
0.08857989311218262
0.08864402770996094
0.0892949104309082
0.08975410461425781
0.08980607986450195
0.09021782875061035
0.09434390068054199
0.09442877769470215
0.09479379653930664
0.09513688087463379
0.0951848030090332
0.09553790092468262
0.0955507755279541
0.09557914733886719
0.09596800804138184
0.09600186347961426
0.09601497650146484
0.09602785110473633
0.0960397720336914
0.09605193138122559
0.09668803215026855
0.09669971466064453
0.09672808647155762
0.0967409610748291
0.09675383567810059
0.09676575660705566
0.10283684730529785
0.10288405418395996
0.10289978981018066
0.10291290283203125
0.10292601585388184
0.10293912887573242
0.1029517650604248
0.10296392440795898
0.10297584533691406
0.10298800468444824
0.10299897193908691
0.10301089286804199
0.10302305221557617
0.10303497314453125
0.10306692123413086
0.1036078929901123
0.10365581512451172
0.1036679744720459
0.10402488708496094
0.10403800010681152
0.10405087471008301
0.10406279563903809
0.10407495498657227
0.10408687591552734
0.10409903526306152
0.1041109561920166
0.10412192344665527
0.10413384437561035
0.10414576530456543
0.1041567325592041
0.10416889190673828
0.10418081283569336
0.10419201850891113
0.10420489311218262
0.10421586036682129
0.10422801971435547
0.10425901412963867
0.10427093505859375
0.10428190231323242
0.1042940616607666
0.10430574417114258
0.10433292388916016
0.10434508323669434
0.10435700416564941
0.10436868667602539
0.10438084602355957
0.10439276695251465
0.10440897941589355
0.10442113876342773
0.10443282127380371
0.10444474220275879
0.10445690155029297
0.10446786880493164
0.10448098182678223
0.1044929027557373
0.10450387001037598
0.10451602935791016
0.10452795028686523
0.10453915596008301
0.10455083847045898
0.10456180572509766
0.10457396507263184
0.10458588600158691
0.10459780693054199
0.10460901260375977
0.10462093353271484
0.10463309288024902
0.1046450138092041
0.10465598106384277
0.10466790199279785
0.10467982292175293
0.1046907901763916
0.10470390319824219
0.10471582412719727
0.10472702980041504
0.10473895072937012
0.10474991798400879
0.10476207733154297
0.10477304458618164
0.10480189323425293
0.10481500625610352
0.1048269271850586
0.10483884811401367
0.10485076904296875
0.10486292839050293
0.10487484931945801
0.10488700866699219
0.10489892959594727
0.10491204261779785
0.10497498512268066
0.10499978065490723
0.10501599311828613
0.10502982139587402
0.10504388809204102
0.1050570011138916
0.10506987571716309
0.10508298873901367
0.10634994506835938
0.10637998580932617
0.10639309883117676
0.10640597343444824
0.10641789436340332
0.1064298152923584
0.10644197463989258
0.10645389556884766
0.10646700859069824
0.10647892951965332
0.1064910888671875
0.10650277137756348
0.10651493072509766
0.10652780532836914
0.10653996467590332
0.1065518856048584
0.10656404495239258
0.10657668113708496
0.10658884048461914
0.10660076141357422
0.10665178298950195
0.10667896270751953
0.10669374465942383
0.10670781135559082
0.1067209243774414
0.10673403739929199
0.10674715042114258
0.10675883293151855
0.10677075386047363
0.10678386688232422
0.10681486129760742
0.10682988166809082
0.10684370994567871
0.1068568229675293
0.10686993598937988
0.10688400268554688
0.10689687728881836
0.10690879821777344
0.10692095756530762
0.1069338321685791
0.10694599151611328
0.10695910453796387
0.10697102546691895
0.10700488090515137
0.10701680183410645
0.10702991485595703
0.10704183578491211
0.1070549488067627
0.10706710815429688
0.10707974433898926
0.11082196235656738
0.11084485054016113
0.11088395118713379
0.1109158992767334
0.11361098289489746
0.11838793754577637
0.11842489242553711
0.1184380054473877
0.11845088005065918
0.11846399307250977
0.11847591400146484
0.11848902702331543
0.11850094795227051
0.11851286888122559
0.11852478981018066
0.11853575706481934
0.11854791641235352
0.1185598373413086
0.11857199668884277
0.11858391761779785
0.11859488487243652
0.1186070442199707
0.11861801147460938
0.11862897872924805
0.11864089965820312
0.1186518669128418
0.11866378784179688
0.11867475509643555
0.11868596076965332
0.11869692802429199
0.11870884895324707
0.11873888969421387
0.11875295639038086
0.11876487731933594
0.11877799034118652
0.12060785293579102
0.12063288688659668
0.12064790725708008
0.12066078186035156
0.12072992324829102
0.12075376510620117
0.12076783180236816
0.12078094482421875
0.12079405784606934
0.12080693244934082
0.12088704109191895
0.12089991569519043
0.12091279029846191
0.1209249496459961
0.12093782424926758
0.12094998359680176
0.12096190452575684
0.12097406387329102
0.1209859848022461
0.12099814414978027
0.12100887298583984
0.12102174758911133
0.1210329532623291
0.12104487419128418
0.12105703353881836
0.12109994888305664
0.12111306190490723
0.12112593650817871
0.12113785743713379
0.12114977836608887
0.12116289138793945
0.12117505073547363
0.12118792533874512
0.1212000846862793
0.12121176719665527
0.12122392654418945
0.12125086784362793
0.12126469612121582
0.1212778091430664
0.12128996849060059
0.12130284309387207
0.12131500244140625
0.1245718002319336
0.1246030330657959
0.1246190071105957
0.12463188171386719
0.12464499473571777
0.12465691566467285
0.12466883659362793
0.12468194961547852
0.1247248649597168
0.12473797798156738
0.12474989891052246
0.12476301193237305
0.12477493286132812
0.1247868537902832
0.12479996681213379
0.12481188774108887
0.12482404708862305
0.12483596801757812
0.12486696243286133
0.12489581108093262
0.12634801864624023
0.1270298957824707
0.12704205513000488
0.12708711624145508
0.12781476974487305
0.12782883644104004
0.13361406326293945
0.13362979888916016
0.13364291191101074
0.13367700576782227
0.13369011878967285
0.13372087478637695
0.13433003425598145
0.13434386253356934
0.13435697555541992
0.1343698501586914
0.134382963180542
0.13439583778381348
0.13440775871276855
0.13442087173461914
0.13443303108215332
0.1344459056854248
0.13445806503295898
0.13446974754333496
0.13448190689086914
0.13449382781982422
0.13452792167663574
0.13454103469848633
0.13518190383911133
0.13521409034729004
0.13522601127624512
0.13579893112182617
0.1358487606048584
0.13648104667663574
0.13649606704711914
0.13654279708862305
0.13730597496032715
0.1373758316040039
0.14271998405456543
0.14275383949279785
0.14347386360168457
0.14351987838745117
0.14434194564819336
0.14435505867004395
0.14438700675964355
0.14440011978149414
0.14441180229187012
0.1444237232208252
0.14443492889404297
0.14444684982299805
0.14447307586669922
0.14592885971069336
0.14594697952270508
0.14855480194091797
0.14860892295837402
0.14863991737365723
0.1498119831085205
0.1498417854309082
0.1563429832458496
0.15641188621520996
0.15642595291137695
0.15644001960754395
0.15709590911865234
0.15713095664978027
0.1576838493347168
0.15771889686584473
0.1577458381652832
0.1577589511871338
0.15829992294311523
0.15833115577697754
0.15836095809936523
0.15837311744689941
0.15897798538208008
0.1590268611907959
0.15903878211975098
0.15955877304077148
0.15956974029541016
0.1596217155456543
0.16543984413146973
0.16545605659484863
0.16550707817077637
0.16551995277404785
0.16553187370300293
0.165543794631958
0.1661849021911621
0.16676807403564453
0.16681694984436035
0.1673269271850586
0.1673719882965088
0.16738510131835938
0.16739702224731445
0.16740989685058594
0.16742181777954102
0.1674349308013916
0.16744685173034668
0.16745805740356445
0.1674790382385254
0.16749095916748047
0.16750311851501465
0.16751885414123535
0.16898775100708008
0.1690080165863037
0.1690218448638916
0.1690349578857422
0.16904687881469727
0.16905784606933594
0.16907000541687012
0.1690819263458252
0.16909313201904297
0.16910481452941895
0.16911578178405762
0.1691279411315918
0.1691598892211914
0.16917181015014648
0.16918396949768066
0.16919684410095215
0.1692190170288086
0.16923213005065918
0.16924381256103516
0.16925692558288574
0.1693286895751953
0.1693418025970459
0.1703789234161377
0.17041492462158203
0.17044496536254883
0.1704568862915039
0.1704699993133545
0.17048287391662598
0.17049479484558105
0.17050790786743164
0.1705188751220703
0.1705310344696045
0.17054295539855957
0.17055583000183105
0.17056775093078613
0.1705789566040039
0.1705939769744873
0.17060589790344238
0.17061805725097656
0.17062973976135254
0.17064189910888672
0.1706538200378418
0.17066597938537598
0.17067790031433105
0.17069005966186523
0.17691278457641602
0.17692899703979492
0.17696499824523926
0.1776738166809082
0.1777210235595703
0.17844891548156738
0.17854094505310059
0.17926979064941406
0.17996001243591309
0.1799919605255127
0.18001890182495117
0.1807079315185547
0.18072080612182617
0.18074893951416016
0.18076205253601074
0.18077492713928223
0.1807878017425537
0.18079876899719238
0.18081092834472656
0.18082284927368164
0.18746113777160645
0.1875157356262207
0.1875288486480713
0.18834877014160156
0.18836188316345215
0.18837380409240723
0.1883869171142578
0.188399076461792
0.18841171264648438
0.18842482566833496
0.18843698501586914
0.18844890594482422
0.1884620189666748
0.18847393989562988
0.18848586082458496
0.18849682807922363
0.1885087490081787
0.18851995468139648
0.18853092193603516
0.18856287002563477
0.18857479095458984
0.18858695030212402
0.1886157989501953
0.1894528865814209
0.18946504592895508
0.18949604034423828
0.19019699096679688
0.19022488594055176
0.19025397300720215
0.19098687171936035
0.1917128562927246
0.19176006317138672
0.19882893562316895
0.1988668441772461
0.19952893257141113
0.19957494735717773
0.20026373863220215
0.20190095901489258
0.2019360065460205
0.2027299404144287
0.20279288291931152
0.2033689022064209
0.2033977508544922
0.20980095863342285
0.20981693267822266
0.2098557949066162
0.21044182777404785
0.21047496795654297
0.21048808097839355
0.21112799644470215
0.21114277839660645
0.21120405197143555
0.21121788024902344
0.21181297302246094
0.21184492111206055
0.21185779571533203
0.21187090873718262
0.2118840217590332
0.21189594268798828
0.21190905570983887
0.21192193031311035
0.21193385124206543
0.21194696426391602
0.2119588851928711
0.21197199821472168
0.21311306953430176
0.21318292617797852
0.21434783935546875
0.21436309814453125
0.22159504890441895
0.2216639518737793
0.22171998023986816
0.22333312034606934
0.2233877182006836
0.22427892684936523
0.22490167617797852
0.22494888305664062
0.22558307647705078
0.22627711296081543
0.22632598876953125
0.2329549789428711
0.23299098014831543
0.23375391960144043
0.2338097095489502
0.2344517707824707
0.2344827651977539
0.2344958782196045
0.23515892028808594
0.23517107963562012
0.2352008819580078
0.235213041305542
0.2352449893951416
0.23525691032409668
0.23593783378601074
0.23595094680786133
0.2359631061553955
0.23597478866577148
0.23598694801330566
0.23599791526794434
0.23600983619689941
0.23602080345153809
0.23603296279907227
0.23606491088867188
0.23694086074829102
0.2369530200958252
0.23699498176574707
0.24373698234558105
0.24376702308654785
0.2445061206817627
0.2453317642211914
0.24538898468017578
0.24614381790161133
0.24615693092346191
0.24618792533874512
0.2462010383605957
0.2462308406829834
0.24624300003051758
0.24702095985412598
0.24705290794372559
0.24708199501037598
0.24789190292358398
0.2479228973388672
0.25487685203552246
0.254929780960083
0.25557971000671387
0.25619983673095703
0.2562439441680908
0.25682497024536133
0.2574019432067871
0.2574310302734375
0.2574429512023926
0.25745606422424316
0.25748395919799805
0.2574958801269531
0.2586228847503662
0.2586400508880615
0.2586510181427002
0.25866270065307617
0.25867486000061035
0.258685827255249
0.2587299346923828
0.2587430477142334
0.2661709785461426
0.26620984077453613
0.2671830654144287
0.2672398090362549
0.26726484298706055
0.26728081703186035
0.26729583740234375
0.26730799674987793
0.267319917678833
0.2673330307006836
0.26734399795532227
0.26735591888427734
0.2673678398132324
0.2673788070678711
0.2673909664154053
0.26740288734436035
0.267413854598999
0.2674260139465332
0.2674379348754883
0.26744890213012695
0.26746106147766113
0.2674727439880371
0.2674837112426758
0.26749587059020996
0.2675318717956543
0.2675449848175049
0.26755690574645996
0.2686629295349121
0.2686760425567627
0.2686889171600342
0.268718957901001
0.26873278617858887
0.26874494552612305
0.26875782012939453
0.2687699794769287
0.2687819004058838
0.26879405975341797
0.26880574226379395
0.2688167095184326
0.2688288688659668
0.26883983612060547
0.26885175704956055
0.2688629627227783
0.268873929977417
0.26888585090637207
0.26889681816101074
0.2689080238342285
0.2689199447631836
0.2689321041107178
0.26894402503967285
0.26898789405822754
0.269000768661499
0.2690129280090332
0.2690248489379883
0.26903700828552246
0.26904797554016113
0.2690589427947998
0.269071102142334
0.26908206939697266
0.26909399032592773
0.2691047191619873
0.2691168785095215
0.26912784576416016
0.26913881301879883
0.269150972366333
0.2691628932952881
0.26917386054992676
0.26918601989746094
0.2691969871520996
0.2692079544067383
0.26921892166137695
0.26923108100891113
0.2692420482635498
0.2692537307739258
0.26926469802856445
0.26927685737609863
0.2692878246307373
0.269298791885376
0.26930975914001465
0.26932191848754883
0.2693328857421875
0.2693450450897217
0.26935601234436035
0.269366979598999
0.2693789005279541
0.2693898677825928
0.26940202713012695
0.2694129943847656
0.2694239616394043
0.2694358825683594
0.26944780349731445
0.26945996284484863
0.2694709300994873
0.2694828510284424
0.26949501037597656
0.26950693130493164
0.2695178985595703
0.2695291042327881
0.26954102516174316
0.2734849452972412
0.2734980583190918
0.2735300064086914
0.2735588550567627
0.275054931640625
0.2750859260559082
0.2750980854034424
0.27512693405151367
0.27666401863098145
0.2766897678375244
0.276702880859375
0.2850480079650879
0.2859687805175781
0.2859828472137451
0.28602099418640137
0.2868537902832031
0.28690385818481445
0.28691697120666504
0.2869298458099365
0.28795385360717773
0.2879679203033447
0.2879810333251953
0.2879939079284668
0.2880058288574219
0.2880570888519287
0.2890138626098633
0.28905701637268066
0.28908801078796387
0.2899298667907715
0.2899796962738037
0.29804301261901855
0.29805684089660645
0.3001089096069336
0.3001687526702881
0.3014519214630127
0.3014659881591797
0.3015170097351074
0.3015289306640625
0.3015420436859131
0.30155372619628906
0.30156683921813965
0.30157899856567383
0.3015909194946289
0.3016040325164795
0.30161595344543457
0.30162715911865234
0.3016397953033447
0.3016507625579834
0.3016629219055176
0.30167484283447266
0.30168700218200684
0.3016989231109619
0.3017110824584961
0.30172300338745117
0.30173397064208984
0.3017458915710449
0.3017578125
0.3017699718475342
0.30178189277648926
0.30179286003112793
0.3018050193786621
0.3018159866333008
0.30182790756225586
0.30183911323547363
0.3018510341644287
0.3018627166748047
0.30187392234802246
0.30188584327697754
0.3018968105316162
0.3019089698791504
0.30192089080810547
0.30193305015563965
0.3019440174102783
0.3019559383392334
0.3019680976867676
0.30197978019714355
0.30200791358947754
0.3020200729370117
0.3020319938659668
0.3020439147949219
0.30205488204956055
0.3020668029785156
0.3020789623260498
0.3020908832550049
0.30210185050964355
0.30211400985717773
0.3021259307861328
0.3021368980407715
0.30214905738830566
0.30216073989868164
0.3021717071533203
0.3021838665008545
0.30219578742980957
0.30220699310302734
0.3022189140319824
0.3022308349609375
0.3022429943084717
0.30225396156311035
0.30226612091064453
0.3022778034210205
0.3022887706756592
0.30230093002319336
0.30231189727783203
0.3023238182067871
0.3023359775543213
0.30234789848327637
0.30235886573791504
0.3023710250854492
0.3023819923400879
0.30239391326904297
0.30240511894226074
0.3024168014526367
0.3024287223815918
0.3047170639038086
0.3047349452972412
0.3047478199005127
0.3047788143157959
0.3047909736633301
0.30480408668518066
0.30481672286987305
0.30482983589172363
0.3048419952392578
0.3048539161682129
0.30486583709716797
0.30487704277038574
0.3048889636993408
0.3048999309539795
0.30491089820861816
0.30492210388183594
0.304934024810791
0.3049447536468506
0.30495572090148926
0.30496788024902344
0.3049788475036621
0.3050088882446289
0.305020809173584
0.3050501346588135
0.30506205558776855
0.30507373809814453
0.3050858974456787
0.3050978183746338
0.30510878562927246
0.30511999130249023
0.3074941635131836
0.3075559139251709
0.3092536926269531
0.3093078136444092
0.30932188034057617
0.30933380126953125
0.30934691429138184
0.31899476051330566
0.31970715522766113
0.3197197914123535
0.3197329044342041
0.3197658061981201
0.3197779655456543
0.3198108673095703
0.3198258876800537
0.3198378086090088
0.32155585289001465
0.32158780097961426
0.3222949504852295
0.3239889144897461
0.3240029811859131
0.32401490211486816
0.32402777671813965
0.32403993606567383
0.3240509033203125
0.3240628242492676
0.32407498359680176
0.3240938186645508
0.32410597801208496
0.32411694526672363
0.3241288661956787
0.3241410255432129
0.32415199279785156
0.32416391372680664
0.3241751194000244
0.3241870403289795
0.32419800758361816
0.32420992851257324
0.3242218494415283
0.3242337703704834
0.32424497604370117
0.32425689697265625
0.3242678642272949
0.3242788314819336
0.3242909908294678
0.32430195808410645
0.3243141174316406
0.3243250846862793
0.3243367671966553
0.32434773445129395
0.3243587017059326
0.3243708610534668
0.32438182830810547
0.32439279556274414
0.32442688941955566
0.32443904876708984
0.3244509696960449
0.324462890625
0.3244750499725342
0.32448673248291016
0.32449889183044434
0.3245108127593994
0.3245217800140381
0.32453298568725586
0.32454490661621094
0.3245558738708496
0.3245668411254883
0.32457804679870605
0.32458996772766113
0.3246009349822998
0.3246119022369385
0.32462310791015625
0.32463502883911133
0.3246629238128662
0.32468700408935547
0.32470083236694336
0.32471275329589844
0.3247249126434326
0.3247368335723877
0.3247489929199219
0.3247690200805664
0.3247818946838379
0.3281869888305664
0.3282499313354492
0.3282618522644043
0.3282749652862549
0.3385887145996094
0.3386049270629883
0.3386189937591553
0.33863186836242676
0.33864498138427734
0.33865785598754883
0.338670015335083
0.33872294425964355
0.33977174758911133
0.33980488777160645
0.3398168087005615
0.3398299217224121
0.3408529758453369
0.3408670425415039
0.3408980369567871
0.3409268856048584
0.34195709228515625
0.3430037498474121
0.3430356979370117
0.3430488109588623
0.3443639278411865
0.3443770408630371
0.34441494941711426
0.34444379806518555
0.3444559574127197
0.3550598621368408
0.35588979721069336
0.35594701766967773
0.3567049503326416
0.3567180633544922
0.35673093795776367
0.35674285888671875
0.35675597190856934
0.3567688465118408
0.3567800521850586
0.35679197311401367
0.35764098167419434
0.35767078399658203
0.35962390899658203
0.3596639633178711
0.3597280979156494
0.3597590923309326
0.3609330654144287
0.3609459400177002
0.36098408699035645
0.36099696159362793
0.3714628219604492
0.3715188503265381
0.3723769187927246
0.3724217414855957
0.3724548816680908
0.3724677562713623
0.3724808692932129
0.37249302864074707
0.37250494956970215
0.37251710891723633
0.3725287914276123
0.37350988388061523
0.37354373931884766
0.37355685234069824
0.3735690116882324
0.37447595596313477
0.37448906898498535
0.37558603286743164
0.3756530284881592
0.37566590309143066
0.37567877769470215
0.37569093704223633
0.3757028579711914
0.375715970993042
0.37572813034057617
0.37574076652526855
0.37575292587280273
0.3757660388946533
0.3757779598236084
0.3757898807525635
0.37580299377441406
0.37581491470336914
0.3758268356323242
0.3758389949798584
0.3758518695831299
0.37586402893066406
0.37587594985961914
0.3758888244628906
0.3759007453918457
0.3759129047393799
0.37592482566833496
0.37593698501586914
0.3759500980377197
0.3759899139404297
0.37743401527404785
0.37744998931884766
0.37749195098876953
0.3775060176849365
0.38768506050109863
0.38770079612731934
0.3877139091491699
0.3877270221710205
0.3877389430999756
0.38775181770324707
0.38776397705078125
0.38777589797973633
0.3877890110015869
0.387800931930542
0.3878140449523926
0.38782477378845215
0.38783693313598633
0.3878488540649414
0.3878610134124756
0.38787293434143066
0.38788485527038574
0.38791584968566895
0.38792896270751953
0.3879411220550537
0.3879528045654297
0.38796472549438477
0.38797783851623535
0.38798999786376953
0.3880019187927246
0.3880140781402588
0.38802599906921387
0.38803887367248535
0.38805079460144043
0.3880629539489746
0.3880748748779297
0.3880879878997803
0.38809990882873535
0.38811206817626953
0.3881237506866455
0.3881359100341797
0.38814687728881836
0.38815879821777344
0.3881709575653076
0.3881828784942627
0.38819384574890137
0.38820695877075195
0.38825273513793945
0.3893699645996094
0.3901858329772949
0.39022302627563477
0.3910038471221924
0.3910508155822754
0.3919200897216797
0.39281392097473145
0.39285969734191895
0.40225887298583984
0.4023127555847168
0.40447402000427246
0.40453290939331055
0.4058108329772949
0.4058408737182617
0.4066948890686035
0.4067258834838867
0.4067540168762207
0.40764379501342773
0.4085078239440918
0.4085519313812256
0.4184849262237549
0.4194469451904297
0.4194958209991455
0.42040014266967773
0.4213118553161621
0.4213600158691406
0.42229700088500977
0.42231011390686035
0.42334485054016113
0.4233987331390381
0.433513879776001
0.4335649013519287
0.4347100257873535
0.434722900390625
0.4347350597381592
0.4347660541534424
0.4358561038970947
0.43588709831237793
0.435899019241333
0.4370081424713135
0.4370388984680176
0.43706583976745605
0.43707895278930664
0.43819475173950195
0.4382607936859131
0.4382777214050293
0.43961381912231445
0.43967103958129883
0.4538438320159912
0.45397400856018066
0.4567129611968994
0.456866979598999
0.4568817615509033
0.4581329822540283
0.45818376541137695
0.4590158462524414
0.459028959274292
0.4590418338775635
0.45907092094421387
0.46007800102233887
0.4601137638092041
0.4610559940338135
0.46106886863708496
0.46108198165893555
0.46109485626220703
0.4611079692840576
0.4611198902130127
0.4611330032348633
0.46114611625671387
0.46117711067199707
0.46118974685668945
0.46120285987854004
0.47269296646118164
0.47270703315734863
0.4727208614349365
0.4727327823638916
0.4727449417114258
0.47275781631469727
0.47276997566223145
0.4727818965911865
0.4727931022644043
0.4728050231933594
0.47281670570373535
0.4728279113769531
0.4728560447692871
0.4728827476501465
0.47289490699768066
0.47290802001953125
0.4747459888458252
0.474761962890625
0.4747748374938965
0.4748110771179199
0.47661590576171875
0.47662878036499023
0.4766418933868408
0.476654052734375
0.4766659736633301
0.47667789459228516
0.47668981552124023
0.4767019748687744
0.4767138957977295
0.47672581672668457
0.47673892974853516
0.47675108909606934
0.4767630100250244
0.4767749309539795
0.47678685188293457
0.47679877281188965
0.47681093215942383
0.4768228530883789
0.4768350124359131
0.47684812545776367
0.47685909271240234
0.4768717288970947
0.4769158363342285
0.4769446849822998
0.4780898094177246
0.4781229496002197
0.4781370162963867
0.48117971420288086
0.48119592666625977
0.4812278747558594
0.48124098777770996
0.4823579788208008
0.4963958263397217
0.4966089725494385
0.49677586555480957
0.4968118667602539
0.4981999397277832
0.4982719421386719
0.49828386306762695
0.49921512603759766
0.49922776222229004
0.5001559257507324
0.5002038478851318
0.5011708736419678
0.5011827945709229
0.502079963684082
0.50211501121521
0.5021419525146484
0.5135228633880615
0.5135400295257568
0.5143918991088867
0.5144050121307373
0.5144166946411133
0.5144519805908203
0.5144639015197754
0.514477014541626
0.514488935470581
0.5145180225372314
0.5145299434661865
0.5145421028137207
0.5145859718322754
0.5145988464355469
0.5154528617858887
0.5154669284820557
0.5154800415039062
0.5154919624328613
0.5155029296875
0.5155150890350342
0.5155267715454102
0.5155377388000488
0.5155727863311768
0.5155849456787109
0.5156128406524658
0.5165250301361084
0.517366886138916
0.5173988342285156
0.517427921295166
0.5194721221923828
0.5195198059082031
0.5306308269500732
0.5306859016418457
0.5317208766937256
0.5317518711090088
0.532829761505127
0.5337750911712646
0.5338218212127686
0.5347640514373779
0.5356841087341309
0.5357298851013184
0.5495669841766357
0.5496549606323242
0.5510919094085693
0.5520389080047607
0.5520708560943604
0.5520827770233154
0.5521137714385986
0.5532448291778564
0.5532739162445068
0.5532867908477783
0.5532999038696289
0.5544459819793701
0.5544590950012207
0.5544979572296143
0.5545330047607422
0.5557711124420166
0.5557849407196045
0.5558300018310547
0.5558598041534424
0.5680530071258545
0.568120002746582
0.5695867538452148
0.5696139335632324
0.569720983505249
0.5697348117828369
0.5728287696838379
0.572955846786499
0.574652910232544
0.5746867656707764
0.5747158527374268
0.5759940147399902
0.57600998878479
0.5771009922027588
0.5771489143371582
0.5880799293518066
0.5891029834747314
0.5891408920288086
0.5891697406768799
0.5891828536987305
0.5901627540588379
0.5901937484741211
0.5902059078216553
0.5902190208435059
0.5902478694915771
0.5912806987762451
0.5913257598876953
0.591357946395874
0.5923597812652588
0.5924038887023926
0.5924170017242432
0.5924298763275146
0.5924429893493652
0.5940749645233154
0.5941059589385986
0.5941178798675537
0.5941460132598877
0.5941579341888428
0.5941710472106934
0.5941839218139648
0.5941948890686035
0.5942068099975586
0.5942189693450928
0.5942308902740479
0.5942418575286865
0.5942540168762207
0.5942649841308594
0.5942771434783936
0.5942881107330322
0.5942990779876709
0.5943107604980469
0.5943217277526855
0.5943338871002197
0.5943458080291748
0.5943570137023926
0.5943689346313477
0.5943799018859863
0.5943920612335205
0.5944030284881592
0.5944149494171143
0.5944259166717529
0.5944371223449707
0.5944488048553467
0.5944597721099854
0.5944719314575195
0.5944838523864746
0.5945079326629639
0.6065700054168701
0.6065850257873535
0.6066198348999023
0.6066501140594482
0.6079027652740479
0.607933759689331
0.6079459190368652
0.6079599857330322
0.6091790199279785
0.6092100143432617
0.6092369556427002
0.6092500686645508
0.6105179786682129
0.6105508804321289
0.6105639934539795
0.6119909286499023
0.6120049953460693
0.6120178699493408
0.6120481491088867
0.6134970188140869
0.6249349117279053
0.6249678134918213
0.6249980926513672
0.6250109672546387
0.626223087310791
0.6262550354003906
0.6262879371643066
0.6263017654418945
0.6263148784637451
0.6263270378112793
0.6263389587402344
0.6275477409362793
0.6275808811187744
0.6288199424743652
0.6288328170776367
0.6288778781890869
0.6297698020935059
0.6297829151153564
0.6311140060424805
0.6311647891998291
0.6425919532775879
0.6426289081573486
0.6426417827606201
0.6426539421081543
0.6426658630371094
0.64267897605896
0.6427009105682373
0.6427178382873535
0.6427328586578369
0.6427478790283203
0.6427597999572754
0.6427719593048096
0.6427829265594482
0.6427948474884033
0.642805814743042
0.6428179740905762
0.6428289413452148
0.642841100692749
0.6428520679473877
0.6428639888763428
0.6428759098052979
0.6429028511047363
0.6429150104522705
0.6429269313812256
0.6429390907287598
0.6429507732391357
0.6448760032653809
0.6448888778686523
0.6449019908905029
0.6449127197265625
0.6449258327484131
0.6449368000030518
0.6449489593505859
0.644960880279541
0.6449718475341797
0.6449840068817139
0.6450190544128418
0.6450307369232178
0.645042896270752
0.645054817199707
0.6450669765472412
0.6450779438018799
0.645089864730835
0.6451010704040527
0.6451129913330078
0.6451249122619629
0.6451361179351807
0.6451478004455566
0.6451597213745117
0.6451709270477295
0.6451828479766846
0.6451950073242188
0.6452059745788574
0.6452369689941406
0.6452488899230957
0.6452610492706299
0.6465530395507812
0.6465661525726318
0.6466150283813477
0.6477499008178711
0.6477799415588379
0.6478078365325928
0.647819995880127
0.6478331089019775
0.6478450298309326
0.648996114730835
0.6490087509155273
0.6490209102630615
0.649033784866333
0.6490459442138672
0.6490578651428223
0.6490700244903564
0.649090051651001
0.649104118347168
0.649115800857544
0.649127721786499
0.6491408348083496
0.6491529941558838
0.6491639614105225
0.6491758823394775
0.6491870880126953
0.6491990089416504
0.6517748832702637
0.6518058776855469
0.6518340110778809
0.6518456935882568
0.651857852935791
0.6637089252471924
0.6637399196624756
0.6645150184631348
0.664543867111206
0.6645560264587402
0.6645679473876953
0.6645810604095459
0.6645927429199219
0.6646058559417725
0.6646177768707275
0.6646299362182617
0.6646409034729004
0.6646530628204346
0.6646649837493896
0.6672790050506592
0.6672968864440918
0.6673109531402588
0.6673238277435303
0.6673357486724854
0.6673870086669922
0.6691069602966309
0.669975996017456
0.6700210571289062
0.6709389686584473
0.6826169490814209
0.6826317310333252
0.6826620101928711
0.6826748847961426
0.6835958957672119
0.6836419105529785
0.6846137046813965
0.6855599880218506
0.6855888366699219
0.6856160163879395
0.6866028308868408
0.6866307258605957
0.6876118183135986
0.6876547336578369
0.6996109485626221
0.699638843536377
0.6996538639068604
0.6996667385101318
0.6996798515319824
0.699692964553833
0.6997048854827881
0.6997160911560059
0.6997280120849609
0.6997389793395996
0.6997509002685547
0.7035210132598877
0.7035560607910156
0.7035729885101318
0.7035858631134033
0.7035980224609375
0.703650951385498
0.7055809497833252
0.7056198120117188
0.7056488990783691
0.7066729068756104
0.706718921661377
0.7078509330749512
0.707878828048706
0.7089779376983643
0.7090239524841309
0.7090358734130859
0.7090489864349365
0.7212750911712646
0.7213408946990967
0.7223401069641113
0.7223949432373047
0.7232828140258789
0.7241871356964111
0.7242159843444824
0.7251288890838623
0.7251729965209961
0.7261519432067871
0.7385110855102539
0.738569974899292
0.7399208545684814
0.7399349212646484
0.7411308288574219
0.7411439418792725
0.7411561012268066
0.7411680221557617
0.7411990165710449
0.7412259578704834
0.7424869537353516
0.7424988746643066
0.7425119876861572
0.7425239086151123
0.7425367832183838
0.742548942565918
0.742560863494873
0.7425730228424072
0.7425858974456787
0.7438778877258301
0.7439348697662354
0.745142936706543
0.7578098773956299
0.7578468322753906
0.7587709426879883
0.7588169574737549
0.7588300704956055
0.7597317695617676
0.7597448825836182
0.7606339454650879
0.760667085647583
0.7615787982940674
0.7616159915924072
0.7616479396820068
0.7616939544677734
0.7617080211639404
0.7617220878601074
0.7627151012420654
0.7753188610076904
0.7753777503967285
0.7762837409973145
0.7763118743896484
0.7771618366241455
0.7771739959716797
0.7771868705749512
0.7771999835968018
0.7782149314880371
0.7782268524169922
0.7782387733459473
0.7782688140869141
0.7782809734344482
0.7783091068267822
0.779728889465332
0.779742956161499
0.7797837257385254
0.7797980308532715
0.7798099517822266
0.7798230648040771
0.7827351093292236
0.7827708721160889
0.7828090190887451
0.7953519821166992
0.7953667640686035
0.7953987121582031
0.7954280376434326
0.7963130474090576
0.7963261604309082
0.7963378429412842
0.7963488101959229
0.7963790893554688
0.7963907718658447
0.7964189052581787
0.7972879409790039
0.797299861907959
0.7973299026489258
0.7973580360412598
0.7973711490631104
0.7973828315734863
0.798367977142334
0.7983808517456055
0.7993221282958984
0.7993597984313965
0.7993876934051514
0.8003387451171875
0.8003518581390381
0.8003818988800049
0.80039381980896
0.8131809234619141
0.8131968975067139
0.8132109642028809
0.8132238388061523
0.8132369518280029
0.8132500648498535
0.813262939453125
0.8132750988006592
0.8132867813110352
0.8132998943328857
0.8133118152618408
0.813323974609375
0.8133349418640137
0.8133468627929688
0.8133590221405029
0.8133699893951416
0.8134009838104248
0.813413143157959
0.8134257793426514
0.8134379386901855
0.8134677410125732
0.8134808540344238
0.813493013381958
0.8135058879852295
0.8148117065429688
0.8148438930511475
0.8158230781555176
0.8158349990844727
0.8158469200134277
0.8158588409423828
0.8158907890319824
0.816903829574585
0.8169169425964355
0.8169598579406738
0.8169729709625244
0.8169848918914795
0.8169980049133301
0.8170108795166016
0.8170228004455566
0.8170349597930908
0.8170459270477295
0.8170578479766846
0.8170700073242188
0.8170809745788574
0.8170931339263916
0.8171041011810303
0.8171157836914062
0.8196029663085938
0.81961989402771
0.8196337223052979
0.819645881652832
0.8196578025817871
0.8197040557861328
0.8211629390716553
0.8339738845825195
0.8339879512786865
0.8340198993682861
0.8351309299468994
0.8351657390594482
0.8351950645446777
0.8352079391479492
0.8352208137512207
0.8352339267730713
0.8352460861206055
0.8352580070495605
0.8364048004150391
0.8391170501708984
0.839148998260498
0.8391609191894531
0.8391737937927246
0.8391869068145752
0.8392000198364258
0.8392210006713867
0.8392338752746582
0.8392469882965088
0.839259147644043
0.8392717838287354
0.8417818546295166
0.8418190479278564
0.8418469429016113
0.8428237438201904
0.8428688049316406
0.8428819179534912
0.8428940773010254
0.8429207801818848
0.842932939529419
0.8429460525512695
0.8429579734802246
0.8429710865020752
0.8429827690124512
0.8429949283599854
0.843005895614624
0.8430178165435791
0.8430299758911133
0.843040943145752
0.8571310043334961
0.8571839332580566
0.8582608699798584
0.8583097457885742
0.8583228588104248
0.8583338260650635
0.8583469390869141
0.8583588600158691
0.8583719730377197
0.8583841323852539
0.8583967685699463
0.8584089279174805
0.8584208488464355
0.8584330081939697
0.8584449291229248
0.858457088470459
0.8584699630737305
0.8585009574890137
0.8585147857666016
0.8585269451141357
0.8585388660430908
0.8585519790649414
0.8585638999938965
0.8585820198059082
0.858597993850708
0.8586099147796631
0.8586218357086182
0.8586349487304688
0.8586468696594238
0.858659029006958
0.8586709499359131
0.8586831092834473
0.8586938381195068
0.8587057590484619
0.8587167263031006
0.8614850044250488
0.8615260124206543
0.8615379333496094
0.86155104637146
0.8615639209747314
0.8615939617156982
0.8616061210632324
0.8616187572479248
0.8616318702697754
0.8630020618438721
0.8630597591400146
0.8630740642547607
0.863102912902832
0.8642599582672119
0.8642988204956055
0.8654687404632568
0.8655219078063965
0.8801620006561279
0.881324052810669
0.8813717365264893
0.881403923034668
0.8824119567871094
0.8824398517608643
0.8835349082946777
0.8835639953613281
0.884638786315918
0.8847160339355469
0.8859047889709473
0.8859570026397705
0.900230884552002
0.9002621173858643
0.9002759456634521
0.9014110565185547
0.9024839401245117
0.9025321006774902
0.9036757946014404
0.9065001010894775
0.9076797962188721
0.9077107906341553
0.9215500354766846
0.9215998649597168
0.9224779605865479
0.922508955001831
0.9225208759307861
0.9225330352783203
0.9225459098815918
0.9225578308105469
0.922569990158081
0.9225828647613525
0.9225940704345703
0.9226059913635254
0.922637939453125
0.9226500988006592
0.9226610660552979
0.9226727485656738
0.9226837158203125
0.9226958751678467
0.9227068424224854
0.9227187633514404
0.9227309226989746
0.9227418899536133
0.922752857208252
0.9227650165557861
0.9227759838104248
0.9227879047393799
0.9228148460388184
0.9228270053863525
0.922839879989624
0.9228520393371582
0.923853874206543
0.9238979816436768
0.9239099025726318
0.9239227771759033
0.9239349365234375
0.9239468574523926
0.9239590167999268
0.9264848232269287
0.9265027046203613
0.9265158176422119
0.9265279769897461
0.9265398979187012
0.9265520572662354
0.926563024520874
0.9265749454498291
0.9265871047973633
0.9265978336334229
0.9266359806060791
0.926663875579834
0.9280848503112793
0.9289467334747314
0.9289889335632324
0.9290018081665039
0.9428868293762207
0.9429030418395996
0.9429490566253662
0.9440028667449951
0.9440159797668457
0.9440288543701172
0.9440407752990723
0.9440529346466064
0.944066047668457
0.9440779685974121
0.9440910816192627
0.9441359043121338
0.9441487789154053
0.9452950954437256
0.945307731628418
0.9453380107879639
0.9465699195861816
0.9465830326080322
0.9466159343719482
0.9466428756713867
0.9478781223297119
0.947922945022583
0.9491839408874512
0.9491970539093018
0.9492089748382568
0.9635000228881836
0.9635488986968994
0.9635617733001709
0.9647190570831299
0.9647316932678223
0.9647438526153564
0.9647557735443115
0.9647679328918457
0.9647789001464844
0.9648098945617676
0.9648549556732178
0.9663758277893066
0.9664058685302734
0.9664177894592285
0.9664459228515625
0.9679498672485352
0.9679930210113525
0.9695169925689697
0.969559907913208
0.9710788726806641
0.971107006072998
0.9711339473724365
0.985846996307373
0.98586106300354
0.9858739376068115
0.9859199523925781
0.9869558811187744
0.9869809150695801
0.987008810043335
0.9870219230651855
0.9886620044708252
0.9886748790740967
0.9887039661407471
0.9887170791625977
0.9905579090118408
0.9905710220336914
0.990617036819458
0.9906318187713623
0.9906449317932129
0.9906580448150635
0.9906699657440186
0.9906821250915527
0.9906947612762451
0.9907069206237793
0.9907329082489014
0.99074387550354
0.9907560348510742
0.9907729625701904
0.9907858371734619
0.9907979965209961
0.9908099174499512
0.9908220767974854
0.9908349514007568
0.9908468723297119
0.990858793258667
0.9908709526062012
0.9908819198608398
0.9908928871154785
0.9909050464630127
0.9909160137176514
0.9909279346466064
0.9909391403198242
0.9909501075744629
0.9909617900848389
0.9909727573394775
0.9909837245941162
0.9909958839416504
0.9910068511962891
0.9910178184509277
0.9910287857055664
0.998650074005127
1.0004537105560303
1.0004677772521973
1.0004799365997314
1.000493049621582
1.0005228519439697
1.000535011291504
1.0162978172302246
1.0163300037384033
1.0163588523864746
1.0175070762634277
1.0175468921661377
1.0175769329071045
1.0175888538360596
1.018716812133789
1.0187458992004395
1.01987886428833
1.0209970474243164
1.0210280418395996
1.0221779346466064
1.0222268104553223
1.0368969440460205
1.036911964416504
1.0369248390197754
1.036937952041626
1.0369789600372314
1.0369970798492432
1.0370359420776367
1.0370490550994873
1.0370616912841797
1.0370748043060303
1.037104845046997
1.0381989479064941
1.0382299423217773
1.038243055343628
1.038254976272583
1.0382678508758545
1.0382797718048096
1.0382919311523438
1.0383050441741943
1.038316011428833
1.038327932357788
1.0383388996124268
1.0383498668670654
1.0383620262145996
1.0383739471435547
1.0383849143981934
1.038395881652832
1.038407802581787
1.0384187698364258
1.0384299755096436
1.0384418964385986
1.0384528636932373
1.0384650230407715
1.0384759902954102
1.0384879112243652
1.0399069786071777
1.039935827255249
1.0399489402770996
1.0399610996246338
1.039989948272705
1.0414948463439941
1.0415279865264893
1.0415537357330322
1.0432279109954834
1.0449838638305664
1.0450279712677002
1.0607519149780273
1.060784101486206
1.060797929763794
1.060809850692749
1.0608220100402832
1.061938762664795
1.0619728565216064
1.0630388259887695
1.0631048679351807
1.0643529891967773
1.0654149055480957
1.0654568672180176
1.065469741821289
1.0667228698730469
1.0819470882415771
1.0819990634918213
1.0832679271697998
1.0833139419555664
1.0846099853515625
1.0846540927886963
1.0859808921813965
1.087613821029663
1.0876288414001465
1.0914969444274902
1.091580867767334
1.1087710857391357
1.1088199615478516
1.1102120876312256
1.110224723815918
1.11167573928833
1.1116909980773926
1.1117608547210693
1.113434076309204
1.1134638786315918
1.1134769916534424
1.1134898662567139
1.1152098178863525
1.1152868270874023
1.1153199672698975
1.1153337955474854
1.115346908569336
1.115358829498291
1.1153719425201416
1.1171009540557861
1.1171410083770752
1.1171760559082031
1.1346769332885742
1.1348159313201904
1.1348378658294678
1.1348531246185303
1.1367919445037842
1.136807918548584
1.136821985244751
1.1368348598480225
1.1368486881256104
1.136861801147461
1.1368739604949951
1.1368868350982666
1.1369359493255615
1.1369478702545166
1.1386909484863281
1.1387648582458496
1.1388657093048096
1.1406960487365723
1.1407358646392822
1.142270803451538
1.1423227787017822
1.1440167427062988
1.1440789699554443
1.1617300510406494
1.1634459495544434
1.163461685180664
1.163536787033081
1.1662359237670898
1.1696739196777344
1.169724941253662
1.169754981994629
1.171226978302002
1.1712617874145508
1.1712758541107178
1.1712899208068848
1.1713027954101562
1.1713268756866455
1.173274040222168
1.17333984375
1.1733717918395996
1.1733849048614502
1.1951217651367188
1.195152759552002
1.1951959133148193
1.1952860355377197
1.195307970046997
1.1953229904174805
1.1953368186950684
1.1953508853912354
1.1953630447387695
1.195375919342041
1.195387840270996
1.1954009532928467
1.1954138278961182
1.1954269409179688
1.195439100265503
1.1954517364501953
1.197009801864624
1.197077989578247
1.1988987922668457
1.2002637386322021
1.2002789974212646
1.2003378868103027
1.2021749019622803
1.2043449878692627
1.2044289112091064
1.2226250171661377
1.2241430282592773
1.2241978645324707
1.2254247665405273
1.2266809940338135
1.2267251014709473
1.2280488014221191
1.2295830249786377
1.2296559810638428
1.2459168434143066
1.2460429668426514
1.2471368312835693
1.2482616901397705
1.248316764831543
1.2483298778533936
1.2493617534637451
1.2493748664855957
1.249419927597046
1.24943208694458
1.2505178451538086
1.2505519390106201
1.2505807876586914
1.250593900680542
1.2516798973083496
1.2517130374908447
1.2689478397369385
1.2690069675445557
1.2703831195831299
1.2716889381408691
1.2717370986938477
1.2731099128723145
1.2744927406311035
1.2745068073272705
1.2745378017425537
1.2759318351745605
1.2759819030761719
1.2934210300445557
1.2934520244598389
1.2950997352600098
1.2951328754425049
1.296891689300537
1.296921968460083
1.2985730171203613
1.3002259731292725
1.3002769947052002
1.301966905593872
1.3188128471374512
1.3188698291778564
1.3202967643737793
1.3203108310699463
1.3203239440917969
1.3203368186950684
1.3203487396240234
1.320361852645874
1.3203749656677246
1.3203868865966797
1.3203990459442139
1.3204309940338135
1.3242087364196777
1.3242228031158447
1.3242518901824951
1.3257708549499512
1.3258018493652344
1.3273718357086182
1.3273859024047852
1.3273980617523193
1.3274109363555908
1.3274238109588623
1.3274359703063965
1.327449083328247
1.3274610042572021
1.3274719715118408
1.327483892440796
1.3274948596954346
1.3275058269500732
1.3275177478790283
1.327528953552246
1.3275408744812012
1.3275518417358398
1.327564001083374
1.3275749683380127
1.3275859355926514
1.3275980949401855
1.3276090621948242
1.327620029449463
1.3276309967041016
1.3276431560516357
1.3276541233062744
1.327664852142334
1.3276758193969727
1.3276877403259277
1.3277180194854736
1.3277299404144287
1.3277428150177002
1.3277549743652344
1.329908847808838
1.3494350910186768
1.350951910018921
1.350998878479004
1.3524298667907715
1.352442979812622
1.3524558544158936
1.3524677753448486
1.3524808883666992
1.3524930477142334
1.3525049686431885
1.3525309562683105
1.3525450229644775
1.3525569438934326
1.3525700569152832
1.3525817394256592
1.3563487529754639
1.3563899993896484
1.3564038276672363
1.3564329147338867
1.3564457893371582
1.3564589023590088
1.356471061706543
1.356482982635498
1.3564949035644531
1.3565070629119873
1.3565187454223633
1.3565309047698975
1.3565428256988525
1.3565549850463867
1.3565659523010254
1.3565938472747803
1.3566057682037354
1.3566179275512695
1.3566298484802246
1.3586490154266357
1.3586878776550293
1.358717918395996
1.3605899810791016
1.378708839416504
1.3787477016448975
1.3787789344787598
1.3805668354034424
1.3806090354919434
1.3806219100952148
1.3806357383728027
1.3806488513946533
1.380661964416504
1.3806750774383545
1.3806869983673096
1.3806991577148438
1.3807108402252197
1.3807218074798584
1.3807339668273926
1.3807647228240967
1.3807778358459473
1.382896900177002
1.3845717906951904
1.3845858573913574
1.3845980167388916
1.3846099376678467
1.3846220970153809
1.3846628665924072
1.3846819400787354
1.3846960067749023
1.3847339153289795
1.3847458362579346
1.3847579956054688
1.3847699165344238
1.384782075881958
1.384793996810913
1.3848061561584473
1.3848178386688232
1.384828805923462
1.384840965270996
1.3848528861999512
1.3848650455474854
1.3848769664764404
1.3926560878753662
1.3927080631256104
1.392737865447998
1.395249843597412
1.4138858318328857
1.413928747177124
1.4139618873596191
1.4152917861938477
1.4153399467468262
1.4165890216827393
1.4177930355072021
1.4178380966186523
1.4178509712219238
1.4190959930419922
1.4191410541534424
1.4191527366638184
1.4203970432281494
1.4204249382019043
1.4375369548797607
1.4385778903961182
1.4385960102081299
1.438645839691162
1.4395849704742432
1.4405417442321777
1.440586805343628
1.4415957927703857
1.4426259994506836
1.4426710605621338
1.460123062133789
1.4612247943878174
1.4612877368927002
1.4629848003387451
1.4629979133605957
1.4646220207214355
1.4646670818328857
1.4662678241729736
1.4662959575653076
1.4679179191589355
1.485473871231079
1.4855098724365234
1.4869749546051025
1.4870209693908691
1.4883699417114258
1.4883990287780762
1.4897489547729492
1.4911410808563232
1.491170883178711
1.4911847114562988
1.4945390224456787
1.494593858718872
1.5119647979736328
1.5119788646697998
1.5119919776916504
1.5120058059692383
1.5120177268981934
1.512030839920044
1.5120429992675781
1.5120549201965332
1.512082815170288
1.5120959281921387
1.5121078491210938
1.5121209621429443
1.5121331214904785
1.5136528015136719
1.5137248039245605
1.515143871307373
1.5151920318603516
1.5166499614715576
1.5166778564453125
1.518212080001831
1.518239974975586
1.5182528495788574
1.5195229053497314
1.519536018371582
1.5369808673858643
1.5369949340820312
1.5370259284973145
1.5384747982025146
1.5385267734527588
1.539820909500122
1.5411779880523682
1.5412237644195557
1.5412359237670898
1.5412490367889404
1.5412609577178955
1.5412728786468506
1.5412859916687012
1.5426080226898193
1.5426208972930908
1.5426490306854248
1.5438859462738037
1.5439190864562988
1.5613398551940918
1.5613548755645752
1.5613679885864258
1.5613820552825928
1.5613937377929688
1.5614330768585205
1.5615217685699463
1.563002109527588
1.5630559921264648
1.5630688667297363
1.5645909309387207
1.564621925354004
1.5660998821258545
1.5675349235534668
1.5675477981567383
1.5675599575042725
1.5675709247589111
1.5675828456878662
1.5675950050354004
1.5676259994506836
1.5676379203796387
1.5676648616790771
1.5676789283752441
1.5676929950714111
1.5677049160003662
1.5677180290222168
1.5677297115325928
1.5677428245544434
1.567760705947876
1.5677738189697266
1.574678897857666
1.5747408866882324
1.592729091644287
1.5942907333374023
1.5943238735198975
1.595890760421753
1.5959038734436035
1.5959539413452148
1.5959668159484863
1.5975968837738037
1.5993359088897705
1.5993859767913818
1.6009879112243652
1.6010007858276367
1.6195478439331055
1.6196069717407227
1.621208906173706
1.6212437152862549
1.6212708950042725
1.6229701042175293
1.6230010986328125
1.623013973236084
1.6245999336242676
1.6246130466461182
1.6246259212493896
1.624730110168457
1.6263747215270996
1.6264259815216064
1.628105878829956
1.6466407775878906
1.646676778793335
1.646691083908081
1.6484649181365967
1.648521900177002
1.6485350131988525
1.648547887802124
1.6502509117126465
1.650285005569458
1.6502981185913086
1.6503288745880127
1.6520450115203857
1.652076005935669
1.6520888805389404
1.653831958770752
1.6538639068603516
1.655775785446167
1.6557888984680176
1.6558330059051514
1.6751768589019775
1.6766419410705566
1.6766948699951172
1.6767079830169678
1.6780898571014404
1.6781458854675293
1.6781580448150635
1.678171157836914
1.67818284034729
1.6781959533691406
1.6782078742980957
1.679656982421875
1.679685115814209
1.6811819076538086
1.6826727390289307
1.6827058792114258
1.7019178867340088
1.7019340991973877
1.7019798755645752
1.703495740890503
1.7048161029815674
1.704852819442749
1.7061638832092285
1.7062089443206787
1.7075397968292236
1.7089049816131592
1.7089488506317139
1.7272288799285889
1.7287209033966064
1.7287719249725342
1.7287847995758057
1.7303128242492676
1.7303638458251953
1.731867790222168
1.733367919921875
1.733428955078125
1.7349939346313477
1.7538390159606934
1.7538857460021973
1.7554080486297607
1.7568058967590332
1.7568538188934326
1.758288860321045
1.759800910949707
1.7598669528961182
1.7613070011138916
1.7613580226898193
1.7802050113677979
1.7802379131317139
1.782188892364502
1.7839317321777344
1.7839620113372803
1.788233995437622
1.7903327941894531
1.7903878688812256
1.7924730777740479
1.7925009727478027
1.7925138473510742
1.7925269603729248
1.8138458728790283
1.8138859272003174
1.8160927295684814
1.816147804260254
1.818091869354248
1.8181040287017822
1.81813383102417
1.818145990371704
1.8181579113006592
1.8181710243225098
1.8181827068328857
1.8181958198547363
1.8182079792022705
1.8182199001312256
1.8182308673858643
1.8182430267333984
1.818269968032837
1.820605754852295
1.8206520080566406
1.8230888843536377
1.825652837753296
1.8256869316101074
1.8467047214508057
1.846740961074829
1.8482089042663574
1.8482418060302734
1.8496177196502686
1.84965181350708
1.8496780395507812
1.853060007095337
1.853097915649414
1.854442834854126
1.8544549942016602
1.8544681072235107
1.8544800281524658
1.8544917106628418
1.8545029163360596
1.8545148372650146
1.8545258045196533
1.854536771774292
1.8545498847961426
1.8545608520507812
1.8545730113983154
1.854583978652954
1.8545958995819092
1.854607105255127
1.854619026184082
1.8546299934387207
1.8546419143676758
1.8546528816223145
1.8546829223632812
1.8584318161010742
1.8585188388824463
1.8789129257202148
1.880368709564209
1.8803989887237549
1.8804118633270264
1.880424976348877
1.883739709854126
1.8852968215942383
1.8853087425231934
1.8853397369384766
1.8869149684906006
1.886960744857788
1.8885369300842285
1.8885679244995117
1.8885948657989502
1.9079949855804443
1.9096670150756836
1.9097418785095215
1.9112858772277832
1.9113340377807617
1.9129650592803955
1.914684772491455
1.9146978855133057
1.9147450923919678
1.9164907932281494
1.9384040832519531
1.9384570121765137
1.9401557445526123
1.941748857498169
1.9417610168457031
1.9417738914489746
1.9418227672576904
1.9436819553375244
1.943720817565918
1.945563793182373
1.9473798274993896
1.947422981262207
1.9695549011230469
1.9696030616760254
1.9696159362792969
1.9715819358825684
1.9716200828552246
1.9734268188476562
1.9734408855438232
1.9734539985656738
1.973503828048706
1.975290060043335
1.9753189086914062
1.9772379398345947
1.9772529602050781
1.977266788482666
1.9774959087371826
1.9775338172912598
1.9804589748382568
1.980496883392334
2.002960681915283
2.005129814147949
2.005194902420044
2.0071678161621094
2.009105920791626
2.0091559886932373
2.0113918781280518
2.0143070220947266
2.0144948959350586
2.0367588996887207
2.0368168354034424
2.038909912109375
2.0408260822296143
2.0408709049224854
2.040883779525757
2.0429680347442627
2.0430009365081787
2.0452919006347656
2.045325994491577
2.0477538108825684
2.0478057861328125
2.0478358268737793
2.069793939590454
2.069828987121582
2.071889877319336
2.0719029903411865
2.071949005126953
2.071960926055908
2.071974039077759
2.074183940887451
2.0763907432556152
2.076403856277466
2.0764529705047607
2.0791420936584473
2.0823428630828857
2.0824429988861084
2.1044559478759766
2.1044700145721436
2.105897903442383
2.1059439182281494
2.1073157787323
2.1086461544036865
2.1086769104003906
2.11008882522583
2.110118865966797
2.111531972885132
2.111562967300415
2.131788969039917
2.131837844848633
2.1332778930664062
2.1333138942718506
2.1333417892456055
2.1358449459075928
2.135874032974243
2.138564109802246
2.138592004776001
2.1413259506225586
2.1440417766571045
2.144075870513916
2.1658358573913574
2.1658689975738525
2.1658830642700195
2.1676249504089355
2.167670965194702
2.1693649291992188
2.171041965484619
2.171088695526123
2.172804117202759
2.1745760440826416
2.174607038497925
2.174635887145996
2.195585012435913
2.197204828262329
2.1972529888153076
2.198784828186035
2.2003629207611084
2.2003958225250244
2.2019660472869873
2.201997995376587
2.202025890350342
2.2020390033721924
2.2059829235076904
2.2060110569000244
2.206027030944824
2.2060399055480957
2.20605206489563
2.2060940265655518
2.2283449172973633
2.2283599376678467
2.228393793106079
2.2304487228393555
2.2305169105529785
2.2324531078338623
2.2343528270721436
2.2343857288360596
2.23439884185791
2.2344119548797607
2.236356019973755
2.2363901138305664
2.2364017963409424
2.2364299297332764
2.2383410930633545
2.238353729248047
2.2383668422698975
2.2383790016174316
2.2383909225463867
2.23842191696167
2.260101079940796
2.260114908218384
2.2601478099823
2.2601797580718994
2.2601919174194336
2.2602038383483887
2.2602169513702393
2.2602291107177734
2.260241746902466
2.26025390625
2.260265827178955
2.2602779865264893
2.2602899074554443
2.260300874710083
2.260313034057617
2.2603249549865723
2.260335922241211
2.26277494430542
2.262786865234375
2.2628328800201416
2.265277862548828
2.267857789993286
2.2679128646850586
2.267925977706909
2.270857810974121
2.273413896560669
2.273470878601074
2.273483991622925
2.273498058319092
2.2735109329223633
2.2735238075256348
2.2735369205474854
2.2735509872436523
2.2735631465911865
2.2967758178710938
2.296806812286377
2.2984681129455566
2.2984819412231445
2.2984938621520996
2.29850697517395
2.300281047821045
2.300327777862549
2.3021328449249268
2.302145004272461
2.3021578788757324
2.3021888732910156
2.302201986312866
2.3022148609161377
2.3022267818450928
2.3022398948669434
2.3042690753936768
2.304304838180542
2.3057808876037598
2.305823802947998
2.3270559310913086
2.3288938999176025
2.3289408683776855
2.330639123916626
2.33066987991333
2.3306829929351807
2.3306949138641357
2.3307230472564697
2.3307368755340576
2.3307487964630127
2.3307619094848633
2.3307738304138184
2.3307859897613525
2.3307979106903076
2.330810070037842
2.3308217525482178
2.330833911895752
2.330845832824707
2.3308568000793457
2.33086895942688
2.3308799266815186
2.3308918476104736
2.3309030532836914
2.3309149742126465
2.330925941467285
2.335451126098633
2.339648962020874
2.3414907455444336
2.3415369987487793
2.363770008087158
2.365870952606201
2.365940809249878
2.3678629398345947
2.367891788482666
2.3699798583984375
2.372159957885742
2.3722050189971924
2.3744759559631348
2.396523952484131
2.3965389728546143
2.39658784866333
2.3985579013824463
2.398592948913574
2.398620843887329
2.398646831512451
2.400550127029419
2.402470111846924
2.402482748031616
2.40252685546875
2.4047038555145264
2.4068751335144043
2.406920909881592
2.4069340229034424
2.429374933242798
2.4294090270996094
2.42942476272583
2.4294378757476807
2.434019088745117
2.4340548515319824
2.434083938598633
2.4360690116882324
2.43611478805542
2.4361279010772705
2.4361398220062256
2.436152935028076
2.4361650943756104
2.440800905227661
2.440821886062622
2.4408349990844727
2.4408481121063232
2.4408607482910156
2.440894842147827
2.4409070014953613
2.4409358501434326
2.4409477710723877
2.4409608840942383
2.4443359375
2.444349765777588
2.4443798065185547
2.4444079399108887
2.444420099258423
2.4444327354431152
2.446654796600342
2.4467010498046875
2.446713924407959
2.446725845336914
2.4467389583587646
2.446751832962036
2.4467639923095703
2.4467759132385254
2.4467880725860596
2.4467990398406982
2.4712209701538086
2.471254825592041
2.4731218814849854
2.4731369018554688
2.4731497764587402
2.473162889480591
2.473175048828125
2.47318696975708
2.4731979370117188
2.473210096359253
2.4732210636138916
2.4732327461242676
2.4732449054718018
2.4732558727264404
2.473315954208374
2.4754600524902344
2.4755189418792725
2.4755308628082275
2.475543975830078
2.475555896759033
2.4779739379882812
2.4826338291168213
2.4826858043670654
2.482698917388916
2.4827120304107666
2.482725143432617
2.482736825942993
2.4827499389648438
2.482761859893799
2.4827749729156494
2.4827868938446045
2.4827990531921387
2.482811689376831
2.482822895050049
2.482834815979004
2.4828648567199707
2.486078977584839
2.4860939979553223
2.48610782623291
2.4861209392547607
2.4861338138580322
2.486149787902832
2.4861629009246826
2.486176013946533
2.509984016418457
2.510035753250122
2.512138843536377
2.5140600204467773
2.514072895050049
2.5141217708587646
2.516195058822632
2.516227960586548
2.5162417888641357
2.5162549018859863
2.516268014907837
2.5162808895111084
2.51629376411438
2.5163068771362305
2.5163187980651855
2.52150297164917
2.523534059524536
2.552426815032959
2.552518844604492
2.555187940597534
2.556986093521118
2.557032823562622
2.558929920196533
2.5589778423309326
2.5609657764434814
2.5631158351898193
2.5922768115997314
2.5923750400543213
2.595176935195923
2.597038984298706
2.597083806991577
2.598984956741333
2.6009387969970703
2.60099196434021
2.6010050773620605
2.603134870529175
2.6031479835510254
2.6031758785247803
2.6031877994537354
2.603200912475586
2.6259429454803467
2.62595796585083
2.6281578540802
2.628171920776367
2.6282198429107666
2.6303107738494873
2.630342721939087
2.6303699016571045
2.630383014678955
2.6303958892822266
2.630408763885498
2.6304209232330322
2.6304328441619873
2.630444049835205
2.6328318119049072
2.6328628063201904
2.632896900177002
2.6358909606933594
2.6359059810638428
2.6359798908233643
2.6359920501708984
2.63919997215271
2.663378953933716
2.663393974304199
2.66340708732605
2.663419723510742
2.6634700298309326
2.666193723678589
2.666224718093872
2.669022798538208
2.67192006111145
2.6719768047332764
2.674683094024658
2.6746957302093506
2.6747078895568848
2.67471981048584
2.6747639179229736
2.677669048309326
2.677700996398926
2.6777138710021973
2.677726984024048
2.6777398586273193
2.6777520179748535
2.677780866622925
2.6778080463409424
2.677820920944214
2.703223943710327
2.703237771987915
2.7032508850097656
2.703263998031616
2.703278064727783
2.7032899856567383
2.7033028602600098
2.703314781188965
2.7033448219299316
2.7033579349517822
2.7055647373199463
2.7055788040161133
2.705591917037964
2.7056307792663574
2.7100839614868164
2.710096836090088
2.710141897201538
2.712087869644165
2.712123155593872
2.7121520042419434
2.7143499851226807
2.716536045074463
2.7165849208831787
2.7410647869110107
2.7424230575561523
2.7424569129943848
2.744323968887329
2.7443368434906006
2.7443838119506836
2.7464659214019775
2.7464959621429443
2.7484469413757324
2.750454902648926
2.7505037784576416
2.7742550373077393
2.7756640911102295
2.7756989002227783
2.7757270336151123
2.7770469188690186
2.7783939838409424
2.7784271240234375
2.778453826904297
2.779836893081665
2.7798500061035156
2.779862880706787
2.7798759937286377
2.779888868331909
2.7799007892608643
2.7799129486083984
2.781749963760376
2.781796932220459
2.7818098068237305
2.805356025695801
2.8054120540618896
2.80745792388916
2.809340715408325
2.809390068054199
2.8112497329711914
2.8131158351898193
2.813161849975586
2.8150830268859863
2.839540958404541
2.8396201133728027
2.841641902923584
2.8439438343048096
2.844000816345215
2.846289873123169
2.8463189601898193
2.8486177921295166
2.8486456871032715
2.850969076156616
2.85101580619812
2.8774259090423584
2.877440929412842
2.8774960041046143
2.8795597553253174
2.8795738220214844
2.879621744155884
2.8815488815307617
2.8838229179382324
2.883876085281372
2.886491060256958
2.8865058422088623
2.8891549110412598
2.8892159461975098
2.9141578674316406
2.916163921356201
2.916212797164917
2.918200969696045
2.9202017784118652
2.925123929977417
2.925203800201416
2.928337812423706
2.9283509254455566
2.9283807277679443
2.9283947944641113
2.9532599449157715
2.9532928466796875
2.953305959701538
2.9533188343048096
2.95333194732666
2.9533448219299316
2.953356981277466
2.953368902206421
2.953381061553955
2.9534099102020264
2.955482006072998
2.9555139541625977
2.9555258750915527
2.9555540084838867
2.9575538635253906
2.957566976547241
2.9575788974761963
2.9576239585876465
2.9598677158355713
2.95989990234375
2.9621639251708984
2.9621927738189697
2.964600086212158
2.9646308422088623
2.9646430015563965
2.964669942855835
2.9646828174591064
2.9899959564208984
2.990027904510498
2.9926130771636963
2.992626905441284
2.9926838874816895
2.9926979541778564
2.9927098751068115
2.992722749710083
2.9927358627319336
2.992748975753784
2.9955029487609863
2.995515823364258
2.9955477714538574
2.9955759048461914
2.9991347789764404
2.9991488456726074
3.0031418800354004
3.011641025543213
3.0117039680480957
3.0383849143981934
3.038400888442993
3.0384528636932373
3.0408151149749756
3.0408458709716797
3.0430829524993896
3.0431227684020996
3.0431368350982666
3.0455710887908936
3.0455849170684814
3.045597791671753
3.045609951019287
3.045621871948242
3.0456340312957764
3.0456459522247314
3.0456581115722656
3.0456690788269043
3.0456807613372803
3.0457210540771484
3.0457329750061035
3.0457448959350586
3.04575777053833
3.0457699298858643
3.0457818508148193
3.04579496383667
3.045807123184204
3.0458180904388428
3.0458297729492188
3.0458407402038574
3.045851707458496
3.0458648204803467
3.0458757877349854
3.0458879470825195
3.04880690574646
3.0488197803497314
3.048832893371582
3.048845052719116
3.0488569736480713
3.04886794090271
3.048880100250244
3.048891067504883
3.0489389896392822
3.0521318912506104
3.052161931991577
3.0783238410949707
3.0808019638061523
3.080857992172241
3.08310604095459
3.0853569507598877
3.085404872894287
3.0876541137695312
3.089843988418579
3.08988881111145
3.1150898933410645
3.117896795272827
3.117949962615967
3.120637893676758
3.1233649253845215
3.123410940170288
3.126116991043091
3.128865957260132
3.128911018371582
3.1553688049316406
3.1582188606262207
3.158270835876465
3.1611669063568115
3.1642589569091797
3.164315700531006
3.1675808429718018
3.1707770824432373
3.170830011367798
3.1975858211517334
3.197638750076294
3.2006609439849854
3.2034189701080322
3.20346999168396
3.2062020301818848
3.2089767456054688
3.2090086936950684
3.2118098735809326
3.2118420600891113
3.2118687629699707
3.237830877304077
3.2407867908477783
3.2408359050750732
3.2435898780822754
3.2463979721069336
3.246458053588867
3.2493438720703125
3.2521169185638428
3.2521657943725586
3.2807369232177734
3.280751943588257
3.283686876296997
3.2837390899658203
3.2837517261505127
3.2868080139160156
3.286821126937866
3.286853790283203
3.286888837814331
3.2869019508361816
3.2900290489196777
3.2900431156158447
3.2900757789611816
3.2900888919830322
3.2932698726654053
3.2933349609375
3.2933499813079834
3.299553871154785
3.299625873565674
3.3312978744506836
3.3346071243286133
3.3346989154815674
3.3378610610961914
3.337906837463379
3.341007947921753
3.3410439491271973
3.3410727977752686
3.3441579341888428
3.347547769546509
3.347625970840454
3.376420021057129
3.379699945449829
3.3797669410705566
3.3829197883605957
3.38608980178833
3.386143922805786
3.38919997215271
3.392368793487549
3.3924429416656494
3.4201529026031494
3.4231009483337402
3.4299979209899902
3.43009877204895
3.4353158473968506
3.4384899139404297
3.4385430812835693
3.4418768882751465
3.470586061477661
3.470644950866699
3.4740729331970215
3.477205991744995
3.4773049354553223
3.4805140495300293
3.483574867248535
3.483623743057251
3.486931800842285
3.5149638652801514
3.515014886856079
3.5177369117736816
3.520267963409424
3.5203168392181396
3.5228347778320312
3.5255208015441895
3.5255658626556396
3.528317928314209
3.528367042541504
3.555154800415039
3.555184841156006
3.5579588413238525
3.560612916946411
3.560659885406494
3.563385009765625
3.5662777423858643
3.566354751586914
3.569387912750244
3.569401979446411
3.5694148540496826
3.6177268028259277
3.617784023284912
3.6213748455047607
3.6250059604644775
3.625020742416382
3.625091075897217
3.6293299198150635
3.6293649673461914
3.629379987716675
3.6293938159942627
3.634460926055908
3.634528875350952
3.634542942047119
3.6345739364624023
3.634587049484253
3.6391217708587646
3.6392040252685547
3.754112958908081
3.754318952560425
3.7589240074157715
3.7713468074798584
3.77178692817688
3.7750067710876465
3.7778217792510986
3.7778658866882324
3.7778968811035156
3.7779109477996826
3.7809300422668457
3.780987024307251
3.811150074005127
3.8112077713012695
3.8141069412231445
3.8167238235473633
3.8167648315429688
3.8167998790740967
3.8194589614868164
3.819514036178589
3.8223559856414795
3.822413921356201
3.829227924346924
3.860461950302124
3.8605217933654785
3.8637139797210693
3.863801956176758
3.8638367652893066
3.8638498783111572
3.863862991333008
3.8665740489959717
3.86661696434021
3.869224786758423
3.8751988410949707
3.87526798248291
3.8797059059143066
3.87973690032959
3.879753828048706
3.8797669410705566
3.8797800540924072
3.913672924041748
3.9136900901794434
3.9137039184570312
3.913740873336792
3.913771867752075
3.916724920272827
3.91677188873291
3.916804075241089
3.9203379154205322
3.920356035232544
3.920369863510132
3.9204189777374268
3.9245128631591797
3.9245738983154297
3.9246058464050293
3.9278409481048584
3.931854009628296
3.9319348335266113
3.961251974105835
3.9612667560577393
3.9636390209198
3.963653802871704
3.9636688232421875
3.963681936264038
3.9636940956115723
3.9637069702148438
3.963718891143799
3.963730812072754
3.963826894760132
3.9638400077819824
3.9638519287109375
3.963865041732788
3.9662959575653076
3.9693949222564697
3.9694650173187256
3.972810983657837
3.9761807918548584
3.9762301445007324
4.006350040435791
4.008286952972412
4.008321046829224
4.0105767250061035
4.010638952255249
4.012819766998291
4.012882947921753
4.015355110168457
4.015467882156372
4.017827033996582
4.017891883850098
4.017904758453369
4.046506881713867
4.049657106399536
4.049789905548096
4.053241014480591
4.053273916244507
4.056444883346558
4.0565009117126465
4.059539794921875
4.063173770904541
4.063246965408325
4.095173120498657
4.095206022262573
4.0987548828125
4.102345943450928
4.102394104003906
4.102405786514282
4.102418899536133
4.106623888015747
4.106673717498779
4.110505819320679
4.110519886016846
4.110532999038696
4.110546827316284
4.110559940338135
4.11057186126709
4.11058497428894
4.110597133636475
4.110640048980713
4.110652923583984
4.1106648445129395
4.1106789112091064
4.110691070556641
4.110702991485596
4.110715866088867
4.110727787017822
4.110773801803589
4.115539789199829
4.115611791610718
4.145940780639648
4.145956039428711
4.145968914031982
4.145981788635254
4.146014928817749
4.149340867996216
4.149394750595093
4.149407863616943
4.1494200229644775
4.152611970901489
4.152652978897095
4.152666091918945
4.152709722518921
4.152726888656616
4.155958890914917
4.159035921096802
4.159049987792969
4.15906286239624
4.159075975418091
4.159106969833374
4.159120082855225
4.159132719039917
4.15916109085083
4.1591737270355225
4.159185886383057
4.162608861923218
4.162662029266357
4.193753957748413
4.193809747695923
4.193822860717773
4.193835973739624
4.193849086761475
4.193861722946167
4.193873882293701
4.193885803222656
4.193898916244507
4.193912029266357
4.193949937820435
4.196974039077759
4.202870845794678
4.202956914901733
4.210899829864502
4.210978984832764
4.215149879455566
4.215227842330933
4.217794895172119
4.217808723449707
4.247511863708496
4.247584819793701
4.25097393989563
4.254259824752808
4.254310846328735
4.257896900177002
4.2579100131988525
4.261339902877808
4.261392116546631
4.264993906021118
4.265056848526001
4.296315908432007
4.3034820556640625
4.303516864776611
4.306999921798706
4.310523748397827
4.310561895370483
4.3144450187683105
4.314514875411987
4.318237781524658
4.318253040313721
4.349061727523804
4.3491151332855225
4.352555990219116
4.356308937072754
4.356362819671631
4.360687017440796
4.366109848022461
4.366197824478149
4.371073961257935
4.404238939285278
4.4042558670043945
4.404293060302734
4.411640882492065
4.411725044250488
4.411757946014404
4.411771059036255
4.415434837341309
4.418637990951538
4.418672800064087
4.418717861175537
4.42203688621521
4.422096014022827
4.42560887336731
4.4566240310668945
4.456678867340088
4.460073947906494
4.464561939239502
4.464789867401123
4.468621015548706
4.468679904937744
4.472422122955322
4.476061820983887
4.476112127304077
4.507930040359497
4.511620044708252
4.511739730834961
4.515771865844727
4.519493103027344
4.519552946090698
4.523242950439453
4.526965856552124
4.527041912078857
4.558633804321289
4.562715768814087
4.562779903411865
4.566513776779175
4.5706627368927
4.570720911026001
4.574370861053467
4.577968120574951
4.5780158042907715
4.610097885131836
4.613997936248779
4.614073038101196
4.617464065551758
4.621013879776001
4.6210737228393555
4.6247358322143555
4.624752044677734
4.624764919281006
4.624778985977173
4.624791860580444
4.628803968429565
4.6288979053497314
4.660578012466431
4.668614864349365
4.672471046447754
4.672576904296875
4.676330804824829
4.6763927936553955
4.680465936660767
4.684000015258789
4.684070825576782
4.716240882873535
4.716274738311768
4.723809003829956
4.723878860473633
4.729449987411499
4.72951078414917
4.732838869094849
4.7328901290893555
4.736254930496216
4.736283779144287
4.739588975906372
4.77155876159668
4.771613836288452
4.775185823440552
4.778832912445068
4.778910875320435
4.778924942016602
4.7789390087127686
4.77895188331604
4.778964996337891
4.778979063034058
4.778991937637329
4.779004812240601
4.779017925262451
4.779047727584839
4.7790608406066895
4.77907395362854
4.779085874557495
4.779098987579346
4.779110908508301
4.779122829437256
4.77913498878479
4.779146909713745
4.7791588306427
4.779170989990234
4.7791829109191895
4.779195070266724
4.779205799102783
4.779217720031738
4.7792298793792725
4.7792418003082275
4.779253005981445
4.7792649269104
4.7792768478393555
4.77928900718689
4.779300928115845
4.7793128490448
4.779342889785767
4.779355049133301
4.779366731643677
4.779378890991211
4.779390811920166
4.7794029712677
4.779414892196655
4.779425859451294
4.779438018798828
4.779449939727783
4.779460906982422
4.779472827911377
4.779484748840332
4.779496908187866
4.779508829116821
4.77951979637146
4.7848570346832275
4.784870862960815
4.784883975982666
4.784912824630737
4.7880799770355225
4.788113832473755
4.7881269454956055
4.7881550788879395
4.791634798049927
4.791719913482666
4.824062824249268
4.8240790367126465
4.8276448249816895
4.827682971954346
4.8277130126953125
4.827724933624268
4.827738046646118
4.82775092124939
4.831410884857178
4.83479905128479
4.84240198135376
4.842489957809448
4.846494913101196
4.8792407512664795
4.8792948722839355
4.882803916931152
4.886487007141113
4.886533737182617
4.886561870574951
4.890612840652466
4.890626907348633
4.890640020370483
4.890652894973755
4.890665769577026
4.8906779289245605
4.890691041946411
4.890702962875366
4.8907151222229
4.890726804733276
4.890737771987915
4.890749931335449
4.890761852264404
4.8907740116119385
4.8907859325408936
4.890798091888428
4.890810012817383
4.8908209800720215
4.890852928161621
4.890864849090576
4.895371913909912
4.895391941070557
4.895406007766724
4.8954479694366455
4.899992942810059
4.900030851364136
4.934708833694458
4.934746980667114
4.934760808944702
4.934790849685669
4.9348039627075195
4.934815883636475
4.934828996658325
4.934842109680176
4.934853792190552
4.934866905212402
4.934878826141357
4.938318967819214
4.938332796096802
4.938363075256348
4.938375949859619
4.938388824462891
4.938401937484741
4.938415050506592
4.938426971435547
4.938438892364502
4.938450813293457
4.938462972640991
4.938474893569946
4.9384870529174805
4.9384989738464355
4.941982984542847
4.942039966583252
4.945844888687134
4.946013927459717
4.9460320472717285
4.946046829223633
4.946139812469482
4.946220874786377
4.946285963058472
4.946299076080322
4.954467058181763
4.954519987106323
4.9545509815216064
4.958282947540283
4.958298921585083
4.9583117961883545
4.958324909210205
4.958338022232056
4.958349943161011
4.958362102508545
4.9584057331085205
4.9584197998046875
4.958448886871338
4.958460807800293
4.9584739208221436
4.958485841751099
4.958498001098633
4.958509922027588
4.958522081375122
4.958533763885498
4.9585630893707275
4.996869802474976
4.996886968612671
4.996901035308838
5.004306793212891
5.004350900650024
5.004364013671875
5.004392862319946
5.004405975341797
5.007637977600098
5.007674932479858
5.010854005813599
5.010901927947998
5.010915040969849
5.014508962631226
5.014589786529541
5.018134832382202
5.018195867538452
5.018208980560303
5.018222093582153
5.018234968185425
5.018247842788696
5.018260955810547
5.018272876739502
5.0182859897613525
5.018299102783203
5.018310785293579
5.018322944641113
5.018334865570068
5.018347978591919
5.018359899520874
5.018372058868408
5.018383979797363
5.018395900726318
5.051992893218994
5.052038908004761
5.052052974700928
5.052088975906372
5.059862852096558
5.059899806976318
5.059914827346802
5.059927940368652
5.0599400997161865
5.059952020645142
5.059964895248413
5.060014009475708
5.060025930404663
5.065732955932617
5.0657970905303955
5.069164991378784
5.069194793701172
5.072597980499268
5.072643995285034
5.072675943374634
5.07608699798584
5.1095521450042725
5.109618902206421
5.113420009613037
5.113483905792236
5.113517999649048
5.113531827926636
5.116978883743286
5.116992950439453
5.120713949203491
5.120779991149902
5.1208109855651855
5.124285936355591
5.124301910400391
5.124315023422241
5.124327898025513
5.124341011047363
5.124352931976318
5.124364852905273
5.124377012252808
5.1244378089904785
5.128113746643066
5.162077903747559
5.162184953689575
5.162226915359497
5.166853904724121
5.166920900344849
5.17134690284729
5.175482988357544
5.175534009933472
5.1802239418029785
5.184825897216797
5.1848978996276855
5.219904899597168
5.223871946334839
5.223933935165405
5.22807502746582
5.23217511177063
5.232245922088623
5.236114740371704
5.240015029907227
5.240067005157471
5.27587890625
5.2794349193573
5.279449939727783
5.279505729675293
5.279540777206421
5.2795538902282715
5.282851934432983
5.282864809036255
5.282897710800171
5.282909870147705
5.282940864562988
5.2863218784332275
5.2863757610321045
5.289762020111084
5.293344020843506
5.29341197013855
5.32769775390625
5.327755928039551
5.3312108516693115
5.331242799758911
5.334780931472778
5.338643789291382
5.338680982589722
5.3387110233306885
5.342707872390747
5.342742919921875
5.347092866897583
5.347162961959839
5.383343935012817
5.38337779045105
5.387161016464233
5.387218952178955
5.3912670612335205
5.391340970993042
5.395405054092407
5.395503997802734
5.399510860443115
5.399543046951294
5.403422832489014
5.403436899185181
5.4034857749938965
5.445441961288452
5.445498943328857
5.449508905410767
5.449558973312378
5.452816009521484
5.452983856201172
5.456338882446289
5.456387042999268
5.456418991088867
5.456432819366455
5.460268974304199
5.46033787727356
5.466562032699585
5.503366708755493
5.503406047821045
5.503419876098633
5.507843971252441
5.507922887802124
5.5111470222473145
5.511200904846191
5.514772891998291
5.5148069858551025
5.518042087554932
5.518094062805176
5.521413087844849
5.521451950073242
5.521465063095093
5.521496057510376
5.558173894882202
5.5582098960876465
5.562214136123657
5.565846920013428
5.565911054611206
5.5659239292144775
5.570443868637085
5.570461750030518
5.570637941360474
5.573798894882202
5.5738139152526855
5.573828935623169
5.57387375831604
5.57390570640564
5.57391881942749
5.576837062835693
5.6142258644104
5.614243030548096
5.614256858825684
5.614293813705444
5.6143248081207275
5.614382028579712
5.618086099624634
5.618138074874878
5.618169069290161
5.621675968170166
5.621779918670654
5.6254048347473145
5.625460863113403
5.62547492980957
5.62938380241394
5.629400968551636
5.6294779777526855
5.633836984634399
5.63387393951416
5.633925676345825
5.671996831893921
5.6720380783081055
5.676941871643066
5.677016019821167
5.681154012680054
5.681213855743408
5.685281038284302
5.685295104980469
5.685307741165161
5.685320854187012
5.685333967208862
5.685347080230713
5.685359001159668
5.685370922088623
5.685382843017578
5.685394763946533
5.685406923294067
5.6854188442230225
5.685431003570557
5.685442924499512
5.6884987354278564
5.6885480880737305
5.691739082336426
5.726512908935547
5.7265660762786865
5.730363130569458
5.733608961105347
5.733626127243042
5.733660936355591
5.736966848373413
5.73701810836792
5.740349769592285
5.744013071060181
5.7441020011901855
5.780372858047485
5.783729791641235
5.783781051635742
5.786972761154175
5.786986827850342
5.787019968032837
5.7904040813446045
5.798670053482056
5.798780918121338
5.804311037063599
5.843214988708496
5.843270778656006
5.848174095153809
5.848188877105713
5.84820294380188
5.848235845565796
5.852775812149048
5.856225967407227
5.856262922286987
5.859724998474121
5.869354963302612
5.869468927383423
5.909546852111816
5.909601926803589
5.914016962051392
5.914031982421875
5.914170980453491
5.918378829956055
5.918413877487183
5.921800851821899
5.925112962722778
5.9251868724823
5.93274998664856
5.971038818359375
5.971099853515625
5.974601984024048
5.977906942367554
5.977982997894287
5.981600999832153
5.985239028930664
5.9931418895721436
5.99323582649231
6.031065940856934
6.036669969558716
6.038937091827393
6.038985967636108
6.04144287109375
6.041456699371338
6.0440168380737305
6.044072866439819
6.04408597946167
6.044097900390625
6.044111013412476
6.044123888015747
6.044135808944702
6.044148921966553
6.044160842895508
6.044173955917358
6.044186115264893
6.044198036193848
6.044210910797119
6.044222831726074
6.044234991073608
6.05092191696167
6.051223993301392
6.051307916641235
6.090862989425659
6.090901851654053
6.090914964675903
6.090928077697754
6.090940713882446
6.090953826904297
6.091036796569824
6.091059923171997
6.0910749435424805
6.091118097305298
6.093531131744385
6.093544960021973
6.09355902671814
6.093617916107178
6.096163988113403
6.098355770111084
6.098412990570068
6.098426103591919
6.098438739776611
6.098451852798462
6.0984649658203125
6.098478078842163
6.098489999771118
6.09850287437439
6.098514795303345
6.098526954650879
6.1008360385894775
6.100849866867065
6.100862979888916
6.100874900817871
6.100888013839722
6.100899934768677
6.100912809371948
6.100943088531494
6.104534864425659
6.104548931121826
6.104610919952393
6.141288757324219
6.1413209438323975
6.141333818435669
6.14423394203186
6.144294023513794
6.147324800491333
6.1473388671875
6.147351026535034
6.147362947463989
6.147421836853027
6.15064001083374
6.150652885437012
6.150664806365967
6.150676965713501
6.1506898403167725
6.150701999664307
6.150736093521118
6.150749921798706
6.1507627964019775
6.150774955749512
6.150788068771362
6.150800704956055
6.159085988998413
6.159102916717529
6.159189939498901
6.163845062255859
6.163858890533447
6.163932800292969
6.163945913314819
6.202115058898926
6.202131986618042
6.202146053314209
6.2021589279174805
6.202171087265015
6.202183723449707
6.202196836471558
6.202209949493408
6.202276945114136
6.206000804901123
6.206037998199463
6.2095630168914795
6.209576845169067
6.209589958190918
6.2096030712127686
6.20961594581604
6.209627866744995
6.20963978767395
6.209651947021484
6.209664821624756
6.20967698097229
6.209688901901245
6.209701061248779
6.20977783203125
6.214383125305176
6.218202114105225
6.2182698249816895
6.222131967544556
6.260390043258667
6.260446786880493
6.265282869338989
6.2693939208984375
6.269443988800049
6.269477128982544
6.273275852203369
6.273289918899536
6.2733259201049805
6.277153015136719
6.277190923690796
6.283207893371582
6.283293962478638
6.322476863861084
6.3225178718566895
6.326331853866577
6.326385736465454
6.330333948135376
6.330348968505859
6.3303608894348145
6.3304078578948975
6.330424070358276
6.334275007247925
6.334319114685059
6.33801794052124
6.3380537033081055
6.342089891433716
6.342206954956055
6.382040977478027
6.382077932357788
6.382107734680176
6.386198997497559
6.390167951583862
6.390182018280029
6.390230894088745
6.394230842590332
6.394243955612183
6.394256830215454
6.394288778305054
6.402345895767212
6.408260107040405
6.408635139465332
6.4782609939575195
6.484957933425903
6.484982013702393
6.484997749328613
6.4850709438323975
6.49062705039978
6.490686893463135
6.494485855102539
6.494499921798706
6.494537830352783
6.49456787109375
6.501953840255737
6.501990079879761
6.50635290145874
6.506395101547241
6.506407737731934
6.545013904571533
6.545030832290649
6.545210123062134
6.549953937530518
6.550013780593872
6.550045967102051
6.550060033798218
6.554661989212036
6.5546770095825195
6.5547099113464355
6.55472207069397
6.554757118225098
6.559659004211426
6.559697866439819
6.564718008041382
6.56489896774292
6.569456100463867
6.610445976257324
6.610507965087891
6.61406397819519
6.617588996887207
6.617605686187744
6.617680788040161
6.617693901062012
6.620867013931274
6.620944023132324
6.6239869594573975
6.624042987823486
6.627838850021362
6.674405097961426
6.6745147705078125
6.674551963806152
6.678510904312134
6.678589820861816
6.681011915206909
6.681056022644043
6.68107008934021
6.6834070682525635
6.683420896530151
6.683449983596802
6.685774087905884
6.685807943344116
6.688147783279419
6.688179969787598
6.688194036483765
6.6882219314575195
6.7257959842681885
6.725810766220093
6.729982852935791
6.730072021484375
6.734184980392456
6.738080978393555
6.738095045089722
6.738148927688599
6.742491722106934
6.742505788803101
6.746957063674927
6.746973752975464
6.747030973434448
6.787156820297241
6.787195920944214
6.7872350215911865
6.787248134613037
6.79156494140625
6.791607856750488
6.791621685028076
6.791634798049927
6.791647911071777
6.791659832000732
6.791672945022583
6.791685104370117
6.791696786880493
6.796386003494263
6.796452045440674
6.800506114959717
6.804550886154175
6.804603099822998
6.808809995651245
6.848422050476074
6.848477840423584
6.85212779045105
6.855643033981323
6.855695962905884
6.859263896942139
6.859332084655762
6.863579750061035
6.8675360679626465
6.867613792419434
6.9078450202941895
6.911885023117065
6.91202974319458
6.919203996658325
6.919296979904175
6.919311046600342
6.923519849777222
6.927135944366455
6.927202939987183
6.932610988616943
6.983253002166748
6.98331093788147
6.987239837646484
6.991146802902222
6.991243839263916
6.997377872467041
7.001158714294434
7.001264810562134
7.005400896072388
7.005636930465698
7.049657106399536
7.049690008163452
7.053605079650879
7.0574729442596436
7.057546854019165
7.061743974685669
7.067056894302368
7.0671539306640625
7.072763919830322
7.118228912353516
7.118283987045288
7.122321844100952
7.122345924377441
7.13085675239563
7.13095498085022
7.134375810623169
7.134389877319336
7.1344029903411865
7.134457111358643
7.138082981109619
7.138096809387207
7.138127088546753
7.141790866851807
7.1418328285217285
7.141845941543579
7.181699991226196
7.1817169189453125
7.181752920150757
7.185020923614502
7.185057878494263
7.188145875930786
7.188197135925293
7.191406965255737
7.191420793533325
7.191451072692871
7.194653749465942
7.198206901550293
7.198291778564453
7.198304891586304
7.239716053009033
7.239731788635254
7.239745855331421
7.2397589683532715
7.239771842956543
7.2397849559783936
7.239797830581665
7.239809989929199
7.239824056625366
7.2398598194122314
7.239892959594727
7.243536710739136
7.243584871292114
7.243597984313965
7.243611097335815
7.243622779846191
7.243634939193726
7.243647813796997
7.243659973144531
7.243691921234131
7.243704080581665
7.249172925949097
7.24925684928894
7.249270915985107
7.254787921905518
7.254873037338257
7.261596918106079
7.26810884475708
7.268189907073975
7.3109071254730225
7.310940742492676
7.314724922180176
7.314803838729858
7.318368911743164
7.318441867828369
7.318455934524536
7.322041034698486
7.331457853317261
7.331540822982788
7.335760831832886
7.335792064666748
7.375351905822754
7.377964973449707
7.378021001815796
7.378037929534912
7.378106117248535
7.3781280517578125
7.378142833709717
7.37822413444519
7.378238916397095
7.378252029418945
7.378264904022217
7.378278017044067
7.3783369064331055
7.378353834152222
7.378371953964233
7.378384828567505
7.378460884094238
7.378503799438477
7.378572940826416
7.378588914871216
7.378601789474487
7.378614902496338
7.3786280155181885
7.37864089012146
7.3786537647247314
7.378665924072266
7.378679037094116
7.378690958023071
7.378704071044922
7.378715753555298
7.378727912902832
7.378739833831787
7.378752946853638
7.378764867782593
7.378777027130127
7.378788948059082
7.378800868988037
7.378813743591309
7.386228799819946
7.389663934707642
7.389678001403809
7.389761924743652
7.389775037765503
7.389787912368774
7.3897998332977295
7.389811754226685
7.389824867248535
7.389837026596069
7.389872789382935
7.389884948730469
7.38989782333374
7.389909982681274
7.389922857284546
7.38993501663208
7.393329858779907
7.393342971801758
7.3975348472595215
7.397586822509766
7.397637844085693
7.4389448165893555
7.438983917236328
7.441713809967041
7.4417948722839355
7.445091009140015
7.450607061386108
7.450700998306274
7.45470404624939
7.45478081703186
7.454794883728027
7.454808950424194
7.454822063446045
7.458829879760742
7.458905935287476
7.458918809890747
7.458931922912598
7.501919984817505
7.501935958862305
7.501966953277588
7.505266904830933
7.5052809715271
7.505334854125977
7.505363941192627
7.509131908416748
7.509147882461548
7.509160757064819
7.509232759475708
7.509245872497559
7.509258985519409
7.509271860122681
7.513345956802368
7.513433933258057
7.513446807861328
7.516955137252808
7.516969919204712
7.5170159339904785
7.520476818084717
7.520546913146973
7.570197820663452
7.570214033126831
7.570245742797852
7.5702598094940186
7.570272922515869
7.582912921905518
7.5830278396606445
7.583134889602661
7.583152770996094
7.583166837692261
7.583180904388428
7.5936009883880615
7.593682765960693
7.59369683265686
7.6006760597229
7.600731134414673
7.6059699058532715
7.606029033660889
7.61127495765686
7.611323833465576
7.6113550662994385
7.655205011367798
7.655247926712036
7.655261754989624
7.659272909164429
7.659286975860596
7.659298896789551
7.659312009811401
7.659323692321777
7.659336805343628
7.659348964691162
7.659397840499878
7.659426927566528
7.6594390869140625
7.664235830307007
7.664251089096069
7.664337873458862
7.664350986480713
7.664363861083984
7.6706788539886475
7.67069411277771
7.6707658767700195
7.6793859004974365
7.6795079708099365
7.67952299118042
7.6795361042022705
7.686807870864868
7.686882019042969
7.6871678829193115
7.758015871047974
7.758054733276367
7.758086919784546
7.758098840713501
7.76145601272583
7.76148796081543
7.766195774078369
7.766209840774536
7.766243934631348
7.770071029663086
7.770085096359253
7.770133972167969
7.770147085189819
7.774587154388428
7.774667978286743
7.784523963928223
7.844881772994995
7.84489893913269
7.844935894012451
7.844969987869263
7.853101968765259
7.853132963180542
7.853199005126953
7.853213787078857
7.853227853775024
7.853241920471191
7.853275775909424
7.858254909515381
7.858348846435547
7.85836386680603
7.864285945892334
7.869416952133179
7.8694398403167725
7.869455099105835
7.869487047195435
7.881593942642212
7.881631851196289
7.881645917892456
7.930117845535278
7.9339587688446045
7.934037923812866
7.938467025756836
7.942503929138184
7.942584991455078
7.94259786605835
7.94675087928772
7.950579881668091
7.950659990310669
7.99920392036438
8.003074884414673
8.003161907196045
8.007484912872314
8.011892795562744
8.012126922607422
8.017147779464722
8.021615028381348
8.021663904190063
8.07303500175476
8.076823949813843
8.07693886756897
8.080934762954712
8.084454774856567
8.084519863128662
8.088028907775879
8.088092803955078
8.09213900566101
8.09227991104126
8.092298984527588
8.13815689086914
8.14181399345398
8.141893863677979
8.146126985549927
8.146216869354248
8.15029501914978
8.153945922851562
8.153990745544434
8.154003858566284
8.158693075180054
8.158769845962524
8.209632873535156
8.209648132324219
8.209682941436768
8.215839862823486
8.215873003005981
8.215885877609253
8.219666957855225
8.219682931900024
8.219697713851929
8.219712018966675
8.219726085662842
8.219738960266113
8.219751834869385
8.219830989837646
8.224310874938965
8.230683088302612
8.230767965316772
8.230780839920044
8.230794906616211
8.230808019638062
8.230821132659912
8.230832815170288
8.230845928192139
8.23088002204895
8.230892896652222
8.230906009674072
8.230918884277344
8.230930805206299
8.236303091049194
8.281720876693726
8.281768798828125
8.289336919784546
8.289350748062134
8.293651819229126
8.293723821640015
8.299323797225952
8.31263780593872
8.312712907791138
8.320201873779297
8.320218086242676
8.320297956466675
8.367507934570312
8.37125301361084
8.371359825134277
8.37513279914856
8.375147819519043
8.375207901000977
8.37523889541626
8.379173040390015
8.382587909698486
8.382651090621948
8.386216878890991
8.386335849761963
8.438065767288208
8.438082933425903
8.438096761703491
8.438133001327515
8.438145875930786
8.43817687034607
8.43818998336792
8.43820309638977
8.438214778900146
8.438227891921997
8.43829607963562
8.444222927093506
8.444236993789673
8.44425106048584
8.444263935089111
8.44432783126831
8.444356918334961
8.449970960617065
8.45418906211853
8.454259872436523
8.45911693572998
8.459150075912476
8.464133024215698
8.50943899154663
8.509455919265747
8.509468793869019
8.50948190689087
8.509493827819824
8.509506940841675
8.509520053863525
8.509531736373901
8.509544849395752
8.509557008743286
8.509569883346558
8.509582042694092
8.509593963623047
8.509683847427368
8.509700059890747
8.509741067886353
8.509753942489624
8.509766817092896
8.509779930114746
8.509793043136597
8.509805917739868
8.509818077087402
8.509830713272095
8.51659893989563
8.516613721847534
8.516626834869385
8.516639947891235
8.516653060913086
8.516665935516357
8.516678810119629
8.516690731048584
8.516703844070435
8.516716957092285
8.51672887802124
8.516741752624512
8.516754865646362
8.516830921173096
8.521366834640503
8.52140212059021
8.525634050369263
8.525681734085083
8.525696992874146
8.525728940963745
8.536508798599243
8.536566019058228
8.536597967147827
8.541605949401855
8.541637897491455
8.600165128707886
8.600202798843384
8.600234985351562
8.60024905204773
8.600261688232422
8.600273847579956
8.606880903244019
8.606914043426514
8.60692811012268
8.606940746307373
8.610022068023682
8.610097885131836
8.614305019378662
8.618107795715332
8.618121862411499
8.618161916732788
8.618237972259521
8.621581077575684
8.621644020080566
8.621675968170166
8.67445707321167
8.678531885147095
8.678741931915283
8.684598922729492
8.684664011001587
8.684677124023438
8.68468976020813
8.68470287322998
8.684715986251831
8.684727907180786
8.684741020202637
8.684774160385132
8.684792041778564
8.684807777404785
8.684921026229858
8.695835828781128
8.695930004119873
8.695965766906738
8.695979833602905
8.695993900299072
8.708584785461426
8.724677801132202
8.724852800369263
8.804081916809082
8.804139852523804
8.804160833358765
8.804197072982788
8.804210901260376
8.815599918365479
8.815634965896606
8.815664768218994
8.8156898021698
8.815706968307495
8.815719842910767
8.815775871276855
8.828604936599731
8.828706979751587
8.834337949752808
8.834398984909058
8.834413051605225
8.834427118301392
8.834439754486084
8.834452867507935
8.834471940994263
8.834484815597534
8.83457612991333
8.842314958572388
8.84244704246521
8.848942041397095
8.848957777023315
8.848973035812378
8.849098920822144
8.898892879486084
8.902711868286133
8.902748823165894
8.90761685371399
8.907654762268066
8.913628816604614
8.913719892501831
8.919600009918213
8.925178050994873
8.925235986709595
8.969042778015137
8.969075918197632
8.973749876022339
8.978140830993652
8.978194952011108
8.982712030410767
8.982726812362671
8.982759952545166
8.987444877624512
8.987459897994995
8.991738080978394
8.991751909255981
8.991790056228638
8.991817951202393
9.033617734909058
9.033633947372437
9.03364872932434
9.033702850341797
9.03832483291626
9.038372039794922
9.042930841445923
9.042985916137695
9.047637939453125
9.047672986984253
9.05256700515747
9.052626848220825
9.052640914916992
9.052674055099487
9.057683944702148
9.057726860046387
9.057739973068237
9.057751893997192
9.101808071136475
9.101862907409668
9.105285882949829
9.105336904525757
9.108564853668213
9.108613014221191
9.112154960632324
9.115444898605347
9.115458965301514
9.115471124649048
9.115517854690552
9.120319843292236
9.166160821914673
9.166216850280762
9.17024302482605
9.174217939376831
9.174267768859863
9.178186893463135
9.182096719741821
9.182129859924316
9.182157039642334
9.186290740966797
9.229554891586304
9.229592084884644
9.22960615158081
9.229638814926147
9.233746767044067
9.23377776145935
9.237529039382935
9.237542867660522
9.237575769424438
9.237605094909668
9.23761773109436
9.241545915603638
9.241559982299805
9.24157190322876
9.241584777832031
9.241596937179565
9.24160885810852
9.241620779037476
9.241675853729248
9.246601819992065
9.246662855148315
9.246675968170166
9.246687889099121
9.246701002120972
9.252224922180176
9.252286911010742
9.297709941864014
9.297749996185303
9.297799825668335
9.297812938690186
9.297826051712036
9.301053762435913
9.301069021224976
9.301114082336426
9.301126718521118
9.301138877868652
9.301151990890503
9.304343938827515
9.304378986358643
9.307533979415894
9.307574987411499
9.310760974884033
9.310773849487305
9.3108069896698
9.31082010269165
9.310849905014038
9.314192056655884
9.314204931259155
9.314245700836182
9.314258813858032
9.314347982406616
9.356899976730347
9.356955766677856
9.361325979232788
9.361340761184692
9.361402034759521
9.36553692817688
9.365571022033691
9.36985993385315
9.37416696548462
9.374218940734863
9.378792762756348
9.423051834106445
9.423089742660522
9.427719831466675
9.427778005599976
9.432519912719727
9.432537078857422
9.432569980621338
9.432583808898926
9.437062740325928
9.4371178150177
9.441576957702637
9.441591024398804
9.441632986068726
9.441646099090576
9.441675901412964
9.446281909942627
9.44632887840271
9.446358919143677
9.490685939788818
9.490701913833618
9.490715026855469
9.490752935409546
9.490784883499146
9.490797996520996
9.495163917541504
9.495176792144775
9.499289989471436
9.499323844909668
9.499352931976318
9.503661870956421
9.50367784500122
9.503736972808838
9.508332014083862
9.50836181640625
9.51285195350647
9.556549787521362
9.556585788726807
9.556614875793457
9.560784816741943
9.56081509590149
9.564812898635864
9.564841985702515
9.569143056869507
9.573243141174316
9.573293924331665
9.577199935913086
9.577255725860596
9.623260736465454
9.623300075531006
9.628664016723633
9.628753900527954
9.633697032928467
9.63371205329895
9.638311862945557
9.638350009918213
9.638378858566284
9.643046855926514
9.648481845855713
9.648541927337646
9.703376054763794
9.703428030014038
9.708646059036255
9.708707094192505
9.708719968795776
9.715214967727661
9.715248823165894
9.722191095352173
9.729660749435425
9.729734897613525
9.736575841903687
9.784801959991455
9.785141944885254
9.785183906555176
9.790982723236084
9.79099988937378
9.791074991226196
9.791088104248047
9.79110074043274
9.79111385345459
9.796915769577026
9.796987771987915
9.802937984466553
9.802950859069824
9.802979946136475
9.808869123458862
9.808912754058838
9.815109729766846
9.815175771713257
9.862374067306519
9.862406730651855
9.867134809494019
9.871567964553833
9.871582984924316
9.871643781661987
9.876065015792847
9.880873918533325
9.880950927734375
9.885424137115479
9.930992841720581
9.931045055389404
9.935731887817383
9.940099000930786
9.940135955810547
9.94016408920288
9.944496870040894
9.944543838500977
9.949070930480957
9.949100017547607
9.953904867172241
9.953938961029053
9.99931287765503
10.002880811691284
10.00292181968689
10.006273031234741
10.00632381439209
10.00965690612793
10.009711980819702
10.009724855422974
10.01314401626587
10.013173818588257
10.01680302619934
10.062488079071045
10.06255292892456
10.066214799880981
10.066245794296265
10.066258907318115
10.066272974014282
10.066284894943237
10.066297054290771
10.066309690475464
10.066321849822998
10.070406913757324
10.07043981552124
10.070467948913574
10.070480108261108
10.074991941452026
10.080128908157349
10.090721845626831
10.090823888778687
10.139904022216797
10.144455909729004
10.14451789855957
10.149383783340454
10.154356956481934
10.154403924942017
10.159419775009155
10.164811849594116
10.164860725402832
10.164889097213745
10.215216875076294
10.219197750091553
10.21925973892212
10.223024129867554
10.22309398651123
10.227030992507935
10.227059841156006
10.227073907852173
10.231143951416016
10.235244989395142
10.235311031341553
10.291268110275269
10.291332960128784
10.295384883880615
10.295459032058716
10.299793720245361
10.299826860427856
10.299839973449707
10.30443000793457
10.30450987815857
10.304545879364014
10.310110807418823
10.310127019882202
10.310161828994751
10.315407037734985
10.315470933914185
10.315505743026733
10.36201786994934
10.362054824829102
10.362085103988647
10.36617374420166
10.37088394165039
10.37089991569519
10.370914936065674
10.370967864990234
10.37100100517273
10.371013879776001
10.37559175491333
10.37563681602478
10.380786895751953
10.380977869033813
10.381012916564941
10.381119966506958
10.386488914489746
10.38655686378479
10.38656997680664
10.431570768356323
10.431607007980347
10.440432786941528
10.44052791595459
10.446331024169922
10.45017695426941
10.450217962265015
10.450247764587402
10.450260877609253
10.450273990631104
10.450287103652954
10.45029902458191
10.45031189918518
10.454315900802612
10.45432996749878
10.45434284210205
10.454355955123901
10.454368829727173
10.454380989074707
10.454392910003662
10.454405069351196
10.454416751861572
10.454427719116211
10.455228805541992
10.455241918563843
10.455253839492798
10.455265045166016
10.45527696609497
10.455288887023926
10.455322980880737
10.455336809158325
10.455347776412964
10.455360889434814
10.455373048782349
10.45538592338562
10.455398082733154
10.45540976524353
10.455421924591064
10.455434799194336
10.455446004867554
10.455457925796509
10.455470085144043
10.455482006072998
10.455493688583374
10.455505847930908
10.455517768859863
10.455529928207397
10.469637870788574
10.469671726226807
10.469686031341553
10.469697952270508
10.516307830810547
10.520145893096924
10.520158767700195
10.520171880722046
10.52018404006958
10.520232915878296
10.526924848556519
10.534924983978271
10.53500485420227
10.544404983520508
10.553733825683594
10.553800821304321
10.60451078414917
10.611421823501587
10.611494064331055
10.618139028549194
10.625013828277588
10.625092029571533
10.632149934768677
10.639379978179932
10.639450073242188
10.688561916351318
10.688615798950195
10.695879936218262
10.701547861099243
10.701605081558228
10.707513093948364
10.7134268283844
10.713481903076172
10.719346761703491
10.719407081604004
10.767088890075684
10.767124891281128
10.773206949234009
10.779167890548706
10.792553901672363
10.79267406463623
10.802868843078613
10.802884101867676
10.802942991256714
10.809130907058716
10.809144973754883
10.809185981750488
10.809216976165771
10.866067886352539
10.866106033325195
10.872792959213257
10.872809886932373
10.872927904129028
10.879663944244385
10.893852949142456
10.893877983093262
10.907288074493408
10.90738296508789
10.907396078109741
10.907408714294434
10.907421827316284
10.914992809295654
10.964812994003296
10.964870929718018
10.970892906188965
10.976880073547363
10.976895809173584
10.976961851119995
10.976974964141846
10.982862949371338
10.98287582397461
10.98291301727295
10.988796949386597
10.988850831985474
10.99498200416565
10.995051860809326
10.995064973831177
11.043745040893555
11.050561904907227
11.050623893737793
11.057915925979614
11.057951927185059
11.065170764923096
11.06522798538208
11.07231879234314
11.072380781173706
11.072393894195557
11.080497741699219
11.131640911102295
11.131680011749268
11.13715386390686
11.137211084365845
11.142616033554077
11.148154973983765
11.148226022720337
11.148240089416504
11.155160903930664
11.162909746170044
11.162993907928467
11.213642835617065
11.221107959747314
11.221122980117798
11.221177101135254
11.229169845581055
11.2373948097229
11.237457752227783
11.245703935623169
11.253865957260132
11.25394082069397
11.3056800365448
11.311876058578491
11.311933755874634
11.318168878555298
11.324377059936523
11.324437856674194
11.330513715744019
11.336627960205078
11.336692810058594
11.336705923080444
11.385365962982178
11.39155387878418
11.391608953475952
11.397593975067139
11.397624969482422
11.404486894607544
11.404518127441406
11.411993980407715
11.412060737609863
11.419457912445068
11.419471979141235
11.419516801834106
11.419529914855957
11.47021198272705
11.470266103744507
11.475664138793945
11.475713968276978
11.48115873336792
11.481204986572266
11.481217861175537
11.486690044403076
11.48670482635498
11.486743927001953
11.48675799369812
11.48678970336914
11.498764038085938
11.504183053970337
11.504242897033691
11.552737951278687
11.556493043899536
11.556543827056885
11.560198783874512
11.56385087966919
11.563882827758789
11.567604780197144
11.567649841308594
11.571554899215698
11.571583986282349
11.618460893630981
11.618490934371948
11.622153997421265
11.622205972671509
11.625622034072876
11.625650882720947
11.629081964492798
11.629115104675293
11.629126787185669
11.632583856582642
11.632614850997925
11.632627964019775
11.63744306564331
11.637458801269531
11.63754391670227
11.637556791305542
11.685335874557495
11.685381889343262
11.689987897872925
11.694554090499878
11.694567918777466
11.694579839706421
11.694631814956665
11.694644927978516
11.699322938919067
11.699376106262207
11.6993887424469
11.704308986663818
11.70437502861023
11.709327936172485
11.709413051605225
11.760609865188599
11.766227960586548
11.766287088394165
11.772329807281494
11.778202056884766
11.778258800506592
11.7843918800354
11.790469884872437
11.790530920028687
11.844165802001953
11.849926710128784
11.84999704360962
11.855747938156128
11.861907958984375
11.861986875534058
11.86880874633789
11.875820875167847
11.87587594985962
11.926307916641235
11.931680917739868
11.931739807128906
11.936912059783936
11.942054033279419
11.942112922668457
11.947548866271973
11.952865839004517
11.952919960021973
12.002670049667358
12.008147954940796
12.008203983306885
12.013268947601318
12.018601894378662
12.018662929534912
12.02434778213501
12.029778957366943
12.029829740524292
12.080475091934204
12.085763931274414
12.085819005966187
12.091032028198242
12.09104609489441
12.091058731079102
12.091088771820068
12.091103792190552
12.091116905212402
12.091130018234253
12.102269887924194
12.102318048477173
12.108047008514404
12.108104944229126
12.113470792770386
12.162724018096924
12.162738800048828
12.162789106369019
12.167942762374878
12.17282772064209
12.172862768173218
12.172891855239868
12.177809715270996
12.177824020385742
12.177852869033813
12.177864789962769
12.17787790298462
12.183117866516113
12.183131694793701
12.183144807815552
12.189445734024048
12.189496994018555
12.24068284034729
12.24548077583313
12.245535850524902
12.250133991241455
12.2549729347229
12.255053043365479
12.25986099243164
12.26474905014038
12.264816045761108
12.314140796661377
12.320740938186646
12.33319902420044
12.333274126052856
12.347047805786133
12.35419487953186
12.354259967803955
12.361454010009766
12.412782907485962
12.412834882736206
12.417896747589111
12.422655820846558
12.42269492149353
12.422708988189697
12.422720909118652
12.4283287525177
12.44167184829712
12.441794872283936
12.45146107673645
12.502732038497925
12.502793788909912
12.507829904556274
12.507860898971558
12.513373851776123
12.519142866134644
12.519207954406738
12.525919914245605
12.532713890075684
12.532784700393677
12.583888053894043
12.58392071723938
12.589539051055908
12.595152854919434
12.595217943191528
12.600749969482422
12.607202053070068
12.607281923294067
12.61395788192749
12.666882991790771
12.666935920715332
12.67363691329956
12.67976999282837
12.679832935333252
12.68658709526062
12.694035768508911
12.694100856781006
12.702469825744629
12.759326934814453
12.759382963180542
12.766263008117676
12.772192001342773
12.77224588394165
12.77814793586731
12.778205871582031
12.77823781967163
12.784337759017944
12.784381866455078
12.784410953521729
12.79052996635437
12.790562868118286
12.842408895492554
12.848686933517456
12.848756790161133
12.85480284690857
12.860809803009033
12.86086893081665
12.867069959640503
12.867099046707153
12.873150825500488
12.925034999847412
12.925087928771973
12.925101041793823
12.93098497390747
12.931042909622192
12.936732769012451
12.936746835708618
12.936760902404785
12.942526817321777
12.942540884017944
12.942585945129395
12.942615985870361
12.950118780136108
12.95865797996521
12.958719968795776
13.013593912124634
13.01364803314209
13.01883578300476
13.018875122070312
13.018887758255005
13.018917083740234
13.02405595779419
13.029145002365112
13.029180765151978
13.029210090637207
13.0292227268219
13.034557819366455
13.034619808197021
13.039876937866211
13.09019684791565
13.09024977684021
13.095602750778198
13.100964069366455
13.101043939590454
13.106409788131714
13.111779928207397
13.111844062805176
13.117072105407715
13.16811203956604
13.168146848678589
13.168177843093872
13.173732042312622
13.179005861282349
13.179057836532593
13.184266805648804
13.184279918670654
13.191225051879883
13.191301822662354
13.196444749832153
13.24711799621582
13.247163772583008
13.2520010471344
13.252013921737671
13.252027034759521
13.252080917358398
13.2566819190979
13.256720781326294
13.261279821395874
13.261293888092041
13.261343955993652
13.266326904296875
13.271248817443848
13.27131199836731
13.321918964385986
13.32195496559143
13.321985960006714
13.326993942260742
13.33191180229187
13.331963777542114
13.331977844238281
13.337179899215698
13.33724594116211
13.342546939849854
13.342607021331787
13.342634916305542
13.347584009170532
13.34764575958252
13.398853063583374
13.398887872695923
13.402825832366943
13.402878761291504
13.40686297416687
13.406876802444458
13.410772800445557
13.410817861557007
13.410845756530762
13.410858869552612
13.41475796699524
13.41478705406189
13.41868782043457
13.418700933456421
13.418750762939453
13.468684911727905
13.479734897613525
13.484737873077393
13.48475193977356
13.4848051071167
13.490352869033813
13.495946884155273
13.509354829788208
13.509428977966309
13.618863105773926
13.618927001953125
13.624268054962158
13.629300832748413
13.629363775253296
13.635201930999756
13.635289907455444
13.64155387878418
13.646726846694946
13.646810054779053
13.699431896209717
13.70432186126709
13.704375982284546
13.709332942962646
13.71449899673462
13.714624881744385
13.720037937164307
13.725413084030151
13.72547698020935
13.777488708496094
13.77751898765564
13.78272795677185
13.78726077079773
13.787314891815186
13.791733980178833
13.79176378250122
13.79659104347229
13.80152177810669
13.862437963485718
13.862496852874756
13.868733882904053
13.875775814056396
13.875865936279297
13.881662845611572
13.886487007141113
13.88654899597168
13.892040967941284
13.973119974136353
13.973179817199707
13.978365898132324
13.992604732513428
13.992697954177856
13.999007940292358
14.0053129196167
14.005404949188232
14.016089916229248
14.075141906738281
14.07519793510437
14.080286979675293
14.085034847259521
14.085102081298828
14.095221996307373
14.10608983039856
14.106105089187622
14.106117725372314
14.106405973434448
14.106433868408203
14.10649585723877
14.10650897026062
14.106539011001587
14.11903691291809
14.181926727294922
14.18198299407959
14.181995868682861
14.188070058822632
14.188124895095825
14.18815302848816
14.194256067276001
14.20032000541687
14.200390815734863
14.206376791000366
14.206390857696533
14.206403970718384
14.206440925598145
14.21307897567749
14.213093996047974
14.213105916976929
14.21316385269165
14.268895864486694
14.268958806991577
14.274686813354492
14.280458927154541
14.280475854873657
14.280552864074707
14.293264865875244
14.293298959732056
14.293313026428223
14.299397706985474
14.299430847167969
14.30668306350708
14.362774848937988
14.362846851348877
14.365356922149658
14.365387916564941
14.365401029586792
14.371522903442383
14.371555089950562
14.371567964553833
14.38050889968872
14.389456033706665
14.389533758163452
14.398538827896118
14.398630142211914
14.458087921142578
14.46433687210083
14.46451187133789
14.471503019332886
14.471534967422485
14.478129863739014
14.485009908676147
14.485100984573364
14.491647958755493
14.54611611366272
14.546173810958862
14.551446914672852
14.551504850387573
14.556479930877686
14.556539058685303
14.556551933288574
14.562311887741089
14.562329053878784
14.56241512298584
14.562427759170532
14.567982912063599
14.56804084777832
14.568092823028564
14.568106889724731
14.573438882827759
14.573452949523926
14.629605054855347
14.629661798477173
14.635562896728516
14.642206907272339
14.642266988754272
14.648473978042603
14.648528099060059
14.648559093475342
14.64857292175293
14.654897928237915
14.654932975769043
14.661209106445312
14.661239862442017
14.717134952545166
14.717169761657715
14.731090784072876
14.731183052062988
14.737221717834473
14.7372567653656
14.743221998214722
14.743268966674805
14.749512910842896
14.749526977539062
14.749608755111694
14.755758047103882
14.755805969238281
14.811025857925415
14.811078786849976
14.8171968460083
14.81722903251648
14.8247549533844
14.824784755706787
14.833104848861694
14.84135389328003
14.841367959976196
14.841381072998047
14.841392755508423
14.841404914855957
14.841440916061401
14.841453075408936
14.849938869476318
14.849974870681763
14.850002765655518
14.911685705184937
14.911704063415527
14.926764011383057
14.934031963348389
14.934107780456543
14.941264867782593
14.948076009750366
14.948090076446533
14.94810175895691
14.948150873184204
14.948184967041016
14.955147981643677
15.01174807548523
15.011786937713623
15.011818885803223
15.0189049243927
15.018918752670288
15.01897382736206
15.02640986442566
15.034939765930176
15.035039901733398
15.043733835220337
15.04407286643982
15.052432775497437
15.11217188835144
15.112229108810425
15.11929178237915
15.126165866851807
15.126237869262695
15.13325309753418
15.133312940597534
15.140496730804443
15.140572786331177
15.147515058517456
15.207077026367188
15.20713186264038
15.210888862609863
15.214672803878784
15.214866876602173
15.219022989273071
15.222944021224976
15.222994804382324
15.226999044418335
15.227048873901367
15.285936117172241
15.285950899124146
15.285984992980957
15.292596817016602
15.292651891708374
15.299907922744751
15.29994010925293
15.307874917984009
15.30790400505066
15.317285060882568
15.317300796508789
15.33237910270691
15.332444906234741
15.389088869094849
15.38912296295166
15.389153957366943
15.395104885101318
15.395118951797485
15.400975942611694
15.401022911071777
15.401051759719849
15.406837940216064
15.412619829177856
15.412674903869629
15.418606042861938
15.418658971786499
15.41867208480835
15.474447011947632
15.483451843261719
15.483520984649658
15.493592977523804
15.50360894203186
15.503713846206665
15.51357889175415
15.523619890213013
15.523741960525513
15.583419799804688
15.58930492401123
15.589361906051636
15.598053932189941
15.608547925949097
15.608617782592773
15.619971990585327
15.6319100856781
15.631925821304321
15.632012844085693
15.70142674446106
15.705096960067749
15.705111026763916
15.705123901367188
15.705136775970459
15.705174922943115
15.70520281791687
15.70870590209961
15.70873498916626
15.718372106552124
15.727121829986572
15.727192878723145
15.736819982528687
15.736835956573486
15.736908912658691
15.736922979354858
15.736934900283813
15.800510883331299
15.800643920898438
15.806480884552002
15.812662839889526
15.812753915786743
15.819687843322754
15.81970500946045
15.81971788406372
15.819801092147827
15.825654029846191
15.831856727600098
15.831872940063477
15.831887006759644
15.83194375038147
15.889097929000854
15.88911509513855
15.889150857925415
15.896146774291992
15.911715984344482
15.911825895309448
15.924022912979126
15.924068927764893
15.931948900222778
15.939945936203003
15.940004110336304
16.002170085906982
16.00802779197693
16.00810194015503
16.014142990112305
16.01970887184143
16.01976990699768
16.025108814239502
16.03082585334778
16.03088879585266
16.0969557762146
16.097012996673584
16.103497982025146
16.10980486869812
16.109887838363647
16.117000818252563
16.122846841812134
16.123151063919067
16.12321400642395
16.129429817199707
16.196940898895264
16.197051763534546
16.204187154769897
16.210078954696655
16.21009397506714
16.21015501022339
16.217116832733154
16.223469972610474
16.223548889160156
16.230093002319336
16.36474585533142
16.3648419380188
16.37366485595703
16.38332200050354
16.383431911468506
16.394150733947754
16.40627884864807
16.406599760055542
16.42497181892395
16.518828868865967
16.51888608932495
16.52992582321167
16.542268753051758
16.54233479499817
16.5549738407135
16.568235874176025
16.568310976028442
16.581745862960815
16.654034852981567
16.654090881347656
16.658432960510254
16.663077116012573
16.66344380378723
16.667967796325684
16.672261714935303
16.672326803207397
16.677335023880005
16.735846042633057
16.735886096954346
16.73591685295105
16.742608785629272
16.74947690963745
16.7495539188385
16.755936861038208
16.756004095077515
16.76286292076111
16.76952290534973
16.769588947296143
16.82859492301941
16.83483386039734
16.83488392829895
16.840742826461792
16.840799808502197
16.847314834594727
16.85399079322815
16.854048013687134
16.85408091545105
16.86078691482544
16.918805837631226
16.918861865997314
16.92246699333191
16.92250680923462
16.92585802078247
16.925870895385742
16.925883769989014
16.925895929336548
16.925907850265503
16.925920009613037
16.925931930541992
16.92594289779663
16.925955057144165
16.925967931747437
16.925979137420654
16.926026821136475
16.929699897766113
16.933188915252686
16.933201789855957
16.933214902877808
16.933264017105103
16.939242839813232
16.939323902130127
16.99552083015442
16.995557069778442
16.99558687210083
17.000251054763794
17.000297784805298
17.00031089782715
17.00481677055359
17.00485396385193
17.010124921798706
17.010189056396484
17.015474796295166
17.015548944473267
17.020787954330444
17.020850896835327
17.078940868377686
17.078999042510986
17.081909894943237
17.08445405960083
17.084467887878418
17.08451509475708
17.087162971496582
17.08719515800476
17.090016841888428
17.09002995491028
17.090075731277466
17.092790842056274
17.09283709526062
17.14654779434204
17.14656400680542
17.14657688140869
17.146610736846924
17.14944100379944
17.149494886398315
17.152376890182495
17.15502691268921
17.155072927474976
17.15764880180359
17.160297870635986
17.160343885421753
17.21480894088745
17.21486473083496
17.21967887878418
17.219732999801636
17.22465205192566
17.224687099456787
17.22933602333069
17.22934913635254
17.229362964630127
17.2293758392334
17.23411989212036
17.234176874160767
17.240570068359375
17.29789090156555
17.297947883605957
17.30280900001526
17.302865743637085
17.307727098464966
17.3124258518219
17.31246304512024
17.312494039535522
17.317331790924072
17.31738781929016
17.31740093231201
17.317414045333862
17.323482990264893
17.3795108795166
17.3795268535614
17.379558801651
17.379570960998535
17.385523796081543
17.385584831237793
17.391868829727173
17.39827609062195
17.398366928100586
17.398417711257935
17.405323028564453
17.411043882369995
17.411108016967773
17.468722820281982
17.468737840652466
17.468752145767212
17.468764781951904
17.468777894973755
17.46878981590271
17.468801975250244
17.476172924041748
17.476220846176147
17.48360013961792
17.483652114868164
17.491235971450806
17.498657941818237
17.498714923858643
17.50799584388733
17.572064876556396
17.572115898132324
17.577279806137085
17.58272886276245
17.582793951034546
17.588637828826904
17.59504985809326
17.595114946365356
17.60157585144043
17.661054849624634
17.6611168384552
17.66944980621338
17.677783012390137
17.67783808708191
17.686722993850708
17.695506811141968
17.695549964904785
17.70494294166565
17.705008029937744
17.769006967544556
17.77655601501465
17.77661108970642
17.784059047698975
17.784127950668335
17.80039072036743
17.80044388771057
17.812054872512817
17.81210994720459
17.819777965545654
17.81983494758606
17.881857872009277
17.889750957489014
17.889814853668213
17.897607803344727
17.89764094352722
17.90516972541809
17.912832975387573
17.9128999710083
17.92158579826355
17.921600818634033
17.921631813049316
17.92164397239685
17.98664903640747
17.986705780029297
17.994632959365845
17.99470591545105
18.002216815948486
18.009598970413208
18.009650945663452
18.01714301109314
18.017170906066895
18.024797916412354
18.024861812591553
18.024874925613403
18.02488684654236
18.088865041732788
18.096834897994995
18.096876859664917
18.096906900405884
18.104766845703125
18.10478186607361
18.104814052581787
18.112567901611328
18.12079095840454
18.120877981185913
18.136422157287598
18.13645577430725
18.22098994255066
18.221022844314575
18.232625722885132
18.232640981674194
18.232699155807495
18.232711791992188
18.232725858688354
18.242062091827393
18.24213194847107
18.25121307373047
18.251227855682373
18.251240968704224
18.25131106376648
18.264848709106445
18.26488184928894
18.280743837356567
18.280826091766357
18.280858993530273
18.351050853729248
18.351111888885498
18.351125955581665
18.357369899749756
18.3637957572937
18.363884925842285
18.370344877243042
18.3768208026886
18.376882791519165
18.383259773254395
18.44395685195923
18.444010972976685
18.45093607902527
18.457634925842285
18.457692861557007
18.466112852096558
18.46618890762329
18.47439980506897
18.481282949447632
18.55450177192688
18.554598093032837
18.562041997909546
18.56210494041443
18.567079782485962
18.572017908096313
18.572085857391357
18.572098970413208
18.57211208343506
18.57704186439514
18.581844806671143
18.65180492401123
18.651862859725952
18.65191388130188
18.659732818603516
18.664880752563477
18.664950847625732
18.670746088027954
18.676859855651855
18.676922082901
18.683125972747803
18.746860027313232
18.746917009353638
18.75402283668518
18.760881900787354
18.76094675064087
18.76828694343567
18.77508282661438
18.775140047073364
18.781789779663086
18.84713101387024
18.847185850143433
18.854078769683838
18.85410976409912
18.86162495613098
18.86930775642395
18.8694109916687
18.877082109451294
18.877113103866577
18.884554862976074
18.9489529132843
18.949014902114868
18.955857753753662
18.962618112564087
18.962686777114868
18.970006942749023
18.985822916030884
18.993873834609985
18.99394702911377
19.058489084243774
19.065276861190796
19.065309762954712
19.06533908843994
19.072400093078613
19.07955288887024
19.0796058177948
19.086756944656372
19.09277582168579
19.092833995819092
19.156759023666382
19.15682101249695
19.162928819656372
19.16298794746399
19.16887378692627
19.174774885177612
19.174832820892334
19.181371927261353
19.18140697479248
19.187830924987793
19.249680757522583
19.249722003936768
19.25604796409607
19.256114959716797
19.266894102096558
19.27591896057129
19.27598476409912
19.2849338054657
19.293680906295776
19.293752908706665
19.358314990997314
19.364540815353394
19.364600896835327
19.370675802230835
19.370752811431885
19.37700891494751
19.3829288482666
19.383009910583496
19.391029834747314
19.39109706878662
19.391109704971313
19.457957983016968
19.464076042175293
19.464132070541382
19.470798015594482
19.476561784744263
19.47663402557373
19.48270297050476
19.495365142822266
19.56023383140564
19.560288906097412
19.566795825958252
19.57985496520996
19.58582091331482
19.58583688735962
19.585906744003296
19.59175181388855
19.60486602783203
19.669776916503906
19.6698317527771
19.67619299888611
19.68209671974182
19.682148933410645
19.688131093978882
19.6946017742157
19.69468092918396
19.702152967453003
19.768959999084473
19.769016981124878
19.77774691581726
19.786125898361206
19.786184787750244
19.794771909713745
19.803534984588623
19.80359172821045
19.812515020370483
19.87868094444275
19.878732919692993
19.885221004486084
19.89174485206604
19.89184308052063
19.89833688735962
19.904803037643433
19.90486192703247
19.91190195083618
19.97494387626648
19.97499680519104
19.98159694671631
19.988778829574585
19.988841772079468
19.996417999267578
20.004176139831543
20.004233837127686
20.0121750831604
20.07648992538452
20.0765438079834
20.085609912872314
20.093917846679688
20.093994855880737
20.102787017822266
20.102800846099854
20.11397075653076
20.114052057266235
20.12688183784485
20.201995849609375
20.228210926055908
20.22831892967224
20.247739791870117
20.266443014144897
20.26652479171753
20.284912109375
20.303903818130493
20.303985834121704
20.390723943710327
20.40054702758789
20.40062189102173
20.40927505493164
20.42188596725464
20.421985864639282
20.431827783584595
20.45328402519226
20.45340371131897
20.52910590171814
20.529140949249268
20.535619020462036
20.535632848739624
20.53570294380188
20.541907787322998
20.547900915145874
20.547970056533813
20.54798412322998
20.547996759414673
20.548009872436523
20.548022031784058
20.54803490638733
20.548047065734863
20.54805898666382
20.548070907592773
20.54808282852173
20.548094987869263
20.548106908798218
20.548118829727173
20.548130989074707
20.548141956329346
20.54815411567688
20.54816508293152
20.556326150894165
20.556400060653687
20.556432008743286
20.556444883346558
20.565912008285522
20.565988063812256
20.63412094116211
20.63984203338623
20.639878749847412
20.639922857284546
20.646110773086548
20.65217614173889
20.652232885360718
20.658191919326782
20.658257722854614
20.664061784744263
20.728839874267578
20.728893756866455
20.735265970230103
20.735300064086914
20.742094039916992
20.7425057888031
20.749146938323975
20.75561785697937
20.755671977996826
20.762171030044556
20.826145887374878
20.82620596885681
20.83276891708374
20.83900475502014
20.839046716690063
20.84535002708435
20.84541416168213
20.852184057235718
20.852219104766846
20.859067916870117
20.927286863327026
20.927344799041748
20.936513900756836
20.93652868270874
20.93654179573059
20.93655490875244
20.936568021774292
20.936579942703247
20.945405960083008
20.94542098045349
20.945435047149658
20.94548988342285
20.945520877838135
20.945552110671997
20.94557785987854
20.95455288887024
20.954586029052734
20.96498990058899
20.983292818069458
20.983392000198364
21.05658793449402
21.056627988815308
21.066859006881714
21.066942930221558
21.075541973114014
21.075608015060425
21.08433985710144
21.084373950958252
21.093175888061523
21.101940870285034
21.102041959762573
21.171194076538086
21.171254873275757
21.181787729263306
21.181824922561646
21.193113088607788
21.19317078590393
21.202831029891968
21.202906131744385
21.213109970092773
21.224003076553345
21.224090099334717
21.293741941452026
21.30293297767639
21.303014039993286
21.31317710876465
21.325030088424683
21.32510781288147
21.335906982421875
21.336013078689575
21.336025953292847
21.346284866333008
21.346333742141724
21.346346855163574
21.346394062042236
21.34640598297119
21.42055082321167
21.42060899734497
21.420621871948242
21.42063570022583
21.431830883026123
21.43186593055725
21.4426589012146
21.453027963638306
21.453043937683105
21.45313000679016
21.46331477165222
21.463376760482788
21.47434377670288
21.558211088180542
21.55826711654663
21.56608295440674
21.57368278503418
21.573729038238525
21.58128309249878
21.581328868865967
21.581357955932617
21.589125871658325
21.5972158908844
21.59729790687561
21.665504932403564
21.676575899124146
21.676647901535034
21.687813758850098
21.68784785270691
21.699657917022705
21.71237802505493
21.712458848953247
21.725966930389404
21.80032777786255
21.80038094520569
21.808450937271118
21.81614089012146
21.816210746765137
21.824018955230713
21.831753969192505
21.831807851791382
21.839618921279907
21.907611846923828
21.907663106918335
21.917449951171875
21.92764377593994
21.92770791053772
21.93768000602722
21.947749137878418
21.9478759765625
21.947890758514404
21.959235906600952
21.959270000457764
21.959282875061035
22.04567289352417
22.04569172859192
22.04570698738098
22.04582381248474
22.046430826187134
22.046512126922607
22.04652690887451
22.04678702354431
22.046801805496216
22.046815872192383
22.046828985214233
22.046842098236084
22.046854734420776
22.09490203857422
22.10904288291931
22.109120845794678
22.10917901992798
22.115225076675415
22.1205837726593
22.12076997756958
22.12570285797119
22.12577509880066
22.22188901901245
22.2219078540802
22.221948862075806
22.221961975097656
22.221974849700928
22.227309942245483
22.22742486000061
22.242465019226074
22.255307912826538
22.25539803504944
22.269029140472412
22.269065856933594
22.282042026519775
22.282105922698975
22.28213906288147
22.37667489051819
22.38485074043274
22.38493585586548
22.392658948898315
22.401391983032227
22.401479959487915
22.409138917922974
22.409175872802734
22.41678786277771
22.506298065185547
22.526859998703003
22.526944875717163
22.542552947998047
22.557681798934937
22.557740926742554
22.578398942947388
22.578675985336304
22.59494400024414
22.685209035873413
22.68525195121765
22.68526577949524
22.685279846191406
22.685292959213257
22.685306072235107
22.6853187084198
22.685379028320312
22.700669765472412
22.700856924057007
22.71714496612549
22.73156189918518
22.731641054153442
22.742832899093628
22.753767728805542
22.753853797912598
22.753867864608765
22.833049058914185
22.83730697631836
22.837403774261475
22.84143877029419
22.841503858566284
22.84584379196167
22.845935106277466
22.85020685195923
22.85030698776245
22.8543598651886
22.932728052139282
22.932766914367676
22.93279790878296
22.942856788635254
22.952138900756836
22.952229022979736
22.961518049240112
22.970988035202026
22.97100305557251
22.971069812774658
22.980397939682007
22.98048686981201
23.055262804031372
23.055278062820435
23.06668996810913
23.06677794456482
23.080967903137207
23.092679738998413
23.09269690513611
23.092751026153564
23.092782974243164
23.107359886169434
23.107439041137695
23.120398998260498
23.19905686378479
23.199124813079834
23.206753969192505
23.215410947799683
23.215497970581055
23.224354028701782
23.232555866241455
23.23263692855835
23.243101835250854
23.243118047714233
23.319139003753662
23.3191978931427
23.327322959899902
23.335432767868042
23.33551573753357
23.343585968017578
23.351375102996826
23.35144805908203
23.35926389694214
23.436317920684814
23.436606884002686
23.45533299446106
23.455425024032593
23.455437898635864
23.466662883758545
23.479078769683838
23.47909688949585
23.479357957839966
23.492437839508057
23.502311944961548
23.50240993499756
23.59425187110901
23.59429383277893
23.59430694580078
23.594320058822632
23.594332933425903
23.59434485435486
23.59435796737671
23.594369888305664
23.5943820476532
23.59441614151001
23.594427824020386
23.604614734649658
23.60462999343872
23.604721784591675
23.604734897613525
23.604748010635376
23.604784727096558
23.624985933303833
23.625019788742065
23.63561177253723
23.63568091392517
23.645220041275024
23.645481824874878
23.655242919921875
23.655440092086792
23.742246866226196
23.75403380393982
23.75410294532776
23.767494916915894
23.781260013580322
23.78133797645569
23.79556179046631
23.809675931930542
23.80976676940918
23.891498804092407
23.89151406288147
23.891547918319702
23.905632972717285
23.905723094940186
23.919954776763916
23.9199800491333
23.920089960098267
23.934221982955933
23.948861837387085
23.94894576072693
23.964317798614502
23.964399099349976
24.052428007125854
24.06437087059021
24.064464807510376
24.075421810150146
24.085925102233887
24.08605194091797
24.096719980239868
24.107887029647827
24.107977867126465
24.18459987640381
24.184659957885742
24.19244384765625
24.200093746185303
24.200154066085815
24.20769190788269
24.207794904708862
24.215280771255493
24.22274875640869
24.222816944122314
24.295958995819092
24.31043291091919
24.310487031936646
24.326685905456543
24.326756954193115
24.343064069747925
24.361291885375977
24.361366033554077
24.379770040512085
24.379807949066162
24.379821062088013
24.451874017715454
24.451930046081543
24.46636390686035
24.466395139694214
24.481828927993774
24.481865882873535
24.498740911483765
24.498755931854248
24.498788118362427
24.514352798461914
24.52974796295166
24.52982807159424
24.614765882492065
24.614798069000244
24.614810943603516
24.614823818206787
24.62002992630005
24.620089054107666
24.624745845794678
24.629876852035522
24.629956007003784
24.634835958480835
24.634871006011963
24.639655828475952
24.639670848846436
24.63972282409668
24.71217393875122
24.723228931427002
24.7232449054718
24.723331928253174
24.73491883277893
24.74565076828003
24.745744705200195
24.757007122039795
24.768826007843018
24.76890277862549
24.768934726715088
24.847632884979248
24.847665786743164
24.861168146133423
24.861201763153076
24.874878883361816
24.874944925308228
24.874974966049194
24.88874888420105
24.902488946914673
24.902559995651245
24.9025719165802
24.90258502960205
24.902597904205322
24.91798186302185
24.917999029159546
24.918011903762817
24.91802477836609
24.91811490058899
24.998846769332886
24.998886108398438
24.998899936676025
24.998912811279297
24.998941898345947
24.998955011367798
24.998966932296753
24.998980045318604
25.0054030418396
25.00547194480896
25.011579751968384
25.011643886566162
25.011656761169434
25.017786979675293
25.01785111427307
25.017863750457764
25.023885011672974
25.029822826385498
25.029891967773438
25.100153923034668
25.108707904815674
25.108768939971924
25.120666027069092
25.13501787185669
25.1351158618927
25.149414777755737
25.149505853652954
25.16492199897766
25.16500496864319
25.24600601196289
25.256701946258545
25.278278827667236
25.27836585044861
25.288647890090942
25.298484802246094
25.298500061035156
25.29856586456299
25.308522939682007
25.38323974609375
25.383277893066406
25.383291721343994
25.388404846191406
25.388470888137817
25.39364981651306
25.39863085746765
25.398685932159424
25.40364384651184
25.40873694419861
25.408803939819336
25.478299856185913
25.488701820373535
25.488763093948364
25.499254941940308
25.499268054962158
25.510318994522095
25.51037573814392
25.52221393585205
25.534071922302246
25.534161806106567
25.610161781311035
25.622359037399292
25.622426986694336
25.631725072860718
25.64094090461731
25.64100694656372
25.650261878967285
25.659517765045166
25.65953779220581
25.76081085205078
25.770274877548218
25.770331144332886
25.779675722122192
25.788769960403442
25.78878402709961
25.788838863372803
25.798285007476807
25.79829978942871
25.79836392402649
25.79839515686035
25.807908058166504
25.807974100112915
25.883835792541504
25.883867025375366
25.89712405204773
25.897137880325317
25.921311855316162
25.92141580581665
25.941057920455933
25.95294690132141
25.953024864196777
25.953037977218628
25.96750783920288
25.96752405166626
25.967589139938354
25.967601776123047
25.967633724212646
26.046396732330322
26.073237895965576
26.08634901046753
26.0864040851593
26.08641791343689
26.086429834365845
26.08645987510681
26.100125789642334
26.11383605003357
26.11391305923462
26.12751293182373
26.12754487991333
26.207003831863403
26.21706485748291
26.2171368598938
26.226972818374634
26.236855030059814
26.236918926239014
26.24713897705078
26.268531799316406
26.26860213279724
26.345247983932495
26.358750820159912
26.358832120895386
26.371909856796265
26.37193989753723
26.38519787788391
26.398610830307007
26.39867377281189
26.412878036499023
26.490768909454346
26.490821838378906
26.49851679801941
26.50644588470459
26.50650691986084
26.51433801651001
26.51441979408264
26.530936002731323
26.531040906906128
26.531054973602295
26.54409170150757
26.544162034988403
26.631258010864258
26.631273984909058
26.631326913833618
26.640758991241455
26.640827894210815
26.650702953338623
26.65071678161621
26.660442113876343
26.66051983833313
26.670369863510132
26.700011014938354
26.70042109489441
26.802795886993408
26.81567692756653
26.815771102905273
26.827892780303955
26.827924966812134
26.843795776367188
26.843832969665527
26.864970922470093
26.884485721588135
26.884573936462402
26.96842885017395
26.968443870544434
26.979598999023438
26.979619026184082
26.979653120040894
26.97966480255127
27.007210969924927
27.00724697113037
27.019784927368164
27.019871950149536
27.032033920288086
27.03204870223999
27.04358983039856
27.043644905090332
27.043675899505615
27.1228289604187
27.122863054275513
27.1228768825531
27.136902809143066
27.150417804718018
27.150487899780273
27.163991928100586
27.16405487060547
27.18020987510681
27.180238962173462
27.196531772613525
27.293243885040283
27.29341697692871
27.29352068901062
27.319069862365723
27.368671894073486
27.36876392364502
27.390018939971924
27.40297293663025
27.4030659198761
27.416378021240234
27.50520396232605
27.505260944366455
27.524926900863647
27.543389797210693
27.578908920288086
27.578968048095703
27.59636878967285
27.59640383720398
27.613810777664185
27.70206308364868
27.702120780944824
27.71784806251526
27.717886924743652
27.733214855194092
27.748295783996582
27.748388051986694
27.748400688171387
27.76344585418701
27.779409885406494
27.779510974884033
27.866633892059326
27.86667490005493
27.880616903305054
27.880690813064575
27.89420199394226
27.90767002105713
27.90773606300354
27.921408891677856
27.93510913848877
27.935174703598022
28.016795873641968
28.016849756240845
28.03057098388672
28.030662775039673
28.04394793510437
28.04396390914917
28.044048070907593
28.05782699584961
28.057902097702026
28.081333875656128
28.10967993736267
28.1097629070282
28.208086013793945
28.235344886779785
28.235378742218018
28.24721097946167
28.261115789413452
28.28747797012329
28.28756880760193
28.29934310913086
28.299378871917725
28.381927728652954
28.381995916366577
28.382009983062744
28.382022857666016
28.382035970687866
28.382048845291138
28.393669843673706
28.41666889190674
28.41677474975586
28.416790008544922
28.41680407524109
28.436073780059814
28.436145782470703
28.445525884628296
28.45477294921875
28.45483899116516
28.533550024032593
28.546260833740234
28.54631996154785
28.559911727905273
28.559945821762085
28.559958934783936
28.559972047805786
28.55998396873474
28.559995889663696
28.560008764266968
28.560020923614502
28.560034036636353
28.560045957565308
28.560059070587158
28.560070753097534
28.56008291244507
28.560093879699707
28.573993921279907
28.574007987976074
28.588116884231567
28.58813190460205
28.588144779205322
28.588156938552856
28.58816885948181
28.588180780410767
28.5881929397583
28.588258981704712
28.605221033096313
28.692858934402466
28.72470188140869
28.72471809387207
28.724793910980225
28.74408793449402
28.761616706848145
28.761696815490723
28.779491901397705
28.796549797058105
28.796646118164062
28.88772177696228
28.9026517868042
28.90273880958557
28.917495012283325
28.932052850723267
28.93212890625
28.946969985961914
28.961384773254395
28.961460828781128
29.043511867523193
29.05842399597168
29.058500051498413
29.074779748916626
29.092215061187744
29.09231686592102
29.108078002929688
29.1258327960968
29.12593388557434
29.21379804611206
29.23047399520874
29.230561017990112
29.24591588973999
29.245961904525757
29.26053810119629
29.276453018188477
29.276530742645264
29.276542901992798
29.29292106628418
29.377894163131714
29.377909898757935
29.37796974182129
29.37798285484314
29.39282989501953
29.39290189743042
29.408151865005493
29.40823793411255
29.423526763916016
29.423561811447144
29.439362049102783
29.439377784729004
29.454571962356567
29.45465898513794
29.542568922042847
29.557830810546875
29.55791997909546
29.572731733322144
29.587311029434204
29.587368965148926
29.602977991104126
29.603065967559814
29.619088888168335
29.704991817474365
29.705048084259033
29.72012209892273
29.73451280593872
29.7345929145813
29.74848198890686
29.76274609565735
29.762834787368774
29.77747392654419
29.777535915374756
29.777580976486206
29.861589908599854
29.875372886657715
29.875468969345093
29.88922691345215
29.889240026474
29.902987003326416
29.90303683280945
29.9030659198761
29.921660900115967
29.92167592048645
29.942887783050537
29.9429349899292
29.94294810295105
30.05610489845276
30.056119918823242
30.056154012680054
30.056166887283325
30.056180953979492
30.056194067001343
30.056206941604614
30.07086205482483
30.087190866470337
30.08726191520691
30.105365991592407
30.12586498260498
30.12593388557434
30.146424055099487
30.23724389076233
30.23729681968689
30.25034999847412
30.250364780426025
30.2631618976593
30.263231992721558
30.276535034179688
30.276549816131592
30.27656388282776
30.276630878448486
30.27666401863098
30.29242181777954
30.30910587310791
30.309168100357056
30.396812915802002
30.396867036819458
30.416252851486206
30.434266090393066
30.43436098098755
30.452592134475708
30.47096276283264
30.471028804779053
30.471059799194336
30.489694833755493
30.577680826187134
30.577733755111694
30.577746868133545
30.58607792854309
30.594489097595215
30.59455394744873
30.602922916412354
30.60295796394348
30.612104892730713
30.620905876159668
30.620966911315918
30.62097978591919
30.699675798416138
30.70508575439453
30.705143928527832
30.71052575111389
30.71627688407898
30.716345071792603
30.716356992721558
30.729354858398438
30.729368925094604
30.743536710739136
30.743590116500854
30.743602752685547
30.830098867416382
30.830137968063354
30.83016800880432
30.835621118545532
30.83569884300232
30.851231813430786
30.851274967193604
30.86802887916565
30.883476972579956
30.883588075637817
30.89886784553528
31.00904083251953
31.00910186767578
31.017563104629517
31.017651796340942
31.032185077667236
31.047364950180054
31.04743194580078
31.063947916030884
31.08080792427063
31.08087706565857
31.168402910232544
31.16846203804016
31.180466890335083
31.193569898605347
31.19365906715393
31.206004858016968
31.219043970108032
31.219116926193237
31.23244881629944
31.315748929977417
31.315809965133667
31.325968027114868
31.336090087890625
31.336155891418457
31.346848011016846
31.358070850372314
31.358139753341675
31.36997699737549
31.452318906784058
31.452335119247437
31.45238494873047
31.465982913970947
31.466038942337036
31.47950577735901
31.47953987121582
31.49287700653076
31.4929358959198
31.506327867507935
31.506391048431396
31.51985502243042
31.519888877868652
31.60863995552063
31.608696937561035
31.6194748878479
31.62980604171753
31.629889965057373
31.639808893203735
31.65016007423401
31.650243997573853
31.660152912139893
31.660204887390137
31.74645972251892
31.746516942977905
31.757269859313965
31.757303953170776
31.757317066192627
31.768166065216064
31.777618885040283
31.777682781219482
31.777695894241333
31.78741192817688
31.787441730499268
31.798382997512817
31.881502866744995
31.881558895111084
31.896533966064453
31.9114511013031
31.911525011062622
31.92693591117859
31.942526817321777
31.942654848098755
31.95919394493103
32.06423091888428
32.06429195404053
32.07829976081848
32.09187889099121
32.09196591377258
32.10521101951599
32.105283975601196
32.11910700798035
32.11918878555298
32.132720708847046
32.218647956848145
32.21866488456726
32.21871876716614
32.23282504081726
32.24649691581726
32.24656677246094
32.26035785675049
32.27461075782776
32.30339813232422
32.303524017333984
32.40247082710266
32.415313720703125
32.415382862091064
32.4280059337616
32.44063186645508
32.46812891960144
32.4682559967041
32.49049687385559
32.57652187347412
32.57658290863037
32.589794874191284
32.60282588005066
32.60291814804077
32.61632776260376
32.61639595031738
32.62981390953064
32.643213987350464
32.64327073097229
32.72833204269409
32.7625629901886
32.77933311462402
32.779401779174805
32.79676699638367
32.814692974090576
32.814799070358276
32.83306288719177
32.92449498176575
32.92454981803894
32.94303774833679
32.96426486968994
32.96434283256531
32.96435594558716
32.98517179489136
33.00513195991516
33.00514769554138
33.00522994995117
33.00524306297302
33.02483081817627
33.12545299530029
33.125515937805176
33.144306898117065
33.14434289932251
33.16111993789673
33.178568840026855
33.17864990234375
33.19410181045532
33.210110902786255
33.210180044174194
33.299423933029175
33.31388306617737
33.31397795677185
33.327377796173096
33.34127879142761
33.34129285812378
33.341365814208984
33.35514998435974
33.36861777305603
33.36868596076965
33.46207785606384
33.47960591316223
33.47967886924744
33.496882915496826
33.49689698219299
33.51424980163574
33.514312982559204
33.531495809555054
33.53152585029602
33.53153896331787
33.53155183792114
33.549015045166016
33.6437828540802
33.643798828125
33.64381408691406
33.643872022628784
33.67193794250488
33.67202711105347
33.70955991744995
33.75586986541748
33.755950927734375
33.7879798412323
33.821255922317505
33.82135009765625
33.92743396759033
33.943238735198975
33.97494196891785
33.97499680519104
33.99043393135071
33.990503787994385
34.00589680671692
34.02134704589844
34.12804985046387
34.12810802459717
34.14512610435486
34.16179180145264
34.16185998916626
34.178581953048706
34.19538593292236
34.19545292854309
34.21231293678284
34.308480978012085
34.34219789505005
34.34226894378662
34.35890603065491
34.37554883956909
34.37564301490784
34.3923020362854
34.40879774093628
34.40888595581055
34.5001699924469
34.51740097999573
34.51748490333557
34.53411507606506
34.551039934158325
34.55111074447632
34.56705403327942
34.56706786155701
34.56708097457886
34.56714487075806
34.56715679168701
34.58302402496338
34.58308982849121
34.6739068031311
34.67394495010376
34.67398977279663
34.691555976867676
34.69158697128296
34.7075560092926
34.707568883895874
34.70759892463684
34.723612785339355
34.73970890045166
34.73977494239807
34.73978805541992
34.756186962127686
34.84750294685364
34.847564935684204
34.86444091796875
34.86445593833923
34.86451196670532
34.86453986167908
34.86455178260803
34.86459279060364
34.881672859191895
34.881685972213745
34.88170003890991
34.881755113601685
34.91702699661255
34.91713500022888
34.94911503791809
34.949177980422974
34.949206829071045
34.96692872047424
34.966943979263306
34.96695685386658
34.96700692176819
34.967018842697144
34.9670467376709
34.96705985069275
34.96707201004028
34.967084884643555
34.96709704399109
34.96710968017578
35.0911009311676
35.091203927993774
35.09121894836426
35.091233015060425
35.11834907531738
35.11841678619385
35.13383889198303
35.133914947509766
35.14844584465027
35.148536920547485
35.16303086280823
35.17704796791077
35.292754888534546
35.29286599159241
35.30611491203308
35.31463694572449
35.31470584869385
35.32247495651245
35.32248902320862
35.32252788543701
35.33120512962341
35.331273794174194
35.34005808830261
35.340086936950684
35.429003953933716
35.42906093597412
35.4458589553833
35.46523594856262
35.46533489227295
35.51379704475403
35.54176878929138
35.54185175895691
35.55874490737915
35.65477800369263
35.65483474731445
35.67175078392029
35.67182779312134
35.688535928726196
35.70484280586243
35.70492482185364
35.721071004867554
35.73717498779297
35.7372567653656
35.82962894439697
35.84607195854187
35.84615397453308
35.86344289779663
35.881584882736206
35.881677865982056
35.89997386932373
35.918123960494995
35.918192863464355
36.01550483703613
36.04840588569641
36.06446886062622
36.064533948898315
36.08053398132324
36.09680986404419
36.0968759059906
36.11353278160095
36.240577936172485
36.24063515663147
36.257174015045166
36.27403211593628
36.27411389350891
36.291553020477295
36.30856990814209
36.308647871017456
36.32565188407898
36.41889977455139
36.418956995010376
36.43569612503052
36.45202875137329
36.452093839645386
36.46849489212036
36.48506689071655
36.48513388633728
36.501991748809814
36.59784173965454
36.59789681434631
36.61524701118469
36.63169980049133
36.63178277015686
36.648569107055664
36.66668105125427
36.6667640209198
36.685383796691895
36.77899789810181
36.779035806655884
36.79624581336975
36.79631590843201
36.81491708755493
36.833287954330444
36.83337688446045
36.85216307640076
36.87207794189453
36.872143030166626
36.972944021224976
36.99077296257019
36.990843057632446
37.00893306732178
37.02832794189453
37.02842593193054
37.04907274246216
37.06812381744385
37.06820869445801
37.168673038482666
37.18699884414673
37.187071800231934
37.20595979690552
37.228853940963745
37.228941917419434
37.24837803840637
37.26746988296509
37.26757073402405
37.367120027542114
37.384562730789185
37.38466191291809
37.40454983711243
37.42565989494324
37.42572784423828
37.44734787940979
37.46764087677002
37.46770405769348
37.56722283363342
37.585885763168335
37.585951805114746
37.604645013809204
37.62368392944336
37.62374973297119
37.645248889923096
37.6650447845459
37.66513395309448
37.764869689941406
37.78161597251892
37.78169107437134
37.797903060913086
37.817527055740356
37.81762504577637
37.836949825286865
37.856027126312256
37.8561110496521
37.959314823150635
37.97665786743164
37.976743936538696
37.995681047439575
38.014199018478394
38.014297008514404
38.03181004524231
38.04917073249817
38.04925203323364
38.144871950149536
38.16234374046326
38.162418842315674
38.1802978515625
38.19742488861084
38.19750380516052
38.2146999835968
38.23189401626587
38.23196482658386
38.32819604873657
38.34668779373169
38.34677076339722
38.363945960998535
38.38237476348877
38.38245391845703
38.39992594718933
38.3999400138855
38.41699290275574
38.41700792312622
38.41702079772949
38.417088985443115
38.52611589431763
38.52617383003235
38.53275489807129
38.532798767089844
38.53964686393738
38.53973984718323
38.53977584838867
38.54647088050842
38.55277371406555
38.552828788757324
38.559468030929565
38.644423723220825
38.64447999000549
38.662662744522095
38.68072295188904
38.6808078289032
38.6986517906189
38.7166109085083
38.71668887138367
38.73435378074646
38.830137968063354
38.83018112182617
38.83021306991577
38.84616684913635
38.86276078224182
38.86282992362976
38.87877798080444
38.89441394805908
38.89448285102844
38.91008996963501
39.00603199005127
39.00608777999878
39.016571044921875
39.03430485725403
39.0343918800354
39.042685747146606
39.050843715667725
39.050915002822876
39.05926179885864
39.145761013031006
39.145832777023315
39.163718700408936
39.16378998756409
39.1810348033905
39.18106698989868
39.197808027267456
39.21458888053894
39.21478986740112
39.21483492851257
39.231825828552246
39.3299298286438
39.365997076034546
39.366085052490234
39.38389706611633
39.38398289680481
39.40161895751953
39.418200969696045
39.41832494735718
39.43560290336609
39.43564581871033
39.53890299797058
39.556421756744385
39.55643582344055
39.5564489364624
39.55646204948425
39.556474924087524
39.55648684501648
39.556498765945435
39.55651092529297
39.55657601356506
39.57417106628418
39.5741868019104
39.57419991493225
39.591131925582886
39.59121775627136
39.608200788497925
39.62520384788513
39.62527680397034
39.72150492668152
39.739581823349
39.73965001106262
39.75718092918396
39.75719594955444
39.77683401107788
39.77690291404724
39.799968957901
39.82549691200256
39.825559854507446
39.93026089668274
39.930407762527466
39.94923496246338
39.97051477432251
39.97057294845581
40.005406856536865
40.005494832992554
40.03502678871155
40.065215826034546
40.06531596183777
40.18025994300842
40.20266795158386
40.202757835388184
40.223567962646484
40.24528884887695
40.24541783332825
40.262385845184326
40.26247596740723
40.28002095222473
40.28009486198425
40.38554382324219
40.385602951049805
40.40299987792969
40.42046785354614
40.42048406600952
40.420496702194214
40.420509815216064
40.420522928237915
40.420536041259766
40.42054796218872
40.42056083679199
40.42057275772095
40.420628786087036
40.420658826828
40.43929481506348
40.45866584777832
40.458749771118164
40.476579904556274
40.57772207260132
40.57777976989746
40.59515380859375
40.6123309135437
40.61241173744202
40.62962293624878
40.650837898254395
40.65091872215271
40.66908383369446
40.76764369010925
40.76769495010376
40.784624099731445
40.80072903633118
40.80079674720764
40.81697678565979
40.83881378173828
40.838895082473755
40.85915803909302
40.859251976013184
41.000539779663086
41.00059986114502
41.01780891418457
41.07677412033081
41.10913896560669
41.10916495323181
41.176568031311035
41.176636934280396
41.21243476867676
41.2125358581543
41.35388898849487
41.376895904541016
41.376999855041504
41.396485805511475
41.4417610168457
41.44195199012756
41.46863412857056
41.4687237739563
41.487586975097656
41.601680755615234
41.60172200202942
41.620741844177246
41.6208279132843
41.63960909843445
41.663800954818726
41.66388177871704
41.68488001823425
41.70667099952698
41.70675611495972
41.81220078468323
41.82699203491211
41.827085971832275
41.84148979187012
41.85529804229736
41.85536289215088
41.86946988105774
41.883771896362305
42.003607988357544
42.00369191169739
42.01706886291504
42.01713681221008
42.02532505989075
42.02533984184265
42.02535390853882
42.02541375160217
42.04613900184631
42.071783781051636
42.07186698913574
42.09832286834717
42.20716691017151
42.24165391921997
42.241764068603516
42.27013397216797
42.28613901138306
42.28620791435242
42.30250597000122
42.3184380531311
42.31849908828735
42.43672180175781
42.454967975616455
42.45505094528198
42.47702598571777
42.50075697898865
42.50091290473938
42.53091883659363
42.55649185180664
42.55657696723938
42.686031103134155
42.70561099052429
42.70568490028381
42.72425103187561
42.74404501914978
42.74412298202515
42.76384997367859
42.78299689292908
42.7830708026886
42.91534209251404
42.93409299850464
42.934162855148315
42.95154404640198
42.96986389160156
42.969974994659424
42.98872685432434
43.008676052093506
43.00878882408142
43.11722373962402
43.138526916503906
43.138609886169434
43.16045379638672
43.183043003082275
43.183100938797
43.204750061035156
43.22745895385742
43.22754693031311
43.36038899421692
43.39188599586487
43.39199876785278
43.42238187789917
43.448230028152466
43.44831585884094
43.48680377006531
43.52209687232971
43.522188901901245
43.65104103088379
43.67011284828186
43.670204877853394
43.69038796424866
43.71473789215088
43.714826822280884
43.73981690406799
43.760205030441284
43.76028299331665
43.87939095497131
43.89961886405945
43.899720907211304
43.91996097564697
43.94020390510559
43.94031095504761
43.960793018341064
43.9921178817749
43.99239706993103
44.14104175567627
44.1624059677124
44.16248893737793
44.18381476402283
44.183918952941895
44.2030508518219
44.22242593765259
44.22252678871155
44.2417688369751
44.24180793762207
44.36272597312927
44.362780809402466
44.38656497001648
44.386642932891846
44.40881085395813
44.408889055252075
44.4326388835907
44.432689905166626
44.43272089958191
44.43273377418518
44.45402479171753
44.45409893989563
44.475199937820435
44.47521686553955
44.475297927856445
44.47531199455261
44.475324869155884
44.475337982177734
44.60074496269226
44.60080289840698
44.6235089302063
44.62352395057678
44.64656615257263
44.64664888381958
44.66979384422302
44.69096398353577
44.734426975250244
44.73454689979553
44.87979006767273
44.90314197540283
44.90324401855469
44.92461895942688
44.94626188278198
44.946353912353516
44.966805934906006
44.966840982437134
44.989603996276855
45.104475021362305
45.10453486442566
45.12817406654358
45.15181303024292
45.151899099349976
45.18584179878235
45.21156287193298
45.21166396141052
45.23909282684326
45.35923790931702
45.35929989814758
45.384620904922485
45.407747983932495
45.40783190727234
45.43390393257141
45.4582257270813
45.45832800865173
45.48414087295532
45.60012888908386
45.60018873214722
45.62116813659668
45.621509075164795
45.62152695655823
45.64563703536987
45.64573574066162
45.66153001785278
45.66154479980469
45.66155791282654
45.66156983375549
45.661582946777344
45.661595821380615
45.66170287132263
45.71279692649841
45.738834857940674
45.738956928253174
45.85088086128235
45.850942850112915
45.86947798728943
45.88805294036865
45.888171911239624
45.90607190132141
45.93276882171631
45.93287992477417
45.96306490898132
46.08221888542175
46.08227491378784
46.10298800468445
46.10306978225708
46.125109910964966
46.148646116256714
46.14871907234192
46.175715923309326
46.207427978515625
46.20748591423035
46.35591793060303
46.35597896575928
46.374855756759644
46.37489295005798
46.398080825805664
46.416558027267456
46.41662311553955
46.43552494049072
46.435606956481934
46.46180987358093
46.60886073112488
46.60890483856201
46.60893797874451
46.63025403022766
46.65023994445801
46.650327920913696
46.65034103393555
46.688015937805176
46.68811106681824
46.72395205497742
46.77354693412781
46.77362895011902
46.948946952819824
46.94900870323181
46.9707407951355
46.99183773994446
46.991933822631836
47.012635707855225
47.03448700904846
47.03457975387573
47.055126905441284
47.17163276672363
47.17169499397278
47.19329500198364
47.21605896949768
47.21613788604736
47.236838817596436
47.27535796165466
47.27537393569946
47.275452852249146
47.32235884666443
47.32244300842285
47.322458028793335
47.46877098083496
47.495744943618774
47.49580788612366
47.52222394943237
47.522305965423584
47.52232003211975
47.52233290672302
47.548663854599
47.54868984222412
47.548752784729004
47.57275986671448
47.57282090187073
47.57285499572754
47.598434925079346
47.59844970703125
47.598464012145996
47.59847688674927
47.59848999977112
47.59850287437439
47.59851598739624
47.73978114128113
47.739797830581665
47.73985290527344
47.7643780708313
47.78563714027405
47.78574299812317
47.80973196029663
47.83043193817139
47.83052372932434
47.85187387466431
47.98824381828308
47.9883029460907
48.00961780548096
48.02947497367859
48.029582023620605
48.04993295669556
48.07230091094971
48.07237505912781
48.10003399848938
48.100127935409546
48.222991943359375
48.22304892539978
48.23156189918518
48.23942494392395
48.239500999450684
48.24815392494202
48.25583577156067
48.25585198402405
48.25592279434204
48.264832973480225
48.36784291267395
48.36790180206299
48.37624788284302
48.376319885253906
48.39399075508118
48.39407992362976
48.4091010093689
48.4259397983551
48.45656490325928
48.45668697357178
48.45670175552368
48.678138971328735
48.678385734558105
48.678404092788696
48.67841672897339
48.703651905059814
48.70376396179199
48.72858190536499
48.72862887382507
48.72879981994629
48.72885799407959
48.72909474372864
48.75513005256653
48.75514578819275
48.75516104698181
48.782588720321655
48.78260588645935
48.782681941986084
48.78269577026367
48.78272891044617
48.831622838974
48.83163905143738
48.831679821014404
48.83169388771057
48.83170700073242
48.83171892166138
48.831732988357544
48.831745862960815
48.83175802230835
48.9811749458313
48.981215953826904
48.98123002052307
49.00260591506958
49.002622842788696
49.00263595581055
49.0026490688324
49.00266194343567
49.00275492668152
49.00276803970337
49.002779722213745
49.002792835235596
49.02528405189514
49.02530097961426
49.0253849029541
49.02539801597595
49.04786777496338
49.04794788360596
49.04796314239502
49.07126498222351
49.0713677406311
49.093705892562866
49.217966079711914
49.217981815338135
49.2179970741272
49.218034744262695
49.25352382659912
49.32608199119568
49.326207876205444
49.32624292373657
49.32625675201416
49.392414808273315
49.39245104789734
49.431251764297485
49.46641397476196
49.46652007102966
49.61559009552002
49.61562395095825
49.64285683631897
49.66803979873657
49.66808891296387
49.72430896759033
49.753121852874756
49.75321102142334
49.779844999313354
49.77994680404663
49.90155482292175
49.90161895751953
49.92785286903381
49.92795276641846
49.95340371131897
49.953441858291626
49.979387044906616
49.97945785522461
49.97949004173279
50.00750207901001
50.00758910179138
50.033846855163574
50.033862829208374
50.03387784957886
50.03389000892639
50.03390312194824
50.0339150428772
50.03399586677551
50.16801190376282
50.168070793151855
50.19426393508911
50.22050499916077
50.22057795524597
50.24878001213074
50.24888586997986
50.278427839279175
50.30778384208679
50.3078887462616
50.43853211402893
50.46633172035217
50.46642303466797
50.49377083778381
50.49380707740784
50.5220730304718
50.54982399940491
50.5499267578125
50.57811498641968
50.699532985687256
50.754387855529785
50.75451898574829
50.80323600769043
50.82975196838379
50.82989311218262
50.85675883293152
50.85679507255554
50.88471484184265
51.013309955596924
51.01332712173462
51.01336479187012
51.06408500671387
51.064180850982666
51.06419491767883
51.06420874595642
51.12312293052673
51.12319779396057
51.19602704048157
51.19619083404541
51.25098395347595
51.30547285079956
51.30554795265198
51.48947286605835
51.48950791358948
51.52257490158081
51.52259087562561
51.52277588844299
51.551904916763306
51.580479860305786
51.58056998252869
51.60880398750305
51.63439679145813
51.63447070121765
51.7588369846344
51.78921699523926
51.78930401802063
51.82089281082153
51.85139489173889
51.851526737213135
51.87864398956299
51.911537885665894
51.91161108016968
52.04248595237732
52.04254484176636
52.07022404670715
52.10502076148987
52.105112075805664
52.1340217590332
52.1654748916626
52.166252851486206
52.19872689247131
52.36775994300842
52.3679358959198
52.401426792144775
52.43192386627197
52.43203592300415
52.461073875427246
52.48741602897644
52.48751783370972
52.51318287849426
52.63080286979675
52.630861043930054
52.65652394294739
52.6820068359375
52.68208289146423
52.70971488952637
52.73621082305908
52.7363018989563
52.76331090927124
52.8810338973999
52.8810920715332
52.90769600868225
52.93396806716919
52.93398380279541
52.93406581878662
52.977664947509766
53.02834606170654
53.028435945510864
53.02845001220703
53.086106061935425
53.228134870529175
53.22819185256958
53.24453902244568
53.26057171821594
53.26064085960388
53.276604890823364
53.276670932769775
53.292762994766235
53.29281687736511
53.309808015823364
53.44013786315918
53.440197706222534
53.45911908149719
53.481476068496704
53.481563091278076
53.499594926834106
53.51709985733032
53.51717805862427
53.53794503211975
53.660414934158325
53.660473108291626
53.67470574378967
53.68828201293945
53.68835401535034
53.70198702812195
53.717864751815796
53.71789789199829
53.746800899505615
53.74688506126404
53.853029012680054
53.86708188056946
53.8671600818634
53.88079500198364
53.894256830215454
53.89433002471924
53.907755851745605
53.907824754714966
53.921223878860474
54.03070402145386
54.03076195716858
54.06837606430054
54.06840991973877
54.114269971847534
54.15964984893799
54.15972876548767
54.20510292053223
54.20517587661743
54.257164001464844
54.25725483894348
54.41880702972412
54.43133997917175
54.43143391609192
54.44312286376953
54.443137884140015
54.45370888710022
54.45377993583679
54.46625304222107
54.466296911239624
54.49331879615784
54.49333381652832
54.49334788322449
54.60041689872742
54.6004741191864
54.600486755371094
54.62607407569885
54.65088677406311
54.65097188949585
54.65100383758545
54.6510169506073
54.67438292503357
54.697996854782104
54.69806098937988
54.72249794006348
54.722512006759644
54.72256588935852
54.842767000198364
54.84278392791748
54.84283900260925
54.8428521156311
54.842864751815796
54.84287691116333
54.8428897857666
54.842901945114136
54.84959673881531
54.84964609146118
54.84967494010925
54.85661196708679
54.856663942337036
54.86416292190552
54.8642418384552
54.871553897857666
54.889050006866455
54.99911069869995
54.99917387962341
55.01836109161377
55.03749489784241
55.03757882118225
55.05947995185852
55.11648988723755
55.1167049407959
55.1449089050293
55.25973296165466
55.25979280471802
55.27066993713379
55.29726791381836
55.297358989715576
55.304667711257935
55.30470299720764
55.31558799743652
55.32528305053711
55.325368881225586
55.43036198616028
55.44243097305298
55.44247889518738
55.44249176979065
55.454432010650635
55.454495906829834
55.477412939071655
55.47746300697327
55.4983549118042
55.498416900634766
55.51853370666504
55.63736701011658
55.63740682601929
55.63745307922363
55.64559292793274
55.65336894989014
55.65344572067261
55.661322832107544
55.66896677017212
55.66902995109558
55.677682876586914
55.78318476676941
55.783243894577026
55.80635213851929
55.851048946380615
55.87364888191223
55.873729944229126
55.89533591270447
55.91853308677673
55.91860890388489
56.043675899505615
56.05146384239197
56.051525831222534
56.06005382537842
56.060067892074585
56.06008172035217
56.06011199951172
56.071045875549316
56.07105994224548
56.071105003356934
56.08024787902832
56.08030891418457
56.08927893638611
56.089349031448364
56.19106888771057
56.191104888916016
56.19113492965698
56.19923281669617
56.199304819107056
56.19931697845459
56.20713496208191
56.21510291099548
56.215203046798706
56.222776889801025
56.232038736343384
56.23212003707886
56.36712074279785
56.394163846969604
56.394256830215454
56.41751289367676
56.449206829071045
56.4492928981781
56.48343896865845
56.51647400856018
56.51655602455139
56.68585276603699
56.71522498130798
56.7158420085907
56.74064612388611
56.74072480201721
56.76480793952942
56.76488280296326
56.76489806175232
56.78723692893982
56.78731679916382
56.813941955566406
56.975987911224365
56.9993257522583
56.999428033828735
57.02122092247009
57.042447090148926
57.042551040649414
57.064862966537476
57.08733892440796
57.087440729141235
57.22080588340759
57.252079010009766
57.252192974090576
57.28601288795471
57.319591760635376
57.319679975509644
57.35694885253906
57.40641689300537
57.40650272369385
57.57485890388489
57.574893951416016
57.60236883163452
57.62925887107849
57.62935400009155
57.65620970726013
57.68312072753906
57.683196783065796
57.71051383018494
57.878267765045166
57.87837886810303
57.94595384597778
57.98892784118652
57.98901605606079
58.03233504295349
58.085991859436035
58.08606290817261
58.14903998374939
58.14912509918213
58.30889701843262
58.345714807510376
58.345803022384644
58.37468481063843
58.37477970123291
58.40674090385437
58.40680694580078
58.43394994735718
58.43396592140198
58.434043884277344
58.46188998222351
58.59343409538269
58.59349083900452
58.61561703681946
58.63757681846619
58.63765811920166
58.66003084182739
58.681397914886475
58.68146872520447
58.70294904708862
58.70301413536072
58.824175119400024
58.82423281669617
58.85428190231323
58.882871866226196
58.88294076919556
58.91241788864136
58.942445039749146
58.94252300262451
58.97239804267883
59.099238872528076
59.09930205345154
59.170331716537476
59.202122926712036
59.20222473144531
59.225764989852905
59.22580075263977
59.249555826187134
59.27319693565369
59.273284912109375
59.27329874038696
59.27331304550171
59.40397310256958
59.47860503196716
59.47862195968628
59.47871494293213
59.519387006759644
59.56166911125183
59.56174898147583
59.605902910232544
59.65251398086548
59.65259289741516
59.652626752853394
59.8148410320282
59.83500385284424
59.83509588241577
59.854331731796265
59.87307381629944
59.87316608428955
59.893648862838745
59.91447591781616
59.914578914642334
60.05450201034546
60.07737493515015
60.07746195793152
60.10081100463867
60.12419390678406
60.1243040561676
60.14583086967468
60.16719579696655
60.16726803779602
60.32990097999573
60.329959869384766
60.380971908569336
60.41224908828735
60.41235589981079
60.412370920181274
60.443527936935425
60.44354605674744
60.44356083869934
60.44362282752991
60.47385382652283
60.474257707595825
60.50203204154968
60.708950996398926
60.709019899368286
60.73265099525452
60.756030797958374
60.75613474845886
60.77768588066101
60.777769804000854
60.799278020858765
60.79932475090027
60.822798013687134
60.95473599433899
60.954752922058105
60.9547917842865
60.976831912994385
60.97690987586975
60.97692370414734
60.97695779800415
60.999151945114136
61.02087378501892
61.0208899974823
61.02096199989319
61.02099394798279
61.042656898498535
61.042672872543335
61.06593203544617
61.06601095199585
61.19320797920227
61.19326400756836
61.213634967803955
61.234001874923706
61.23409986495972
61.255810022354126
61.27637696266174
61.2764630317688
61.29808783531189
61.42993402481079
61.42999076843262
61.45012879371643
61.471049785614014
61.471158027648926
61.490187883377075
61.509052753448486
61.50916886329651
61.52869987487793
61.528735876083374
61.657875776290894
61.685834884643555
61.685940980911255
61.71358585357666
61.740500926971436
61.740585803985596
61.76791596412659
61.7679328918457
61.76802396774292
61.768035888671875
61.7955367565155
61.79561805725098
61.923744916915894
61.96294903755188
61.96303391456604
61.96304678916931
62.00968909263611
62.05765390396118
62.0577278137207
62.11085796356201
62.11089301109314
62.168843030929565
62.326595067977905
62.32665395736694
62.3546359539032
62.354650020599365
62.381765842437744
62.38183283805847
62.409395933151245
62.40946292877197
62.43752479553223
62.46602201461792
62.46610498428345
62.5953528881073
62.59536790847778
62.62289786338806
62.62296485900879
62.65024495124817
62.65025877952576
62.67749810218811
62.67755889892578
62.70479893684387
62.70486283302307
62.73330283164978
62.86562776565552
62.8656439781189
62.865681886672974
62.86571288108826
62.88084292411804
62.89650774002075
62.89659380912781
62.911563873291016
62.91162896156311
62.9266300201416
62.92669105529785
62.92672085762024
62.92673397064209
62.92674708366394
62.94255089759827
63.059547901153564
63.05960702896118
63.08352780342102
63.08354306221008
63.10627508163452
63.10634899139404
63.13233780860901
63.160675048828125
63.16075682640076
63.18932604789734
63.18935704231262
63.3205828666687
63.3205988407135
63.320631980895996
63.320683002471924
63.353362798690796
63.38642597198486
63.38650989532471
63.41881489753723
63.45173096656799
63.45180892944336
63.48412370681763
63.624491930007935
63.62454795837402
63.65617084503174
63.68650794029236
63.68657875061035
63.71787691116333
63.80083084106445
63.84176301956177
63.841850996017456
63.97705388069153
64.00885081291199
64.00892090797424
64.0089340209961
64.03940296173096
64.03941702842712
64.03943085670471
64.06983995437622
64.06990790367126
64.10069298744202
64.13121509552002
64.13129377365112
64.26486086845398
64.29537200927734
64.29546594619751
64.32542490959167
64.35593104362488
64.35594582557678
64.35603499412537
64.38737893104553
64.41794872283936
64.41799998283386
64.55138993263245
64.55142378807068
64.58233690261841
64.58240294456482
64.58241605758667
64.61335277557373
64.64441013336182
64.70840787887573
64.70848774909973
64.73986291885376
64.87772583961487
64.87778091430664
64.91023397445679
64.97923803329468
65.01025676727295
65.07353901863098
65.07365703582764
65.13154983520508
65.13161897659302
65.30837798118591
65.30855178833008
65.30856490135193
65.34568071365356
65.3788058757782
65.37889790534973
65.378910779953
65.37892293930054
65.41272497177124
65.41279292106628
65.44677805900574
65.44679379463196
65.44688391685486
65.48247694969177
65.62389588356018
65.6239538192749
65.62396693229675
65.62399578094482
65.62400889396667
65.65487575531006
65.65490984916687
65.65492296218872
65.65493607521057
65.65494894981384
65.65496182441711
65.65497374534607
65.6549859046936
65.68571090698242
65.68580079078674
65.716481924057
65.74710083007812
65.74716901779175
65.77831387519836
65.77840614318848
65.91259598731995
65.91263103485107
65.94398999214172
65.94408798217773
65.97561001777649
66.00782775878906
66.00790810585022
66.04065680503845
66.07358002662659
66.07365798950195
66.21187591552734
66.24339771270752
66.24348378181458
66.27564883232117
66.30852198600769
66.30860996246338
66.35487794876099
66.39977693557739
66.39986395835876
66.5464780330658
66.57958698272705
66.5796709060669
66.61216878890991
66.6470959186554
66.64771294593811
66.6834568977356
66.71736598014832
66.71745777130127
66.90643787384033
66.95125389099121
66.95148801803589
66.99513483047485
67.0346417427063
67.03472304344177
67.07793593406677
67.11772108078003
67.11781191825867
67.26618480682373
67.30137801170349
67.3014669418335
67.33564305305481
67.36949396133423
67.36956691741943
67.40356588363647
67.4372878074646
67.43736171722412
67.57667303085327
67.61138200759888
67.61148595809937
67.6471848487854
67.68117499351501
67.68126392364502
67.71557188034058
67.74982285499573
67.74991583824158
67.92149090766907
67.95677781105042
67.9568338394165
67.99070191383362
68.0261218547821
68.026193857193
68.06368589401245
68.10202097892761
68.10207986831665
68.2441349029541
68.2441918849945
68.27323389053345
68.27331399917603
68.30163979530334
68.30167078971863
68.33034110069275
68.35844874382019
68.35852098464966
68.38689684867859
68.52237486839294
68.5224359035492
68.55603885650635
68.58815407752991
68.58820605278015
68.62052607536316
68.62053990364075
68.62060785293579
68.62062001228333
68.65302085876465
68.6530339717865
68.68531084060669
68.68536496162415
68.87389087677002
68.87399792671204
68.90578293800354
68.92342805862427
68.92349696159363
68.93990969657898
68.93992590904236
68.93998575210571
68.95647692680359
68.95649290084839
68.95657801628113
68.97304177284241
69.09864687919617
69.09866285324097
69.09871506690979
69.12571883201599
69.12578773498535
69.1258008480072
69.15232992172241
69.15241169929504
69.17934894561768
69.20830392837524
69.20838284492493
69.23594093322754
69.23595595359802
69.37017273902893
69.37018990516663
69.37030696868896
69.4055528640747
69.43697690963745
69.4370698928833
69.46761012077332
69.49805188179016
69.4981198310852
69.52838897705078
69.52846097946167
69.66466879844666
69.68895888328552
69.68902707099915
69.71309781074524
69.73709988594055
69.73716402053833
69.76229906082153
69.78653693199158
69.78662180900574
69.91659379005432
69.94104790687561
69.94112992286682
69.96523380279541
69.98923373222351
69.9893229007721
70.01327896118164
70.03716397285461
70.03808093070984
70.16864395141602
70.16869902610779
70.19330406188965
70.2183678150177
70.21843981742859
70.24415493011475
70.2696099281311
70.26967787742615
70.29563093185425
70.43056201934814
70.4306149482727
70.45776605606079
70.45783495903015
70.486093044281
70.5137767791748
70.51385998725891
70.54189682006836
70.56949710845947
70.56956386566162
70.71395182609558
70.74697589874268
70.81626796722412
70.81634187698364
70.87008500099182
70.90848875045776
70.90858578681946
70.94571900367737
71.09506607055664
71.09510707855225
71.12187576293945
71.12195611000061
71.14786386489868
71.14787793159485
71.14789080619812
71.14795899391174
71.17377877235413
71.20051193237305
71.20059895515442
71.20061302185059
71.24497199058533
71.24505114555359
71.4047269821167
71.40476489067078
71.42669987678528
71.42676496505737
71.44835591316223
71.44843196868896
71.47000908851624
71.49130201339722
71.4913740158081
71.54154992103577
71.70750308036804
71.70755815505981
71.73585677146912
71.73588871955872
71.78242611885071
71.83811593055725
71.8382158279419
71.89371371269226
72.00554490089417
72.16947197914124
72.16952800750732
72.20252203941345
72.23518085479736
72.23522996902466
72.26797890663147
72.30140376091003
72.3014919757843
72.33584690093994
72.47479176521301
72.47484302520752
72.50393795967102
72.53246593475342
72.53253388404846
72.56076192855835
72.61888408660889
72.6473457813263
72.64741587638855
72.78629970550537
72.8201048374176
72.82011985778809
72.82019400596619
72.85462808609009
72.88711380958557
72.88719391822815
72.91983675956726
72.91991901397705
72.95607900619507
73.10095000267029
73.10101294517517
73.10102605819702
73.1010389328003
73.12861108779907
73.12870192527771
73.1554868221283
73.18201184272766
73.18207693099976
73.20893001556396
73.23630094528198
73.23638606071472
73.37238502502441
73.37242102622986
73.37243485450745
73.3724479675293
73.40499496459961
73.40503072738647
73.40504479408264
73.44131302833557
73.44137191772461
73.47808790206909
73.47815275192261
73.51351380348206
73.51358199119568
73.54966497421265
73.69375514984131
73.69380974769592
73.71881175041199
73.71915197372437
73.74377274513245
73.74384784698486
73.76820397377014
73.79296493530273
73.8434329032898
73.84350204467773
73.98732209205627
73.98733687400818
74.02182984352112
74.0219099521637
74.06043195724487
74.06052494049072
74.1011130809784
74.14224100112915
74.14232277870178
74.18323183059692
74.33008670806885
74.33013391494751
74.33933091163635
74.33940601348877
74.350182056427
74.36261892318726
74.36269211769104
74.37701177597046
74.3909559249878
74.39102482795715
74.5125880241394
74.53550887107849
74.53557705879211
74.55784177780151
74.5801329612732
74.58020186424255
74.60238790512085
74.60246181488037
74.62467813491821
74.75673174858093
74.75679302215576
74.78088808059692
74.80466508865356
74.80473184585571
74.82874989509583
74.85291481018066
74.85299873352051
74.87798500061035
75.0174241065979
75.01747989654541
75.0499587059021
75.05003786087036
75.08206582069397
75.0821328163147
75.08214592933655
75.1141927242279
75.11425304412842
75.14646077156067
75.14652991294861
75.17881107330322
75.33207583427429
75.33213305473328
75.34088087081909
75.34091591835022
75.34937286376953
75.3493869304657
75.35806679725647
75.35815382003784
75.35816788673401
75.3669490814209
75.36696600914001
75.36698007583618
75.36705183982849
75.3670871257782
75.40635371208191
75.40641784667969
75.55957913398743
75.55965304374695
75.58672308921814
75.61124992370605
75.61133480072021
75.63542604446411
75.65950584411621
75.65958285331726
75.68418407440186
75.82363796234131
75.82369494438171
75.84895992279053
75.87368178367615
75.87377095222473
75.89848899841309
75.92374181747437
75.92381191253662
