0, 0.002685
1, 0.000101
2, 5.3e-05
3, 0.000188
4, 0.000915
5, 0.0004
6, 0.00011
7, 9.1e-05
8, 0.000218
9, 0.000145
10, 0.000137
11, 0.000138
12, 6.2e-05
13, 9.5e-05
14, 6.7e-05
15, 6.7e-05
16, 7.5e-05
17, 0.000198
18, 0.000518
19, 5.1e-05
20, 8.9e-05
21, 0.000114
22, 9.3e-05
23, 0.000113
24, 0.000151
25, 0.000129
26, 0.000128
27, 0.000138
28, 0.000131
29, 0.000344
30, 0.000227
31, 0.001018
32, 0.000149
33, 0.000331
34, 0.000247
35, 0.000246
36, 0.000217
37, 0.000189
38, 0.00021
39, 0.000152
40, 0.000144
41, 0.000106
42, 0.000107
43, 7.1e-05
44, 0.00015
45, 0.000143
46, 0.000148
47, 0.000141
48, 0.000291
49, 0.000128
50, 6.6e-05
51, 0.000343
52, 0.000279
53, 0.000287
54, 0.000147
55, 0.000114
56, 8.8e-05
57, 5.2e-05
58, 8e-05
59, 7.9e-05
60, 0.000108
61, 3.8e-05
62, 6.9e-05
63, 3.6e-05
64, 5.3e-05
65, 5.9e-05
66, 0.0001
67, 0.001038
68, 0.000622
69, 0.000129
70, 2.9e-05
71, 5.9e-05
72, 0.000102
73, 0.000132
74, 0.000151
75, 0.000227
76, 0.000161
77, 0.00014
78, 0.000133
79, 0.000131
80, 0.000128
81, 0.000124
82, 0.00011
83, 4.1e-05
84, 8.1e-05
85, 8.7e-05
86, 0.000196
87, 0.000155
88, 0.000419
89, 0.000474
90, 0.000646
91, 7.4e-05
92, 0.000858
93, 0.000376
94, 0.000429
95, 0.000319
96, 0.000342
97, 0.000404
98, 0.00042
99, 0.000429
100, 0.000105
101, 0.000187
102, 0.000151
103, 0.0003
104, 0.000167
105, 9.6e-05
106, 0.000102
107, 0.000203
108, 0.000174
109, 0.000179
110, 9.1e-05
111, 0.000122
112, 0.000176
113, 0.000208
114, 0.000219
115, 0.000211
116, 0.000215
117, 0.000193
118, 0.000163
119, 0.000338
120, 4.4e-05
121, 3.3e-05
122, 0.000111
123, 5.7e-05
124, 0.000151
125, 0.000151
126, 0.000165
127, 0.000168
128, 0.000385
129, 0.000566
130, 0.000246
131, 0.000545
132, 0.00011
133, 0.000262
134, 0.000278
135, 0.000257
136, 0.000255
137, 0.000242
138, 0.000186
139, 0.000718
140, 0.001492
141, 0.001589
142, 0.00033
143, 0.000125
144, 0.000282
145, 0.000811
146, 0.000608
147, 0.000717
148, 0.000234
149, 0.000256
150, 0.000425
151, 0.00032
152, 0.000187
153, 0.000413
154, 0.000357
155, 0.000229
156, 0.000147
157, 0.000153
158, 0.001029
159, 0.00039
160, 0.000239
161, 0.000261
162, 0.000216
163, 0.000329
164, 0.000307
165, 0.000248
166, 0.000203
167, 0.00045
168, 0.000222
169, 0.000129
170, 6.8e-05
171, 0.000108
172, 8.1e-05
173, 4.6e-05
174, 6.9e-05
175, 8e-05
176, 4.3e-05
177, 5.8e-05
178, 8.1e-05
179, 4.5e-05
180, 3.7e-05
181, 3.9e-05
182, 3.8e-05
183, 4e-05
184, 3.9e-05
185, 3.8e-05
186, 3.9e-05
187, 4e-05
188, 3.9e-05
189, 4.1e-05
190, 4.1e-05
191, 4.2e-05
192, 4.4e-05
193, 4e-05
194, 4e-05
195, 4.1e-05
196, 4.1e-05
197, 4.2e-05
198, 4.2e-05
199, 4.6e-05
200, 4.5e-05
201, 6.8e-05
202, 4.9e-05
203, 4.4e-05
204, 4.4e-05
205, 8.1e-05
206, 9.6e-05
207, 5.3e-05
208, 4.9e-05
209, 4.9e-05
210, 4.7e-05
211, 4.5e-05
212, 4.7e-05
213, 5.2e-05
214, 8e-05
215, 7.4e-05
216, 5.8e-05
217, 5.3e-05
218, 4.9e-05
219, 4.9e-05
220, 4.7e-05
221, 4.6e-05
222, 0.000134
223, 5.7e-05
224, 4.8e-05
225, 8.9e-05
226, 5.9e-05
227, 5e-05
228, 4.7e-05
229, 0.000124
230, 0.000157
231, 6e-05
232, 4.8e-05
233, 4.8e-05
234, 7.3e-05
235, 5.8e-05
236, 8e-05
237, 5.3e-05
238, 5.3e-05
239, 5.3e-05
240, 4.8e-05
241, 4.8e-05
242, 4.9e-05
243, 6.7e-05
244, 5.3e-05
245, 5.1e-05
246, 5e-05
247, 7.6e-05
248, 8e-05
249, 6e-05
250, 5.3e-05
251, 5.8e-05
252, 9.6e-05
253, 0.000168
254, 0.000112
255, 9.5e-05
256, 0.000118
257, 0.000156
258, 0.000142
259, 0.000108
260, 0.000141
261, 0.000118
262, 0.000147
263, 0.000196
264, 0.000185
265, 0.000214
266, 0.000207
267, 0.000183
268, 0.000159
269, 0.000134
270, 0.000127
271, 0.000162
272, 0.000232
273, 0.000584
274, 0.000157
275, 0.000131
276, 0.00018
277, 0.000241
278, 0.000243
279, 0.000214
280, 0.000174
281, 0.000127
282, 0.000168
283, 0.000145
284, 0.000123
285, 0.000155
286, 0.000162
287, 0.000109
288, 0.000215
289, 0.000151
290, 0.000139
291, 9.2e-05
292, 0.000113
293, 0.000106
294, 0.000111
295, 8.7e-05
296, 0.000112
297, 0.00104
298, 0.000201
299, 0.00014
300, 0.000122
301, 6.1e-05
302, 6e-05
303, 5.9e-05
304, 8e-05
305, 8.7e-05
306, 0.000125
307, 0.0001
308, 0.000215
309, 0.000144
310, 6.5e-05
311, 6e-05
312, 7.5e-05
313, 0.00013
314, 0.000124
315, 0.000155
316, 0.000124
317, 0.000126
318, 0.000123
319, 0.000138
320, 0.000119
321, 0.000125
322, 0.00012
323, 0.000128
324, 0.000129
325, 0.000126
326, 0.000125
327, 0.000177
328, 0.000187
329, 0.000197
330, 0.000183
331, 0.000129
332, 0.000299
333, 0.000172
334, 0.000134
335, 0.000138
336, 0.000135
337, 0.000132
338, 0.000132
339, 0.000151
340, 0.000137
341, 0.000137
342, 0.000135
343, 0.000133
344, 0.000136
345, 0.000142
346, 0.000138
347, 0.000107
348, 0.000235
349, 0.000144
350, 0.000137
351, 0.000133
352, 0.00014
353, 0.000118
354, 0.000135
355, 0.000131
356, 0.000139
357, 0.000196
358, 0.000205
359, 0.000214
360, 0.000204
361, 0.000208
362, 0.000184
363, 0.000141
364, 0.000137
365, 9.4e-05
366, 0.000216
367, 0.000157
368, 0.000143
369, 0.000144
370, 0.000142
371, 0.000148
372, 0.000155
373, 0.000154
374, 0.000144
375, 0.000146
376, 0.00014
377, 0.000144
378, 0.000136
379, 0.00015
380, 0.000144
381, 0.000135
382, 0.000145
383, 9.7e-05
384, 7.5e-05
385, 7.4e-05
386, 7.7e-05
387, 8.3e-05
388, 7.9e-05
389, 7.7e-05
390, 8.2e-05
391, 7.9e-05
392, 7.7e-05
393, 7.4e-05
394, 8e-05
395, 7.7e-05
396, 7.8e-05
397, 7.6e-05
398, 8e-05
399, 8.5e-05
400, 8.8e-05
401, 8.3e-05
402, 7.8e-05
403, 0.000131
404, 0.000107
405, 9.3e-05
406, 0.000854
407, 0.000337
408, 0.0001
409, 0.001142
410, 0.001242
411, 0.000202
412, 0.00024
413, 0.000109
414, 8.7e-05
415, 0.000293
416, 0.001383
417, 0.000355
418, 0.000128
419, 0.001098
420, 0.00027
421, 0.000324
422, 0.00012
423, 0.0003
424, 0.000273
425, 9.8e-05
426, 9.8e-05
427, 0.000952
428, 0.000248
429, 0.001296
430, 0.000292
431, 0.001414
432, 0.000947
433, 0.001298
434, 0.000195
435, 0.000141
436, 0.000523
437, 0.000485
438, 0.000218
439, 0.001705
440, 0.001201
441, 0.000399
442, 0.000272
443, 0.000951
444, 0.000392
445, 0.000345
446, 0.000696
447, 0.000215
448, 0.001653
449, 0.002353
450, 0.002282
451, 0.000365
452, 0.000373
453, 0.000175
454, 0.000423
455, 0.000195
456, 0.000126
457, 0.000763
458, 0.000739
459, 0.004678
460, 0.001411
461, 0.000721
462, 0.001236
463, 0.000522
464, 0.000463
465, 0.000572
466, 0.000342
467, 0.000186
468, 0.000525
469, 0.002045
470, 0.000954
471, 0.000187
472, 0.001
473, 0.000262
474, 9.5e-05
475, 0.00032
476, 0.000129
477, 0.0011
478, 0.000252
479, 0.003734
480, 0.000227
481, 0.000533
482, 0.000126
483, 9.6e-05
484, 9.1e-05
485, 0.000487
486, 0.001618
487, 0.000326
488, 0.000148
489, 0.002391
490, 0.000632
491, 0.001332
492, 0.001251
493, 0.002977
494, 0.000666
495, 0.002664
496, 0.000965
497, 0.00086
498, 0.001923
499, 0.005063
500, 0.00087
501, 0.000586
502, 0.000917
503, 0.000307
504, 0.000332
505, 0.002262
506, 0.000551
507, 0.000921
508, 0.000413
509, 0.003301
510, 0.001146
511, 0.001485
512, 0.001489
513, 0.000521
514, 0.002585
515, 0.000706
516, 0.002231
517, 0.000525
518, 0.000631
519, 0.004324
520, 0.002374
521, 0.000662
522, 0.000425
523, 0.000358
524, 0.000264
525, 0.002995
526, 0.000689
527, 0.000763
528, 0.000681
529, 0.00148
530, 0.000441
531, 0.000364
532, 0.002309
533, 0.001043
534, 0.000372
535, 0.000416
536, 0.001104
537, 0.000389
538, 0.002028
539, 0.001947
540, 0.001618
541, 0.000799
542, 0.002556
543, 0.000697
544, 0.000854
545, 0.001334
546, 0.001541
547, 0.000556
548, 0.002349
549, 0.001758
550, 0.000592
551, 0.000885
552, 0.001295
553, 0.000638
554, 0.002707
555, 0.001128
556, 0.000484
557, 0.001659
558, 0.00044
559, 0.00189
560, 0.000663
561, 0.000537
562, 0.000576
563, 0.000486
564, 0.000462
565, 0.000389
566, 0.000361
567, 0.000426
568, 0.000593
569, 0.000645
570, 0.000493
571, 0.000303
572, 0.000557
573, 0.0006
574, 0.000511
575, 0.000563
576, 0.000259
577, 0.000283
578, 0.000536
579, 0.000557
580, 0.000574
581, 0.000426
582, 0.00047
583, 0.000569
584, 0.000445
585, 0.000426
586, 0.000367
587, 0.000419
588, 0.000654
589, 0.000682
590, 0.000279
591, 0.000399
592, 0.00065
593, 0.000657
594, 0.000363
595, 0.000575
596, 0.000694
597, 0.000644
598, 0.000614
599, 0.0007
600, 0.000562
601, 0.000507
602, 0.000618
603, 0.000618
604, 0.000455
605, 0.00053
606, 0.000654
607, 0.000701
608, 0.000242
609, 0.000643
610, 0.000596
611, 0.000577
612, 0.000606
613, 0.000232
614, 0.000595
615, 0.000695
616, 0.000628
617, 0.000356
618, 0.000521
619, 0.000651
620, 0.000568
621, 0.00041
622, 0.00048
623, 0.000257
624, 0.000534
625, 0.00058
626, 0.000522
627, 0.000616
628, 0.000457
629, 0.0006
630, 0.000637
631, 0.000584
632, 0.000402
633, 0.000477
634, 0.000592
635, 0.000392
636, 0.000415
637, 0.000486
638, 0.000722
639, 0.000813
640, 0.000405
641, 0.000491
642, 0.000726
643, 0.000584
644, 0.000422
645, 0.000549
646, 0.000622
647, 0.000625
648, 0.000507
649, 0.000556
650, 0.000604
651, 0.000372
652, 0.000485
653, 0.000636
654, 0.000645
655, 0.000288
656, 0.000561
657, 0.000647
658, 0.000582
659, 0.000546
660, 0.000588
661, 0.000652
662, 0.000639
663, 0.000469
664, 0.00056
665, 0.00076
666, 0.000678
667, 0.000485
668, 0.000637
669, 0.000686
670, 0.000613
671, 0.000598
672, 0.000664
673, 0.000721
674, 0.000301
675, 0.000425
676, 0.000839
677, 0.000714
678, 0.00054
679, 0.000827
680, 0.000677
681, 0.00058
682, 0.000581
683, 0.0008
684, 0.000675
685, 0.000315
686, 0.000647
687, 0.000701
688, 0.000598
689, 0.000512
690, 0.000328
691, 0.000446
692, 0.000513
693, 0.000449
694, 0.000386
695, 0.000487
696, 0.000589
697, 0.000686
698, 0.000323
699, 0.000485
700, 0.000804
701, 0.000627
702, 0.000998
703, 0.000761
704, 0.000617
705, 0.000761
706, 0.000491
707, 0.000326
708, 0.000692
709, 0.000861
710, 0.000699
711, 0.000346
712, 0.000632
713, 0.000833
714, 0.000431
715, 0.000417
716, 0.000829
717, 0.000672
718, 0.000452
719, 0.000876
720, 0.000765
721, 0.000653
722, 0.000825
723, 0.00058
724, 0.000593
725, 0.000832
726, 0.000639
727, 0.000608
728, 0.000843
729, 0.000424
730, 0.000502
731, 0.00076
732, 0.000826
733, 0.000656
734, 0.000652
735, 0.000615
736, 0.000725
737, 0.000737
738, 0.000503
739, 0.000567
740, 0.000629
741, 0.000735
742, 0.000634
743, 0.000678
744, 0.000527
745, 0.000466
746, 0.000384
747, 0.000614
748, 0.000517
749, 0.000423
750, 0.000491
751, 0.00062
752, 0.000655
753, 0.000454
754, 0.000746
755, 0.001566
756, 0.000888
757, 0.000804
758, 0.000676
759, 0.000536
760, 0.000407
761, 0.000376
762, 0.000474
763, 0.000775
764, 0.000707
765, 0.000831
766, 0.001016
767, 0.000504
768, 0.000633
769, 0.000541
770, 0.000416
771, 0.000323
772, 0.000529
773, 0.000623
774, 0.000535
775, 0.000775
776, 0.000777
777, 0.000266
778, 0.000563
779, 0.000808
780, 0.000733
781, 0.000756
782, 0.000553
783, 0.000464
784, 0.000841
785, 0.000838
786, 0.000256
787, 0.000593
788, 0.000795
789, 0.006282
790, 0.002666
791, 0.000712
792, 0.000758
793, 0.001884
794, 0.002769
795, 0.000913
796, 0.002004
797, 0.002811
798, 0.00096
799, 0.013813
800, 0.000982
801, 0.000787
802, 0.000746
803, 0.000931
804, 0.000404
805, 0.000656
806, 0.000927
807, 0.000672
808, 0.000464
809, 0.0094
810, 0.000756
811, 0.000711
812, 0.000511
813, 0.000623
814, 0.000697
815, 0.000828
816, 0.000328
817, 0.002147
818, 0.000654
819, 0.004124
820, 0.000967
821, 0.000882
822, 0.002814
823, 0.000573
824, 0.000336
825, 0.001525
826, 0.000856
827, 0.000637
828, 0.001545
829, 0.010521
830, 0.000918
831, 0.001597
832, 0.0009
833, 0.001711
834, 0.002249
835, 0.001008
836, 0.001001
837, 0.002967
838, 0.003135
839, 0.012893
840, 0.002528
841, 0.002952
842, 0.001607
843, 0.001431
844, 0.003125
845, 0.00082
846, 0.002356
847, 0.000853
848, 0.00187
849, 0.009577
850, 0.000933
851, 0.001852
852, 0.002669
853, 0.000873
854, 0.001309
855, 0.002494
856, 0.000918
857, 0.000665
858, 0.001354
859, 0.011641
860, 0.001912
861, 0.003757
862, 0.001586
863, 0.001021
864, 0.000516
865, 0.000737
866, 0.002609
867, 0.001302
868, 0.001295
869, 0.010172
870, 0.002993
871, 0.003142
872, 0.001573
873, 0.001962
874, 0.00153
875, 0.000401
876, 0.000274
877, 0.000445
878, 0.000573
879, 0.010925
880, 0.000903
881, 0.000928
882, 0.000692
883, 0.000759
884, 0.000563
885, 0.000574
886, 0.000578
887, 0.00287
888, 0.0022
889, 0.002452
890, 0.000546
891, 0.002826
892, 0.001532
893, 0.001178
894, 0.003045
895, 0.000902
896, 0.000731
897, 0.001752
898, 0.002479
899, 0.003876
900, 0.001637
901, 0.001066
902, 0.00077
903, 0.002015
904, 0.002424
905, 0.001137
906, 0.001342
907, 0.002584
908, 0.000769
909, 0.00392
910, 0.002011
911, 0.000915
912, 0.001872
913, 0.002598
914, 0.000627
915, 0.002422
916, 0.001237
917, 0.000884
918, 0.002368
919, 0.003519
920, 0.001105
921, 0.001847
922, 0.003122
923, 0.002412
924, 0.003036
925, 0.00278
926, 0.00086
927, 0.002078
928, 0.002482
929, 0.008196
930, 0.002331
931, 0.002983
932, 0.000747
933, 0.000613
934, 0.000936
935, 0.00081
936, 0.001416
937, 0.001985
938, 0.00086
939, 0.008826
940, 0.001171
941, 0.000894
942, 0.000704
943, 0.001036
944, 0.000628
945, 0.002815
946, 0.002787
947, 0.00131
948, 0.00102
949, 0.003464
950, 0.000815
951, 0.000957
952, 0.000704
953, 0.000831
954, 0.000885
955, 0.000645
956, 0.000716
957, 0.000743
958, 0.000756
959, 0.003367
960, 0.000705
961, 0.000918
962, 0.000685
963, 0.000749
964, 0.000867
965, 0.000591
966, 0.000671
967, 0.000687
968, 0.001696
969, 0.012469
970, 0.002772
971, 0.002462
972, 0.001019
973, 0.001904
974, 0.002286
975, 0.001307
976, 0.000747
977, 0.002773
978, 0.002514
979, 0.013214
980, 0.000834
981, 0.00079
982, 0.000602
983, 0.000861
984, 0.001416
985, 0.000924
986, 0.002705
987, 0.001145
988, 0.000889
989, 0.003389
990, 0.000763
991, 0.001011
992, 0.000368
993, 0.000751
994, 0.000685
995, 0.000699
996, 0.000578
997, 0.000875
998, 0.00085
999, 0.000522
1000, 0.00077
1001, 0.000762
1002, 0.000687
1003, 0.000832
1004, 0.000908
1005, 0.000872
1006, 0.000977
1007, 0.000931
1008, 0.000825
1009, 0.000377
1010, 0.000541
1011, 0.000537
1012, 0.000748
1013, 0.000734
1014, 0.000805
1015, 0.000756
1016, 0.000664
1017, 0.000621
1018, 0.00077
1019, 0.000622
1020, 0.000282
1021, 0.000367
1022, 0.001053
1023, 0.000996
1024, 0.001487
1025, 0.000528
1026, 0.000786
1027, 0.00092
1028, 0.000844
1029, 0.000893
1030, 0.000867
1031, 0.000951
1032, 0.000419
1033, 0.000805
1034, 0.000942
1035, 0.000805
1036, 0.000628
1037, 0.000893
1038, 0.000841
1039, 0.000815
1040, 0.000771
1041, 0.000807
1042, 0.000673
1043, 0.000929
1044, 0.000899
1045, 0.000606
1046, 0.000844
1047, 0.001003
1048, 0.000469
1049, 0.000801
1050, 0.000873
1051, 0.000827
1052, 0.000848
1053, 0.00067
1054, 0.000799
1055, 0.000822
1056, 0.000426
1057, 0.000792
1058, 0.000925
1059, 0.001041
1060, 0.000937
1061, 0.000985
1062, 0.00061
1063, 0.000841
1064, 0.00087
1065, 0.000419
1066, 0.002026
1067, 0.000954
1068, 0.000737
1069, 0.000502
1070, 0.000813
1071, 0.000844
1072, 0.000574
1073, 0.000603
1074, 0.000769
1075, 0.000982
1076, 0.001058
1077, 0.000483
1078, 0.000661
1079, 0.000801
1080, 0.000747
1081, 0.000812
1082, 0.000541
1083, 0.000941
1084, 0.000681
1085, 0.000334
1086, 0.002206
1087, 0.001064
1088, 0.001179
1089, 0.000904
1090, 0.000942
1091, 0.000526
1092, 0.000835
1093, 0.001055
1094, 0.000354
1095, 0.001383
1096, 0.000917
1097, 0.000966
1098, 0.001067
1099, 0.000478
1100, 0.000951
1101, 0.000781
1102, 0.000936
1103, 0.00104
1104, 0.000309
1105, 0.000688
1106, 0.000864
1107, 0.00051
1108, 0.000848
1109, 0.00109
1110, 0.000452
1111, 0.002989
1112, 0.001112
1113, 0.001473
1114, 0.001292
1115, 0.003669
1116, 0.003348
1117, 0.001286
1118, 0.001627
1119, 0.014039
1120, 0.001353
1121, 0.001659
1122, 0.0014
1123, 0.000783
1124, 0.000931
1125, 0.000818
1126, 0.002636
1127, 0.000535
1128, 0.002134
1129, 0.013925
1130, 0.000948
1131, 0.001227
1132, 0.000583
1133, 0.000988
1134, 0.001177
1135, 0.000329
1136, 0.000879
1137, 0.001092
1138, 0.000945
1139, 0.004249
1140, 0.001046
1141, 0.001117
1142, 0.001138
1143, 0.000833
1144, 0.000816
1145, 0.001232
1146, 0.001075
1147, 0.001085
1148, 0.001135
1149, 0.003103
1150, 0.001067
1151, 0.00091
1152, 0.000945
1153, 0.00102
1154, 0.001138
1155, 0.00082
1156, 0.000821
1157, 0.001053
1158, 0.000721
1159, 0.001
1160, 0.000657
1161, 0.000999
1162, 0.001151
1163, 0.000776
1164, 0.00096
1165, 0.001003
1166, 0.000659
1167, 0.000811
1168, 0.000966
1169, 0.000826
1170, 0.001102
1171, 0.000426
1172, 0.001091
1173, 0.000398
1174, 0.001026
1175, 0.000592
1176, 0.002741
1177, 0.001439
1178, 0.001224
1179, 0.004991
1180, 0.00129
1181, 0.001545
1182, 0.001395
1183, 0.001322
1184, 0.000436
1185, 0.001121
1186, 0.000546
1187, 0.001105
1188, 0.000364
1189, 0.003117
1190, 0.001315
1191, 0.00138
1192, 0.001391
1193, 0.001358
1194, 0.00031
1195, 0.001154
1196, 0.001169
1197, 0.000939
1198, 0.001203
1199, 0.000923
1200, 0.001052
1201, 0.000826
1202, 0.001021
1203, 0.00108
1204, 0.001255
1205, 0.000841
1206, 0.000994
1207, 0.001093
1208, 0.001202
1209, 0.000781
1210, 0.001004
1211, 0.001093
1212, 0.003064
1213, 0.001458
1214, 0.002895
1215, 0.001677
1216, 0.002956
1217, 0.002223
1218, 0.001417
1219, 0.012235
1220, 0.002174
1221, 0.001746
1222, 0.000549
1223, 0.003331
1224, 0.003302
1225, 0.001215
1226, 0.002381
1227, 0.00287
1228, 0.001544
1229, 0.013252
1230, 0.003013
1231, 0.002639
1232, 0.001996
1233, 0.001983
1234, 0.001418
1235, 0.002753
1236, 0.00163
1237, 0.00068
1238, 0.002798
1239, 0.006249
1240, 0.003712
1241, 0.001772
1242, 0.00038
1243, 0.001085
1244, 0.001253
1245, 0.001251
1246, 0.000745
1247, 0.001028
1248, 0.001189
1249, 0.004542
1250, 0.00107
1251, 0.001301
1252, 0.000543
1253, 0.001195
1254, 0.001062
1255, 0.001566
1256, 0.001499
1257, 0.001418
1258, 0.00219
1259, 0.004609
1260, 0.001558
1261, 0.00251
1262, 0.001474
1263, 0.001475
1264, 0.002183
1265, 0.001885
1266, 0.001342
1267, 0.003696
1268, 0.001649
1269, 0.006819
1270, 0.002402
1271, 0.001211
1272, 0.000548
1273, 0.001729
1274, 0.001698
1275, 0.002326
1276, 0.001919
1277, 0.001414
1278, 0.00155
1279, 0.007886
1280, 0.001427
1281, 0.002195
1282, 0.002735
1283, 0.000579
1284, 0.001464
1285, 0.001429
1286, 0.002107
1287, 0.001387
1288, 0.002772
1289, 0.00294
1290, 0.001459
1291, 0.001465
1292, 0.001519
1293, 0.001516
1294, 0.001441
1295, 0.001467
1296, 0.001369
1297, 0.001378
1298, 0.00136
1299, 0.001553
1300, 0.001105
1301, 0.000943
1302, 0.001118
1303, 0.003115
1304, 0.001604
1305, 0.000823
1306, 0.002641
1307, 0.001994
1308, 0.001497
1309, 0.014301
1310, 0.001545
1311, 0.002152
1312, 0.001314
1313, 0.003077
1314, 0.002503
1315, 0.001406
1316, 0.002613
1317, 0.001354
1318, 0.002256
1319, 0.011187
1320, 0.002663
1321, 0.001499
1322, 0.001321
1323, 0.00038
1324, 0.002381
1325, 0.002122
1326, 0.00147
1327, 0.002115
1328, 0.001603
1329, 0.011833
1330, 0.00242
1331, 0.001736
1332, 0.002585
1333, 0.001361
1334, 0.002532
1335, 0.001195
1336, 0.000412
1337, 0.002004
1338, 0.001439
1339, 0.011554
1340, 0.001689
1341, 0.00223
1342, 0.001392
1343, 0.0012
1344, 0.00265
1345, 0.00133
1346, 0.001522
1347, 0.003063
1348, 0.001439
1349, 0.014496
1350, 0.002381
1351, 0.00192
1352, 0.001396
1353, 0.003402
1354, 0.002674
1355, 0.001943
1356, 0.002028
1357, 0.001321
1358, 0.000396
1359, 0.008166
1360, 0.002807
1361, 0.001913
1362, 0.001468
1363, 0.000626
1364, 0.001386
1365, 0.002392
1366, 0.002275
1367, 0.001474
1368, 0.002251
1369, 0.009383
1370, 0.001436
1371, 0.003117
1372, 0.002298
1373, 0.001418
1374, 0.003082
1375, 0.001391
1376, 0.002204
1377, 0.002226
1378, 0.00162
1379, 0.014734
1380, 0.001361
1381, 0.001316
1382, 0.001408
1383, 0.001393
1384, 0.001378
1385, 0.001401
1386, 0.001408
1387, 0.001289
1388, 0.001494
1389, 0.005024
1390, 0.001146
1391, 0.000562
1392, 0.001108
1393, 0.000484
1394, 0.001066
1395, 0.000731
1396, 0.001139
1397, 0.000635
1398, 0.001154
1399, 0.002624
1400, 0.001153
1401, 0.000841
1402, 0.001061
1403, 0.00143
1404, 0.001391
1405, 0.001376
1406, 0.001403
1407, 0.00157
1408, 0.001442
1409, 0.002355
1410, 0.003675
1411, 0.002472
1412, 0.001902
1413, 0.001325
1414, 0.001577
1415, 0.001661
1416, 0.00367
1417, 0.001427
1418, 0.002714
1419, 0.012702
1420, 0.001158
1421, 0.000429
1422, 0.001217
1423, 0.000559
1424, 0.001111
1425, 0.000566
1426, 0.001161
1427, 0.000599
1428, 0.001204
1429, 0.002425
1430, 0.001289
1431, 0.000966
1432, 0.001304
1433, 0.001393
1434, 0.001372
1435, 0.001396
1436, 0.001302
1437, 0.001423
1438, 0.001432
1439, 0.001313
1440, 0.002478
1441, 0.001613
1442, 0.001437
1443, 0.002377
1444, 0.001058
1445, 0.002317
1446, 0.002346
1447, 0.001577
1448, 0.002012
1449, 0.012646
1450, 0.001676
1451, 0.002069
1452, 0.002485
1453, 0.001651
1454, 0.002929
1455, 0.001564
1456, 0.002094
1457, 0.002322
1458, 0.001564
1459, 0.013219
1460, 0.002183
1461, 0.000833
1462, 0.001626
1463, 0.000818
1464, 0.001766
1465, 0.001098
1466, 0.001734
1467, 0.00177
1468, 0.001043
1469, 0.01063
1470, 0.0023
1471, 0.00144
1472, 0.000788
1473, 0.000457
1474, 0.000454
1475, 0.00067
1476, 0.001073
1477, 0.001071
1478, 0.002673
1479, 0.013751
1480, 0.001599
1481, 0.002282
1482, 0.001431
1483, 0.000408
1484, 0.002469
1485, 0.00236
1486, 0.001586
1487, 0.001497
1488, 0.000772
1489, 0.013439
1490, 0.001318
1491, 0.000477
1492, 0.001259
1493, 0.000558
1494, 0.001238
1495, 0.00055
1496, 0.000984
1497, 0.000422
1498, 0.00135
1499, 0.001534
1500, 0.001414
1501, 0.001175
1502, 0.000709
1503, 0.00137
1504, 0.001437
1505, 0.002236
1506, 0.001382
1507, 0.002187
1508, 0.0014
1509, 0.008415
1510, 0.0024
1511, 0.001657
1512, 0.002544
1513, 0.002458
1514, 0.001571
1515, 0.002271
1516, 0.001608
1517, 0.002221
1518, 0.001177
1519, 0.012869
1520, 0.003581
1521, 0.001548
1522, 0.002478
1523, 0.002346
1524, 0.001881
1525, 0.002427
1526, 0.002163
1527, 0.001932
1528, 0.002315
1529, 0.014314
1530, 0.002329
1531, 0.001833
1532, 0.002328
1533, 0.002496
1534, 0.00176
1535, 0.002501
1536, 0.00244
1537, 0.001871
1538, 0.001294
1539, 0.009534
1540, 0.001462
1541, 0.002385
1542, 0.001584
1543, 0.002491
1544, 0.001191
1545, 0.00251
1546, 0.001779
1547, 0.001467
1548, 0.002177
1549, 0.007612
1550, 0.001664
1551, 0.002475
1552, 0.001693
1553, 0.001618
1554, 0.002353
1555, 0.001557
1556, 0.002157
1557, 0.001402
1558, 0.001436
1559, 0.007276
1560, 0.001762
1561, 0.002449
1562, 0.00172
1563, 0.001083
1564, 0.0019
1565, 0.000797
1566, 0.000565
1567, 0.001459
1568, 0.002516
1569, 0.006937
1570, 0.001379
1571, 0.002442
1572, 0.001794
1573, 0.001432
1574, 0.000396
1575, 0.002275
1576, 0.001424
1577, 0.002293
1578, 0.001266
1579, 0.008752
1580, 0.001415
1581, 0.001408
1582, 0.001432
1583, 0.001408
1584, 0.001614
1585, 0.001533
1586, 0.00143
1587, 0.001423
1588, 0.001595
1589, 0.003186
1590, 0.002589
1591, 0.001665
1592, 0.002393
1593, 0.002584
1594, 0.0016
1595, 0.002557
1596, 0.002365
1597, 0.001406
1598, 0.001445
1599, 0.00712
1600, 0.002242
1601, 0.001304
1602, 0.002315
1603, 0.00239
1604, 0.001414
1605, 0.000639
1606, 0.001318
1607, 0.00327
1608, 0.002184
1609, 0.009032
1610, 0.002463
1611, 0.002496
1612, 0.00178
1613, 0.002334
1614, 0.002287
1615, 0.001543
1616, 0.002253
1617, 0.002364
1618, 0.002027
1619, 0.009077
1620, 0.002236
1621, 0.001598
1622, 0.002772
1623, 0.002197
1624, 0.001528
1625, 0.002462
1626, 0.00239
1627, 0.001424
1628, 0.002491
1629, 0.006479
1630, 0.001975
1631, 0.001413
1632, 0.002223
1633, 0.002248
1634, 0.001647
1635, 0.002335
1636, 0.002379
1637, 0.001499
1638, 0.002349
1639, 0.00986
1640, 0.001514
1641, 0.001441
1642, 0.001415
1643, 0.002688
1644, 0.002328
1645, 0.001505
1646, 0.001459
1647, 0.002615
1648, 0.001018
1649, 0.006262
1650, 0.002433
1651, 0.001552
1652, 0.000571
1653, 0.002216
1654, 0.001726
1655, 0.001466
1656, 0.001527
1657, 0.001397
1658, 0.000884
1659, 0.004752
1660, 0.001503
1661, 0.001647
1662, 0.001154
1663, 0.002189
1664, 0.001508
1665, 0.002478
1666, 0.002491
1667, 0.001525
1668, 0.001425
1669, 0.008114
1670, 0.002364
1671, 0.001543
1672, 0.002526
1673, 0.002488
1674, 0.001421
1675, 0.002449
1676, 0.001684
1677, 0.002485
1678, 0.002548
1679, 0.010021
1680, 0.002599
1681, 0.002609
1682, 0.000897
1683, 0.002649
1684, 0.002359
1685, 0.001821
1686, 0.00234
1687, 0.00164
1688, 0.00162
1689, 0.008933
1690, 0.001591
1691, 0.001569
1692, 0.002765
1693, 0.001673
1694, 0.001536
1695, 0.002555
1696, 0.001541
1697, 0.002273
1698, 0.001401
1699, 0.013116
1700, 0.001501
1701, 0.002266
1702, 0.002399
1703, 0.0015
1704, 0.002325
1705, 0.001715
1706, 0.002528
1707, 0.001614
1708, 0.002513
1709, 0.015715
1710, 0.0011
1711, 0.002517
1712, 0.002259
1713, 0.001565
1714, 0.002438
1715, 0.002373
1716, 0.00176
1717, 0.001534
1718, 0.002256
1719, 0.006992
1720, 0.00225
1721, 0.001939
1722, 0.001434
1723, 0.002394
1724, 0.002457
1725, 0.000955
1726, 0.001907
1727, 0.001689
1728, 0.001465
1729, 0.005783
1730, 0.002767
1731, 0.001588
1732, 0.001492
1733, 0.00271
1734, 0.001748
1735, 0.001538
1736, 0.001728
1737, 0.0015
1738, 0.001411
1739, 0.005708
1740, 0.001568
1741, 0.00194
1742, 0.001621
1743, 0.001467
1744, 0.002678
1745, 0.001553
1746, 0.003447
1747, 0.001819
1748, 0.003227
1749, 0.005062
1750, 0.001523
1751, 0.002539
1752, 0.001169
1753, 0.000943
1754, 0.000585
1755, 0.000573
1756, 0.000562
1757, 0.000557
1758, 0.000556
1759, 0.002352
1760, 0.000611
1761, 0.000578
1762, 0.000569
1763, 0.000557
1764, 0.000559
1765, 0.000572
1766, 0.000568
1767, 0.000564
1768, 0.000561
1769, 0.000567
1770, 0.00056
1771, 0.000554
1772, 0.000557
1773, 0.002271
1774, 0.000699
1775, 0.000597
1776, 0.000568
1777, 0.001553
1778, 0.002006
1779, 0.002455
1780, 0.000489
1781, 0.000296
1782, 0.000304
1783, 0.000267
1784, 0.000242
1785, 0.000237
1786, 0.000243
1787, 0.000235
1788, 0.000235
1789, 0.002452
1790, 0.001066
1791, 0.000642
1792, 0.000641
1793, 0.00087
1794, 0.000887
1795, 0.000986
1796, 0.0013
1797, 0.000976
1798, 0.001264
1799, 0.000779
1800, 0.001004
1801, 0.001502
1802, 0.001384
1803, 0.000807
1804, 0.001129
1805, 0.001102
1806, 0.001403
1807, 0.001142
1808, 0.001491
1809, 0.000632
1810, 0.00149
1811, 0.000711
1812, 0.001509
1813, 0.000599
1814, 0.001429
1815, 0.000829
1816, 0.001447
1817, 0.000923
1818, 0.002761
1819, 0.001627
1820, 0.001025
1821, 0.001489
1822, 0.000994
1823, 0.001456
1824, 0.001065
1825, 0.001398
1826, 0.001352
1827, 0.001687
1828, 0.000917
1829, 0.001562
1830, 0.000897
1831, 0.000831
1832, 0.001651
1833, 0.001735
1834, 0.00073
1835, 0.00156
1836, 0.000903
1837, 0.001248
1838, 0.000951
1839, 0.001448
1840, 0.001128
1841, 0.001389
1842, 0.001071
1843, 0.002394
1844, 0.00147
1845, 0.000656
1846, 0.001938
1847, 0.002045
1848, 0.002467
1849, 0.001915
1850, 0.002133
1851, 0.006115
1852, 0.001964
1853, 0.001616
1854, 0.003814
1855, 0.001525
1856, 0.003452
1857, 0.001811
1858, 0.003116
1859, 0.021957
1860, 0.002496
1861, 0.001753
1862, 0.001433
1863, 0.002918
1864, 0.002253
1865, 0.003303
1866, 0.002616
1867, 0.002217
1868, 0.003436
1869, 0.009142
1870, 0.001441
1871, 0.00279
1872, 0.002468
1873, 0.001625
1874, 0.002455
1875, 0.002564
1876, 0.001032
1877, 0.00155
1878, 0.002299
1879, 0.00568
1880, 0.002494
1881, 0.002574
1882, 0.00183
1883, 0.002286
1884, 0.002464
1885, 0.001574
1886, 0.001447
1887, 0.000804
1888, 0.001501
1889, 0.007913
1890, 0.001272
1891, 0.001067
1892, 0.0008
1893, 0.001186
1894, 0.002565
1895, 0.002253
1896, 0.001571
1897, 0.002111
1898, 0.002223
1899, 0.002217
1900, 0.001725
1901, 0.001909
1902, 0.00139
1903, 0.001943
1904, 0.001821
1905, 0.002066
1906, 0.001593
1907, 0.002245
1908, 0.002327
1909, 0.001987
1910, 0.001543
1911, 0.001722
1912, 0.00193
1913, 0.001672
1914, 0.001931
1915, 0.00181
1916, 0.001774
1917, 0.001781
1918, 0.000968
1919, 0.000659
1920, 0.001335
1921, 0.00104
1922, 0.000725
1923, 0.000601
1924, 0.000583
1925, 0.000472
1926, 0.000619
1927, 0.000653
1928, 0.000549
1929, 0.001154
1930, 0.001061
1931, 0.001178
1932, 0.001347
1933, 0.001444
1934, 0.000745
1935, 0.001386
1936, 0.001671
1937, 0.001915
1938, 0.000717
1939, 0.001534
1940, 0.001466
1941, 0.001435
1942, 0.001705
1943, 0.001506
1944, 0.001236
1945, 0.001288
1946, 0.001453
1947, 0.001082
1948, 0.001227
1949, 0.000647
1950, 0.001592
1951, 0.000664
1952, 0.001599
1953, 0.000522
1954, 0.001543
1955, 0.000828
1956, 0.001589
1957, 0.000518
1958, 0.001615
1959, 0.000595
1960, 0.001397
1961, 0.001208
1962, 0.001458
1963, 0.001132
1964, 0.001422
1965, 0.0008
1966, 0.001426
1967, 0.001511
1968, 0.001402
1969, 0.001461
1970, 0.001562
1971, 0.001709
1972, 0.001597
1973, 0.001477
1974, 0.00115
1975, 0.001439
1976, 0.000961
1977, 0.000974
1978, 0.001269
1979, 0.000472
1980, 0.000979
1981, 0.000983
1982, 0.000953
1983, 0.001511
1984, 0.000781
1985, 0.001479
1986, 0.001232
1987, 0.00212
1988, 0.001612
1989, 0.000809
1990, 0.001553
1991, 0.001475
1992, 0.001629
1993, 0.001456
1994, 0.001433
1995, 0.001622
1996, 0.001448
1997, 0.00144
1998, 0.001015
1999, 0.001484
2000, 0.001514
2001, 0.001433
2002, 0.000934
2003, 0.001649
2004, 0.00095
2005, 0.001215
2006, 0.001265
2007, 0.001245
2008, 0.001288
2009, 0.001314
2010, 0.001293
2011, 0.001328
2012, 0.00162
2013, 0.001469
2014, 0.001151
2015, 0.001514
2016, 0.001025
2017, 0.001476
2018, 0.000961
2019, 0.00214
2020, 0.002531
2021, 0.002133
2022, 0.001552
2023, 0.002007
2024, 0.002126
2025, 0.000449
2026, 0.001589
2027, 0.001265
2028, 0.001222
2029, 0.001402
2030, 0.001115
2031, 0.005338
2032, 0.002117
2033, 0.003696
2034, 0.00306
2035, 0.002209
2036, 0.002201
2037, 0.001959
2038, 0.001973
2039, 0.009278
2040, 0.001681
2041, 0.001726
2042, 0.001272
2043, 0.001129
2044, 0.002608
2045, 0.002581
2046, 0.001711
2047, 0.002561
2048, 0.002555
2049, 0.00772
2050, 0.001569
2051, 0.001599
2052, 0.002765
2053, 0.001803
2054, 0.001555
2055, 0.001493
2056, 0.00146
2057, 0.001304
2058, 0.002064
2059, 0.004313
2060, 0.001649
2061, 0.002531
2062, 0.001619
2063, 0.001568
2064, 0.00218
2065, 0.002457
2066, 0.002059
2067, 0.001927
2068, 0.000804
2069, 0.002678
2070, 0.001523
2071, 0.001575
2072, 0.001623
2073, 0.001726
2074, 0.000772
2075, 0.001515
2076, 0.001559
2077, 0.000713
2078, 0.000763
2079, 0.000472
2080, 0.000517
2081, 0.000938
2082, 0.001168
2083, 0.000721
2084, 0.000447
2085, 0.001014
2086, 0.001134
2087, 0.000815
2088, 0.001088
2089, 0.001501
2090, 0.003207
2091, 0.00331
2092, 0.002571
2093, 0.002046
2094, 0.001284
2095, 0.001692
2096, 0.001197
2097, 0.001525
2098, 0.001671
2099, 0.001611
2100, 0.001728
2101, 0.001304
2102, 0.001699
2103, 0.001713
2104, 0.001166
2105, 0.000432
2106, 0.001661
2107, 0.001648
2108, 0.001757
2109, 0.000618
2110, 0.001533
2111, 0.001604
2112, 0.000635
2113, 0.001648
2114, 0.001613
2115, 0.001605
2116, 0.001614
2117, 0.001342
2118, 0.000945
2119, 0.001634
2120, 0.001658
2121, 0.00167
2122, 0.001523
2123, 0.001876
2124, 0.001008
2125, 0.001791
2126, 0.001354
2127, 0.001409
2128, 0.001111
2129, 0.001329
2130, 0.005345
2131, 0.001368
2132, 0.004713
2133, 0.003418
2134, 0.003133
2135, 0.002412
2136, 0.001522
2137, 0.003582
2138, 0.002459
2139, 0.012919
2140, 0.001947
2141, 0.001848
2142, 0.002105
2143, 0.000581
2144, 0.003046
2145, 0.003642
2146, 0.003637
2147, 0.00248
2148, 0.003064
2149, 0.011922
2150, 0.002694
2151, 0.001164
2152, 0.000846
2153, 0.00177
2154, 0.002567
2155, 0.002064
2156, 0.001684
2157, 0.000524
2158, 0.002695
2159, 0.014863
2160, 0.004649
2161, 0.003239
2162, 0.003841
2163, 0.00529
2164, 0.002888
2165, 0.004587
2166, 0.003727
2167, 0.002403
2168, 0.003795
2169, 0.017438
2170, 0.001562
2171, 0.005234
2172, 0.002732
2173, 0.001811
2174, 0.001436
2175, 0.004267
2176, 0.001835
2177, 0.003414
2178, 0.002166
2179, 0.0095
2180, 0.006081
2181, 0.005929
2182, 0.002324
2183, 0.003841
2184, 0.006042
2185, 0.002146
2186, 0.004621
2187, 0.006742
2188, 0.003305
2189, 0.017252
2190, 0.006045
2191, 0.00194
2192, 0.001964
2193, 0.00186
2194, 0.001636
2195, 0.000795
2196, 0.002196
2197, 0.000524
2198, 0.001109
2199, 0.009106
2200, 0.006016
2201, 0.002174
2202, 0.001083
2203, 0.004116
2204, 0.003693
2205, 0.001703
2206, 0.000788
2207, 0.003738
2208, 0.003576
2209, 0.021974
2210, 0.002658
2211, 0.003666
2212, 0.001718
2213, 0.00106
2214, 0.004015
2215, 0.001865
2216, 0.000817
2217, 0.004283
2218, 0.003684
2219, 0.021265
2220, 0.00289
2221, 0.00267
2222, 0.001511
2223, 0.002494
2224, 0.001439
2225, 0.0028
2226, 0.002058
2227, 0.00312
2228, 0.00185
2229, 0.019148
2230, 0.001451
2231, 0.001361
2232, 0.001456
2233, 0.001419
2234, 0.000718
2235, 0.003288
2236, 0.003548
2237, 0.001885
2238, 0.004501
2239, 0.007612
2240, 0.00174
2241, 0.001744
2242, 0.002735
2243, 0.001862
2244, 0.0019
2245, 0.001836
2246, 0.003056
2247, 0.00265
2248, 0.002367
2249, 0.004469
2250, 0.002422
2251, 0.001735
2252, 0.001672
2253, 0.00161
2254, 0.000468
2255, 0.001522
2256, 0.000575
2257, 0.000575
2258, 0.000805
2259, 0.002093
2260, 0.001877
2261, 0.000796
2262, 0.001559
2263, 0.001673
2264, 0.001675
2265, 0.001616
2266, 0.001894
2267, 0.002483
2268, 0.00222
2269, 0.00159
2270, 0.000603
2271, 0.001647
2272, 0.001628
2273, 0.001892
2274, 0.001469
2275, 0.000536
2276, 0.001442
2277, 0.004304
2278, 0.003554
2279, 0.001844
2280, 0.002144
2281, 0.003212
2282, 0.002662
2283, 0.002797
2284, 0.004282
2285, 0.002536
2286, 0.00212
2287, 0.000472
2288, 0.001913
2289, 0.002068
2290, 0.000756
2291, 0.001982
2292, 0.000622
2293, 0.001508
2294, 0.001389
2295, 0.001509
2296, 0.001182
2297, 0.001774
2298, 0.000883
2299, 0.00181
2300, 0.000948
2301, 0.001305
2302, 0.001347
2303, 0.001813
2304, 0.000594
2305, 0.001476
2306, 0.000942
2307, 0.002607
2308, 0.000628
2309, 0.001851
2310, 0.000559
2311, 0.001976
2312, 0.000537
2313, 0.001481
2314, 0.001289
2315, 0.001932
2316, 0.000792
2317, 0.001481
2318, 0.001363
2319, 0.002431
2320, 0.001709
2321, 0.001302
2322, 0.001978
2323, 0.000604
2324, 0.001844
2325, 0.000704
2326, 0.001926
2327, 0.004813
2328, 0.003581
2329, 0.00331
2330, 0.003738
2331, 0.003872
2332, 0.00234
2333, 0.003621
2334, 0.003803
2335, 0.00247
2336, 0.003466
2337, 0.002134
2338, 0.003832
2339, 0.00996
2340, 0.002875
2341, 0.0043
2342, 0.003895
2343, 0.002446
2344, 0.003723
2345, 0.003648
2346, 0.001856
2347, 0.003908
2348, 0.003691
2349, 0.004815
2350, 0.002968
2351, 0.003701
2352, 0.003219
2353, 0.003869
2354, 0.001645
2355, 0.003782
2356, 0.003853
2357, 0.00228
2358, 0.002119
2359, 0.005779
2360, 0.004216
2361, 0.002095
2362, 0.00359
2363, 0.003796
2364, 0.002746
2365, 0.004098
2366, 0.002428
2367, 0.005071
2368, 0.001713
2369, 0.006892
2370, 0.001329
2371, 0.002244
2372, 0.001359
2373, 0.003417
2374, 0.004353
2375, 0.003313
2376, 0.003566
2377, 0.003778
2378, 0.002668
2379, 0.005556
2380, 0.003068
2381, 0.000919
2382, 0.001935
2383, 0.003511
2384, 0.001634
2385, 0.004103
2386, 0.00401
2387, 0.002181
2388, 0.003824
2389, 0.006504
2390, 0.002042
2391, 0.004503
2392, 0.003535
2393, 0.002224
2394, 0.003376
2395, 0.003078
2396, 0.00253
2397, 0.003428
2398, 0.003078
2399, 0.006934
2400, 0.002277
2401, 0.002504
2402, 0.001066
2403, 0.00048
2404, 0.005488
2405, 0.004289
2406, 0.001905
2407, 0.003368
2408, 0.003569
2409, 0.009656
2410, 0.003589
2411, 0.002074
2412, 0.004524
2413, 0.003527
2414, 0.002423
2415, 0.002949
2416, 0.003117
2417, 0.002416
2418, 0.001688
2419, 0.006636
2420, 0.003689
2421, 0.002225
2422, 0.002583
2423, 0.002164
2424, 0.002275
2425, 0.001711
2426, 0.001623
2427, 0.002487
2428, 0.002644
2429, 0.006062
2430, 0.00286
2431, 0.002285
2432, 0.002938
2433, 0.001825
2434, 0.001494
2435, 0.002517
2436, 0.002362
2437, 0.002633
2438, 0.001681
2439, 0.005431
2440, 0.00272
2441, 0.002491
2442, 0.001681
2443, 0.003186
2444, 0.002925
2445, 0.001941
2446, 0.002708
2447, 0.00366
2448, 0.001676
2449, 0.005475
2450, 0.001706
2451, 0.001556
2452, 0.002706
2453, 0.002535
2454, 0.001724
2455, 0.001494
2456, 0.002622
2457, 0.00197
2458, 0.002822
2459, 0.006142
2460, 0.001663
2461, 0.002662
2462, 0.003068
2463, 0.001746
2464, 0.001779
2465, 0.001658
2466, 0.002722
2467, 0.001946
2468, 0.00288
2469, 0.00478
2470, 0.002572
2471, 0.003822
2472, 0.001863
2473, 0.004051
2474, 0.003889
2475, 0.002738
2476, 0.000978
2477, 0.001797
2478, 0.001335
2479, 0.004975
2480, 0.000888
2481, 0.001142
2482, 0.001287
2483, 0.002252
2484, 0.001707
2485, 0.001408
2486, 0.001497
2487, 0.002541
2488, 0.002087
2489, 0.003618
2490, 0.001397
2491, 0.001527
2492, 0.001584
2493, 0.000532
2494, 0.001371
2495, 0.001167
2496, 0.001779
2497, 0.001609
2498, 0.001621
2499, 0.000804
2500, 0.000912
2501, 0.001179
2502, 0.00056
2503, 0.001092
2504, 0.001257
2505, 0.00355
2506, 0.001127
2507, 0.001125
2508, 0.001106
2509, 0.002949
2510, 0.001644
2511, 0.002491
2512, 0.001954
2513, 0.001801
2514, 0.001681
2515, 0.001734
2516, 0.001998
2517, 0.001492
2518, 0.001466
2519, 0.0015
2520, 0.001546
2521, 0.001522
2522, 0.001462
2523, 0.001512
2524, 0.001506
2525, 0.001192
2526, 0.001483
2527, 0.001413
2528, 0.001223
2529, 0.001662
2530, 0.001789
2531, 0.001427
2532, 0.001913
2533, 0.001608
2534, 0.003353
2535, 0.001756
2536, 0.003196
2537, 0.002238
2538, 0.003136
2539, 0.00635
2540, 0.002723
2541, 0.003407
2542, 0.002715
2543, 0.002016
2544, 0.003811
2545, 0.003739
2546, 0.002628
2547, 0.002064
2548, 0.002282
2549, 0.008111
2550, 0.002022
2551, 0.003018
2552, 0.003589
2553, 0.000788
2554, 0.003215
2555, 0.003505
2556, 0.002288
2557, 0.000661
2558, 0.003477
2559, 0.007548
2560, 0.002498
2561, 0.000934
2562, 0.00141
2563, 0.000413
2564, 0.001766
2565, 0.001677
2566, 0.000884
2567, 0.000524
2568, 0.002658
2569, 0.006121
2570, 0.001416
2571, 0.000505
2572, 0.002347
2573, 0.001964
2574, 0.000955
2575, 0.001885
2576, 0.003244
2577, 0.00243
2578, 0.004513
2579, 0.007819
2580, 0.001264
2581, 0.000653
2582, 0.004172
2583, 0.002258
2584, 0.000991
2585, 0.002651
2586, 0.000982
2587, 0.003245
2588, 0.001331
2589, 0.007258
2590, 0.002971
2591, 0.002453
2592, 0.001999
2593, 0.003142
2594, 0.003176
2595, 0.001004
2596, 0.000382
2597, 0.00039
2598, 0.000382
2599, 0.00368
2600, 0.000442
2601, 0.000693
2602, 0.001126
2603, 0.00051
2604, 0.001549
2605, 0.002797
2606, 0.003311
2607, 0.00075
2608, 0.001328
2609, 0.006796
2610, 0.001139
2611, 0.000784
2612, 0.000569
2613, 0.000742
2614, 0.000728
2615, 0.000421
2616, 0.000436
2617, 0.000657
2618, 0.000567
2619, 0.00396
2620, 0.000783
2621, 0.001995
2622, 0.001419
2623, 0.002488
2624, 0.003135
2625, 0.004327
2626, 0.00312
2627, 0.002174
2628, 0.001037
2629, 0.002454
2630, 0.000664
2631, 0.000424
2632, 0.001092
2633, 0.000631
2634, 0.001933
2635, 0.004726
2636, 0.002145
2637, 0.001365
2638, 0.001033
2639, 0.004585
2640, 0.003318
2641, 0.001166
2642, 0.001922
2643, 0.001411
2644, 0.001743
2645, 0.002441
2646, 0.001245
2647, 0.003906
2648, 0.005132
2649, 0.005636
2650, 0.002455
2651, 0.003029
2652, 0.001238
2653, 0.004216
2654, 0.00274
2655, 0.0011
2656, 0.002299
2657, 0.002048
2658, 0.000852
2659, 0.004579
2660, 0.002133
2661, 0.000976
2662, 0.004427
2663, 0.005667
2664, 0.001138
2665, 0.000433
2666, 0.003583
2667, 0.004085
2668, 0.0015
2669, 0.011637
2670, 0.003799
2671, 0.00138
2672, 0.002781
2673, 0.002952
2674, 0.001874
2675, 0.003012
2676, 0.001639
2677, 0.003107
2678, 0.003416
2679, 0.009594
2680, 0.005426
2681, 0.004318
2682, 0.00092
2683, 0.001947
2684, 0.001109
2685, 0.00065
2686, 0.000425
2687, 0.003123
2688, 0.001011
2689, 0.007859
2690, 0.003819
2691, 0.002116
2692, 0.001963
2693, 0.001463
2694, 0.005062
2695, 0.002683
2696, 0.001694
2697, 0.004855
2698, 0.001596
2699, 0.007921
2700, 0.001742
2701, 0.002086
2702, 0.001013
2703, 0.004143
2704, 0.004573
2705, 0.00204
2706, 0.002481
2707, 0.004619
2708, 0.003404
2709, 0.009578
2710, 0.003407
2711, 0.002409
2712, 0.001457
2713, 0.000768
2714, 0.003534
2715, 0.003433
2716, 0.002086
2717, 0.003519
2718, 0.001411
2719, 0.008552
2720, 0.001555
2721, 0.002881
2722, 0.00147
2723, 0.003179
2724, 0.004091
2725, 0.00204
2726, 0.000963
2727, 0.003472
2728, 0.003074
2729, 0.009908
2730, 0.003639
2731, 0.003848
2732, 0.002168
2733, 0.003911
2734, 0.003536
2735, 0.002085
2736, 0.003664
2737, 0.003351
2738, 0.002042
2739, 0.007407
2740, 0.001988
2741, 0.0012
2742, 0.001521
2743, 0.000778
2744, 0.003293
2745, 0.003385
2746, 0.003199
2747, 0.001738
2748, 0.001419
2749, 0.008567
2750, 0.002703
2751, 0.000856
2752, 0.002079
2753, 0.000743
2754, 0.001524
2755, 0.002559
2756, 0.000761
2757, 0.000465
2758, 0.003181
2759, 0.006942
2760, 0.004778
2761, 0.003782
2762, 0.001996
2763, 0.001231
2764, 0.001507
2765, 0.001251
2766, 0.004463
2767, 0.002253
2768, 0.001936
2769, 0.005498
2770, 0.000996
2771, 0.002911
2772, 0.001623
2773, 0.001024
2774, 0.000633
2775, 0.001535
2776, 0.001375
2777, 0.000992
2778, 0.000978
2779, 0.005167
2780, 0.001705
2781, 0.001217
2782, 0.001225
2783, 0.000885
2784, 0.000739
2785, 0.001025
2786, 0.000904
2787, 0.000773
2788, 0.000414
2789, 0.0013
2790, 0.001204
2791, 0.000662
2792, 0.001146
2793, 0.001085
2794, 0.000395
2795, 0.000375
2796, 0.000376
2797, 0.00043
2798, 0.00046
2799, 0.000402
2800, 0.000384
2801, 0.000425
2802, 0.000403
2803, 0.002769
2804, 0.001537
2805, 0.000769
2806, 0.002642
2807, 0.001037
2808, 0.002173
2809, 0.002286
2810, 0.002704
2811, 0.001663
2812, 0.002765
2813, 0.001796
2814, 0.001218
2815, 0.001507
2816, 0.005409
2817, 0.003393
2818, 0.001916
2819, 0.005456
2820, 0.001752
2821, 0.005362
2822, 0.000887
2823, 0.000434
2824, 0.00392
2825, 0.003569
2826, 0.000821
2827, 0.003575
2828, 0.001526
2829, 0.004442
2830, 0.003238
2831, 0.002065
2832, 0.001522
2833, 0.000688
2834, 0.000701
2835, 0.002429
2836, 0.001116
2837, 0.001336
2838, 0.004004
2839, 0.004972
2840, 0.004458
2841, 0.004495
2842, 0.002553
2843, 0.001659
2844, 0.001697
2845, 0.003666
2846, 0.001199
2847, 0.00159
2848, 0.002822
2849, 0.005378
2850, 0.003547
2851, 0.001961
2852, 0.001902
2853, 0.000605
2854, 0.000416
2855, 0.000399
2856, 0.000396
2857, 0.000418
2858, 0.002948
2859, 0.00246
2860, 0.002008
2861, 0.002021
2862, 0.001619
2863, 0.001392
2864, 0.001767
2865, 0.001843
2866, 0.002022
2867, 0.001944
2868, 0.000943
2869, 0.003747
2870, 0.003025
2871, 0.000798
2872, 0.000479
2873, 0.005033
2874, 0.005076
2875, 0.002184
2876, 0.003635
2877, 0.004596
2878, 0.001855
2879, 0.021088
2880, 0.002054
2881, 0.00285
2882, 0.002415
2883, 0.001872
2884, 0.000974
2885, 0.001645
2886, 0.001051
2887, 0.0005
2888, 0.001233
2889, 0.01097
2890, 0.0026
2891, 0.000948
2892, 0.002006
2893, 0.001715
2894, 0.000797
2895, 0.002025
2896, 0.002286
2897, 0.000528
2898, 0.001246
2899, 0.005113
2900, 0.001863
2901, 0.000651
2902, 0.0018
2903, 0.001141
2904, 0.001473
2905, 0.001266
2906, 0.001224
2907, 0.000821
2908, 0.000806
2909, 0.001253
2910, 0.002234
2911, 0.001253
2912, 0.001116
2913, 0.000991
2914, 0.000793
2915, 0.000745
2916, 0.000907
2917, 0.001119
2918, 0.002343
2919, 0.001316
2920, 0.001055
2921, 0.001137
2922, 0.00164
2923, 0.001136
2924, 0.001547
2925, 0.000491
2926, 0.001612
2927, 0.001184
2928, 0.001622
2929, 0.001105
2930, 0.001643
2931, 0.00112
2932, 0.001644
2933, 0.001038
2934, 0.001342
2935, 0.003799
2936, 0.002342
2937, 0.001615
2938, 0.001299
2939, 0.008934
2940, 0.004859
2941, 0.002759
2942, 0.001991
2943, 0.004309
2944, 0.004495
2945, 0.002707
2946, 0.004958
2947, 0.001859
2948, 0.004688
2949, 0.024349
2950, 0.005214
2951, 0.001774
2952, 0.002052
2953, 0.000998
2954, 0.002426
2955, 0.003689
2956, 0.003069
2957, 0.002478
2958, 0.001178
2959, 0.027181
2960, 0.001713
2961, 0.001581
2962, 0.001405
2963, 0.001295
2964, 0.001278
2965, 0.001252
2966, 0.001897
2967, 0.000589
2968, 0.001824
2969, 0.00099
2970, 0.001538
2971, 0.001285
2972, 0.000671
2973, 0.001259
2974, 0.004269
2975, 0.001648
2976, 0.003372
2977, 0.0023
2978, 0.003699
2979, 0.025801
2980, 0.00217
2981, 0.002647
2982, 0.004695
2983, 0.003472
2984, 0.001524
2985, 0.002715
2986, 0.001326
2987, 0.002911
2988, 0.003051
2989, 0.009899
2990, 0.003893
2991, 0.002144
2992, 0.001098
2993, 0.002146
2994, 0.000825
2995, 0.002222
2996, 0.001231
2997, 0.002021
2998, 0.000742
2999, 0.005863
3000, 0.00221
3001, 0.001953
3002, 0.001624
3003, 0.001794
3004, 0.001568
3005, 0.001576
3006, 0.001585
3007, 0.005277
3008, 0.00394
3009, 0.005134
3010, 0.003297
3011, 0.00305
3012, 0.00265
3013, 0.004749
3014, 0.003691
3015, 0.001915
3016, 0.003511
3017, 0.003039
3018, 0.001916
3019, 0.01443
3020, 0.003706
3021, 0.001852
3022, 0.003882
3023, 0.003667
3024, 0.002544
3025, 0.002784
3026, 0.004498
3027, 0.003029
3028, 0.002345
3029, 0.01613
3030, 0.003851
3031, 0.002713
3032, 0.004869
3033, 0.004036
3034, 0.002495
3035, 0.004291
3036, 0.00411
3037, 0.002627
3038, 0.004116
3039, 0.014398
3040, 0.002631
3041, 0.004987
3042, 0.001593
3043, 0.003245
3044, 0.001575
3045, 0.003322
3046, 0.003985
3047, 0.001752
3048, 0.003174
3049, 0.022077
3050, 0.005014
3051, 0.002657
3052, 0.003202
3053, 0.003172
3054, 0.0017
3055, 0.003815
3056, 0.003883
3057, 0.002033
3058, 0.001535
3059, 0.013037
3060, 0.001691
3061, 0.001556
3062, 0.001548
3063, 0.001584
3064, 0.001591
3065, 0.002352
3066, 0.001591
3067, 0.001577
3068, 0.00154
3069, 0.002541
3070, 0.001709
3071, 0.001801
3072, 0.001773
3073, 0.002683
3074, 0.002091
3075, 0.002487
3076, 0.002383
3077, 0.001786
3078, 0.002323
3079, 0.002664
3080, 0.002163
3081, 0.001822
3082, 0.002691
3083, 0.002647
3084, 0.004168
3085, 0.003234
3086, 0.001842
3087, 0.003142
3088, 0.003221
3089, 0.012625
3090, 0.003368
3091, 0.001874
3092, 0.003206
3093, 0.001368
3094, 0.002368
3095, 0.003116
3096, 0.001846
3097, 0.001563
3098, 0.00155
3099, 0.024486
3100, 0.001742
3101, 0.002974
3102, 0.003124
3103, 0.001767
3104, 0.003207
3105, 0.0021
3106, 0.002719
3107, 0.002985
3108, 0.001885
3109, 0.007207
3110, 0.002821
3111, 0.001867
3112, 0.003302
3113, 0.002756
3114, 0.001971
3115, 0.003221
3116, 0.00186
3117, 0.002768
3118, 0.003984
3119, 0.007174
3120, 0.003758
3121, 0.003287
3122, 0.001902
3123, 0.002868
3124, 0.00321
3125, 0.001917
3126, 0.003207
3127, 0.003349
3128, 0.001921
3129, 0.008562
3130, 0.003161
3131, 0.001997
3132, 0.002621
3133, 0.002873
3134, 0.001977
3135, 0.001822
3136, 0.003303
3137, 0.002821
3138, 0.001853
3139, 0.009266
3140, 0.001596
3141, 0.001655
3142, 0.003333
3143, 0.001744
3144, 0.00304
3145, 0.001623
3146, 0.003845
3147, 0.003002
3148, 0.00246
3149, 0.010751
3150, 0.001701
3151, 0.001632
3152, 0.001701
3153, 0.001914
3154, 0.001532
3155, 0.001695
3156, 0.001537
3157, 0.003635
3158, 0.003377
3159, 0.023848
3160, 0.002329
3161, 0.003265
3162, 0.002494
3163, 0.00379
3164, 0.002342
3165, 0.001789
3166, 0.003275
3167, 0.003743
3168, 0.001815
3169, 0.022384
3170, 0.001806
3171, 0.003924
3172, 0.003499
3173, 0.001836
3174, 0.003232
3175, 0.003214
3176, 0.002416
3177, 0.002438
3178, 0.003297
3179, 0.022692
3180, 0.001788
3181, 0.001792
3182, 0.003216
3183, 0.00313
3184, 0.001741
3185, 0.003261
3186, 0.001835
3187, 0.003192
3188, 0.00337
3189, 0.008525
3190, 0.004411
3191, 0.002006
3192, 0.001661
3193, 0.003432
3194, 0.001694
3195, 0.001564
3196, 0.001623
3197, 0.003295
3198, 0.003219
3199, 0.013747
3200, 0.003644
3201, 0.0038
3202, 0.001867
3203, 0.00325
3204, 0.003382
3205, 0.001958
3206, 0.003154
3207, 0.003463
3208, 0.002082
3209, 0.009731
3210, 0.001826
3211, 0.003579
3212, 0.003304
3213, 0.001822
3214, 0.001837
3215, 0.001788
3216, 0.001794
3217, 0.003542
3218, 0.004079
3219, 0.007706
3220, 0.001853
3221, 0.001579
3222, 0.003394
3223, 0.0017
3224, 0.001589
3225, 0.003186
3226, 0.00098
3227, 0.002349
3228, 0.001457
3229, 0.009098
3230, 0.001141
3231, 0.00177
3232, 0.001196
3233, 0.001277
3234, 0.004408
3235, 0.003533
3236, 0.001042
3237, 0.00123
3238, 0.003294
3239, 0.005911
3240, 0.002431
3241, 0.002576
3242, 0.001128
3243, 0.00087
3244, 0.002238
3245, 0.00104
3246, 0.002134
3247, 0.001018
3248, 0.002362
3249, 0.003526
3250, 0.000941
3251, 0.000782
3252, 0.000755
3253, 0.00233
3254, 0.00253
3255, 0.00095
3256, 0.004331
3257, 0.001176
3258, 0.001577
3259, 0.006505
3260, 0.001183
3261, 0.001527
3262, 0.00312
3263, 0.003227
3264, 0.001547
3265, 0.001538
3266, 0.001414
3267, 0.003541
3268, 0.004806
3269, 0.001042
3270, 0.000921
3271, 0.003942
3272, 0.004377
3273, 0.003662
3274, 0.004634
3275, 0.002495
3276, 0.003975
3277, 0.002628
3278, 0.003851
3279, 0.009406
3280, 0.001861
3281, 0.001513
3282, 0.00306
3283, 0.00167
3284, 0.001391
3285, 0.002855
3286, 0.001798
3287, 0.001801
3288, 0.002489
3289, 0.008649
3290, 0.002137
3291, 0.002196
3292, 0.002149
3293, 0.002074
3294, 0.002088
3295, 0.00217
3296, 0.002127
3297, 0.00228
3298, 0.001227
3299, 0.002127
3300, 0.001104
3301, 0.002183
3302, 0.001637
3303, 0.002322
3304, 0.000559
3305, 0.00219
3306, 0.006783
3307, 0.002322
3308, 0.002451
3309, 0.011533
3310, 0.001677
3311, 0.003535
3312, 0.004566
3313, 0.002576
3314, 0.003902
3315, 0.002361
3316, 0.003057
3317, 0.003114
3318, 0.001768
3319, 0.008747
3320, 0.001826
3321, 0.00251
3322, 0.004032
3323, 0.002316
3324, 0.003587
3325, 0.004066
3326, 0.002704
3327, 0.001867
3328, 0.003514
3329, 0.007919
3330, 0.003
3331, 0.002357
3332, 0.001762
3333, 0.001579
3334, 0.001578
3335, 0.001716
3336, 0.001575
3337, 0.001736
3338, 0.00197
3339, 0.005831
3340, 0.002481
3341, 0.00062
3342, 0.002414
3343, 0.002295
3344, 0.002361
3345, 0.000583
3346, 0.001914
3347, 0.002215
3348, 0.001786
3349, 0.007582
3350, 0.004099
3351, 0.002156
3352, 0.003919
3353, 0.005104
3354, 0.002956
3355, 0.005192
3356, 0.006085
3357, 0.00173
3358, 0.001619
3359, 0.015873
3360, 0.001504
3361, 0.003415
3362, 0.0047
3363, 0.002556
3364, 0.004334
3365, 0.001965
3366, 0.003877
3367, 0.002821
3368, 0.002288
3369, 0.015473
3370, 0.002608
3371, 0.002599
3372, 0.00205
3373, 0.002387
3374, 0.002033
3375, 0.001773
3376, 0.001711
3377, 0.001634
3378, 0.00236
3379, 0.006845
3380, 0.002348
3381, 0.00182
3382, 0.002339
3383, 0.00097
3384, 0.002973
3385, 0.002374
3386, 0.001531
3387, 0.00183
3388, 0.001583
3389, 0.005153
3390, 0.002812
3391, 0.004223
3392, 0.002065
3393, 0.002569
3394, 0.002585
3395, 0.002748
3396, 0.002628
3397, 0.00363
3398, 0.003313
3399, 0.00842
3400, 0.002707
3401, 0.002914
3402, 0.002563
3403, 0.001661
3404, 0.001437
3405, 0.001424
3406, 0.003467
3407, 0.001465
3408, 0.001752
3409, 0.002111
3410, 0.002999
3411, 0.000698
3412, 0.002191
3413, 0.00598
3414, 0.003162
3415, 0.006069
3416, 0.005517
3417, 0.003889
3418, 0.006076
3419, 0.009782
3420, 0.006504
3421, 0.002367
3422, 0.001939
3423, 0.001128
3424, 0.000747
3425, 0.001217
3426, 0.001143
3427, 0.002385
3428, 0.000707
3429, 0.006601
3430, 0.002089
3431, 0.001805
3432, 0.001007
3433, 0.000818
3434, 0.001021
3435, 0.0015
3436, 0.003744
3437, 0.001805
3438, 0.001119
3439, 0.00111
3440, 0.001352
3441, 0.001112
3442, 0.001398
3443, 0.00132
3444, 0.001064
3445, 0.001519
3446, 0.001594
3447, 0.000518
3448, 0.001606
3449, 0.002204
3450, 0.001842
3451, 0.001436
3452, 0.001812
3453, 0.005314
3454, 0.002291
3455, 0.005053
3456, 0.002535
3457, 0.001446
3458, 0.001344
3459, 0.009035
3460, 0.00498
3461, 0.001926
3462, 0.001372
3463, 0.00217
3464, 0.002156
3465, 0.005431
3466, 0.002103
3467, 0.003779
3468, 0.002992
3469, 0.005812
3470, 0.004719
3471, 0.002891
3472, 0.005136
3473, 0.002471
3474, 0.004613
3475, 0.002877
3476, 0.005236
3477, 0.003142
3478, 0.002464
3479, 0.009483
3480, 0.007023
3481, 0.003847
3482, 0.006061
3483, 0.005496
3484, 0.004022
3485, 0.006389
3486, 0.004875
3487, 0.001971
3488, 0.00545
3489, 0.007585
3490, 0.006239
3491, 0.003682
3492, 0.007664
3493, 0.005966
3494, 0.002287
3495, 0.00522
3496, 0.003108
3497, 0.007637
3498, 0.005946
3499, 0.006279
3500, 0.006507
3501, 0.002393
3502, 0.006751
3503, 0.002079
3504, 0.004639
3505, 0.007038
3506, 0.003276
3507, 0.004949
3508, 0.002671
3509, 0.007468
3510, 0.005409
3511, 0.003854
3512, 0.004931
3513, 0.004402
3514, 0.002795
3515, 0.005982
3516, 0.002701
3517, 0.002277
3518, 0.004569
3519, 0.008491
3520, 0.002531
3521, 0.004475
3522, 0.004965
3523, 0.003206
3524, 0.00508
3525, 0.004922
3526, 0.003
3527, 0.003997
3528, 0.00404
3529, 0.006253
3530, 0.003796
3531, 0.004309
3532, 0.003215
3533, 0.004885
3534, 0.003971
3535, 0.002497
3536, 0.003665
3537, 0.002719
3538, 0.004579
3539, 0.00647
3540, 0.002942
3541, 0.004531
3542, 0.004369
3543, 0.002849
3544, 0.00295
3545, 0.00263
3546, 0.003575
3547, 0.002693
3548, 0.002024
3549, 0.007353
3550, 0.002477
3551, 0.002443
3552, 0.002109
3553, 0.002338
3554, 0.002352
3555, 0.002484
3556, 0.002452
3557, 0.001687
3558, 0.002355
3559, 0.002317
3560, 0.001877
3561, 0.002597
3562, 0.000706
3563, 0.00226
3564, 0.002483
3565, 0.002517
3566, 0.002541
3567, 0.002476
3568, 0.00236
3569, 0.002371
3570, 0.001632
3571, 0.001607
3572, 0.0016
3573, 0.001599
3574, 0.001604
3575, 0.004687
3576, 0.002022
3577, 0.004857
3578, 0.003506
3579, 0.0053
3580, 0.002314
3581, 0.002498
3582, 0.002432
3583, 0.002466
3584, 0.002336
3585, 0.002531
3586, 0.001887
3587, 0.001643
3588, 0.001608
3589, 0.003197
3590, 0.002597
3591, 0.002716
3592, 0.000692
3593, 0.002102
3594, 0.001757
3595, 0.004371
3596, 0.001848
3597, 0.003804
3598, 0.003368
3599, 0.007384
3600, 0.00486
3601, 0.002858
3602, 0.004911
3603, 0.005087
3604, 0.003436
3605, 0.004883
3606, 0.005176
3607, 0.003421
3608, 0.002979
3609, 0.009294
3610, 0.002755
3611, 0.003033
3612, 0.00519
3613, 0.005399
3614, 0.00287
3615, 0.005092
3616, 0.002009
3617, 0.001688
3618, 0.001795
3619, 0.00801
3620, 0.001992
3621, 0.001851
3622, 0.001866
3623, 0.001815
3624, 0.005147
3625, 0.004662
3626, 0.002104
3627, 0.001802
3628, 0.003295
3629, 0.00596
3630, 0.001768
3631, 0.004151
3632, 0.00338
3633, 0.005931
3634, 0.005147
3635, 0.002371
3636, 0.002133
3637, 0.003402
3638, 0.003354
3639, 0.009072
3640, 0.002783
3641, 0.005342
3642, 0.002851
3643, 0.003972
3644, 0.004962
3645, 0.003044
3646, 0.005003
3647, 0.00626
3648, 0.003045
3649, 0.010652
3650, 0.002512
3651, 0.004894
3652, 0.005777
3653, 0.002234
3654, 0.004357
3655, 0.004941
3656, 0.00271
3657, 0.001899
3658, 0.004016
3659, 0.010547
3660, 0.002333
3661, 0.001976
3662, 0.002281
3663, 0.001827
3664, 0.001832
3665, 0.002435
3666, 0.00541
3667, 0.003787
3668, 0.00189
3669, 0.011614
3670, 0.003018
3671, 0.005599
3672, 0.00237
3673, 0.002373
3674, 0.003941
3675, 0.002173
3676, 0.003507
3677, 0.001926
3678, 0.004212
3679, 0.017607
3680, 0.002576
3681, 0.003989
3682, 0.001967
3683, 0.003804
3684, 0.003843
3685, 0.001891
3686, 0.004268
3687, 0.001675
3688, 0.003689
3689, 0.015851
3690, 0.003562
3691, 0.001969
3692, 0.003321
3693, 0.001653
3694, 0.001674
3695, 0.001625
3696, 0.003552
3697, 0.003653
3698, 0.001795
3699, 0.013892
3700, 0.004402
3701, 0.00216
3702, 0.001638
3703, 0.003742
3704, 0.00185
3705, 0.002437
3706, 0.003944
3707, 0.004274
3708, 0.00314
3709, 0.015846
3710, 0.004024
3711, 0.002398
3712, 0.001813
3713, 0.004422
3714, 0.002113
3715, 0.002438
3716, 0.002008
3717, 0.00215
3718, 0.001713
3719, 0.01054
3720, 0.001671
3721, 0.002043
3722, 0.002754
3723, 0.002785
3724, 0.002525
3725, 0.002414
3726, 0.002351
3727, 0.002368
3728, 0.002629
3729, 0.006294
3730, 0.002987
3731, 0.001933
3732, 0.001956
3733, 0.001888
3734, 0.0016
3735, 0.001635
3736, 0.00195
3737, 0.001737
3738, 0.001718
3739, 0.002106
3740, 0.00256
3741, 0.002282
3742, 0.002364
3743, 0.00193
3744, 0.002127
3745, 0.002539
3746, 0.001863
3747, 0.002025
3748, 0.002398
3749, 0.001739
3750, 0.005241
3751, 0.005515
3752, 0.002893
3753, 0.005727
3754, 0.004248
3755, 0.003072
3756, 0.001745
3757, 0.001723
3758, 0.001783
3759, 0.010239
3760, 0.002831
3761, 0.002512
3762, 0.005131
3763, 0.006228
3764, 0.002979
3765, 0.004873
3766, 0.00301
3767, 0.005721
3768, 0.00253
3769, 0.013941
3770, 0.003636
3771, 0.005032
3772, 0.003203
3773, 0.005266
3774, 0.002601
3775, 0.00218
3776, 0.005548
3777, 0.005178
3778, 0.001758
3779, 0.011593
3780, 0.002315
3781, 0.00418
3782, 0.005534
3783, 0.003184
3784, 0.002898
3785, 0.003494
3786, 0.003027
3787, 0.003468
3788, 0.002562
3789, 0.011048
3790, 0.004143
3791, 0.001953
3792, 0.003985
3793, 0.005089
3794, 0.002542
3795, 0.004991
3796, 0.002635
3797, 0.003238
3798, 0.00268
3799, 0.031274
3800, 0.002854
3801, 0.00267
3802, 0.003757
3803, 0.002272
3804, 0.002986
3805, 0.002551
3806, 0.004978
3807, 0.002645
3808, 0.003422
3809, 0.014547
3810, 0.00115
3811, 0.00561
3812, 0.003292
3813, 0.002561
3814, 0.002604
3815, 0.002417
3816, 0.002501
3817, 0.000701
3818, 0.002742
3819, 0.012018
3820, 0.001999
3821, 0.001704
3822, 0.003158
3823, 0.00213
3824, 0.002373
3825, 0.001849
3826, 0.001895
3827, 0.002592
3828, 0.001907
3829, 0.005353
3830, 0.003067
3831, 0.001493
3832, 0.00349
3833, 0.001073
3834, 0.003235
3835, 0.005981
3836, 0.00733
3837, 0.002195
3838, 0.004607
3839, 0.008544
3840, 0.001821
3841, 0.002658
3842, 0.004614
3843, 0.003868
3844, 0.005722
3845, 0.002253
3846, 0.00575
3847, 0.003848
3848, 0.004318
3849, 0.019351
3850, 0.004718
3851, 0.004808
3852, 0.002291
3853, 0.005169
3854, 0.006244
3855, 0.00319
3856, 0.004874
3857, 0.007063
3858, 0.002156
3859, 0.015435
3860, 0.004143
3861, 0.001978
3862, 0.003682
3863, 0.002049
3864, 0.001839
3865, 0.00228
3866, 0.002527
3867, 0.004291
3868, 0.004384
3869, 0.016919
3870, 0.00453
3871, 0.002616
3872, 0.004163
3873, 0.002001
3874, 0.003711
3875, 0.003823
3876, 0.002062
3877, 0.00425
3878, 0.003623
3879, 0.014345
3880, 0.004582
3881, 0.004366
3882, 0.002455
3883, 0.004144
3884, 0.005232
3885, 0.003254
3886, 0.000859
3887, 0.00473
3888, 0.004637
3889, 0.013065
3890, 0.004669
3891, 0.004761
3892, 0.002504
3893, 0.004452
3894, 0.005107
3895, 0.00286
3896, 0.004805
3897, 0.002748
3898, 0.004664
3899, 0.009506
3900, 0.002906
3901, 0.005125
3902, 0.002894
3903, 0.00537
3904, 0.005428
3905, 0.002963
3906, 0.004901
3907, 0.004568
3908, 0.0028
3909, 0.008883
3910, 0.004486
3911, 0.002592
3912, 0.003344
3913, 0.010772
3914, 0.005634
3915, 0.003583
3916, 0.005155
3917, 0.002691
3918, 0.005898
3919, 0.016269
3920, 0.003004
3921, 0.006915
3922, 0.005014
3923, 0.002574
3924, 0.005374
3925, 0.004741
3926, 0.00329
3927, 0.002535
3928, 0.005226
3929, 0.010586
3930, 0.003122
3931, 0.002512
3932, 0.004348
3933, 0.003702
3934, 0.002645
3935, 0.004553
3936, 0.005232
3937, 0.002826
3938, 0.004074
3939, 0.011953
3940, 0.002128
3941, 0.001797
3942, 0.002947
3943, 0.002073
3944, 0.002664
3945, 0.001902
3946, 0.003166
3947, 0.002103
3948, 0.001646
3949, 0.007348
3950, 0.002536
3951, 0.001936
3952, 0.004372
3953, 0.002005
3954, 0.00327
3955, 0.002523
3956, 0.00522
3957, 0.001632
3958, 0.003355
3959, 0.008594
3960, 0.002121
3961, 0.005935
3962, 0.002574
3963, 0.001511
3964, 0.000775
3965, 0.004473
3966, 0.001154
3967, 0.000718
3968, 0.000629
3969, 0.004701
3970, 0.001069
3971, 0.001156
3972, 0.001271
3973, 0.001165
3974, 0.00542
3975, 0.00147
3976, 0.0012
3977, 0.00359
3978, 0.00644
3979, 0.008491
3980, 0.004587
3981, 0.004396
3982, 0.002664
3983, 0.001382
3984, 0.004734
3985, 0.002694
3986, 0.004569
3987, 0.002943
3988, 0.003928
3989, 0.007219
3990, 0.00259
3991, 0.003423
3992, 0.003098
3993, 0.002587
3994, 0.003268
3995, 0.003191
3996, 0.002778
3997, 0.003259
3998, 0.002366
3999, 0.007595
4000, 0.004422
4001, 0.002683
4002, 0.002959
4003, 0.004044
4004, 0.001948
4005, 0.001894
4006, 0.003185
4007, 0.003789
4008, 0.002664
4009, 0.008778
4010, 0.004138
4011, 0.002677
4012, 0.003585
4013, 0.002755
4014, 0.003962
4015, 0.002918
4016, 0.003669
4017, 0.002984
4018, 0.00393
4019, 0.007192
4020, 0.002143
4021, 0.003836
4022, 0.002206
4023, 0.002436
4024, 0.001693
4025, 0.001862
4026, 0.001825
4027, 0.003421
4028, 0.002023
4029, 0.006817
4030, 0.002192
4031, 0.00487
4032, 0.002947
4033, 0.001795
4034, 0.003648
4035, 0.002184
4036, 0.001726
4037, 0.003623
4038, 0.002758
4039, 0.006344
4040, 0.003116
4041, 0.002485
4042, 0.002745
4043, 0.002578
4044, 0.002344
4045, 0.002277
4046, 0.002134
4047, 0.002396
4048, 0.002204
4049, 0.007646
4050, 0.002286
4051, 0.002518
4052, 0.002518
4053, 0.004604
4054, 0.002986
4055, 0.004121
4056, 0.004365
4057, 0.002952
4058, 0.003525
4059, 0.008263
4060, 0.002693
4061, 0.003189
4062, 0.003368
4063, 0.002913
4064, 0.002691
4065, 0.003867
4066, 0.003907
4067, 0.002748
4068, 0.00344
4069, 0.01175
4070, 0.00197
4071, 0.003428
4072, 0.00347
4073, 0.001934
4074, 0.003221
4075, 0.003228
4076, 0.001976
4077, 0.002671
4078, 0.003061
4079, 0.009539
4080, 0.003426
4081, 0.002593
4082, 0.001863
4083, 0.002834
4084, 0.002513
4085, 0.002089
4086, 0.002819
4087, 0.002844
4088, 0.002344
4089, 0.007287
4090, 0.002921
4091, 0.002211
4092, 0.003367
4093, 0.00296
4094, 0.001976
4095, 0.002373
4096, 0.002841
4097, 0.00199
4098, 0.00275
4099, 0.007407
4100, 0.002909
4101, 0.003384
4102, 0.003669
4103, 0.002809
4104, 0.003589
4105, 0.002701
4106, 0.004217
4107, 0.002935
4108, 0.002038
4109, 0.006031
4110, 0.005805
4111, 0.003038
4112, 0.004608
4113, 0.004245
4114, 0.002707
4115, 0.003789
4116, 0.003764
4117, 0.00236
4118, 0.002533
4119, 0.009482
4120, 0.002986
4121, 0.002386
4122, 0.005265
4123, 0.004836
4124, 0.003298
4125, 0.002936
4126, 0.004049
4127, 0.002914
4128, 0.00485
4129, 0.010175
4130, 0.004649
4131, 0.002822
4132, 0.002986
4133, 0.004665
4134, 0.002136
4135, 0.003841
4136, 0.001978
4137, 0.003395
4138, 0.004257
4139, 0.009647
4140, 0.003382
4141, 0.004308
4142, 0.002229
4143, 0.003641
4144, 0.003905
4145, 0.002506
4146, 0.00413
4147, 0.004191
4148, 0.002677
4149, 0.011595
4150, 0.003516
4151, 0.002113
4152, 0.003175
4153, 0.003388
4154, 0.001979
4155, 0.00308
4156, 0.003506
4157, 0.00267
4158, 0.003045
4159, 0.011375
4160, 0.001891
4161, 0.003414
4162, 0.002929
4163, 0.001995
4164, 0.003078
4165, 0.003315
4166, 0.001822
4167, 0.003085
4168, 0.003098
4169, 0.011597
4170, 0.00329
4171, 0.002004
4172, 0.002969
4173, 0.003015
4174, 0.001818
4175, 0.003135
4176, 0.001812
4177, 0.003102
4178, 0.003025
4179, 0.011552
4180, 0.003001
4181, 0.001992
4182, 0.003237
4183, 0.003066
4184, 0.00197
4185, 0.003578
4186, 0.002958
4187, 0.001938
4188, 0.002875
4189, 0.011151
4190, 0.001947
4191, 0.003715
4192, 0.002857
4193, 0.002115
4194, 0.003425
4195, 0.002672
4196, 0.001884
4197, 0.003108
4198, 0.004393
4199, 0.010683
4200, 0.003476
4201, 0.003444
4202, 0.002397
4203, 0.001977
4204, 0.001871
4205, 0.002022
4206, 0.001907
4207, 0.001731
4208, 0.001782
4209, 0.008588
4210, 0.001821
4211, 0.001962
4212, 0.003538
4213, 0.003173
4214, 0.002122
4215, 0.001707
4216, 0.002964
4217, 0.001879
4218, 0.002851
4219, 0.005921
4220, 0.001961
4221, 0.003023
4222, 0.001899
4223, 0.004031
4224, 0.002907
4225, 0.002937
4226, 0.002404
4227, 0.001667
4228, 0.002082
4229, 0.006701
4230, 0.001942
4231, 0.001896
4232, 0.001807
4233, 0.002041
4234, 0.001797
4235, 0.002125
4236, 0.001723
4237, 0.001653
4238, 0.00184
4239, 0.002007
4240, 0.002453
4241, 0.001676
4242, 0.001639
4243, 0.001631
4244, 0.001667
4245, 0.001891
4246, 0.001661
4247, 0.001723
4248, 0.001672
4249, 0.002115
4250, 0.002506
4251, 0.001884
4252, 0.002035
4253, 0.005971
4254, 0.002325
4255, 0.001806
4256, 0.00171
4257, 0.00174
4258, 0.004964
4259, 0.011814
4260, 0.001975
4261, 0.00303
4262, 0.003986
4263, 0.001918
4264, 0.003899
4265, 0.004219
4266, 0.002188
4267, 0.004057
4268, 0.002811
4269, 0.018908
4270, 0.00313
4271, 0.003821
4272, 0.002131
4273, 0.0019
4274, 0.001871
4275, 0.00213
4276, 0.001981
4277, 0.002172
4278, 0.00191
4279, 0.008043
4280, 0.00191
4281, 0.001803
4282, 0.002084
4283, 0.001654
4284, 0.002703
4285, 0.002307
4286, 0.002297
4287, 0.001865
4288, 0.001973
4289, 0.003179
4290, 0.002234
4291, 0.001589
4292, 0.001464
4293, 0.001096
4294, 0.001092
4295, 0.001053
4296, 0.001042
4297, 0.001824
4298, 0.001424
4299, 0.001683
4300, 0.001718
4301, 0.002166
4302, 0.00168
4303, 0.001705
4304, 0.002189
4305, 0.002386
4306, 0.003539
4307, 0.001976
4308, 0.002842
4309, 0.002682
4310, 0.004509
4311, 0.002725
4312, 0.002961
4313, 0.003855
4314, 0.002028
4315, 0.00296
4316, 0.003632
4317, 0.001884
4318, 0.003106
4319, 0.00758
4320, 0.006217
4321, 0.002145
4322, 0.003902
4323, 0.001935
4324, 0.002871
4325, 0.00221
4326, 0.002289
4327, 0.002099
4328, 0.001794
4329, 0.00624
4330, 0.001837
4331, 0.001953
4332, 0.00181
4333, 0.001979
4334, 0.001769
4335, 0.002337
4336, 0.004394
4337, 0.002919
4338, 0.002397
4339, 0.007835
4340, 0.003654
4341, 0.002132
4342, 0.004076
4343, 0.004526
4344, 0.002107
4345, 0.001978
4346, 0.001675
4347, 0.001689
4348, 0.002748
4349, 0.009434
4350, 0.002007
4351, 0.001918
4352, 0.001668
4353, 0.001697
4354, 0.001931
4355, 0.002451
4356, 0.001691
4357, 0.001672
4358, 0.001864
4359, 0.003167
4360, 0.0017
4361, 0.001677
4362, 0.002123
4363, 0.001667
4364, 0.001924
4365, 0.004086
4366, 0.00323
4367, 0.004565
4368, 0.001998
4369, 0.011514
4370, 0.002077
4371, 0.0032
4372, 0.003477
4373, 0.002185
4374, 0.003593
4375, 0.003664
4376, 0.001858
4377, 0.004289
4378, 0.002413
4379, 0.010712
4380, 0.001952
4381, 0.003377
4382, 0.002101
4383, 0.002981
4384, 0.003196
4385, 0.001974
4386, 0.003415
4387, 0.003302
4388, 0.001977
4389, 0.009426
4390, 0.003236
4391, 0.001876
4392, 0.004454
4393, 0.003186
4394, 0.002001
4395, 0.001725
4396, 0.003383
4397, 0.002083
4398, 0.003
4399, 0.009166
4400, 0.002318
4401, 0.002539
4402, 0.003777
4403, 0.003635
4404, 0.001978
4405, 0.002885
4406, 0.002096
4407, 0.002524
4408, 0.002091
4409, 0.009786
4410, 0.004416
4411, 0.003329
4412, 0.001975
4413, 0.002001
4414, 0.003292
4415, 0.003085
4416, 0.002095
4417, 0.003829
4418, 0.004481
4419, 0.011162
4420, 0.003667
4421, 0.003431
4422, 0.002176
4423, 0.003167
4424, 0.002695
4425, 0.002039
4426, 0.00366
4427, 0.002738
4428, 0.002024
4429, 0.013693
4430, 0.0043
4431, 0.00193
4432, 0.003887
4433, 0.003062
4434, 0.002397
4435, 0.002925
4436, 0.00251
4437, 0.002095
4438, 0.003175
4439, 0.011247
4440, 0.002122
4441, 0.003539
4442, 0.003401
4443, 0.002174
4444, 0.004178
4445, 0.003842
4446, 0.002016
4447, 0.001985
4448, 0.004153
4449, 0.01268
4450, 0.002057
4451, 0.003537
4452, 0.003121
4453, 0.002339
4454, 0.003221
4455, 0.003761
4456, 0.001927
4457, 0.003184
4458, 0.001824
4459, 0.010631
4460, 0.005485
4461, 0.002156
4462, 0.002959
4463, 0.005554
4464, 0.001895
4465, 0.004788
4466, 0.002508
4467, 0.004153
4468, 0.005327
4469, 0.013093
4470, 0.004824
4471, 0.004889
4472, 0.003022
4473, 0.004575
4474, 0.004891
4475, 0.002332
4476, 0.004202
4477, 0.00251
4478, 0.004718
4479, 0.009672
4480, 0.002119
4481, 0.003954
4482, 0.004918
4483, 0.002496
4484, 0.002025
4485, 0.001694
4486, 0.00507
4487, 0.00439
4488, 0.003099
4489, 0.010414
4490, 0.004056
4491, 0.002743
4492, 0.004067
4493, 0.003371
4494, 0.002635
4495, 0.002355
4496, 0.002229
4497, 0.002601
4498, 0.001756
4499, 0.010536
4500, 0.003087
4501, 0.002237
4502, 0.001791
4503, 0.002104
4504, 0.002159
4505, 0.002113
4506, 0.00224
4507, 0.006406
4508, 0.0038
4509, 0.004806
4510, 0.003532
4511, 0.006111
4512, 0.002913
4513, 0.002936
4514, 0.002233
4515, 0.003986
4516, 0.002567
4517, 0.002351
4518, 0.003274
4519, 0.009247
4520, 0.003073
4521, 0.004698
4522, 0.002729
4523, 0.002945
4524, 0.002896
4525, 0.003095
4526, 0.002854
4527, 0.002087
4528, 0.002413
4529, 0.004735
4530, 0.003756
4531, 0.002423
4532, 0.002249
4533, 0.003096
4534, 0.0031
4535, 0.002747
4536, 0.001921
4537, 0.002986
4538, 0.002749
4539, 0.005498
4540, 0.002196
4541, 0.001562
4542, 0.002452
4543, 0.003967
4544, 0.00228
4545, 0.002244
4546, 0.003896
4547, 0.002385
4548, 0.004211
4549, 0.006857
4550, 0.003152
4551, 0.004964
4552, 0.004759
4553, 0.002199
4554, 0.002703
4555, 0.001219
4556, 0.00304
4557, 0.002552
4558, 0.002725
4559, 0.009458
4560, 0.005695
4561, 0.002332
4562, 0.001991
4563, 0.003381
4564, 0.002303
4565, 0.002556
4566, 0.002081
4567, 0.002767
4568, 0.001929
4569, 0.012952
4570, 0.004694
4571, 0.002466
4572, 0.002521
4573, 0.002952
4574, 0.002444
4575, 0.003038
4576, 0.002051
4577, 0.003976
4578, 0.003989
4579, 0.01139
4580, 0.003086
4581, 0.00231
4582, 0.004505
4583, 0.004721
4584, 0.002219
4585, 0.002063
4586, 0.004365
4587, 0.002798
4588, 0.00223
4589, 0.015597
4590, 0.002781
4591, 0.004828
4592, 0.00405
4593, 0.002571
4594, 0.003842
4595, 0.004219
4596, 0.003007
4597, 0.002603
4598, 0.002618
4599, 0.010355
4600, 0.004482
4601, 0.002476
4602, 0.002337
4603, 0.002841
4604, 0.001995
4605, 0.00183
4606, 0.001893
4607, 0.00188
4608, 0.001746
4609, 0.008496
4610, 0.001812
4611, 0.001737
4612, 0.001756
4613, 0.005533
4614, 0.002136
4615, 0.00446
4616, 0.004159
4617, 0.002581
4618, 0.005669
4619, 0.016626
4620, 0.003008
4621, 0.005343
4622, 0.004645
4623, 0.002017
4624, 0.005103
4625, 0.002275
4626, 0.005476
4627, 0.003722
4628, 0.002225
4629, 0.015358
4630, 0.005497
4631, 0.005464
4632, 0.002903
4633, 0.002511
4634, 0.005472
4635, 0.004143
4636, 0.001996
4637, 0.004644
4638, 0.004981
4639, 0.014497
4640, 0.003945
4641, 0.003553
4642, 0.002014
4643, 0.003497
4644, 0.003428
4645, 0.001801
4646, 0.001694
4647, 0.00339
4648, 0.003011
4649, 0.012041
4650, 0.003482
4651, 0.00314
4652, 0.002017
4653, 0.003382
4654, 0.002235
4655, 0.003273
4656, 0.002067
4657, 0.003396
4658, 0.00176
4659, 0.011582
4660, 0.003165
4661, 0.005226
4662, 0.00326
4663, 0.002448
4664, 0.005107
4665, 0.005166
4666, 0.003479
4667, 0.001762
4668, 0.001714
4669, 0.017575
4670, 0.004475
4671, 0.002017
4672, 0.004195
4673, 0.002048
4674, 0.00357
4675, 0.004788
4676, 0.002455
4677, 0.003716
4678, 0.004188
4679, 0.017536
4680, 0.005377
4681, 0.00496
4682, 0.002049
4683, 0.004348
4684, 0.003077
4685, 0.002761
4686, 0.003729
4687, 0.004668
4688, 0.003056
4689, 0.014216
4690, 0.004371
4691, 0.002227
4692, 0.001757
4693, 0.001713
4694, 0.004113
4695, 0.002263
4696, 0.003484
4697, 0.001967
4698, 0.002039
4699, 0.014011
4700, 0.001958
4701, 0.004455
4702, 0.002148
4703, 0.004152
4704, 0.002222
4705, 0.003098
4706, 0.006644
4707, 0.004827
4708, 0.003382
4709, 0.017818
4710, 0.0022
4711, 0.005993
4712, 0.005851
4713, 0.002405
4714, 0.001808
4715, 0.00468
4716, 0.004239
4717, 0.002014
4718, 0.00508
4719, 0.019891
4720, 0.002085
4721, 0.005209
4722, 0.004896
4723, 0.003757
4724, 0.004587
4725, 0.004187
4726, 0.002053
4727, 0.001776
4728, 0.006414
4729, 0.018133
4730, 0.005798
4731, 0.006401
4732, 0.003282
4733, 0.002612
4734, 0.002454
4735, 0.002469
4736, 0.002757
4737, 0.002999
4738, 0.006681
4739, 0.014838
4740, 0.003059
4741, 0.00725
4742, 0.002741
4743, 0.005938
4744, 0.006246
4745, 0.003663
4746, 0.005006
4747, 0.005178
4748, 0.003183
4749, 0.019522
4750, 0.00212
4751, 0.004825
4752, 0.005296
4753, 0.002076
4754, 0.002684
4755, 0.006985
4756, 0.007051
4757, 0.002811
4758, 0.00446
4759, 0.019555
4760, 0.002097
4761, 0.004313
4762, 0.004455
4763, 0.002023
4764, 0.004753
4765, 0.002967
4766, 0.00444
4767, 0.003678
4768, 0.003386
4769, 0.011763
4770, 0.006147
4771, 0.002759
4772, 0.005997
4773, 0.005254
4774, 0.00489
4775, 0.006963
4776, 0.007229
4777, 0.003543
4778, 0.006255
4779, 0.015068
4780, 0.002146
4781, 0.007658
4782, 0.007139
4783, 0.002472
4784, 0.003745
4785, 0.00573
4786, 0.002049
4787, 0.006885
4788, 0.00525
4789, 0.012602
4790, 0.00186
4791, 0.005649
4792, 0.002293
4793, 0.005681
4794, 0.006025
4795, 0.002021
4796, 0.004795
4797, 0.005656
4798, 0.002215
4799, 0.014401
4800, 0.003946
4801, 0.002696
4802, 0.004242
4803, 0.004003
4804, 0.002981
4805, 0.004746
4806, 0.004828
4807, 0.002787
4808, 0.004668
4809, 0.012716
4810, 0.002919
4811, 0.00354
4812, 0.003187
4813, 0.002578
4814, 0.004014
4815, 0.003132
4816, 0.002949
4817, 0.002937
4818, 0.002921
4819, 0.012436
4820, 0.002598
4821, 0.002799
4822, 0.00219
4823, 0.002815
4824, 0.003672
4825, 0.002379
4826, 0.002494
4827, 0.002744
4828, 0.002144
4829, 0.009075
4830, 0.0035
4831, 0.00205
4832, 0.004505
4833, 0.002332
4834, 0.002325
4835, 0.002737
4836, 0.002001
4837, 0.002869
4838, 0.00261
4839, 0.007463
4840, 0.003277
4841, 0.002302
4842, 0.002928
4843, 0.00303
4844, 0.002341
4845, 0.002851
4846, 0.002734
4847, 0.002463
4848, 0.003384
4849, 0.007014
4850, 0.004316
4851, 0.002973
4852, 0.002391
4853, 0.00372
4854, 0.003843
4855, 0.002358
4856, 0.004492
4857, 0.003715
4858, 0.002717
4859, 0.006296
4860, 0.004056
4861, 0.002754
4862, 0.003551
4863, 0.002173
4864, 0.001926
4865, 0.001758
4866, 0.004454
4867, 0.002775
4868, 0.005469
4869, 0.010256
4870, 0.005171
4871, 0.005896
4872, 0.002
4873, 0.004764
4874, 0.005036
4875, 0.002818
4876, 0.005506
4877, 0.002893
4878, 0.002786
4879, 0.016589
4880, 0.00211
4881, 0.001869
4882, 0.001849
4883, 0.002005
4884, 0.002022
4885, 0.001983
4886, 0.001783
4887, 0.001241
4888, 0.001443
4889, 0.010064
4890, 0.004597
4891, 0.001865
4892, 0.004233
4893, 0.002074
4894, 0.004326
4895, 0.004289
4896, 0.002026
4897, 0.004754
4898, 0.004503
4899, 0.03625
4900, 0.002992
4901, 0.003345
4902, 0.002102
4903, 0.0043
4904, 0.001949
4905, 0.004512
4906, 0.003229
4907, 0.002047
4908, 0.004695
4909, 0.03342
4910, 0.004916
4911, 0.004956
4912, 0.001837
4913, 0.004189
4914, 0.001999
4915, 0.005135
4916, 0.006145
4917, 0.002075
4918, 0.004365
4919, 0.036364
4920, 0.001814
4921, 0.004767
4922, 0.00222
4923, 0.004604
4924, 0.002125
4925, 0.005453
4926, 0.003849
4927, 0.001769
4928, 0.001953
4929, 0.004384
4930, 0.001769
4931, 0.00203
4932, 0.001749
4933, 0.002823
4934, 0.002894
4935, 0.002515
4936, 0.00259
4937, 0.002568
4938, 0.003691
4939, 0.00276
4940, 0.002881
4941, 0.001948
4942, 0.002158
4943, 0.002679
4944, 0.003184
4945, 0.002593
4946, 0.006132
4947, 0.002313
4948, 0.004969
4949, 0.006452
4950, 0.005841
4951, 0.004746
4952, 0.002044
4953, 0.00482
4954, 0.005589
4955, 0.002204
4956, 0.004574
4957, 0.004612
4958, 0.00285
4959, 0.012498
4960, 0.002624
4961, 0.002599
4962, 0.002529
4963, 0.005258
4964, 0.006465
4965, 0.003024
4966, 0.006152
4967, 0.004618
4968, 0.003023
4969, 0.006734
4970, 0.00577
4971, 0.002155
4972, 0.004787
4973, 0.005453
4974, 0.002572
4975, 0.003586
4976, 0.005218
4977, 0.003258
4978, 0.005527
4979, 0.001956
4980, 0.003487
4981, 0.003636
4982, 0.004722
4983, 0.001727
4984, 0.005705
4985, 0.003431
4986, 0.002564
4987, 0.007886
4988, 0.007614
4989, 0.005128
4990, 0.008062
4991, 0.003361
4992, 0.005716
4993, 0.007038
4994, 0.004476
4995, 0.006602
4996, 0.006032
4997, 0.003643
4998, 0.006468
4999, 0.00545
5000, 0.003951
5001, 0.005277
5002, 0.005952
5003, 0.003026
5004, 0.002474
5005, 0.006234
5006, 0.005946
5007, 0.002857
5008, 0.004837
5009, 0.007264
5010, 0.002568
5011, 0.005458
5012, 0.00544
5013, 0.002104
5014, 0.005104
5015, 0.005742
5016, 0.001812
5017, 0.003979
5018, 0.004107
5019, 0.011247
5020, 0.005035
5021, 0.004834
5022, 0.002148
5023, 0.001838
5024, 0.001717
5025, 0.003696
5026, 0.003748
5027, 0.003404
5028, 0.005338
5029, 0.018361
5030, 0.002133
5031, 0.004269
5032, 0.001811
5033, 0.004724
5034, 0.004511
5035, 0.002343
5036, 0.004678
5037, 0.004416
5038, 0.002109
5039, 0.015949
5040, 0.00193
5041, 0.005049
5042, 0.005218
5043, 0.002125
5044, 0.004545
5045, 0.002726
5046, 0.002284
5047, 0.004904
5048, 0.004159
5049, 0.013814
5050, 0.005056
5051, 0.0022
5052, 0.003974
5053, 0.004413
5054, 0.002537
5055, 0.002154
5056, 0.001965
5057, 0.004408
5058, 0.004842
5059, 0.006469
5060, 0.005146
5061, 0.00498
5062, 0.00259
5063, 0.004295
5064, 0.002105
5065, 0.004254
5066, 0.002099
5067, 0.001999
5068, 0.001886
5069, 0.008916
5070, 0.002498
5071, 0.004969
5072, 0.002307
5073, 0.005841
5074, 0.004653
5075, 0.00227
5076, 0.004782
5077, 0.002435
5078, 0.00457
5079, 0.006643
5080, 0.002273
5081, 0.004249
5082, 0.004684
5083, 0.002012
5084, 0.004716
5085, 0.004643
5086, 0.001985
5087, 0.004917
5088, 0.00452
5089, 0.010653
5090, 0.005411
5091, 0.005666
5092, 0.002936
5093, 0.00566
5094, 0.004337
5095, 0.002084
5096, 0.004722
5097, 0.005102
5098, 0.002633
5099, 0.015265
5100, 0.004846
5101, 0.002647
5102, 0.006069
5103, 0.005507
5104, 0.002159
5105, 0.006101
5106, 0.002259
5107, 0.00606
5108, 0.006227
5109, 0.007546
5110, 0.00592
5111, 0.006052
5112, 0.002117
5113, 0.006084
5114, 0.00525
5115, 0.002164
5116, 0.004544
5117, 0.00534
5118, 0.002126
5119, 0.013425
5120, 0.004684
5121, 0.006223
5122, 0.002138
5123, 0.006017
5124, 0.002199
5125, 0.005658
5126, 0.006023
5127, 0.002083
5128, 0.006368
5129, 0.018768
5130, 0.004983
5131, 0.00226
5132, 0.004744
5133, 0.002118
5134, 0.004055
5135, 0.002143
5136, 0.004431
5137, 0.002192
5138, 0.004192
5139, 0.018451
5140, 0.005069
5141, 0.004496
5142, 0.001943
5143, 0.001774
5144, 0.004178
5145, 0.004715
5146, 0.002148
5147, 0.001773
5148, 0.001861
5149, 0.014865
5150, 0.006102
5151, 0.002234
5152, 0.004679
5153, 0.00481
5154, 0.002104
5155, 0.001942
5156, 0.00612
5157, 0.006331
5158, 0.001698
5159, 0.021668
5160, 0.004634
5161, 0.002027
5162, 0.004565
5163, 0.004705
5164, 0.002356
5165, 0.005058
5166, 0.005133
5167, 0.002221
5168, 0.004576
5169, 0.022011
5170, 0.002286
5171, 0.001824
5172, 0.004565
5173, 0.004438
5174, 0.002115
5175, 0.004499
5176, 0.004584
5177, 0.002166
5178, 0.004914
5179, 0.015943
5180, 0.002769
5181, 0.004852
5182, 0.004639
5183, 0.002636
5184, 0.005929
5185, 0.002939
5186, 0.004637
5187, 0.004648
5188, 0.00201
5189, 0.022949
5190, 0.00286
5191, 0.005145
5192, 0.005023
5193, 0.002567
5194, 0.004387
5195, 0.00204
5196, 0.004817
5197, 0.003625
5198, 0.002043
5199, 0.017447
5200, 0.004073
5201, 0.003105
5202, 0.004531
5203, 0.002962
5204, 0.008506
5205, 0.003231
5206, 0.005282
5207, 0.003068
5208, 0.004496
5209, 0.015674
5210, 0.002126
5211, 0.004608
5212, 0.002009
5213, 0.004146
5214, 0.005803
5215, 0.002054
5216, 0.004565
5217, 0.00204
5218, 0.005688
5219, 0.016705
5220, 0.002139
5221, 0.005796
5222, 0.004365
5223, 0.001981
5224, 0.004576
5225, 0.002125
5226, 0.004581
5227, 0.004921
5228, 0.002353
5229, 0.020556
5230, 0.002132
5231, 0.001955
5232, 0.004581
5233, 0.00453
5234, 0.002172
5235, 0.004652
5236, 0.005584
5237, 0.002176
5238, 0.004336
5239, 0.018275
5240, 0.001751
5241, 0.00376
5242, 0.003831
5243, 0.001985
5244, 0.004637
5245, 0.003696
5246, 0.002041
5247, 0.004995
5248, 0.004374
5249, 0.02047
5250, 0.006359
5251, 0.003655
5252, 0.002302
5253, 0.002584
5254, 0.002006
5255, 0.002977
5256, 0.001012
5257, 0.006124
5258, 0.005996
5259, 0.02045
5260, 0.007961
5261, 0.010123
5262, 0.002249
5263, 0.009742
5264, 0.01041
5265, 0.001764
5266, 0.009342
5267, 0.006706
5268, 0.001458
5269, 0.024455
5270, 0.006563
5271, 0.001762
5272, 0.005929
5273, 0.003003
5274, 0.004016
5275, 0.0045
5276, 0.001445
5277, 0.006107
5278, 0.001965
5279, 0.022907
5280, 0.003288
5281, 0.001297
5282, 0.001517
5283, 0.001666
5284, 0.002195
5285, 0.002843
5286, 0.002751
5287, 0.00907
5288, 0.002447
5289, 0.017659
5290, 0.007688
5291, 0.003283
5292, 0.002664
5293, 0.007767
5294, 0.001585
5295, 0.005608
5296, 0.00572
5297, 0.001501
5298, 0.005745
5299, 0.009399
5300, 0.003342
5301, 0.00552
5302, 0.005175
5303, 0.003569
5304, 0.004304
5305, 0.004571
5306, 0.002734
5307, 0.003539
5308, 0.002315
5309, 0.007725
5310, 0.001775
5311, 0.003776
5312, 0.003296
5313, 0.002039
5314, 0.003029
5315, 0.001927
5316, 0.001599
5317, 0.003655
5318, 0.00459
5319, 0.008609
5320, 0.003711
5321, 0.002505
5322, 0.002402
5323, 0.002857
5324, 0.001815
5325, 0.006627
5326, 0.003289
5327, 0.005341
5328, 0.00426
5329, 0.007448
5330, 0.001282
5331, 0.005822
5332, 0.002877
5333, 0.005479
5334, 0.003302
5335, 0.002698
5336, 0.00251
5337, 0.000811
5338, 0.002385
5339, 0.008741
5340, 0.002643
5341, 0.002431
5342, 0.002467
5343, 0.002392
5344, 0.003065
5345, 0.002265
5346, 0.002909
5347, 0.002797
5348, 0.005166
5349, 0.009133
5350, 0.003214
5351, 0.004042
5352, 0.005628
5353, 0.002641
5354, 0.00378
5355, 0.004033
5356, 0.003001
5357, 0.003143
5358, 0.003997
5359, 0.008742
5360, 0.004199
5361, 0.004606
5362, 0.002792
5363, 0.002752
5364, 0.006583
5365, 0.005745
5366, 0.00322
5367, 0.004574
5368, 0.006073
5369, 0.010773
5370, 0.004684
5371, 0.005977
5372, 0.003367
5373, 0.002641
5374, 0.001812
5375, 0.001341
5376, 0.002539
5377, 0.000815
5378, 0.002294
5379, 0.011045
5380, 0.006397
5381, 0.006606
5382, 0.002863
5383, 0.005394
5384, 0.002762
5385, 0.00505
5386, 0.004292
5387, 0.00242
5388, 0.001775
5389, 0.00918
5390, 0.002064
5391, 0.005331
5392, 0.003442
5393, 0.001659
5394, 0.004315
5395, 0.00543
5396, 0.00157
5397, 0.004719
5398, 0.003827
5399, 0.016298
5400, 0.00163
5401, 0.001307
5402, 0.001321
5403, 0.001563
5404, 0.001778
5405, 0.001813
5406, 0.001952
5407, 0.005499
5408, 0.00608
5409, 0.017975
5410, 0.005266
5411, 0.001825
5412, 0.004914
5413, 0.004461
5414, 0.002364
5415, 0.00458
5416, 0.003976
5417, 0.001524
5418, 0.004161
5419, 0.024012
5420, 0.003426
5421, 0.004156
5422, 0.004059
5423, 0.003107
5424, 0.005113
5425, 0.004581
5426, 0.001867
5427, 0.002531
5428, 0.002835
5429, 0.013871
5430, 0.003206
5431, 0.001731
5432, 0.001164
5433, 0.001125
5434, 0.001415
5435, 0.001045
5436, 0.002407
5437, 0.002617
5438, 0.002406
5439, 0.01704
5440, 0.002945
5441, 0.002752
5442, 0.000764
5443, 0.002619
5444, 0.000755
5445, 0.002341
5446, 0.001179
5447, 0.002473
5448, 0.002416
5449, 0.006731
5450, 0.00232
5451, 0.006976
5452, 0.007733
5453, 0.004669
5454, 0.007268
5455, 0.00945
5456, 0.002799
5457, 0.008944
5458, 0.007003
5459, 0.012971
5460, 0.009827
5461, 0.00726
5462, 0.003192
5463, 0.010179
5464, 0.007738
5465, 0.002836
5466, 0.00685
5467, 0.008376
5468, 0.002378
5469, 0.01459
5470, 0.008665
5471, 0.002392
5472, 0.007005
5473, 0.007354
5474, 0.002449
5475, 0.008209
5476, 0.002388
5477, 0.006628
5478, 0.007255
5479, 0.0112
5480, 0.007317
5481, 0.00718
5482, 0.002451
5483, 0.008091
5484, 0.005307
5485, 0.00164
5486, 0.006438
5487, 0.007182
5488, 0.001737
5489, 0.008151
5490, 0.005378
5491, 0.002147
5492, 0.001234
5493, 0.003706
5494, 0.005537
5495, 0.002231
5496, 0.006176
5497, 0.002981
5498, 0.005311
5499, 0.008273
5500, 0.006116
5501, 0.003515
5502, 0.002769
5503, 0.006218
5504, 0.006423
5505, 0.003637
5506, 0.006064
5507, 0.005955
5508, 0.002264
5509, 0.00811
5510, 0.005117
5511, 0.005601
5512, 0.002246
5513, 0.004356
5514, 0.004853
5515, 0.002179
5516, 0.004024
5517, 0.004017
5518, 0.003368
5519, 0.010182
5520, 0.00542
5521, 0.0022
5522, 0.001876
5523, 0.004618
5524, 0.00243
5525, 0.001818
5526, 0.001821
5527, 0.002128
5528, 0.004497
5529, 0.009617
5530, 0.002297
5531, 0.005328
5532, 0.002687
5533, 0.005024
5534, 0.002244
5535, 0.003808
5536, 0.002367
5537, 0.003416
5538, 0.004732
5539, 0.008152
5540, 0.001859
5541, 0.002033
5542, 0.002389
5543, 0.00189
5544, 0.002024
5545, 0.001868
5546, 0.001808
5547, 0.001944
5548, 0.001829
5549, 0.005315
5550, 0.002244
5551, 0.00182
5552, 0.003519
5553, 0.00156
5554, 0.002891
5555, 0.002473
5556, 0.005634
5557, 0.002226
5558, 0.00198
5559, 0.009182
5560, 0.003164
5561, 0.004459
5562, 0.00189
5563, 0.001808
5564, 0.001808
5565, 0.004683
5566, 0.002502
5567, 0.003264
5568, 0.003664
5569, 0.004561
5570, 0.001844
5571, 0.001952
5572, 0.001915
5573, 0.002348
5574, 0.001789
5575, 0.003235
5576, 0.002238
5577, 0.001834
5578, 0.006434
5579, 0.006445
5580, 0.005806
5581, 0.001875
5582, 0.004028
5583, 0.004151
5584, 0.002924
5585, 0.002363
5586, 0.002074
5587, 0.001802
5588, 0.001805
5589, 0.008895
5590, 0.001919
5591, 0.001756
5592, 0.00207
5593, 0.001769
5594, 0.00181
5595, 0.001865
5596, 0.005404
5597, 0.004795
5598, 0.002187
5599, 0.009302
5600, 0.002346
5601, 0.006313
5602, 0.005883
5603, 0.002328
5604, 0.002267
5605, 0.001804
5606, 0.001941
5607, 0.004864
5608, 0.004283
5609, 0.0095
5610, 0.004961
5611, 0.00228
5612, 0.004814
5613, 0.00219
5614, 0.001919
5615, 0.001831
5616, 0.002449
5617, 0.001782
5618, 0.001867
5619, 0.008186
5620, 0.002087
5621, 0.00186
5622, 0.001823
5623, 0.00179
5624, 0.001814
5625, 0.001973
5626, 0.005282
5627, 0.002178
5628, 0.005487
5629, 0.014246
5630, 0.002131
5631, 0.001938
5632, 0.001814
5633, 0.001795
5634, 0.001787
5635, 0.001891
5636, 0.00185
5637, 0.001809
5638, 0.007962
5639, 0.011439
5640, 0.002309
5641, 0.006013
5642, 0.00588
5643, 0.002466
5644, 0.0058
5645, 0.005696
5646, 0.002335
5647, 0.005303
5648, 0.005824
5649, 0.017673
5650, 0.001892
5651, 0.004373
5652, 0.004564
5653, 0.002705
5654, 0.00372
5655, 0.00196
5656, 0.00344
5657, 0.002058
5658, 0.001748
5659, 0.016742
5660, 0.0026
5661, 0.002243
5662, 0.002234
5663, 0.003103
5664, 0.00257
5665, 0.005906
5666, 0.006583
5667, 0.003103
5668, 0.005464
5669, 0.011307
5670, 0.002538
5671, 0.004885
5672, 0.004809
5673, 0.003479
5674, 0.004141
5675, 0.00519
5676, 0.00292
5677, 0.005465
5678, 0.004841
5679, 0.008669
5680, 0.004868
5681, 0.004252
5682, 0.00354
5683, 0.003931
5684, 0.00405
5685, 0.001785
5686, 0.005288
5687, 0.001607
5688, 0.00359
5689, 0.00736
5690, 0.003289
5691, 0.002726
5692, 0.004591
5693, 0.003972
5694, 0.004535
5695, 0.005151
5696, 0.003835
5697, 0.004772
5698, 0.005232
5699, 0.008976
5700, 0.00526
5701, 0.004976
5702, 0.003153
5703, 0.00488
5704, 0.004728
5705, 0.001922
5706, 0.004683
5707, 0.003931
5708, 0.004847
5709, 0.010798
5710, 0.004623
5711, 0.001786
5712, 0.003872
5713, 0.004778
5714, 0.003341
5715, 0.005122
5716, 0.004392
5717, 0.003355
5718, 0.004683
5719, 0.008088
5720, 0.002903
5721, 0.002343
5722, 0.004411
5723, 0.00391
5724, 0.003251
5725, 0.002735
5726, 0.004075
5727, 0.003298
5728, 0.001278
5729, 0.006343
5730, 0.00426
5731, 0.003713
5732, 0.003539
5733, 0.002664
5734, 0.004082
5735, 0.002397
5736, 0.003218
5737, 0.00276
5738, 0.003393
5739, 0.005745
5740, 0.003655
5741, 0.003913
5742, 0.003344
5743, 0.003737
5744, 0.00272
5745, 0.003864
5746, 0.003871
5747, 0.002451
5748, 0.002826
5749, 0.004286
5750, 0.00264
5751, 0.002768
5752, 0.002461
5753, 0.005753
5754, 0.00444
5755, 0.003128
5756, 0.002417
5757, 0.002407
5758, 0.003966
5759, 0.004646
5760, 0.002831
5761, 0.002773
5762, 0.00446
5763, 0.003847
5764, 0.002993
5765, 0.002867
5766, 0.00457
5767, 0.003906
5768, 0.002522
5769, 0.006826
5770, 0.005159
5771, 0.003683
5772, 0.002531
5773, 0.002783
5774, 0.002794
5775, 0.005213
5776, 0.005789
5777, 0.003366
5778, 0.00464
5779, 0.005676
5780, 0.003212
5781, 0.003907
5782, 0.002928
5783, 0.00598
5784, 0.004736
5785, 0.003218
5786, 0.002741
5787, 0.004453
5788, 0.002413
5789, 0.006861
5790, 0.0034
5791, 0.002238
5792, 0.004362
5793, 0.002411
5794, 0.002625
5795, 0.002185
5796, 0.002386
5797, 0.004006
5798, 0.003985
5799, 0.005974
5800, 0.005185
5801, 0.003026
5802, 0.002351
5803, 0.001882
5804, 0.001856
5805, 0.002479
5806, 0.003053
5807, 0.008243
5808, 0.003543
5809, 0.006279
5810, 0.002518
5811, 0.00185
5812, 0.004757
5813, 0.003824
5814, 0.001901
5815, 0.001786
5816, 0.002191
5817, 0.002224
5818, 0.002529
5819, 0.006648
5820, 0.001853
5821, 0.002173
5822, 0.006147
5823, 0.002908
5824, 0.002701
5825, 0.004335
5826, 0.001907
5827, 0.001808
5828, 0.001826
5829, 0.009347
5830, 0.002533
5831, 0.004647
5832, 0.003067
5833, 0.002993
5834, 0.005544
5835, 0.002415
5836, 0.003725
5837, 0.00464
5838, 0.003041
5839, 0.010997
5840, 0.003468
5841, 0.004109
5842, 0.002406
5843, 0.003499
5844, 0.004127
5845, 0.003343
5846, 0.003141
5847, 0.003174
5848, 0.003053
5849, 0.01034
5850, 0.004228
5851, 0.003364
5852, 0.005091
5853, 0.004727
5854, 0.003094
5855, 0.005456
5856, 0.002799
5857, 0.002155
5858, 0.004797
5859, 0.012755
5860, 0.005409
5861, 0.004414
5862, 0.003782
5863, 0.003154
5864, 0.007029
5865, 0.004485
5866, 0.003453
5867, 0.006233
5868, 0.005801
5869, 0.01533
5870, 0.006789
5871, 0.002986
5872, 0.005746
5873, 0.007051
5874, 0.003743
5875, 0.005768
5876, 0.006102
5877, 0.003254
5878, 0.006166
5879, 0.013074
5880, 0.002332
5881, 0.006006
5882, 0.006897
5883, 0.003226
5884, 0.009088
5885, 0.008183
5886, 0.002213
5887, 0.00561
5888, 0.002905
5889, 0.019208
5890, 0.002414
5891, 0.005744
5892, 0.006168
5893, 0.003809
5894, 0.004955
5895, 0.006808
5896, 0.002501
5897, 0.007242
5898, 0.003221
5899, 0.022291
5900, 0.002426
5901, 0.005903
5902, 0.005276
5903, 0.00269
5904, 0.001929
5905, 0.001875
5906, 0.002549
5907, 0.001854
5908, 0.002053
5909, 0.01672
5910, 0.005046
5911, 0.005469
5912, 0.002438
5913, 0.004776
5914, 0.005406
5915, 0.002569
5916, 0.002117
5917, 0.003998
5918, 0.002799
5919, 0.021403
5920, 0.004723
5921, 0.002271
5922, 0.004205
5923, 0.005019
5924, 0.002173
5925, 0.005117
5926, 0.003768
5927, 0.00245
5928, 0.005397
5929, 0.020718
5930, 0.002376
5931, 0.002893
5932, 0.004825
5933, 0.002013
5934, 0.004897
5935, 0.004502
5936, 0.002154
5937, 0.005044
5938, 0.004632
5939, 0.022869
5940, 0.006952
5941, 0.003673
5942, 0.002374
5943, 0.004817
5944, 0.003783
5945, 0.003239
5946, 0.005
5947, 0.003516
5948, 0.002437
5949, 0.019559
5950, 0.005994
5951, 0.002468
5952, 0.005106
5953, 0.004983
5954, 0.003314
5955, 0.005318
5956, 0.004758
5957, 0.002202
5958, 0.005354
5959, 0.024903
5960, 0.003658
5961, 0.005206
5962, 0.002446
5963, 0.004874
5964, 0.003767
5965, 0.001939
5966, 0.004564
5967, 0.00224
5968, 0.003749
5969, 0.017486
5970, 0.003932
5971, 0.005431
5972, 0.001989
5973, 0.00382
5974, 0.002349
5975, 0.001914
5976, 0.00486
5977, 0.004217
5978, 0.002368
5979, 0.015274
5980, 0.003262
5981, 0.003504
5982, 0.006866
5983, 0.006324
5984, 0.003407
5985, 0.006549
5986, 0.008106
5987, 0.002784
5988, 0.007396
5989, 0.027821
5990, 0.003049
5991, 0.005121
5992, 0.004418
5993, 0.002826
5994, 0.003521
5995, 0.003954
5996, 0.002759
5997, 0.002899
5998, 0.006635
5999, 0.018996
6000, 0.003743
6001, 0.006045
6002, 0.013781
6003, 0.004076
6004, 0.009757
6005, 0.009445
6006, 0.004011
6007, 0.007032
6008, 0.006541
6009, 0.010938
6010, 0.010086
6011, 0.007961
6012, 0.003336
6013, 0.006485
6014, 0.005887
6015, 0.003142
6016, 0.004448
6017, 0.006006
6018, 0.003165
6019, 0.00592
6020, 0.004566
6021, 0.002724
6022, 0.005049
6023, 0.005833
6024, 0.003162
6025, 0.004454
6026, 0.00548
6027, 0.002629
6028, 0.002421
6029, 0.008624
6030, 0.002822
6031, 0.00243
6032, 0.004247
6033, 0.00338
6034, 0.005076
6035, 0.002654
6036, 0.002324
6037, 0.002454
6038, 0.002294
6039, 0.006669
6040, 0.003188
6041, 0.00334
6042, 0.0027
6043, 0.004569
6044, 0.002692
6045, 0.003936
6046, 0.002795
6047, 0.003209
6048, 0.002374
6049, 0.005739
6050, 0.004917
6051, 0.002844
6052, 0.004173
6053, 0.002301
6054, 0.003293
6055, 0.002648
6056, 0.004174
6057, 0.003889
6058, 0.002463
6059, 0.004824
6060, 0.003087
6061, 0.004333
6062, 0.002871
6063, 0.003263
6064, 0.003549
6065, 0.00237
6066, 0.004169
6067, 0.002516
6068, 0.003113
6069, 0.00775
6070, 0.003091
6071, 0.004904
6072, 0.002816
6073, 0.002549
6074, 0.003607
6075, 0.002515
6076, 0.001901
6077, 0.002956
6078, 0.00253
6079, 0.007452
6080, 0.002722
6081, 0.002562
6082, 0.004281
6083, 0.001933
6084, 0.001925
6085, 0.002585
6086, 0.003411
6087, 0.002712
6088, 0.001887
6089, 0.005759
6090, 0.001984
6091, 0.002078
6092, 0.002058
6093, 0.006338
6094, 0.00202
6095, 0.001906
6096, 0.005989
6097, 0.002941
6098, 0.006604
6099, 0.009965
6100, 0.005308
6101, 0.005264
6102, 0.002415
6103, 0.002171
6104, 0.005809
6105, 0.005059
6106, 0.002224
6107, 0.005616
6108, 0.005574
6109, 0.041793
6110, 0.004441
6111, 0.004991
6112, 0.00231
6113, 0.005473
6114, 0.002338
6115, 0.001996
6116, 0.004913
6117, 0.005926
6118, 0.002924
6119, 0.017401
6120, 0.004698
6121, 0.001998
6122, 0.004477
6123, 0.002613
6124, 0.004544
6125, 0.001942
6126, 0.0039
6127, 0.002501
6128, 0.002213
6129, 0.007671
6130, 0.00457
6131, 0.002648
6132, 0.002024
6133, 0.002493
6134, 0.002124
6135, 0.002203
6136, 0.001839
6137, 0.001971
6138, 0.002617
6139, 0.008077
6140, 0.001895
6141, 0.004569
6142, 0.002464
6143, 0.002102
6144, 0.002815
6145, 0.002591
6146, 0.002828
6147, 0.002344
6148, 0.002369
6149, 0.003838
6150, 0.002283
6151, 0.002099
6152, 0.001841
6153, 0.002373
6154, 0.002129
6155, 0.002554
6156, 0.001845
6157, 0.004645
6158, 0.005094
6159, 0.008549
6160, 0.001913
6161, 0.001915
6162, 0.00183
6163, 0.001977
6164, 0.001851
6165, 0.002218
6166, 0.002365
6167, 0.004881
6168, 0.004337
6169, 0.008726
6170, 0.004043
6171, 0.003555
6172, 0.002676
6173, 0.003304
6174, 0.002258
6175, 0.003094
6176, 0.003243
6177, 0.001453
6178, 0.005128
6179, 0.011853
6180, 0.002544
6181, 0.006671
6182, 0.003684
6183, 0.002593
6184, 0.005489
6185, 0.00519
6186, 0.002586
6187, 0.006413
6188, 0.006414
6189, 0.009276
6190, 0.007155
6191, 0.006369
6192, 0.002645
6193, 0.006951
6194, 0.005952
6195, 0.002415
6196, 0.006666
6197, 0.006575
6198, 0.002483
6199, 0.011623
6200, 0.003832
6201, 0.003676
6202, 0.003496
6203, 0.004566
6204, 0.00309
6205, 0.005602
6206, 0.004978
6207, 0.003931
6208, 0.003644
6209, 0.013807
6210, 0.00231
6211, 0.004895
6212, 0.002822
6213, 0.001546
6214, 0.003361
6215, 0.004908
6216, 0.00157
6217, 0.003124
6218, 0.00396
6219, 0.008281
6220, 0.003269
6221, 0.004423
6222, 0.002695
6223, 0.004352
6224, 0.003769
6225, 0.004013
6226, 0.00543
6227, 0.005164
6228, 0.003445
6229, 0.011388
6230, 0.006487
6231, 0.002491
6232, 0.005133
6233, 0.005755
6234, 0.002456
6235, 0.005257
6236, 0.004915
6237, 0.002854
6238, 0.004928
6239, 0.010552
6240, 0.002305
6241, 0.005602
6242, 0.006614
6243, 0.002372
6244, 0.004652
6245, 0.005414
6246, 0.002149
6247, 0.005114
6248, 0.00356
6249, 0.008699
6250, 0.005193
6251, 0.005505
6252, 0.003203
6253, 0.006632
6254, 0.005029
6255, 0.002538
6256, 0.004373
6257, 0.002398
6258, 0.007696
6259, 0.010186
6260, 0.002302
6261, 0.004823
6262, 0.005143
6263, 0.002524
6264, 0.004341
6265, 0.00489
6266, 0.00241
6267, 0.00396
6268, 0.004511
6269, 0.011335
6270, 0.003566
6271, 0.003696
6272, 0.002414
6273, 0.003344
6274, 0.004438
6275, 0.002279
6276, 0.003578
6277, 0.002546
6278, 0.003384
6279, 0.012242
6280, 0.00213
6281, 0.006725
6282, 0.002606
6283, 0.005276
6284, 0.002445
6285, 0.005347
6286, 0.006511
6287, 0.002523
6288, 0.006374
6289, 0.013278
6290, 0.002482
6291, 0.006838
6292, 0.006334
6293, 0.002392
6294, 0.005639
6295, 0.005309
6296, 0.002875
6297, 0.007068
6298, 0.00504
6299, 0.009687
6300, 0.005338
6301, 0.00713
6302, 0.002091
6303, 0.005267
6304, 0.005782
6305, 0.002268
6306, 0.004786
6307, 0.007604
6308, 0.001644
6309, 0.011192
6310, 0.005058
6311, 0.002346
6312, 0.004605
6313, 0.005416
6314, 0.002388
6315, 0.002058
6316, 0.003697
6317, 0.002929
6318, 0.003218
6319, 0.009065
6320, 0.004866
6321, 0.002422
6322, 0.00207
6323, 0.003657
6324, 0.002656
6325, 0.001984
6326, 0.004624
6327, 0.002392
6328, 0.003514
6329, 0.007687
6330, 0.002015
6331, 0.006608
6332, 0.006366
6333, 0.002282
6334, 0.001984
6335, 0.007151
6336, 0.001946
6337, 0.00213
6338, 0.005875
6339, 0.004492
6340, 0.006621
6341, 0.001753
6342, 0.001954
6343, 0.007799
6344, 0.005814
6345, 0.002329
6346, 0.006946
6347, 0.006236
6348, 0.002414
6349, 0.006705
6350, 0.007298
6351, 0.002749
6352, 0.00302
6353, 0.006857
6354, 0.002373
6355, 0.005695
6356, 0.006486
6357, 0.002388
6358, 0.005784
6359, 0.006872
6360, 0.006348
6361, 0.002362
6362, 0.006666
6363, 0.00653
6364, 0.002365
6365, 0.00709
6366, 0.002316
6367, 0.00568
6368, 0.002541
6369, 0.010383
6370, 0.005682
6371, 0.002789
6372, 0.007089
6373, 0.005867
6374, 0.002661
6375, 0.005527
6376, 0.005945
6377, 0.002522
6378, 0.004968
6379, 0.010562
6380, 0.002543
6381, 0.003342
6382, 0.005132
6383, 0.002208
6384, 0.004849
6385, 0.003688
6386, 0.003138
6387, 0.004189
6388, 0.004079
6389, 0.010416
6390, 0.005822
6391, 0.007228
6392, 0.002743
6393, 0.007286
6394, 0.007093
6395, 0.002705
6396, 0.005001
6397, 0.007706
6398, 0.002208
6399, 0.013936
6400, 0.005118
6401, 0.003014
6402, 0.004393
6403, 0.006754
6404, 0.002682
6405, 0.005411
6406, 0.003509
6407, 0.002317
6408, 0.004013
6409, 0.011104
6410, 0.002521
6411, 0.007173
6412, 0.006892
6413, 0.002943
6414, 0.004332
6415, 0.005356
6416, 0.002987
6417, 0.004488
6418, 0.003921
6419, 0.014704
6420, 0.003829
6421, 0.003613
6422, 0.002513
6423, 0.004921
6424, 0.003948
6425, 0.002735
6426, 0.004683
6427, 0.006823
6428, 0.002887
6429, 0.015062
6430, 0.004014
6431, 0.002094
6432, 0.004645
6433, 0.006066
6434, 0.002297
6435, 0.004668
6436, 0.0046
6437, 0.002821
6438, 0.005239
6439, 0.029106
6440, 0.003892
6441, 0.006874
6442, 0.006094
6443, 0.004561
6444, 0.006056
6445, 0.007348
6446, 0.003357
6447, 0.008949
6448, 0.005383
6449, 0.015622
6450, 0.008227
6451, 0.006111
6452, 0.003261
6453, 0.006739
6454, 0.006872
6455, 0.003503
6456, 0.005215
6457, 0.006637
6458, 0.003504
6459, 0.015728
6460, 0.004441
6461, 0.003037
6462, 0.00356
6463, 0.004561
6464, 0.003602
6465, 0.005843
6466, 0.004285
6467, 0.002883
6468, 0.00351
6469, 0.016452
6470, 0.003604
6471, 0.004766
6472, 0.005344
6473, 0.003946
6474, 0.005895
6475, 0.004784
6476, 0.002796
6477, 0.004831
6478, 0.00251
6479, 0.015409
6480, 0.004148
6481, 0.00308
6482, 0.004005
6483, 0.004699
6484, 0.003251
6485, 0.003811
6486, 0.0043
6487, 0.002229
6488, 0.003375
6489, 0.011266
6490, 0.005124
6491, 0.003814
6492, 0.0031
6493, 0.005028
6494, 0.00709
6495, 0.002298
6496, 0.003603
6497, 0.004697
6498, 0.002263
6499, 0.009183
6500, 0.004119
6501, 0.002482
6502, 0.003672
6503, 0.003664
6504, 0.00231
6505, 0.004054
6506, 0.004668
6507, 0.002387
6508, 0.003907
6509, 0.011343
6510, 0.002718
6511, 0.002369
6512, 0.00205
6513, 0.004488
6514, 0.003348
6515, 0.002748
6516, 0.005458
6517, 0.004317
6518, 0.002474
6519, 0.008127
6520, 0.004893
6521, 0.002605
6522, 0.003775
6523, 0.003486
6524, 0.002401
6525, 0.002004
6526, 0.00386
6527, 0.004994
6528, 0.002819
6529, 0.00672
6530, 0.004981
6531, 0.002363
6532, 0.005072
6533, 0.002243
6534, 0.00216
6535, 0.001955
6536, 0.004687
6537, 0.002219
6538, 0.004699
6539, 0.01116
6540, 0.001976
6541, 0.004574
6542, 0.002367
6543, 0.002196
6544, 0.007465
6545, 0.002998
6546, 0.007065
6547, 0.007643
6548, 0.00266
6549, 0.032017
6550, 0.00203
6551, 0.007259
6552, 0.006807
6553, 0.002445
6554, 0.0056
6555, 0.005827
6556, 0.002561
6557, 0.005527
6558, 0.005509
6559, 0.045154
6560, 0.004646
6561, 0.003792
6562, 0.002468
6563, 0.004139
6564, 0.003436
6565, 0.002431
6566, 0.005376
6567, 0.005235
6568, 0.002498
6569, 0.019646
6570, 0.002411
6571, 0.005104
6572, 0.002216
6573, 0.00195
6574, 0.004929
6575, 0.001983
6576, 0.005541
6577, 0.00198
6578, 0.004268
6579, 0.045124
6580, 0.003062
6581, 0.005236
6582, 0.005354
6583, 0.002522
6584, 0.004271
6585, 0.003799
6586, 0.002516
6587, 0.004282
6588, 0.005065
6589, 0.047537
6590, 0.005619
6591, 0.002647
6592, 0.005408
6593, 0.002588
6594, 0.005298
6595, 0.002603
6596, 0.005199
6597, 0.005261
6598, 0.00258
6599, 0.043226
6600, 0.002862
6601, 0.007363
6602, 0.001981
6603, 0.005235
6604, 0.004938
6605, 0.002607
6606, 0.006989
6607, 0.00537
6608, 0.002496
6609, 0.04567
6610, 0.005427
6611, 0.002437
6612, 0.005246
6613, 0.001928
6614, 0.0054
6615, 0.002609
6616, 0.005365
6617, 0.002442
6618, 0.001912
6619, 0.010447
6620, 0.005519
6621, 0.001706
6622, 0.006072
6623, 0.00322
6624, 0.006298
6625, 0.006316
6626, 0.003486
6627, 0.006422
6628, 0.005738
6629, 0.026445
6630, 0.006744
6631, 0.006536
6632, 0.002884
6633, 0.007051
6634, 0.006312
6635, 0.00288
6636, 0.002049
6637, 0.003081
6638, 0.002963
6639, 0.010258
6640, 0.005886
6641, 0.002681
6642, 0.001484
6643, 0.001883
6644, 0.005136
6645, 0.0014
6646, 0.005299
6647, 0.00194
6648, 0.004965
6649, 0.018216
6650, 0.007199
6651, 0.00262
6652, 0.005165
6653, 0.001909
6654, 0.004833
6655, 0.002097
6656, 0.001912
6657, 0.001996
6658, 0.005414
6659, 0.015835
6660, 0.005771
6661, 0.00554
6662, 0.00244
6663, 0.005575
6664, 0.002439
6665, 0.006751
6666, 0.002537
6667, 0.005876
6668, 0.006208
6669, 0.027786
6670, 0.005461
6671, 0.005684
6672, 0.002057
6673, 0.005646
6674, 0.0053
6675, 0.002248
6676, 0.005238
6677, 0.002857
6678, 0.002586
6679, 0.018709
6680, 0.00364
6681, 0.006754
6682, 0.002236
6683, 0.001988
6684, 0.002347
6685, 0.001884
6686, 0.002149
6687, 0.002999
6688, 0.003098
6689, 0.010302
6690, 0.005986
6691, 0.005604
6692, 0.003035
6693, 0.002756
6694, 0.002773
6695, 0.002945
6696, 0.007035
6697, 0.006627
6698, 0.003251
6699, 0.010665
6700, 0.007646
6701, 0.003692
6702, 0.007499
6703, 0.008443
6704, 0.003508
6705, 0.008725
6706, 0.008284
6707, 0.003842
6708, 0.007509
6709, 0.015117
6710, 0.004028
6711, 0.008747
6712, 0.009244
6713, 0.003607
6714, 0.008577
6715, 0.007235
6716, 0.002251
6717, 0.006569
6718, 0.009882
6719, 0.015173
6720, 0.009591
6721, 0.008512
6722, 0.010925
6723, 0.010126
6724, 0.004623
6725, 0.007029
6726, 0.007507
6727, 0.006064
6728, 0.006945
6729, 0.022909
6730, 0.007377
6731, 0.006919
6732, 0.002852
6733, 0.006522
6734, 0.002814
6735, 0.006905
6736, 0.003055
6737, 0.007034
6738, 0.008159
6739, 0.019489
6740, 0.005293
6741, 0.005139
6742, 0.002779
6743, 0.001935
6744, 0.006708
6745, 0.005202
6746, 0.002596
6747, 0.006089
6748, 0.004828
6749, 0.011429
6750, 0.00547
6751, 0.003201
6752, 0.002512
6753, 0.00534
6754, 0.004774
6755, 0.00247
6756, 0.003058
6757, 0.002885
6758, 0.003241
6759, 0.01087
6760, 0.003608
6761, 0.003755
6762, 0.002368
6763, 0.003156
6764, 0.003826
6765, 0.003042
6766, 0.003403
6767, 0.003402
6768, 0.00293
6769, 0.010546
6770, 0.003734
6771, 0.002344
6772, 0.004307
6773, 0.003428
6774, 0.002302
6775, 0.004241
6776, 0.002233
6777, 0.006481
6778, 0.004655
6779, 0.014607
6780, 0.00536
6781, 0.004977
6782, 0.002321
6783, 0.004723
6784, 0.002409
6785, 0.001972
6786, 0.00199
6787, 0.00629
6788, 0.00397
6789, 0.014163
6790, 0.00387
6791, 0.001722
6792, 0.004255
6793, 0.0048
6794, 0.002804
6795, 0.002675
6796, 0.002775
6797, 0.002684
6798, 0.002682
6799, 0.016865
6800, 0.003034
6801, 0.0028
6802, 0.002742
6803, 0.00284
6804, 0.00275
6805, 0.002767
6806, 0.002755
6807, 0.002324
6808, 0.002276
6809, 0.010561
6810, 0.005837
6811, 0.006491
6812, 0.002429
6813, 0.005728
6814, 0.002441
6815, 0.00657
6816, 0.005431
6817, 0.002429
6818, 0.006217
6819, 0.012836
6820, 0.002769
6821, 0.001923
6822, 0.00196
6823, 0.001923
6824, 0.005739
6825, 0.002703
6826, 0.005386
6827, 0.002978
6828, 0.004828
6829, 0.016999
6830, 0.002093
6831, 0.002178
6832, 0.002099
6833, 0.007526
6834, 0.002413
6835, 0.005126
6836, 0.002816
6837, 0.001951
6838, 0.007442
6839, 0.013862
6840, 0.002077
6841, 0.009007
6842, 0.00716
6843, 0.002384
6844, 0.006989
6845, 0.007247
6846, 0.002405
6847, 0.002146
6848, 0.002142
6849, 0.014141
6850, 0.007231
6851, 0.002127
6852, 0.001323
6853, 0.001269
6854, 0.006848
6855, 0.003802
6856, 0.002006
6857, 0.001672
6858, 0.005055
6859, 0.015188
6860, 0.008908
6861, 0.003089
6862, 0.007927
6863, 0.007037
6864, 0.003742
6865, 0.00506
6866, 0.006
6867, 0.004015
6868, 0.002915
6869, 0.007026
6870, 0.002921
6871, 0.003153
6872, 0.002985
6873, 0.002868
6874, 0.002912
6875, 0.002838
6876, 0.002944
6877, 0.008403
6878, 0.005166
6879, 0.011486
6880, 0.011246
6881, 0.005104
6882, 0.008209
6883, 0.003935
6884, 0.005648
6885, 0.003857
6886, 0.009097
6887, 0.006289
6888, 0.003646
6889, 0.015411
6890, 0.003703
6891, 0.008715
6892, 0.006439
6893, 0.003447
6894, 0.00801
6895, 0.005889
6896, 0.00321
6897, 0.002711
6898, 0.00706
6899, 0.022159
6900, 0.002657
6901, 0.007552
6902, 0.003112
6903, 0.001693
6904, 0.006722
6905, 0.003985
6906, 0.001629
6907, 0.002771
6908, 0.005996
6909, 0.02646
6910, 0.006246
6911, 0.009151
6912, 0.003011
6913, 0.006538
6914, 0.004778
6915, 0.002934
6916, 0.002703
6917, 0.003413
6918, 0.003404
6919, 0.019274
6920, 0.004415
6921, 0.002495
6922, 0.003079
6923, 0.002988
6924, 0.002671
6925, 0.003598
6926, 0.004168
6927, 0.003131
6928, 0.004934
6929, 0.00499
6930, 0.002594
6931, 0.004766
6932, 0.004333
6933, 0.002708
6934, 0.003793
6935, 0.00246
6936, 0.00584
6937, 0.005019
6938, 0.002438
6939, 0.005978
6940, 0.005989
6941, 0.003098
6942, 0.005157
6943, 0.002585
6944, 0.004991
6945, 0.004878
6946, 0.00274
6947, 0.006045
6948, 0.004838
6949, 0.007767
6950, 0.005259
6951, 0.005088
6952, 0.002375
6953, 0.002311
6954, 0.006681
6955, 0.004352
6956, 0.002475
6957, 0.005654
6958, 0.003266
6959, 0.010018
6960, 0.003352
6961, 0.005952
6962, 0.002282
6963, 0.00615
6964, 0.007597
6965, 0.002328
6966, 0.008269
6967, 0.006817
6968, 0.002266
6969, 0.010718
6970, 0.004927
6971, 0.002605
6972, 0.005218
6973, 0.003977
6974, 0.002527
6975, 0.003535
6976, 0.004005
6977, 0.00271
6978, 0.003315
6979, 0.009296
6980, 0.002721
6981, 0.004856
6982, 0.004356
6983, 0.002764
6984, 0.00211
6985, 0.001916
6986, 0.006644
6987, 0.005316
6988, 0.002779
6989, 0.009854
6990, 0.002469
6991, 0.003286
6992, 0.001987
6993, 0.001936
6994, 0.005305
6995, 0.004043
6996, 0.00221
6997, 0.006344
6998, 0.005011
6999, 0.015355
7000, 0.006638
7001, 0.002979
7002, 0.007213
7003, 0.002639
7004, 0.008709
7005, 0.003266
7006, 0.007283
7007, 0.006397
7008, 0.002234
7009, 0.01548
7010, 0.007615
7011, 0.003164
7012, 0.007038
7013, 0.007022
7014, 0.003947
7015, 0.007614
7016, 0.007163
7017, 0.003203
7018, 0.006516
7019, 0.016326
7020, 0.004
7021, 0.00479
7022, 0.007589
7023, 0.003087
7024, 0.00375
7025, 0.006373
7026, 0.003351
7027, 0.006003
7028, 0.00259
7029, 0.01623
7030, 0.006911
7031, 0.001671
7032, 0.005238
7033, 0.006459
7034, 0.003591
7035, 0.009771
7036, 0.008345
7037, 0.004044
7038, 0.009843
7039, 0.026538
7040, 0.003077
7041, 0.00608
7042, 0.007094
7043, 0.002954
7044, 0.008779
7045, 0.008374
7046, 0.003828
7047, 0.004302
7048, 0.007326
7049, 0.020599
7050, 0.003265
7051, 0.007736
7052, 0.002695
7053, 0.002975
7054, 0.006274
7055, 0.003087
7056, 0.00727
7057, 0.006722
7058, 0.003852
7059, 0.019472
7060, 0.006245
7061, 0.002342
7062, 0.007784
7063, 0.007111
7064, 0.002494
7065, 0.003685
7066, 0.005179
7067, 0.002871
7068, 0.006556
7069, 0.019712
7070, 0.003714
7071, 0.006064
7072, 0.007109
7073, 0.004235
7074, 0.006853
7075, 0.00536
7076, 0.003486
7077, 0.006357
7078, 0.00663
7079, 0.015116
7080, 0.006629
7081, 0.004898
7082, 0.002721
7083, 0.004999
7084, 0.003252
7085, 0.002708
7086, 0.003751
7087, 0.003669
7088, 0.002567
7089, 0.015302
7090, 0.007009
7091, 0.002658
7092, 0.006525
7093, 0.00494
7094, 0.002933
7095, 0.006353
7096, 0.008943
7097, 0.002818
7098, 0.006623
7099, 0.018938
7100, 0.003478
7101, 0.005699
7102, 0.00557
7103, 0.004046
7104, 0.00571
7105, 0.006331
7106, 0.004007
7107, 0.006195
7108, 0.007429
7109, 0.014279
7110, 0.005352
7111, 0.006738
7112, 0.002385
7113, 0.00611
7114, 0.007006
7115, 0.003656
7116, 0.002974
7117, 0.002431
7118, 0.002792
7119, 0.012904
7120, 0.007267
7121, 0.007953
7122, 0.002375
7123, 0.00763
7124, 0.007907
7125, 0.002389
7126, 0.006045
7127, 0.007807
7128, 0.002583
7129, 0.005964
7130, 0.004755
7131, 0.003222
7132, 0.004853
7133, 0.00464
7134, 0.002805
7135, 0.005415
7136, 0.002376
7137, 0.004851
7138, 0.004284
7139, 0.002385
7140, 0.004425
7141, 0.005411
7142, 0.002347
7143, 0.006042
7144, 0.004897
7145, 0.002468
7146, 0.004131
7147, 0.006125
7148, 0.002335
7149, 0.007446
7150, 0.004731
7151, 0.001686
7152, 0.002232
7153, 0.004077
7154, 0.00168
7155, 0.003844
7156, 0.00162
7157, 0.001352
7158, 0.005804
7159, 0.014325
7160, 0.006997
7161, 0.007139
7162, 0.002376
7163, 0.006485
7164, 0.006347
7165, 0.002317
7166, 0.007242
7167, 0.002609
7168, 0.005587
7169, 0.013097
7170, 0.003903
7171, 0.00707
7172, 0.006531
7173, 0.003823
7174, 0.005251
7175, 0.003556
7176, 0.00686
7177, 0.005742
7178, 0.003299
7179, 0.014178
7180, 0.011375
7181, 0.002683
7182, 0.011005
7183, 0.011836
7184, 0.003262
7185, 0.009647
7186, 0.010635
7187, 0.002782
7188, 0.010455
7189, 0.013457
7190, 0.004941
7191, 0.009592
7192, 0.009633
7193, 0.002988
7194, 0.002587
7195, 0.001926
7196, 0.001902
7197, 0.00192
7198, 0.001974
7199, 0.010846
7200, 0.002948
7201, 0.002717
7202, 0.001839
7203, 0.003236
7204, 0.003376
7205, 0.003319
7206, 0.003074
7207, 0.002224
7208, 0.001921
7209, 0.002009
7210, 0.002173
7211, 0.001994
7212, 0.003105
7213, 0.003575
7214, 0.002364
7215, 0.002548
7216, 0.002722
7217, 0.001933
7218, 0.002287
7219, 0.002001
7220, 0.001905
7221, 0.001908
7222, 0.001915
7223, 0.001963
7224, 0.002518
7225, 0.002644
7226, 0.002375
7227, 0.002609
7228, 0.002337
7229, 0.001958
7230, 0.002294
7231, 0.001914
7232, 0.001946
7233, 0.001971
7234, 0.00191
7235, 0.00241
7236, 0.00193
7237, 0.001931
7238, 0.002172
7239, 0.001961
7240, 0.002308
7241, 0.011336
7242, 0.010089
7243, 0.002518
7244, 0.002239
7245, 0.001926
7246, 0.009155
7247, 0.002212
7248, 0.008635
7249, 0.032542
7250, 0.009061
7251, 0.002588
7252, 0.002297
7253, 0.010222
7254, 0.002703
7255, 0.005534
7256, 0.002002
7257, 0.008983
7258, 0.008255
7259, 0.024042
7260, 0.007406
7261, 0.008398
7262, 0.00249
7263, 0.001609
7264, 0.00644
7265, 0.005367
7266, 0.00198
7267, 0.006853
7268, 0.003488
7269, 0.023161
7270, 0.002511
7271, 0.002814
7272, 0.002191
7273, 0.001933
7274, 0.006716
7275, 0.006296
7276, 0.002451
7277, 0.003661
7278, 0.005421
7279, 0.021942
7280, 0.009723
7281, 0.006184
7282, 0.002605
7283, 0.008168
7284, 0.006062
7285, 0.003295
7286, 0.007765
7287, 0.005247
7288, 0.002447
7289, 0.022664
7290, 0.007233
7291, 0.002502
7292, 0.00676
7293, 0.00537
7294, 0.00245
7295, 0.005804
7296, 0.005819
7297, 0.002489
7298, 0.005603
7299, 0.014803
7300, 0.002669
7301, 0.007842
7302, 0.002821
7303, 0.005742
7304, 0.002647
7305, 0.0068
7306, 0.007897
7307, 0.003938
7308, 0.00241
7309, 0.008982
7310, 0.002091
7311, 0.001955
7312, 0.001949
7313, 0.001983
7314, 0.001936
7315, 0.002162
7316, 0.002487
7317, 0.001828
7318, 0.002171
7319, 0.005711
7320, 0.002202
7321, 0.001831
7322, 0.00195
7323, 0.001915
7324, 0.001978
7325, 0.00745
7326, 0.002669
7327, 0.002235
7328, 0.007068
7329, 0.006996
7330, 0.002265
7331, 0.002216
7332, 0.002305
7333, 0.007324
7334, 0.003137
7335, 0.007508
7336, 0.003904
7337, 0.008494
7338, 0.003887
7339, 0.014326
7340, 0.008025
7341, 0.002572
7342, 0.007374
7343, 0.002558
7344, 0.002039
7345, 0.007397
7346, 0.002471
7347, 0.002024
7348, 0.00236
7349, 0.012058
7350, 0.00219
7351, 0.002021
7352, 0.001983
7353, 0.002001
7354, 0.009376
7355, 0.0078
7356, 0.002819
7357, 0.002109
7358, 0.008769
7359, 0.015272
7360, 0.002035
7361, 0.002027
7362, 0.00195
7363, 0.002198
7364, 0.001984
7365, 0.001924
7366, 0.002263
7367, 0.001928
7368, 0.002198
7369, 0.002445
7370, 0.002228
7371, 0.00729
7372, 0.002781
7373, 0.005211
7374, 0.005094
7375, 0.002709
7376, 0.005029
7377, 0.002899
7378, 0.004958
7379, 0.014525
7380, 0.002252
7381, 0.002234
7382, 0.001955
7383, 0.001969
7384, 0.002067
7385, 0.001937
7386, 0.007927
7387, 0.00207
7388, 0.005709
7389, 0.015218
7390, 0.006632
7391, 0.002633
7392, 0.007546
7393, 0.002577
7394, 0.002074
7395, 0.001981
7396, 0.002028
7397, 0.001927
7398, 0.001958
7399, 0.017966
7400, 0.002095
7401, 0.002733
7402, 0.002041
7403, 0.002131
7404, 0.003392
7405, 0.002402
7406, 0.00229
7407, 0.002001
7408, 0.001949
7409, 0.009757
7410, 0.008496
7411, 0.003085
7412, 0.006984
7413, 0.009203
7414, 0.002721
7415, 0.002012
7416, 0.001946
7417, 0.006985
7418, 0.002807
7419, 0.016514
7420, 0.002452
7421, 0.00306
7422, 0.009909
7423, 0.002769
7424, 0.002068
7425, 0.007864
7426, 0.002476
7427, 0.006659
7428, 0.002542
7429, 0.01391
7430, 0.007387
7431, 0.002892
7432, 0.007203
7433, 0.006709
7434, 0.002049
7435, 0.001956
7436, 0.004569
7437, 0.002044
7438, 0.004642
7439, 0.008727
7440, 0.002447
7441, 0.004744
7442, 0.002609
7443, 0.003464
7444, 0.003102
7445, 0.002482
7446, 0.002041
7447, 0.002358
7448, 0.00214
7449, 0.008428
7450, 0.002102
7451, 0.001956
7452, 0.001968
7453, 0.001975
7454, 0.002218
7455, 0.001942
7456, 0.00208
7457, 0.002101
7458, 0.001958
7459, 0.005005
7460, 0.002044
7461, 0.002246
7462, 0.00612
7463, 0.002533
7464, 0.006802
7465, 0.002613
7466, 0.001985
7467, 0.005739
7468, 0.002501
7469, 0.015283
7470, 0.002036
7471, 0.001963
7472, 0.001959
7473, 0.002003
7474, 0.002419
7475, 0.002054
7476, 0.00873
7477, 0.002883
7478, 0.002097
7479, 0.014346
7480, 0.008428
7481, 0.004632
7482, 0.007684
7483, 0.00789
7484, 0.002936
7485, 0.00735
7486, 0.00753
7487, 0.00279
7488, 0.009131
7489, 0.024993
7490, 0.007852
7491, 0.002602
7492, 0.006942
7493, 0.002633
7494, 0.008658
7495, 0.002639
7496, 0.009239
7497, 0.007731
7498, 0.002848
7499, 0.024192
7500, 0.006113
7501, 0.003169
7502, 0.009305
7503, 0.006192
7504, 0.002792
7505, 0.006087
7506, 0.001705
7507, 0.005938
7508, 0.001861
7509, 0.024662
7510, 0.002591
7511, 0.002052
7512, 0.007758
7513, 0.006949
7514, 0.002325
7515, 0.002018
7516, 0.009001
7517, 0.006303
7518, 0.002306
7519, 0.024133
7520, 0.002517
7521, 0.007786
7522, 0.002743
7523, 0.008297
7524, 0.003107
7525, 0.002035
7526, 0.001965
7527, 0.001958
7528, 0.001965
7529, 0.027379
7530, 0.002149
7531, 0.00201
7532, 0.007908
7533, 0.006899
7534, 0.003618
7535, 0.005994
7536, 0.005579
7537, 0.002492
7538, 0.005541
7539, 0.012584
7540, 0.002817
7541, 0.00754
7542, 0.002697
7543, 0.002054
7544, 0.007326
7545, 0.007413
7546, 0.003486
7547, 0.007281
7548, 0.009108
7549, 0.012174
7550, 0.009101
7551, 0.006724
7552, 0.002692
7553, 0.008403
7554, 0.008005
7555, 0.002761
7556, 0.007319
7557, 0.006463
7558, 0.002837
7559, 0.021469
7560, 0.005841
7561, 0.00269
7562, 0.005832
7563, 0.004161
7564, 0.002804
7565, 0.00687
7566, 0.006791
7567, 0.002716
7568, 0.007245
7569, 0.023102
7570, 0.003149
7571, 0.005559
7572, 0.006853
7573, 0.003159
7574, 0.005845
7575, 0.005531
7576, 0.002673
7577, 0.005515
7578, 0.005732
7579, 0.021436
7580, 0.007453
7581, 0.008783
7582, 0.002497
7583, 0.007357
7584, 0.008076
7585, 0.002637
7586, 0.006919
7587, 0.007267
7588, 0.002778
7589, 0.017619
7590, 0.006643
7591, 0.002608
7592, 0.005759
7593, 0.005645
7594, 0.002811
7595, 0.00698
7596, 0.006088
7597, 0.002824
7598, 0.003907
7599, 0.013525
7600, 0.002581
7601, 0.001329
7602, 0.006115
7603, 0.002397
7604, 0.006225
7605, 0.003134
7606, 0.002535
7607, 0.006764
7608, 0.002937
7609, 0.015249
7610, 0.007932
7611, 0.002078
7612, 0.002296
7613, 0.009367
7614, 0.002824
7615, 0.008171
7616, 0.002893
7617, 0.007389
7618, 0.006407
7619, 0.016864
7620, 0.007143
7621, 0.008546
7622, 0.003721
7623, 0.007107
7624, 0.006482
7625, 0.00322
7626, 0.008304
7627, 0.005691
7628, 0.004086
7629, 0.018032
7630, 0.004213
7631, 0.007103
7632, 0.009119
7633, 0.002843
7634, 0.008124
7635, 0.005682
7636, 0.004354
7637, 0.005839
7638, 0.003669
7639, 0.017076
7640, 0.008301
7641, 0.002539
7642, 0.008397
7643, 0.008809
7644, 0.002495
7645, 0.007589
7646, 0.002458
7647, 0.007215
7648, 0.002483
7649, 0.018643
7650, 0.00255
7651, 0.007007
7652, 0.002463
7653, 0.007353
7654, 0.007192
7655, 0.002473
7656, 0.008435
7657, 0.00741
7658, 0.002481
7659, 0.01518
7660, 0.006726
7661, 0.002463
7662, 0.005001
7663, 0.002256
7664, 0.003153
7665, 0.003095
7666, 0.008737
7667, 0.002087
7668, 0.00309
7669, 0.011122
7670, 0.002522
7671, 0.00774
7672, 0.008218
7673, 0.002546
7674, 0.005648
7675, 0.002325
7676, 0.002653
7677, 0.003791
7678, 0.002786
7679, 0.006413
7680, 0.004802
7681, 0.002567
7682, 0.002584
7683, 0.002087
7684, 0.005342
7685, 0.002583
7686, 0.002034
7687, 0.004744
7688, 0.005622
7689, 0.013465
7690, 0.007123
7691, 0.002845
7692, 0.006736
7693, 0.002085
7694, 0.002926
7695, 0.002871
7696, 0.001245
7697, 0.001671
7698, 0.001221
7699, 0.008853
7700, 0.006092
7701, 0.002994
7702, 0.006868
7703, 0.006999
7704, 0.004771
7705, 0.006475
7706, 0.002225
7707, 0.003333
7708, 0.004204
7709, 0.013559
7710, 0.00507
7711, 0.003014
7712, 0.009858
7713, 0.004069
7714, 0.00503
7715, 0.004546
7716, 0.003312
7717, 0.006351
7718, 0.004843
7719, 0.003533
7720, 0.004321
7721, 0.005236
7722, 0.003983
7723, 0.004998
7724, 0.00357
7725, 0.003504
7726, 0.004681
7727, 0.004004
7728, 0.003547
7729, 0.010796
7730, 0.007889
7731, 0.003553
7732, 0.007551
7733, 0.003542
7734, 0.008502
7735, 0.010111
7736, 0.003734
7737, 0.008698
7738, 0.008543
7739, 0.008017
7740, 0.008347
7741, 0.003469
7742, 0.007882
7743, 0.003482
7744, 0.003539
7745, 0.008638
7746, 0.003207
7747, 0.008177
7748, 0.003387
7749, 0.011563
7750, 0.002586
7751, 0.002119
7752, 0.006154
7753, 0.002991
7754, 0.006949
7755, 0.009199
7756, 0.003252
7757, 0.00867
7758, 0.00378
7759, 0.011547
7760, 0.006691
7761, 0.003381
7762, 0.006758
7763, 0.007142
7764, 0.00341
7765, 0.007407
7766, 0.006412
7767, 0.003057
7768, 0.002487
7769, 0.015493
7770, 0.008051
7771, 0.002824
7772, 0.002117
7773, 0.008487
7774, 0.002455
7775, 0.008093
7776, 0.002496
7777, 0.002082
7778, 0.002135
7779, 0.017427
7780, 0.002647
7781, 0.008102
7782, 0.002455
7783, 0.002081
7784, 0.0062
7785, 0.006562
7786, 0.002874
7787, 0.004133
7788, 0.006846
7789, 0.018694
7790, 0.002276
7791, 0.002042
7792, 0.004862
7793, 0.00307
7794, 0.004057
7795, 0.002095
7796, 0.001983
7797, 0.004984
7798, 0.004445
7799, 0.016675
7800, 0.007696
7801, 0.002838
7802, 0.002073
7803, 0.008586
7804, 0.002613
7805, 0.006783
7806, 0.009488
7807, 0.002748
7808, 0.007561
7809, 0.01869
7810, 0.006212
7811, 0.002609
7812, 0.002082
7813, 0.004694
7814, 0.004464
7815, 0.002503
7816, 0.002046
7817, 0.004442
7818, 0.004251
7819, 0.017583
7820, 0.00649
7821, 0.00606
7822, 0.002876
7823, 0.00228
7824, 0.00615
7825, 0.002933
7826, 0.005832
7827, 0.002868
7828, 0.00634
7829, 0.017218
7830, 0.006134
7831, 0.006799
7832, 0.003054
7833, 0.004059
7834, 0.002079
7835, 0.008058
7836, 0.00611
7837, 0.003489
7838, 0.006981
7839, 0.01807
7840, 0.003569
7841, 0.008352
7842, 0.006382
7843, 0.002826
7844, 0.002083
7845, 0.002018
7846, 0.001989
7847, 0.00201
7848, 0.002023
7849, 0.016055
7850, 0.002156
7851, 0.00201
7852, 0.00227
7853, 0.002255
7854, 0.002085
7855, 0.002239
7856, 0.002259
7857, 0.0095
7858, 0.01018
7859, 0.017657
7860, 0.010419
7861, 0.008602
7862, 0.002894
7863, 0.011328
7864, 0.008763
7865, 0.002794
7866, 0.008623
7867, 0.008646
7868, 0.00282
7869, 0.0179
7870, 0.008002
7871, 0.002586
7872, 0.007502
7873, 0.005987
7874, 0.002617
7875, 0.007291
7876, 0.007508
7877, 0.0031
7878, 0.002273
7879, 0.014698
7880, 0.002876
7881, 0.006565
7882, 0.007851
7883, 0.002694
7884, 0.007632
7885, 0.006343
7886, 0.002791
7887, 0.007067
7888, 0.006147
7889, 0.016155
7890, 0.0044
7891, 0.004174
7892, 0.002841
7893, 0.005575
7894, 0.004183
7895, 0.002675
7896, 0.005371
7897, 0.004345
7898, 0.002814
7899, 0.014271
7900, 0.007624
7901, 0.003143
7902, 0.008084
7903, 0.002731
7904, 0.007691
7905, 0.006241
7906, 0.002918
7907, 0.00235
7908, 0.007566
7909, 0.01285
7910, 0.006536
7911, 0.007205
7912, 0.002872
7913, 0.005969
7914, 0.005783
7915, 0.002701
7916, 0.006175
7917, 0.007
7918, 0.003455
7919, 0.011609
7920, 0.008124
7921, 0.002763
7922, 0.008784
7923, 0.00761
7924, 0.002749
7925, 0.008721
7926, 0.007763
7927, 0.002765
7928, 0.007637
7929, 0.011687
7930, 0.002875
7931, 0.002552
7932, 0.002153
7933, 0.00596
7934, 0.002861
7935, 0.006862
7936, 0.005289
7937, 0.002826
7938, 0.007974
7939, 0.015365
7940, 0.003441
7941, 0.007845
7942, 0.002611
7943, 0.006158
7944, 0.006002
7945, 0.002692
7946, 0.006495
7947, 0.008054
7948, 0.003207
7949, 0.018615
7950, 0.002684
7951, 0.007174
7952, 0.006604
7953, 0.002651
7954, 0.006387
7955, 0.006864
7956, 0.002611
7957, 0.006651
7958, 0.002569
7959, 0.01856
7960, 0.007611
7961, 0.005936
7962, 0.002668
7963, 0.00831
7964, 0.006694
7965, 0.003027
7966, 0.007095
7967, 0.002586
7968, 0.008073
7969, 0.016367
7970, 0.002658
7971, 0.007596
7972, 0.007177
7973, 0.002542
7974, 0.005872
7975, 0.006795
7976, 0.002594
7977, 0.007767
7978, 0.008148
7979, 0.017005
7980, 0.008235
7981, 0.007507
7982, 0.002721
7983, 0.00873
7984, 0.007771
7985, 0.00271
7986, 0.007517
7987, 0.007534
7988, 0.002835
7989, 0.015701
7990, 0.007955
7991, 0.002925
7992, 0.005989
7993, 0.003921
7994, 0.002796
7995, 0.003144
7996, 0.003074
7997, 0.001765
7998, 0.003155
7999, 0.015731
8000, 0.000776
