-3.86366e-20 1.80252e-20 -4.28288e-19
0.974347 -0.0147149 0.0249161
1.97304 0.0265884 0.019703
2.98543 0.0547243 0.0240149
3.98499 0.0767947 0.0135412
5.04066 0.0434378 0.00889754
6.05554 0.0422601 0.00234159
7.06173 0.0613861 -0.00284669
8.06914 0.0317184 -0.00191327
9.05301 0.0214753 -0.0114959
10.0617 0.0265104 -0.00318225
11.0506 0.0114831 0.0146741
12.0435 0.0119527 0.0280426
13.0689 0.0251427 0.036067
14.0546 0.0441863 0.0228035
15.072 0.050351 0.0167835
16.0702 0.068305 0.0201409
17.0651 0.103673 0.0166554
18.0564 0.102666 0.00148191
19.043 0.122691 -0.0140849
20.0411 0.0786611 -0.0384147
21.0365 0.0576505 -0.0553636
22.0192 0.00551119 -0.0413025
23.0301 -0.0531192 -0.0393735
24.0268 -0.0799282 -0.043578
25.0245 -0.097635 -0.0262993
24.0209 -0.0405716 3.12129
22.9984 -0.0551605 3.11826
21.9981 -0.0486092 3.11574
20.9702 -0.024621 3.12477
19.9706 0.00948041 3.11942
19.9426 0.995427 1.55382
19.9398 1.99824 1.5609
19.9097 3.00243 1.54289
19.9675 4.01356 1.53724
20.0212 5.04811 1.52884
21.0327 4.99204 -0.0401951
22.0232 4.93381 -0.0477307
23.0206 4.879 -0.0414657
24.0282 4.83935 -0.0424661
25.0126 4.79047 -0.0220408
25.9955 4.76268 -0.0136982
27.0006 4.75608 -0.0203926
28.0208 4.70523 -0.0139945
28.9889 4.71657 -0.0159875
29.9695 4.70575 -0.0267159
30.9271 4.68777 -0.0266884
31.9152 4.65555 -0.0187336
32.9017 4.65607 -0.0343489
33.8973 4.6071 -0.0425825
34.8568 4.54336 -0.0344224
35.8539 4.49229 -0.031612
36.8579 4.48818 -0.0123303
37.8883 4.48784 0.00128494
38.8921 4.46511 -0.00943773
39.8729 4.47532 -0.0118279
40.8706 4.4426 0.00350895
41.8753 4.44131 0.00085503
42.8717 4.41619 -0.0126668
43.8873 4.41331 -0.0125865
44.8983 4.40995 -0.0238338
45.9017 4.39285 -0.0105991
46.8999 4.36924 -0.00904495
47.9066 4.38179 0.00963019
48.8951 4.38592 0.0137621
49.9187 4.35287 0.0159122
49.9011 5.36858 1.59073
49.9089 6.3657 1.57816
49.8985 7.35344 1.57943
49.8988 8.34672 1.56512
49.874 9.33109 1.56009
49.858 10.3151 1.56282
49.8787 11.2795 1.56978
49.9167 12.3038 1.57026
49.9296 13.3114 1.57617
49.9126 14.3058 1.56711
49.9034 15.334 1.58062
49.9261 16.3069 1.57957
49.9209 17.3228 1.56883
49.9121 18.3241 1.58686
49.9144 19.3132 1.58566
49.9193 20.326 1.5853
49.9141 21.3146 1.57588
49.8806 22.3377 1.57096
49.8679 23.3305 1.5643
49.9075 24.3181 1.56029
49.9284 25.3321 1.55432
49.9249 26.3444 1.54969
49.9575 27.3558 1.54666
49.9801 28.3589 1.54006
50.0221 29.3334 1.52385
49.0215 29.375 3.10551
48.0223 29.4455 3.1165
47.0149 29.4712 3.1182
46.013 29.4942 3.11929
45.0365 29.5522 3.13052
45.0483 30.5553 1.5602
45.0386 31.5239 1.57162
45.0203 32.5394 1.55044
45.0367 33.5453 1.52991
45.0645 34.5191 1.54486
45.1048 35.5137 1.53833
45.1262 36.5347 1.54512
45.1681 37.5331 1.53352
45.2317 38.5025 1.52993
45.2772 39.5398 1.54186
45.2836 40.5625 1.55336
45.3407 41.5404 1.55291
45.3422 42.531 1.54435
45.3782 43.4891 1.54174
45.3863 44.5227 1.54806
45.3772 45.5608 1.55239
45.3617 46.5674 1.56667
45.3919 47.5902 1.577
45.3891 48.5726 1.56983
45.4054 49.5565 1.57465
44.4193 49.5542 3.13999
43.4019 49.5612 -3.14158
42.3705 49.5678 -3.12661
41.3646 49.5344 -3.13035
40.3511 49.5505 -3.13346
40.356 48.5238 -1.56144
40.3474 47.5017 -1.56172
40.3521 46.4932 -1.56511
40.356 45.492 -1.54257
40.3595 44.4702 -1.55143
40.3445 43.4851 -1.55918
40.3529 42.4985 -1.55911
40.3576 41.5013 -1.55728
40.3746 40.4827 -1.54309
40.4315 39.468 -1.53419
41.4327 39.46 0.0380543
42.4231 39.5068 0.0484911
43.4504 39.5578 0.04719
44.4484 39.6186 0.0437491
45.4319 39.6766 0.0459838
45.5183 38.6822 -1.51353
45.5924 37.717 -1.50645
45.6587 36.7284 -1.51918
45.6943 35.7217 -1.52925
45.6945 34.6893 -1.5414
45.7647 33.7202 -1.55456
45.7673 32.7451 -1.53599
45.7988 31.7614 -1.5307
45.8325 30.7439 -1.52739
45.8743 29.7293 -1.52752
45.9144 28.7352 -1.51161
46.0063 27.7719 -1.5114
46.0648 26.7621 -1.51209
46.1117 25.7982 -1.50659
46.1542 24.8035 -1.50023
45.1534 24.7277 -3.0687
44.1571 24.6946 -3.08456
43.1858 24.6207 -3.08043
42.1706 24.5593 -3.08643
41.1655 24.515 -3.11005
40.1889 24.5027 -3.11087
39.1749 24.4338 -3.11527
38.1525 24.4092 -3.12267
37.1178 24.3857 -3.11851
36.1174 24.3768 -3.11861
35.1074 24.3513 -3.10653
34.0922 24.3379 -3.09778
33.0485 24.3468 -3.10019
32.0282 24.3003 -3.10419
31.0198 24.2605 -3.10343
29.988 24.2209 -3.08993
29.0025 24.1674 -3.1039
28.0316 24.1591 -3.09819
27.0031 24.1171 -3.10043
25.9988 24.089 -3.10435
25.9752 25.0561 1.60131
25.9299 26.0815 1.60519
25.9064 27.0978 1.60928
25.8593 28.0985 1.60198
25.8412 29.0867 1.60293
25.8122 30.0944 1.605
25.8018 31.1119 1.59588
25.7925 32.081 1.60588
25.76 33.0999 1.59929
25.7122 34.1084 1.59715
25.6867 35.1024 1.62057
25.6673 36.1083 1.61727
25.6353 37.0937 1.61123
25.5965 38.0859 1.60573
25.5774 39.1054 1.59869
25.5098 40.0921 1.60541
25.4846 41.0616 1.60644
25.4277 42.0647 1.60531
25.3863 43.0641 1.61593
25.3481 44.0773 1.63138
25.275 45.0752 1.63959
25.2138 46.0727 1.63468
25.1155 47.0462 1.63914
25.065 48.0082 1.62214
25.0155 48.9997 1.60676
24.0162 48.9561 -3.09991
23.0238 48.9178 -3.1123
22.0379 48.8466 -3.11939
21.0228 48.8293 -3.12995
20.0452 48.8016 3.13124
19.0257 48.8038 3.13184
18.0375 48.7971 3.12787
17.0305 48.816 3.12992
16.0018 48.8502 3.13733
15.0267 48.889 3.12483
14.009 48.8854 3.12189
13.0365 48.931 3.11542
12.0177 48.9436 3.11129
11.0132 49.0157 3.09298
10.011 49.0395 3.09378
9.00769 49.0671 3.10656
8.02856 49.1086 3.10596
7.0473 49.1633 3.13906
6.06262 49.1878 3.13855
5.04721 49.1693 3.13828
4.06055 49.1862 3.13443
3.05264 49.1754 3.13082
2.06203 49.2064 3.11659
1.06339 49.218 3.10774
0.040455 49.2662 3.09786
-0.96512 49.3238 3.11089
-1.95621 49.3673 3.12708
-2.94935 49.3844 3.12188
-3.9242 49.4335 3.12148
-4.90459 49.4276 3.12655
-5.89864 49.4653 3.132
-6.92947 49.4615 -3.13395
-7.93021 49.4839 -3.11811
-8.91668 49.4715 -3.13217
-9.90044 49.461 -3.13807
-10.8884 49.4468 -3.13398
-11.8594 49.4364 -3.13789
-12.8158 49.4765 3.13306
-13.8048 49.4857 3.13048
-14.8053 49.4498 3.12284
-15.797 49.4803 3.13581
-16.8104 49.5217 -3.1341
-17.8136 49.5174 -3.12894
-18.8218 49.5496 -3.1354
-19.8261 49.5118 -3.12328
-20.8208 49.515 -3.12495
-21.7874 49.4975 -3.13533
-22.8128 49.4822 -3.12507
-23.8022 49.5146 -3.11873
-24.7983 49.4694 -3.11473
-25.7937 49.4124 -3.11343
-26.7975 49.3909 -3.12154
-27.7792 49.3764 -3.12818
-28.8066 49.4014 -3.12877
-29.799 49.3938 -3.12924
-30.7994 49.3979 -3.11882
-31.8071 49.3825 -3.11451
-32.8107 49.3596 -3.12415
-33.7949 49.3631 -3.12843
-34.8078 49.3031 -3.12754
-35.8066 49.3364 -3.13187
-36.8083 49.3311 3.13905
-37.8114 49.3502 -3.13635
-38.8056 49.372 -3.12782
-39.7745 49.3835 -3.11999
-40.7798 49.3983 -3.12466
-41.7733 49.3666 3.13233
-42.7711 49.3852 -3.13698
-43.764 49.3862 -3.13022
-44.7139 49.3825 -3.12858
-45.6798 49.3672 -3.1334
-46.7109 49.3744 3.14122
-47.7046 49.3839 3.13792
-48.72 49.389 -3.14156
-49.7529 49.4178 -3.13884
-49.7566 48.4192 -1.56297
-49.7619 47.3966 -1.55884
-49.7377 46.3697 -1.58009
-49.7407 45.377 -1.58611
-49.7394 44.3607 -1.58861
-49.7783 43.3421 -1.59249
-49.7909 42.3229 -1.61291
-49.8498 41.3239 -1.6188
-49.9071 40.333 -1.63034
-49.9829 39.3377 -1.63116
-50.0481 38.3241 -1.62192
-50.104 37.3316 -1.6179
-50.1765 36.3308 -1.62165
-50.2095 35.3434 -1.60597
-50.2242 34.3482 -1.60712
-50.2406 33.3637 -1.59739
-50.3054 32.3662 -1.60081
-50.3622 31.3402 -1.60771
-50.4097 30.3174 -1.58621
-50.4115 29.3356 -1.58065
-50.3946 28.3477 -1.58865
-50.4298 27.3119 -1.58974
-50.4517 26.3468 -1.57538
-50.4457 25.3576 -1.58482
-50.4848 24.3665 -1.58552
-50.5127 23.3752 -1.59152
-50.5217 22.3653 -1.59959
-50.5277 21.3526 -1.60114
-50.533 20.3674 -1.58951
-50.5555 19.3682 -1.58217
-50.5636 18.3635 -1.58757
-50.6104 17.3957 -1.58349
-50.6571 16.4027 -1.57378
-50.6538 15.4306 -1.57157
-50.6322 14.4079 -1.57431
-49.6255 14.3841 -0.000682824
-48.6375 14.345 0.00136076
-47.639 14.3313 -0.00468986
-46.6444 14.3511 -0.000681604
-45.6484 14.3585 -0.0241435
-44.6483 14.3288 -0.00526033
-43.6479 14.2999 -0.0140178
-42.6412 14.2761 -0.0253957
-41.6401 14.2537 -0.0323265
-40.6383 14.2235 -0.0380896
-39.6399 14.1873 -0.049261
-38.6272 14.1363 -0.0482559
-37.619 14.0901 -0.0426167
-36.6624 14.0637 -0.0280047
-35.6471 14.0465 -0.0196914
-34.6263 14.0704 -0.0190843
-33.6388 14.0218 -0.005682
-32.6682 14.0303 0.0108137
-31.6743 14.0279 0.0262368
-30.6849 14.0322 0.0108754
-29.6759 14.0264 0.0129945
-28.6612 14.0977 0.00129208
-27.6407 14.1048 0.00101347
-26.6504 14.0989 -0.00650446
-25.6595 14.0858 -0.0119994
-24.6585 14.0348 -0.00603099
-23.6433 14.0366 -0.00232921
-22.6477 14.0638 -0.0114061
-21.6481 14.054 -0.018853
-20.6572 14.0349 -0.0220492
-19.6719 13.9576 -0.00825946
-18.6749 13.9294 -0.0148404
-17.6698 13.8896 -0.0247512
-16.6716 13.8454 -0.0256139
-15.6417 13.8387 -0.0159845
-14.6542 13.7927 -0.00779976
-13.6337 13.7757 -0.00137199
-12.6327 13.777 -0.0192327
-11.6324 13.7384 -0.00572708
-10.6371 13.7681 0.00419636
-9.63557 13.7946 -0.00304143
-8.62086 13.8202 -0.00822045
-7.65067 13.8451 0.000447968
-6.6659 13.8358 -0.0104054
-5.66743 13.7759 -0.0107894
-5.65458 14.7871 1.55591
-5.60185 15.7998 1.54667
-5.58163 16.7695 1.5537
-5.58149 17.7491 1.55035
-5.57737 18.7389 1.56632
-5.553 19.7246 1.57775
-5.52465 20.731 1.56965
-5.5589 21.7225 1.55877
-5.53008 22.6982 1.55125
-5.51282 23.7176 1.54817
-5.46114 24.7148 1.56018
-5.44655 25.7253 1.54621
-5.42556 26.7139 1.55719
-5.45434 27.7282 1.57965
-5.46428 28.7639 1.59444
-5.50519 29.7747 1.57941
-5.52478 30.789 1.58644
-5.55733 31.7956 1.59144
-5.58538 32.7622 1.59069
-5.62632 33.7598 1.6242
-5.67837 34.7503 1.6164
-5.74779 35.7664 1.61859
-5.80094 36.76 1.62052
-5.83625 37.7336 1.62754
-5.88285 38.6814 1.62412
-5.94358 39.6534 1.58504
-5.92691 40.661 1.57387
-5.88571 41.6706 1.57634
-5.88578 42.6632 1.55464
-5.83569 43.6396 1.55561
-5.81599 44.6172 1.56086
-5.81008 45.6385 1.54971
-5.774 46.6204 1.55131
-5.76251 47.5971 1.5465
-5.74082 48.5912 1.54761
-6.7587 48.5981 3.12118
-7.75274 48.6398 3.11198
-8.74898 48.6578 3.11586
-9.75445 48.6859 3.13857
-10.7421 48.6889 3.13964
-11.7405 48.675 3.13288
-12.7516 48.6748 3.13011
-13.7344 48.69 3.13313
-14.7631 48.6645 3.13327
-15.7943 48.6782 3.12556
-16.8013 48.7034 3.11385
-17.8089 48.7011 3.11863
-18.7833 48.722 3.11155
-19.7956 48.7461 3.10806
-20.7895 48.7572 3.09584
-21.7945 48.7762 3.09863
-22.7918 48.822 3.09073
-23.8346 48.8795 3.09253
-24.8386 48.9532 3.09539
-25.826 49.0115 3.08954
-26.8248 49.1047 3.10047
-27.8398 49.1558 3.11677
-28.8535 49.1788 3.12665
-29.861 49.1904 3.12186
-30.8254 49.2102 3.12583
-31.8175 49.2241 3.133
-32.7807 49.2295 3.12813
-33.7895 49.2392 3.13103
-34.7886 49.2045 3.12895
-35.8122 49.2408 3.13307
-36.817 49.2675 3.12042
-37.8333 49.2895 3.11855
-38.8497 49.3068 3.10442
-39.8501 49.3283 3.10184
-40.8551 49.3616 3.12607
-41.8695 49.3864 3.12193
-42.8489 49.4278 3.12471
-43.8675 49.4555 3.12094
-44.8904 49.4903 3.11856
-45.8902 49.5041 3.13158
-46.9049 49.5213 3.11964
-47.8954 49.5207 3.10505
-48.9047 49.5549 3.12556
-49.8916 49.557 3.13476
-50.8738 49.5375 3.13333
-50.908 48.4958 -1.57108
-50.9141 47.486 -1.57208
-50.9203 46.4678 -1.57304
-50.9301 45.4588 -1.56636
-50.9553 44.48 -1.57472
-50.9698 43.4822 -1.57219
-50.9255 42.4611 -1.56663
-50.9007 41.4618 -1.55988
-50.907 40.45 -1.55197
-50.8962 39.4328 -1.55654
-50.8655 38.4202 -1.54935
-50.8443 37.4102 -1.55139
-50.8081 36.43 -1.55303
-50.7977 35.4663 -1.55614
-50.8184 34.4949 -1.55386
-50.7886 33.4828 -1.55935
-50.772 32.5094 -1.55395
-50.7686 31.5044 -1.55118
-50.7284 30.5085 -1.54722
-50.7187 29.4646 -1.55214
-50.6889 28.4771 -1.55193
-50.7143 27.4832 -1.56075
-50.7003 26.4523 -1.5462
-50.676 25.4379 -1.53808
-50.5966 24.42 -1.53873
-50.5417 23.3934 -1.53313
-50.4757 22.4069 -1.52169
-50.4185 21.4311 -1.54066
-50.3964 20.441 -1.55816
-50.3745 19.4562 -1.55601
-50.3354 18.4435 -1.55636
-50.2859 17.4532 -1.55132
-50.3034 16.4569 -1.53711
-50.2707 15.4073 -1.54378
-50.2202 14.408 -1.53577
-50.1592 13.3988 -1.51999
-50.1023 12.3912 -1.49951
-50.0415 11.3834 -1.49703
-49.9914 10.3753 -1.51319
-49.9813 9.41375 -1.51519
-49.9315 8.40905 -1.50909
-49.8804 7.37533 -1.51941
-49.8262 6.40452 -1.52707
-49.786 5.42758 -1.51682
-49.7179 4.44549 -1.53733
-49.6699 3.45087 -1.54321
-49.628 2.46888 -1.55147
-49.609 1.50535 -1.54513
-49.5589 0.50749 -1.54793
-49.5203 -0.451056 -1.53993
-49.4837 -1.47491 -1.55251
-49.4655 -2.5203 -1.55142
-49.4719 -3.51677 -1.55334
-49.4426 -4.53673 -1.55566
-49.4225 -5.55154 -1.55668
-49.3669 -6.53867 -1.54925
-49.396 -7.55059 -1.55679
-49.4119 -8.56925 -1.55919
-49.3731 -9.55502 -1.56227
-49.3599 -10.5374 -1.5594
-49.3473 -11.5601 -1.54751
-49.3518 -12.5468 -1.54694
-49.3407 -13.5448 -1.53712
-49.2746 -14.5652 -1.54173
-49.2358 -15.5589 -1.54261
-49.2409 -16.5524 -1.54675
-49.2452 -17.591 -1.56887
-49.2403 -18.58 -1.58244
-49.2133 -19.5802 -1.58099
-49.2494 -20.6252 -1.56683
-49.2285 -21.6216 -1.58588
-49.2884 -22.6162 -1.57232
-49.3282 -23.5929 -1.57912
-49.332 -24.6137 -1.56244
-49.3073 -25.5864 -1.5574
-49.2977 -26.5805 -1.56125
-49.2727 -27.5912 -1.56203
-49.2773 -28.5894 -1.56771
-49.2591 -29.5926 -1.57158
-49.252 -30.5898 -1.56866
-49.2741 -31.6131 -1.56388
-49.2655 -32.6073 -1.57009
-49.2571 -33.6007 -1.58552
-49.2678 -34.6195 -1.58873
-49.264 -35.643 -1.57015
-49.2705 -36.6624 -1.56073
-49.2664 -37.6507 -1.54288
-49.2601 -38.6355 -1.5525
-49.2265 -39.6597 -1.55756
-49.2296 -40.6381 -1.56376
-49.2029 -41.6567 -1.56461
-49.1948 -42.6641 -1.56209
-49.1932 -43.6675 -1.57119
-49.1595 -44.6861 -1.57435
-49.1709 -45.6783 -1.56221
-49.1841 -46.6935 -1.54763
-49.189 -47.7116 -1.5579
-49.1755 -48.727 -1.56546
-49.1556 -49.7018 -1.55628
-49.1563 -50.7079 -1.55868
-48.1618 -50.6736 0.00486692
-47.1437 -50.6324 0.0127331
-46.1739 -50.6081 0.00493661
-45.1827 -50.619 0.00328992
-44.1989 -50.6122 0.00933566
-43.1868 -50.5833 0.00273443
-42.1763 -50.5943 -0.0023603
-41.1748 -50.6308 0.00599043
-40.1766 -50.5882 0.0260866
-39.2008 -50.565 0.0208381
-38.1908 -50.5241 0.0117355
-37.1612 -50.4881 0.0228826
-36.1358 -50.5015 0.0123822
-35.1587 -50.4614 0.0298443
-34.1527 -50.4296 0.0180423
-33.1667 -50.4035 0.0182525
-32.1881 -50.3826 0.0167431
-31.1696 -50.3246 0.0257252
-30.184 -50.3092 0.0118009
-29.1933 -50.2844 0.0271197
-29.1343 -51.2925 -1.53423
-29.0695 -52.2725 -1.53488
-29.0391 -53.2694 -1.54714
-29.077 -54.2769 -1.56752
-29.0717 -55.2937 -1.5752
-28.0295 -55.3321 -0.00374941
-27.0319 -55.305 -0.00722197
-26.0323 -55.3642 0.00443096
-24.9921 -55.3544 -0.011791
-23.9985 -55.3519 -0.0053382
-22.9891 -55.359 -0.00311476
-22.0255 -55.3471 -0.00268768
-21.0066 -55.3374 0.00958193
-20.0232 -55.294 0.00668386
-18.994 -55.2999 -0.00415397
-17.9804 -55.3285 -0.00256983
-16.9811 -55.3375 -0.00733882
-16.0032 -55.3503 -0.01835
-15.0078 -55.3814 -0.022693
-14.0225 -55.3976 -0.0193312
-13.0298 -55.4226 -0.011731
-12.0696 -55.4366 -0.00696518
-11.0387 -55.416 -0.0156612
-10.0392 -55.4535 -0.00912555
-9.04025 -55.452 0.00610095
-7.98979 -55.4714 0.0293856
-7.02162 -55.4616 0.034743
-6.02774 -55.4629 0.0184582
-5.00039 -55.4358 0.0142037
-4.02528 -55.408 0.0253717
-3.02661 -55.4037 0.0311103
-2.04284 -55.3885 0.0492152
-1.04803 -55.3476 0.0415811
-0.0727535 -55.3489 0.0306503
0.921383 -55.2899 0.0407718
1.89311 -55.2201 0.0399586
2.89188 -55.1993 0.0468379
3.91055 -55.1688 0.0400062
4.88453 -55.1176 0.0320297
5.92518 -55.1163 0.0367112
6.9609 -55.0927 0.0227926
7.99464 -55.0333 0.0137352
8.94842 -55.0355 0.0282046
9.96465 -55.0136 0.0305688
10.9872 -55.0006 0.0202235
11.9938 -54.9504 0.0329014
13.0199 -54.9018 0.01765
14.0191 -54.895 0.0376048
15.0343 -54.8662 0.0289908
16.0298 -54.8417 0.0294572
17.0197 -54.8287 0.021596
18.0461 -54.8091 0.0225826
19.0326 -54.7587 0.014998
20.0269 -54.7455 0.00965015
21.023 -54.7293 0.0127778
22.0023 -54.7034 -0.0030459
22.9899 -54.688 -0.0123529
24.0102 -54.6821 -0.0101539
25.0191 -54.7204 -0.0141598
26.0249 -54.7 -0.0191744
27.0184 -54.7176 -0.0239488
28.0234 -54.7048 -0.0317115
29.0163 -54.7429 -0.0126884
30.0103 -54.7919 -0.0223846
31.0231 -54.774 -0.0332366
31.9767 -54.7702 -0.0359744
32.9716 -54.8131 -0.0472962
33.989 -54.8437 -0.071461
34.9973 -54.9033 -0.0719273
36.0591 -54.9373 -0.0640143
37.0795 -55.035 -0.0564248
38.0764 -55.0587 -0.048483
39.0812 -55.1019 -0.0456337
40.0583 -55.1518 -0.0452281
41.0352 -55.1734 -0.0328814
42.0467 -55.2055 -0.0222186
43.0299 -55.2469 -0.0215498
44.0186 -55.3045 -0.027873
44.9931 -55.352 -0.0349267
45.9992 -55.3897 -0.0197772
46.9763 -55.4019 -0.0214893
47.9688 -55.3879 -0.0142055
48.9776 -55.3701 -0.0244371
49.9515 -55.3584 -0.0132414
50.938 -55.3709 -0.00779825
50.9363 -54.3705 1.57541
50.9232 -53.3513 1.57536
50.9087 -52.3353 1.55235
50.94 -51.3027 1.5526
50.9769 -50.2743 1.55938
51.0207 -49.2864 1.56749
51.0188 -48.2585 1.58203
51.0247 -47.236 1.59293
50.9886 -46.2408 1.60802
50.9626 -45.2393 1.61444
50.9081 -44.2289 1.63061
50.8282 -43.2884 1.62286
50.7844 -42.2834 1.62449
50.7489 -41.3 1.60878
50.7215 -40.3071 1.59265
50.7431 -39.2926 1.5818
50.7274 -38.2916 1.56321
50.7531 -37.2956 1.58624
50.7398 -36.2968 1.58058
50.7341 -35.3258 1.58511
50.6954 -34.2685 1.58456
50.6967 -33.257 1.56911
50.6745 -32.2787 1.56794
50.7011 -31.2623 1.55144
50.7196 -30.2682 1.55322
50.7569 -29.2682 1.56992
50.748 -28.2773 1.58121
50.733 -27.2933 1.59516
50.697 -26.2763 1.60326
50.6244 -25.2474 1.61121
50.6041 -24.2197 1.60968
50.5885 -23.2131 1.61469
50.5166 -22.2335 1.61155
50.482 -21.2428 1.61233
50.4498 -20.2535 1.60833
50.4144 -19.236 1.62563
50.3294 -18.2268 1.62883
50.2628 -17.201 1.648
50.1354 -16.203 1.62001
50.0912 -15.2043 1.61939
50.0861 -14.223 1.63059
50.0228 -13.2038 1.63684
49.9442 -12.2223 1.63887
49.845 -11.1962 1.61441
49.7863 -10.2452 1.61075
49.7515 -9.24903 1.60525
49.7124 -8.28501 1.61896
49.6885 -7.30688 1.61256
49.6552 -6.33211 1.61067
49.5816 -5.32093 1.59989
48.603 -5.36158 -3.11968
47.6313 -5.41315 -3.11781
46.6162 -5.45249 -3.1309
45.6064 -5.5081 -3.11885
44.5913 -5.5286 -3.13086
44.6282 -4.5391 1.5804
44.6087 -3.54834 1.59188
44.5844 -2.54315 1.58785
44.5753 -1.56608 1.5783
44.5616 -0.580891 1.57899
44.544 0.398322 1.57907
44.5586 1.37012 1.57329
44.5733 2.36639 1.55789
44.5857 3.34235 1.56661
44.6287 4.33669 1.57015
44.5981 5.37082 1.56779
44.602 6.37785 1.55997
44.6157 7.37282 1.55672
44.6449 8.3711 1.5632
44.6295 9.35887 1.55397
44.6342 10.356 1.5492
44.6453 11.3445 1.54685
44.6456 12.3389 1.56052
44.6996 13.2994 1.5623
44.7466 14.3191 1.56462
44.7363 15.3676 1.56186
44.7438 16.3717 1.56303
44.777 17.3325 1.56392
44.8064 18.332 1.56213
44.8263 19.3324 1.56254
44.8166 20.34 1.55344
44.8276 21.373 1.5433
44.8566 22.3963 1.54315
44.8749 23.3554 1.5422
44.8652 24.381 1.54602
44.882 25.3687 1.53764
44.9292 26.3874 1.53478
44.9663 27.3719 1.52872
45.0135 28.367 1.5471
45.0421 29.3763 1.55243
45.0532 30.4272 1.55468
45.0738 31.4252 1.55836
45.0783 32.3853 1.56507
45.1081 33.3636 1.55551
45.0994 34.3673 1.55786
45.1264 35.3788 1.55675
45.1496 36.3606 1.55776
45.15 37.3493 1.57209
45.149 38.3778 1.57713
45.1201 39.3632 1.59826
45.0921 40.3695 1.60531
45.0076 41.4062 1.59006
44.9986 42.4204 1.58438
45.0128 43.4241 1.5835
45.0364 44.4028 1.57514
45.0616 45.409 1.60339
45.0613 46.4234 1.59473
45.0399 47.4091 1.59225
45.0377 48.3967 1.61155
45.0299 49.3744 1.60397
46.032 49.3843 0.0409083
47.0017 49.4544 0.0483669
47.9887 49.5339 0.0375573
48.9827 49.5579 0.0374147
49.9775 49.6375 0.0350006
50.0098 48.6222 -1.52916
50.0134 47.6376 -1.53507
50.0561 46.6406 -1.53748
50.0602 45.6549 -1.54924
50.0927 44.6635 -1.57055
49.1285 44.6558 -3.1272
48.1153 44.6329 -3.12005
47.1603 44.6219 -3.10235
46.1426 44.5984 -3.11215
45.1455 44.5753 -3.10725
45.1813 43.5868 -1.53276
45.2339 42.5742 -1.54041
45.2595 41.5453 -1.5284
45.329 40.5741 -1.52646
45.3753 39.5489 -1.5303
45.4321 38.5472 -1.5241
45.4494 37.5368 -1.5192
45.5345 36.5213 -1.50917
45.5713 35.4778 -1.51819
45.6189 34.4661 -1.51124
45.7064 33.4613 -1.50805
45.7606 32.4723 -1.52186
45.8064 31.4874 -1.53573
45.8201 30.4682 -1.53946
45.8486 29.4602 -1.52533
44.8457 29.4207 -3.09789
43.881 29.421 -3.09845
42.8919 29.3996 -3.09288
41.9441 29.3396 -3.10897
40.9562 29.3196 -3.11086
40.9987 28.3219 -1.55966
41.0038 27.2995 -1.55428
41.0515 26.3072 -1.55451
41.1011 25.2849 -1.55858
41.1223 24.2943 -1.56066
41.135 23.3014 -1.55733
41.1773 22.27 -1.56951
41.1725 21.2937 -1.56625
41.2187 20.311 -1.56227
41.2503 19.3428 -1.54221
41.3155 18.305 -1.54223
41.3462 17.3302 -1.54594
41.3474 16.3261 -1.547
41.3687 15.3107 -1.56599
41.3439 14.3177 -1.56506
41.3616 13.2701 -1.55498
41.3565 12.2543 -1.55755
41.3554 11.2519 -1.57038
41.3812 10.2532 -1.55429
41.3649 9.26658 -1.57337
41.3361 8.24332 -1.60292
41.3083 7.23831 -1.59604
41.2983 6.2379 -1.58517
41.3017 5.21728 -1.5835
41.3009 4.204 -1.59525
41.2833 3.19668 -1.60101
41.256 2.22316 -1.61727
41.1924 1.22296 -1.61138
41.1483 0.250744 -1.63652
41.0478 -0.742813 -1.63573
40.0452 -0.701351 3.05976
39.0695 -0.621465 3.05255
38.0828 -0.510938 3.05504
37.0618 -0.417792 3.04848
36.0442 -0.312046 3.05757
35.9779 -1.33667 -1.65664
35.9059 -2.31843 -1.65029
35.8574 -3.27625 -1.64675
35.7653 -4.31712 -1.65635
35.6996 -5.28694 -1.64949
35.6422 -6.28098 -1.64138
35.5715 -7.30944 -1.63347
35.4921 -8.2822 -1.63108
35.4159 -9.26355 -1.62732
35.4041 -10.267 -1.62827
35.3523 -11.2727 -1.63297
35.3234 -12.2474 -1.61666
35.2806 -13.2391 -1.6122
35.2232 -14.2313 -1.6219
35.1919 -15.2591 -1.64853
35.1131 -16.2318 -1.62771
35.072 -17.216 -1.62613
34.9941 -18.2028 -1.63577
34.9225 -19.2027 -1.64132
34.8648 -20.1785 -1.6286
34.8204 -21.2052 -1.6027
34.7624 -22.2121 -1.60344
34.7474 -23.1961 -1.58612
34.7456 -24.203 -1.57253
34.7653 -25.1825 -1.57461
34.8029 -26.2075 -1.57965
34.8091 -27.1908 -1.5826
34.7865 -28.1641 -1.56221
34.7606 -29.174 -1.56486
34.7736 -30.2055 -1.55753
34.753 -31.2044 -1.53893
34.7604 -32.2188 -1.53417
34.8265 -33.2082 -1.54002
34.8582 -34.1997 -1.54074
34.8681 -35.2021 -1.54416
34.865 -36.2099 -1.53965
34.8724 -37.19 -1.54955
34.9026 -38.1925 -1.53639
34.96 -39.208 -1.53402
34.9603 -40.1562 -1.52421
35.0071 -41.1479 -1.49813
35.0886 -42.1271 -1.48904
35.1763 -43.1375 -1.49612
35.2812 -44.155 -1.50099
35.3566 -45.1454 -1.49283
35.4426 -46.1011 -1.5043
35.4941 -47.0585 -1.51492
35.578 -48.0539 -1.51848
35.644 -49.0577 -1.51008
35.7269 -50.0264 -1.52534
34.7434 -50.0748 -3.10058
33.7706 -50.0814 -3.11505
32.755 -50.0985 -3.11322
31.7452 -50.1266 -3.11793
30.745 -50.1385 -3.10904
29.7485 -50.1676 -3.11259
28.719 -50.196 -3.11178
27.6939 -50.2086 -3.10392
26.6738 -50.2404 -3.09921
25.69 -50.2837 -3.08775
24.6634 -50.3119 -3.08153
23.6437 -50.3903 -3.08928
22.6502 -50.4056 -3.10632
21.6193 -50.401 -3.11065
20.631 -50.42 -3.11714
19.6243 -50.4303 -3.12824
18.6461 -50.4111 -3.12801
17.6533 -50.4682 -3.13951
16.6541 -50.4629 -3.13146
15.6553 -50.4684 -3.11685
14.6504 -50.4719 -3.11588
13.6661 -50.4996 -3.12506
12.6649 -50.5066 -3.12612
11.6668 -50.5086 -3.10387
10.6566 -50.5576 -3.10329
10.6052 -49.5909 1.61159
10.5775 -48.6092 1.6251
10.5102 -47.6038 1.61087
10.4913 -46.5937 1.60871
10.4649 -45.5749 1.60052
10.4449 -44.5907 1.60161
10.4081 -43.5843 1.57759
10.3809 -42.5595 1.5778
10.3757 -41.5658 1.57264
10.4123 -40.552 1.57471
10.4217 -39.5298 1.57959
10.4312 -38.5295 1.59643
10.414 -37.5132 1.60737
10.326 -36.5002 1.59644
10.3099 -35.5154 1.59031
10.2759 -34.5467 1.57898
10.2486 -33.5894 1.58929
10.2611 -32.6005 1.60084
10.2432 -31.5715 1.58171
10.2317 -30.5787 1.55335
10.2438 -29.6024 1.5608
10.2473 -28.6134 1.576
10.2491 -27.6182 1.58146
10.2385 -26.5888 1.57239
10.2467 -25.5938 1.57455
10.2388 -24.5632 1.55836
10.2567 -23.566 1.56478
10.2469 -22.5697 1.56196
10.2393 -21.6028 1.56283
10.2706 -20.6256 1.57045
10.2878 -19.611 1.5682
10.2542 -18.6162 1.58304
10.2088 -17.64 1.58904
10.2027 -16.6303 1.58298
10.1453 -15.6271 1.57667
10.164 -14.6191 1.57022
10.132 -13.6498 1.5847
10.1353 -12.6481 1.59417
10.1212 -11.6725 1.59876
10.108 -10.6972 1.59503
10.035 -9.70774 1.60712
9.98855 -8.7036 1.589
9.97917 -7.73824 1.57735
9.93348 -6.71969 1.56921
9.95579 -5.69226 1.57194
9.94686 -4.73908 1.58815
9.90286 -3.73296 1.59292
9.88101 -2.75343 1.57027
9.9174 -1.77054 1.57024
9.91463 -0.800932 1.57244
9.925 0.17178 1.59053
9.91866 1.1755 1.59384
9.88089 2.15819 1.60576
9.81217 3.1609 1.61009
9.75474 4.18602 1.60468
8.75728 4.15179 -3.10941
7.75512 4.1305 -3.10239
6.77725 4.12115 -3.10511
5.78852 4.08571 -3.10014
4.77367 4.05447 -3.10594
4.7469 5.05384 1.60175
4.7118 6.10703 1.59444
4.69273 7.12739 1.5893
4.67973 8.13827 1.5973
4.61852 9.13837 1.59261
4.57222 10.1322 1.58809
4.58877 11.1484 1.58048
4.58878 12.1492 1.58809
4.55024 13.1394 1.59358
4.54647 14.1225 1.58869
4.51861 15.1482 1.59112
4.46269 16.1393 1.59556
4.43914 17.165 1.59861
4.39642 18.1564 1.58316
4.4036 19.1261 1.55868
4.41667 20.1355 1.54794
4.4478 21.1402 1.55418
4.44169 22.1693 1.53854
4.47845 23.1959 1.5312
4.55164 24.1897 1.52196
4.60002 25.1514 1.52727
4.63258 26.1437 1.53471
4.66553 27.1327 1.52456
4.70108 28.1323 1.524
4.72846 29.1418 1.52245
5.72428 29.0626 -0.0387028
6.71499 29.0226 -0.0305769
7.73661 28.9718 -0.0347759
8.75619 28.9087 -0.0356141
9.80232 28.8729 -0.039345
10.8183 28.8728 -0.0485921
11.7948 28.8298 -0.0343412
12.7891 28.8066 -0.0292979
13.7425 28.8006 -0.0275996
14.718 28.7931 -0.0214072
15.7537 28.7491 -0.0137468
16.7503 28.7377 -0.0160283
17.7568 28.7166 -0.0170078
18.7496 28.6684 -0.0264039
19.733 28.6227 -0.0263461
20.7342 28.6029 -0.0266732
21.7642 28.5857 -0.0170124
22.7878 28.5905 -0.0171681
23.7928 28.5629 -0.0379607
24.8066 28.5327 -0.0346876
25.8266 28.4732 -0.0375404
26.823 28.4245 -0.0375469
27.8098 28.3845 -0.0207948
28.7998 28.3797 -0.0469582
29.8062 28.343 -0.0292399
30.8471 28.3167 -0.0341172
31.8576 28.3086 -0.0335556
32.8557 28.2654 -0.0290536
33.8474 28.2062 -0.0292031
34.8435 28.2309 -0.0411393
34.893 29.258 1.53915
34.933 30.2641 1.55566
34.9737 31.2545 1.55824
34.9756 32.2607 1.56016
34.9692 33.2597 1.57136
34.9724 34.2531 1.58489
34.9475 35.2328 1.57177
34.9773 36.2348 1.57747
34.9625 37.2138 1.57284
34.9474 38.192 1.57924
34.9802 39.208 1.58764
34.9551 40.2122 1.59645
34.9265 41.2152 1.58793
34.9052 42.2032 1.59452
34.8513 43.1921 1.59862
34.8101 44.1593 1.59404
34.7972 45.1438 1.60545
34.7552 46.1447 1.61652
34.7355 47.1445 1.63148
34.6404 48.1554 1.6336
35.653 48.209 0.0781272
36.6385 48.2718 0.0705793
37.6162 48.3849 0.0625876
38.5998 48.4696 0.0642985
39.5712 48.5144 0.085195
40.5584 48.5665 0.0728724
41.573 48.6178 0.0711542
42.577 48.6813 0.0647652
43.5605 48.7557 0.0834485
44.5747 48.822 0.0913803
45.5686 48.9285 0.0928528
46.5511 49.0309 0.0887266
47.5566 49.099 0.10121
48.5528 49.1965 0.0929818
49.553 49.2836 0.100601
49.6403 48.2622 -1.46827
49.7501 47.242 -1.45817
49.8681 46.2357 -1.45831
49.994 45.2403 -1.44492
50.1163 44.2176 -1.44915
51.1072 44.2972 0.120659
52.0893 44.3925 0.0877669
53.0929 44.4632 0.0880128
54.113 44.5526 0.0857737
55.1261 44.6304 0.0900639
55.0707 45.6112 1.65603
54.9527 46.5692 1.6426
54.9057 47.5533 1.61721
54.8551 48.59 1.60451
54.8287 49.6173 1.62903
53.8129 49.6067 -3.09192
52.7917 49.5898 -3.10463
51.7964 49.5088 -3.13427
50.794 49.5036 -3.11526
49.8086 49.4752 -3.12423
48.8051 49.4962 -3.12245
47.8533 49.4889 -3.13864
46.8732 49.4476 -3.13455
45.8636 49.4358 -3.13025
44.831 49.4123 -3.13319
43.8455 49.3622 -3.13845
42.8474 49.3631 3.13896
41.8486 49.3624 3.13414
40.8381 49.3766 -3.13971
39.8512 49.3804 3.13346
38.8135 49.3899 -3.1352
37.8337 49.4137 -3.12725
36.8388 49.4114 -3.12536
35.8329 49.3663 -3.11927
34.8434 49.3471 -3.1157
33.8563 49.3003 -3.1166
32.8416 49.2953 -3.13796
31.8532 49.2686 -3.13345
30.8775 49.303 -3.13278
29.8787 49.2675 -3.13874
28.8581 49.2408 -3.13429
27.85 49.2089 -3.13283
26.8412 49.2194 -3.12799
25.8338 49.209 -3.1154
24.8336 49.1788 -3.13093
23.8532 49.1796 -3.13903
22.8345 49.1766 3.13062
21.8193 49.2062 3.11664
20.8215 49.1928 3.11564
19.8173 49.2449 3.12813
18.794 49.2544 -3.14042
17.8018 49.2502 -3.12379
16.7948 49.2504 -3.13675
15.7939 49.2735 3.14061
14.8045 49.2504 -3.13825
13.7928 49.2314 -3.1373
12.7931 49.2306 -3.13551
11.7841 49.2142 -3.13478
10.8064 49.2265 -3.12609
9.76287 49.2062 -3.13081
8.7666 49.1829 -3.13167
7.78018 49.1527 3.12758
6.7803 49.1735 -3.14114
5.78256 49.1829 3.13958
4.78484 49.1876 3.12346
3.77036 49.1945 3.12809
2.77707 49.2099 3.13522
1.76948 49.2195 -3.13728
0.738854 49.199 -3.13478
-0.243405 49.2009 3.13339
-1.24236 49.1895 -3.12267
-2.26383 49.1745 -3.10275
-3.25929 49.0977 -3.09143
-4.26911 49.0357 -3.11148
-5.25867 49.0005 -3.12704
-6.29354 48.9949 3.13993
-7.26892 48.9879 3.13996
-8.27527 48.9958 -3.13612
-9.25267 48.9705 3.14092
-10.2801 48.9766 -3.13978
-10.2769 47.9765 -1.56827
-10.2869 46.9596 -1.57757
-10.2844 45.9727 -1.56394
-10.3058 44.9724 -1.55688
-10.3145 43.9344 -1.55327
-10.2955 42.9248 -1.54728
-10.2902 41.913 -1.55538
-10.2714 40.8882 -1.55764
-10.2583 39.88 -1.55584
-10.2393 38.9089 -1.54508
-10.2328 37.921 -1.52707
-10.1932 36.9105 -1.53105
-10.1409 35.9165 -1.53373
-10.1252 34.9167 -1.54782
-10.1172 33.9042 -1.53854
-10.0537 32.8987 -1.5296
-9.99164 31.8794 -1.53114
-9.94283 30.8797 -1.53513
-9.93001 29.9151 -1.53271
-9.91817 28.9499 -1.55321
-9.91969 27.9518 -1.55821
-9.96393 26.9859 -1.56332
-9.97081 25.9953 -1.56077
-9.94479 24.9985 -1.55676
-9.93398 23.9477 -1.55714
-9.92122 22.915 -1.55687
-9.91681 21.9124 -1.53592
-9.91176 20.9531 -1.54415
-9.88069 19.939 -1.54353
-9.87435 18.9779 -1.52807
-9.81719 17.998 -1.5294
-9.73137 16.997 -1.53142
-9.71218 15.9829 -1.53036
-9.69246 15.0041 -1.51833
-9.65367 14.0009 -1.51758
-9.59955 13.0104 -1.53235
-9.57175 12.0247 -1.52279
-9.51798 11.0441 -1.52996
-9.48932 10.0702 -1.51237
-9.47395 9.08335 -1.50442
-9.41916 8.07826 -1.49766
-9.35048 7.03782 -1.51844
-9.3147 6.05254 -1.50662
-9.24015 5.05742 -1.51728
-9.20108 4.066 -1.52148
-8.22406 4.12952 0.049269
-7.20345 4.1685 0.0477118
-6.21248 4.19561 0.0519948
-5.17317 4.24804 0.0693407
-4.13993 4.33446 0.0688735
-4.20294 5.30011 1.62816
-4.28565 6.28493 1.61806
-4.33342 7.25278 1.6174
-4.37437 8.2458 1.61757
-4.40706 9.23012 1.59213
-4.43016 10.237 1.59901
-4.47614 11.2114 1.59666
-4.50225 12.2112 1.59566
-4.52505 13.1981 1.58536
-4.55316 14.189 1.5995
-4.58717 15.1969 1.58975
-4.60237 16.1671 1.61189
-4.65846 17.1953 1.60292
-4.69726 18.1901 1.61447
-4.73971 19.18 1.609
-4.79536 20.1711 1.59412
-4.82716 21.1539 1.58517
-4.84077 22.1474 1.57817
-4.84987 23.1322 1.55161
-4.85925 24.105 1.56943
-3.82938 24.0883 -0.00259324
-2.81604 24.0469 -0.0233889
-1.80202 24.0346 -0.0200028
-0.788213 24.014 -0.00718382
0.220182 24.0081 -0.0113493
1.23665 24.0152 -0.00749563
2.23809 23.9953 0.00717099
3.2215 24.0091 0.00464507
4.19727 23.9992 -0.0067711
5.18163 24.0192 -0.0113657
6.17838 23.99 0.00318382
7.2032 24.011 -0.0032096
8.19294 23.9942 -0.00838475
9.17815 24.0049 -0.00211874
10.1608 23.9866 -0.00485908
11.1679 23.9512 -0.00472759
12.1694 23.9837 -0.00424117
13.2113 23.9522 -0.00521251
14.2167 23.9215 -0.00409964
15.1877 23.9167 0.0209995
16.1574 23.9282 0.00766594
17.14 23.9593 -0.00522255
18.1567 23.9323 -0.00361696
19.1345 23.9182 -0.0149608
20.0984 23.89 -0.00386803
21.1094 23.8763 0.00156078
22.07 23.8549 0.00587975
23.0975 23.8797 0.0126866
24.1072 23.9277 0.00570214
25.1167 23.897 0.00608939
26.1006 23.8673 -0.00145709
27.0888 23.8421 0.00699935
28.0759 23.8357 0.0189849
29.1055 23.8233 0.00631517
30.1334 23.7985 0.00562279
31.1377 23.8158 0.00833646
32.1614 23.8201 0.0105273
33.1629 23.8428 0.00911587
34.1606 23.8507 0.020319
35.1655 23.8766 0.0261954
36.1673 23.8575 0.00737079
37.1577 23.8271 0.0354554
38.1654 23.9123 0.0262578
39.1615 23.9452 0.0188045
40.1396 23.9593 0.0245457
41.1311 23.9895 0.0265974
42.1194 24.0246 0.0356377
43.1316 24.0554 0.0350216
44.1354 24.1052 0.0233692
45.1471 24.1587 0.0207678
46.1115 24.1701 0.0194499
47.1077 24.2138 0.0290917
48.085 24.2604 0.0463715
49.0953 24.3477 0.0360329
50.0954 24.374 0.0320477
50.1305 25.3516 1.58645
50.1542 26.3394 1.56828
50.1636 27.3477 1.55734
50.1865 28.3622 1.55211
50.2216 29.3431 1.54597
50.2247 30.3637 1.53627
50.2724 31.3307 1.52564
50.3043 32.3335 1.53129
50.3583 33.3317 1.53793
50.4008 34.3601 1.54923
50.4403 35.3646 1.55386
50.4665 36.3566 1.53469
50.5058 37.3246 1.54138
50.5383 38.3586 1.51388
50.5883 39.3754 1.51452
50.5997 40.3674 1.5241
50.6553 41.3482 1.51956
50.7219 42.3228 1.51655
50.7824 43.3394 1.54327
50.8215 44.3529 1.52899
50.8619 45.345 1.52518
50.9357 46.3571 1.52568
50.9685 47.3347 1.54181
50.9738 48.3278 1.55111
50.978 49.3596 1.53033
49.9638 49.3842 3.10024
48.9545 49.4441 3.09961
47.9479 49.4978 3.09775
46.9467 49.5709 3.09704
45.9527 49.6354 3.07976
44.9511 49.6866 3.08205
43.9797 49.7654 3.08627
43.0067 49.796 3.10617
42.023 49.7972 3.1078
41.0186 49.8456 3.10705
40.9945 48.8628 -1.61684
40.9764 47.8485 -1.62789
40.9142 46.8406 -1.62213
40.8758 45.8351 -1.62763
40.822 44.8734 -1.6227
40.7774 43.8585 -1.60674
40.7534 42.8428 -1.57757
40.7206 41.8489 -1.58286
40.7139 40.85 -1.58475
40.6893 39.881 -1.58515
40.6692 38.871 -1.58634
40.6664 37.8705 -1.58426
40.6724 36.8865 -1.58271
40.6812 35.896 -1.57617
40.6705 34.841 -1.5752
40.6946 33.8323 -1.57355
40.6925 32.8051 -1.57928
40.6807 31.8242 -1.59592
40.6562 30.8283 -1.59453
40.6335 29.8201 -1.58005
40.6254 28.8152 -1.57701
40.6219 27.8438 -1.58608
40.6326 26.8755 -1.57358
40.63 25.8863 -1.58148
40.6324 24.8911 -1.57952
40.6353 23.8831 -1.57334
40.6079 22.9336 -1.58867
40.5891 21.9072 -1.5978
40.5343 20.8968 -1.60121
40.4839 19.8949 -1.60272
40.4608 18.8842 -1.59816
40.406 17.899 -1.58765
40.4077 16.8581 -1.58089
40.3788 15.8553 -1.57489
40.36 14.8493 -1.57414
40.372 13.8387 -1.57047
40.3693 12.8272 -1.57698
40.3786 11.7992 -1.58034
40.3952 10.8056 -1.57584
40.4072 9.83949 -1.5735
40.4007 8.82836 -1.56923
40.382 7.81745 -1.56678
40.3966 6.81546 -1.58271
40.3736 5.79358 -1.58463
40.3214 4.75746 -1.58833
40.3118 3.7345 -1.58728
40.3 2.73389 -1.59921
40.2715 1.73391 -1.6023
40.2769 0.718336 -1.58673
40.2604 -0.248982 -1.57337
40.2398 -1.26537 -1.58579
40.2196 -2.26391 -1.57554
40.2368 -3.21106 -1.57019
40.2178 -4.19956 -1.57457
40.2245 -5.20565 -1.55525
39.2564 -5.19455 -3.12595
38.2328 -5.14902 -3.12248
37.2147 -5.19963 -3.11618
36.2055 -5.24346 -3.11052
35.1843 -5.27521 -3.10883
34.1891 -5.31228 -3.12596
33.1611 -5.32341 -3.13878
32.1739 -5.31801 3.13461
31.1489 -5.2989 3.13316
30.1247 -5.31833 -3.13815
29.1014 -5.32533 3.14036
28.0526 -5.31063 3.13153
27.0628 -5.3291 3.12755
26.0761 -5.32634 3.1191
25.0954 -5.27194 3.11496
24.1028 -5.23368 3.11663
23.0927 -5.17911 3.11827
22.0952 -5.14433 3.12505
21.0861 -5.10577 3.11635
20.0983 -5.06573 3.11308
19.0866 -5.0347 3.11249
18.1135 -4.99563 3.1132
17.1317 -4.98007 3.11911
16.1151 -4.95175 3.12753
15.0963 -4.923 3.1231
14.0982 -4.9429 3.1164
13.1237 -4.90062 3.10295
12.1375 -4.89937 3.11098
11.1349 -4.85404 3.10288
10.1124 -4.77632 3.10841
9.08319 -4.71186 3.10979
8.08818 -4.66617 3.11626
7.07405 -4.63313 3.13022
6.06445 -4.64537 3.12359
5.05984 -4.62581 3.10717
4.07863 -4.59691 3.10627
3.11834 -4.55781 3.11352
2.15007 -4.54099 3.11055
1.12206 -4.50675 3.10382
0.120858 -4.48417 3.10168
-0.890087 -4.45118 3.11834
-1.92348 -4.41824 3.12446
-2.92582 -4.40801 3.13516
-3.93709 -4.40776 3.13347
-4.95125 -4.42122 3.13009
-5.94952 -4.40763 3.12949
-6.96482 -4.40555 3.1403
-7.97272 -4.39283 3.13821
-8.94199 -4.4281 3.13355
-9.91743 -4.40005 -3.13178
-10.9049 -4.40111 -3.12095
-11.8796 -4.4163 -3.10834
-12.8936 -4.44476 -3.10776
-13.9071 -4.49035 -3.10236
-14.9098 -4.50247 -3.09309
-15.9108 -4.57014 -3.09289
-16.9309 -4.64961 -3.09114
-17.9246 -4.69257 -3.10533
-18.9369 -4.74035 -3.08164
-19.9442 -4.80308 -3.07755
-20.9573 -4.88758 -3.07201
-21.9286 -4.93987 -3.0775
-22.9084 -5.03179 -3.07543
-23.9001 -5.12896 -3.09536
-24.8908 -5.17179 -3.10298
-25.913 -5.19788 -3.10313
-26.9198 -5.24991 -3.10559
-27.898 -5.26368 -3.10084
-28.8868 -5.29032 -3.10721
-29.8898 -5.33414 -3.11799
-30.8787 -5.34024 -3.12933
-31.9012 -5.37952 -3.12708
-32.9146 -5.38257 3.13859
-33.9194 -5.38009 3.14105
-34.9328 -5.37744 3.14055
-35.963 -5.40237 -3.139
-36.9602 -5.38621 3.13824
-37.9797 -5.36461 -3.1347
-38.963 -5.35849 -3.1299
-40.0064 -5.37301 -3.11436
-41.0095 -5.4095 -3.12187
-42.0342 -5.46609 -3.11954
-43.0576 -5.49792 -3.14014
-44.0375 -5.494 3.14056
-45.0428 -5.5219 -3.14135
-45.0193 -6.4989 -1.55994
-45.0178 -7.5198 -1.55549
-44.9886 -8.51796 -1.55491
-44.9861 -9.49953 -1.57006
-44.9629 -10.5121 -1.55263
-44.9671 -11.5161 -1.54526
-44.9526 -12.5502 -1.54116
-44.9312 -13.5284 -1.54721
-44.8979 -14.5425 -1.54036
-44.8819 -15.5388 -1.54031
-44.8698 -16.5299 -1.54545
-44.8364 -17.4739 -1.55188
-44.842 -18.4462 -1.54357
-44.8145 -19.4506 -1.56118
-44.7964 -20.4527 -1.55347
-45.7962 -20.483 -3.11237
-46.7927 -20.5214 -3.11604
-47.8096 -20.5473 -3.12181
-48.7983 -20.5735 -3.1161
-49.8034 -20.6127 -3.1225
-49.8363 -19.6508 1.61478
-49.8772 -18.6282 1.61825
-49.9227 -17.625 1.62267
-49.9813 -16.5983 1.61825
-50.0585 -15.5721 1.60571
-50.0702 -14.5595 1.59699
-50.0794 -13.5648 1.6156
-50.1048 -12.5555 1.62493
-50.1686 -11.5681 1.6265
-50.24 -10.552 1.63761
-50.3238 -9.55152 1.64338
-50.3606 -8.5598 1.64996
-50.4235 -7.58176 1.62561
-50.4562 -6.57101 1.63655
-50.4997 -5.59318 1.62897
-49.4816 -5.56132 0.0507382
-48.4748 -5.55299 0.0562679
-47.5099 -5.48658 0.066916
-46.5225 -5.3891 0.0637224
-45.5467 -5.36699 0.0507911
-45.47 -6.38581 -1.51285
-45.3961 -7.3546 -1.49863
-45.3256 -8.37057 -1.49442
-45.2195 -9.36753 -1.51011
-45.1686 -10.3974 -1.51729
-45.1118 -11.383 -1.52516
-45.1032 -12.3668 -1.52371
-45.0593 -13.3739 -1.51675
-44.9702 -14.3451 -1.52919
-44.9584 -15.3181 -1.54811
-44.9346 -16.2897 -1.52391
-44.9506 -17.2747 -1.51506
-44.8829 -18.2554 -1.51682
-44.824 -19.2739 -1.4996
-44.7675 -20.2579 -1.48405
-44.6775 -21.2605 -1.47726
-44.5821 -22.2648 -1.47211
-44.4909 -23.2779 -1.46151
-44.4315 -24.2407 -1.46264
-44.3024 -25.2125 -1.47333
-44.1935 -26.1684 -1.46997
-44.1355 -27.1556 -1.48079
-44.0718 -28.1711 -1.47865
-43.9621 -29.1414 -1.47595
-43.8352 -30.134 -1.4749
-43.7424 -31.1386 -1.47598
-43.6461 -32.1182 -1.49099
-43.5773 -33.1302 -1.50523
-43.5233 -34.1128 -1.51413
-43.4607 -35.1039 -1.5179
-43.3934 -36.1138 -1.52483
-43.3766 -37.0963 -1.52877
-43.3134 -38.0978 -1.52975
-43.2622 -39.0918 -1.54103
-43.2562 -40.0903 -1.54901
-42.2813 -40.0699 0.0285715
-41.281 -40.0595 0.0316216
-40.2753 -40.0168 0.0155458
-39.249 -40.038 0.00865032
-38.2497 -40.0098 -0.00506207
-37.2387 -40.0278 -0.00199192
-36.2663 -40.0557 0.00869224
-35.2654 -40.0224 0.0132284
-34.2685 -40.0133 0.0249488
-33.2623 -39.9864 0.0267001
-32.2638 -39.9726 0.0245723
-31.2899 -39.9698 0.00887143
-30.2922 -39.9544 0.00804666
-29.2813 -39.9521 -0.00648244
-28.3082 -39.9636 -0.0126721
-27.2801 -39.998 -0.0164106
-26.2772 -40.0055 -0.00221771
-25.2785 -39.9736 -0.00410335
-24.2928 -39.9737 0.00341953
-23.2747 -39.9459 0.00186555
-22.3147 -39.9589 -0.00600349
-21.3226 -39.9325 -0.00650157
-20.338 -39.9535 0.00506601
-19.3664 -39.9348 0.0198655
-18.3751 -39.9026 0.0237817
-18.3636 -38.9075 1.60812
-18.4014 -37.9478 1.6166
-18.4338 -36.9678 1.62612
-18.4971 -35.9629 1.63782
-18.5464 -34.976 1.63256
-18.5952 -33.9998 1.62569
-18.6287 -32.99 1.62988
-18.6615 -32.0068 1.63186
-18.7589 -31.0479 1.6295
-18.8059 -30.032 1.63305
-18.8733 -29.0631 1.63195
-18.9404 -28.0857 1.64677
-19.0371 -27.0881 1.65391
-19.1407 -26.0971 1.67225
-19.2253 -25.1005 1.67357
-19.337 -24.0862 1.66142
-19.4193 -23.084 1.65858
-19.5151 -22.0628 1.65319
-19.6103 -21.0571 1.64114
-19.7006 -20.0273 1.61192
-20.7097 -20.0684 -3.10637
-21.7165 -20.122 -3.10073
-22.7065 -20.137 -3.10538
-23.7198 -20.183 -3.11447
-24.7211 -20.2477 -3.10215
-25.7435 -20.2943 -3.10775
-26.7516 -20.3146 -3.11229
-27.7529 -20.3894 -3.11063
-28.7437 -20.423 -3.11048
-29.7395 -20.4832 -3.10808
-30.699 -20.5019 -3.11644
-31.7174 -20.5312 -3.12549
-32.7346 -20.5104 -3.12924
-33.7317 -20.5765 -3.12059
-34.7428 -20.5858 -3.12035
-34.7058 -21.6229 -1.56742
-34.7193 -22.5955 -1.57205
-34.7369 -23.6073 -1.54647
-34.6973 -24.5895 -1.55159
-34.6647 -25.5472 -1.55288
-34.6438 -26.5073 -1.56384
-34.6397 -27.4808 -1.56851
-34.6178 -28.4842 -1.55489
-34.6037 -29.4813 -1.54322
-34.5937 -30.4661 -1.52954
-34.5692 -31.4451 -1.53945
-34.5327 -32.4885 -1.52281
-34.4689 -33.5018 -1.5236
-34.4398 -34.5061 -1.52215
-34.4023 -35.5106 -1.5317
-34.3847 -36.4924 -1.53633
-34.3386 -37.4658 -1.52978
-34.3216 -38.446 -1.52699
-34.2853 -39.4247 -1.5154
-34.2248 -40.4342 -1.50346
-34.1766 -41.4138 -1.50779
-34.1258 -42.4139 -1.51654
-34.0627 -43.4231 -1.50621
-33.9779 -44.4362 -1.49789
-33.9073 -45.4326 -1.48925
-33.8027 -46.4263 -1.49336
-33.7232 -47.4357 -1.49078
-33.6647 -48.4308 -1.48816
-33.5743 -49.4452 -1.49567
-33.4936 -50.4234 -1.52168
-34.5049 -50.4605 -3.08164
-35.4937 -50.491 -3.05818
-36.4982 -50.558 -3.05958
-37.498 -50.6474 -3.06422
-38.4978 -50.7077 -3.06872
-38.5812 -49.734 1.64868
-38.6488 -48.7566 1.62183
-38.6952 -47.7695 1.61717
-38.727 -46.7392 1.62239
-38.7685 -45.7564 1.62339
-37.7573 -45.7303 0.0379639
-36.7815 -45.7274 0.0347055
-35.7613 -45.7093 0.0294863
-34.7466 -45.6784 0.028172
-33.7342 -45.6518 -0.00146263
-32.7253 -45.615 -0.00477174
-31.7171 -45.602 -0.0128739
-30.6998 -45.6401 -0.033028
-29.7 -45.6929 -0.0310857
-28.706 -45.7506 -0.0305342
-27.7278 -45.7486 -0.0408197
-26.7654 -45.7729 -0.0365563
-25.7912 -45.8261 -0.0260051
-24.8087 -45.8493 -0.0408843
-23.8137 -45.8968 -0.0505191
-22.8295 -45.9462 -0.0395823
-21.8233 -46.005 -0.0155781
-20.7965 -46.0148 -0.0136169
-19.8102 -46.0043 -0.00172393
-18.8278 -45.9765 -0.00154945
-17.816 -45.9753 -0.00825673
-16.8201 -45.9678 -0.00576842
-15.8214 -45.9978 0.00235211
-14.826 -46.0068 0.00257706
-13.837 -45.9717 0.00938758
-12.8174 -45.9397 0.012305
-11.7948 -45.8848 0.00578938
-10.7979 -45.8833 0.0134737
-9.78583 -45.8495 0.00427152
-8.79399 -45.841 -0.000129549
-8.8162 -44.8735 1.57585
-8.81576 -43.9067 1.57561
-8.79556 -42.9186 1.56262
-8.80486 -41.9051 1.57097
-8.80282 -40.9235 1.5985
-8.80124 -39.9271 1.60476
-8.84792 -38.9488 1.5973
-8.89549 -37.9438 1.59877
-8.91983 -36.9508 1.59816
-8.93747 -35.9607 1.59332
-8.95301 -34.9897 1.57819
-8.96216 -34.0169 1.58755
-8.98561 -33.005 1.59419
-8.9983 -31.9801 1.57629
-9.01841 -30.978 1.58876
-9.03823 -29.9702 1.59063
-9.07607 -28.9571 1.5974
-9.07485 -27.9424 1.58231
-9.05548 -26.9566 1.58917
-9.05913 -25.9179 1.57629
-9.08393 -24.9369 1.60061
-9.11961 -23.957 1.59501
-9.10446 -22.9412 1.58986
-9.16578 -21.9194 1.5874
-9.16668 -20.9351 1.58608
-9.16523 -19.9241 1.58769
-9.17766 -18.8911 1.57206
-9.17856 -17.8739 1.56338
-9.15879 -16.845 1.57109
-9.151 -15.839 1.58153
-9.17577 -14.8497 1.58373
-9.17335 -13.828 1.55726
-9.15848 -12.8248 1.55214
-9.13686 -11.8002 1.5462
-9.09326 -10.7951 1.55729
-9.09956 -9.83035 1.55429
-9.1096 -8.85152 1.57091
-9.1422 -7.87885 1.584
-9.19149 -6.91532 1.59102
-9.25204 -5.90127 1.59147
-9.27382 -4.89784 1.58417
-9.29159 -3.89303 1.60002
-9.3202 -2.91056 1.60565
-9.34785 -1.91513 1.61038
-9.36389 -0.897985 1.60641
-9.42029 0.102752 1.60424
-9.44953 1.09506 1.60537
-9.49875 2.09715 1.59676
-9.54708 3.1347 1.57168
-9.5604 4.15009 1.57993
-9.57587 5.1381 1.56919
-9.57869 6.12465 1.57678
-9.61145 7.11732 1.58702
-9.62513 8.14577 1.59085
-9.6642 9.15451 1.59853
-9.71513 10.1535 1.58288
-9.71825 11.1388 1.58651
-9.72607 12.165 1.5739
-9.73998 13.1938 1.56445
-9.65925 14.2086 1.55496
-9.66648 15.2234 1.56127
-9.66695 16.2091 1.54187
-9.60784 17.1768 1.54111
-9.55684 18.1436 1.55425
-9.52406 19.166 1.55376
-8.51772 19.1562 -0.0115594
-7.49962 19.1059 -0.00388244
-6.53415 19.1005 0.00435271
-5.53353 19.0918 0.0189241
-4.52317 19.1288 0.0164764
-3.53674 19.1794 7.85583e-05
-2.5539 19.1784 0.00577876
-1.60044 19.1953 0.000704043
-0.637203 19.2174 -0.00531156
0.380306 19.2152 -0.00488335
1.37098 19.2212 -0.0199149
2.32886 19.1833 -0.0440717
3.34076 19.1257 -0.0495039
4.34793 19.0812 -0.0666521
5.33148 19.0213 -0.071489
5.24373 18.0149 -1.63664
5.16172 17.0567 -1.64434
5.0632 16.0741 -1.64386
5.01065 15.0793 -1.6324
4.93309 14.0913 -1.63433
4.85886 13.0998 -1.62491
4.79124 12.0947 -1.62838
4.72417 11.1113 -1.63011
4.6821 10.1452 -1.64042
4.59142 9.17203 -1.63208
3.61571 9.21626 3.08053
2.6181 9.28007 3.09781
1.61814 9.34003 3.11491
0.633771 9.38037 3.10008
-0.316302 9.40102 3.09428
-1.33516 9.44469 3.09536
-2.34794 9.49638 3.10446
-3.35277 9.54278 3.08796
-4.33912 9.61036 3.11286
-5.34011 9.64862 3.11947
-6.32631 9.68214 3.12409
-7.32368 9.69539 3.12706
-8.32623 9.69884 3.1254
-9.32006 9.75432 3.13498
-10.2699 9.76998 -3.12576
-11.2551 9.79122 -3.13029
-12.2289 9.73729 -3.11667
-13.2406 9.70373 -3.13203
-14.2372 9.69512 -3.12076
-15.2633 9.67585 -3.10775
-16.2468 9.63037 -3.11727
-17.2488 9.60225 -3.10358
-18.2479 9.52516 -3.11115
-19.2677 9.513 -3.12931
-20.2823 9.47644 -3.12195
-21.2509 9.49533 -3.11579
-22.266 9.47004 -3.13044
-23.2857 9.4607 -3.12658
-24.301 9.41167 -3.12028
-25.3061 9.39677 3.13527
-26.3051 9.41112 3.1378
-27.3073 9.42705 3.13284
-28.2866 9.40394 -3.13511
-29.3117 9.39599 -3.10726
-30.3471 9.3723 -3.11032
-31.3277 9.30377 -3.10767
-32.3297 9.29258 -3.13906
-33.3263 9.3264 3.1353
-34.3124 9.3171 3.12708
-35.3188 9.31182 3.12614
-35.3224 10.2947 1.55982
-35.2973 11.312 1.56302
-35.3136 12.3563 1.55827
-35.3034 13.3495 1.55621
-35.2817 14.3294 1.5645
-35.285 15.3211 1.56203
-35.2826 16.3091 1.56692
-35.2606 17.3092 1.57863
-35.2858 18.3088 1.59715
-35.3097 19.3323 1.58567
-35.3285 20.3638 1.58368
-35.3695 21.3676 1.58362
-35.3796 22.366 1.58426
-35.4062 23.4151 1.57595
-35.4338 24.4094 1.55682
-35.4333 25.3797 1.55515
-35.4206 26.4222 1.55072
-35.3852 27.4268 1.54387
-35.3563 28.4478 1.5629
-35.3252 29.4355 1.57102
-35.3386 30.4304 1.56702
-35.3462 31.4327 1.58041
-35.3753 32.4445 1.59712
-35.4224 33.4203 1.59127
-35.4389 34.4089 1.60101
-35.4818 35.415 1.60942
-35.4921 36.3827 1.59065
-35.5371 37.3712 1.57017
-35.5345 38.3834 1.56488
-35.5531 39.3988 1.55132
-35.5409 40.4171 1.5474
-35.5053 41.438 1.5469
-35.4326 42.4261 1.53964
-35.3866 43.4441 1.56331
-35.3428 44.4584 1.5655
-36.3574 44.4547 3.1326
-37.3597 44.4577 -3.13127
-38.3805 44.4692 -3.12392
-39.3621 44.4563 -3.13004
-40.3832 44.4379 -3.14045
-41.3704 44.4165 3.13113
-42.3525 44.4394 3.13226
-43.3633 44.4646 3.1271
-44.3605 44.4766 -3.13933
-45.3603 44.4791 -3.1325
-46.3426 44.4773 -3.13871
-47.3554 44.4706 3.14017
-48.3225 44.4797 3.13832
-49.3099 44.4733 3.13774
-50.3217 44.5009 -3.13313
-50.2935 43.452 -1.56781
-50.2937 42.4334 -1.56051
-50.2916 41.4285 -1.54785
-50.2683 40.4394 -1.55029
-50.2665 39.4351 -1.54555
-50.2457 38.4282 -1.55345
-50.2255 37.4228 -1.5564
-50.2246 36.4144 -1.56287
-50.225 35.4432 -1.54919
-50.1665 34.436 -1.55307
-50.1497 33.4489 -1.56789
-50.1737 32.4598 -1.56156
-50.1492 31.4519 -1.56335
-50.1286 30.4265 -1.55525
-50.1185 29.4217 -1.5685
-50.0876 28.4088 -1.56409
-50.0832 27.4094 -1.57568
-50.0977 26.3969 -1.57443
-50.1018 25.4067 -1.58324
-50.114 24.4152 -1.56673
-50.0982 23.41 -1.56064
-50.0981 22.3834 -1.54461
-50.123 21.3571 -1.54221
-50.1053 20.3341 -1.54567
-50.0514 19.3301 -1.52211
-50.0102 18.3104 -1.52124
-49.9683 17.3133 -1.52565
-49.9152 16.2927 -1.51101
-49.8744 15.268 -1.52
-49.8217 14.2546 -1.51686
-49.7843 13.2565 -1.5294
-49.7059 12.2503 -1.5431
-49.6613 11.2571 -1.56884
-49.6344 10.2471 -1.56074
-49.6392 9.2321 -1.55827
-49.6263 8.23085 -1.56713
-49.6243 7.22754 -1.56677
-49.6041 6.26848 -1.56433
-49.5865 5.23604 -1.56359
-49.5698 4.23111 -1.5639
-49.6016 3.20769 -1.55267
-49.5552 2.20058 -1.55922
-49.5472 1.17499 -1.55984
-49.5247 0.213921 -1.5598
-49.492 -0.772917 -1.58142
-49.5124 -1.7596 -1.57006
-49.5036 -2.78034 -1.58252
-49.5123 -3.7626 -1.56748
-49.4998 -4.79902 -1.57937
-49.5043 -5.80829 -1.5708
-49.5406 -6.82109 -1.55746
-49.5659 -7.82451 -1.56126
-49.5517 -8.83489 -1.56333
-49.5793 -9.8459 -1.57637
-49.5717 -10.8314 -1.55813
-48.5435 -10.8023 0.0204516
-47.5689 -10.7859 0.0325229
-46.5962 -10.7558 0.0215402
-45.603 -10.7112 0.0250337
-44.6282 -10.6619 0.0340704
-43.62 -10.6062 0.0258485
-42.5789 -10.604 0.0152946
-41.5852 -10.5555 0.0215221
-40.5508 -10.548 0.0271697
-39.5821 -10.5064 0.0353857
-39.6298 -9.49749 1.63184
-39.69 -8.51341 1.63177
-39.755 -7.48261 1.63592
-39.8205 -6.46228 1.62399
-39.9115 -5.4126 1.61889
-39.9508 -4.39541 1.63133
-40.0221 -3.37522 1.63031
-40.0613 -2.35816 1.62576
-40.1062 -1.38447 1.59767
-40.1079 -0.396267 1.59329
-40.1332 0.625552 1.59032
-40.1452 1.64871 1.601
-40.1794 2.63076 1.59892
-40.2111 3.63796 1.59595
-40.2411 4.66527 1.60725
-40.3003 5.6898 1.61897
-40.3498 6.68674 1.60778
-40.3948 7.67918 1.60055
-40.4283 8.66675 1.60748
-40.5118 9.68167 1.60699
-40.559 10.6909 1.60699
-40.5873 11.6946 1.59278
-40.5741 12.6883 1.60397
-40.6076 13.6629 1.60924
-40.6503 14.6557 1.59916
-40.6774 15.6624 1.60766
-40.7028 16.6572 1.58381
-40.7322 17.6629 1.58293
-40.7781 18.6633 1.59322
-40.8277 19.6681 1.6009
-40.8561 20.6304 1.61649
-40.8883 21.6188 1.60811
-40.89 22.638 1.61335
-40.9254 23.6511 1.6188
-40.9733 24.6891 1.61382
-41.0286 25.6848 1.5998
-41.0707 26.6918 1.58792
-41.0837 27.6635 1.60302
-41.1484 28.6441 1.60738
-41.1534 29.6348 1.62237
-41.248 30.625 1.61422
-41.3292 31.6282 1.60734
-41.3427 32.6167 1.60264
-41.3641 33.6221 1.60826
-41.3744 34.622 1.604
-40.3708 34.633 0.0428471
-39.3553 34.6902 0.0496232
-38.3721 34.7531 0.0637737
-37.3931 34.8329 0.0660212
-36.3725 34.896 0.0539898
-36.3104 33.8887 -1.49989
-36.2319 32.8591 -1.4996
-36.1566 31.8467 -1.52014
-36.0778 30.8623 -1.52048
-36.0378 29.8621 -1.51796
-35.9866 28.8579 -1.52295
-35.9292 27.8462 -1.52909
-35.9187 26.8558 -1.53422
-35.8824 25.8453 -1.54012
-35.8796 24.8662 -1.52401
-35.8631 23.8516 -1.52295
-35.8126 22.8616 -1.50523
-35.7437 21.8215 -1.51423
-35.7003 20.8469 -1.51928
-35.6282 19.8777 -1.51729
-35.5847 18.8821 -1.52393
-35.5374 17.8986 -1.52611
-35.4793 16.8705 -1.53962
-35.4439 15.8635 -1.52848
-35.3819 14.8652 -1.53936
-35.3756 13.8516 -1.53049
-35.3481 12.8534 -1.51761
-35.2589 11.8632 -1.53328
-35.2225 10.8497 -1.54239
-35.2013 9.85873 -1.54573
-35.2166 8.83946 -1.55914
-35.2245 7.87412 -1.55272
-35.1925 6.90054 -1.55252
-35.1624 5.91059 -1.55752
-35.1454 4.89907 -1.56356
-35.1344 3.88553 -1.55458
-35.1454 2.88544 -1.54437
-35.1273 1.86941 -1.55588
-35.1347 0.899516 -1.54346
-35.0447 -0.108896 -1.54823
-35.0743 -1.08382 -1.53053
-35.0273 -2.04806 -1.53916
-34.9886 -3.01355 -1.53856
-34.9375 -4.0103 -1.54762
-34.9054 -4.98753 -1.54731
-34.9075 -6.03475 -1.54557
-34.8707 -7.05605 -1.54245
-34.8266 -8.04405 -1.5477
-34.7781 -9.02623 -1.54564
-34.758 -10.0227 -1.54431
-35.7564 -10.0328 -3.1111
-36.7922 -10.0538 -3.09421
-37.8089 -10.11 -3.10697
-38.8128 -10.1954 -3.09173
-39.7965 -10.2466 -3.08971
-40.8019 -10.3096 -3.10888
-41.7961 -10.3368 -3.0973
-42.821 -10.4016 -3.10444
-43.8303 -10.4285 -3.09812
-44.7802 -10.4701 -3.09126
-45.8134 -10.5389 -3.07535
-46.7914 -10.6034 -3.05518
-47.8026 -10.7206 -3.05874
-48.8215 -10.7736 -3.06142
-49.818 -10.8506 -3.05785
-49.718 -11.853 -1.4937
-49.6461 -12.8432 -1.49132
-49.5698 -13.8363 -1.49877
-49.4561 -14.8482 -1.50526
-49.3882 -15.8362 -1.49724
-49.3039 -16.8458 -1.50044
-49.2458 -17.8815 -1.51478
-49.1659 -18.881 -1.5136
-49.1158 -19.8879 -1.5391
-49.0682 -20.9134 -1.54641
-49.0566 -21.9311 -1.53987
-49.0512 -22.9463 -1.56052
-49.0205 -23.8907 -1.56049
-48.9854 -24.8822 -1.56774
-49.0008 -25.8573 -1.57804
-49.0531 -26.8104 -1.57339
-49.0534 -27.8086 -1.57051
-49.0604 -28.8001 -1.57281
-49.057 -29.8039 -1.57238
-49.09 -30.7969 -1.59115
-49.0942 -31.7489 -1.58142
-49.1258 -32.7269 -1.58354
-49.1604 -33.6998 -1.59289
-49.1872 -34.674 -1.59193
-49.2255 -35.6778 -1.56824
-49.2585 -36.6527 -1.57404
-49.252 -37.6513 -1.58202
-49.2362 -38.636 -1.5835
-49.261 -39.6286 -1.57627
-49.2412 -40.6146 -1.59394
-49.2679 -41.6313 -1.59963
-49.3052 -42.6185 -1.58574
-49.3036 -43.583 -1.58274
-49.3103 -44.5787 -1.57722
-49.3158 -45.591 -1.57835
-49.3188 -46.5714 -1.57621
-49.2927 -47.5364 -1.55468
-49.2913 -48.5458 -1.56332
-49.3028 -49.5563 -1.56532
-49.3118 -50.5271 -1.56886
-48.283 -50.5433 0.00382781
-47.2671 -50.5596 -0.0121088
-46.2854 -50.5651 -0.0157601
-45.2706 -50.5778 -0.0401654
-44.2607 -50.6155 -0.029017
-43.2858 -50.6258 -0.0372537
-42.3025 -50.7123 -0.0376205
-41.3056 -50.7438 -0.0371863
-40.2957 -50.7604 -0.0160609
-39.3061 -50.7785 -0.0079217
-38.2941 -50.7634 -0.0151936
-37.2699 -50.7629 -0.0115176
-36.2349 -50.7638 0.00979486
-35.2463 -50.7586 0.0120452
-34.2461 -50.7199 -0.00228633
-33.3058 -50.7496 -0.00889597
-32.2501 -50.7747 0.00288953
-31.2476 -50.757 0.00197248
-30.2281 -50.7432 0.0043942
-29.2387 -50.7291 0.00856676
-28.246 -50.6897 -0.00203463
-27.2705 -50.7049 0.0015287
-26.2838 -50.6987 -0.00058196
-25.2924 -50.7121 -0.0116361
-24.3259 -50.7522 0.00570506
-23.35 -50.7583 -0.000782887
-22.3375 -50.7508 0.000585297
-21.3284 -50.7545 -0.0155319
-20.3167 -50.7654 -0.0112217
-19.3493 -50.8046 0.000133083
-18.3577 -50.8173 -9.064e-05
-17.3619 -50.7837 0.0181894
-16.3639 -50.7372 0.0228282
-15.3467 -50.7683 0.0122214
-14.3309 -50.7615 0.0219993
-13.3252 -50.7028 0.037246
-12.3237 -50.6466 0.0426211
-11.3123 -50.5961 0.0191635
-10.2983 -50.579 0.0128954
-9.27689 -50.5676 0.00363528
-8.28369 -50.5996 -0.00290522
-7.26948 -50.604 0.0115149
-6.25408 -50.5962 0.036243
-5.269 -50.5934 0.0320505
-4.27498 -50.5844 0.0381542
-3.25346 -50.5508 0.036905
-2.26148 -50.5062 0.0482957
-1.27831 -50.4458 0.0415355
-0.272264 -50.3741 0.0261095
0.711115 -50.3713 0.00190018
0.740176 -51.3861 -1.58102
0.73699 -52.3562 -1.56091
0.756672 -53.3656 -1.56977
0.743793 -54.3828 -1.57246
0.748545 -55.3595 -1.55894
1.73393 -55.3378 0.0086608
2.73788 -55.3168 0.00949053
3.74089 -55.2647 0.0167553
4.75621 -55.2348 0.0092443
5.7286 -55.2387 0.0042396
6.74901 -55.2236 0.00309541
7.75618 -55.1778 0.010711
8.74768 -55.1509 -0.00365945
9.75734 -55.1512 -0.00616766
10.7485 -55.1569 -0.0151688
11.7505 -55.1945 -0.0032323
12.7513 -55.2064 -0.00229894
13.7232 -55.2153 0.00461768
14.707 -55.2508 -0.0239611
15.7039 -55.279 -0.0109112
16.7228 -55.303 -0.010608
17.7646 -55.3046 -0.0129291
18.7815 -55.3196 -0.0128694
19.7709 -55.3531 -0.0348346
20.755 -55.3739 -0.0287601
21.7618 -55.431 -0.0460167
22.7246 -55.4537 -0.039041
23.7324 -55.4856 -0.05226
24.7729 -55.5457 -0.0388122
25.7621 -55.5721 -0.0305984
26.7799 -55.5948 -0.0409303
27.7685 -55.6632 -0.0552522
28.7596 -55.7351 -0.048934
29.7529 -55.7609 -0.0372456
30.7563 -55.8004 -0.030241
30.7659 -54.801 1.53086
30.7998 -53.7896 1.5373
30.8202 -52.796 1.54122
30.8779 -51.7937 1.55289
30.887 -50.7805 1.55085
30.9024 -49.7381 1.56273
30.9347 -48.6989 1.56103
30.9718 -47.679 1.54911
30.9634 -46.712 1.53446
30.9952 -45.6656 1.53045
31.0202 -44.6775 1.53112
31.0637 -43.6569 1.5396
31.1112 -42.6304 1.53612
31.1761 -41.6286 1.53903
31.2008 -40.649 1.55997
31.2284 -39.64 1.56683
31.2428 -38.6255 1.56455
31.2431 -37.6324 1.56168
31.2563 -36.6133 1.57377
31.2179 -35.5663 1.57104
30.2125 -35.6052 -3.12938
29.2258 -35.5941 -3.1413
28.2267 -35.5696 -3.11841
27.2079 -35.5861 -3.12028
26.2243 -35.653 -3.11748
25.2374 -35.7035 -3.10865
24.2546 -35.7319 -3.09843
23.2568 -35.7682 -3.09474
22.2827 -35.8116 -3.10601
21.2781 -35.82 -3.10278
21.2238 -34.8264 1.59166
21.2201 -33.8428 1.59824
21.1482 -32.8128 1.60149
21.1256 -31.8212 1.5946
21.1151 -30.8402 1.58581
21.1228 -29.843 1.60014
21.1181 -28.8492 1.58788
21.077 -27.848 1.60288
21.0699 -26.8389 1.61955
21.0627 -25.8269 1.63116
20.9772 -24.8221 1.6285
20.9179 -23.8301 1.62696
20.9054 -22.8213 1.61796
20.8234 -21.802 1.62032
20.7765 -20.7901 1.62319
20.72 -19.7359 1.60833
20.6538 -18.7043 1.60519
20.6419 -17.696 1.61305
20.5687 -16.7079 1.60359
20.532 -15.7137 1.60663
20.5333 -14.7174 1.62369
20.4462 -13.7394 1.62654
20.4047 -12.7128 1.62981
20.3439 -11.728 1.6265
20.2968 -10.7256 1.62934
20.214 -9.74517 1.62865
20.1846 -8.74278 1.61993
20.1432 -7.71567 1.61853
20.0839 -6.69174 1.61393
20.0528 -5.72099 1.63171
19.9938 -4.73494 1.62144
19.9409 -3.70339 1.6053
19.9068 -2.70894 1.61836
19.8203 -1.70194 1.61608
19.7545 -0.680825 1.60656
19.691 0.331614 1.60668
19.623 1.33726 1.60065
19.6128 2.37069 1.60598
19.5786 3.38977 1.60222
19.5189 4.36789 1.58617
19.5339 5.37062 1.60358
19.4832 6.35224 1.59368
19.4586 7.33908 1.59773
19.4147 8.32197 1.59395
19.378 9.33418 1.604
19.3452 10.3673 1.58549
19.3552 11.371 1.5791
19.3674 12.368 1.58045
19.3825 13.3345 1.56974
19.3729 14.3314 1.5796
19.3701 15.3443 1.58252
19.3337 16.3398 1.58772
19.3339 17.3731 1.57469
19.3334 18.3688 1.56685
19.3243 19.3512 1.56619
19.3054 20.3345 1.56791
19.3051 21.3425 1.56019
19.3191 22.3573 1.55327
19.3004 23.3447 1.54975
19.3074 24.3372 1.54244
19.3315 25.3896 1.53829
19.3569 26.3717 1.54254
19.4019 27.4079 1.55528
19.4143 28.4013 1.55424
19.4045 29.3648 1.54785
19.4295 30.3599 1.54193
19.4543 31.4011 1.53389
19.4898 32.4441 1.5337
19.5308 33.4325 1.53999
19.5314 34.4198 1.52805
19.5874 35.4239 1.51008
19.6313 36.3843 1.52412
19.6616 37.409 1.50714
19.7178 38.3959 1.52079
19.7356 39.3897 1.51486
19.7931 40.3809 1.51034
19.855 41.3916 1.5012
19.9122 42.4081 1.51531
19.9698 43.3603 1.52812
20.0122 44.3546 1.53661
20.0266 45.3259 1.5359
20.0543 46.3097 1.55052
20.0688 47.319 1.54786
20.0428 48.2914 1.55774
20.0748 49.3218 1.55721
19.0622 49.3593 3.11899
18.0467 49.3952 3.11232
17.0776 49.4038 3.12442
16.0908 49.4251 -3.14125
15.0668 49.4534 -3.12145
14.0738 49.3882 -3.11511
13.0818 49.3817 -3.11692
12.1149 49.3444 -3.12826
11.0931 49.3174 -3.13225
10.1072 49.2829 3.13631
9.12624 49.3044 3.12894
8.12685 49.3435 3.12501
7.14982 49.3259 3.12556
6.11418 49.3733 3.13665
5.10574 49.3667 3.12573
5.10582 48.3688 -1.57367
5.10376 47.3515 -1.57763
5.06827 46.3417 -1.58735
5.02515 45.3065 -1.58497
4.98193 44.3214 -1.58383
4.92715 43.3351 -1.59037
4.91873 42.3478 -1.60377
4.91661 41.3783 -1.60133
4.89758 40.3719 -1.58593
4.88892 39.3543 -1.57777
4.90201 38.3496 -1.58228
4.90637 37.3856 -1.58633
4.88437 36.4018 -1.58472
4.87196 35.4022 -1.57534
4.86841 34.3986 -1.57941
4.86858 33.3823 -1.58379
4.84871 32.3736 -1.59082
4.83125 31.3819 -1.58714
4.77951 30.4041 -1.59568
4.71546 29.3776 -1.60587
4.65073 28.3509 -1.60146
4.58465 27.4183 -1.60692
4.57602 26.3908 -1.60575
4.52503 25.3939 -1.59672
4.49016 24.4052 -1.58838
4.46074 23.4123 -1.59432
4.43725 22.4076 -1.59833
4.39562 21.4311 -1.58927
4.3827 20.4688 -1.58304
4.37019 19.4831 -1.57776
4.33481 18.4459 -1.56617
4.37144 17.4573 -1.55924
4.40746 16.4769 -1.55852
4.38482 15.4849 -1.56048
4.44815 14.5048 -1.55279
4.47035 13.4813 -1.54611
4.47132 12.4862 -1.54634
4.52144 11.526 -1.54464
4.56542 10.5021 -1.53103
4.60405 9.50513 -1.54797
4.62945 8.47718 -1.56221
4.63751 7.48892 -1.55232
4.65341 6.51787 -1.5609
4.70043 5.54283 -1.53691
4.73808 4.53615 -1.52991
5.77381 4.56029 0.030437
6.78429 4.60921 0.0105081
7.78513 4.58906 -0.00107331
8.75686 4.5543 -0.00890477
9.77901 4.56333 -0.000948092
10.7649 4.57057 -0.0103794
11.8119 4.6033 -0.0198774
12.8513 4.57202 -0.0275276
13.835 4.54343 -0.0322431
14.8409 4.50644 -0.025619
15.8585 4.49044 -0.0169417
16.8693 4.49985 -0.0206156
17.8544 4.49049 -0.0255247
18.826 4.48177 -0.0285927
19.8085 4.4516 -0.0129219
20.8065 4.44426 -0.0148865
21.8267 4.43418 -0.014694
22.8322 4.43713 -4.491e-05
23.8485 4.41337 0.00747834
24.8449 4.39742 0.00807901
25.8357 4.38153 0.0200528
26.8309 4.41219 0.00263644
27.861 4.38908 0.00384954
28.8751 4.38805 0.00940191
29.8841 4.36351 0.00738452
30.9286 4.37523 -0.0100922
31.9244 4.37663 -0.00845711
32.9025 4.36494 0.00711267
33.9001 4.40282 0.0100039
34.8809 4.4262 0.0309661
35.8772 4.44299 0.0306874
36.8845 4.41507 0.025665
37.9123 4.43576 0.0135018
38.908 4.44055 -0.00178673
39.8902 4.48581 -0.000796405
40.8856 4.48975 0.00730689
41.8626 4.52717 0.0118584
42.8253 4.5249 0.0206192
43.7973 4.54792 0.015895
44.8095 4.53823 0.010887
45.845 4.55836 0.00476495
46.8599 4.58254 0.0154896
47.8439 4.60021 0.0132685
48.8679 4.62602 0.00330578
49.8657 4.62564 0.0121225
49.8679 3.64753 -1.56227
49.8992 2.63582 -1.5563
49.9014 1.65962 -1.56298
49.9086 0.679716 -1.54781
49.9336 -0.31379 -1.55804
49.9536 -1.27934 -1.56438
49.9639 -2.28318 -1.56791
49.9692 -3.25884 -1.54598
49.9821 -4.22744 -1.55125
49.992 -5.22817 -1.55532
49.994 -6.21591 -1.54713
50.026 -7.21726 -1.5502
50.0293 -8.21817 -1.55681
50.0774 -9.21323 -1.54549
50.1033 -10.2622 -1.54472
50.1211 -11.2474 -1.53809
50.1854 -12.2714 -1.53241
50.2424 -13.2744 -1.53373
50.2809 -14.2975 -1.51268
50.3447 -15.3076 -1.5245
50.3522 -16.3458 -1.54089
50.3882 -17.3137 -1.5452
50.4284 -18.3137 -1.54931
50.4779 -19.3097 -1.55709
50.4686 -20.2955 -1.5639
50.4539 -21.2888 -1.54634
50.5069 -22.2633 -1.56538
50.5245 -23.2866 -1.54739
50.5565 -24.2756 -1.55886
50.5691 -25.2635 -1.54852
50.6005 -26.2697 -1.55831
50.5924 -27.2825 -1.56151
50.5727 -28.2617 -1.5706
50.5484 -29.2443 -1.56053
50.5825 -30.2724 -1.55575
49.5497 -30.3079 -3.1294
48.5503 -30.3415 3.13969
47.5833 -30.3444 3.12804
46.6112 -30.3116 3.12554
45.6037 -30.2775 3.10242
44.6006 -30.1959 3.09088
43.6035 -30.1282 3.09132
42.6001 -30.1247 3.09979
41.6251 -30.1196 3.12054
40.5825 -30.1358 3.11693
40.5663 -31.134 -1.59073
40.5433 -32.1196 -1.58592
40.5476 -33.111 -1.58043
40.5217 -34.1075 -1.57786
40.4944 -35.1091 -1.57406
39.5377 -35.1028 3.14074
38.5406 -35.1101 3.12847
37.5285 -35.0967 -3.12699
36.5204 -35.0913 -3.1145
35.5176 -35.0999 -3.11681
34.5268 -35.0999 -3.11303
33.5165 -35.1118 -3.11816
32.5502 -35.1799 -3.11122
31.5554 -35.1739 -3.10031
30.5316 -35.1993 -3.10293
29.5467 -35.2392 -3.10496
28.5162 -35.2469 -3.10456
27.5003 -35.2718 -3.09705
26.4836 -35.3233 -3.1063
25.4719 -35.3813 -3.10749
24.4554 -35.3997 -3.09816
23.4767 -35.416 -3.09288
22.4601 -35.4579 -3.10035
21.4932 -35.5312 -3.11431
20.4842 -35.5167 -3.1306
20.5015 -36.4913 -1.56222
20.4939 -37.5086 -1.56732
20.4751 -38.5258 -1.57484
20.4655 -39.5018 -1.57332
20.4592 -40.4875 -1.55879
20.4803 -41.4742 -1.55156
20.4594 -42.49 -1.54138
20.53 -43.514 -1.5288
20.5706 -44.4863 -1.51836
20.6057 -45.5006 -1.52675
19.6039 -45.5624 -3.11304
18.6308 -45.5811 -3.10565
17.6063 -45.6088 -3.09086
16.5794 -45.6813 -3.08586
15.5706 -45.7238 -3.08959
14.5609 -45.8196 -3.06845
13.5935 -45.9127 -3.06815
12.6359 -46.0134 -3.06588
11.6242 -46.0717 -3.07177
10.6242 -46.1239 -3.06764
10.5631 -45.1328 1.66741
10.4843 -44.1488 1.65461
10.4086 -43.1606 1.65077
10.3879 -42.1349 1.65763
10.2931 -41.1331 1.6502
11.333 -41.0537 0.0616415
12.3185 -40.9689 0.0679866
13.3166 -40.9208 0.0651932
14.2988 -40.8375 0.0484136
15.2851 -40.7752 0.0486353
16.3044 -40.7225 0.0340155
17.322 -40.715 0.0189044
18.3175 -40.7036 0.0140269
19.2789 -40.6971 0.00985849
20.2817 -40.671 0.00851719
21.2509 -40.6704 -0.0030269
22.2312 -40.6645 0.00493164
23.2224 -40.6418 -0.0150203
24.2315 -40.6088 -0.00495363
25.2597 -40.6837 0.00309064
25.2428 -39.6802 1.57429
25.2352 -38.696 1.5746
25.2299 -37.7283 1.57458
25.2267 -36.7253 1.55596
25.2512 -35.7182 1.55154
25.2557 -34.6962 1.54362
25.2931 -33.6669 1.52518
25.316 -32.6927 1.5326
25.3683 -31.6795 1.53539
25.3874 -30.6803 1.54757
25.4079 -29.7122 1.5428
25.4316 -28.6786 1.54527
25.4607 -27.7123 1.55486
25.4647 -26.6988 1.56385
25.4785 -25.6927 1.56511
26.4571 -25.7047 -0.01784
27.4543 -25.7101 0.000723953
28.4434 -25.7077 0.0133365
29.454 -25.6937 0.00654339
30.4868 -25.6947 0.0054766
31.525 -25.7266 0.00209746
32.5399 -25.7727 0.0118224
33.5184 -25.7437 -0.00560826
34.5214 -25.7524 -0.00171074
35.5186 -25.7507 -0.0109505
36.5218 -25.7828 -0.0159356
37.4943 -25.7874 -0.0120235
38.4927 -25.7811 0.000174588
39.4522 -25.7914 0.00829756
40.4697 -25.7802 0.00665379
41.4637 -25.7992 0.00299926
42.4715 -25.7853 0.0215781
43.5275 -25.7443 0.0300348
44.5668 -25.7172 0.0393144
45.5406 -25.6871 0.034225
45.5079 -24.6805 1.59106
45.5022 -23.6636 1.60261
45.4811 -22.6642 1.59582
45.4704 -21.6909 1.58319
45.4358 -20.7198 1.59812
45.4043 -19.7173 1.60244
45.3992 -18.6989 1.58701
45.3721 -17.7257 1.60727
45.3156 -16.7225 1.59608
45.2742 -15.7286 1.59137
45.2107 -14.7279 1.60087
45.2082 -13.7384 1.5853
45.1743 -12.7794 1.59536
45.1479 -11.7643 1.59072
45.1137 -10.7684 1.57231
45.1196 -9.76136 1.57079
45.1003 -8.77637 1.57488
45.1051 -7.75608 1.56924
45.1086 -6.73946 1.57145
45.1271 -5.73776 1.57977
45.1608 -4.73814 1.5725
45.152 -3.69876 1.57308
45.0964 -2.7034 1.56123
45.1225 -1.72343 1.55434
45.0834 -0.730059 1.57118
46.0867 -0.700551 0.0116914
47.1108 -0.704355 0.0089641
48.0628 -0.711651 0.0185565
49.0321 -0.696133 0.0204267
50.0565 -0.663686 0.018461
50.1041 -1.68292 -1.54857
50.1106 -2.68901 -1.55823
50.1156 -3.65042 -1.57104
50.1332 -4.64516 -1.57044
50.1173 -5.65255 -1.55306
50.1779 -6.67095 -1.54643
50.1879 -7.69789 -1.55907
50.2032 -8.68485 -1.56288
50.1773 -9.69108 -1.56126
50.1856 -10.6758 -1.57288
50.1418 -11.6629 -1.55182
50.1695 -12.6583 -1.5586
50.1372 -13.677 -1.5686
50.1442 -14.6618 -1.55558
50.1681 -15.6895 -1.55379
50.1722 -16.6808 -1.55225
50.1679 -17.6869 -1.54836
50.1796 -18.6655 -1.54991
50.1952 -19.6548 -1.53954
50.2133 -20.6187 -1.54055
50.2366 -21.6491 -1.53299
50.2946 -22.6297 -1.53998
50.3323 -23.6291 -1.55042
50.3645 -24.6477 -1.54666
50.3791 -25.6654 -1.54724
50.3862 -26.6663 -1.55413
50.4154 -27.6398 -1.56065
50.4187 -28.6079 -1.55796
50.4199 -29.6323 -1.55715
50.4335 -30.6422 -1.55778
50.4812 -31.6256 -1.55868
50.5064 -32.6538 -1.55404
50.5052 -33.6547 -1.57139
50.5111 -34.6284 -1.56703
50.5038 -35.6165 -1.56536
51.5013 -35.5913 0.0060648
52.5108 -35.5851 0.00295323
53.5197 -35.5597 0.0110577
54.5163 -35.5165 -0.0138423
55.5437 -35.5134 -0.0149162
55.5257 -36.5192 -1.58801
55.5448 -37.4953 -1.60137
55.5651 -38.5019 -1.60093
55.5328 -39.4997 -1.58488
55.5221 -40.4809 -1.58131
55.5316 -41.4835 -1.58632
55.5308 -42.4727 -1.58852
55.523 -43.4894 -1.58895
55.4812 -44.4992 -1.58654
55.4748 -45.4792 -1.57262
55.4736 -46.4858 -1.56876
55.4633 -47.5109 -1.58237
55.4657 -48.4797 -1.5897
55.4525 -49.4627 -1.6053
55.4299 -50.4356 -1.59621
54.4472 -50.3906 3.11799
53.4595 -50.3764 3.12282
52.4522 -50.3568 3.11913
51.448 -50.353 3.12107
50.4636 -50.3758 3.13847
49.4566 -50.3645 3.13309
48.4538 -50.3901 3.13658
47.4874 -50.3987 3.13886
46.5006 -50.4166 -3.13643
45.4662 -50.4173 -3.13592
44.4608 -50.443 3.14107
43.4413 -50.4113 -3.14139
42.4739 -50.4075 -3.13716
41.4443 -50.3862 -3.1411
40.428 -50.4148 -3.13579
39.4312 -50.4248 3.13836
38.4281 -50.3978 3.12822
37.4139 -50.3853 3.12903
36.4029 -50.3444 3.13589
35.4375 -50.3505 -3.13819
35.4163 -49.3543 1.56977
35.4283 -48.3394 1.56198
35.411 -47.337 1.55175
35.432 -46.3428 1.5487
35.4272 -45.3414 1.5565
34.4314 -45.338 3.13716
33.4538 -45.3434 3.13745
32.4569 -45.3635 -3.12682
31.436 -45.3769 -3.12725
30.4176 -45.3693 -3.13538
29.4323 -45.3834 -3.13939
28.4386 -45.3792 3.1278
27.4338 -45.3547 3.13395
26.4309 -45.3497 -3.13817
25.4528 -45.3249 3.13869
24.3888 -45.3135 3.13616
23.4073 -45.2757 3.14069
22.3987 -45.2661 3.14107
21.359 -45.2876 3.1402
20.3453 -45.305 3.14057
20.3426 -46.3078 -1.58475
20.3368 -47.2997 -1.57106
20.354 -48.2998 -1.56516
20.3756 -49.3144 -1.57315
20.3412 -50.2855 -1.56444
19.3441 -50.2766 -3.12972
18.3374 -50.2864 3.13541
17.3332 -50.2661 3.12611
16.3003 -50.2469 3.13498
15.3429 -50.214 3.11971
14.3578 -50.1998 3.12079
13.3799 -50.177 3.12333
12.3427 -50.1529 3.13138
11.3656 -50.1241 -3.14088
10.3583 -50.1466 -3.13151
9.36387 -50.1425 -3.13684
8.38972 -50.1431 3.14033
7.39553 -50.1512 3.13397
6.39286 -50.1112 3.13539
5.37575 -50.0899 -3.13676
4.36553 -50.0992 3.13428
3.36684 -50.0989 3.12689
2.36058 -50.11 3.11152
1.37733 -50.1126 3.10812
0.391493 -50.099 3.11344
-0.622276 -50.0672 3.10517
-1.59154 -50.0221 3.11926
-2.61581 -50.0171 3.11432
-3.61904 -49.9771 3.10307
-4.64183 -49.9372 3.10041
-5.65095 -49.9073 3.12461
-6.62643 -49.8978 3.13221
-7.65536 -49.8885 3.13259
-8.65477 -49.8892 -3.1402
-9.67663 -49.8969 3.13942
-10.6695 -49.8803 3.12142
-11.6845 -49.8807 3.11849
-12.6828 -49.8716 3.12869
-13.6633 -49.8815 3.11626
-14.6882 -49.8808 3.11125
-14.6483 -48.8741 1.53997
-14.6294 -47.8803 1.53159
-14.6123 -46.8809 1.53754
-14.552 -45.8589 1.53991
-14.52 -44.8471 1.53532
-14.462 -43.7947 1.55198
-14.4342 -42.7858 1.53833
-14.4144 -41.8156 1.55246
-14.3829 -40.8184 1.53238
-14.3593 -39.8489 1.53307
-14.3323 -38.8041 1.53519
-14.2736 -37.821 1.54482
-14.2434 -36.7907 1.55665
-14.2485 -35.7858 1.56189
-14.2403 -34.8028 1.57322
-14.231 -33.7748 1.56069
-14.2309 -32.7914 1.57624
-14.227 -31.7959 1.57109
-14.2274 -30.7772 1.5751
-14.24 -29.7673 1.58791
-14.3021 -28.7557 1.58073
-14.2895 -27.7572 1.59024
-14.2822 -26.7714 1.59818
-14.3277 -25.8012 1.60171
-14.3749 -24.798 1.60247
-14.4341 -23.8103 1.58933
-14.4556 -22.8073 1.58751
-14.4961 -21.7814 1.5794
-14.515 -20.7457 1.57457
-14.4893 -19.7438 1.58362
-14.526 -18.7371 1.55702
-14.5044 -17.7563 1.56825
-14.5156 -16.755 1.56722
-14.4808 -15.7507 1.58987
-14.4966 -14.7323 1.58807
-14.4859 -13.7383 1.58852
-14.5089 -12.7275 1.58332
-14.5409 -11.7255 1.58389
-14.5839 -10.6875 1.5914
-14.6101 -9.7301 1.59486
-14.6618 -8.74074 1.60808
-14.6745 -7.75604 1.61752
-14.7304 -6.72624 1.61692
-14.7987 -5.73444 1.62323
-14.8654 -4.73144 1.6239
-13.8718 -4.65853 0.0442149
-12.875 -4.63477 0.048962
-11.8499 -4.59338 0.0434713
-10.8432 -4.54851 0.0379258
-9.85564 -4.53717 0.030878
-8.82333 -4.51875 0.0178955
-7.84718 -4.53359 0.0160887
-6.85071 -4.54095 0.0123067
-5.84312 -4.4851 0.00572292
-4.85267 -4.47705 0.0145463
-3.85665 -4.45276 0.0137059
-2.81164 -4.42234 0.00793534
-1.80847 -4.43594 0.0211832
-0.802536 -4.41495 0.0218433
0.207326 -4.37906 0.0184927
0.212591 -3.41518 1.58336
0.209719 -2.39288 1.56352
0.225569 -1.37747 1.57422
0.218211 -0.345231 1.57228
0.236861 0.676093 1.56896
-0.745253 0.651869 3.13899
-1.72083 0.668483 -3.14054
-2.70761 0.667333 -3.13009
-3.66726 0.625489 -3.12739
-4.69622 0.637432 -3.13478
-5.69105 0.633297 -3.13909
-6.69734 0.635619 -3.13364
-7.70135 0.620807 -3.14035
-8.68751 0.626681 -3.1383
-9.66333 0.612564 -3.13186
-10.6799 0.597824 -3.12146
-11.6541 0.556458 -3.11948
-12.6497 0.52749 -3.12566
-13.6534 0.487816 -3.12906
-14.6557 0.487603 -3.11637
-15.62 0.479685 -3.12419
-16.6253 0.45831 -3.11826
-17.6217 0.462079 -3.10832
-18.6106 0.399834 -3.10324
-19.6046 0.368887 -3.10178
-20.6001 0.360859 -3.12089
-21.5799 0.388999 -3.10362
-22.5599 0.357527 -3.11235
-23.5385 0.308175 -3.11343
-24.562 0.257755 -3.112
-25.5516 0.246332 -3.10645
-26.5669 0.188592 -3.09718
-27.5825 0.160523 -3.08806
-28.5977 0.106953 -3.07989
-29.5825 0.0162664 -3.05873
-30.5937 -0.100441 -3.07221
-31.5706 -0.145557 -3.0803
-32.5761 -0.238787 -3.06006
-33.5869 -0.312084 -3.05769
-34.622 -0.382305 -3.05367
-35.6066 -0.464129 -3.05054
-36.6 -0.551013 -3.05923
-37.5919 -0.630659 -3.06982
-38.5426 -0.714493 -3.07597
-39.5484 -0.769905 -3.07113
-39.4667 -1.75924 -1.52121
-39.4202 -2.74709 -1.52858
-39.3818 -3.73779 -1.54557
-39.3715 -4.72102 -1.56002
-39.3417 -5.70692 -1.56442
-40.362 -5.697 -3.12979
-41.37 -5.67849 -3.12848
-42.3533 -5.6741 -3.12695
-43.343 -5.66997 -3.12309
-44.3501 -5.69086 -3.11222
-45.3646 -5.70401 -3.117
-46.3498 -5.74636 -3.11891
-47.3419 -5.76346 -3.11019
-48.3624 -5.74635 -3.11732
-49.4053 -5.75662 -3.10571
-49.3904 -6.73168 -1.55159
-49.3615 -7.71629 -1.54436
-49.3564 -8.72095 -1.54258
-49.3359 -9.72939 -1.54384
-49.3354 -10.7467 -1.55905
-48.3539 -10.7283 0.00426001
-47.3262 -10.7303 0.00660611
-46.3459 -10.7339 -0.00221436
-45.3359 -10.7615 0.00328498
-44.3494 -10.7841 0.0201151
-44.3567 -11.7953 -1.53972
-44.3426 -12.7853 -1.52256
-44.3053 -13.755 -1.53566
-44.2929 -14.7417 -1.53327
-44.2592 -15.7235 -1.53402
-44.2091 -16.69 -1.53069
-44.1723 -17.6847 -1.52202
-44.1069 -18.6095 -1.53765
-44.1229 -19.5768 -1.52625
-44.0912 -20.5792 -1.5273
-44.0917 -21.5625 -1.53148
-44.0523 -22.5718 -1.55146
-44.07 -23.5596 -1.56421
-44.0656 -24.5392 -1.5672
-44.0764 -25.5318 -1.55563
-44.0646 -26.5162 -1.55493
-44.0647 -27.5018 -1.55467
-44.0533 -28.5243 -1.56346
-44.0498 -29.5284 -1.55418
-44.0091 -30.5115 -1.54206
-43.9971 -31.5301 -1.57104
-44.0195 -32.4735 -1.57875
-44.0592 -33.4572 -1.57876
-44.0931 -34.4301 -1.56944
-44.0526 -35.4436 -1.58052
-44.0668 -36.4836 -1.57402
-44.0837 -37.4628 -1.56602
-44.0716 -38.4819 -1.56928
-44.0816 -39.4834 -1.55578
-44.0777 -40.4951 -1.55941
-44.1155 -41.4642 -1.56391
-44.093 -42.4657 -1.59056
-44.1262 -43.4642 -1.59066
-44.1532 -44.4782 -1.60097
-44.1738 -45.5039 -1.59703
-43.1843 -45.532 -0.0239731
-42.1609 -45.5807 -0.0266197
-41.174 -45.5908 -0.0334956
-40.2084 -45.6271 -0.0168852
-39.2146 -45.6685 -0.0126847
-38.2148 -45.6664 -0.00922393
-37.2025 -45.6964 -0.00101071
-36.1915 -45.6948 -0.0113278
-35.1597 -45.6613 0.00101359
-34.1497 -45.6821 -0.00357167
-34.1397 -44.6778 1.58199
-34.2057 -43.6905 1.55938
-34.2072 -42.6924 1.55406
-34.1944 -41.7096 1.56748
-34.1898 -40.6981 1.56819
-34.1946 -39.7183 1.55943
-34.2066 -38.7231 1.54666
-34.1944 -37.7354 1.54266
-34.1332 -36.734 1.53694
-34.1066 -35.7212 1.5359
-34.1061 -34.7248 1.52892
-34.0662 -33.7445 1.5434
-34.006 -32.7466 1.54281
-33.9928 -31.7479 1.55179
-33.9483 -30.716 1.5448
-33.9239 -29.7208 1.54172
-33.9115 -28.6995 1.55343
-33.9054 -27.6499 1.55426
-33.9065 -26.6602 1.57601
-33.9048 -25.6502 1.56968
-33.8966 -24.6657 1.5745
-33.9083 -23.6736 1.57229
-33.8981 -22.6755 1.56432
-33.9142 -21.6703 1.55379
-33.8908 -20.6795 1.55749
-33.8615 -19.6859 1.55791
-33.8541 -18.6759 1.55827
-33.8719 -17.6787 1.57169
-33.8597 -16.6671 1.56642
-33.8382 -15.6918 1.55792
-34.832 -15.6672 3.11389
-35.8436 -15.6207 3.1117
-36.8091 -15.564 3.10413
-37.8215 -15.5246 3.11207
-38.8164 -15.5383 3.11316
-39.8268 -15.5067 3.11135
-40.803 -15.5235 3.10077
-41.7843 -15.4672 3.09726
-42.8021 -15.4704 3.11317
-43.8131 -15.4399 3.12281
-44.8501 -15.4164 3.12917
-45.8259 -15.3867 3.13231
-46.824 -15.3853 3.13417
-47.8043 -15.3706 -3.12943
-48.8298 -15.3883 -3.13526
-48.8369 -14.423 1.58377
-48.872 -13.4262 1.58058
-48.8703 -12.4471 1.5806
-48.8812 -11.4623 1.5774
-48.8753 -10.4561 1.57711
-48.8735 -9.39316 1.58798
-48.8928 -8.42536 1.58192
-48.9086 -7.43204 1.57735
-48.9336 -6.42594 1.59826
-48.9693 -5.42242 1.61426
-49.0026 -4.40256 1.61054
-49.0531 -3.447 1.62424
-49.0892 -2.46037 1.63535
-49.1486 -1.46914 1.63444
-49.2029 -0.463182 1.64023
-49.2845 0.525548 1.65022
-49.3721 1.5024 1.65129
-49.4559 2.51629 1.66362
-49.5509 3.50417 1.66578
-49.6488 4.48643 1.66
-49.7097 5.50444 1.64496
-49.7901 6.49205 1.63579
-49.851 7.50823 1.63507
-49.903 8.51677 1.6407
-49.9659 9.51658 1.63587
-50.0095 10.5299 1.6272
-50.0637 11.5304 1.59948
-50.0787 12.4854 1.62434
-50.1365 13.493 1.6084
-50.2013 14.5054 1.59576
-50.241 15.5396 1.58887
-50.2592 16.5512 1.59335
-50.2815 17.555 1.57336
-50.2767 18.5379 1.58578
-50.2834 19.551 1.58871
-50.2679 20.5687 1.59798
-50.2612 21.5802 1.61302
-50.3145 22.5906 1.60929
-50.343 23.5708 1.59559
-50.4083 24.5553 1.58746
-50.4549 25.5698 1.57898
-50.4522 26.5844 1.57149
-50.4486 27.5712 1.56909
-50.4505 28.5424 1.56007
-50.4965 29.5727 1.57859
-50.5344 30.5724 1.5796
-50.5367 31.5457 1.58731
-50.5504 32.521 1.58118
-50.576 33.5206 1.58277
-50.566 34.5014 1.57482
-49.5674 34.5227 0.0137232
-48.5745 34.5286 0.0234717
-47.5482 34.5345 0.0217435
-46.5785 34.5599 0.0314639
-45.5869 34.6038 0.025146
-44.6033 34.6167 0.0165951
-43.6083 34.6138 0.0235205
-42.6379 34.6567 0.0202896
-41.6545 34.7037 0.00974801
-40.6376 34.7453 0.00690584
-39.6295 34.7505 0.0141307
-38.6432 34.7834 0.0142836
-37.6601 34.8357 0.0214959
-36.6506 34.8395 0.0250372
-35.6547 34.8769 0.0261457
-34.6617 34.9173 0.0225993
-33.7011 34.9552 0.0298815
-32.6926 34.9177 0.00984383
-31.6978 34.9175 0.0128552
-30.6991 34.9078 0.0195133
-29.7036 34.9348 0.0172249
-28.7196 34.9638 0.0101312
-27.7319 34.9725 0.0118929
-26.739 34.9868 -0.00101315
-25.7531 34.9884 0.00229141
-24.7368 34.9692 0.00790224
-23.6927 34.9566 -0.00105916
-22.6953 34.9676 0.0060896
-21.6927 34.9666 0.00880507
-20.6753 34.9792 0.0168361
-20.6964 35.9857 1.56648
-20.6641 36.9708 1.57338
-20.6751 37.956 1.57614
-20.6693 38.9529 1.57006
-20.7175 39.9605 1.57438
-20.7444 40.9703 1.58815
-20.7781 41.9465 1.5915
-20.7869 42.9203 1.59728
-20.8072 43.9014 1.59759
-20.8469 44.8776 1.61292
-20.9017 45.8993 1.61249
-20.9266 46.8669 1.59926
-20.913 47.8944 1.60816
-20.9712 48.8927 1.6091
-21.0062 49.8551 1.60702
-21.9821 49.8313 -3.08577
-22.9821 49.7607 -3.08672
-23.964 49.7193 -3.09164
-24.9637 49.6684 -3.09461
-25.9678 49.6344 -3.09458
-25.8984 48.6575 -1.53239
-25.8471 47.6421 -1.52478
-25.8556 46.6431 -1.51953
-25.804 45.6372 -1.51887
-25.7636 44.6367 -1.52698
-25.7128 43.6127 -1.54344
-25.671 42.6003 -1.53292
-25.5982 41.6103 -1.52136
-25.539 40.5925 -1.51672
-25.4676 39.5864 -1.50705
-25.4126 38.5672 -1.51674
-25.3783 37.5712 -1.52446
-25.3513 36.5936 -1.51454
-25.2774 35.6361 -1.52471
-25.2161 34.6525 -1.53768
-25.1728 33.6497 -1.54791
-25.1631 32.6485 -1.55635
-25.1584 31.6275 -1.58391
-25.1355 30.5977 -1.58392
-25.1583 29.5745 -1.58058
-25.1638 28.591 -1.58053
-25.2064 27.5971 -1.57504
-25.2146 26.6139 -1.58299
-25.2075 25.5637 -1.56151
-25.1887 24.534 -1.56687
-25.2211 23.5303 -1.55606
-25.2022 22.5065 -1.54087
-25.1518 21.4988 -1.55138
-25.1681 20.5012 -1.54591
-25.1513 19.5309 -1.54854
-25.176 18.5434 -1.52986
-25.1424 17.5399 -1.52213
-25.0811 16.5519 -1.52063
-25.0174 15.5978 -1.54334
-24.9727 14.5701 -1.5585
-24.927 13.5913 -1.55446
-24.9105 12.621 -1.55447
-24.9131 11.5669 -1.56139
-24.8872 10.5906 -1.58179
-24.8932 9.58399 -1.58203
-24.8866 8.5991 -1.57698
-24.8691 7.64769 -1.56325
-24.8615 6.68917 -1.5478
-24.8324 5.695 -1.54643
-24.8078 4.69645 -1.54342
-24.76 3.68092 -1.56176
-24.7182 2.74056 -1.55882
-24.7002 1.72354 -1.54587
-24.6544 0.714093 -1.55164
-24.6283 -0.303651 -1.56247
-24.6396 -1.29267 -1.56098
-24.6322 -2.28553 -1.55597
-24.6386 -3.27083 -1.55328
-24.6228 -4.29135 -1.57969
-24.6189 -5.28833 -1.58899
-24.6819 -6.28601 -1.59171
-24.7007 -7.29524 -1.57188
-24.6847 -8.31258 -1.56857
-24.6879 -9.29652 -1.55899
-24.6945 -10.3227 -1.55815
-24.7086 -11.3574 -1.5452
-24.6737 -12.3735 -1.55159
-24.6661 -13.3939 -1.54209
-24.6455 -14.4012 -1.51773
-24.6073 -15.4096 -1.52155
-25.5889 -15.4403 -3.11032
-26.5732 -15.4819 -3.1241
-27.6152 -15.5326 -3.10203
-28.6813 -15.5609 -3.09588
-29.6819 -15.6505 -3.0841
-30.6843 -15.7218 -3.08769
-31.6953 -15.7737 -3.10075
-32.6629 -15.8142 -3.10011
-33.6378 -15.8629 -3.10327
-34.6604 -15.9006 -3.08553
-34.6165 -16.936 -1.51467
-34.5331 -17.9308 -1.52521
-34.5408 -18.9291 -1.52564
-34.516 -19.916 -1.54594
-34.4567 -20.9108 -1.55984
-34.4049 -21.902 -1.55129
-34.3978 -22.8852 -1.53985
-34.3607 -23.8898 -1.54601
-34.3204 -24.8764 -1.55226
-34.3024 -25.8831 -1.55339
-34.2629 -26.843 -1.54297
-34.2391 -27.8347 -1.53225
-34.2098 -28.8199 -1.53988
-34.1866 -29.8015 -1.54706
-34.1487 -30.8267 -1.56113
-34.1586 -31.8244 -1.55605
-34.1287 -32.8307 -1.55764
-34.1135 -33.826 -1.56455
-34.0727 -34.8256 -1.55897
-34.0878 -35.8142 -1.55508
-34.0892 -36.827 -1.54925
-34.0452 -37.8075 -1.5613
-34.0488 -38.8442 -1.56369
-34.0557 -39.8321 -1.58009
-34.0384 -40.8097 -1.59267
-34.0689 -41.8121 -1.58031
-34.0397 -42.7613 -1.56702
-34.053 -43.7843 -1.5784
-34.0665 -44.8171 -1.57322
-34.0623 -45.8469 -1.57474
-34.0765 -46.839 -1.57134
-34.0587 -47.8558 -1.5839
-34.076 -48.8549 -1.57635
-34.054 -49.8155 -1.5781
-34.0292 -50.8176 -1.56623
-35.0421 -50.8133 -3.11926
-36.0719 -50.8348 -3.12998
-37.0967 -50.8681 -3.13742
-38.0762 -50.8849 3.12021
-39.0685 -50.8654 3.11762
-40.0708 -50.8352 3.11321
-41.0772 -50.8091 3.10652
-42.0637 -50.7711 3.09078
-43.0878 -50.7029 3.1032
-44.0796 -50.6425 3.11116
-45.0581 -50.6103 3.12155
-46.0835 -50.6259 3.10359
-47.1011 -50.6059 3.11684
-48.0775 -50.6092 3.10935
-49.0736 -50.579 3.1104
-49.1477 -51.6075 -1.60032
-49.1934 -52.6037 -1.60037
-49.2093 -53.6094 -1.60379
-49.2523 -54.5971 -1.60455
-49.2962 -55.5868 -1.59793
-48.2945 -55.635 -0.0371599
-47.3215 -55.691 -0.0456939
-46.3292 -55.7156 -0.0703239
-45.3081 -55.7807 -0.0498422
-44.3084 -55.7953 -0.0647552
-44.2248 -54.7646 1.51253
-44.1733 -53.7863 1.51898
-44.076 -52.7918 1.51808
-44.015 -51.7575 1.51004
-43.9382 -50.7923 1.51122
-43.8795 -49.8121 1.51375
-43.8417 -48.799 1.5348
-43.8294 -47.7837 1.5465
-43.7792 -46.7513 1.54217
-43.7611 -45.767 1.5577
-42.7931 -45.788 -0.00300255
-41.8362 -45.7689 0.00567545
-40.8195 -45.7286 -0.00462452
-39.8422 -45.7496 -0.00123388
-38.8271 -45.761 -0.00336931
-37.8787 -45.7653 -0.00629453
-36.9002 -45.7891 -0.00626214
-35.9265 -45.7837 -0.00828188
-34.9194 -45.7879 0.0130865
-33.9252 -45.7698 0.011566
-32.9234 -45.7585 -0.00198468
-31.9595 -45.7606 -0.00886676
-30.9992 -45.8182 -0.00332087
-30.0181 -45.7852 0.0166621
-29.0288 -45.8037 -0.00168638
-28.0311 -45.8072 -0.00671424
-26.9999 -45.8316 0.00101082
-26.0028 -45.8391 0.00605344
-25.0287 -45.8295 0.00597726
-24.0653 -45.8361 -0.00538161
-23.059 -45.8277 0.00342695
-22.0782 -45.8286 0.00677228
-21.0657 -45.8363 0.00332364
-20.0619 -45.8671 0.0225177
-19.0661 -45.838 0.0112949
-18.0607 -45.8308 0.00818388
-17.0749 -45.7872 0.0164052
-16.0741 -45.7708 0.0141384
-15.0782 -45.7642 0.0111727
-14.0894 -45.7404 0.00501544
-13.0987 -45.7231 0.00290966
-12.1214 -45.7186 0.00259184
-11.142 -45.7302 -0.000769471
-10.1372 -45.7367 0.0177118
-9.14486 -45.6968 0.010997
-8.17422 -45.6975 0.00978185
-7.16638 -45.7026 0.0137615
-6.17345 -45.6882 0.0024192
-5.19197 -45.6755 0.00135614
-4.16808 -45.674 0.0060396
-3.19535 -45.6688 -0.0121551
-2.21774 -45.6772 -0.0249924
-1.21505 -45.6946 -0.0238809
-0.185065 -45.7034 -0.025769
0.81669 -45.7692 -0.00848628
1.85544 -45.7823 -0.0085213
2.82626 -45.7686 -0.0160689
3.81815 -45.7728 -0.0385594
4.82636 -45.8118 -0.0276062
5.87418 -45.843 -0.0199229
6.86591 -45.87 -0.0349306
7.87898 -45.8862 -0.0212735
8.86799 -45.9261 -0.0187914
9.86641 -45.9048 -0.0161448
10.8738 -45.9449 -0.0167699
11.8686 -45.9717 -0.0077509
12.9093 -45.9733 -0.0133435
13.8774 -45.9934 -0.00603858
14.8725 -45.9851 -0.00885233
15.8739 -46.0155 -0.00914684
16.8631 -46.0319 -0.00282342
17.8626 -46.0364 -0.00625006
18.8769 -46.0651 -0.0042249
19.86 -46.0953 -0.00798327
20.8605 -46.1096 -0.00709793
21.8459 -46.1061 0.00552384
22.8307 -46.1153 0.00143805
23.8046 -46.1388 -0.00212568
24.7854 -46.1357 0.00755251
25.8318 -46.1546 0.0196618
25.8547 -47.1864 -1.5506
25.8646 -48.1985 -1.5484
25.8935 -49.2405 -1.55209
25.905 -50.2119 -1.55816
25.8936 -51.2012 -1.55135
26.877 -51.1993 0.0250482
27.877 -51.1708 0.0164528
28.8795 -51.1616 0.0230717
29.9344 -51.1266 0.0210315
30.9538 -51.119 0.023939
31.9513 -51.1067 0.0344414
32.9576 -51.0479 0.0641618
33.9386 -50.9958 0.0651838
34.941 -50.959 0.064984
35.9401 -50.8936 0.0671241
36.9056 -50.857 0.0633508
37.9535 -50.7949 0.0590327
38.9556 -50.7189 0.0605057
39.9331 -50.6442 0.0675174
40.9254 -50.5959 0.057719
41.9467 -50.5295 0.0737694
42.941 -50.486 0.0748936
43.8783 -50.423 0.0620494
44.8487 -50.4004 0.0590795
45.7963 -50.3596 0.0564868
46.816 -50.3261 0.0552194
47.825 -50.2515 0.0640584
48.7999 -50.1756 0.0621616
49.8105 -50.1165 0.0594683
50.813 -50.058 0.0587465
50.8001 -49.0752 1.61616
50.7318 -48.0685 1.60333
50.7313 -47.0712 1.59214
50.7513 -46.0721 1.5974
50.7562 -45.0565 1.60208
50.7079 -44.0551 1.59662
50.688 -43.0726 1.60475
50.6877 -42.0887 1.60404
50.6557 -41.0994 1.59926
50.6186 -40.111 1.58687
50.6054 -39.089 1.59247
50.5836 -38.0692 1.59173
50.5288 -37.0685 1.59407
50.4981 -36.0662 1.59144
50.4858 -35.0767 1.59251
50.4712 -34.1116 1.60018
50.4698 -33.0936 1.59635
50.4828 -32.1062 1.60613
50.4347 -31.1471 1.59258
50.4035 -30.1212 1.59985
50.3518 -29.127 1.59406
50.3178 -28.113 1.58423
50.2683 -27.1111 1.58973
50.2515 -26.1679 1.58374
50.2469 -25.1704 1.57472
50.2067 -24.172 1.56983
50.1706 -23.1883 1.57821
50.1688 -22.142 1.56982
50.1464 -21.1193 1.58152
50.1272 -20.1312 1.5766
50.1085 -19.1092 1.60629
50.1035 -18.1004 1.59471
50.0639 -17.1278 1.59581
50.0281 -16.1487 1.60332
49.9944 -15.1349 1.58299
49.982 -14.1231 1.57266
49.9415 -13.115 1.5771
49.9464 -12.1304 1.575
49.9686 -11.129 1.56976
49.9849 -10.1273 1.56484
50.0084 -9.14608 1.57004
50.0255 -8.13827 1.56244
50.0366 -7.1173 1.54704
50.0356 -6.16136 1.55214
50.0653 -5.18174 1.55622
50.071 -4.13946 1.54727
50.0839 -3.09376 1.56147
50.1211 -2.06479 1.56982
50.1201 -1.05808 1.57828
50.126 -0.0817148 1.58975
49.1065 -0.112314 -3.1379
48.121 -0.0941731 -3.1326
47.1276 -0.101764 -3.13146
46.1093 -0.0938803 -3.13799
45.1414 -0.111262 3.13536
44.1175 -0.0894308 3.13466
43.0942 -0.107521 3.13688
42.0982 -0.124917 3.13043
41.1068 -0.134936 -3.134
40.0916 -0.146793 -3.13099
39.0572 -0.182734 -3.14132
38.0676 -0.197487 -3.12183
37.0984 -0.209825 -3.13473
36.0924 -0.256166 -3.12755
35.0842 -0.296867 -3.10771
34.082 -0.343436 -3.08351
33.0365 -0.415914 -3.08462
32.0572 -0.502364 -3.07912
31.0554 -0.56138 -3.08278
30.0481 -0.625481 -3.0927
29.0677 -0.687821 -3.10311
28.0494 -0.695677 -3.11583
27.0552 -0.690163 -3.10354
26.0748 -0.715039 -3.09513
25.0643 -0.768683 -3.09262
24.0818 -0.839556 -3.09117
23.0859 -0.870708 -3.08039
22.1084 -0.946634 -3.09157
21.1245 -1.01545 -3.10603
20.1272 -1.06313 -3.10592
19.0894 -1.12442 -3.11158
18.0851 -1.1728 -3.10524
17.0821 -1.20344 -3.11329
16.0963 -1.21148 -3.13063
15.0712 -1.24639 3.13546
15.0957 -0.267959 1.57165
15.0956 0.753366 1.59517
15.0528 1.72737 1.59708
15.0519 2.71732 1.59788
15.0253 3.71718 1.60009
15.0451 4.71334 1.59016
14.9995 5.70847 1.57238
14.9876 6.70978 1.55502
15.0455 7.7402 1.55619
15.0562 8.73722 1.55935
15.0657 9.70163 1.57512
15.0859 10.698 1.57335
15.115 11.6732 1.56289
15.1527 12.6635 1.57585
15.172 13.6706 1.5652
15.1685 14.6853 1.57203
15.1332 15.7091 1.59433
15.1123 16.7208 1.59911
15.1081 17.7129 1.5945
15.0718 18.6989 1.59941
15.0485 19.6769 1.59859
15.0581 20.6941 1.59082
15.0694 21.6618 1.58798
15.0627 22.6743 1.58568
15.0983 23.6786 1.59159
16.111 23.6827 0.0160298
17.1146 23.7024 0.021648
18.1075 23.7278 0.0327505
19.0945 23.7788 0.0392419
20.1151 23.8191 0.0374938
21.1277 23.8836 0.0311973
22.0944 23.8921 0.0179009
23.0593 23.8933 0.0267509
24.0623 23.9187 0.0215296
25.0357 23.9663 0.0121101
26.0509 23.9749 0.0159502
27.0437 24.0052 0.019152
28.0746 23.9907 0.0161727
29.0235 23.9951 0.0156899
30.0464 24.0011 0.0157062
31.0519 24.0578 0.0156704
32.061 24.0758 0.0207549
33.0619 24.1025 0.0130613
34.0589 24.1193 0.0147173
35.0572 24.1513 0.0180617
36.0509 24.2111 0.011927
37.0254 24.2295 0.0128995
38.0335 24.2346 0.0218892
39.04 24.2402 0.0232471
40.0328 24.2914 0.020994
41.056 24.3458 0.0299941
42.0588 24.398 0.00718736
43.0304 24.3909 -0.00413375
44.0248 24.3976 -0.0158906
45.0292 24.3812 -0.00246103
46.0368 24.381 -0.0118791
47.0569 24.3828 -0.0204652
48.04 24.3394 -0.0274956
49.0516 24.3398 -0.00910751
50.0242 24.3091 -0.0027441
50.035 25.3029 1.57983
50.022 26.2945 1.57617
50.0379 27.3151 1.58618
50.0298 28.3038 1.60501
50.0073 29.3035 1.61168
49.9596 30.3053 1.61064
49.8862 31.2853 1.61183
49.8485 32.275 1.59552
49.8294 33.242 1.5935
49.7985 34.2399 1.59366
49.7739 35.2369 1.57979
49.7657 36.2527 1.58355
49.7437 37.2501 1.5807
49.7021 38.246 1.58597
49.7367 39.2316 1.58889
49.7633 40.1972 1.56675
49.7647 41.167 1.56471
49.7056 42.1569 1.56753
49.6882 43.1834 1.59106
49.6853 44.2162 1.59831
49.6776 45.1983 1.59305
49.6478 46.1715 1.59118
49.6226 47.145 1.58805
49.6096 48.1462 1.5888
49.6035 49.1551 1.57436
48.6038 49.1178 -3.13274
47.6215 49.0928 3.14142
46.6195 49.0941 3.13591
45.6312 49.0699 -3.1332
44.616 49.0517 -3.13069
43.6089 49.0246 -3.13158
42.5966 49.0212 -3.13819
41.5729 49.0287 3.12779
40.5579 49.0479 3.1147
39.5697 49.0936 3.12047
38.5757 49.0923 3.13528
37.5638 49.0708 3.13951
36.543 49.0749 -3.1326
35.558 49.0625 3.13533
34.5466 49.0628 -3.138
33.5799 49.0544 -3.13958
32.5655 49.0346 3.14127
31.5379 49.0321 3.1319
30.5501 49.0551 -3.13439
29.5379 49.0654 -3.13829
28.5098 49.0315 -3.12731
27.5295 49.0298 -3.12823
26.5654 49.0203 -3.12601
25.5961 48.9981 3.14125
24.6028 48.9844 3.13185
23.6036 48.9267 3.12024
22.591 48.9274 3.11938
21.6005 48.936 3.11067
20.5936 48.9704 3.10978
19.5868 49.0021 3.09611
18.5831 49.047 3.1078
17.603 49.0413 3.1094
16.5838 49.0733 3.09906
15.5678 49.0988 3.09026
14.5804 49.1075 3.09008
13.5991 49.1126 3.09438
12.595 49.1638 3.10503
11.603 49.2208 3.11471
10.5719 49.249 3.10183
9.59607 49.2984 3.1133
8.61915 49.3232 3.13035
7.63819 49.33 3.12873
6.63955 49.3572 3.12341
5.65301 49.374 3.13394
4.63128 49.3698 3.13202
3.61195 49.4256 -3.13605
2.59727 49.4093 3.13889
1.57843 49.4346 3.13719
0.587577 49.4355 3.13575
-0.413549 49.45 3.13719
-1.41626 49.4355 -3.12257
-2.40075 49.416 -3.13512
-3.40914 49.402 -3.13106
-4.39496 49.3985 -3.13831
-5.39017 49.3849 -3.13046
-6.39201 49.3942 -3.13088
-7.40434 49.3724 3.13554
-8.39757 49.3707 3.11979
-9.37052 49.4107 3.12279
-10.3477 49.4324 3.12255
-11.3222 49.4178 3.12381
-12.3168 49.4594 3.11551
-13.31 49.5033 3.13954
-14.3183 49.4719 3.13667
-15.3452 49.4532 3.14151
-16.3254 49.4712 -3.13497
-17.3155 49.4168 -3.14116
-18.299 49.4141 -3.13481
-19.3204 49.3994 3.13608
-20.3059 49.4006 3.13504
-20.3096 48.4078 -1.57446
-20.2983 47.4226 -1.58615
-20.2972 46.429 -1.60166
-20.3463 45.4347 -1.59653
-20.371 44.5022 -1.58573
-19.3855 44.5015 -0.0126145
-18.3809 44.5072 -0.00892001
-17.3897 44.4758 -0.0155427
-16.4057 44.4642 0.00090259
-15.3941 44.4605 0.0100217
-14.3974 44.4625 0.0233943
-13.4 44.5071 0.0255303
-12.4043 44.5284 0.00965457
-11.4039 44.5173 0.0280288
-10.3912 44.5558 0.0251343
-10.3683 43.5632 -1.55715
-10.3397 42.5348 -1.56054
-10.3105 41.4942 -1.56077
-10.3145 40.4853 -1.55151
-10.3086 39.4993 -1.54684
-10.2976 38.4942 -1.53869
-10.2779 37.5007 -1.52905
-10.235 36.5163 -1.52356
-10.1643 35.5088 -1.52016
-10.0788 34.4987 -1.50032
-10.009 33.4614 -1.50471
-9.94474 32.468 -1.52956
-9.89159 31.4551 -1.52134
-9.84756 30.4608 -1.52914
-9.82117 29.4722 -1.52963
-9.79842 28.4879 -1.53081
-9.7823 27.4698 -1.52603
-9.69221 26.452 -1.52846
-9.67071 25.4414 -1.52284
-9.59551 24.4331 -1.52106
-10.5931 24.4051 -3.11119
-11.596 24.3785 -3.10711
-12.5657 24.3496 -3.11806
-13.5772 24.3285 -3.12108
-14.6062 24.3109 -3.13284
-14.6032 23.2628 -1.57068
-14.5903 22.2578 -1.57669
-14.6069 21.2403 -1.57215
-14.5951 20.2644 -1.5768
-14.5786 19.2457 -1.59132
-14.5783 18.2439 -1.60658
-14.6442 17.2362 -1.58465
-14.6415 16.2775 -1.58686
-14.6734 15.3124 -1.59956
-14.6948 14.3139 -1.60867
-13.7203 14.2737 -0.0436182
-12.7124 14.2435 -0.0395172
-11.7621 14.1915 -0.0407853
-10.7752 14.1383 -0.0340697
-9.73526 14.1002 -0.020351
-8.75244 14.051 -0.0139884
-7.77752 14.0456 -0.0047351
-6.81358 13.9846 -0.00086439
-5.84455 13.9921 0.0019964
-4.88012 13.9792 0.00610709
-3.89522 13.9783 0.00720816
-2.90756 13.9471 0.0082476
-1.91405 13.9275 0.00164264
-0.91501 13.9323 0.00384397
0.0519938 13.9476 0.00357871
0.0724007 14.9478 1.58665
0.0458957 15.9018 1.58756
0.0482885 16.8958 1.5896
0.00743364 17.8997 1.58393
-0.016455 18.9481 1.57192
0.996158 18.9925 0.00944138
1.97007 18.9987 0.0129282
2.97823 19.0277 0.0101967
3.98436 19.03 0.0132924
4.98365 19.0153 0.0095218
5.9751 19.0059 0.00242152
6.98681 19.0222 0.00641143
8.00194 19.0324 -0.0063347
9.01233 19.0252 -0.0097587
10.0074 19.0103 -0.0200401
10.9992 18.9735 -0.0186921
12.0045 18.959 -0.0160072
12.9918 18.9495 -0.00469639
13.9862 18.9679 -0.0076738
15.0045 18.9572 -0.011972
15.0124 19.942 1.57351
15.0202 20.9518 1.56634
14.9846 21.9464 1.5795
14.9482 22.9846 1.57975
14.9892 24.0016 1.57474
14.9698 25.018 1.58101
14.9553 26.0061 1.56641
14.9693 26.9941 1.55836
14.968 28.0119 1.55927
15.007 29.0187 1.56041
15.0259 30.0292 1.56576
15.0124 31.0411 1.54659
15.0483 32.0593 1.54658
15.0828 33.0853 1.55666
15.094 34.1161 1.54987
15.087 35.0988 1.53038
15.1481 36.0818 1.54288
15.1787 37.0784 1.55008
15.1961 38.0917 1.55422
15.2059 39.1149 1.56768
15.2423 40.0948 1.56547
15.3008 41.09 1.56198
15.297 42.0992 1.54684
15.3153 43.1114 1.5536
15.3106 44.0992 1.56699
15.299 45.0865 1.56425
15.31 46.0938 1.55808
15.3101 47.061 1.5537
15.3225 48.0659 1.54701
15.3256 49.097 1.53588
16.3087 49.0541 -0.0507064
17.3238 48.9998 -0.0522211
18.3333 48.9583 -0.0428851
19.3349 48.9271 -0.044141
20.3586 48.8535 -0.0350858
21.3243 48.8102 -0.0288771
22.3117 48.8106 -0.0158558
23.3594 48.7944 -0.00529851
24.3849 48.7916 0.00964081
25.3476 48.7766 0.00443115
26.3408 48.7645 0.00105156
27.3483 48.7979 -0.00423313
28.3205 48.7931 -0.00217696
29.2633 48.7765 0.00744238
30.2859 48.7657 0.00492244
31.2845 48.7719 -0.0106541
32.2944 48.7518 -0.00585539
33.3263 48.7281 0.000513292
34.3454 48.7369 -0.0208402
35.358 48.7282 -0.0273317
35.3479 47.734 -1.59662
35.2945 46.7188 -1.58569
35.3046 45.7151 -1.58845
35.271 44.7353 -1.58001
35.2851 43.7709 -1.58514
35.2586 42.7664 -1.59363
35.2365 41.766 -1.6051
35.2173 40.7811 -1.61614
35.1996 39.7898 -1.62245
35.1551 38.8013 -1.61075
35.1002 37.789 -1.59791
35.0536 36.8054 -1.59583
34.9875 35.8318 -1.58627
34.9226 34.8023 -1.58962
34.884 33.8052 -1.58541
33.8983 33.8086 3.12975
32.909 33.806 3.12923
31.9013 33.7937 3.12241
30.9102 33.8635 3.12454
29.9035 33.863 3.12149
28.9116 33.8723 3.11987
27.9036 33.8931 3.10077
26.9116 33.9606 3.10798
25.9131 34.0269 3.10798
24.9445 34.0684 3.12646
23.9144 34.073 3.11598
22.9028 34.0906 3.13035
21.8837 34.1242 3.12747
20.8808 34.1301 3.12131
19.8515 34.1148 3.1222
18.8244 34.147 3.12618
17.8014 34.167 3.13576
16.8186 34.2031 -3.14107
15.8308 34.2064 3.1341
14.8592 34.2176 3.13179
13.8584 34.2067 -3.13945
12.839 34.2058 3.13451
11.8352 34.2187 3.12042
10.8336 34.2529 3.11621
9.80416 34.2849 3.11679
8.79155 34.2894 3.11262
7.83386 34.3079 3.10665
6.81713 34.2807 3.1027
5.8178 34.3225 3.10806
4.78391 34.3644 3.09711
3.80483 34.3762 3.10552
2.76572 34.4276 3.1091
1.72541 34.4565 3.11597
0.691688 34.4953 3.10281
-0.318846 34.568 3.10022
-0.35994 33.561 -1.61181
-0.396302 32.5324 -1.6226
-0.437111 31.5358 -1.60883
-0.519375 30.5568 -1.61955
-0.579722 29.5619 -1.61059
-1.57775 29.6312 3.0978
-2.59247 29.6898 3.10577
-3.63245 29.715 3.11271
-4.67135 29.7771 3.11381
-5.68335 29.825 3.10475
-6.66367 29.8694 3.11505
-7.69388 29.853 3.12623
-8.67818 29.8639 3.12059
-9.68031 29.8901 -3.13944
-10.7068 29.8535 3.1298
-11.7076 29.8567 -3.13739
-12.6632 29.8631 3.14125
-13.6332 29.8576 3.13674
-14.6431 29.8647 -3.13808
-15.6388 29.8898 3.13624
-16.6536 29.8895 3.12227
-17.629 29.8856 3.13817
-18.646 29.8808 3.12919
-19.6711 29.8912 3.12704
-20.6607 29.9055 3.11902
-21.6468 29.921 3.11282
-22.6348 29.9318 3.10717
-23.6417 29.9931 3.1103
-24.6369 30.012 3.11177
-25.6403 30.0861 3.12151
-26.6209 30.1345 3.12718
-27.6583 30.0974 3.13486
-28.6567 30.1023 -3.13184
-29.6788 30.1283 -3.13789
-30.657 30.1342 -3.12714
-31.6742 30.1331 -3.14049
-32.6844 30.1316 -3.13104
-33.6828 30.1234 -3.14012
-34.6851 30.0993 -3.12011
-35.7064 30.0893 -3.12606
-36.7103 30.0598 -3.10777
-37.7103 30.0432 -3.11203
-38.709 30.0114 -3.14138
-39.7453 30.0088 -3.13265
-40.7598 30.0096 3.13714
-41.7384 30.0185 -3.12835
-42.7235 29.9659 -3.13357
-43.6999 29.9563 -3.12527
-44.7368 29.9412 -3.12281
-45.7367 29.9019 -3.12834
-46.7308 29.8933 -3.12042
-47.7218 29.8691 -3.13254
-48.7286 29.8911 -3.13204
-49.7196 29.8694 -3.1331
-50.7118 29.8672 -3.13348
-50.7329 30.8513 1.58041
-50.7388 31.8294 1.58332
-50.763 32.7972 1.56033
-50.7328 33.8063 1.55522
-50.7345 34.7874 1.56653
-50.7129 35.8001 1.562
-50.7246 36.8317 1.55497
-50.7009 37.8413 1.55239
-50.7121 38.8821 1.56713
-50.7127 39.8457 1.58837
-50.7427 40.8747 1.57389
-50.7679 41.8669 1.5604
-50.7226 42.8659 1.56843
-50.7222 43.8638 1.56122
-50.6936 44.8669 1.56088
-49.7074 44.867 -0.00615357
-48.7211 44.8579 -0.00951908
-47.7443 44.8435 -0.0233507
-46.7538 44.8137 -0.0338686
-45.7563 44.7621 -0.0358398
-44.7739 44.7319 -0.0328818
-43.7663 44.6643 -0.0288452
-42.7536 44.601 -0.0334345
-41.7689 44.5737 -0.0240931
-40.761 44.5465 -0.0110952
-39.7262 44.5265 -0.0208852
-38.7071 44.5027 -0.017636
-37.681 44.4415 -0.0243053
-36.6959 44.3791 -0.0296225
-35.6723 44.3485 -0.0341949
-34.649 44.293 -0.027908
-33.6378 44.259 -0.0218128
-32.6594 44.2203 -0.0364329
-31.647 44.1989 -0.0253792
-30.6263 44.1799 -0.0074574
-29.6306 44.169 0.00195139
-28.6728 44.1758 0.0138903
-27.6808 44.1872 0.0199059
-26.6987 44.1547 0.0127396
-25.7024 44.1928 0.0174731
-24.7162 44.2288 0.0379384
-23.7119 44.2558 0.0451052
-22.6727 44.3218 0.0504335
-21.6426 44.3898 0.045364
-20.6239 44.4422 0.027031
-19.6299 44.4597 0.00974454
-18.6286 44.484 0.00652453
-17.6302 44.5006 0.00242999
-16.6019 44.518 -0.00535754
-15.6217 44.5268 -0.0119663
-14.6291 44.4527 -0.0095816
-13.6383 44.4135 -0.00701287
-12.6099 44.4115 -0.00073639
-11.5835 44.4338 0.0107912
-10.5725 44.4463 -0.0043556
-9.61389 44.407 -0.00619021
-8.64541 44.4115 -0.00280049
-7.63005 44.4058 -0.00330633
-6.62373 44.3975 0.0138916
-5.62165 44.4138 0.0256898
-4.5867 44.432 0.0192891
-3.61435 44.4471 -0.0099931
-2.58798 44.434 -0.00239108
-1.61577 44.4401 -0.00905902
-0.595365 44.4446 -0.0089107
0.399018 44.4573 -0.000299145
1.38641 44.4462 0.00559811
2.36007 44.4178 0.0114485
3.37572 44.4334 -0.00306442
4.37562 44.4137 -0.0208812
5.38927 44.4025 -0.0153222
6.38795 44.4315 -0.0220342
7.37459 44.4058 -0.0112031
8.36115 44.3797 0.000276864
9.31189 44.3708 0.007006
10.2883 44.3783 0.0119871
11.2973 44.3738 0.00478156
12.3255 44.3598 0.0218336
13.34 44.3804 0.0352469
14.3649 44.4118 0.0334364
14.4041 43.4025 -1.53625
14.4252 42.4527 -1.51705
14.4656 41.4741 -1.52157
14.5481 40.4677 -1.5249
14.5775 39.4647 -1.51776
14.6243 38.4619 -1.52965
14.6734 37.4531 -1.52644
14.7458 36.4522 -1.5313
14.7595 35.4439 -1.53376
14.8145 34.4185 -1.53146
14.849 33.4198 -1.51373
14.9018 32.385 -1.51988
14.9334 31.397 -1.52317
14.9809 30.3614 -1.52993
15.0491 29.3275 -1.52953
15.1038 28.3146 -1.5486
15.1077 27.3223 -1.56535
15.1023 26.3269 -1.56428
15.1368 25.3216 -1.54908
15.192 24.335 -1.56493
15.1832 23.3267 -1.5683
15.1918 22.3214 -1.56388
15.1684 21.2922 -1.55877
15.1624 20.2732 -1.57675
15.1519 19.2778 -1.56247
15.1825 18.2757 -1.56763
15.1943 17.2847 -1.57311
15.1516 16.3182 -1.56557
15.1829 15.3379 -1.55753
15.2029 14.3235 -1.55532
14.177 14.2951 -3.11545
13.1819 14.2978 -3.12498
12.1869 14.3019 -3.12093
11.1729 14.2649 -3.12129
10.1841 14.2615 -3.12122
9.19406 14.2258 -3.13166
8.19599 14.2074 -3.12168
7.1938 14.1595 -3.12311
6.16052 14.1321 3.13839
5.19611 14.1213 3.12554
5.17495 15.1031 1.56563
5.18507 16.0949 1.56478
5.20283 17.0725 1.56253
5.22583 18.1027 1.57315
5.19978 19.1108 1.56162
5.20381 20.1132 1.5654
5.23585 21.1261 1.56039
5.20534 22.1372 1.56625
5.23537 23.1519 1.58128
5.21403 24.1374 1.58434
5.20502 25.1176 1.58412
5.1794 26.0931 1.58562
5.14564 27.0944 1.58075
5.15525 28.1148 1.58662
5.12695 29.1281 1.5873
5.08853 30.1104 1.56502
5.09444 31.1023 1.56102
5.07441 32.1122 1.54381
5.09393 33.1455 1.52845
5.15188 34.1707 1.53475
5.22356 35.2141 1.55023
5.24989 36.1864 1.53623
5.25145 37.1863 1.53991
5.28706 38.1391 1.55505
5.31443 39.1252 1.55124
5.33609 40.1136 1.54053
5.36309 41.0841 1.54333
5.38393 42.0866 1.5533
5.37938 43.096 1.56739
5.38038 44.1104 1.57217
5.36111 45.1255 1.56979
5.40141 46.0971 1.57644
5.36845 47.1251 1.58257
5.34036 48.1412 1.60433
5.32374 49.1765 1.60074
6.35516 49.2083 0.015025
7.34151 49.2486 0.024279
8.33299 49.2731 0.0179398
9.33415 49.2715 0.0302155
10.3382 49.3154 0.0348153
10.3695 48.291 -1.53711
10.4211 47.3004 -1.54207
10.4729 46.2877 -1.55851
10.5053 45.3311 -1.55238
10.5192 44.3479 -1.54245
10.5265 43.3638 -1.54474
10.5739 42.379 -1.56995
10.5889 41.3914 -1.58098
10.6195 40.3888 -1.57549
10.5929 39.3993 -1.57426
10.5911 38.3919 -1.58092
10.556 37.4166 -1.59082
10.5372 36.3857 -1.59895
10.4928 35.416 -1.6249
10.4594 34.4148 -1.61998
10.4137 33.4383 -1.61691
10.3711 32.4154 -1.6111
10.3304 31.4241 -1.61787
10.2833 30.4012 -1.61412
10.2821 29.3769 -1.60548
10.262 28.3698 -1.60601
10.2289 27.3476 -1.61352
10.1643 26.3353 -1.59333
10.1554 25.3352 -1.57933
10.1916 24.3136 -1.56896
10.1548 23.3167 -1.5755
10.1948 22.3218 -1.59536
10.1734 21.3306 -1.59513
10.1736 20.3289 -1.60171
10.1262 19.32 -1.57938
10.1358 18.3211 -1.57346
10.1419 17.318 -1.57133
10.1688 16.3359 -1.58891
10.1656 15.3667 -1.59086
10.1255 14.355 -1.59541
10.0683 13.322 -1.60965
10.0318 12.3123 -1.60605
10.0394 11.3011 -1.60168
10.0011 10.3458 -1.60417
9.96209 9.3588 -1.61265
9.91261 8.37712 -1.61817
9.85051 7.3662 -1.60959
9.83591 6.37934 -1.58999
9.82359 5.33559 -1.57604
9.81382 4.31755 -1.5599
9.83827 3.31166 -1.54912
9.85173 2.30112 -1.54009
9.8888 1.29443 -1.54773
9.90573 0.283664 -1.54815
9.93127 -0.697855 -1.56615
9.93651 -1.68748 -1.55664
9.91027 -2.67344 -1.55554
9.9336 -3.71916 -1.55206
9.97592 -4.71864 -1.54627
10.0121 -5.72494 -1.56418
10.012 -6.74394 -1.57151
10.0084 -7.74697 -1.56439
9.99969 -8.72042 -1.5615
10.0145 -9.70882 -1.54735
10.026 -10.6746 -1.54835
11.0417 -10.6032 0.0198659
12.0626 -10.5961 0.0216997
13.0346 -10.5855 0.0289199
13.9934 -10.5842 0.0265423
14.9348 -10.5575 0.0273996
15.9446 -10.5487 0.019927
16.9812 -10.5245 0.00989975
18.0327 -10.502 0.00473842
19.0457 -10.4758 0.00247633
19.9738 -10.4835 -0.0177179
20.9885 -10.4366 -0.0177012
21.9992 -10.435 -0.0116256
22.9628 -10.4373 -0.0149659
23.9873 -10.467 -0.00712969
25.0082 -10.4611 -0.000145016
26.0064 -10.4509 -0.0045962
27.0272 -10.4287 -0.0127536
28.0158 -10.4615 -0.0138268
29.0096 -10.4965 -0.026403
30.0257 -10.5093 -0.00920797
31.0233 -10.536 -0.0249713
32.0369 -10.55 -0.0222202
33.0063 -10.5573 -0.0213802
33.9836 -10.5853 -0.0235266
34.9867 -10.6012 -0.00491836
36.0003 -10.6183 -0.0188874
37.0151 -10.6871 -0.00748656
37.995 -10.7003 -0.0107273
39.0025 -10.7401 -0.0107416
39.9928 -10.7474 -0.00375412
40.9802 -10.7547 0.0157163
41.9624 -10.7521 0.0305323
42.9536 -10.7355 0.0463313
43.9358 -10.7065 0.0486463
44.8951 -10.6495 0.0506057
45.9007 -10.584 0.0516301
46.9216 -10.5436 0.0409814
47.9047 -10.5442 0.0232789
48.924 -10.4956 0.0276033
49.8969 -10.4473 0.0313889
49.9149 -11.4454 -1.54233
49.9254 -12.4282 -1.52939
49.9496 -13.4178 -1.53303
49.9781 -14.4313 -1.52541
50.0173 -15.4365 -1.53076
50.0894 -16.4198 -1.52432
50.1545 -17.4147 -1.52626
50.1811 -18.3887 -1.52754
50.2127 -19.3937 -1.53938
50.2607 -20.4173 -1.55498
50.274 -21.4497 -1.54167
50.2983 -22.4573 -1.54404
50.3105 -23.4421 -1.54265
50.3261 -24.4337 -1.53958
50.3223 -25.4316 -1.54594
50.3755 -26.4556 -1.5606
50.3742 -27.4344 -1.55738
50.404 -28.4487 -1.57032
50.3961 -29.4509 -1.57987
50.4023 -30.437 -1.58363
50.3981 -31.4538 -1.56257
50.4243 -32.4613 -1.56762
50.3794 -33.4509 -1.56416
50.3945 -34.4649 -1.5613
50.3977 -35.4334 -1.55483
50.4225 -36.4319 -1.54507
50.4806 -37.4524 -1.54029
50.5093 -38.4449 -1.53373
50.5538 -39.4513 -1.5275
50.6178 -40.4828 -1.53547
50.6327 -41.4706 -1.53389
50.6487 -42.5143 -1.53434
50.698 -43.5109 -1.54319
50.7475 -44.5057 -1.55297
50.7652 -45.5168 -1.55848
50.7787 -46.5073 -1.54864
50.8243 -47.4904 -1.54738
50.8192 -48.5084 -1.55526
50.8478 -49.4879 -1.53787
50.8577 -50.4744 -1.53186
49.8562 -50.488 -3.11244
48.8658 -50.4823 -3.1186
47.8731 -50.5015 -3.11436
46.8913 -50.4993 -3.12025
45.887 -50.5178 -3.11018
45.951 -51.5016 -1.52826
45.9851 -52.5221 -1.53135
46.0129 -53.547 -1.53716
46.0254 -54.5547 -1.52591
46.0748 -55.5789 -1.5302
47.1041 -55.5702 0.0528122
48.0926 -55.527 0.0487416
49.0987 -55.4798 0.0376857
50.077 -55.4305 0.0464792
51.083 -55.4155 0.0659061
51.0422 -54.3732 1.62786
50.9853 -53.3469 1.61311
50.9321 -52.3408 1.60026
50.9269 -51.3465 1.60202
50.9143 -50.3524 1.60861
50.8781 -49.3694 1.59886
50.8456 -48.353 1.59696
50.8301 -47.3703 1.59626
50.8169 -46.3975 1.59759
50.7817 -45.3831 1.5931
50.735 -44.4133 1.60256
50.7287 -43.3875 1.61648
50.6764 -42.3758 1.6196
50.6478 -41.4036 1.61459
50.6266 -40.4156 1.60023
50.5594 -39.44 1.57683
50.5805 -38.4164 1.56548
50.5508 -37.4197 1.56903
50.5221 -36.4049 1.57154
50.529 -35.4119 1.58055
50.4955 -34.4191 1.56435
50.4926 -33.3916 1.57431
50.4579 -32.3919 1.57698
50.472 -31.4249 1.56025
50.4882 -30.4067 1.57658
50.4887 -29.4037 1.58085
50.4654 -28.3724 1.5745
50.4493 -27.3515 1.58251
50.429 -26.352 1.57602
50.4523 -25.3251 1.5725
50.4345 -24.3071 1.56727
50.4184 -23.3377 1.55721
50.4647 -22.3461 1.56104
50.4617 -21.329 1.5572
50.4883 -20.3173 1.56608
50.4565 -19.3187 1.57097
50.451 -18.318 1.58096
50.4672 -17.319 1.58306
50.4086 -16.3147 1.59383
50.3789 -15.3017 1.58558
50.3542 -14.3121 1.5894
50.3473 -13.3126 1.58984
50.3205 -12.3042 1.58839
50.2727 -11.3058 1.5862
50.2424 -10.2791 1.59124
50.2444 -9.26364 1.5793
50.2365 -8.2548 1.57413
50.2679 -7.26348 1.58251
50.2497 -6.30515 1.57946
50.2364 -5.27361 1.57522
50.2796 -4.26238 1.58273
50.2561 -3.23804 1.58086
50.256 -2.19367 1.58093
50.215 -1.2097 1.5878
50.2045 -0.187554 1.58901
49.2023 -0.187398 -3.11377
48.1963 -0.20819 -3.10754
47.1808 -0.277504 -3.10151
46.1979 -0.332553 -3.11514
45.2021 -0.375364 -3.12057
44.163 -0.413933 -3.12699
43.1712 -0.412467 -3.12365
42.1846 -0.440551 -3.12785
41.1638 -0.42877 3.1386
40.1527 -0.411943 -3.13885
39.1621 -0.445588 3.14044
38.1626 -0.4509 3.13794
37.1537 -0.453543 3.13255
36.1625 -0.452945 3.13366
35.1321 -0.431834 3.1282
34.1131 -0.422874 3.13316
33.1295 -0.392877 3.13691
32.1684 -0.404347 -3.11508
31.1317 -0.423338 -3.11753
30.1108 -0.453091 -3.13042
29.0894 -0.456753 3.13539
28.1042 -0.471105 3.12561
27.0666 -0.431626 3.12225
26.0703 -0.41944 3.12087
25.0691 -0.396038 3.10765
24.0787 -0.350265 3.11654
23.0486 -0.321385 3.12487
22.0504 -0.27988 3.12515
21.0557 -0.273278 -3.13436
20.0767 -0.291551 -3.12724
19.0747 -0.280324 -3.13916
18.0727 -0.29101 3.13719
17.0648 -0.296494 3.13195
16.077 -0.255266 -3.13272
15.0645 -0.302893 -3.1342
14.0456 -0.352949 -3.13329
13.0374 -0.357392 -3.12839
12.0483 -0.3669 -3.12284
11.0052 -0.391 -3.12203
9.98668 -0.406179 -3.12284
8.98542 -0.415907 -3.12644
7.98968 -0.407829 -3.11797
7.00078 -0.423622 -3.12826
6.02556 -0.40683 -3.11652
5.02262 -0.405134 -3.12649
4.03532 -0.433235 -3.13433
3.04733 -0.416124 3.13484
2.04671 -0.412512 3.13873
1.07242 -0.383123 -3.12921
0.076963 -0.432327 -3.12843
-0.934352 -0.430847 -3.14067
-1.97839 -0.420043 -3.13508
-2.97545 -0.423108 -3.13185
-3.97294 -0.432619 3.14045
-5.00637 -0.416065 -3.13227
-5.9853 -0.41315 3.13291
-6.97471 -0.395082 3.14035
-8.00827 -0.404375 3.1346
-9.02725 -0.406183 -3.14132
-10.0662 -0.420641 3.13015
-11.0629 -0.43757 -3.13048
-12.0991 -0.428786 -3.1295
-13.1051 -0.42448 -3.13281
-14.0804 -0.454741 -3.14096
-15.0787 -0.448547 3.12672
-16.0763 -0.485106 3.13236
-17.0856 -0.499729 3.13142
-18.0761 -0.509186 3.11984
-19.0869 -0.479249 3.12496
-20.0833 -0.457045 3.12646
-20.1169 -1.45461 -1.59139
-20.1515 -2.44427 -1.59474
-20.1601 -3.45711 -1.58575
-20.2471 -4.44334 -1.5817
-20.2574 -5.42611 -1.57304
-19.2494 -5.42405 -0.0166522
-18.2248 -5.44435 -0.0207466
-17.1993 -5.47081 -0.0366471
-16.1764 -5.50502 -0.0293258
-15.1723 -5.50706 -0.0232874
-15.1759 -4.50337 1.54794
-15.1156 -3.5237 1.54495
-15.0979 -2.53676 1.54164
-15.0529 -1.55872 1.52552
-15.0117 -0.564603 1.53235
-14.9577 0.419723 1.54162
-14.9383 1.42444 1.52332
-14.8824 2.44228 1.5182
-14.8784 3.43291 1.52125
-14.8471 4.43413 1.53863
-14.8049 5.46227 1.53048
-14.8189 6.4463 1.51587
-14.7546 7.44101 1.51316
-14.7232 8.44725 1.51435
-14.6893 9.40837 1.52657
-14.6433 10.418 1.53873
-14.5973 11.4479 1.53501
-14.5455 12.4484 1.53564
-14.5082 13.437 1.53328
-14.4766 14.4047 1.53868
-13.4917 14.375 -0.0406352
-12.501 14.3606 -0.0362653
-11.524 14.3133 -0.0414413
-10.5346 14.2815 -0.0567496
-9.53555 14.2264 -0.0471412
-8.55838 14.1626 -0.0489451
-7.56578 14.1115 -0.0546579
-6.59156 14.1019 -0.0521474
-5.64256 14.0407 -0.0446561
-4.66582 14.0049 -0.0393508
-3.64678 13.9996 -0.0144643
-2.64726 13.995 -0.00772725
-1.64206 13.9874 -0.0073249
-0.628113 13.9891 -0.0128347
0.363695 13.9854 -0.00267993
1.36617 13.9982 -0.025677
2.40579 13.9369 -0.0260262
3.39557 13.8954 -0.0232335
4.39121 13.8885 -0.0309318
5.37275 13.8814 -0.0320655
6.34688 13.8469 -0.0234596
7.3435 13.8754 -0.0196711
8.34147 13.8435 -0.0236718
9.2986 13.8331 -0.0234566
10.3022 13.818 -0.00859007
11.3252 13.8077 -0.00678699
12.3158 13.7947 -0.00559266
13.3256 13.7764 -0.00709103
14.3359 13.7855 -0.0073453
15.3554 13.7882 -0.00722328
16.3441 13.7981 -0.0174724
17.3824 13.8002 -0.0200916
18.4097 13.7723 -0.0161852
19.4382 13.766 -0.00891213
20.4169 13.7724 -0.000268235
21.4522 13.805 0.00106191
22.4772 13.7909 -0.00637626
23.4883 13.7963 -0.00269119
24.4798 13.7843 0.0145833
25.4852 13.8232 0.0227143
26.4623 13.8553 0.0247379
27.4478 13.8923 0.0397087
28.4705 13.8984 0.0432019
29.4877 13.9463 0.0540009
30.4794 14.0238 0.0656473
31.4887 14.0654 0.0701632
32.4384 14.099 0.0573224
33.3935 14.1719 0.0545934
34.399 14.2111 0.0666349
35.4032 14.2751 0.0738143
36.3907 14.3926 0.0610292
37.3932 14.4424 0.0687284
38.4066 14.5315 0.0658246
39.4343 14.5904 0.05743
40.4133 14.6611 0.0678095
41.4182 14.7729 0.0583
42.4417 14.8444 0.0483951
43.4442 14.8931 0.0418033
44.4294 14.9058 0.0335039
45.4432 14.9409 0.0377129
46.4421 14.9746 0.0490398
47.4405 15.0276 0.035404
48.4275 15.0614 0.0328331
49.4404 15.1041 0.0290323
50.4815 15.1035 0.0288053
50.4973 14.1314 -1.54209
50.5342 13.1562 -1.52728
50.6117 12.1788 -1.52095
50.6752 11.1899 -1.53283
50.6955 10.2071 -1.53253
49.6792 10.1445 -3.12157
48.6627 10.1415 -3.11914
47.6731 10.078 -3.11913
46.671 10.0261 -3.12281
45.6616 10.0024 -3.11687
44.6935 9.94508 -3.12004
43.6963 9.92554 -3.11113
42.72 9.91309 -3.10916
41.7386 9.87148 -3.1177
40.7645 9.86701 -3.11918
39.7725 9.8476 -3.11164
38.7629 9.84647 -3.09813
37.7497 9.79035 -3.10866
36.7844 9.73935 -3.1072
35.7627 9.72117 -3.09592
34.757 9.68076 -3.11908
33.7851 9.64754 -3.12136
32.7842 9.62494 -3.12482
31.7932 9.61897 -3.11807
30.8188 9.59212 -3.12216
30.8383 8.61552 -1.55067
30.8142 7.62144 -1.55579
30.8154 6.62842 -1.56467
30.795 5.62095 -1.54192
30.8507 4.58512 -1.54059
31.849 4.59019 0.0170744
32.8497 4.62299 0.0151791
33.869 4.65943 0.0104493
34.921 4.68164 0.0120438
35.9457 4.68698 0.00631432
36.9314 4.68632 0.0146651
37.9247 4.70983 0.0131774
38.9334 4.74365 0.0254654
39.9242 4.7475 0.0258203
40.9444 4.74401 0.0331693
40.9324 5.73683 1.60597
40.8727 6.72455 1.62483
40.8361 7.70509 1.60506
40.7905 8.69365 1.60892
40.7397 9.68746 1.595
40.6935 10.6925 1.58972
40.6613 11.6936 1.58529
40.6842 12.6911 1.58913
40.6279 13.6677 1.59417
40.5981 14.6732 1.60029
40.5432 15.6733 1.59776
40.5145 16.669 1.60984
40.4711 17.6677 1.61753
40.4253 18.6483 1.60456
40.4212 19.6808 1.6086
40.3445 20.6636 1.61685
40.2987 21.6578 1.61164
40.2663 22.6524 1.60802
40.2184 23.6463 1.60273
40.2028 24.6436 1.5858
40.169 25.6755 1.58829
40.1657 26.6747 1.59594
40.1402 27.6698 1.59088
40.0945 28.6322 1.58621
40.0797 29.651 1.56565
40.0447 30.6707 1.56709
40.0474 31.6821 1.57174
40.0539 32.6986 1.57388
40.0517 33.689 1.54388
40.0516 34.6907 1.5428
40.0878 35.7061 1.53416
40.1072 36.7017 1.54013
40.1586 37.7111 1.53546
40.1759 38.6958 1.52807
40.2289 39.6883 1.51924
40.279 40.6837 1.52706
40.3585 41.6986 1.5422
40.4091 42.6977 1.54468
40.4406 43.6929 1.54848
40.4407 44.6856 1.54105
40.4559 45.7232 1.53889
40.5192 46.7236 1.55311
40.5267 47.7385 1.53523
40.5806 48.7425 1.53754
40.5845 49.7733 1.51012
41.5783 49.7007 -0.0412503
42.565 49.7087 -0.0381788
43.5493 49.7057 -0.0421085
44.5464 49.6942 -0.0331489
45.5502 49.649 -0.0419568
46.5625 49.5964 -0.046865
47.5875 49.5681 -0.0307224
48.5959 49.5364 -0.0234975
49.5792 49.5267 -0.0391993
50.5755 49.5068 -0.0414256
50.5369 48.5259 -1.60687
50.4594 47.556 -1.60174
50.4661 46.5266 -1.61316
50.4336 45.5529 -1.59477
50.3704 44.5608 -1.59723
49.3522 44.5672 3.12856
48.3453 44.5647 3.11747
47.3283 44.6344 3.10373
46.3545 44.6541 3.11493
45.3505 44.6742 3.10553
45.2942 43.6802 -1.59198
45.2639 42.692 -1.58357
45.2493 41.7026 -1.57791
45.232 40.6935 -1.57327
45.2329 39.662 -1.56737
45.2367 38.6734 -1.56038
45.2549 37.6894 -1.56032
45.2834 36.6786 -1.57096
45.2898 35.6698 -1.56707
45.2724 34.6437 -1.57512
46.2431 34.5814 -0.0116752
47.2505 34.5695 0.000949241
48.276 34.5733 0.0077493
49.2681 34.5852 -0.000838865
50.2522 34.6058 -0.000238606
50.2541 33.6226 -1.5903
50.2045 32.5908 -1.59315
50.1897 31.5878 -1.59782
50.1666 30.5931 -1.60634
50.1115 29.6082 -1.59145
50.0968 28.5654 -1.59269
50.0828 27.5616 -1.58271
50.0686 26.5795 -1.57915
50.0147 25.5734 -1.56762
50.0134 24.5553 -1.57825
50.0127 23.5494 -1.57875
49.9729 22.5762 -1.5786
49.9562 21.5461 -1.58003
49.9567 20.5588 -1.57542
49.9233 19.5825 -1.57638
49.9116 18.6034 -1.56724
49.9134 17.5906 -1.57471
49.9195 16.5837 -1.58531
49.9107 15.5718 -1.58791
49.8915 14.5498 -1.61077
49.8532 13.5519 -1.59948
49.821 12.5625 -1.58557
49.8214 11.572 -1.59098
49.7837 10.5703 -1.59023
49.7539 9.53677 -1.57229
50.7802 9.51303 -0.00519272
51.7776 9.48602 0.00470555
52.7958 9.45336 0.00406309
53.8114 9.45242 0.00246975
54.807 9.45282 0.00906508
54.8162 8.45059 -1.55787
54.8378 7.43827 -1.5547
54.853 6.45106 -1.55579
54.8446 5.45436 -1.55674
54.8673 4.45661 -1.53658
54.9245 3.42813 -1.53462
54.9585 2.41704 -1.53514
54.9998 1.41783 -1.54414
55.0177 0.386707 -1.53691
55.0495 -0.605923 -1.54082
55.0918 -1.57264 -1.53525
55.1207 -2.56591 -1.54161
55.155 -3.59495 -1.53213
55.184 -4.62284 -1.53309
55.2076 -5.60974 -1.554
55.2066 -6.61532 -1.56608
55.214 -7.60603 -1.57924
55.2053 -8.62781 -1.57676
55.1946 -9.63756 -1.60721
55.1506 -10.6548 -1.6177
55.083 -11.6433 -1.61133
55.0517 -12.6326 -1.6147
55.0103 -13.6237 -1.61489
54.9973 -14.6452 -1.626
54.9052 -15.6928 -1.61898
54.8594 -16.6475 -1.62411
54.8149 -17.6438 -1.6147
54.7819 -18.6234 -1.59693
54.7237 -19.5903 -1.58403
54.7398 -20.5577 -1.58686
54.7444 -21.5242 -1.60246
54.7177 -22.5617 -1.59519
54.6668 -23.5782 -1.59428
54.6423 -24.5883 -1.60235
54.6085 -25.5939 -1.60279
54.565 -26.578 -1.58398
54.5258 -27.6208 -1.58077
54.5176 -28.6238 -1.57584
54.4837 -29.6035 -1.57922
54.511 -30.648 -1.59296
54.4934 -31.6593 -1.58807
54.4978 -32.6451 -1.57668
54.4907 -33.6224 -1.58299
54.5089 -34.6261 -1.60051
54.4797 -35.6149 -1.58844
54.5077 -36.5698 -1.61081
54.4738 -37.5528 -1.60079
54.434 -38.5561 -1.59754
54.3753 -39.566 -1.60179
54.369 -40.5975 -1.60733
54.3717 -41.5969 -1.60968
54.3289 -42.5929 -1.61821
54.3096 -43.5885 -1.60844
54.2951 -44.5929 -1.59921
54.2893 -45.6044 -1.59339
54.244 -46.5777 -1.59454
54.2103 -47.5385 -1.58534
54.2112 -48.5576 -1.58929
54.1734 -49.5392 -1.59236
54.1395 -50.5213 -1.59738
53.1264 -50.478 3.10986
52.1351 -50.4753 3.09418
51.1436 -50.4041 3.11114
50.1417 -50.3602 3.10616
49.1367 -50.3208 3.11135
48.132 -50.2788 3.11472
47.1241 -50.2776 3.10112
46.1249 -50.2347 3.09715
45.1224 -50.1715 3.08506
44.1312 -50.1427 3.07791
44.1801 -49.137 1.49868
44.2267 -48.1276 1.50055
44.3005 -47.1292 1.49507
44.398 -46.1435 1.51248
44.4525 -45.1472 1.50334
44.509 -44.1582 1.50297
44.5763 -43.1486 1.50264
44.6726 -42.1424 1.49877
44.7505 -41.1172 1.50789
44.7884 -40.1476 1.50335
44.8717 -39.102 1.49377
44.9269 -38.121 1.49223
45.011 -37.1459 1.47781
45.088 -36.1129 1.4794
45.1991 -35.1199 1.4884
45.2879 -34.1086 1.52033
45.3637 -33.1033 1.54114
45.3889 -32.0924 1.53663
45.4592 -31.1256 1.5542
45.4484 -30.1168 1.54804
45.4933 -29.0875 1.55584
45.4935 -28.0718 1.54965
45.5245 -27.0628 1.55783
45.5214 -26.0425 1.55476
45.5683 -25.0515 1.57295
45.5567 -24.0515 1.56293
45.5633 -23.0414 1.57112
45.5552 -22.0613 1.56419
45.5829 -21.0205 1.56385
45.5986 -20.0426 1.5564
44.5982 -20.0209 3.13484
43.5891 -20.0423 3.13779
42.5759 -19.9997 3.1337
41.6142 -19.9791 3.12962
40.6103 -19.9886 3.12333
39.5988 -20.0027 3.12705
38.5955 -19.9988 3.1228
37.5693 -19.9998 3.13036
36.5689 -19.9727 3.13835
35.5538 -20.0026 -3.13091
34.5626 -20.035 -3.12231
33.5912 -20.0492 -3.12079
32.6003 -20.0595 -3.10876
31.5976 -20.0614 -3.10364
30.6045 -20.1178 -3.09918
29.5908 -20.1824 -3.10842
28.5871 -20.2384 -3.10967
27.5744 -20.2675 -3.10716
26.5855 -20.2697 -3.10354
25.6221 -20.2976 -3.09581
24.6375 -20.3614 -3.10858
23.6613 -20.4194 -3.1081
22.6504 -20.4332 -3.11616
21.6554 -20.4223 -3.12407
20.6691 -20.4607 -3.11917
19.6952 -20.4663 -3.11253
18.7109 -20.5103 -3.11318
17.7374 -20.5572 -3.09413
16.7401 -20.6081 -3.10403
15.7194 -20.657 -3.13265
14.7223 -20.6625 -3.10699
13.7182 -20.6803 -3.1048
12.7448 -20.737 -3.09569
11.7603 -20.7849 -3.10137
10.7654 -20.8186 -3.12658
9.77764 -20.8129 -3.12248
8.77667 -20.8101 -3.1252
7.78374 -20.8289 -3.12165
6.77568 -20.855 -3.1361
5.75968 -20.8746 -3.13789
4.76206 -20.8577 -3.13519
3.759 -20.8501 -3.11908
2.74956 -20.8561 -3.12903
1.75854 -20.8506 -3.14002
0.780318 -20.8742 -3.13987
-0.240837 -20.8898 -3.12835
-1.25046 -20.9084 -3.12561
-2.24752 -20.9389 -3.13187
-3.21404 -20.9559 -3.12059
-4.21026 -20.9791 -3.13851
-5.24302 -21.0027 -3.11759
-6.20621 -21.0432 3.14094
-7.21507 -21.043 -3.13277
-8.20641 -21.0435 -3.13855
-9.22004 -21.0364 3.12841
-9.24687 -22.0441 -1.57456
-9.24754 -23.044 -1.58267
-9.22636 -24.0426 -1.58663
-9.24233 -24.9756 -1.60148
-9.26386 -25.9582 -1.59
-9.27523 -26.9915 -1.57169
-9.259 -27.9926 -1.59267
-9.29897 -28.9598 -1.58735
-9.2893 -29.9698 -1.57724
-9.34785 -30.955 -1.58057
-9.33167 -31.9291 -1.57941
-9.34613 -32.9438 -1.5947
-9.36653 -33.9158 -1.59303
-9.36557 -34.9071 -1.5955
-9.37868 -35.9306 -1.59447
-8.36201 -35.9172 -0.0155914
-7.33884 -35.9666 -0.00462597
-6.33492 -35.9446 -0.00522721
-5.34135 -35.9763 -0.00701357
-4.33302 -35.9842 0.000293698
-3.30579 -35.983 0.00864111
-2.29525 -35.9787 -0.00855674
-1.31887 -35.992 0.00442068
-0.319472 -35.9723 0.00471346
0.674406 -35.9673 -0.00472248
1.65698 -35.9599 -0.0194329
2.64525 -35.9584 -0.0287735
3.6401 -35.9781 -0.0299342
4.65457 -36.0321 -0.0269881
5.66639 -36.105 -0.0184124
6.6806 -36.1231 -0.0199065
7.68656 -36.1433 -0.0172681
8.67828 -36.1771 -0.0193916
9.7064 -36.2547 -0.00993432
10.7056 -36.3016 -0.0217377
11.6837 -36.3262 -0.0123492
12.7055 -36.3456 -0.00601753
13.7144 -36.363 0.00447657
14.7486 -36.3619 -0.00253414
15.7683 -36.3544 -0.00417336
16.7801 -36.3359 0.00926146
17.79 -36.3378 0.00334581
18.8054 -36.2962 0.00599248
19.8156 -36.2973 0.00777665
20.8363 -36.2687 -0.0071117
21.8558 -36.2819 -0.00644055
22.8365 -36.2961 -0.00104623
23.8314 -36.2935 0.0022947
24.7937 -36.2664 0.0161841
25.772 -36.2458 0.0165215
26.7717 -36.2561 0.00442494
27.7546 -36.2248 0.00853071
28.74 -36.2286 0.00468377
29.7244 -36.2273 -0.00863197
30.7303 -36.2263 0.0156054
31.7304 -36.2111 0.00873132
32.7558 -36.186 0.0214157
33.7446 -36.1776 0.0415777
34.7159 -36.1432 0.0691928
35.7318 -36.0494 0.0712494
35.8158 -37.0502 -1.50109
35.8806 -38.0346 -1.50442
35.9695 -39.0271 -1.50291
36.0408 -40.0239 -1.50486
36.0682 -41.0445 -1.50134
37.0239 -40.9727 0.0649307
38.0053 -40.8919 0.0489342
39.0137 -40.8134 0.0511179
40.0427 -40.7877 0.0420331
41.0525 -40.7491 0.0477491
42.0502 -40.6991 0.0561982
43.0635 -40.6449 0.0575681
44.0527 -40.6137 0.0534182
45.077 -40.5632 0.0409697
46.1166 -40.5295 0.0445448
47.1228 -40.4287 0.0237901
48.1495 -40.4048 0.0292107
49.1589 -40.3838 0.0100246
50.1804 -40.3764 0.0134909
51.183 -40.3529 -0.0069589
51.1784 -39.3566 1.56364
51.1775 -38.3444 1.57148
51.1884 -37.363 1.56902
51.1885 -36.3547 1.58182
51.1715 -35.3643 1.58255
51.1601 -34.3667 1.58084
51.1681 -33.4246 1.58195
51.1766 -32.4078 1.59008
51.1559 -31.4143 1.58688
51.1108 -30.411 1.5778
50.1122 -30.4219 -3.13069
49.0951 -30.4247 -3.13124
48.106 -30.4226 -3.13187
47.1071 -30.4436 -3.13782
46.1284 -30.4377 -3.13715
45.1169 -30.4357 3.13569
44.1259 -30.4297 3.11959
43.1355 -30.4269 3.12798
42.1154 -30.3956 3.12517
41.1385 -30.3789 3.1262
40.1299 -30.3865 3.13133
39.1169 -30.3524 3.13869
38.1525 -30.3758 3.14062
37.139 -30.3681 -3.13828
36.1358 -30.3863 3.13735
36.1544 -31.3887 -1.57215
36.1511 -32.3719 -1.58047
36.1232 -33.3871 -1.59806
36.1292 -34.3568 -1.59785
36.1268 -35.3364 -1.58223
36.0982 -36.3107 -1.58214
36.0627 -37.3097 -1.5921
36.0386 -38.3078 -1.59075
36.0221 -39.3302 -1.58159
36.0006 -40.3263 -1.58219
35.9986 -41.3469 -1.59141
35.9614 -42.3292 -1.58914
35.9615 -43.338 -1.59513
35.9501 -44.3394 -1.58652
35.9434 -45.361 -1.57349
35.915 -46.4191 -1.54203
35.9495 -47.4215 -1.53332
35.9534 -48.4029 -1.52468
36.044 -49.3617 -1.53544
36.0444 -50.3587 -1.54174
35.0383 -50.3414 -3.12257
34.048 -50.3635 -3.12108
33.0727 -50.4079 -3.1201
32.0675 -50.4231 -3.13023
31.0282 -50.4262 -3.11133
30.0503 -50.4526 -3.11527
29.045 -50.4839 -3.10999
28.0477 -50.489 -3.11338
27.0605 -50.5171 -3.11792
26.0487 -50.5067 -3.13054
25.0688 -50.4933 -3.13808
24.0226 -50.5236 -3.14072
23.0218 -50.5029 -3.13491
22.0139 -50.5264 -3.1362
21.03 -50.5291 -3.1222
20.0312 -50.5013 -3.12158
19.034 -50.5746 -3.10468
18.0205 -50.6212 -3.11463
17.057 -50.6926 -3.10189
16.0537 -50.6954 -3.09926
16.0677 -51.6793 -1.53382
16.1017 -52.71 -1.54175
16.1313 -53.7302 -1.53673
16.1311 -54.7087 -1.53449
16.1449 -55.7142 -1.52675
15.1651 -55.7139 -3.10237
14.1821 -55.7512 -3.10033
13.1795 -55.8162 -3.10442
12.1586 -55.8522 -3.10659
11.1367 -55.8598 -3.0988
10.1731 -55.9276 -3.10335
9.15892 -55.9784 -3.11035
8.18131 -56.0261 -3.10703
7.15446 -56.0188 -3.11671
6.17086 -56.044 -3.13032
5.18362 -56.0515 -3.12773
4.18224 -56.0552 -3.13257
3.20916 -56.047 -3.12928
2.20754 -56.0529 -3.1387
1.20592 -56.0582 -3.12761
0.196903 -56.0858 3.13258
-0.825217 -56.1055 3.12883
-1.82783 -56.076 3.13286
-2.80357 -56.0392 3.1373
-3.81339 -56.043 3.13729
-4.7864 -56.0728 3.14121
-5.78861 -56.0817 -3.13353
-6.78866 -56.1128 3.13554
-7.79211 -56.0911 3.12921
-8.81189 -56.086 3.12317
-9.8454 -56.0706 3.11512
-10.8404 -56.0414 -3.13955
-11.8393 -56.0594 3.13976
-12.8618 -56.0693 -3.13717
-13.8915 -56.0852 3.13768
-14.914 -56.1223 3.14018
-15.9208 -56.1372 3.13652
-16.8854 -56.1523 3.11947
-17.8838 -56.1376 3.12815
-18.8636 -56.1417 3.12902
-19.8722 -56.1365 3.13163
-20.8604 -56.1577 3.1387
-21.895 -56.1471 3.13956
-22.9423 -56.1132 3.13805
-23.937 -56.1153 3.12527
-23.8988 -55.1393 1.55076
-23.8867 -54.1457 1.56378
-23.8965 -53.1268 1.55287
-23.8965 -52.1207 1.55316
-23.8761 -51.1213 1.54239
-24.9082 -51.0868 3.10338
-25.8966 -51.0293 3.10879
-26.8938 -51.0406 3.09601
-27.9291 -51.0254 3.09246
-28.9321 -50.9811 3.08116
-29.9078 -50.8768 3.085
-30.8993 -50.843 3.08574
-31.9083 -50.8138 3.09779
-32.8989 -50.8206 3.08281
-33.8923 -50.7994 3.09081
-33.9392 -51.8039 -1.62445
-33.9896 -52.7726 -1.62052
-34.0367 -53.7972 -1.60923
-34.0759 -54.7798 -1.61015
-34.1277 -55.7328 -1.60779
-35.0994 -55.678 3.10357
-36.1192 -55.6596 3.11011
-37.134 -55.614 3.08975
-38.0967 -55.5646 3.08615
-39.0812 -55.54 3.09259
-40.0819 -55.4816 3.09166
-41.0906 -55.4327 3.08543
-42.1095 -55.3645 3.09747
-43.1125 -55.3189 3.08192
-44.1239 -55.2347 3.09419
-45.1182 -55.2119 3.10628
-46.1185 -55.19 3.11366
-47.1436 -55.1563 3.13628
-48.1198 -55.1616 3.12578
-49.1378 -55.1631 3.13045
-49.1313 -54.1499 1.57032
-49.144 -53.1304 1.58157
-49.1586 -52.1434 1.58363
-49.1887 -51.1432 1.59102
-49.189 -50.1465 1.58951
-49.2132 -49.1429 1.5794
-49.2775 -48.1565 1.58867
-49.3088 -47.1526 1.58252
-49.3422 -46.1579 1.57176
-49.3297 -45.148 1.54808
-49.277 -44.1212 1.54713
-49.2617 -43.1106 1.55894
-49.2916 -42.1174 1.54687
-49.2616 -41.1495 1.5632
-49.2226 -40.1163 1.57492
-49.2155 -39.1599 1.5804
-49.2211 -38.1637 1.58261
-49.1947 -37.1378 1.57889
-49.2023 -36.1341 1.57565
-49.215 -35.092 1.57097
-48.2146 -35.0812 -0.00584442
-47.2325 -35.0903 -0.00274597
-46.2406 -35.0769 -0.00187475
-45.2239 -35.0866 -0.0083098
-44.266 -35.0888 0.00256887
-44.2483 -34.0994 1.5881
-44.2898 -33.107 1.58864
-44.3118 -32.1018 1.59068
-44.3426 -31.0915 1.59383
-44.3749 -30.0971 1.60066
-44.407 -29.1071 1.61608
-44.4042 -28.1209 1.61469
-44.4661 -27.0937 1.60038
-44.5088 -26.1279 1.61947
-44.5939 -25.128 1.61812
-44.6121 -24.0958 1.61237
-44.6237 -23.0907 1.60866
-44.6709 -22.0833 1.58583
-44.6774 -21.0638 1.59657
-44.7331 -20.0453 1.59426
-44.7772 -19.0348 1.58741
-44.8354 -18.0321 1.58921
-44.8628 -17.007 1.58572
-44.8807 -15.994 1.57406
-44.8446 -14.9772 1.59077
-44.8582 -13.9726 1.57387
-44.8366 -13.0159 1.57789
-44.8435 -12.0272 1.57623
